date,open,high,low,close,adj_close,volume,dividends,stock_splits,ticker,ret_1d,nrc_anger,nrc_anticipation,nrc_disgust,nrc_fear,nrc_joy,nrc_sadness,nrc_surprise,nrc_trust,nrc_positive,nrc_negative,nrc_net_sentiment,hf_neutral_score,hf_negative_score,hf_very_negative_score,hf_very_positive_score,hf_positive_score,fb_negative_score,fb_neutral_score,fb_positive_score,fb_net_sentiment,n_posts,nrc_anger_lag1,nrc_anticipation_lag1,nrc_disgust_lag1,nrc_fear_lag1,nrc_joy_lag1,nrc_sadness_lag1,nrc_surprise_lag1,nrc_trust_lag1,nrc_positive_lag1,nrc_negative_lag1,nrc_net_sentiment_lag1,hf_neutral_score_lag1,hf_negative_score_lag1,hf_very_negative_score_lag1,hf_very_positive_score_lag1,hf_positive_score_lag1,fb_negative_score_lag1,fb_neutral_score_lag1,fb_positive_score_lag1,fb_net_sentiment_lag1,n_posts_lag1
2023-01-03,66.0,66.87999725341797,63.59000015258789,64.0199966430664,64.0199966430664,46851800.0,,,AMD,,0.11382113821138211,0.35772357723577236,0.08130081300813008,0.1951219512195122,0.21138211382113822,0.17073170731707318,0.12195121951219512,0.4146341463414634,0.7398373983739838,0.3983739837398374,0.34146341463414637,0.6075455284552845,0.2335341463414634,0.043444715447154475,0.03229593495934959,0.08318617886178861,0.1636829268292683,0.6905813008130082,0.14573983739837398,-0.01794308943089431,123.0,,,,,,,,,,,,,,,,,,,,,
2023-01-04,65.0,65.79000091552734,63.310001373291016,64.66000366210938,64.66000366210938,47477100.0,,,AMD,0.0099969861387407,0.1702127659574468,0.3404255319148936,0.1702127659574468,0.23404255319148937,0.14893617021276595,0.19148936170212766,0.10638297872340426,0.425531914893617,0.6808510638297872,0.3404255319148936,0.3404255319148936,0.669663829787234,0.1757595744680851,0.04168085106382979,0.03004255319148936,0.08285531914893617,0.13729787234042554,0.7365021276595745,0.12621276595744682,-0.011085106382978719,47.0,0.11382113821138211,0.35772357723577236,0.08130081300813008,0.1951219512195122,0.21138211382113822,0.17073170731707318,0.12195121951219512,0.4146341463414634,0.7398373983739838,0.3983739837398374,0.34146341463414637,0.6075455284552845,0.2335341463414634,0.043444715447154475,0.03229593495934959,0.08318617886178861,0.1636829268292683,0.6905813008130082,0.14573983739837398,-0.01794308943089431,123.0
2023-01-05,64.1500015258789,64.3499984741211,62.29999923706055,62.33000183105469,62.33000183105469,46159500.0,,,AMD,-0.0360346690239992,0.10638297872340426,0.2765957446808511,0.0,0.2127659574468085,0.06382978723404255,0.1276595744680851,0.0425531914893617,0.3829787234042553,0.6382978723404256,0.3191489361702128,0.3191489361702128,0.6754787234042553,0.1662531914893617,0.035812765957446806,0.03981489361702128,0.08265531914893617,0.1347723404255319,0.727031914893617,0.13818936170212767,0.0034170212765957404,47.0,0.1702127659574468,0.3404255319148936,0.1702127659574468,0.23404255319148937,0.14893617021276595,0.19148936170212766,0.10638297872340426,0.425531914893617,0.6808510638297872,0.3404255319148936,0.3404255319148936,0.669663829787234,0.1757595744680851,0.04168085106382979,0.03004255319148936,0.08285531914893617,0.13729787234042554,0.7365021276595745,0.12621276595744682,-0.011085106382978719,47.0
2023-01-06,63.150001525878906,64.30000305175781,60.04999923706055,63.959999084472656,63.959999084472656,70161300.0,,,AMD,0.0261510862431237,0.14285714285714285,0.4642857142857143,0.14285714285714285,0.03571428571428571,0.03571428571428571,0.17857142857142858,0.03571428571428571,0.32142857142857145,0.6428571428571429,0.21428571428571427,0.42857142857142855,0.655875,0.21595357142857144,0.031214285714285715,0.02772142857142857,0.06924285714285715,0.09895714285714285,0.7748999999999999,0.12615357142857142,0.027196428571428573,28.0,0.10638297872340426,0.2765957446808511,0.0,0.2127659574468085,0.06382978723404255,0.1276595744680851,0.0425531914893617,0.3829787234042553,0.6382978723404256,0.3191489361702128,0.3191489361702128,0.6754787234042553,0.1662531914893617,0.035812765957446806,0.03981489361702128,0.08265531914893617,0.1347723404255319,0.727031914893617,0.13818936170212767,0.0034170212765957404,47.0
2023-01-09,66.22000122070312,69.31999969482422,65.66999816894531,67.23999786376953,67.23999786376953,69741300.0,,,AMD,0.0512820329306906,0.09243697478991597,0.31092436974789917,0.06722689075630252,0.12605042016806722,0.09243697478991597,0.17647058823529413,0.09243697478991597,0.36134453781512604,0.5210084033613446,0.31932773109243695,0.20168067226890757,0.5832369747899159,0.2409294117647059,0.04597142857142857,0.04098403361344538,0.08887394957983194,0.14976218487394957,0.7273159663865546,0.12292268907563025,-0.026839495798319325,119.0,0.14285714285714285,0.4642857142857143,0.14285714285714285,0.03571428571428571,0.03571428571428571,0.17857142857142858,0.03571428571428571,0.32142857142857145,0.6428571428571429,0.21428571428571427,0.42857142857142855,0.655875,0.21595357142857144,0.031214285714285715,0.02772142857142857,0.06924285714285715,0.09895714285714285,0.7748999999999999,0.12615357142857142,0.027196428571428573,28.0
2023-01-10,66.66999816894531,68.1500015258789,66.55999755859375,68.05000305175781,68.05000305175781,41149600.0,,,AMD,0.012046478490814,0.3,0.24,0.08,0.34,0.14,0.3,0.12,0.14,0.46,0.48,-0.02,0.6639919999999999,0.14345,0.033568,0.070074,0.088904,0.168762,0.7434820000000001,0.08776199999999999,-0.081,50.0,0.09243697478991597,0.31092436974789917,0.06722689075630252,0.12605042016806722,0.09243697478991597,0.17647058823529413,0.09243697478991597,0.36134453781512604,0.5210084033613446,0.31932773109243695,0.20168067226890757,0.5832369747899159,0.2409294117647059,0.04597142857142857,0.04098403361344538,0.08887394957983194,0.14976218487394957,0.7273159663865546,0.12292268907563025,-0.026839495798319325,119.0
2023-01-11,68.38999938964844,69.12999725341797,67.22000122070312,69.05999755859375,69.05999755859375,44470100.0,,,AMD,0.0148419465325777,0.19117647058823528,0.4264705882352941,0.058823529411764705,0.17647058823529413,0.10294117647058823,0.20588235294117646,0.08823529411764706,0.4264705882352941,0.5735294117647058,0.4264705882352941,0.14705882352941177,0.6580470588235294,0.20050882352941174,0.035980882352941175,0.030291176470588238,0.075175,0.16843823529411764,0.7515073529411764,0.08005735294117647,-0.08838088235294117,68.0,0.3,0.24,0.08,0.34,0.14,0.3,0.12,0.14,0.46,0.48,-0.02,0.6639919999999999,0.14345,0.033568,0.070074,0.088904,0.168762,0.7434820000000001,0.08776199999999999,-0.081,50.0
2023-01-12,70.06999969482422,71.6500015258789,67.18000030517578,70.80000305175781,70.80000305175781,70066200.0,,,AMD,0.0251955626220194,0.1111111111111111,0.3148148148148148,0.12962962962962962,0.18518518518518517,0.12962962962962962,0.16666666666666666,0.1111111111111111,0.2222222222222222,0.4444444444444444,0.4074074074074074,0.037037037037037035,0.562862962962963,0.2206648148148148,0.05191481481481481,0.039,0.12558333333333335,0.13989814814814816,0.6797407407407408,0.1803648148148148,0.040466666666666665,54.0,0.19117647058823528,0.4264705882352941,0.058823529411764705,0.17647058823529413,0.10294117647058823,0.20588235294117646,0.08823529411764706,0.4264705882352941,0.5735294117647058,0.4264705882352941,0.14705882352941177,0.6580470588235294,0.20050882352941174,0.035980882352941175,0.030291176470588238,0.075175,0.16843823529411764,0.7515073529411764,0.08005735294117647,-0.08838088235294117,68.0
2023-01-13,69.83999633789062,71.0999984741211,69.2300033569336,71.0,71.0,45757400.0,,,AMD,0.0028248155313777,0.17333333333333334,0.5333333333333333,0.10666666666666667,0.29333333333333333,0.10666666666666667,0.28,0.09333333333333334,0.5466666666666666,0.7333333333333333,0.5733333333333334,0.16,0.686272,0.17819866666666667,0.03476133333333333,0.030152,0.070624,0.11378933333333334,0.7574093333333334,0.12880666666666668,0.015017333333333334,75.0,0.1111111111111111,0.3148148148148148,0.12962962962962962,0.18518518518518517,0.12962962962962962,0.16666666666666666,0.1111111111111111,0.2222222222222222,0.4444444444444444,0.4074074074074074,0.037037037037037035,0.562862962962963,0.2206648148148148,0.05191481481481481,0.039,0.12558333333333335,0.13989814814814816,0.6797407407407408,0.1803648148148148,0.040466666666666665,54.0
2023-01-17,70.87000274658203,72.66000366210938,70.6500015258789,71.58999633789062,71.58999633789062,42621300.0,,,AMD,0.0083098075759242,0.13675213675213677,0.358974358974359,0.04700854700854701,0.13675213675213677,0.1623931623931624,0.1752136752136752,0.09401709401709402,0.4230769230769231,0.5,0.3247863247863248,0.1752136752136752,0.6329803418803419,0.19994145299145297,0.04352521367521368,0.039775641025641024,0.08376880341880343,0.16223034188034188,0.7052380341880342,0.13253675213675215,-0.02969358974358974,234.0,0.17333333333333334,0.5333333333333333,0.10666666666666667,0.29333333333333333,0.10666666666666667,0.28,0.09333333333333334,0.5466666666666666,0.7333333333333333,0.5733333333333334,0.16,0.686272,0.17819866666666667,0.03476133333333333,0.030152,0.070624,0.11378933333333334,0.7574093333333334,0.12880666666666668,0.015017333333333334,75.0
2023-01-18,71.87000274658203,72.77999877929688,70.5,70.52999877929688,70.52999877929688,39538700.0,,,AMD,-0.0148065038806647,0.16363636363636364,0.21818181818181817,0.05454545454545454,0.16363636363636364,0.12727272727272726,0.14545454545454545,0.09090909090909091,0.23636363636363636,0.4,0.2909090909090909,0.10909090909090909,0.6398218181818182,0.17506363636363637,0.04643272727272727,0.043481818181818184,0.09520727272727272,0.1356709090909091,0.7575672727272728,0.10675818181818181,-0.028912727272727274,55.0,0.13675213675213677,0.358974358974359,0.04700854700854701,0.13675213675213677,0.1623931623931624,0.1752136752136752,0.09401709401709402,0.4230769230769231,0.5,0.3247863247863248,0.1752136752136752,0.6329803418803419,0.19994145299145297,0.04352521367521368,0.039775641025641024,0.08376880341880343,0.16223034188034188,0.7052380341880342,0.13253675213675215,-0.02969358974358974,234.0
2023-01-19,68.97000122070312,69.25,67.2699966430664,67.70999908447266,67.70999908447266,47189900.0,,,AMD,-0.0399829823285349,0.16071428571428573,0.17857142857142858,0.10714285714285714,0.17857142857142858,0.05357142857142857,0.16071428571428573,0.017857142857142856,0.2857142857142857,0.42857142857142855,0.32142857142857145,0.10714285714285714,0.5757892857142857,0.24467857142857144,0.04893928571428572,0.0335875,0.09701607142857142,0.17969464285714287,0.7295410714285715,0.09076964285714285,-0.088925,56.0,0.16363636363636364,0.21818181818181817,0.05454545454545454,0.16363636363636364,0.12727272727272726,0.14545454545454545,0.09090909090909091,0.23636363636363636,0.4,0.2909090909090909,0.10909090909090909,0.6398218181818182,0.17506363636363637,0.04643272727272727,0.043481818181818184,0.09520727272727272,0.1356709090909091,0.7575672727272728,0.10675818181818181,-0.028912727272727274,55.0
2023-01-20,68.01000213623047,70.12999725341797,67.44999694824219,70.06999969482422,70.06999969482422,47757600.0,,,AMD,0.0348545361432852,0.12244897959183673,0.24489795918367346,0.08163265306122448,0.1836734693877551,0.24489795918367346,0.10204081632653061,0.10204081632653061,0.5102040816326531,0.5918367346938775,0.40816326530612246,0.1836734693877551,0.6648040816326531,0.20627755102040815,0.04556326530612245,0.032614285714285714,0.05073877551020409,0.16005918367346939,0.6809061224489795,0.15903061224489795,-0.001028571428571432,49.0,0.16071428571428573,0.17857142857142858,0.10714285714285714,0.17857142857142858,0.05357142857142857,0.16071428571428573,0.017857142857142856,0.2857142857142857,0.42857142857142855,0.32142857142857145,0.10714285714285714,0.5757892857142857,0.24467857142857144,0.04893928571428572,0.0335875,0.09701607142857142,0.17969464285714287,0.7295410714285715,0.09076964285714285,-0.088925,56.0
2023-01-23,72.22000122070312,76.58999633789062,71.54000091552734,76.52999877929688,76.52999877929688,84293200.0,,,AMD,0.0921935081005833,0.2033898305084746,0.3728813559322034,0.1440677966101695,0.2033898305084746,0.2288135593220339,0.2542372881355932,0.19491525423728814,0.4322033898305085,0.6610169491525424,0.3728813559322034,0.288135593220339,0.636743220338983,0.17870254237288136,0.044895762711864406,0.050579661016949155,0.08908050847457627,0.10697881355932204,0.732764406779661,0.1602457627118644,0.05326694915254238,118.0,0.12244897959183673,0.24489795918367346,0.08163265306122448,0.1836734693877551,0.24489795918367346,0.10204081632653061,0.10204081632653061,0.5102040816326531,0.5918367346938775,0.40816326530612246,0.1836734693877551,0.6648040816326531,0.20627755102040815,0.04556326530612245,0.032614285714285714,0.05073877551020409,0.16005918367346939,0.6809061224489795,0.15903061224489795,-0.001028571428571432,49.0
2023-01-24,73.75,75.63999938964844,73.41999816894531,74.69999694824219,74.69999694824219,60822600.0,,,AMD,-0.0239122156049184,0.14473684210526316,0.27631578947368424,0.09210526315789473,0.19736842105263158,0.17105263157894737,0.25,0.13157894736842105,0.39473684210526316,0.5526315789473685,0.5,0.05263157894736842,0.5610789473684211,0.23917368421052632,0.06698421052631578,0.03840657894736842,0.09435921052631578,0.173125,0.7109684210526316,0.1159092105263158,-0.057215789473684206,76.0,0.2033898305084746,0.3728813559322034,0.1440677966101695,0.2033898305084746,0.2288135593220339,0.2542372881355932,0.19491525423728814,0.4322033898305085,0.6610169491525424,0.3728813559322034,0.288135593220339,0.636743220338983,0.17870254237288136,0.044895762711864406,0.050579661016949155,0.08908050847457627,0.10697881355932204,0.732764406779661,0.1602457627118644,0.05326694915254238,118.0
2023-01-25,72.9000015258789,75.12000274658203,72.08999633789062,74.91000366210938,74.91000366210938,49932600.0,,,AMD,0.0028113349725127,0.03773584905660377,0.20754716981132076,0.05660377358490566,0.16981132075471697,0.09433962264150944,0.07547169811320754,0.0,0.2641509433962264,0.4716981132075472,0.3018867924528302,0.16981132075471697,0.647011320754717,0.1793320754716981,0.05917169811320754,0.04124528301886792,0.0732433962264151,0.13769811320754716,0.7616358490566038,0.1006622641509434,-0.03703584905660377,53.0,0.14473684210526316,0.27631578947368424,0.09210526315789473,0.19736842105263158,0.17105263157894737,0.25,0.13157894736842105,0.39473684210526316,0.5526315789473685,0.5,0.05263157894736842,0.5610789473684211,0.23917368421052632,0.06698421052631578,0.03840657894736842,0.09435921052631578,0.173125,0.7109684210526316,0.1159092105263158,-0.057215789473684206,76.0
2023-01-26,76.5,77.08000183105469,74.27999877929688,75.16000366210938,75.16000366210938,49583900.0,,,AMD,0.0033373379759484,0.10810810810810811,0.35135135135135137,0.02702702702702703,0.24324324324324326,0.10810810810810811,0.21621621621621623,0.05405405405405406,0.43243243243243246,0.4864864864864865,0.4594594594594595,0.02702702702702703,0.6422378378378378,0.22448378378378378,0.04924594594594594,0.027113513513513515,0.05691891891891891,0.2829891891891892,0.6178756756756757,0.09913783783783783,-0.18385135135135136,37.0,0.03773584905660377,0.20754716981132076,0.05660377358490566,0.16981132075471697,0.09433962264150944,0.07547169811320754,0.0,0.2641509433962264,0.4716981132075472,0.3018867924528302,0.16981132075471697,0.647011320754717,0.1793320754716981,0.05917169811320754,0.04124528301886792,0.0732433962264151,0.13769811320754716,0.7616358490566038,0.1006622641509434,-0.03703584905660377,53.0
2023-01-27,73.69999694824219,76.73999786376953,73.48999786376953,75.4000015258789,75.4000015258789,58118600.0,,,AMD,0.0031931592878635,0.12727272727272726,0.32727272727272727,0.07272727272727272,0.2,0.21818181818181817,0.2,0.14545454545454545,0.509090909090909,0.6909090909090909,0.41818181818181815,0.2727272727272727,0.6278818181818181,0.20844909090909092,0.047921818181818183,0.02787090909090909,0.08786909090909091,0.16643999999999998,0.7183509090909092,0.11521636363636363,-0.05122363636363636,55.0,0.10810810810810811,0.35135135135135137,0.02702702702702703,0.24324324324324326,0.10810810810810811,0.21621621621621623,0.05405405405405406,0.43243243243243246,0.4864864864864865,0.4594594594594595,0.02702702702702703,0.6422378378378378,0.22448378378378378,0.04924594594594594,0.027113513513513515,0.05691891891891891,0.2829891891891892,0.6178756756756757,0.09913783783783783,-0.18385135135135136,37.0
2023-01-30,74.2300033569336,74.63999938964844,72.4000015258789,72.44999694824219,72.44999694824219,48105200.0,,,AMD,-0.0391247283546036,0.10833333333333334,0.31666666666666665,0.06666666666666667,0.08333333333333333,0.16666666666666666,0.16666666666666666,0.15,0.325,0.5166666666666667,0.30833333333333335,0.20833333333333334,0.6386691666666666,0.16222833333333334,0.0370075,0.051615,0.11047666666666665,0.08703583333333334,0.776045,0.1369175,0.04988166666666667,120.0,0.12727272727272726,0.32727272727272727,0.07272727272727272,0.2,0.21818181818181817,0.2,0.14545454545454545,0.509090909090909,0.6909090909090909,0.41818181818181815,0.2727272727272727,0.6278818181818181,0.20844909090909092,0.047921818181818183,0.02787090909090909,0.08786909090909091,0.16643999999999998,0.7183509090909092,0.11521636363636363,-0.05122363636363636,55.0
2023-01-31,72.26000213623047,75.19999694824219,72.02999877929688,75.1500015258789,75.1500015258789,71669100.0,,,AMD,0.0372671454985096,0.037037037037037035,0.3333333333333333,0.037037037037037035,0.07407407407407407,0.07407407407407407,0.1111111111111111,0.037037037037037035,0.07407407407407407,0.3333333333333333,0.18518518518518517,0.14814814814814814,0.6472111111111111,0.1050962962962963,0.05568888888888889,0.0495,0.14251481481481482,0.14208148148148148,0.7148592592592593,0.14307037037037038,0.000988888888888895,27.0,0.10833333333333334,0.31666666666666665,0.06666666666666667,0.08333333333333333,0.16666666666666666,0.16666666666666666,0.15,0.325,0.5166666666666667,0.30833333333333335,0.20833333333333334,0.6386691666666666,0.16222833333333334,0.0370075,0.051615,0.11047666666666665,0.08703583333333334,0.776045,0.1369175,0.04988166666666667,120.0
2023-02-01,78.47000122070312,85.4800033569336,77.87999725341797,84.63999938964844,84.63999938964844,152548200.0,,,AMD,0.1262807407994732,0.16981132075471697,0.20754716981132076,0.09433962264150944,0.1509433962264151,0.16981132075471697,0.1320754716981132,0.05660377358490566,0.2830188679245283,0.3018867924528302,0.33962264150943394,-0.03773584905660377,0.5376358490566038,0.25117169811320755,0.0589,0.04278679245283019,0.10950377358490566,0.2761188679245283,0.6120188679245283,0.11187169811320755,-0.16424716981132076,53.0,0.037037037037037035,0.3333333333333333,0.037037037037037035,0.07407407407407407,0.07407407407407407,0.1111111111111111,0.037037037037037035,0.07407407407407407,0.3333333333333333,0.18518518518518517,0.14814814814814814,0.6472111111111111,0.1050962962962963,0.05568888888888889,0.0495,0.14251481481481482,0.14208148148148148,0.7148592592592593,0.14307037037037038,0.000988888888888895,27.0
2023-02-02,84.29000091552734,88.94000244140625,83.19999694824219,88.30999755859375,88.30999755859375,97762100.0,,,AMD,0.0433600921007821,0.06666666666666667,0.2,0.13333333333333333,0.26666666666666666,0.13333333333333333,0.2,0.2,0.3333333333333333,0.4666666666666667,0.4,0.06666666666666667,0.5955333333333334,0.19758,0.07412666666666666,0.04578,0.08697333333333333,0.13035333333333335,0.7930866666666667,0.07656666666666667,-0.05378666666666667,15.0,0.16981132075471697,0.20754716981132076,0.09433962264150944,0.1509433962264151,0.16981132075471697,0.1320754716981132,0.05660377358490566,0.2830188679245283,0.3018867924528302,0.33962264150943394,-0.03773584905660377,0.5376358490566038,0.25117169811320755,0.0589,0.04278679245283019,0.10950377358490566,0.2761188679245283,0.6120188679245283,0.11187169811320755,-0.16424716981132076,53.0
2023-02-03,86.66000366210938,88.80000305175781,85.83000183105469,86.08999633789062,86.08999633789062,66557800.0,,,AMD,-0.0251387304051293,0.08333333333333333,0.25,0.0,0.16666666666666666,0.08333333333333333,0.25,0.0,0.25,0.5833333333333334,0.3333333333333333,0.25,0.48363333333333336,0.34696666666666665,0.06359166666666667,0.057850000000000006,0.04795833333333333,0.36543333333333333,0.48808333333333337,0.14648333333333333,-0.21894999999999998,12.0,0.06666666666666667,0.2,0.13333333333333333,0.26666666666666666,0.13333333333333333,0.2,0.2,0.3333333333333333,0.4666666666666667,0.4,0.06666666666666667,0.5955333333333334,0.19758,0.07412666666666666,0.04578,0.08697333333333333,0.13035333333333335,0.7930866666666667,0.07656666666666667,-0.05378666666666667,15.0
2023-02-06,84.62999725341797,86.27999877929688,83.22000122070312,83.68000030517578,83.68000030517578,53008900.0,,,AMD,-0.0279939149173147,0.22784810126582278,0.4936708860759494,0.0759493670886076,0.24050632911392406,0.24050632911392406,0.21518987341772153,0.21518987341772153,0.5443037974683544,0.8860759493670886,0.4177215189873418,0.46835443037974683,0.6461607594936709,0.1820506329113924,0.02846582278481013,0.044735443037974686,0.09857848101265823,0.1470227848101266,0.7113240506329114,0.1416481012658228,-0.005374683544303799,79.0,0.08333333333333333,0.25,0.0,0.16666666666666666,0.08333333333333333,0.25,0.0,0.25,0.5833333333333334,0.3333333333333333,0.25,0.48363333333333336,0.34696666666666665,0.06359166666666667,0.057850000000000006,0.04795833333333333,0.36543333333333333,0.48808333333333337,0.14648333333333333,-0.21894999999999998,12.0
2023-02-07,84.31999969482422,86.25,82.5199966430664,85.91000366210938,85.91000366210938,65291900.0,,,AMD,0.0266491795984813,0.037037037037037035,0.14814814814814814,0.0,0.0,0.1111111111111111,0.0,0.1111111111111111,0.2222222222222222,0.3333333333333333,0.0,0.3333333333333333,0.7527814814814815,0.13168888888888888,0.033885185185185185,0.032155555555555555,0.0495037037037037,0.04022222222222222,0.8148814814814814,0.1449,0.10467777777777777,27.0,0.22784810126582278,0.4936708860759494,0.0759493670886076,0.24050632911392406,0.24050632911392406,0.21518987341772153,0.21518987341772153,0.5443037974683544,0.8860759493670886,0.4177215189873418,0.46835443037974683,0.6461607594936709,0.1820506329113924,0.02846582278481013,0.044735443037974686,0.09857848101265823,0.1470227848101266,0.7113240506329114,0.1416481012658228,-0.005374683544303799,79.0
2023-02-08,85.87999725341797,88.0,84.54000091552734,84.69000244140625,84.69000244140625,54140400.0,,,AMD,-0.014200921530646,0.06896551724137931,0.13793103448275862,0.10344827586206896,0.20689655172413793,0.13793103448275862,0.3103448275862069,0.06896551724137931,0.3793103448275862,0.4482758620689655,0.3793103448275862,0.06896551724137931,0.7183379310344828,0.1721758620689655,0.03998275862068965,0.035899999999999994,0.033606896551724136,0.14287931034482756,0.745796551724138,0.11133793103448276,-0.03154137931034483,29.0,0.037037037037037035,0.14814814814814814,0.0,0.0,0.1111111111111111,0.0,0.1111111111111111,0.2222222222222222,0.3333333333333333,0.0,0.3333333333333333,0.7527814814814815,0.13168888888888888,0.033885185185185185,0.032155555555555555,0.0495037037037037,0.04022222222222222,0.8148814814814814,0.1449,0.10467777777777777,27.0
2023-02-09,85.87999725341797,86.66999816894531,82.76000213623047,83.20999908447266,83.20999908447266,46525400.0,,,AMD,-0.0174755380123828,0.0975609756097561,0.12195121951219512,0.14634146341463414,0.24390243902439024,0.07317073170731707,0.17073170731707318,0.04878048780487805,0.2926829268292683,0.3170731707317073,0.3170731707317073,0.0,0.6712585365853658,0.1798487804878049,0.041917073170731706,0.03568780487804878,0.07128536585365855,0.18607317073170732,0.7170439024390244,0.09689024390243901,-0.08918292682926829,41.0,0.06896551724137931,0.13793103448275862,0.10344827586206896,0.20689655172413793,0.13793103448275862,0.3103448275862069,0.06896551724137931,0.3793103448275862,0.4482758620689655,0.3793103448275862,0.06896551724137931,0.7183379310344828,0.1721758620689655,0.03998275862068965,0.035899999999999994,0.033606896551724136,0.14287931034482756,0.745796551724138,0.11133793103448276,-0.03154137931034483,29.0
2023-02-10,82.29000091552734,82.70999908447266,80.47000122070312,81.4800033569336,81.4800033569336,49332600.0,,,AMD,-0.0207907192233329,0.08888888888888889,0.1111111111111111,0.022222222222222223,0.13333333333333333,0.08888888888888889,0.1111111111111111,0.044444444444444446,0.3333333333333333,0.3333333333333333,0.24444444444444444,0.08888888888888889,0.6166177777777777,0.14944666666666667,0.03825111111111111,0.08067555555555556,0.11500666666666667,0.09243555555555556,0.7093755555555555,0.19819555555555554,0.10575999999999999,45.0,0.0975609756097561,0.12195121951219512,0.14634146341463414,0.24390243902439024,0.07317073170731707,0.17073170731707318,0.04878048780487805,0.2926829268292683,0.3170731707317073,0.3170731707317073,0.0,0.6712585365853658,0.1798487804878049,0.041917073170731706,0.03568780487804878,0.07128536585365855,0.18607317073170732,0.7170439024390244,0.09689024390243901,-0.08918292682926829,41.0
2023-02-13,81.56999969482422,84.1500015258789,80.9000015258789,83.12999725341797,83.12999725341797,45400000.0,,,AMD,0.0202502924460663,0.1,0.225,0.0625,0.1625,0.075,0.1625,0.1125,0.125,0.375,0.3125,0.0625,0.6968775,0.16583375,0.03952,0.02485625,0.07292375,0.13803125,0.73635625,0.125615,-0.012416250000000002,80.0,0.08888888888888889,0.1111111111111111,0.022222222222222223,0.13333333333333333,0.08888888888888889,0.1111111111111111,0.044444444444444446,0.3333333333333333,0.3333333333333333,0.24444444444444444,0.08888888888888889,0.6166177777777777,0.14944666666666667,0.03825111111111111,0.08067555555555556,0.11500666666666667,0.09243555555555556,0.7093755555555555,0.19819555555555554,0.10575999999999999,45.0
2023-02-14,82.69999694824219,86.19000244140625,81.7699966430664,85.94999694824219,85.94999694824219,55979700.0,,,AMD,0.0339227690123407,0.057692307692307696,0.19230769230769232,0.17307692307692307,0.25,0.057692307692307696,0.17307692307692307,0.1346153846153846,0.36538461538461536,0.34615384615384615,0.4423076923076923,-0.09615384615384616,0.8263499999999999,0.07779615384615385,0.018936538461538463,0.025967307692307692,0.05094038461538461,0.25076923076923074,0.6322346153846153,0.11701153846153846,-0.1337576923076923,52.0,0.1,0.225,0.0625,0.1625,0.075,0.1625,0.1125,0.125,0.375,0.3125,0.0625,0.6968775,0.16583375,0.03952,0.02485625,0.07292375,0.13803125,0.73635625,0.125615,-0.012416250000000002,80.0
2023-02-15,85.0999984741211,85.88999938964844,83.31999969482422,85.18000030517578,85.18000030517578,46430200.0,,,AMD,-0.0089586581780809,0.07317073170731707,0.2926829268292683,0.0,0.0975609756097561,0.12195121951219512,0.07317073170731707,0.07317073170731707,0.4878048780487805,0.6341463414634146,0.17073170731707318,0.4634146341463415,0.7296902439024391,0.11421707317073171,0.03578048780487805,0.048102439024390244,0.07221951219512195,0.1364780487804878,0.7371121951219511,0.12640975609756097,-0.010068292682926833,41.0,0.057692307692307696,0.19230769230769232,0.17307692307692307,0.25,0.057692307692307696,0.17307692307692307,0.1346153846153846,0.36538461538461536,0.34615384615384615,0.4423076923076923,-0.09615384615384616,0.8263499999999999,0.07779615384615385,0.018936538461538463,0.025967307692307692,0.05094038461538461,0.25076923076923074,0.6322346153846153,0.11701153846153846,-0.1337576923076923,52.0
2023-02-16,82.9800033569336,83.3499984741211,80.05000305175781,80.08000183105469,80.08000183105469,57755200.0,,,AMD,-0.0598731915455417,0.1111111111111111,0.39316239316239315,0.05128205128205128,0.1452991452991453,0.23076923076923078,0.1282051282051282,0.17094017094017094,0.42735042735042733,0.6324786324786325,0.3504273504273504,0.28205128205128205,0.6219017094017094,0.19496666666666668,0.03594358974358974,0.03517435897435898,0.11201965811965811,0.14518888888888887,0.7151000000000001,0.1397068376068376,-0.005482051282051282,117.0,0.07317073170731707,0.2926829268292683,0.0,0.0975609756097561,0.12195121951219512,0.07317073170731707,0.07317073170731707,0.4878048780487805,0.6341463414634146,0.17073170731707318,0.4634146341463415,0.7296902439024391,0.11421707317073171,0.03578048780487805,0.048102439024390244,0.07221951219512195,0.1364780487804878,0.7371121951219511,0.12640975609756097,-0.010068292682926833,41.0
2023-02-17,79.5999984741211,79.6500015258789,77.37000274658203,78.5,78.5,47826600.0,,,AMD,-0.0197302921444485,0.12727272727272726,0.45454545454545453,0.10909090909090909,0.2545454545454545,0.21818181818181817,0.2727272727272727,0.16363636363636364,0.41818181818181815,0.6363636363636364,0.45454545454545453,0.18181818181818182,0.6362145454545454,0.1504527272727273,0.058507272727272734,0.06132,0.09349818181818183,0.16038909090909093,0.7566381818181818,0.08297272727272728,-0.07741636363636364,55.0,0.1111111111111111,0.39316239316239315,0.05128205128205128,0.1452991452991453,0.23076923076923078,0.1282051282051282,0.17094017094017094,0.42735042735042733,0.6324786324786325,0.3504273504273504,0.28205128205128205,0.6219017094017094,0.19496666666666668,0.03594358974358974,0.03517435897435898,0.11201965811965811,0.14518888888888887,0.7151000000000001,0.1397068376068376,-0.005482051282051282,117.0
2023-02-21,77.1500015258789,78.45999908447266,76.44999694824219,76.7699966430664,76.7699966430664,44045600.0,,,AMD,-0.0220382593239948,0.09950248756218906,0.26865671641791045,0.09950248756218906,0.18407960199004975,0.18407960199004975,0.15422885572139303,0.07462686567164178,0.32338308457711445,0.5572139303482587,0.3034825870646766,0.2537313432835821,0.5711592039800995,0.23983930348258709,0.039048756218905474,0.039257213930348256,0.11068507462686566,0.12321641791044777,0.7375860696517412,0.13919452736318408,0.015978109452736318,201.0,0.12727272727272726,0.45454545454545453,0.10909090909090909,0.2545454545454545,0.21818181818181817,0.2727272727272727,0.16363636363636364,0.41818181818181815,0.6363636363636364,0.45454545454545453,0.18181818181818182,0.6362145454545454,0.1504527272727273,0.058507272727272734,0.06132,0.09349818181818183,0.16038909090909093,0.7566381818181818,0.08297272727272728,-0.07741636363636364,55.0
2023-02-22,76.93000030517578,78.12999725341797,75.91999816894531,76.61000061035156,76.61000061035156,50286800.0,,,AMD,-0.0020840958670185,0.07246376811594203,0.14492753623188406,0.15942028985507245,0.11594202898550725,0.07246376811594203,0.13043478260869565,0.057971014492753624,0.34782608695652173,0.34782608695652173,0.391304347826087,-0.043478260869565216,0.7650594202898551,0.10966376811594203,0.03791594202898551,0.034181159420289854,0.053178260869565216,0.17994347826086957,0.7301231884057972,0.08993768115942029,-0.09000579710144928,69.0,0.09950248756218906,0.26865671641791045,0.09950248756218906,0.18407960199004975,0.18407960199004975,0.15422885572139303,0.07462686567164178,0.32338308457711445,0.5572139303482587,0.3034825870646766,0.2537313432835821,0.5711592039800995,0.23983930348258709,0.039048756218905474,0.039257213930348256,0.11068507462686566,0.12321641791044777,0.7375860696517412,0.13919452736318408,0.015978109452736318,201.0
2023-02-23,80.62999725341797,81.79000091552734,77.97000122070312,79.75,79.75,76391300.0,,,AMD,0.0409868080489763,0.03125,0.03125,0.0,0.0625,0.03125,0.0625,0.03125,0.1875,0.375,0.15625,0.21875,0.686725,0.145996875,0.041684375,0.038018750000000004,0.087578125,0.1336375,0.641234375,0.22513125,0.09149375,32.0,0.07246376811594203,0.14492753623188406,0.15942028985507245,0.11594202898550725,0.07246376811594203,0.13043478260869565,0.057971014492753624,0.34782608695652173,0.34782608695652173,0.391304347826087,-0.043478260869565216,0.7650594202898551,0.10966376811594203,0.03791594202898551,0.034181159420289854,0.053178260869565216,0.17994347826086957,0.7301231884057972,0.08993768115942029,-0.09000579710144928,69.0
2023-02-24,77.75,78.80999755859375,76.94000244140625,78.08999633789062,78.08999633789062,46700000.0,,,AMD,-0.0208150929418103,0.2222222222222222,0.28888888888888886,0.06666666666666667,0.06666666666666667,0.022222222222222223,0.13333333333333333,0.022222222222222223,0.28888888888888886,0.5555555555555556,0.28888888888888886,0.26666666666666666,0.6443088888888889,0.19764666666666666,0.07107333333333334,0.028806666666666668,0.05817555555555556,0.1192288888888889,0.6707844444444445,0.20998444444444447,0.09075555555555555,45.0,0.03125,0.03125,0.0,0.0625,0.03125,0.0625,0.03125,0.1875,0.375,0.15625,0.21875,0.686725,0.145996875,0.041684375,0.038018750000000004,0.087578125,0.1336375,0.641234375,0.22513125,0.09149375,32.0
2023-02-27,79.63999938964844,80.12000274658203,78.52999877929688,78.7699966430664,78.7699966430664,45617300.0,,,AMD,0.0087079054560774,0.04310344827586207,0.3103448275862069,0.04310344827586207,0.16379310344827586,0.19827586206896552,0.10344827586206896,0.07758620689655173,0.3103448275862069,0.5517241379310345,0.1896551724137931,0.3620689655172414,0.6743517241379311,0.16925689655172416,0.04018793103448275,0.04701637931034483,0.06918189655172415,0.11801120689655172,0.7645025862068965,0.11747844827586207,-0.0005327586206896569,116.0,0.2222222222222222,0.28888888888888886,0.06666666666666667,0.06666666666666667,0.022222222222222223,0.13333333333333333,0.022222222222222223,0.28888888888888886,0.5555555555555556,0.28888888888888886,0.26666666666666666,0.6443088888888889,0.19764666666666666,0.07107333333333334,0.028806666666666668,0.05817555555555556,0.1192288888888889,0.6707844444444445,0.20998444444444447,0.09075555555555555,45.0
2023-02-28,77.87000274658203,80.13999938964844,77.41999816894531,78.58000183105469,78.58000183105469,44220100.0,,,AMD,-0.0024120200597779,0.08333333333333333,0.19444444444444445,0.1111111111111111,0.05555555555555555,0.027777777777777776,0.1111111111111111,0.05555555555555555,0.16666666666666666,0.3611111111111111,0.2777777777777778,0.08333333333333333,0.6832555555555556,0.18188888888888888,0.02965555555555556,0.03979166666666666,0.06539166666666667,0.16630833333333334,0.7478027777777778,0.08588888888888889,-0.08041944444444445,36.0,0.04310344827586207,0.3103448275862069,0.04310344827586207,0.16379310344827586,0.19827586206896552,0.10344827586206896,0.07758620689655173,0.3103448275862069,0.5517241379310345,0.1896551724137931,0.3620689655172414,0.6743517241379311,0.16925689655172416,0.04018793103448275,0.04701637931034483,0.06918189655172415,0.11801120689655172,0.7645025862068965,0.11747844827586207,-0.0005327586206896569,116.0
2023-03-01,78.55000305175781,80.29000091552734,77.87999725341797,78.29000091552734,78.29000091552734,44266000.0,,,AMD,-0.0036905180551005,0.1,0.1,0.1,0.1,0.1,0.2,0.1,0.3,0.3,0.3,0.0,0.69572,0.10932,0.039049999999999994,0.07959,0.07632,0.13791,0.5367900000000001,0.32528,0.18736999999999998,10.0,0.08333333333333333,0.19444444444444445,0.1111111111111111,0.05555555555555555,0.027777777777777776,0.1111111111111111,0.05555555555555555,0.16666666666666666,0.3611111111111111,0.2777777777777778,0.08333333333333333,0.6832555555555556,0.18188888888888888,0.02965555555555556,0.03979166666666666,0.06539166666666667,0.16630833333333334,0.7478027777777778,0.08588888888888889,-0.08041944444444445,36.0
2023-03-02,77.56999969482422,80.91999816894531,76.6500015258789,80.44000244140625,80.44000244140625,60108600.0,,,AMD,0.027462019424405,0.3103448275862069,0.27586206896551724,0.1724137931034483,0.3103448275862069,0.1724137931034483,0.3793103448275862,0.13793103448275862,0.3103448275862069,0.7586206896551724,0.6896551724137931,0.06896551724137931,0.39658275862068965,0.31882758620689655,0.06801379310344827,0.049875862068965514,0.16668275862068965,0.20916551724137933,0.6267379310344827,0.16408275862068966,-0.04508275862068965,29.0,0.1,0.1,0.1,0.1,0.1,0.2,0.1,0.3,0.3,0.3,0.0,0.69572,0.10932,0.039049999999999994,0.07959,0.07632,0.13791,0.5367900000000001,0.32528,0.18736999999999998,10.0
2023-03-03,80.4000015258789,81.62999725341797,79.33999633789062,81.5199966430664,81.5199966430664,54536200.0,,,AMD,0.0134260836509403,0.043478260869565216,0.30434782608695654,0.043478260869565216,0.13043478260869565,0.043478260869565216,0.30434782608695654,0.0,0.2608695652173913,0.34782608695652173,0.30434782608695654,0.043478260869565216,0.6691434782608695,0.20521304347826086,0.027243478260869567,0.028043478260869566,0.07036521739130434,0.2521217391304348,0.6708913043478261,0.077,-0.17512173913043477,23.0,0.3103448275862069,0.27586206896551724,0.1724137931034483,0.3103448275862069,0.1724137931034483,0.3793103448275862,0.13793103448275862,0.3103448275862069,0.7586206896551724,0.6896551724137931,0.06896551724137931,0.39658275862068965,0.31882758620689655,0.06801379310344827,0.049875862068965514,0.16668275862068965,0.20916551724137933,0.6267379310344827,0.16408275862068966,-0.04508275862068965,29.0
2023-03-06,82.02999877929688,83.30000305175781,81.04000091552734,81.16000366210938,81.16000366210938,54541300.0,,,AMD,-0.0044160082897605,0.1686746987951807,0.42168674698795183,0.060240963855421686,0.18072289156626506,0.24096385542168675,0.14457831325301204,0.12048192771084337,0.39759036144578314,0.6385542168674698,0.3253012048192771,0.3132530120481928,0.5800060240963856,0.22551686746987953,0.05822650602409638,0.037334939759036144,0.0989144578313253,0.18427590361445784,0.704721686746988,0.11100481927710844,-0.0732710843373494,83.0,0.043478260869565216,0.30434782608695654,0.043478260869565216,0.13043478260869565,0.043478260869565216,0.30434782608695654,0.0,0.2608695652173913,0.34782608695652173,0.30434782608695654,0.043478260869565216,0.6691434782608695,0.20521304347826086,0.027243478260869567,0.028043478260869566,0.07036521739130434,0.2521217391304348,0.6708913043478261,0.077,-0.17512173913043477,23.0
2023-03-07,81.06999969482422,84.8499984741211,80.66999816894531,82.11000061035156,82.11000061035156,70959000.0,,,AMD,0.0117052354038484,0.14285714285714285,0.4642857142857143,0.25,0.25,0.25,0.35714285714285715,0.21428571428571427,0.39285714285714285,0.5357142857142857,0.5,0.03571428571428571,0.7669571428571429,0.12122142857142858,0.02410357142857143,0.04150714285714286,0.04623928571428571,0.36620714285714284,0.5723178571428571,0.06148928571428571,-0.30471785714285715,28.0,0.1686746987951807,0.42168674698795183,0.060240963855421686,0.18072289156626506,0.24096385542168675,0.14457831325301204,0.12048192771084337,0.39759036144578314,0.6385542168674698,0.3253012048192771,0.3132530120481928,0.5800060240963856,0.22551686746987953,0.05822650602409638,0.037334939759036144,0.0989144578313253,0.18427590361445784,0.704721686746988,0.11100481927710844,-0.0732710843373494,83.0
2023-03-08,82.79000091552734,85.7699966430664,82.27999877929688,85.37000274658203,85.37000274658203,69529800.0,,,AMD,0.0397028633783675,0.03125,0.3125,0.09375,0.28125,0.1875,0.21875,0.1875,0.375,0.46875,0.46875,0.0,0.58420625,0.22885,0.05415,0.04965,0.083153125,0.1040625,0.74585,0.150084375,0.046021875000000004,32.0,0.14285714285714285,0.4642857142857143,0.25,0.25,0.25,0.35714285714285715,0.21428571428571427,0.39285714285714285,0.5357142857142857,0.5,0.03571428571428571,0.7669571428571429,0.12122142857142858,0.02410357142857143,0.04150714285714286,0.04623928571428571,0.36620714285714284,0.5723178571428571,0.06148928571428571,-0.30471785714285715,28.0
2023-03-09,85.29000091552734,87.80999755859375,83.58999633789062,84.02999877929688,84.02999877929688,79496700.0,,,AMD,-0.0156964264281789,0.375,0.125,0.20833333333333334,0.3333333333333333,0.125,0.20833333333333334,0.041666666666666664,0.375,0.5,0.5,0.0,0.41750833333333337,0.21784166666666668,0.048225,0.11309999999999999,0.20331666666666667,0.08574583333333334,0.743675,0.170575,0.08482916666666666,24.0,0.03125,0.3125,0.09375,0.28125,0.1875,0.21875,0.1875,0.375,0.46875,0.46875,0.0,0.58420625,0.22885,0.05415,0.04965,0.083153125,0.1040625,0.74585,0.150084375,0.046021875000000004,32.0
2023-03-10,84.47000122070312,85.44999694824219,81.62999725341797,82.66999816894531,82.66999816894531,70273600.0,,,AMD,-0.0161847034405364,0.109375,0.390625,0.0625,0.125,0.140625,0.140625,0.171875,0.40625,0.578125,0.3125,0.265625,0.6362203125,0.1721828125,0.044134375,0.0448953125,0.1025640625,0.1484734375,0.7094890625,0.14203593750000001,-0.0064375000000000005,64.0,0.375,0.125,0.20833333333333334,0.3333333333333333,0.125,0.20833333333333334,0.041666666666666664,0.375,0.5,0.5,0.0,0.41750833333333337,0.21784166666666668,0.048225,0.11309999999999999,0.20331666666666667,0.08574583333333334,0.743675,0.170575,0.08482916666666666,24.0
2023-03-13,81.38999938964844,83.83000183105469,78.5199966430664,82.01000213623047,82.01000213623047,65269100.0,,,AMD,-0.0079835012378501,0.1375,0.2625,0.08125,0.14375,0.11875,0.13125,0.10625,0.26875,0.49375,0.2875,0.20625,0.669208125,0.1664175,0.037154375,0.041673125,0.08555125,0.129363125,0.74278,0.12785375000000002,-0.0015093749999999999,160.0,0.109375,0.390625,0.0625,0.125,0.140625,0.140625,0.171875,0.40625,0.578125,0.3125,0.265625,0.6362203125,0.1721828125,0.044134375,0.0448953125,0.1025640625,0.1484734375,0.7094890625,0.14203593750000001,-0.0064375000000000005,64.0
2023-03-14,83.66999816894531,88.30000305175781,83.58999633789062,87.44999694824219,87.44999694824219,66616300.0,,,AMD,0.0663333089904705,0.07547169811320754,0.16981132075471697,0.05660377358490566,0.18867924528301888,0.07547169811320754,0.1509433962264151,0.05660377358490566,0.4339622641509434,0.5849056603773585,0.20754716981132076,0.37735849056603776,0.6693452830188679,0.20455094339622643,0.03346981132075472,0.0409622641509434,0.0516622641509434,0.16075094339622642,0.7761622641509435,0.06308301886792453,-0.09766792452830189,53.0,0.1375,0.2625,0.08125,0.14375,0.11875,0.13125,0.10625,0.26875,0.49375,0.2875,0.20625,0.669208125,0.1664175,0.037154375,0.041673125,0.08555125,0.129363125,0.74278,0.12785375000000002,-0.0015093749999999999,160.0
2023-03-15,86.7699966430664,90.41999816894533,86.22000122070312,89.68000030517578,89.68000030517578,86177400.0,,,AMD,0.0255003251544243,0.045454545454545456,0.29545454545454547,0.06818181818181818,0.20454545454545456,0.09090909090909091,0.1590909090909091,0.09090909090909091,0.25,0.2727272727272727,0.3409090909090909,-0.06818181818181818,0.7020477272727272,0.16863863636363635,0.03722272727272727,0.028445454545454548,0.06365,0.10182727272727271,0.8081477272727273,0.09002727272727272,-0.011800000000000003,44.0,0.07547169811320754,0.16981132075471697,0.05660377358490566,0.18867924528301888,0.07547169811320754,0.1509433962264151,0.05660377358490566,0.4339622641509434,0.5849056603773585,0.20754716981132076,0.37735849056603776,0.6693452830188679,0.20455094339622643,0.03346981132075472,0.0409622641509434,0.0516622641509434,0.16075094339622642,0.7761622641509435,0.06308301886792453,-0.09766792452830189,53.0
2023-03-16,89.72000122070312,96.69000244140624,89.0199966430664,96.5999984741211,96.5999984741211,115839200.0,,,AMD,0.0771632264205728,0.2,0.4,0.125,0.2,0.125,0.3,0.125,0.675,0.925,0.55,0.375,0.5538375,0.294135,0.038630000000000005,0.02788,0.0855175,0.22951749999999999,0.633965,0.136515,-0.0930025,40.0,0.045454545454545456,0.29545454545454547,0.06818181818181818,0.20454545454545456,0.09090909090909091,0.1590909090909091,0.09090909090909091,0.25,0.2727272727272727,0.3409090909090909,-0.06818181818181818,0.7020477272727272,0.16863863636363635,0.03722272727272727,0.028445454545454548,0.06365,0.10182727272727271,0.8081477272727273,0.09002727272727272,-0.011800000000000003,44.0
2023-03-17,96.66000366210938,98.75,95.94000244140624,97.83999633789062,97.83999633789062,94080800.0,,,AMD,0.0128364170119705,0.15517241379310345,0.3275862068965517,0.13793103448275862,0.10344827586206896,0.06896551724137931,0.1206896551724138,0.05172413793103448,0.20689655172413793,0.5344827586206896,0.25862068965517243,0.27586206896551724,0.7033103448275863,0.1687741379310345,0.02996206896551724,0.033374137931034484,0.0645948275862069,0.1446689655172414,0.7520637931034483,0.10327068965517242,-0.04139827586206896,58.0,0.2,0.4,0.125,0.2,0.125,0.3,0.125,0.675,0.925,0.55,0.375,0.5538375,0.294135,0.038630000000000005,0.02788,0.0855175,0.22951749999999999,0.633965,0.136515,-0.0930025,40.0
2023-03-20,96.3000030517578,96.94000244140624,92.9000015258789,96.80999755859376,96.80999755859376,92008900.0,,,AMD,-0.0105273795773638,0.1310344827586207,0.2482758620689655,0.05517241379310345,0.12413793103448276,0.12413793103448276,0.14482758620689656,0.09655172413793103,0.25517241379310346,0.4689655172413793,0.3103448275862069,0.15862068965517243,0.6180668965517241,0.19625724137931033,0.05209862068965517,0.03755310344827586,0.0960296551724138,0.09985034482758622,0.7750600000000001,0.12508689655172414,0.02523655172413793,145.0,0.15517241379310345,0.3275862068965517,0.13793103448275862,0.10344827586206896,0.06896551724137931,0.1206896551724138,0.05172413793103448,0.20689655172413793,0.5344827586206896,0.25862068965517243,0.27586206896551724,0.7033103448275863,0.1687741379310345,0.02996206896551724,0.033374137931034484,0.0645948275862069,0.1446689655172414,0.7520637931034483,0.10327068965517242,-0.04139827586206896,58.0
2023-03-21,97.0,99.45999908447266,93.63999938964844,95.93000030517578,95.93000030517578,85285300.0,,,AMD,-0.0090899419028016,0.16666666666666666,0.5,0.21428571428571427,0.30952380952380953,0.19047619047619047,0.2619047619047619,0.11904761904761904,0.3333333333333333,0.6666666666666666,0.5952380952380952,0.07142857142857142,0.5680952380952381,0.2644047619047619,0.03735714285714285,0.0319952380952381,0.0981404761904762,0.20362142857142856,0.7097833333333333,0.08659285714285714,-0.11702857142857141,42.0,0.1310344827586207,0.2482758620689655,0.05517241379310345,0.12413793103448276,0.12413793103448276,0.14482758620689656,0.09655172413793103,0.25517241379310346,0.4689655172413793,0.3103448275862069,0.15862068965517243,0.6180668965517241,0.19625724137931033,0.05209862068965517,0.03755310344827586,0.0960296551724138,0.09985034482758622,0.7750600000000001,0.12508689655172414,0.02523655172413793,145.0
2023-03-22,95.6500015258789,101.6999969482422,95.63999938964844,97.58000183105467,97.58000183105467,110816300.0,,,AMD,0.0172000575485233,0.16666666666666666,0.42592592592592593,0.18518518518518517,0.2222222222222222,0.16666666666666666,0.2962962962962963,0.16666666666666666,0.4074074074074074,0.5555555555555556,0.4444444444444444,0.1111111111111111,0.6823888888888888,0.17174444444444445,0.03623888888888889,0.03256111111111111,0.07707592592592592,0.28529814814814813,0.6166370370370371,0.09806111111111111,-0.18723703703703704,54.0,0.16666666666666666,0.5,0.21428571428571427,0.30952380952380953,0.19047619047619047,0.2619047619047619,0.11904761904761904,0.3333333333333333,0.6666666666666666,0.5952380952380952,0.07142857142857142,0.5680952380952381,0.2644047619047619,0.03735714285714285,0.0319952380952381,0.0981404761904762,0.20362142857142856,0.7097833333333333,0.08659285714285714,-0.11702857142857141,42.0
2023-03-23,100.0500030517578,102.43000030517578,98.66999816894533,100.27999877929688,100.27999877929688,84088900.0,,,AMD,0.0276695726335078,0.08108108108108109,0.21621621621621623,0.10810810810810811,0.16216216216216217,0.08108108108108109,0.16216216216216217,0.05405405405405406,0.40540540540540543,0.40540540540540543,0.24324324324324326,0.16216216216216217,0.6807567567567567,0.13965675675675676,0.03394864864864865,0.029405405405405406,0.11624324324324324,0.1268081081081081,0.7586135135135135,0.11457837837837838,-0.012229729729729726,37.0,0.16666666666666666,0.42592592592592593,0.18518518518518517,0.2222222222222222,0.16666666666666666,0.2962962962962963,0.16666666666666666,0.4074074074074074,0.5555555555555556,0.4444444444444444,0.1111111111111111,0.6823888888888888,0.17174444444444445,0.03623888888888889,0.03256111111111111,0.07707592592592592,0.28529814814814813,0.6166370370370371,0.09806111111111111,-0.18723703703703704,54.0
2023-03-24,99.18000030517578,99.5199966430664,96.73999786376952,97.9499969482422,97.9499969482422,64712400.0,,,AMD,-0.0232349607042048,0.05714285714285714,0.22857142857142856,0.05714285714285714,0.17142857142857143,0.11428571428571428,0.2,0.08571428571428572,0.22857142857142856,0.37142857142857144,0.34285714285714286,0.02857142857142857,0.6239342857142857,0.19735999999999998,0.03756857142857143,0.035185714285714285,0.10594857142857142,0.13733714285714285,0.7098142857142857,0.15284857142857144,0.015511428571428574,35.0,0.08108108108108109,0.21621621621621623,0.10810810810810811,0.16216216216216217,0.08108108108108109,0.16216216216216217,0.05405405405405406,0.40540540540540543,0.40540540540540543,0.24324324324324326,0.16216216216216217,0.6807567567567567,0.13965675675675676,0.03394864864864865,0.029405405405405406,0.11624324324324324,0.1268081081081081,0.7586135135135135,0.11457837837837838,-0.012229729729729726,37.0
2023-03-27,98.0199966430664,98.93000030517578,95.43000030517578,96.61000061035156,96.61000061035156,57461400.0,,,AMD,-0.0136804122474726,0.0873015873015873,0.38095238095238093,0.05555555555555555,0.1349206349206349,0.21428571428571427,0.10317460317460317,0.11904761904761904,0.42857142857142855,0.7936507936507936,0.23809523809523808,0.5555555555555556,0.6816769841269842,0.14565873015873018,0.034758730158730156,0.04942222222222222,0.08847777777777777,0.09543333333333333,0.7647388888888889,0.13983333333333334,0.0444,126.0,0.05714285714285714,0.22857142857142856,0.05714285714285714,0.17142857142857143,0.11428571428571428,0.2,0.08571428571428572,0.22857142857142856,0.37142857142857144,0.34285714285714286,0.02857142857142857,0.6239342857142857,0.19735999999999998,0.03756857142857143,0.035185714285714285,0.10594857142857142,0.13733714285714285,0.7098142857142857,0.15284857142857144,0.015511428571428574,35.0
2023-03-28,96.7699966430664,96.94000244140624,92.87000274658205,94.55999755859376,94.55999755859376,59150100.0,,,AMD,-0.0212193669268867,0.0,0.045454545454545456,0.045454545454545456,0.09090909090909091,0.045454545454545456,0.0,0.09090909090909091,0.09090909090909091,0.2727272727272727,0.09090909090909091,0.18181818181818182,0.7932136363636364,0.09687727272727273,0.02635,0.02797727272727273,0.05558636363636363,0.11806818181818182,0.7871681818181817,0.09475909090909092,-0.02330909090909091,22.0,0.0873015873015873,0.38095238095238093,0.05555555555555555,0.1349206349206349,0.21428571428571427,0.10317460317460317,0.11904761904761904,0.42857142857142855,0.7936507936507936,0.23809523809523808,0.5555555555555556,0.6816769841269842,0.14565873015873018,0.034758730158730156,0.04942222222222222,0.08847777777777777,0.09543333333333333,0.7647388888888889,0.13983333333333334,0.0444,126.0
2023-03-29,96.06999969482422,96.91000366210938,94.87000274658205,96.08999633789062,96.08999633789062,55326000.0,,,AMD,0.0161801905541378,0.06666666666666667,0.26666666666666666,0.03333333333333333,0.03333333333333333,0.1,0.1,0.1,0.3,0.6,0.26666666666666666,0.3333333333333333,0.5251833333333333,0.3071433333333333,0.06529333333333334,0.03649,0.06591,0.21206666666666668,0.7065533333333334,0.08138666666666666,-0.13068,30.0,0.0,0.045454545454545456,0.045454545454545456,0.09090909090909091,0.045454545454545456,0.0,0.09090909090909091,0.09090909090909091,0.2727272727272727,0.09090909090909091,0.18181818181818182,0.7932136363636364,0.09687727272727273,0.02635,0.02797727272727273,0.05558636363636363,0.11806818181818182,0.7871681818181817,0.09475909090909092,-0.02330909090909091,22.0
2023-03-30,98.0,99.52999877929688,97.25,97.87999725341795,97.87999725341795,59678500.0,,,AMD,0.0186283794749348,0.14285714285714285,0.30952380952380953,0.09523809523809523,0.09523809523809523,0.11904761904761904,0.09523809523809523,0.023809523809523808,0.38095238095238093,0.5952380952380952,0.2857142857142857,0.30952380952380953,0.70615,0.1515952380952381,0.023728571428571425,0.056433333333333335,0.06207619047619048,0.04666190476190476,0.82325,0.1300952380952381,0.08343333333333333,42.0,0.06666666666666667,0.26666666666666666,0.03333333333333333,0.03333333333333333,0.1,0.1,0.1,0.3,0.6,0.26666666666666666,0.3333333333333333,0.5251833333333333,0.3071433333333333,0.06529333333333334,0.03649,0.06591,0.21206666666666668,0.7065533333333334,0.08138666666666666,-0.13068,30.0
2023-03-31,96.33999633789062,98.36000061035156,95.2699966430664,98.01000213623048,98.01000213623048,55861100.0,,,AMD,0.0013282068498217,0.11363636363636363,0.1590909090909091,0.045454545454545456,0.11363636363636363,0.11363636363636363,0.11363636363636363,0.09090909090909091,0.25,0.5909090909090909,0.25,0.3409090909090909,0.62695,0.17155454545454546,0.050554545454545456,0.07557272727272728,0.07539318181818183,0.11215454545454545,0.7582068181818182,0.12962727272727273,0.017472727272727268,44.0,0.14285714285714285,0.30952380952380953,0.09523809523809523,0.09523809523809523,0.11904761904761904,0.09523809523809523,0.023809523809523808,0.38095238095238093,0.5952380952380952,0.2857142857142857,0.30952380952380953,0.70615,0.1515952380952381,0.023728571428571425,0.056433333333333335,0.06207619047619048,0.04666190476190476,0.82325,0.1300952380952381,0.08343333333333333,42.0
2023-04-03,96.6999969482422,96.79000091552734,94.80999755859376,96.55999755859376,96.55999755859376,50655300.0,,,AMD,-0.0147944551171549,0.25,0.48148148148148145,0.1574074074074074,0.2222222222222222,0.3148148148148148,0.1574074074074074,0.28703703703703703,0.7870370370370371,1.2314814814814814,0.48148148148148145,0.75,0.718937037037037,0.13745833333333332,0.04112685185185185,0.03417222222222222,0.06831203703703703,0.11293981481481481,0.7561842592592593,0.13087314814814816,0.017933333333333332,108.0,0.11363636363636363,0.1590909090909091,0.045454545454545456,0.11363636363636363,0.11363636363636363,0.11363636363636363,0.09090909090909091,0.25,0.5909090909090909,0.25,0.3409090909090909,0.62695,0.17155454545454546,0.050554545454545456,0.07557272727272728,0.07539318181818183,0.11215454545454545,0.7582068181818182,0.12962727272727273,0.017472727272727268,44.0
2023-04-04,97.04000091552734,97.2699966430664,95.20999908447266,95.87000274658205,95.87000274658205,43195900.0,,,AMD,-0.0071457625254497,0.07142857142857142,0.5,0.14285714285714285,0.14285714285714285,0.35714285714285715,0.2857142857142857,0.07142857142857142,0.9285714285714286,1.3571428571428572,0.5714285714285714,0.7857142857142857,0.509,0.2594571428571429,0.04346428571428572,0.028764285714285714,0.15932857142857143,0.10694285714285715,0.6805142857142857,0.21255000000000002,0.10560714285714286,14.0,0.25,0.48148148148148145,0.1574074074074074,0.2222222222222222,0.3148148148148148,0.1574074074074074,0.28703703703703703,0.7870370370370371,1.2314814814814814,0.48148148148148145,0.75,0.718937037037037,0.13745833333333332,0.04112685185185185,0.03417222222222222,0.06831203703703703,0.11293981481481481,0.7561842592592593,0.13087314814814816,0.017933333333333332,108.0
2023-04-05,94.3499984741211,94.5,91.36000061035156,92.55999755859376,92.55999755859376,52979300.0,,,AMD,-0.0345259736430568,0.15789473684210525,0.3684210526315789,0.07894736842105263,0.2631578947368421,0.15789473684210525,0.21052631578947367,0.18421052631578946,0.5,0.6578947368421053,0.3684210526315789,0.2894736842105263,0.7006526315789474,0.15482894736842104,0.024089473684210525,0.032286842105263155,0.0881421052631579,0.10430263157894737,0.8026921052631579,0.09300263157894736,-0.011300000000000004,38.0,0.07142857142857142,0.5,0.14285714285714285,0.14285714285714285,0.35714285714285715,0.2857142857142857,0.07142857142857142,0.9285714285714286,1.3571428571428572,0.5714285714285714,0.7857142857142857,0.509,0.2594571428571429,0.04346428571428572,0.028764285714285714,0.15932857142857143,0.10694285714285715,0.6805142857142857,0.21255000000000002,0.10560714285714286,14.0
2023-04-06,91.47000122070312,92.91000366210938,90.62000274658205,92.47000122070312,92.47000122070312,47778400.0,,,AMD,-0.0009723027254151,0.047619047619047616,0.3333333333333333,0.0,0.0,0.19047619047619047,0.14285714285714285,0.09523809523809523,0.2857142857142857,0.6190476190476191,0.2857142857142857,0.3333333333333333,0.5979,0.22977142857142857,0.02983333333333333,0.049523809523809526,0.09296666666666667,0.22103333333333333,0.6817857142857142,0.09717619047619049,-0.12385714285714286,21.0,0.15789473684210525,0.3684210526315789,0.07894736842105263,0.2631578947368421,0.15789473684210525,0.21052631578947367,0.18421052631578946,0.5,0.6578947368421053,0.3684210526315789,0.2894736842105263,0.7006526315789474,0.15482894736842104,0.024089473684210525,0.032286842105263155,0.0881421052631579,0.10430263157894737,0.8026921052631579,0.09300263157894736,-0.011300000000000004,38.0
2023-04-10,91.31999969482422,95.8000030517578,91.0199966430664,95.4800033569336,95.4800033569336,52536300.0,,,AMD,0.0325511203254591,0.1643835616438356,0.363013698630137,0.136986301369863,0.22602739726027396,0.15753424657534246,0.1780821917808219,0.1506849315068493,0.3013698630136986,0.6575342465753424,0.3972602739726027,0.2602739726027397,0.6118383561643835,0.2349,0.04979246575342466,0.03421232876712329,0.06925958904109589,0.18733561643835617,0.6931287671232876,0.11953424657534245,-0.0678013698630137,146.0,0.047619047619047616,0.3333333333333333,0.0,0.0,0.19047619047619047,0.14285714285714285,0.09523809523809523,0.2857142857142857,0.6190476190476191,0.2857142857142857,0.3333333333333333,0.5979,0.22977142857142857,0.02983333333333333,0.049523809523809526,0.09296666666666667,0.22103333333333333,0.6817857142857142,0.09717619047619049,-0.12385714285714286,21.0
2023-04-11,96.05999755859376,96.06999969482422,92.69000244140624,94.02999877929688,94.02999877929688,51935800.0,,,AMD,-0.0151864738862247,0.07407407407407407,0.2222222222222222,0.037037037037037035,0.1111111111111111,0.037037037037037035,0.18518518518518517,0.0,0.2962962962962963,0.5925925925925926,0.2222222222222222,0.37037037037037035,0.6022259259259259,0.2275185185185185,0.044862962962962966,0.025014814814814816,0.10036666666666666,0.13983703703703704,0.6984814814814814,0.16168518518518518,0.02184814814814815,27.0,0.1643835616438356,0.363013698630137,0.136986301369863,0.22602739726027396,0.15753424657534246,0.1780821917808219,0.1506849315068493,0.3013698630136986,0.6575342465753424,0.3972602739726027,0.2602739726027397,0.6118383561643835,0.2349,0.04979246575342466,0.03421232876712329,0.06925958904109589,0.18733561643835617,0.6931287671232876,0.11953424657534245,-0.0678013698630137,146.0
2023-04-12,94.97000122070312,95.0,91.73999786376952,92.33000183105467,92.33000183105467,53383100.0,,,AMD,-0.0180793041615618,0.2222222222222222,0.1388888888888889,0.1388888888888889,0.3055555555555556,0.08333333333333333,0.16666666666666666,0.027777777777777776,0.3055555555555556,0.4722222222222222,0.2777777777777778,0.19444444444444445,0.6073055555555555,0.24539444444444442,0.054238888888888885,0.0315,0.06156944444444444,0.13624722222222221,0.7524555555555555,0.11130000000000001,-0.024947222222222218,36.0,0.07407407407407407,0.2222222222222222,0.037037037037037035,0.1111111111111111,0.037037037037037035,0.18518518518518517,0.0,0.2962962962962963,0.5925925925925926,0.2222222222222222,0.37037037037037035,0.6022259259259259,0.2275185185185185,0.044862962962962966,0.025014814814814816,0.10036666666666666,0.13983703703703704,0.6984814814814814,0.16168518518518518,0.02184814814814815,27.0
2023-04-13,92.79000091552734,93.16000366210938,91.83000183105467,92.08999633789062,92.08999633789062,40572500.0,,,AMD,-0.0025994312618254,0.09523809523809523,0.38095238095238093,0.047619047619047616,0.047619047619047616,0.38095238095238093,0.047619047619047616,0.09523809523809523,0.5714285714285714,0.7142857142857143,0.2857142857142857,0.42857142857142855,0.719147619047619,0.12878571428571428,0.01991904761904762,0.02106190476190476,0.11107142857142857,0.06781904761904761,0.8453999999999999,0.08677142857142857,0.018952380952380957,21.0,0.2222222222222222,0.1388888888888889,0.1388888888888889,0.3055555555555556,0.08333333333333333,0.16666666666666666,0.027777777777777776,0.3055555555555556,0.4722222222222222,0.2777777777777778,0.19444444444444445,0.6073055555555555,0.24539444444444442,0.054238888888888885,0.0315,0.06156944444444444,0.13624722222222221,0.7524555555555555,0.11130000000000001,-0.024947222222222218,36.0
2023-04-14,91.81999969482422,92.97000122070312,90.5,91.75,91.75,38734800.0,,,AMD,-0.0036920007754494,0.11764705882352941,0.38235294117647056,0.029411764705882353,0.08823529411764706,0.029411764705882353,0.08823529411764706,0.0,0.23529411764705882,0.4411764705882353,0.2647058823529412,0.17647058823529413,0.7102823529411765,0.11505882352941177,0.02013235294117647,0.046582352941176464,0.10795294117647058,0.06966764705882353,0.8246911764705882,0.10564705882352941,0.035979411764705885,34.0,0.09523809523809523,0.38095238095238093,0.047619047619047616,0.047619047619047616,0.38095238095238093,0.047619047619047616,0.09523809523809523,0.5714285714285714,0.7142857142857143,0.2857142857142857,0.42857142857142855,0.719147619047619,0.12878571428571428,0.01991904761904762,0.02106190476190476,0.11107142857142857,0.06781904761904761,0.8453999999999999,0.08677142857142857,0.018952380952380957,21.0
2023-04-17,90.2300033569336,90.69000244140624,88.30000305175781,89.87000274658203,89.87000274658203,47250800.0,,,AMD,-0.0204904332797598,0.15865384615384615,0.2932692307692308,0.07692307692307693,0.1201923076923077,0.13942307692307693,0.14903846153846154,0.12980769230769232,0.28846153846153844,0.6538461538461539,0.33653846153846156,0.3173076923076923,0.6092173076923078,0.18737740384615384,0.03465144230769231,0.04487451923076923,0.12388221153846155,0.08807884615384615,0.7663875,0.1455326923076923,0.057453846153846154,208.0,0.11764705882352941,0.38235294117647056,0.029411764705882353,0.08823529411764706,0.029411764705882353,0.08823529411764706,0.0,0.23529411764705882,0.4411764705882353,0.2647058823529412,0.17647058823529413,0.7102823529411765,0.11505882352941177,0.02013235294117647,0.046582352941176464,0.10795294117647058,0.06966764705882353,0.8246911764705882,0.10564705882352941,0.035979411764705885,34.0
2023-04-18,91.61000061035156,92.16000366210938,89.33000183105469,89.77999877929688,89.77999877929688,46246300.0,,,AMD,-0.0010014906479857,0.16216216216216217,0.4594594594594595,0.05405405405405406,0.1891891891891892,0.13513513513513514,0.10810810810810811,0.08108108108108109,0.35135135135135137,0.5945945945945946,0.32432432432432434,0.2702702702702703,0.7425054054054054,0.11120540540540541,0.04766756756756757,0.0370027027027027,0.06164864864864865,0.1385,0.7310351351351352,0.13045405405405405,-0.008045945945945949,37.0,0.15865384615384615,0.2932692307692308,0.07692307692307693,0.1201923076923077,0.13942307692307693,0.14903846153846154,0.12980769230769232,0.28846153846153844,0.6538461538461539,0.33653846153846156,0.3173076923076923,0.6092173076923078,0.18737740384615384,0.03465144230769231,0.04487451923076923,0.12388221153846155,0.08807884615384615,0.7663875,0.1455326923076923,0.057453846153846154,208.0
2023-04-19,88.51000213623047,90.54000091552734,88.22000122070312,89.94000244140625,89.94000244140625,37344500.0,,,AMD,0.0017821749196356,0.0967741935483871,0.2903225806451613,0.03225806451612903,0.12903225806451613,0.14516129032258066,0.20967741935483872,0.0967741935483871,0.24193548387096775,0.5161290322580645,0.3064516129032258,0.20967741935483872,0.6574854838709677,0.14980967741935483,0.03585806451612903,0.0714483870967742,0.08540483870967741,0.16833870967741935,0.7356322580645162,0.09602903225806451,-0.07230967741935485,62.0,0.16216216216216217,0.4594594594594595,0.05405405405405406,0.1891891891891892,0.13513513513513514,0.10810810810810811,0.08108108108108109,0.35135135135135137,0.5945945945945946,0.32432432432432434,0.2702702702702703,0.7425054054054054,0.11120540540540541,0.04766756756756757,0.0370027027027027,0.06164864864864865,0.1385,0.7310351351351352,0.13045405405405405,-0.008045945945945949,37.0
2023-04-20,88.83000183105469,91.58000183105467,88.7300033569336,90.11000061035156,90.11000061035156,47082700.0,,,AMD,0.0018901285782826,0.11842105263157894,0.19736842105263158,0.07894736842105263,0.11842105263157894,0.05263157894736842,0.17105263157894737,0.06578947368421052,0.42105263157894735,0.4605263157894737,0.4342105263157895,0.02631578947368421,0.6351092105263159,0.21386578947368423,0.06267631578947368,0.038003947368421054,0.05035131578947368,0.2315592105263158,0.6524539473684211,0.11598815789473683,-0.11557105263157895,76.0,0.0967741935483871,0.2903225806451613,0.03225806451612903,0.12903225806451613,0.14516129032258066,0.20967741935483872,0.0967741935483871,0.24193548387096775,0.5161290322580645,0.3064516129032258,0.20967741935483872,0.6574854838709677,0.14980967741935483,0.03585806451612903,0.0714483870967742,0.08540483870967741,0.16833870967741935,0.7356322580645162,0.09602903225806451,-0.07230967741935485,62.0
2023-04-21,89.80000305175781,89.80000305175781,88.05999755859375,88.43000030517578,88.43000030517578,41118300.0,,,AMD,-0.0186438829630058,0.09803921568627451,0.3333333333333333,0.09803921568627451,0.0784313725490196,0.17647058823529413,0.11764705882352941,0.1568627450980392,0.47058823529411764,0.7450980392156863,0.2549019607843137,0.49019607843137253,0.6108176470588236,0.2215980392156863,0.03912745098039216,0.04321568627450981,0.08524117647058822,0.13735882352941176,0.6902764705882353,0.17235686274509804,0.034998039215686276,51.0,0.11842105263157894,0.19736842105263158,0.07894736842105263,0.11842105263157894,0.05263157894736842,0.17105263157894737,0.06578947368421052,0.42105263157894735,0.4605263157894737,0.4342105263157895,0.02631578947368421,0.6351092105263159,0.21386578947368423,0.06267631578947368,0.038003947368421054,0.05035131578947368,0.2315592105263158,0.6524539473684211,0.11598815789473683,-0.11557105263157895,76.0
2023-04-24,88.11000061035156,88.63999938964844,86.33999633789062,87.56999969482422,87.56999969482422,40423800.0,,,AMD,-0.009725213246451,0.17446808510638298,0.2851063829787234,0.11914893617021277,0.17446808510638298,0.12340425531914893,0.16595744680851063,0.07659574468085106,0.3574468085106383,0.5914893617021276,0.39148936170212767,0.2,0.6536446808510639,0.17253744680851066,0.050110212765957445,0.04772723404255319,0.07598170212765958,0.14713574468085108,0.7560068085106383,0.09686340425531914,-0.050272340425531914,235.0,0.09803921568627451,0.3333333333333333,0.09803921568627451,0.0784313725490196,0.17647058823529413,0.11764705882352941,0.1568627450980392,0.47058823529411764,0.7450980392156863,0.2549019607843137,0.49019607843137253,0.6108176470588236,0.2215980392156863,0.03912745098039216,0.04321568627450981,0.08524117647058822,0.13735882352941176,0.6902764705882353,0.17235686274509804,0.034998039215686276,51.0
2023-04-25,86.9000015258789,87.05999755859375,83.76000213623047,83.80000305175781,83.80000305175781,52771500.0,,,AMD,-0.0430512350828434,0.14285714285714285,0.3163265306122449,0.1836734693877551,0.15306122448979592,0.17346938775510204,0.15306122448979592,0.09183673469387756,0.7959183673469388,1.1224489795918366,0.32653061224489793,0.7959183673469388,0.7198704081632654,0.13644897959183674,0.03339285714285714,0.04380306122448979,0.0664938775510204,0.17150102040816328,0.6438663265306123,0.18463673469387756,0.013135714285714285,98.0,0.17446808510638298,0.2851063829787234,0.11914893617021277,0.17446808510638298,0.12340425531914893,0.16595744680851063,0.07659574468085106,0.3574468085106383,0.5914893617021276,0.39148936170212767,0.2,0.6536446808510639,0.17253744680851066,0.050110212765957445,0.04772723404255319,0.07598170212765958,0.14713574468085108,0.7560068085106383,0.09686340425531914,-0.050272340425531914,235.0
2023-04-26,86.51000213623047,87.3499984741211,85.31999969482422,85.94000244140625,85.94000244140625,47786600.0,,,AMD,0.0255369846266795,0.0821917808219178,0.3424657534246575,0.0958904109589041,0.1506849315068493,0.1095890410958904,0.1095890410958904,0.1095890410958904,0.3835616438356164,0.6301369863013698,0.3561643835616438,0.273972602739726,0.6123575342465754,0.20816575342465754,0.04745616438356164,0.05477397260273972,0.07723835616438356,0.134413698630137,0.7061301369863013,0.15943972602739728,0.025026027397260276,73.0,0.14285714285714285,0.3163265306122449,0.1836734693877551,0.15306122448979592,0.17346938775510204,0.15306122448979592,0.09183673469387756,0.7959183673469388,1.1224489795918366,0.32653061224489793,0.7959183673469388,0.7198704081632654,0.13644897959183674,0.03339285714285714,0.04380306122448979,0.0664938775510204,0.17150102040816328,0.6438663265306123,0.18463673469387756,0.013135714285714285,98.0
2023-04-27,86.41000366210938,87.56999969482422,84.08999633789062,87.44000244140625,87.44000244140625,53087200.0,,,AMD,0.0174540372048825,0.11926605504587157,0.25688073394495414,0.10091743119266056,0.2018348623853211,0.1559633027522936,0.23853211009174313,0.06422018348623854,0.5229357798165137,0.8073394495412844,0.41284403669724773,0.3944954128440367,0.5981577981651377,0.23870825688073394,0.055265137614678904,0.03541467889908257,0.07245229357798165,0.16201834862385323,0.7076880733944955,0.1302926605504587,-0.031725688073394494,109.0,0.0821917808219178,0.3424657534246575,0.0958904109589041,0.1506849315068493,0.1095890410958904,0.1095890410958904,0.1095890410958904,0.3835616438356164,0.6301369863013698,0.3561643835616438,0.273972602739726,0.6123575342465754,0.20816575342465754,0.04745616438356164,0.05477397260273972,0.07723835616438356,0.134413698630137,0.7061301369863013,0.15943972602739728,0.025026027397260276,73.0
2023-04-28,87.0199966430664,89.75,86.44000244140625,89.37000274658203,89.37000274658203,50686100.0,,,AMD,0.0220722810074152,0.17073170731707318,0.24390243902439024,0.024390243902439025,0.1951219512195122,0.21951219512195122,0.17073170731707318,0.14634146341463414,0.5853658536585366,0.6829268292682927,0.4146341463414634,0.2682926829268293,0.5379463414634147,0.2938268292682927,0.05510487804878049,0.02858292682926829,0.08453170731707317,0.1961780487804878,0.7071951219512196,0.0966219512195122,-0.09955609756097562,41.0,0.11926605504587157,0.25688073394495414,0.10091743119266056,0.2018348623853211,0.1559633027522936,0.23853211009174313,0.06422018348623854,0.5229357798165137,0.8073394495412844,0.41284403669724773,0.3944954128440367,0.5981577981651377,0.23870825688073394,0.055265137614678904,0.03541467889908257,0.07245229357798165,0.16201834862385323,0.7076880733944955,0.1302926605504587,-0.031725688073394494,109.0
2023-05-01,91.02999877929688,91.04000091552734,88.61000061035156,89.69000244140625,89.69000244140625,59358700.0,,,AMD,0.003580616370032,0.216,0.416,0.12,0.192,0.184,0.168,0.152,0.352,0.48,0.4,0.08,0.6152183999999999,0.18587199999999998,0.0394056,0.050144,0.1093672,0.1448168,0.6912504,0.16392320000000002,0.0191064,125.0,0.17073170731707318,0.24390243902439024,0.024390243902439025,0.1951219512195122,0.21951219512195122,0.17073170731707318,0.14634146341463414,0.5853658536585366,0.6829268292682927,0.4146341463414634,0.2682926829268293,0.5379463414634147,0.2938268292682927,0.05510487804878049,0.02858292682926829,0.08453170731707317,0.1961780487804878,0.7071951219512196,0.0966219512195122,-0.09955609756097562,41.0
2023-05-02,89.31999969482422,90.45999908447266,88.12000274658203,89.91000366210938,89.91000366210938,70483500.0,,,AMD,0.00245290684262,0.0,0.07142857142857142,0.0,0.0,0.0,0.0,0.0,0.21428571428571427,0.2857142857142857,0.0,0.2857142857142857,0.7128071428571429,0.1492214285714286,0.028749999999999998,0.029235714285714285,0.08,0.1573,0.7194785714285714,0.1232357142857143,-0.03406428571428572,14.0,0.216,0.416,0.12,0.192,0.184,0.168,0.152,0.352,0.48,0.4,0.08,0.6152183999999999,0.18587199999999998,0.0394056,0.050144,0.1093672,0.1448168,0.6912504,0.16392320000000002,0.0191064,125.0
2023-05-03,83.54000091552734,85.4800033569336,81.0199966430664,81.62000274658203,81.62000274658203,109482200.0,,,AMD,-0.0922033208527272,0.07407407407407407,0.18518518518518517,0.07407407407407407,0.14814814814814814,0.037037037037037035,0.1111111111111111,0.0,0.2222222222222222,0.4074074074074074,0.14814814814814814,0.25925925925925924,0.7116333333333332,0.13006666666666666,0.03206296296296296,0.06105185185185186,0.0651925925925926,0.15355185185185186,0.6624666666666668,0.1839814814814815,0.030429629629629633,27.0,0.0,0.07142857142857142,0.0,0.0,0.0,0.0,0.0,0.21428571428571427,0.2857142857142857,0.0,0.2857142857142857,0.7128071428571429,0.1492214285714286,0.028749999999999998,0.029235714285714285,0.08,0.1573,0.7194785714285714,0.1232357142857143,-0.03406428571428572,14.0
2023-05-04,81.56999969482422,91.63999938964844,81.11000061035156,86.61000061035156,86.61000061035156,122840500.0,,,AMD,0.0611369480011259,0.06521739130434782,0.32608695652173914,0.043478260869565216,0.06521739130434782,0.021739130434782608,0.08695652173913043,0.043478260869565216,0.10869565217391304,0.21739130434782608,0.30434782608695654,-0.08695652173913043,0.7145978260869564,0.1359413043478261,0.02503478260869565,0.0627304347826087,0.06168695652173913,0.15470217391304347,0.715404347826087,0.12989347826086958,-0.024808695652173907,46.0,0.07407407407407407,0.18518518518518517,0.07407407407407407,0.14814814814814814,0.037037037037037035,0.1111111111111111,0.0,0.2222222222222222,0.4074074074074074,0.14814814814814814,0.25925925925925924,0.7116333333333332,0.13006666666666666,0.03206296296296296,0.06105185185185186,0.0651925925925926,0.15355185185185186,0.6624666666666668,0.1839814814814815,0.030429629629629633,27.0
2023-05-05,84.98999786376953,90.43000030517578,84.72000122070312,89.83999633789062,89.83999633789062,78491100.0,,,AMD,0.0372935654633053,0.11475409836065574,0.4426229508196721,0.06557377049180328,0.11475409836065574,0.09836065573770492,0.13114754098360656,0.03278688524590164,0.4098360655737705,0.5901639344262295,0.29508196721311475,0.29508196721311475,0.6863311475409836,0.1775704918032787,0.04815573770491803,0.03445081967213115,0.05348852459016394,0.16358852459016393,0.727727868852459,0.10867704918032786,-0.05491147540983607,61.0,0.06521739130434782,0.32608695652173914,0.043478260869565216,0.06521739130434782,0.021739130434782608,0.08695652173913043,0.043478260869565216,0.10869565217391304,0.21739130434782608,0.30434782608695654,-0.08695652173913043,0.7145978260869564,0.1359413043478261,0.02503478260869565,0.0627304347826087,0.06168695652173913,0.15470217391304347,0.715404347826087,0.12989347826086958,-0.024808695652173907,46.0
2023-05-08,89.98999786376953,95.66000366210938,89.16999816894531,95.04000091552734,95.04000091552734,95503200.0,,,AMD,0.0578807300712631,0.16101694915254236,0.2966101694915254,0.09322033898305085,0.17796610169491525,0.1440677966101695,0.1864406779661017,0.07627118644067797,0.4406779661016949,0.5338983050847458,0.3983050847457627,0.13559322033898305,0.5629516949152542,0.2515296610169491,0.03342542372881356,0.05211271186440678,0.09998813559322034,0.1221491525423729,0.752821186440678,0.12503305084745764,0.0028838983050847454,118.0,0.11475409836065574,0.4426229508196721,0.06557377049180328,0.11475409836065574,0.09836065573770492,0.13114754098360656,0.03278688524590164,0.4098360655737705,0.5901639344262295,0.29508196721311475,0.29508196721311475,0.6863311475409836,0.1775704918032787,0.04815573770491803,0.03445081967213115,0.05348852459016394,0.16358852459016393,0.727727868852459,0.10867704918032786,-0.05491147540983607,61.0
2023-05-09,94.88999938964844,96.16000366210938,93.43000030517578,95.05999755859376,95.05999755859376,68674800.0,,,AMD,0.00021040238714,0.06896551724137931,0.2413793103448276,0.06896551724137931,0.10344827586206896,0.0,0.1724137931034483,0.034482758620689655,0.27586206896551724,0.7241379310344828,0.27586206896551724,0.4482758620689655,0.773251724137931,0.1535896551724138,0.025751724137931035,0.021324137931034482,0.026093103448275864,0.18949655172413793,0.7067068965517241,0.10379310344827587,-0.08570344827586206,29.0,0.16101694915254236,0.2966101694915254,0.09322033898305085,0.17796610169491525,0.1440677966101695,0.1864406779661017,0.07627118644067797,0.4406779661016949,0.5338983050847458,0.3983050847457627,0.13559322033898305,0.5629516949152542,0.2515296610169491,0.03342542372881356,0.05211271186440678,0.09998813559322034,0.1221491525423729,0.752821186440678,0.12503305084745764,0.0028838983050847454,118.0
2023-05-10,96.41999816894533,99.94000244140624,96.12000274658205,97.0199966430664,97.0199966430664,95619500.0,,,AMD,0.0206185475995255,0.19047619047619047,0.3333333333333333,0.047619047619047616,0.047619047619047616,0.09523809523809523,0.047619047619047616,0.047619047619047616,0.3333333333333333,0.5238095238095238,0.2857142857142857,0.23809523809523808,0.7740714285714286,0.07880000000000001,0.03768571428571429,0.050247619047619055,0.05919047619047618,0.10585238095238096,0.731804761904762,0.16235238095238094,0.05650000000000001,21.0,0.06896551724137931,0.2413793103448276,0.06896551724137931,0.10344827586206896,0.0,0.1724137931034483,0.034482758620689655,0.27586206896551724,0.7241379310344828,0.27586206896551724,0.4482758620689655,0.773251724137931,0.1535896551724138,0.025751724137931035,0.021324137931034482,0.026093103448275864,0.18949655172413793,0.7067068965517241,0.10379310344827587,-0.08570344827586206,29.0
2023-05-11,98.16000366210938,99.19000244140624,96.13999938964844,97.0999984741211,97.0999984741211,57061000.0,,,AMD,0.000824591154636,0.17142857142857143,0.22857142857142856,0.02857142857142857,0.14285714285714285,0.11428571428571428,0.22857142857142856,0.2,0.42857142857142855,0.45714285714285713,0.45714285714285713,0.0,0.7282714285714286,0.12695714285714285,0.05260857142857143,0.03662,0.05553428571428572,0.1607657142857143,0.7648885714285715,0.07433714285714285,-0.08642857142857142,35.0,0.19047619047619047,0.3333333333333333,0.047619047619047616,0.047619047619047616,0.09523809523809523,0.047619047619047616,0.047619047619047616,0.3333333333333333,0.5238095238095238,0.2857142857142857,0.23809523809523808,0.7740714285714286,0.07880000000000001,0.03768571428571429,0.050247619047619055,0.05919047619047618,0.10585238095238096,0.731804761904762,0.16235238095238094,0.05650000000000001,21.0
2023-05-12,96.83000183105467,97.4499969482422,93.68000030517578,95.26000213623048,95.26000213623048,53829700.0,,,AMD,-0.0189494991432054,0.0,0.3,0.05,0.0,0.05,0.05,0.05,0.25,0.3,0.15,0.15,0.69426,0.218845,0.031564999999999996,0.02189,0.033460000000000004,0.062985,0.875665,0.061345,-0.0016399999999999978,20.0,0.17142857142857143,0.22857142857142856,0.02857142857142857,0.14285714285714285,0.11428571428571428,0.22857142857142856,0.2,0.42857142857142855,0.45714285714285713,0.45714285714285713,0.0,0.7282714285714286,0.12695714285714285,0.05260857142857143,0.03662,0.05553428571428572,0.1607657142857143,0.7648885714285715,0.07433714285714285,-0.08642857142857142,35.0
2023-05-15,95.1999969482422,97.43000030517578,93.4499969482422,97.4000015258789,97.4000015258789,51749200.0,,,AMD,0.022464826177392,0.13333333333333333,0.4,0.09166666666666666,0.18333333333333332,0.15833333333333333,0.19166666666666668,0.1,0.35833333333333334,0.65,0.325,0.325,0.636525,0.19302416666666666,0.03966416666666666,0.04477166666666667,0.08602833333333333,0.1601175,0.7257049999999999,0.11417416666666667,-0.045943333333333336,120.0,0.0,0.3,0.05,0.0,0.05,0.05,0.05,0.25,0.3,0.15,0.15,0.69426,0.218845,0.031564999999999996,0.02189,0.033460000000000004,0.062985,0.875665,0.061345,-0.0016399999999999978,20.0
2023-05-16,97.38999938964844,103.27999877929688,97.30999755859376,101.4800033569336,101.4800033569336,90622900.0,,,AMD,0.0418891351862109,0.10526315789473684,0.2631578947368421,0.10526315789473684,0.3157894736842105,0.15789473684210525,0.3157894736842105,0.05263157894736842,0.7368421052631579,0.5789473684210527,0.3684210526315789,0.21052631578947367,0.8172947368421053,0.054121052631578945,0.018936842105263158,0.0351,0.07454736842105264,0.02766315789473684,0.8172473684210526,0.15509473684210526,0.12743157894736842,19.0,0.13333333333333333,0.4,0.09166666666666666,0.18333333333333332,0.15833333333333333,0.19166666666666668,0.1,0.35833333333333334,0.65,0.325,0.325,0.636525,0.19302416666666666,0.03966416666666666,0.04477166666666667,0.08602833333333333,0.1601175,0.7257049999999999,0.11417416666666667,-0.045943333333333336,120.0
2023-05-17,101.79000091552734,104.13999938964844,100.0500030517578,103.75,103.75,75240900.0,,,AMD,0.0223689058728366,0.06896551724137931,0.3103448275862069,0.10344827586206896,0.10344827586206896,0.20689655172413793,0.20689655172413793,0.10344827586206896,0.3793103448275862,0.5172413793103449,0.3103448275862069,0.20689655172413793,0.7050344827586206,0.19244137931034483,0.027517241379310345,0.02951034482758621,0.04548965517241379,0.12054137931034484,0.7104758620689655,0.16898275862068965,0.04844137931034482,29.0,0.10526315789473684,0.2631578947368421,0.10526315789473684,0.3157894736842105,0.15789473684210525,0.3157894736842105,0.05263157894736842,0.7368421052631579,0.5789473684210527,0.3684210526315789,0.21052631578947367,0.8172947368421053,0.054121052631578945,0.018936842105263158,0.0351,0.07454736842105264,0.02766315789473684,0.8172473684210526,0.15509473684210526,0.12743157894736842,19.0
2023-05-18,103.9800033569336,108.0999984741211,103.93000030517578,107.93000030517578,107.93000030517578,74338700.0,,,AMD,0.0402891595679593,0.07407407407407407,0.3333333333333333,0.0,0.07407407407407407,0.25925925925925924,0.07407407407407407,0.1111111111111111,0.4444444444444444,0.6666666666666666,0.18518518518518517,0.48148148148148145,0.6621518518518519,0.17085185185185187,0.03138518518518518,0.04294074074074074,0.09266666666666666,0.09729629629629631,0.7619111111111111,0.14078518518518518,0.043488888888888876,27.0,0.06896551724137931,0.3103448275862069,0.10344827586206896,0.10344827586206896,0.20689655172413793,0.20689655172413793,0.10344827586206896,0.3793103448275862,0.5172413793103449,0.3103448275862069,0.20689655172413793,0.7050344827586206,0.19244137931034483,0.027517241379310345,0.02951034482758621,0.04548965517241379,0.12054137931034484,0.7104758620689655,0.16898275862068965,0.04844137931034482,29.0
2023-05-19,106.36000061035156,107.29000091552734,104.62000274658205,105.81999969482422,105.81999969482422,67880200.0,,,AMD,-0.0195497137439587,0.18548387096774194,0.4274193548387097,0.06451612903225806,0.1774193548387097,0.24193548387096775,0.1774193548387097,0.12096774193548387,0.4596774193548387,0.7338709677419355,0.3467741935483871,0.3870967741935484,0.3646209677419355,0.35806774193548385,0.08415241935483872,0.04817903225806451,0.14498306451612905,0.18323145161290325,0.6332822580645161,0.18348467741935484,0.0002532258064516137,124.0,0.07407407407407407,0.3333333333333333,0.0,0.07407407407407407,0.25925925925925924,0.07407407407407407,0.1111111111111111,0.4444444444444444,0.6666666666666666,0.18518518518518517,0.48148148148148145,0.6621518518518519,0.17085185185185187,0.03138518518518518,0.04294074074074074,0.09266666666666666,0.09729629629629631,0.7619111111111111,0.14078518518518518,0.043488888888888876,27.0
2023-05-22,104.68000030517578,108.79000091552734,103.48999786376952,108.0,108.0,65424200.0,,,AMD,0.0206010235443461,0.12790697674418605,0.32558139534883723,0.05813953488372093,0.11627906976744186,0.1511627906976744,0.10465116279069768,0.11627906976744186,0.27906976744186046,0.5581395348837209,0.29069767441860467,0.26744186046511625,0.6766255813953488,0.17057093023255815,0.03954883720930233,0.03955930232558139,0.07369186046511628,0.12947093023255812,0.7792593023255814,0.09125581395348838,-0.03821511627906977,86.0,0.18548387096774194,0.4274193548387097,0.06451612903225806,0.1774193548387097,0.24193548387096775,0.1774193548387097,0.12096774193548387,0.4596774193548387,0.7338709677419355,0.3467741935483871,0.3870967741935484,0.3646209677419355,0.35806774193548385,0.08415241935483872,0.04817903225806451,0.14498306451612905,0.18323145161290325,0.6332822580645161,0.18348467741935484,0.0002532258064516137,124.0
2023-05-23,107.25,110.98999786376952,107.19000244140624,108.12000274658205,108.12000274658205,73099100.0,,,AMD,0.0011111365424263,0.09803921568627451,0.23529411764705882,0.0784313725490196,0.1568627450980392,0.13725490196078433,0.11764705882352941,0.09803921568627451,0.3137254901960784,0.6078431372549019,0.27450980392156865,0.3333333333333333,0.685878431372549,0.15780392156862746,0.03852941176470588,0.03902352941176471,0.07877843137254903,0.13565686274509803,0.7691588235294118,0.09519803921568627,-0.04045882352941177,51.0,0.12790697674418605,0.32558139534883723,0.05813953488372093,0.11627906976744186,0.1511627906976744,0.10465116279069768,0.11627906976744186,0.27906976744186046,0.5581395348837209,0.29069767441860467,0.26744186046511625,0.6766255813953488,0.17057093023255815,0.03954883720930233,0.03955930232558139,0.07369186046511628,0.12947093023255812,0.7792593023255814,0.09125581395348838,-0.03821511627906977,86.0
2023-05-24,105.9800033569336,108.91000366210938,105.63999938964844,108.2699966430664,108.2699966430664,65910500.0,,,AMD,0.0013872909052354,0.125,0.3194444444444444,0.1111111111111111,0.18055555555555555,0.1527777777777778,0.2777777777777778,0.09722222222222222,0.4722222222222222,0.6527777777777778,0.4583333333333333,0.19444444444444445,0.6820152777777778,0.13976944444444445,0.05227361111111111,0.043958333333333335,0.08199166666666666,0.178975,0.6953819444444445,0.12564444444444445,-0.05333055555555556,72.0,0.09803921568627451,0.23529411764705882,0.0784313725490196,0.1568627450980392,0.13725490196078433,0.11764705882352941,0.09803921568627451,0.3137254901960784,0.6078431372549019,0.27450980392156865,0.3333333333333333,0.685878431372549,0.15780392156862746,0.03852941176470588,0.03902352941176471,0.07877843137254903,0.13565686274509803,0.7691588235294118,0.09519803921568627,-0.04045882352941177,51.0
2023-05-25,117.30999755859376,120.69000244140624,115.8000030517578,120.3499984741211,120.3499984741211,108514700.0,,,AMD,0.1115729399242415,0.12121212121212122,0.21212121212121213,0.12121212121212122,0.15151515151515152,0.18181818181818182,0.12121212121212122,0.12121212121212122,0.15151515151515152,0.45454545454545453,0.2727272727272727,0.18181818181818182,0.6354181818181819,0.20193939393939392,0.04312121212121212,0.037251515151515154,0.08227878787878787,0.15523030303030305,0.7402121212121212,0.10455151515151516,-0.05067878787878788,33.0,0.125,0.3194444444444444,0.1111111111111111,0.18055555555555555,0.1527777777777778,0.2777777777777778,0.09722222222222222,0.4722222222222222,0.6527777777777778,0.4583333333333333,0.19444444444444445,0.6820152777777778,0.13976944444444445,0.05227361111111111,0.043958333333333335,0.08199166666666666,0.178975,0.6953819444444445,0.12564444444444445,-0.05333055555555556,72.0
2023-05-26,122.45999908447266,127.43000030517578,120.88999938964844,127.02999877929688,127.02999877929688,92922800.0,,,AMD,0.0555047809710789,0.07894736842105263,0.07894736842105263,0.05263157894736842,0.10526315789473684,0.02631578947368421,0.15789473684210525,0.0,0.18421052631578946,0.5,0.21052631578947367,0.2894736842105263,0.6063921052631579,0.21817105263157893,0.041813157894736844,0.039486842105263154,0.09413947368421054,0.1300578947368421,0.7041605263157894,0.16577105263157893,0.03571315789473684,38.0,0.12121212121212122,0.21212121212121213,0.12121212121212122,0.15151515151515152,0.18181818181818182,0.12121212121212122,0.12121212121212122,0.15151515151515152,0.45454545454545453,0.2727272727272727,0.18181818181818182,0.6354181818181819,0.20193939393939392,0.04312121212121212,0.037251515151515154,0.08227878787878787,0.15523030303030305,0.7402121212121212,0.10455151515151516,-0.05067878787878788,33.0
2023-05-30,130.4199981689453,130.7899932861328,123.51000213623048,125.2699966430664,125.2699966430664,98902300.0,,,AMD,-0.0138550118329789,0.09302325581395349,0.20930232558139536,0.046511627906976744,0.12403100775193798,0.10077519379844961,0.14728682170542637,0.06201550387596899,0.24806201550387597,0.4883720930232558,0.23255813953488372,0.2558139534883721,0.6910209302325582,0.17880542635658914,0.027700000000000002,0.026748837209302326,0.07572868217054264,0.14431937984496124,0.7553046511627907,0.10037209302325582,-0.04394728682170543,129.0,0.07894736842105263,0.07894736842105263,0.05263157894736842,0.10526315789473684,0.02631578947368421,0.15789473684210525,0.0,0.18421052631578946,0.5,0.21052631578947367,0.2894736842105263,0.6063921052631579,0.21817105263157893,0.041813157894736844,0.039486842105263154,0.09413947368421054,0.1300578947368421,0.7041605263157894,0.16577105263157893,0.03571315789473684,38.0
2023-05-31,122.41999816894533,123.95999908447266,117.86000061035156,118.20999908447266,118.20999908447266,87552200.0,,,AMD,-0.0563582481662381,0.15,0.2,0.05,0.05,0.05,0.15,0.05,0.25,0.25,0.2,0.05,0.6322099999999999,0.20770499999999997,0.0251,0.06367500000000001,0.071285,0.13964000000000001,0.77269,0.08767,-0.05197,20.0,0.09302325581395349,0.20930232558139536,0.046511627906976744,0.12403100775193798,0.10077519379844961,0.14728682170542637,0.06201550387596899,0.24806201550387597,0.4883720930232558,0.23255813953488372,0.2558139534883721,0.6910209302325582,0.17880542635658914,0.027700000000000002,0.026748837209302326,0.07572868217054264,0.14431937984496124,0.7553046511627907,0.10037209302325582,-0.04394728682170543,129.0
2023-06-01,117.29000091552734,121.27999877929688,116.5999984741211,119.47000122070312,119.47000122070312,66032900.0,,,AMD,0.0106590148548268,0.2,0.2,0.1,0.1,0.0,0.2,0.0,0.1,0.3,0.2,0.1,0.73624,0.1941,0.02027,0.01987,0.02952,0.25983999999999996,0.67895,0.06122999999999999,-0.19861,10.0,0.15,0.2,0.05,0.05,0.05,0.15,0.05,0.25,0.25,0.2,0.05,0.6322099999999999,0.20770499999999997,0.0251,0.06367500000000001,0.071285,0.13964000000000001,0.77269,0.08767,-0.05197,20.0
2023-06-02,120.75,121.66000366210938,117.68000030517578,117.86000061035156,117.86000061035156,52382400.0,,,AMD,-0.0134761914614642,0.18518518518518517,0.7407407407407407,0.1111111111111111,0.37037037037037035,0.37037037037037035,0.2222222222222222,0.4444444444444444,0.7037037037037037,0.6666666666666666,0.37037037037037035,0.2962962962962963,0.5658555555555556,0.22596296296296295,0.042451851851851845,0.030766666666666668,0.13494444444444445,0.13920370370370372,0.7182925925925926,0.14250740740740742,0.003303703703703703,27.0,0.2,0.2,0.1,0.1,0.0,0.2,0.0,0.1,0.3,0.2,0.1,0.73624,0.1941,0.02027,0.01987,0.02952,0.25983999999999996,0.67895,0.06122999999999999,-0.19861,10.0
2023-06-05,116.58999633789062,119.31999969482422,116.41999816894533,117.93000030517578,117.93000030517578,52602900.0,,,AMD,0.0005939224033744,0.20202020202020202,0.32323232323232326,0.10101010101010101,0.1717171717171717,0.13131313131313133,0.16161616161616163,0.1111111111111111,0.35353535353535354,0.6262626262626263,0.3939393939393939,0.23232323232323232,0.6502929292929294,0.18092020202020204,0.0446040404040404,0.03345959595959596,0.09073232323232323,0.16356363636363636,0.7418131313131313,0.09462626262626263,-0.06893737373737374,99.0,0.18518518518518517,0.7407407407407407,0.1111111111111111,0.37037037037037035,0.37037037037037035,0.2222222222222222,0.4444444444444444,0.7037037037037037,0.6666666666666666,0.37037037037037035,0.2962962962962963,0.5658555555555556,0.22596296296296295,0.042451851851851845,0.030766666666666668,0.13494444444444445,0.13920370370370372,0.7182925925925926,0.14250740740740742,0.003303703703703703,27.0
2023-06-06,117.91000366210938,124.41999816894533,117.73999786376952,124.2300033569336,124.2300033569336,75257500.0,,,AMD,0.0534215469808772,0.12121212121212122,0.15151515151515152,0.030303030303030304,0.3333333333333333,0.15151515151515152,0.36363636363636365,0.15151515151515152,0.42424242424242425,0.48484848484848486,0.45454545454545453,0.030303030303030304,0.6790909090909091,0.12366666666666665,0.09254848484848485,0.03550909090909091,0.0692,0.25256666666666666,0.6733787878787878,0.07404848484848485,-0.1785181818181818,33.0,0.20202020202020202,0.32323232323232326,0.10101010101010101,0.1717171717171717,0.13131313131313133,0.16161616161616163,0.1111111111111111,0.35353535353535354,0.6262626262626263,0.3939393939393939,0.23232323232323232,0.6502929292929294,0.18092020202020204,0.0446040404040404,0.03345959595959596,0.09073232323232323,0.16356363636363636,0.7418131313131313,0.09462626262626263,-0.06893737373737374,99.0
2023-06-07,124.02999877929688,125.33999633789062,117.06999969482422,117.83000183105467,117.83000183105467,81755200.0,,,AMD,-0.0515173577472315,0.043478260869565216,0.17391304347826086,0.08695652173913043,0.043478260869565216,0.08695652173913043,0.08695652173913043,0.043478260869565216,0.21739130434782608,0.43478260869565216,0.13043478260869565,0.30434782608695654,0.7359826086956522,0.15301304347826086,0.040100000000000004,0.0244,0.04648260869565217,0.05832173913043478,0.8388739130434782,0.10280434782608695,0.04448260869565217,23.0,0.12121212121212122,0.15151515151515152,0.030303030303030304,0.3333333333333333,0.15151515151515152,0.36363636363636365,0.15151515151515152,0.42424242424242425,0.48484848484848486,0.45454545454545453,0.030303030303030304,0.6790909090909091,0.12366666666666665,0.09254848484848485,0.03550909090909091,0.0692,0.25256666666666666,0.6733787878787878,0.07404848484848485,-0.1785181818181818,33.0
2023-06-08,118.3000030517578,122.20999908447266,117.0500030517578,121.0500030517578,121.0500030517578,65246900.0,,,AMD,0.0273275156637948,0.0,0.2,0.0,0.0,0.0,0.06666666666666667,0.0,0.13333333333333333,0.26666666666666666,0.06666666666666667,0.2,0.61858,0.13366666666666666,0.03884,0.029333333333333333,0.17955333333333331,0.12084,0.7108399999999999,0.16832,0.04748,15.0,0.043478260869565216,0.17391304347826086,0.08695652173913043,0.043478260869565216,0.08695652173913043,0.08695652173913043,0.043478260869565216,0.21739130434782608,0.43478260869565216,0.13043478260869565,0.30434782608695654,0.7359826086956522,0.15301304347826086,0.040100000000000004,0.0244,0.04648260869565217,0.05832173913043478,0.8388739130434782,0.10280434782608695,0.04448260869565217,23.0
2023-06-09,123.56999969482422,127.25,123.5500030517578,124.91999816894533,124.91999816894533,75105000.0,,,AMD,0.0319702190799022,0.12,0.08,0.2,0.36,0.12,0.24,0.04,0.24,0.52,0.36,0.16,0.642496,0.21449200000000002,0.040052000000000004,0.041916,0.061028,0.131496,0.73372,0.1348,0.0033040000000000066,25.0,0.0,0.2,0.0,0.0,0.0,0.06666666666666667,0.0,0.13333333333333333,0.26666666666666666,0.06666666666666667,0.2,0.61858,0.13366666666666666,0.03884,0.029333333333333333,0.17955333333333331,0.12084,0.7108399999999999,0.16832,0.04748,15.0
2023-06-12,128.52000427246094,130.47999572753906,126.4000015258789,129.19000244140625,129.19000244140625,85394700.0,,,AMD,0.0341819111035053,0.09259259259259259,0.3333333333333333,0.07407407407407407,0.14814814814814814,0.05555555555555555,0.16666666666666666,0.05555555555555555,0.46296296296296297,0.7592592592592593,0.4074074074074074,0.35185185185185186,0.6243148148148149,0.1748722222222222,0.03966296296296296,0.04686666666666667,0.11429444444444445,0.1813648148148148,0.7387259259259259,0.0799037037037037,-0.10146111111111111,54.0,0.12,0.08,0.2,0.36,0.12,0.24,0.04,0.24,0.52,0.36,0.16,0.642496,0.21449200000000002,0.040052000000000004,0.041916,0.061028,0.131496,0.73372,0.1348,0.0033040000000000066,25.0
2023-06-13,132.32000732421875,132.8300018310547,122.4499969482422,124.52999877929688,124.52999877929688,132461900.0,,,AMD,-0.0360709309857232,,,,,,,,,,,,,,,,,,,,,,0.09259259259259259,0.3333333333333333,0.07407407407407407,0.14814814814814814,0.05555555555555555,0.16666666666666666,0.05555555555555555,0.46296296296296297,0.7592592592592593,0.4074074074074074,0.35185185185185186,0.6243148148148149,0.1748722222222222,0.03966296296296296,0.04686666666666667,0.11429444444444445,0.1813648148148148,0.7387259259259259,0.0799037037037037,-0.10146111111111111,54.0
2023-06-14,126.52999877929688,127.7300033569336,123.80999755859376,127.33000183105467,127.33000183105467,95888100.0,,,AMD,0.0224845666040696,0.07407407407407407,0.2222222222222222,0.018518518518518517,0.07407407407407407,0.18518518518518517,0.09259259259259259,0.07407407407407407,0.6851851851851852,1.1481481481481481,0.12962962962962962,1.0185185185185186,0.7082092592592593,0.1195611111111111,0.030116666666666667,0.061003703703703706,0.0811111111111111,0.05693333333333333,0.7296074074074075,0.21346851851851853,0.15653518518518517,54.0,,,,,,,,,,,,,,,,,,,,,
2023-06-15,125.38999938964844,125.6999969482422,122.26000213623048,124.23999786376952,124.23999786376952,85587100.0,,,AMD,-0.0242676817941546,0.13333333333333333,0.16666666666666666,0.1,0.3333333333333333,0.1,0.3333333333333333,0.13333333333333333,0.36666666666666664,0.6666666666666666,0.4,0.26666666666666666,0.6583466666666666,0.17123333333333332,0.048,0.03317666666666667,0.08921,0.09674333333333333,0.8228433333333334,0.08041000000000001,-0.016333333333333335,30.0,0.07407407407407407,0.2222222222222222,0.018518518518518517,0.07407407407407407,0.18518518518518517,0.09259259259259259,0.07407407407407407,0.6851851851851852,1.1481481481481481,0.12962962962962962,1.0185185185185186,0.7082092592592593,0.1195611111111111,0.030116666666666667,0.061003703703703706,0.0811111111111111,0.05693333333333333,0.7296074074074075,0.21346851851851853,0.15653518518518517,54.0
2023-06-16,125.81999969482422,125.8499984741211,119.9000015258789,120.08000183105467,120.08000183105467,82007100.0,,,AMD,-0.0334835488107165,0.1836734693877551,0.16326530612244897,0.10204081632653061,0.10204081632653061,0.04081632653061224,0.10204081632653061,0.08163265306122448,0.3877551020408163,0.42857142857142855,0.3877551020408163,0.04081632653061224,0.6489714285714286,0.19134489795918366,0.044408163265306125,0.04699183673469388,0.06826734693877551,0.13788571428571428,0.7683448979591836,0.09376938775510203,-0.044116326530612246,49.0,0.13333333333333333,0.16666666666666666,0.1,0.3333333333333333,0.1,0.3333333333333333,0.13333333333333333,0.36666666666666664,0.6666666666666666,0.4,0.26666666666666666,0.6583466666666666,0.17123333333333332,0.048,0.03317666666666667,0.08921,0.09674333333333333,0.8228433333333334,0.08041000000000001,-0.016333333333333335,30.0
2023-06-20,119.08999633789062,121.75,117.6999969482422,118.93000030517578,118.93000030517578,58851800.0,,,AMD,-0.0095769612620165,0.175,0.325,0.10625,0.1875,0.1375,0.15625,0.08125,0.29375,0.51875,0.35,0.16875,0.554771875,0.23101687499999998,0.061233125,0.04916875,0.10380375,0.1757325,0.70560125,0.118664375,-0.057068125000000004,160.0,0.1836734693877551,0.16326530612244897,0.10204081632653061,0.10204081632653061,0.04081632653061224,0.10204081632653061,0.08163265306122448,0.3877551020408163,0.42857142857142855,0.3877551020408163,0.04081632653061224,0.6489714285714286,0.19134489795918366,0.044408163265306125,0.04699183673469388,0.06826734693877551,0.13788571428571428,0.7683448979591836,0.09376938775510203,-0.044116326530612246,49.0
2023-06-21,118.48999786376952,119.19000244140624,111.66999816894533,112.11000061035156,112.11000061035156,82835600.0,,,AMD,-0.0573446538074835,0.14583333333333334,0.1875,0.125,0.22916666666666666,0.10416666666666667,0.3125,0.125,0.4166666666666667,0.4583333333333333,0.5,-0.041666666666666664,0.5821083333333333,0.23764166666666667,0.10041458333333332,0.03323125,0.0466,0.20410625000000002,0.7395312500000001,0.056370833333333335,-0.14773541666666665,48.0,0.175,0.325,0.10625,0.1875,0.1375,0.15625,0.08125,0.29375,0.51875,0.35,0.16875,0.554771875,0.23101687499999998,0.061233125,0.04916875,0.10380375,0.1757325,0.70560125,0.118664375,-0.057068125000000004,160.0
2023-06-22,112.23999786376952,114.0,109.8499984741211,110.6999969482422,110.6999969482422,70754800.0,,,AMD,-0.0125769659658637,0.04,0.16,0.0,0.2,0.16,0.2,0.16,0.48,0.32,0.4,-0.08,0.5276,0.27956,0.04994400000000001,0.032696,0.11019999999999999,0.17037599999999997,0.732132,0.09749600000000001,-0.07288,25.0,0.14583333333333334,0.1875,0.125,0.22916666666666666,0.10416666666666667,0.3125,0.125,0.4166666666666667,0.4583333333333333,0.5,-0.041666666666666664,0.5821083333333333,0.23764166666666667,0.10041458333333332,0.03323125,0.0466,0.20410625000000002,0.7395312500000001,0.056370833333333335,-0.14773541666666665,48.0
2023-06-23,109.30999755859376,111.0999984741211,107.45999908447266,110.01000213623048,110.01000213623048,73622000.0,,,AMD,-0.0062330156371578,0.1111111111111111,0.26666666666666666,0.022222222222222223,0.15555555555555556,0.044444444444444446,0.13333333333333333,0.044444444444444446,0.24444444444444444,0.4,0.24444444444444444,0.15555555555555556,0.6869999999999999,0.1639,0.04327333333333334,0.03344888888888889,0.07238444444444445,0.07822222222222222,0.767811111111111,0.15398,0.07575777777777778,45.0,0.04,0.16,0.0,0.2,0.16,0.2,0.16,0.48,0.32,0.4,-0.08,0.5276,0.27956,0.04994400000000001,0.032696,0.11019999999999999,0.17037599999999997,0.732132,0.09749600000000001,-0.07288,25.0
2023-06-26,110.9499969482422,112.5500030517578,107.1999969482422,107.51000213623048,107.51000213623048,68557000.0,,,AMD,-0.0227252063580921,0.18181818181818182,0.35064935064935066,0.12987012987012986,0.22077922077922077,0.1038961038961039,0.24675324675324675,0.11688311688311688,0.33766233766233766,0.8181818181818182,0.36363636363636365,0.45454545454545453,0.6308285714285714,0.16341818181818182,0.04418701298701299,0.05465064935064935,0.10692727272727272,0.09892467532467533,0.7774818181818183,0.1235909090909091,0.024666233766233763,77.0,0.1111111111111111,0.26666666666666666,0.022222222222222223,0.15555555555555556,0.044444444444444446,0.13333333333333333,0.044444444444444446,0.24444444444444444,0.4,0.24444444444444444,0.15555555555555556,0.6869999999999999,0.1639,0.04327333333333334,0.03344888888888889,0.07238444444444445,0.07822222222222222,0.767811111111111,0.15398,0.07575777777777778,45.0
2023-06-27,108.56999969482422,110.97000122070312,107.08000183105467,110.38999938964844,110.38999938964844,59381600.0,,,AMD,0.0267881796687956,0.12195121951219512,0.34146341463414637,0.12195121951219512,0.1951219512195122,0.24390243902439024,0.17073170731707318,0.17073170731707318,0.4878048780487805,0.6585365853658537,0.4146341463414634,0.24390243902439024,0.6856414634146342,0.13249024390243902,0.029743902439024392,0.03344634146341463,0.11868292682926829,0.17105365853658538,0.7383414634146341,0.09061463414634147,-0.0804390243902439,41.0,0.18181818181818182,0.35064935064935066,0.12987012987012986,0.22077922077922077,0.1038961038961039,0.24675324675324675,0.11688311688311688,0.33766233766233766,0.8181818181818182,0.36363636363636365,0.45454545454545453,0.6308285714285714,0.16341818181818182,0.04418701298701299,0.05465064935064935,0.10692727272727272,0.09892467532467533,0.7774818181818183,0.1235909090909091,0.024666233766233763,77.0
2023-06-28,108.20999908447266,111.77999877929688,107.62999725341795,110.16999816894533,110.16999816894533,67534100.0,,,AMD,-0.0019929452116994,0.2894736842105263,0.23684210526315788,0.13157894736842105,0.2631578947368421,0.10526315789473684,0.34210526315789475,0.10526315789473684,0.2894736842105263,0.7894736842105263,0.631578947368421,0.15789473684210525,0.5923473684210526,0.20086052631578946,0.07455526315789474,0.054747368421052635,0.07749473684210526,0.16748684210526318,0.6464973684210527,0.1860236842105263,0.018536842105263157,38.0,0.12195121951219512,0.34146341463414637,0.12195121951219512,0.1951219512195122,0.24390243902439024,0.17073170731707318,0.17073170731707318,0.4878048780487805,0.6585365853658537,0.4146341463414634,0.24390243902439024,0.6856414634146342,0.13249024390243902,0.029743902439024392,0.03344634146341463,0.11868292682926829,0.17105365853658538,0.7383414634146341,0.09061463414634147,-0.0804390243902439,41.0
2023-06-29,112.06999969482422,112.76000213623048,109.83999633789062,111.23999786376952,111.23999786376952,58347200.0,,,AMD,0.0097122602578547,0.034482758620689655,0.20689655172413793,0.034482758620689655,0.06896551724137931,0.10344827586206896,0.10344827586206896,0.034482758620689655,0.1724137931034483,0.2413793103448276,0.20689655172413793,0.034482758620689655,0.6579103448275861,0.14562758620689656,0.040617241379310345,0.07333103448275861,0.08254137931034483,0.13603793103448275,0.7590275862068966,0.10493793103448276,-0.031100000000000003,29.0,0.2894736842105263,0.23684210526315788,0.13157894736842105,0.2631578947368421,0.10526315789473684,0.34210526315789475,0.10526315789473684,0.2894736842105263,0.7894736842105263,0.631578947368421,0.15789473684210525,0.5923473684210526,0.20086052631578946,0.07455526315789474,0.054747368421052635,0.07749473684210526,0.16748684210526318,0.6464973684210527,0.1860236842105263,0.018536842105263157,38.0
2023-06-30,113.02999877929688,114.69000244140624,112.41000366210938,113.91000366210938,113.91000366210938,53378800.0,,,AMD,0.0240022100828309,0.24603174603174602,0.42857142857142855,0.15873015873015872,0.24603174603174602,0.2619047619047619,0.2619047619047619,0.21428571428571427,0.6904761904761905,1.119047619047619,0.5079365079365079,0.6111111111111112,0.6788373015873016,0.16254523809523808,0.045965873015873016,0.0375984126984127,0.07505555555555556,0.17120396825396825,0.7090531746031746,0.1197420634920635,-0.05146190476190476,126.0,0.034482758620689655,0.20689655172413793,0.034482758620689655,0.06896551724137931,0.10344827586206896,0.10344827586206896,0.034482758620689655,0.1724137931034483,0.2413793103448276,0.20689655172413793,0.034482758620689655,0.6579103448275861,0.14562758620689656,0.040617241379310345,0.07333103448275861,0.08254137931034483,0.13603793103448275,0.7590275862068966,0.10493793103448276,-0.031100000000000003,29.0
2023-07-03,115.16000366210938,116.7300033569336,114.51000213623048,115.81999969482422,115.81999969482422,31860000.0,,,AMD,0.016767588195155,0.27941176470588236,0.3235294117647059,0.20588235294117646,0.19117647058823528,0.17647058823529413,0.22058823529411764,0.16176470588235295,0.4117647058823529,0.5294117647058824,0.47058823529411764,0.058823529411764705,0.5762764705882353,0.22748235294117647,0.06526764705882353,0.0293,0.10168823529411763,0.21689117647058823,0.6507529411764705,0.13235,-0.08454117647058823,68.0,0.24603174603174602,0.42857142857142855,0.15873015873015872,0.24603174603174602,0.2619047619047619,0.2619047619047619,0.21428571428571427,0.6904761904761905,1.119047619047619,0.5079365079365079,0.6111111111111112,0.6788373015873016,0.16254523809523808,0.045965873015873016,0.0375984126984127,0.07505555555555556,0.17120396825396825,0.7090531746031746,0.1197420634920635,-0.05146190476190476,126.0
2023-07-05,116.0999984741211,117.66000366210938,113.86000061035156,113.9499969482422,113.9499969482422,49501600.0,,,AMD,-0.016145767151695,0.19047619047619047,0.2857142857142857,0.047619047619047616,0.3492063492063492,0.047619047619047616,0.3333333333333333,0.09523809523809523,0.30158730158730157,0.6825396825396826,0.5873015873015873,0.09523809523809523,0.6651269841269841,0.20795238095238094,0.03231111111111111,0.030146031746031747,0.06446349206349207,0.20845396825396825,0.7098111111111111,0.08172539682539683,-0.12672857142857144,63.0,0.27941176470588236,0.3235294117647059,0.20588235294117646,0.19117647058823528,0.17647058823529413,0.22058823529411764,0.16176470588235295,0.4117647058823529,0.5294117647058824,0.47058823529411764,0.058823529411764705,0.5762764705882353,0.22748235294117647,0.06526764705882353,0.0293,0.10168823529411763,0.21689117647058823,0.6507529411764705,0.13235,-0.08454117647058823,68.0
2023-07-06,112.06999969482422,113.79000091552734,110.30999755859376,113.4800033569336,113.4800033569336,42342000.0,,,AMD,-0.004124559928879,0.1,0.225,0.075,0.15,0.05,0.175,0.1,0.35,0.425,0.425,0.0,0.715085,0.1279125,0.027095,0.0328875,0.097005,0.1850275,0.6822725000000001,0.132715,-0.0523125,40.0,0.19047619047619047,0.2857142857142857,0.047619047619047616,0.3492063492063492,0.047619047619047616,0.3333333333333333,0.09523809523809523,0.30158730158730157,0.6825396825396826,0.5873015873015873,0.09523809523809523,0.6651269841269841,0.20795238095238094,0.03231111111111111,0.030146031746031747,0.06446349206349207,0.20845396825396825,0.7098111111111111,0.08172539682539683,-0.12672857142857144,63.0
2023-07-07,114.16000366210938,115.33000183105467,113.04000091552734,113.16999816894533,113.16999816894533,37211300.0,,,AMD,-0.0027318045366389,0.13333333333333333,0.26666666666666666,0.06666666666666667,0.23333333333333334,0.06666666666666667,0.23333333333333334,0.03333333333333333,0.26666666666666666,0.5333333333333333,0.43333333333333335,0.1,0.5863200000000001,0.22440666666666667,0.039573333333333335,0.05992,0.08976999999999999,0.13049,0.7918766666666667,0.07763999999999999,-0.052849999999999994,30.0,0.1,0.225,0.075,0.15,0.05,0.175,0.1,0.35,0.425,0.425,0.0,0.715085,0.1279125,0.027095,0.0328875,0.097005,0.1850275,0.6822725000000001,0.132715,-0.0523125,40.0
2023-07-10,113.0,113.61000061035156,109.87999725341795,113.58000183105467,113.58000183105467,49330200.0,,,AMD,0.0036229006692858,0.136,0.312,0.08,0.144,0.104,0.104,0.064,0.216,0.488,0.288,0.2,0.6536112000000001,0.1856944,0.039036,0.0338264,0.08784,0.1440512,0.7322992,0.1236552,-0.020396,125.0,0.13333333333333333,0.26666666666666666,0.06666666666666667,0.23333333333333334,0.06666666666666667,0.23333333333333334,0.03333333333333333,0.26666666666666666,0.5333333333333333,0.43333333333333335,0.1,0.5863200000000001,0.22440666666666667,0.039573333333333335,0.05992,0.08976999999999999,0.13049,0.7918766666666667,0.07763999999999999,-0.052849999999999994,30.0
2023-07-11,111.66000366210938,113.2699966430664,109.5,111.31999969482422,111.31999969482422,59899500.0,,,AMD,-0.0198978878305716,0.11764705882352941,0.20588235294117646,0.058823529411764705,0.23529411764705882,0.11764705882352941,0.17647058823529413,0.14705882352941177,0.23529411764705882,0.4117647058823529,0.23529411764705882,0.17647058823529413,0.6052676470588235,0.19470588235294117,0.06118529411764705,0.041914705882352944,0.0969264705882353,0.16474411764705882,0.7312235294117647,0.1040264705882353,-0.06071764705882353,34.0,0.136,0.312,0.08,0.144,0.104,0.104,0.064,0.216,0.488,0.288,0.2,0.6536112000000001,0.1856944,0.039036,0.0338264,0.08784,0.1440512,0.7322992,0.1236552,-0.020396,125.0
2023-07-12,112.88999938964844,115.4000015258789,112.30999755859376,114.58000183105467,114.58000183105467,57993100.0,,,AMD,0.0292849635749867,0.02857142857142857,0.17142857142857143,0.08571428571428572,0.14285714285714285,0.05714285714285714,0.08571428571428572,0.02857142857142857,0.17142857142857143,0.5142857142857142,0.2,0.3142857142857143,0.6865228571428572,0.12208285714285715,0.04688285714285714,0.03586,0.10864571428571429,0.14806,0.7201942857142858,0.13174285714285713,-0.01631714285714285,35.0,0.11764705882352941,0.20588235294117646,0.058823529411764705,0.23529411764705882,0.11764705882352941,0.17647058823529413,0.14705882352941177,0.23529411764705882,0.4117647058823529,0.23529411764705882,0.17647058823529413,0.6052676470588235,0.19470588235294117,0.06118529411764705,0.041914705882352944,0.0969264705882353,0.16474411764705882,0.7312235294117647,0.1040264705882353,-0.06071764705882353,34.0
2023-07-13,115.76000213623048,116.16000366210938,113.58000183105467,115.91999816894533,115.91999816894533,49206700.0,,,AMD,0.0116948535213539,0.08333333333333333,0.125,0.08333333333333333,0.20833333333333334,0.041666666666666664,0.16666666666666666,0.08333333333333333,0.125,0.16666666666666666,0.25,-0.08333333333333333,0.7765583333333334,0.12373333333333335,0.03047916666666667,0.027170833333333335,0.042058333333333336,0.18696666666666664,0.7255291666666667,0.08750833333333334,-0.09945833333333333,24.0,0.02857142857142857,0.17142857142857143,0.08571428571428572,0.14285714285714285,0.05714285714285714,0.08571428571428572,0.02857142857142857,0.17142857142857143,0.5142857142857142,0.2,0.3142857142857143,0.6865228571428572,0.12208285714285715,0.04688285714285714,0.03586,0.10864571428571429,0.14806,0.7201942857142858,0.13174285714285713,-0.01631714285714285,35.0
2023-07-14,116.16999816894533,122.12000274658205,115.25,115.94000244140624,115.94000244140624,91927200.0,,,AMD,0.0001725696409324,0.14285714285714285,0.4489795918367347,0.12244897959183673,0.20408163265306123,0.24489795918367346,0.14285714285714285,0.20408163265306123,0.5306122448979592,0.7346938775510204,0.3877551020408163,0.3469387755102041,0.5858102040816326,0.23936734693877548,0.06195510204081633,0.03242040816326531,0.08044081632653062,0.15618163265306123,0.6643040816326531,0.1795061224489796,0.023324489795918373,49.0,0.08333333333333333,0.125,0.08333333333333333,0.20833333333333334,0.041666666666666664,0.16666666666666666,0.08333333333333333,0.125,0.16666666666666666,0.25,-0.08333333333333333,0.7765583333333334,0.12373333333333335,0.03047916666666667,0.027170833333333335,0.042058333333333336,0.18696666666666664,0.7255291666666667,0.08750833333333334,-0.09945833333333333,24.0
2023-07-17,115.9499969482422,118.83999633789062,112.7300033569336,118.31999969482422,118.31999969482422,68593300.0,,,AMD,0.0205278351155873,0.18,0.33,0.08,0.17,0.24,0.22,0.15,0.4,0.63,0.34,0.29,0.70818,0.155864,0.029302,0.03412,0.07253,0.121468,0.786666,0.091866,-0.029602,100.0,0.14285714285714285,0.4489795918367347,0.12244897959183673,0.20408163265306123,0.24489795918367346,0.14285714285714285,0.20408163265306123,0.5306122448979592,0.7346938775510204,0.3877551020408163,0.3469387755102041,0.5858102040816326,0.23936734693877548,0.06195510204081633,0.03242040816326531,0.08044081632653062,0.15618163265306123,0.6643040816326531,0.1795061224489796,0.023324489795918373,49.0
2023-07-18,117.5500030517578,118.43000030517578,115.19000244140624,117.93000030517578,117.93000030517578,57980100.0,,,AMD,-0.0032961408946444,0.02702702702702703,0.24324324324324326,0.0,0.0,0.08108108108108109,0.0,0.08108108108108109,0.1891891891891892,0.3783783783783784,0.08108108108108109,0.2972972972972973,0.6824324324324325,0.19828648648648647,0.042408108108108106,0.0248,0.0521,0.1294189189189189,0.7282216216216216,0.14234864864864863,0.01292972972972973,37.0,0.18,0.33,0.08,0.17,0.24,0.22,0.15,0.4,0.63,0.34,0.29,0.70818,0.155864,0.029302,0.03412,0.07253,0.121468,0.786666,0.091866,-0.029602,100.0
2023-07-19,121.3000030517578,121.66999816894533,115.5500030517578,116.43000030517578,116.43000030517578,70363100.0,,,AMD,-0.0127194097864694,0.06896551724137931,0.20689655172413793,0.0,0.06896551724137931,0.1724137931034483,0.034482758620689655,0.10344827586206896,0.2413793103448276,0.5517241379310345,0.10344827586206896,0.4482758620689655,0.7103172413793103,0.12237241379310344,0.05713103448275862,0.03615172413793104,0.07401034482758621,0.08902068965517242,0.7610689655172415,0.1499206896551724,0.0609,29.0,0.02702702702702703,0.24324324324324326,0.0,0.0,0.08108108108108109,0.0,0.08108108108108109,0.1891891891891892,0.3783783783783784,0.08108108108108109,0.2972972972972973,0.6824324324324325,0.19828648648648647,0.042408108108108106,0.0248,0.0521,0.1294189189189189,0.7282216216216216,0.14234864864864863,0.01292972972972973,37.0
2023-07-20,114.95999908447266,115.0500030517578,109.23999786376952,110.25,110.25,76340400.0,,,AMD,-0.0530791058058689,0.06451612903225806,0.2903225806451613,0.04838709677419355,0.11290322580645161,0.08064516129032258,0.0967741935483871,0.08064516129032258,0.3064516129032258,0.6451612903225806,0.24193548387096775,0.4032258064516129,0.6082822580645162,0.23001129032258064,0.03775967741935484,0.04575483870967742,0.07818870967741935,0.11681129032258065,0.7607338709677419,0.12245806451612903,0.005646774193548387,62.0,0.06896551724137931,0.20689655172413793,0.0,0.06896551724137931,0.1724137931034483,0.034482758620689655,0.10344827586206896,0.2413793103448276,0.5517241379310345,0.10344827586206896,0.4482758620689655,0.7103172413793103,0.12237241379310344,0.05713103448275862,0.03615172413793104,0.07401034482758621,0.08902068965517242,0.7610689655172415,0.1499206896551724,0.0609,29.0
2023-07-21,110.97000122070312,112.3000030517578,109.54000091552734,110.9499969482422,110.9499969482422,76815400.0,,,AMD,0.0063491786688634,0.19047619047619047,0.047619047619047616,0.09523809523809523,0.19047619047619047,0.0,0.19047619047619047,0.0,0.0,0.09523809523809523,0.38095238095238093,-0.2857142857142857,0.593404761904762,0.2919,0.05681428571428572,0.023123809523809522,0.034742857142857145,0.30137619047619046,0.6070714285714286,0.09155714285714286,-0.20981904761904763,21.0,0.06451612903225806,0.2903225806451613,0.04838709677419355,0.11290322580645161,0.08064516129032258,0.0967741935483871,0.08064516129032258,0.3064516129032258,0.6451612903225806,0.24193548387096775,0.4032258064516129,0.6082822580645162,0.23001129032258064,0.03775967741935484,0.04575483870967742,0.07818870967741935,0.11681129032258065,0.7607338709677419,0.12245806451612903,0.005646774193548387,62.0
2023-07-24,110.62000274658205,111.30999755859376,108.5500030517578,110.61000061035156,110.61000061035156,45583600.0,,,AMD,-0.0030644105204369,0.18018018018018017,0.2882882882882883,0.04504504504504504,0.22522522522522523,0.08108108108108109,0.21621621621621623,0.0990990990990991,0.26126126126126126,0.5495495495495496,0.3783783783783784,0.17117117117117117,0.6278261261261261,0.19692612612612612,0.04605675675675676,0.04022342342342343,0.08897027027027027,0.1424,0.7351711711711711,0.12242072072072072,-0.019979279279279276,111.0,0.19047619047619047,0.047619047619047616,0.09523809523809523,0.19047619047619047,0.0,0.19047619047619047,0.0,0.0,0.09523809523809523,0.38095238095238093,-0.2857142857142857,0.593404761904762,0.2919,0.05681428571428572,0.023123809523809522,0.034742857142857145,0.30137619047619046,0.6070714285714286,0.09155714285714286,-0.20981904761904763,21.0
2023-07-25,111.13999938964844,114.0500030517578,111.0,113.0,113.0,44916300.0,,,AMD,0.0216074439604041,0.1044776119402985,0.2537313432835821,0.16417910447761194,0.2537313432835821,0.11940298507462686,0.29850746268656714,0.1044776119402985,0.417910447761194,0.4925373134328358,0.4626865671641791,0.029850746268656716,0.7455731343283583,0.11725820895522387,0.02882537313432836,0.037891044776119404,0.07045373134328357,0.18531194029850748,0.686958208955224,0.12772985074626866,-0.057582089552238806,67.0,0.18018018018018017,0.2882882882882883,0.04504504504504504,0.22522522522522523,0.08108108108108109,0.21621621621621623,0.0990990990990991,0.26126126126126126,0.5495495495495496,0.3783783783783784,0.17117117117117117,0.6278261261261261,0.19692612612612612,0.04605675675675676,0.04022342342342343,0.08897027027027027,0.1424,0.7351711711711711,0.12242072072072072,-0.019979279279279276,111.0
2023-07-26,111.91000366210938,112.36000061035156,109.3000030517578,110.08999633789062,110.08999633789062,51721700.0,,,AMD,-0.0257522447974281,0.02702702702702703,0.16216216216216217,0.0,0.10810810810810811,0.02702702702702703,0.10810810810810811,0.08108108108108109,0.21621621621621623,0.4864864864864865,0.16216216216216217,0.32432432432432434,0.7652594594594594,0.10464594594594595,0.040278378378378374,0.034427027027027025,0.05536756756756757,0.08477027027027026,0.8034864864864865,0.11175945945945948,0.02698918918918919,37.0,0.1044776119402985,0.2537313432835821,0.16417910447761194,0.2537313432835821,0.11940298507462686,0.29850746268656714,0.1044776119402985,0.417910447761194,0.4925373134328358,0.4626865671641791,0.029850746268656716,0.7455731343283583,0.11725820895522387,0.02882537313432836,0.037891044776119404,0.07045373134328357,0.18531194029850748,0.686958208955224,0.12772985074626866,-0.057582089552238806,67.0
2023-07-27,111.79000091552734,115.08000183105467,110.51000213623048,111.0999984741211,111.0999984741211,70678000.0,,,AMD,0.0091743316361874,0.27419354838709675,0.3709677419354839,0.16129032258064516,0.3064516129032258,0.12903225806451613,0.3387096774193548,0.11290322580645161,0.45161290322580644,0.6451612903225806,0.532258064516129,0.11290322580645161,0.584508064516129,0.23228870967741935,0.05651612903225806,0.04669677419354839,0.07999032258064517,0.22031935483870968,0.6994532258064516,0.08023709677419355,-0.14008225806451613,62.0,0.02702702702702703,0.16216216216216217,0.0,0.10810810810810811,0.02702702702702703,0.10810810810810811,0.08108108108108109,0.21621621621621623,0.4864864864864865,0.16216216216216217,0.32432432432432434,0.7652594594594594,0.10464594594594595,0.040278378378378374,0.034427027027027025,0.05536756756756757,0.08477027027027026,0.8034864864864865,0.11175945945945948,0.02698918918918919,37.0
2023-07-28,113.37999725341795,114.86000061035156,112.44000244140624,112.95999908447266,112.95999908447266,55526000.0,,,AMD,0.0167416798910651,0.2711864406779661,0.3898305084745763,0.2033898305084746,0.3559322033898305,0.15254237288135594,0.23728813559322035,0.13559322033898305,0.2542372881355932,0.576271186440678,0.5423728813559322,0.03389830508474576,0.5636898305084745,0.22312372881355932,0.06379491525423729,0.040654237288135595,0.10873050847457627,0.18458305084745763,0.6897152542372881,0.12568983050847457,-0.058893220338983046,59.0,0.27419354838709675,0.3709677419354839,0.16129032258064516,0.3064516129032258,0.12903225806451613,0.3387096774193548,0.11290322580645161,0.45161290322580644,0.6451612903225806,0.532258064516129,0.11290322580645161,0.584508064516129,0.23228870967741935,0.05651612903225806,0.04669677419354839,0.07999032258064517,0.22031935483870968,0.6994532258064516,0.08023709677419355,-0.14008225806451613,62.0
2023-07-31,114.16000366210938,114.68000030517578,112.3499984741211,114.4000015258789,114.4000015258789,54187300.0,,,AMD,0.0127478970704435,0.08187134502923976,0.3157894736842105,0.07017543859649122,0.16374269005847952,0.17543859649122806,0.18128654970760233,0.09941520467836257,0.3157894736842105,0.6491228070175439,0.32748538011695905,0.3216374269005848,0.6460497076023393,0.20131988304093568,0.0388140350877193,0.0290859649122807,0.08473040935672516,0.12625497076023393,0.753312865497076,0.12043391812865498,-0.005821052631578948,171.0,0.2711864406779661,0.3898305084745763,0.2033898305084746,0.3559322033898305,0.15254237288135594,0.23728813559322035,0.13559322033898305,0.2542372881355932,0.576271186440678,0.5423728813559322,0.03389830508474576,0.5636898305084745,0.22312372881355932,0.06379491525423729,0.040654237288135595,0.10873050847457627,0.18458305084745763,0.6897152542372881,0.12568983050847457,-0.058893220338983046,59.0
2023-08-01,114.26000213623048,118.19000244140624,113.16000366210938,117.5999984741211,117.5999984741211,95279300.0,,,AMD,0.02797200092273,0.16216216216216217,0.13513513513513514,0.05405405405405406,0.13513513513513514,0.05405405405405406,0.05405405405405406,0.05405405405405406,0.2972972972972973,0.7297297297297297,0.2702702702702703,0.4594594594594595,0.5883459459459459,0.20481081081081082,0.0441,0.04392162162162162,0.11881081081081081,0.08556756756756756,0.742172972972973,0.17224864864864864,0.0866810810810811,37.0,0.08187134502923976,0.3157894736842105,0.07017543859649122,0.16374269005847952,0.17543859649122806,0.18128654970760233,0.09941520467836257,0.3157894736842105,0.6491228070175439,0.32748538011695905,0.3216374269005848,0.6460497076023393,0.20131988304093568,0.0388140350877193,0.0290859649122807,0.08473040935672516,0.12625497076023393,0.753312865497076,0.12043391812865498,-0.005821052631578948,171.0
2023-08-02,119.48999786376952,119.5,107.37999725341795,109.3499984741211,109.3499984741211,173372000.0,,,AMD,-0.070153062134737,0.0,0.3125,0.125,0.0625,0.1875,0.15625,0.09375,0.34375,0.5625,0.21875,0.34375,0.5721875,0.252265625,0.035571874999999996,0.030596875,0.10939375,0.19255,0.640425,0.167,-0.02555,32.0,0.16216216216216217,0.13513513513513514,0.05405405405405406,0.13513513513513514,0.05405405405405406,0.05405405405405406,0.05405405405405406,0.2972972972972973,0.7297297297297297,0.2702702702702703,0.4594594594594595,0.5883459459459459,0.20481081081081082,0.0441,0.04392162162162162,0.11881081081081081,0.08556756756756756,0.742172972972973,0.17224864864864864,0.0866810810810811,37.0
2023-08-03,108.9499969482422,114.95999908447266,108.9499969482422,113.1500015258789,113.1500015258789,90605400.0,,,AMD,0.0347508285759796,0.2857142857142857,0.37142857142857144,0.08571428571428572,0.22857142857142856,0.2,0.2,0.05714285714285714,0.4,0.7142857142857143,0.4857142857142857,0.22857142857142856,0.5481514285714286,0.32962857142857144,0.04801999999999999,0.021437142857142856,0.052765714285714284,0.14151714285714287,0.7569914285714285,0.10149999999999999,-0.04001714285714286,35.0,0.0,0.3125,0.125,0.0625,0.1875,0.15625,0.09375,0.34375,0.5625,0.21875,0.34375,0.5721875,0.252265625,0.035571874999999996,0.030596875,0.10939375,0.19255,0.640425,0.167,-0.02555,32.0
2023-08-04,114.4800033569336,118.8499984741211,113.95999908447266,115.81999969482422,115.81999969482422,83169700.0,,,AMD,0.0235969786384373,0.10714285714285714,0.17857142857142858,0.0,0.03571428571428571,0.14285714285714285,0.03571428571428571,0.07142857142857142,0.2857142857142857,0.4642857142857143,0.14285714285714285,0.32142857142857145,0.5193785714285715,0.34064285714285714,0.054425,0.030310714285714285,0.055232142857142855,0.1626857142857143,0.788275,0.04902857142857143,-0.11365714285714286,28.0,0.2857142857142857,0.37142857142857144,0.08571428571428572,0.22857142857142856,0.2,0.2,0.05714285714285714,0.4,0.7142857142857143,0.4857142857142857,0.22857142857142856,0.5481514285714286,0.32962857142857144,0.04801999999999999,0.021437142857142856,0.052765714285714284,0.14151714285714287,0.7569914285714285,0.10149999999999999,-0.04001714285714286,35.0
2023-08-07,116.36000061035156,119.08000183105467,115.48999786376952,116.80999755859376,116.80999755859376,65854800.0,,,AMD,0.0085477280813166,0.06779661016949153,0.3983050847457627,0.059322033898305086,0.15254237288135594,0.211864406779661,0.22033898305084745,0.15254237288135594,0.4322033898305085,0.6610169491525424,0.423728813559322,0.23728813559322035,0.6299118644067797,0.19203474576271187,0.06229406779661017,0.03761186440677966,0.07814237288135593,0.15064322033898306,0.6717584745762711,0.1775949152542373,0.026951694915254246,118.0,0.10714285714285714,0.17857142857142858,0.0,0.03571428571428571,0.14285714285714285,0.03571428571428571,0.07142857142857142,0.2857142857142857,0.4642857142857143,0.14285714285714285,0.32142857142857145,0.5193785714285715,0.34064285714285714,0.054425,0.030310714285714285,0.055232142857142855,0.1626857142857143,0.788275,0.04902857142857143,-0.11365714285714286,28.0
2023-08-08,114.94000244140624,115.45999908447266,111.41000366210938,113.2300033569336,113.2300033569336,54141800.0,,,AMD,-0.0306480119551786,0.125,0.5416666666666666,0.25,0.375,0.25,0.3333333333333333,0.2916666666666667,0.2916666666666667,0.7916666666666666,0.5,0.2916666666666667,0.6393541666666667,0.2035,0.042300000000000004,0.0509125,0.0639375,0.13336666666666666,0.78185,0.08478333333333334,-0.04858333333333333,24.0,0.06779661016949153,0.3983050847457627,0.059322033898305086,0.15254237288135594,0.211864406779661,0.22033898305084745,0.15254237288135594,0.4322033898305085,0.6610169491525424,0.423728813559322,0.23728813559322035,0.6299118644067797,0.19203474576271187,0.06229406779661017,0.03761186440677966,0.07814237288135593,0.15064322033898306,0.6717584745762711,0.1775949152542373,0.026951694915254246,118.0
2023-08-09,112.88999938964844,113.1500015258789,108.77999877929688,110.47000122070312,110.47000122070312,56257100.0,,,AMD,-0.0243751837357996,0.18181818181818182,0.4318181818181818,0.06818181818181818,0.36363636363636365,0.13636363636363635,0.20454545454545456,0.13636363636363635,0.2727272727272727,0.4090909090909091,0.3409090909090909,0.06818181818181818,0.5806340909090909,0.23792272727272729,0.048247727272727275,0.03224318181818182,0.10095227272727274,0.16539545454545454,0.7483931818181818,0.08621136363636363,-0.0791840909090909,44.0,0.125,0.5416666666666666,0.25,0.375,0.25,0.3333333333333333,0.2916666666666667,0.2916666666666667,0.7916666666666666,0.5,0.2916666666666667,0.6393541666666667,0.2035,0.042300000000000004,0.0509125,0.0639375,0.13336666666666666,0.78185,0.08478333333333334,-0.04858333333333333,24.0
2023-08-10,111.3000030517578,113.88999938964844,109.47000122070312,110.2300033569336,110.2300033569336,57297800.0,,,AMD,-0.0021725161683491,0.3695652173913043,0.43478260869565216,0.10869565217391304,0.2391304347826087,0.13043478260869565,0.1956521739130435,0.13043478260869565,0.43478260869565216,0.9782608695652174,0.8043478260869565,0.17391304347826086,0.5297782608695653,0.3005152173913044,0.047393478260869565,0.025419565217391304,0.09688260869565217,0.12462608695652175,0.6495847826086957,0.2257891304347826,0.10116304347826087,46.0,0.18181818181818182,0.4318181818181818,0.06818181818181818,0.36363636363636365,0.13636363636363635,0.20454545454545456,0.13636363636363635,0.2727272727272727,0.4090909090909091,0.3409090909090909,0.06818181818181818,0.5806340909090909,0.23792272727272729,0.048247727272727275,0.03224318181818182,0.10095227272727274,0.16539545454545454,0.7483931818181818,0.08621136363636363,-0.0791840909090909,44.0
2023-08-11,108.8499984741211,109.06999969482422,106.4800033569336,107.56999969482422,107.56999969482422,55667700.0,,,AMD,-0.0241313941858104,0.1,0.2,0.1,0.3,0.0,0.2,0.0,0.1,0.4,0.5,-0.1,0.50583,0.31416,0.03833,0.02952,0.11216,0.20673,0.6629,0.13037,-0.07636,10.0,0.3695652173913043,0.43478260869565216,0.10869565217391304,0.2391304347826087,0.13043478260869565,0.1956521739130435,0.13043478260869565,0.43478260869565216,0.9782608695652174,0.8043478260869565,0.17391304347826086,0.5297782608695653,0.3005152173913044,0.047393478260869565,0.025419565217391304,0.09688260869565217,0.12462608695652175,0.6495847826086957,0.2257891304347826,0.10116304347826087,46.0
2023-08-14,106.75,111.98999786376952,105.41999816894533,111.9800033569336,111.9800033569336,57421800.0,,,AMD,0.0409965945395607,0.1095890410958904,0.3835616438356164,0.136986301369863,0.1232876712328767,0.1232876712328767,0.1780821917808219,0.1506849315068493,0.2465753424657534,0.3424657534246575,0.273972602739726,0.0684931506849315,0.5989095890410958,0.1921027397260274,0.05081917808219178,0.07568767123287672,0.08248630136986301,0.1302082191780822,0.7644931506849315,0.1053068493150685,-0.0249013698630137,73.0,0.1,0.2,0.1,0.3,0.0,0.2,0.0,0.1,0.4,0.5,-0.1,0.50583,0.31416,0.03833,0.02952,0.11216,0.20673,0.6629,0.13037,-0.07636,10.0
2023-08-15,111.98999786376952,113.18000030517578,110.16999816894533,111.3499984741211,111.3499984741211,53816600.0,,,AMD,-0.0056260480793555,0.05555555555555555,0.2222222222222222,0.08333333333333333,0.1388888888888889,0.1388888888888889,0.05555555555555555,0.027777777777777776,0.4444444444444444,0.8055555555555556,0.19444444444444445,0.6111111111111112,0.601075,0.19919444444444445,0.06495833333333333,0.06458333333333333,0.070175,0.13065277777777778,0.7871,0.08224166666666667,-0.048411111111111106,36.0,0.1095890410958904,0.3835616438356164,0.136986301369863,0.1232876712328767,0.1232876712328767,0.1780821917808219,0.1506849315068493,0.2465753424657534,0.3424657534246575,0.273972602739726,0.0684931506849315,0.5989095890410958,0.1921027397260274,0.05081917808219178,0.07568767123287672,0.08248630136986301,0.1302082191780822,0.7644931506849315,0.1053068493150685,-0.0249013698630137,73.0
2023-08-16,110.08999633789062,110.44000244140624,106.9800033569336,107.19000244140624,107.19000244140624,54327300.0,,,AMD,-0.0373596415780974,0.13333333333333333,0.28888888888888886,0.08888888888888889,0.13333333333333333,0.13333333333333333,0.15555555555555556,0.15555555555555556,0.28888888888888886,0.4888888888888889,0.28888888888888886,0.2,0.6016022222222221,0.2259711111111111,0.04900222222222223,0.031226666666666666,0.0922,0.14204666666666668,0.7176688888888888,0.14028666666666667,-0.0017600000000000066,45.0,0.05555555555555555,0.2222222222222222,0.08333333333333333,0.1388888888888889,0.1388888888888889,0.05555555555555555,0.027777777777777776,0.4444444444444444,0.8055555555555556,0.19444444444444445,0.6111111111111112,0.601075,0.19919444444444445,0.06495833333333333,0.06458333333333333,0.070175,0.13065277777777778,0.7871,0.08224166666666667,-0.048411111111111106,36.0
2023-08-17,107.62000274658205,107.8499984741211,104.0999984741211,104.44000244140624,104.44000244140624,59064300.0,,,AMD,-0.0256553777158764,0.04878048780487805,0.34146341463414637,0.04878048780487805,0.07317073170731707,0.12195121951219512,0.14634146341463414,0.024390243902439025,0.24390243902439024,0.5365853658536586,0.14634146341463414,0.3902439024390244,0.7152073170731708,0.14909024390243902,0.030726829268292684,0.03627317073170732,0.06868780487804878,0.13358292682926828,0.7140390243902439,0.15238536585365853,0.01880243902439024,41.0,0.13333333333333333,0.28888888888888886,0.08888888888888889,0.13333333333333333,0.13333333333333333,0.15555555555555556,0.15555555555555556,0.28888888888888886,0.4888888888888889,0.28888888888888886,0.2,0.6016022222222221,0.2259711111111111,0.04900222222222223,0.031226666666666666,0.0922,0.14204666666666668,0.7176688888888888,0.14028666666666667,-0.0017600000000000066,45.0
2023-08-18,102.4000015258789,106.06999969482422,101.68000030517578,105.4499969482422,105.4499969482422,59916700.0,,,AMD,0.0096705714594615,0.1794871794871795,0.1794871794871795,0.0,0.05128205128205128,0.15384615384615385,0.10256410256410256,0.15384615384615385,0.4358974358974359,0.5641025641025641,0.2564102564102564,0.3076923076923077,0.7010641025641026,0.18004871794871796,0.029494871794871796,0.02731282051282051,0.062064102564102566,0.13962820512820512,0.7621435897435898,0.09822307692307693,-0.041405128205128205,39.0,0.04878048780487805,0.34146341463414637,0.04878048780487805,0.07317073170731707,0.12195121951219512,0.14634146341463414,0.024390243902439025,0.24390243902439024,0.5365853658536586,0.14634146341463414,0.3902439024390244,0.7152073170731708,0.14909024390243902,0.030726829268292684,0.03627317073170732,0.06868780487804878,0.13358292682926828,0.7140390243902439,0.15238536585365853,0.01880243902439024,41.0
2023-08-21,106.1999969482422,108.54000091552734,105.66999816894533,108.22000122070312,108.22000122070312,49319200.0,,,AMD,0.0262684149134733,0.08653846153846154,0.18269230769230768,0.038461538461538464,0.10576923076923077,0.125,0.07692307692307693,0.10576923076923077,0.21153846153846154,0.2692307692307692,0.2403846153846154,0.028846153846153848,0.7008375,0.14680288461538463,0.032926923076923076,0.03652596153846154,0.08290865384615385,0.17130961538461537,0.7291788461538461,0.09950769230769231,-0.07180192307692307,104.0,0.1794871794871795,0.1794871794871795,0.0,0.05128205128205128,0.15384615384615385,0.10256410256410256,0.15384615384615385,0.4358974358974359,0.5641025641025641,0.2564102564102564,0.3076923076923077,0.7010641025641026,0.18004871794871796,0.029494871794871796,0.02731282051282051,0.062064102564102566,0.13962820512820512,0.7621435897435898,0.09822307692307693,-0.041405128205128205,39.0
2023-08-22,109.4000015258789,109.72000122070312,104.8499984741211,105.66000366210938,105.66000366210938,47295200.0,,,AMD,-0.0236554937138921,0.07272727272727272,0.38181818181818183,0.09090909090909091,0.07272727272727272,0.05454545454545454,0.16363636363636364,0.07272727272727272,0.21818181818181817,0.45454545454545453,0.3090909090909091,0.14545454545454545,0.5879981818181819,0.15275090909090908,0.058092727272727275,0.09022545454545454,0.11092727272727272,0.1190690909090909,0.739969090909091,0.14095818181818182,0.021889090909090914,55.0,0.08653846153846154,0.18269230769230768,0.038461538461538464,0.10576923076923077,0.125,0.07692307692307693,0.10576923076923077,0.21153846153846154,0.2692307692307692,0.2403846153846154,0.028846153846153848,0.7008375,0.14680288461538463,0.032926923076923076,0.03652596153846154,0.08290865384615385,0.17130961538461537,0.7291788461538461,0.09950769230769231,-0.07180192307692307,104.0
2023-08-23,105.6500015258789,110.08000183105467,105.0,109.43000030517578,109.43000030517578,54656300.0,,,AMD,0.035680451565405,0.0,0.28,0.0,0.0,0.12,0.08,0.12,0.24,0.4,0.12,0.28,0.63128,0.19604,0.03676,0.050072,0.08584,0.154484,0.69146,0.154068,-0.0004159999999999986,25.0,0.07272727272727272,0.38181818181818183,0.09090909090909091,0.07272727272727272,0.05454545454545454,0.16363636363636364,0.07272727272727272,0.21818181818181817,0.45454545454545453,0.3090909090909091,0.14545454545454545,0.5879981818181819,0.15275090909090908,0.058092727272727275,0.09022545454545454,0.11092727272727272,0.1190690909090909,0.739969090909091,0.14095818181818182,0.021889090909090914,55.0
2023-08-24,111.05999755859376,111.63999938964844,100.87000274658205,101.8000030517578,101.8000030517578,109179100.0,,,AMD,-0.0697249130232992,0.04,0.24,0.04,0.2,0.2,0.12,0.04,0.32,0.56,0.32,0.24,0.721656,0.18032800000000002,0.032648,0.028788,0.036592,0.119052,0.764196,0.116736,-0.0023160000000000025,25.0,0.0,0.28,0.0,0.0,0.12,0.08,0.12,0.24,0.4,0.12,0.28,0.63128,0.19604,0.03676,0.050072,0.08584,0.154484,0.69146,0.154068,-0.0004159999999999986,25.0
2023-08-25,101.16999816894533,104.12000274658205,99.58000183105467,102.25,102.25,74793100.0,,,AMD,0.0044204021095501,0.07272727272727272,0.4,0.05454545454545454,0.07272727272727272,0.23636363636363636,0.09090909090909091,0.14545454545454545,0.21818181818181817,0.6363636363636364,0.18181818181818182,0.45454545454545453,0.7026563636363636,0.13937272727272726,0.06709818181818182,0.03541272727272727,0.05544909090909091,0.09857272727272727,0.7919418181818182,0.10948,0.010907272727272726,55.0,0.04,0.24,0.04,0.2,0.2,0.12,0.04,0.32,0.56,0.32,0.24,0.721656,0.18032800000000002,0.032648,0.028788,0.036592,0.119052,0.764196,0.116736,-0.0023160000000000025,25.0
2023-08-28,103.47000122070312,104.06999969482422,100.88999938964844,102.61000061035156,102.61000061035156,55386800.0,,,AMD,0.0035207883652963,0.08900523560209424,0.34554973821989526,0.041884816753926704,0.13089005235602094,0.12041884816753927,0.1518324607329843,0.09947643979057591,0.3717277486910995,0.6910994764397905,0.31413612565445026,0.3769633507853403,0.6252738219895289,0.19845863874345548,0.05270628272251309,0.048120942408376964,0.07544712041884817,0.1402219895287958,0.7373183246073298,0.12245340314136126,-0.017768586387434556,191.0,0.07272727272727272,0.4,0.05454545454545454,0.07272727272727272,0.23636363636363636,0.09090909090909091,0.14545454545454545,0.21818181818181817,0.6363636363636364,0.18181818181818182,0.45454545454545453,0.7026563636363636,0.13937272727272726,0.06709818181818182,0.03541272727272727,0.05544909090909091,0.09857272727272727,0.7919418181818182,0.10948,0.010907272727272726,55.0
2023-08-29,102.11000061035156,106.56999969482422,101.79000091552734,105.91999816894533,105.91999816894533,50850300.0,,,AMD,0.0322580405311863,0.13333333333333333,0.36666666666666664,0.03333333333333333,0.03333333333333333,0.13333333333333333,0.03333333333333333,0.1,0.16666666666666666,0.4,0.13333333333333333,0.26666666666666666,0.7143633333333334,0.07207333333333334,0.04390666666666666,0.05464,0.11500333333333333,0.20007333333333335,0.6765033333333333,0.12341666666666667,-0.07665666666666666,30.0,0.08900523560209424,0.34554973821989526,0.041884816753926704,0.13089005235602094,0.12041884816753927,0.1518324607329843,0.09947643979057591,0.3717277486910995,0.6910994764397905,0.31413612565445026,0.3769633507853403,0.6252738219895289,0.19845863874345548,0.05270628272251309,0.048120942408376964,0.07544712041884817,0.1402219895287958,0.7373183246073298,0.12245340314136126,-0.017768586387434556,191.0
2023-08-30,105.4000015258789,107.66999816894533,104.5,106.58999633789062,106.58999633789062,54847300.0,,,AMD,0.0063255115231084,0.14285714285714285,0.2653061224489796,0.08163265306122448,0.14285714285714285,0.12244897959183673,0.12244897959183673,0.12244897959183673,0.32653061224489793,0.4489795918367347,0.2653061224489796,0.1836734693877551,0.5978795918367347,0.1891938775510204,0.048053061224489796,0.03813265306122449,0.1267326530612245,0.11572040816326531,0.7820224489795918,0.10225918367346938,-0.013461224489795918,49.0,0.13333333333333333,0.36666666666666664,0.03333333333333333,0.03333333333333333,0.13333333333333333,0.03333333333333333,0.1,0.16666666666666666,0.4,0.13333333333333333,0.26666666666666666,0.7143633333333334,0.07207333333333334,0.04390666666666666,0.05464,0.11500333333333333,0.20007333333333335,0.6765033333333333,0.12341666666666667,-0.07665666666666666,30.0
2023-08-31,106.19000244140624,108.05999755859376,104.86000061035156,105.72000122070312,105.72000122070312,58919000.0,,,AMD,-0.008162070992381,0.15151515151515152,0.3333333333333333,0.06060606060606061,0.13636363636363635,0.13636363636363635,0.16666666666666666,0.15151515151515152,0.3333333333333333,0.5,0.30303030303030304,0.19696969696969696,0.5990333333333333,0.18452272727272725,0.06296666666666667,0.050884848484848484,0.10260303030303031,0.12903030303030302,0.7703212121212122,0.10065909090909092,-0.028371212121212123,66.0,0.14285714285714285,0.2653061224489796,0.08163265306122448,0.14285714285714285,0.12244897959183673,0.12244897959183673,0.12244897959183673,0.32653061224489793,0.4489795918367347,0.2653061224489796,0.1836734693877551,0.5978795918367347,0.1891938775510204,0.048053061224489796,0.03813265306122449,0.1267326530612245,0.11572040816326531,0.7820224489795918,0.10225918367346938,-0.013461224489795918,49.0
2023-09-01,107.0,110.05999755859376,106.61000061035156,109.4499969482422,109.4499969482422,54856100.0,,,AMD,0.0352818358349453,0.15789473684210525,0.3157894736842105,0.05263157894736842,0.13157894736842105,0.13157894736842105,0.23684210526315788,0.05263157894736842,0.2631578947368421,0.7105263157894737,0.39473684210526316,0.3157894736842105,0.537778947368421,0.23152105263157896,0.06684473684210526,0.04574736842105263,0.11812368421052631,0.198,0.6741105263157895,0.12788684210526316,-0.07011315789473684,38.0,0.15151515151515152,0.3333333333333333,0.06060606060606061,0.13636363636363635,0.13636363636363635,0.16666666666666666,0.15151515151515152,0.3333333333333333,0.5,0.30303030303030304,0.19696969696969696,0.5990333333333333,0.18452272727272725,0.06296666666666667,0.050884848484848484,0.10260303030303031,0.12903030303030302,0.7703212121212122,0.10065909090909092,-0.028371212121212123,66.0
2023-09-05,109.0,111.81999969482422,106.3000030517578,110.77999877929688,110.77999877929688,66042200.0,,,AMD,0.0121516844964701,0.05154639175257732,0.2268041237113402,0.07216494845360824,0.10309278350515463,0.08247422680412371,0.08247422680412371,0.05154639175257732,0.20618556701030927,0.3711340206185567,0.20618556701030927,0.16494845360824742,0.5915257731958763,0.21289072164948455,0.04185051546391753,0.059937113402061856,0.09379484536082475,0.14040927835051548,0.7283371134020619,0.131259793814433,-0.009149484536082473,97.0,0.15789473684210525,0.3157894736842105,0.05263157894736842,0.13157894736842105,0.13157894736842105,0.23684210526315788,0.05263157894736842,0.2631578947368421,0.7105263157894737,0.39473684210526316,0.3157894736842105,0.537778947368421,0.23152105263157896,0.06684473684210526,0.04574736842105263,0.11812368421052631,0.198,0.6741105263157895,0.12788684210526316,-0.07011315789473684,38.0
2023-09-06,110.55999755859376,111.33000183105467,108.22000122070312,109.27999877929688,109.27999877929688,47736700.0,,,AMD,-0.0135403503929296,0.18518518518518517,0.6666666666666666,0.037037037037037035,0.2222222222222222,0.3333333333333333,0.2222222222222222,0.2222222222222222,0.6296296296296297,0.7777777777777778,0.5185185185185185,0.25925925925925924,0.7578222222222223,0.1395037037037037,0.025633333333333334,0.0302,0.04684444444444444,0.09935925925925926,0.689337037037037,0.21129259259259262,0.11193333333333334,27.0,0.05154639175257732,0.2268041237113402,0.07216494845360824,0.10309278350515463,0.08247422680412371,0.08247422680412371,0.05154639175257732,0.20618556701030927,0.3711340206185567,0.20618556701030927,0.16494845360824742,0.5915257731958763,0.21289072164948455,0.04185051546391753,0.059937113402061856,0.09379484536082475,0.14040927835051548,0.7283371134020619,0.131259793814433,-0.009149484536082473,97.0
2023-09-07,106.13999938964844,107.69000244140624,105.08999633789062,106.58999633789062,106.58999633789062,49080100.0,,,AMD,-0.0246156887944244,0.14035087719298245,0.24561403508771928,0.05263157894736842,0.15789473684210525,0.10526315789473684,0.15789473684210525,0.07017543859649122,0.19298245614035087,0.3684210526315789,0.3508771929824561,0.017543859649122806,0.6019894736842105,0.25980000000000003,0.04908070175438597,0.02310175438596491,0.06602456140350876,0.14560350877192982,0.7483964912280702,0.10599649122807019,-0.03960701754385965,57.0,0.18518518518518517,0.6666666666666666,0.037037037037037035,0.2222222222222222,0.3333333333333333,0.2222222222222222,0.2222222222222222,0.6296296296296297,0.7777777777777778,0.5185185185185185,0.25925925925925924,0.7578222222222223,0.1395037037037037,0.025633333333333334,0.0302,0.04684444444444444,0.09935925925925926,0.689337037037037,0.21129259259259262,0.11193333333333334,27.0
2023-09-08,107.0199966430664,109.73999786376952,105.75,106.08999633789062,106.08999633789062,46232000.0,,,AMD,-0.0046908717251007,0.07407407407407407,0.14814814814814814,0.07407407407407407,0.12962962962962962,0.09259259259259259,0.1111111111111111,0.0,0.2222222222222222,0.46296296296296297,0.2222222222222222,0.24074074074074073,0.6057444444444444,0.21105185185185185,0.0431537037037037,0.039964814814814814,0.10008703703703704,0.1232537037037037,0.6717981481481481,0.2049462962962963,0.08169259259259258,54.0,0.14035087719298245,0.24561403508771928,0.05263157894736842,0.15789473684210525,0.10526315789473684,0.15789473684210525,0.07017543859649122,0.19298245614035087,0.3684210526315789,0.3508771929824561,0.017543859649122806,0.6019894736842105,0.25980000000000003,0.04908070175438597,0.02310175438596491,0.06602456140350876,0.14560350877192982,0.7483964912280702,0.10599649122807019,-0.03960701754385965,57.0
2023-09-11,107.31999969482422,107.51000213623048,103.0,105.31999969482422,105.31999969482422,50611300.0,,,AMD,-0.0072579571085478,0.10852713178294573,0.18604651162790697,0.05426356589147287,0.07751937984496124,0.08527131782945736,0.11627906976744186,0.09302325581395349,0.23255813953488372,0.4108527131782946,0.18604651162790697,0.2248062015503876,0.6475759689922481,0.17972790697674418,0.04194418604651163,0.03382170542635659,0.09692558139534883,0.10894806201550387,0.7651054263565892,0.12594263565891473,0.016994573643410855,129.0,0.07407407407407407,0.14814814814814814,0.07407407407407407,0.12962962962962962,0.09259259259259259,0.1111111111111111,0.0,0.2222222222222222,0.46296296296296297,0.2222222222222222,0.24074074074074073,0.6057444444444444,0.21105185185185185,0.0431537037037037,0.039964814814814814,0.10008703703703704,0.1232537037037037,0.6717981481481481,0.2049462962962963,0.08169259259259258,54.0
2023-09-12,104.1999969482422,106.73999786376952,103.18000030517578,105.30999755859376,105.30999755859376,44413600.0,,,AMD,-9.496901119865342e-05,0.0,0.24324324324324326,0.05405405405405406,0.02702702702702703,0.10810810810810811,0.05405405405405406,0.05405405405405406,0.32432432432432434,0.4864864864864865,0.08108108108108109,0.40540540540540543,0.6394189189189189,0.2165837837837838,0.03307297297297297,0.03475945945945946,0.07615135135135136,0.06827027027027026,0.8419297297297297,0.08980270270270271,0.02153243243243243,37.0,0.10852713178294573,0.18604651162790697,0.05426356589147287,0.07751937984496124,0.08527131782945736,0.11627906976744186,0.09302325581395349,0.23255813953488372,0.4108527131782946,0.18604651162790697,0.2248062015503876,0.6475759689922481,0.17972790697674418,0.04194418604651163,0.03382170542635659,0.09692558139534883,0.10894806201550387,0.7651054263565892,0.12594263565891473,0.016994573643410855,129.0
2023-09-13,105.0999984741211,108.73999786376952,104.83000183105467,107.70999908447266,107.70999908447266,44702300.0,,,AMD,0.0227898735307019,0.09523809523809523,0.2619047619047619,0.0,0.047619047619047616,0.047619047619047616,0.023809523809523808,0.09523809523809523,0.19047619047619047,0.30952380952380953,0.14285714285714285,0.16666666666666666,0.713352380952381,0.1593,0.030185714285714288,0.03380476190476191,0.06335952380952381,0.14510238095238095,0.7659190476190476,0.08898095238095238,-0.05612142857142857,42.0,0.0,0.24324324324324326,0.05405405405405406,0.02702702702702703,0.10810810810810811,0.05405405405405406,0.05405405405405406,0.32432432432432434,0.4864864864864865,0.08108108108108109,0.40540540540540543,0.6394189189189189,0.2165837837837838,0.03307297297297297,0.03475945945945946,0.07615135135135136,0.06827027027027026,0.8419297297297297,0.08980270270270271,0.02153243243243243,37.0
2023-09-14,108.43000030517578,109.1500015258789,106.22000122070312,106.62999725341795,106.62999725341795,45920600.0,,,AMD,-0.0100269412332618,0.18181818181818182,0.18181818181818182,0.09090909090909091,0.09090909090909091,0.09090909090909091,0.22727272727272727,0.045454545454545456,0.22727272727272727,0.4090909090909091,0.3181818181818182,0.09090909090909091,0.6527045454545455,0.24464545454545455,0.03414090909090909,0.029772727272727274,0.03871818181818182,0.3290909090909091,0.5628772727272727,0.10802272727272727,-0.22106818181818183,22.0,0.09523809523809523,0.2619047619047619,0.0,0.047619047619047616,0.047619047619047616,0.023809523809523808,0.09523809523809523,0.19047619047619047,0.30952380952380953,0.14285714285714285,0.16666666666666666,0.713352380952381,0.1593,0.030185714285714288,0.03380476190476191,0.06335952380952381,0.14510238095238095,0.7659190476190476,0.08898095238095238,-0.05612142857142857,42.0
2023-09-15,106.06999969482422,106.76000213623048,101.27999877929688,101.48999786376952,101.48999786376952,71103600.0,,,AMD,-0.0482040656667435,0.15789473684210525,0.5473684210526316,0.10526315789473684,0.08421052631578947,0.37894736842105264,0.16842105263157894,0.10526315789473684,0.47368421052631576,0.8736842105263158,0.28421052631578947,0.5894736842105263,0.5824863157894736,0.25020631578947367,0.035500000000000004,0.032612631578947365,0.0992021052631579,0.1329115789473684,0.7310547368421052,0.13603157894736842,0.0031199999999999986,95.0,0.18181818181818182,0.18181818181818182,0.09090909090909091,0.09090909090909091,0.09090909090909091,0.22727272727272727,0.045454545454545456,0.22727272727272727,0.4090909090909091,0.3181818181818182,0.09090909090909091,0.6527045454545455,0.24464545454545455,0.03414090909090909,0.029772727272727274,0.03871818181818182,0.3290909090909091,0.5628772727272727,0.10802272727272727,-0.22106818181818183,22.0
2023-09-18,100.81999969482422,102.98999786376952,99.4499969482422,102.37000274658205,102.37000274658205,49061300.0,,,AMD,0.0086708532991965,0.1,0.30833333333333335,0.03333333333333333,0.20833333333333334,0.13333333333333333,0.21666666666666667,0.08333333333333333,0.30833333333333335,0.6166666666666667,0.31666666666666665,0.3,0.6155991666666666,0.1872775,0.04306833333333333,0.05439833333333333,0.09965583333333333,0.17946499999999999,0.7095283333333333,0.1110075,-0.0684575,120.0,0.15789473684210525,0.5473684210526316,0.10526315789473684,0.08421052631578947,0.37894736842105264,0.16842105263157894,0.10526315789473684,0.47368421052631576,0.8736842105263158,0.28421052631578947,0.5894736842105263,0.5824863157894736,0.25020631578947367,0.035500000000000004,0.032612631578947365,0.0992021052631579,0.1329115789473684,0.7310547368421052,0.13603157894736842,0.0031199999999999986,95.0
2023-09-19,101.75,102.86000061035156,100.6999969482422,101.61000061035156,101.61000061035156,41704100.0,,,AMD,-0.0074240706832047,0.043478260869565216,0.08695652173913043,0.043478260869565216,0.043478260869565216,0.13043478260869565,0.043478260869565216,0.0,0.21739130434782608,0.43478260869565216,0.21739130434782608,0.21739130434782608,0.650904347826087,0.16245652173913044,0.049543478260869564,0.05396521739130435,0.08313913043478262,0.10229565217391305,0.8106739130434782,0.08703478260869567,-0.01526086956521739,23.0,0.1,0.30833333333333335,0.03333333333333333,0.20833333333333334,0.13333333333333333,0.21666666666666667,0.08333333333333333,0.30833333333333335,0.6166666666666667,0.31666666666666665,0.3,0.6155991666666666,0.1872775,0.04306833333333333,0.05439833333333333,0.09965583333333333,0.17946499999999999,0.7095283333333333,0.1110075,-0.0684575,120.0
2023-09-20,102.36000061035156,103.94000244140624,100.27999877929688,100.33999633789062,100.33999633789062,55180600.0,,,AMD,-0.0124988117786858,0.1,0.3,0.03333333333333333,0.03333333333333333,0.1,0.06666666666666667,0.06666666666666667,0.23333333333333334,0.4,0.16666666666666666,0.23333333333333334,0.8198766666666667,0.06403666666666667,0.027213333333333332,0.02266,0.06621333333333333,0.10265333333333333,0.8170533333333334,0.08028666666666666,-0.022366666666666667,30.0,0.043478260869565216,0.08695652173913043,0.043478260869565216,0.043478260869565216,0.13043478260869565,0.043478260869565216,0.0,0.21739130434782608,0.43478260869565216,0.21739130434782608,0.21739130434782608,0.650904347826087,0.16245652173913044,0.049543478260869564,0.05396521739130435,0.08313913043478262,0.10229565217391305,0.8106739130434782,0.08703478260869567,-0.01526086956521739,23.0
2023-09-21,98.5999984741211,98.87000274658205,95.83999633789062,96.11000061035156,96.11000061035156,59704300.0,,,AMD,-0.0421566262898269,0.02631578947368421,0.15789473684210525,0.05263157894736842,0.15789473684210525,0.10526315789473684,0.13157894736842105,0.07894736842105263,0.2631578947368421,0.42105263157894735,0.23684210526315788,0.18421052631578946,0.643528947368421,0.18969999999999998,0.040507894736842104,0.053734210526315794,0.07251315789473685,0.1301078947368421,0.7960131578947368,0.07388421052631579,-0.056223684210526315,38.0,0.1,0.3,0.03333333333333333,0.03333333333333333,0.1,0.06666666666666667,0.06666666666666667,0.23333333333333334,0.4,0.16666666666666666,0.23333333333333334,0.8198766666666667,0.06403666666666667,0.027213333333333332,0.02266,0.06621333333333333,0.10265333333333333,0.8170533333333334,0.08028666666666666,-0.022366666666666667,30.0
2023-09-22,96.91999816894533,98.41999816894533,95.61000061035156,96.1999969482422,96.1999969482422,52169400.0,,,AMD,0.0009363889014577,0.0625,0.15625,0.0625,0.21875,0.03125,0.125,0.03125,0.21875,0.4375,0.21875,0.21875,0.62725625,0.205790625,0.059275,0.039840625,0.06783125,0.244246875,0.6742375,0.081496875,-0.16275,32.0,0.02631578947368421,0.15789473684210525,0.05263157894736842,0.15789473684210525,0.10526315789473684,0.13157894736842105,0.07894736842105263,0.2631578947368421,0.42105263157894735,0.23684210526315788,0.18421052631578946,0.643528947368421,0.18969999999999998,0.040507894736842104,0.053734210526315794,0.07251315789473685,0.1301078947368421,0.7960131578947368,0.07388421052631579,-0.056223684210526315,38.0
2023-09-25,95.9499969482422,97.4499969482422,94.45999908447266,97.37999725341795,97.37999725341795,43223700.0,,,AMD,0.0122661158275361,0.061946902654867256,0.22123893805309736,0.061946902654867256,0.09734513274336283,0.1504424778761062,0.11504424778761062,0.08849557522123894,0.30973451327433627,0.6106194690265486,0.18584070796460178,0.4247787610619469,0.6336938053097345,0.1902646017699115,0.04010176991150443,0.044056637168141594,0.09188053097345134,0.14966283185840706,0.7401442477876107,0.11018938053097345,-0.03947345132743363,113.0,0.0625,0.15625,0.0625,0.21875,0.03125,0.125,0.03125,0.21875,0.4375,0.21875,0.21875,0.62725625,0.205790625,0.059275,0.039840625,0.06783125,0.244246875,0.6742375,0.081496875,-0.16275,32.0
2023-09-26,96.5,97.83000183105467,95.2699966430664,95.95999908447266,95.95999908447266,42866500.0,,,AMD,-0.01458203131029,0.05714285714285714,0.2571428571428571,0.02857142857142857,0.02857142857142857,0.11428571428571428,0.02857142857142857,0.08571428571428572,0.2571428571428571,0.42857142857142855,0.05714285714285714,0.37142857142857144,0.7157399999999999,0.13943428571428573,0.03558,0.035120000000000005,0.07412285714285714,0.13799142857142857,0.7453914285714286,0.11664,-0.021351428571428573,35.0,0.061946902654867256,0.22123893805309736,0.061946902654867256,0.09734513274336283,0.1504424778761062,0.11504424778761062,0.08849557522123894,0.30973451327433627,0.6106194690265486,0.18584070796460178,0.4247787610619469,0.6336938053097345,0.1902646017699115,0.04010176991150443,0.044056637168141594,0.09188053097345134,0.14966283185840706,0.7401442477876107,0.11018938053097345,-0.03947345132743363,113.0
2023-09-27,96.81999969482422,99.2300033569336,96.3499984741211,98.06999969482422,98.06999969482422,51261500.0,,,AMD,0.0219883350404594,0.08333333333333333,0.2222222222222222,0.05555555555555555,0.16666666666666666,0.027777777777777776,0.08333333333333333,0.027777777777777776,0.2222222222222222,0.3055555555555556,0.16666666666666666,0.1388888888888889,0.6830833333333334,0.13100277777777777,0.025777777777777778,0.052725,0.10741944444444446,0.16597777777777778,0.6698472222222223,0.16417777777777778,-0.001799999999999996,36.0,0.05714285714285714,0.2571428571428571,0.02857142857142857,0.02857142857142857,0.11428571428571428,0.02857142857142857,0.08571428571428572,0.2571428571428571,0.42857142857142855,0.05714285714285714,0.37142857142857144,0.7157399999999999,0.13943428571428573,0.03558,0.035120000000000005,0.07412285714285714,0.13799142857142857,0.7453914285714286,0.11664,-0.021351428571428573,35.0
2023-09-28,97.94000244140624,104.1999969482422,97.76000213623048,102.76000213623048,102.76000213623048,72542100.0,,,AMD,0.0478230086264983,0.0,0.2647058823529412,0.0,0.058823529411764705,0.11764705882352941,0.08823529411764706,0.08823529411764706,0.23529411764705882,0.35294117647058826,0.29411764705882354,0.058823529411764705,0.7088823529411765,0.11431470588235294,0.027085294117647058,0.06094705882352941,0.08877058823529413,0.188,0.6427558823529411,0.16924411764705882,-0.01875588235294117,34.0,0.08333333333333333,0.2222222222222222,0.05555555555555555,0.16666666666666666,0.027777777777777776,0.08333333333333333,0.027777777777777776,0.2222222222222222,0.3055555555555556,0.16666666666666666,0.1388888888888889,0.6830833333333334,0.13100277777777777,0.025777777777777778,0.052725,0.10741944444444446,0.16597777777777778,0.6698472222222223,0.16417777777777778,-0.001799999999999996,36.0
2023-09-29,104.69000244140624,104.94000244140624,102.55999755859376,102.81999969482422,102.81999969482422,56078600.0,,,AMD,0.0005838610095998,0.0958904109589041,0.4520547945205479,0.0821917808219178,0.136986301369863,0.136986301369863,0.1506849315068493,0.0958904109589041,0.2876712328767123,0.547945205479452,0.2876712328767123,0.2602739726027397,0.7190232876712329,0.10214109589041095,0.03370958904109589,0.04251917808219178,0.1026054794520548,0.08265753424657533,0.7837369863013699,0.1336013698630137,0.05094383561643836,73.0,0.0,0.2647058823529412,0.0,0.058823529411764705,0.11764705882352941,0.08823529411764706,0.08823529411764706,0.23529411764705882,0.35294117647058826,0.29411764705882354,0.058823529411764705,0.7088823529411765,0.11431470588235294,0.027085294117647058,0.06094705882352941,0.08877058823529413,0.188,0.6427558823529411,0.16924411764705882,-0.01875588235294117,34.0
2023-10-02,102.20999908447266,103.70999908447266,101.6999969482422,103.2699966430664,103.2699966430664,45118600.0,,,AMD,0.0043765507642268,0.1510791366906475,0.381294964028777,0.07913669064748201,0.1366906474820144,0.14388489208633093,0.15827338129496402,0.14388489208633093,0.4676258992805755,0.5899280575539568,0.3669064748201439,0.22302158273381295,0.6522129496402878,0.16527841726618706,0.06156978417266188,0.038315107913669065,0.08261726618705036,0.13082589928057553,0.7653294964028776,0.10384820143884893,-0.026977697841726617,139.0,0.0958904109589041,0.4520547945205479,0.0821917808219178,0.136986301369863,0.136986301369863,0.1506849315068493,0.0958904109589041,0.2876712328767123,0.547945205479452,0.2876712328767123,0.2602739726027397,0.7190232876712329,0.10214109589041095,0.03370958904109589,0.04251917808219178,0.1026054794520548,0.08265753424657533,0.7837369863013699,0.1336013698630137,0.05094383561643836,73.0
2023-10-03,101.8000030517578,103.29000091552734,99.16999816894533,100.08000183105467,100.08000183105467,48117000.0,,,AMD,-0.0308898510284391,0.16666666666666666,0.25,0.041666666666666664,0.125,0.0,0.25,0.0,0.20833333333333334,0.08333333333333333,0.375,-0.2916666666666667,0.6484666666666666,0.14454166666666665,0.0974125,0.02690833333333333,0.08265416666666667,0.10281666666666667,0.7755458333333333,0.12165,0.018833333333333337,24.0,0.1510791366906475,0.381294964028777,0.07913669064748201,0.1366906474820144,0.14388489208633093,0.15827338129496402,0.14388489208633093,0.4676258992805755,0.5899280575539568,0.3669064748201439,0.22302158273381295,0.6522129496402878,0.16527841726618706,0.06156978417266188,0.038315107913669065,0.08261726618705036,0.13082589928057553,0.7653294964028776,0.10384820143884893,-0.026977697841726617,139.0
2023-10-04,100.6500015258789,104.4000015258789,100.33999633789062,104.06999969482422,104.06999969482422,51023200.0,,,AMD,0.0398680834409364,0.034482758620689655,0.20689655172413793,0.034482758620689655,0.13793103448275862,0.06896551724137931,0.06896551724137931,0.06896551724137931,0.13793103448275862,0.20689655172413793,0.13793103448275862,0.06896551724137931,0.7751379310344827,0.10232068965517241,0.031006896551724138,0.029148275862068963,0.06236551724137931,0.05978620689655172,0.8645620689655172,0.07565172413793105,0.01586551724137931,29.0,0.16666666666666666,0.25,0.041666666666666664,0.125,0.0,0.25,0.0,0.20833333333333334,0.08333333333333333,0.375,-0.2916666666666667,0.6484666666666666,0.14454166666666665,0.0974125,0.02690833333333333,0.08265416666666667,0.10281666666666667,0.7755458333333333,0.12165,0.018833333333333337,24.0
2023-10-05,103.41000366210938,103.73999786376952,100.2699966430664,102.91000366210938,102.91000366210938,51789700.0,,,AMD,-0.0111463057184243,0.4444444444444444,0.4444444444444444,0.1111111111111111,0.2222222222222222,0.2222222222222222,0.2222222222222222,0.0,0.2222222222222222,0.6666666666666666,0.4444444444444444,0.2222222222222222,0.7518222222222222,0.10712222222222222,0.03715555555555556,0.02551111111111111,0.0783888888888889,0.12683333333333333,0.8141222222222222,0.059033333333333333,-0.0678,9.0,0.034482758620689655,0.20689655172413793,0.034482758620689655,0.13793103448275862,0.06896551724137931,0.06896551724137931,0.06896551724137931,0.13793103448275862,0.20689655172413793,0.13793103448275862,0.06896551724137931,0.7751379310344827,0.10232068965517241,0.031006896551724138,0.029148275862068963,0.06236551724137931,0.05978620689655172,0.8645620689655172,0.07565172413793105,0.01586551724137931,29.0
2023-10-06,102.16000366210938,107.87000274658205,102.02999877929688,107.23999786376952,107.23999786376952,64864100.0,,,AMD,0.0420755421977931,0.14285714285714285,0.23809523809523808,0.0,0.14285714285714285,0.047619047619047616,0.09523809523809523,0.19047619047619047,0.38095238095238093,0.2857142857142857,0.19047619047619047,0.09523809523809523,0.6664190476190476,0.18121428571428572,0.03644761904761905,0.05298571428571429,0.06293333333333334,0.1126047619047619,0.7265904761904762,0.16081428571428572,0.048209523809523806,21.0,0.4444444444444444,0.4444444444444444,0.1111111111111111,0.2222222222222222,0.2222222222222222,0.2222222222222222,0.0,0.2222222222222222,0.6666666666666666,0.4444444444444444,0.2222222222222222,0.7518222222222222,0.10712222222222222,0.03715555555555556,0.02551111111111111,0.0783888888888889,0.12683333333333333,0.8141222222222222,0.059033333333333333,-0.0678,9.0
2023-10-09,106.01000213623048,107.30999755859376,104.79000091552734,106.97000122070312,106.97000122070312,39593200.0,,,AMD,-0.0025176860168291,0.14388489208633093,0.37410071942446044,0.07194244604316546,0.1223021582733813,0.07913669064748201,0.09352517985611511,0.05755395683453238,0.26618705035971224,0.5179856115107914,0.31654676258992803,0.2014388489208633,0.64663309352518,0.16366330935251797,0.04051654676258993,0.04434820143884892,0.10483453237410072,0.11560935251798563,0.7294366906474821,0.15495467625899279,0.039345323741007195,139.0,0.14285714285714285,0.23809523809523808,0.0,0.14285714285714285,0.047619047619047616,0.09523809523809523,0.19047619047619047,0.38095238095238093,0.2857142857142857,0.19047619047619047,0.09523809523809523,0.6664190476190476,0.18121428571428572,0.03644761904761905,0.05298571428571429,0.06293333333333334,0.1126047619047619,0.7265904761904762,0.16081428571428572,0.048209523809523806,21.0
2023-10-10,107.48999786376952,110.12000274658205,106.4000015258789,109.01000213623048,109.01000213623048,57105500.0,,,AMD,0.0190707758460091,0.125,0.3333333333333333,0.08333333333333333,0.22916666666666666,0.20833333333333334,0.1875,0.16666666666666666,0.2708333333333333,0.6041666666666666,0.25,0.3541666666666667,0.6722666666666667,0.172025,0.033939583333333335,0.037822916666666664,0.08395208333333333,0.15098541666666668,0.7139208333333333,0.13509791666666668,-0.0158875,48.0,0.14388489208633093,0.37410071942446044,0.07194244604316546,0.1223021582733813,0.07913669064748201,0.09352517985611511,0.05755395683453238,0.26618705035971224,0.5179856115107914,0.31654676258992803,0.2014388489208633,0.64663309352518,0.16366330935251797,0.04051654676258993,0.04434820143884892,0.10483453237410072,0.11560935251798563,0.7294366906474821,0.15495467625899279,0.039345323741007195,139.0
2023-10-11,109.13999938964844,110.0999984741211,106.93000030517578,108.30999755859376,108.30999755859376,51085600.0,,,AMD,-0.0064214710936517,0.21621621621621623,0.1891891891891892,0.10810810810810811,0.1891891891891892,0.02702702702702703,0.1891891891891892,0.08108108108108109,0.10810810810810811,0.5675675675675675,0.5135135135135135,0.05405405405405406,0.7213054054054054,0.13291621621621622,0.054170270270270264,0.02735135135135135,0.06424864864864865,0.13845945945945948,0.7268756756756757,0.13467297297297298,-0.0037864864864864873,37.0,0.125,0.3333333333333333,0.08333333333333333,0.22916666666666666,0.20833333333333334,0.1875,0.16666666666666666,0.2708333333333333,0.6041666666666666,0.25,0.3541666666666667,0.6722666666666667,0.172025,0.033939583333333335,0.037822916666666664,0.08395208333333333,0.15098541666666668,0.7139208333333333,0.13509791666666668,-0.0158875,48.0
2023-10-12,108.4000015258789,111.30999755859376,107.51000213623048,108.79000091552734,108.79000091552734,60959400.0,,,AMD,0.0044317548495365,0.1,0.12,0.08,0.1,0.04,0.08,0.0,0.1,0.28,0.26,0.02,0.66239,0.20969000000000002,0.046844000000000004,0.0226,0.058484,0.139586,0.7769320000000001,0.083488,-0.056098,50.0,0.21621621621621623,0.1891891891891892,0.10810810810810811,0.1891891891891892,0.02702702702702703,0.1891891891891892,0.08108108108108109,0.10810810810810811,0.5675675675675675,0.5135135135135135,0.05405405405405406,0.7213054054054054,0.13291621621621622,0.054170270270270264,0.02735135135135135,0.06424864864864865,0.13845945945945948,0.7268756756756757,0.13467297297297298,-0.0037864864864864873,37.0
2023-10-13,108.6500015258789,108.97000122070312,104.75,105.08999633789062,105.08999633789062,52881500.0,,,AMD,-0.0340105206958282,0.14285714285714285,0.47619047619047616,0.11904761904761904,0.14285714285714285,0.09523809523809523,0.09523809523809523,0.047619047619047616,0.23809523809523808,0.6190476190476191,0.6190476190476191,0.0,0.6606309523809524,0.14626190476190476,0.03647857142857143,0.04482380952380952,0.11179047619047619,0.16091190476190476,0.7437476190476191,0.09534999999999999,-0.06556190476190475,42.0,0.1,0.12,0.08,0.1,0.04,0.08,0.0,0.1,0.28,0.26,0.02,0.66239,0.20969000000000002,0.046844000000000004,0.0226,0.058484,0.139586,0.7769320000000001,0.083488,-0.056098,50.0
2023-10-16,105.41999816894533,107.4800033569336,105.02999877929688,106.45999908447266,106.45999908447266,42464500.0,,,AMD,0.0130364715417548,0.043478260869565216,0.2898550724637681,0.057971014492753624,0.11594202898550725,0.07246376811594203,0.07246376811594203,0.043478260869565216,0.13043478260869565,0.4492753623188406,0.17391304347826086,0.2753623188405797,0.7102130434782609,0.15323478260869566,0.03614347826086957,0.03522898550724638,0.0651840579710145,0.17325797101449275,0.7096898550724638,0.11706521739130435,-0.0561927536231884,69.0,0.14285714285714285,0.47619047619047616,0.11904761904761904,0.14285714285714285,0.09523809523809523,0.09523809523809523,0.047619047619047616,0.23809523809523808,0.6190476190476191,0.6190476190476191,0.0,0.6606309523809524,0.14626190476190476,0.03647857142857143,0.04482380952380952,0.11179047619047619,0.16091190476190476,0.7437476190476191,0.09534999999999999,-0.06556190476190475,42.0
2023-10-17,103.54000091552734,106.29000091552734,101.66000366210938,105.13999938964844,105.13999938964844,49642100.0,,,AMD,-0.0123990203473216,0.034482758620689655,0.10344827586206896,0.0,0.034482758620689655,0.034482758620689655,0.034482758620689655,0.0,0.1724137931034483,0.3793103448275862,0.10344827586206896,0.27586206896551724,0.6910275862068965,0.1681206896551724,0.0252,0.04416896551724138,0.07146896551724138,0.13994482758620688,0.782555172413793,0.07750689655172414,-0.06243793103448276,29.0,0.043478260869565216,0.2898550724637681,0.057971014492753624,0.11594202898550725,0.07246376811594203,0.07246376811594203,0.043478260869565216,0.13043478260869565,0.4492753623188406,0.17391304347826086,0.2753623188405797,0.7102130434782609,0.15323478260869566,0.03614347826086957,0.03522898550724638,0.0651840579710145,0.17325797101449275,0.7096898550724638,0.11706521739130435,-0.0561927536231884,69.0
2023-10-18,103.37999725341795,104.77999877929688,101.73999786376952,102.16999816894533,102.16999816894533,50450000.0,,,AMD,-0.0282480619930032,0.07142857142857142,0.21428571428571427,0.0,0.0,0.0,0.0,0.0,0.2857142857142857,0.35714285714285715,0.07142857142857142,0.2857142857142857,0.6450571428571428,0.17619285714285712,0.030535714285714284,0.04453571428571428,0.10365714285714286,0.07787857142857144,0.8548428571428571,0.0672857142857143,-0.010592857142857145,14.0,0.034482758620689655,0.10344827586206896,0.0,0.034482758620689655,0.034482758620689655,0.034482758620689655,0.0,0.1724137931034483,0.3793103448275862,0.10344827586206896,0.27586206896551724,0.6910275862068965,0.1681206896551724,0.0252,0.04416896551724138,0.07146896551724138,0.13994482758620688,0.782555172413793,0.07750689655172414,-0.06243793103448276,29.0
2023-10-19,103.80999755859376,105.5999984741211,101.83999633789062,102.4000015258789,102.4000015258789,52734200.0,,,AMD,0.0022511829407421,0.041666666666666664,0.375,0.041666666666666664,0.20833333333333334,0.08333333333333333,0.20833333333333334,0.08333333333333333,0.16666666666666666,0.125,0.25,-0.125,0.7553708333333334,0.052879166666666665,0.06104583333333333,0.056995833333333336,0.0737,0.11602499999999999,0.7313166666666667,0.15265,0.03662500000000001,24.0,0.07142857142857142,0.21428571428571427,0.0,0.0,0.0,0.0,0.0,0.2857142857142857,0.35714285714285715,0.07142857142857142,0.2857142857142857,0.6450571428571428,0.17619285714285712,0.030535714285714284,0.04453571428571428,0.10365714285714286,0.07787857142857144,0.8548428571428571,0.0672857142857143,-0.010592857142857145,14.0
2023-10-20,102.27999877929688,104.33999633789062,101.44000244140624,101.80999755859376,101.80999755859376,61317900.0,,,AMD,-0.0057617574071621,0.1111111111111111,0.2222222222222222,0.05555555555555555,0.05555555555555555,0.05555555555555555,0.05555555555555555,0.05555555555555555,0.05555555555555555,0.2777777777777778,0.2777777777777778,0.0,0.744738888888889,0.12183333333333334,0.04870555555555556,0.04384444444444444,0.04084444444444444,0.21445,0.5829722222222222,0.2025611111111111,-0.011888888888888881,18.0,0.041666666666666664,0.375,0.041666666666666664,0.20833333333333334,0.08333333333333333,0.20833333333333334,0.08333333333333333,0.16666666666666666,0.125,0.25,-0.125,0.7553708333333334,0.052879166666666665,0.06104583333333333,0.056995833333333336,0.0737,0.11602499999999999,0.7313166666666667,0.15265,0.03662500000000001,24.0
2023-10-23,100.80999755859376,102.41999816894533,99.31999969482422,100.01000213623048,100.01000213623048,50817400.0,,,AMD,-0.0176799476036461,0.03389830508474576,0.2033898305084746,0.0,0.05084745762711865,0.01694915254237288,0.0847457627118644,0.0,0.06779661016949153,0.3389830508474576,0.15254237288135594,0.1864406779661017,0.6881694915254237,0.1265,0.03982372881355933,0.05635593220338983,0.08914237288135594,0.1257050847457627,0.7555762711864407,0.11871864406779661,-0.006986440677966106,59.0,0.1111111111111111,0.2222222222222222,0.05555555555555555,0.05555555555555555,0.05555555555555555,0.05555555555555555,0.05555555555555555,0.05555555555555555,0.2777777777777778,0.2777777777777778,0.0,0.744738888888889,0.12183333333333334,0.04870555555555556,0.04384444444444444,0.04084444444444444,0.21445,0.5829722222222222,0.2025611111111111,-0.011888888888888881,18.0
2023-10-24,100.97000122070312,101.79000091552734,99.37999725341795,101.66999816894533,101.66999816894533,51982900.0,,,AMD,0.0165983001425562,0.13333333333333333,0.0,0.13333333333333333,0.13333333333333333,0.0,0.2,0.0,0.06666666666666667,0.0,0.2,-0.2,0.6783199999999999,0.1617333333333333,0.04514,0.039106666666666665,0.07568666666666667,0.25833999999999996,0.6943733333333333,0.04728666666666667,-0.21105333333333334,15.0,0.03389830508474576,0.2033898305084746,0.0,0.05084745762711865,0.01694915254237288,0.0847457627118644,0.0,0.06779661016949153,0.3389830508474576,0.15254237288135594,0.1864406779661017,0.6881694915254237,0.1265,0.03982372881355933,0.05635593220338983,0.08914237288135594,0.1257050847457627,0.7555762711864407,0.11871864406779661,-0.006986440677966106,59.0
2023-10-25,100.41999816894533,101.02999877929688,95.2300033569336,96.05999755859376,96.05999755859376,53424500.0,,,AMD,-0.055178525734105,0.045454545454545456,0.13636363636363635,0.0,0.09090909090909091,0.0,0.13636363636363635,0.09090909090909091,0.2727272727272727,0.3181818181818182,0.18181818181818182,0.13636363636363635,0.6227954545454545,0.1981272727272727,0.05086363636363636,0.050300000000000004,0.07792272727272727,0.2862409090909091,0.5869136363636364,0.12685000000000002,-0.15939090909090908,22.0,0.13333333333333333,0.0,0.13333333333333333,0.13333333333333333,0.0,0.2,0.0,0.06666666666666667,0.0,0.2,-0.2,0.6783199999999999,0.1617333333333333,0.04514,0.039106666666666665,0.07568666666666667,0.25833999999999996,0.6943733333333333,0.04728666666666667,-0.21105333333333334,15.0
2023-10-26,95.98999786376952,97.5199966430664,93.12000274658205,93.66999816894533,93.66999816894533,49896400.0,,,AMD,-0.024880277434846,0.0,0.11764705882352941,0.058823529411764705,0.058823529411764705,0.058823529411764705,0.11764705882352941,0.0,0.11764705882352941,0.35294117647058826,0.11764705882352941,0.23529411764705882,0.6606941176470588,0.12926470588235292,0.03721764705882353,0.06314117647058823,0.10970588235294118,0.13224117647058822,0.7566235294117647,0.11113529411764705,-0.021105882352941176,17.0,0.045454545454545456,0.13636363636363635,0.0,0.09090909090909091,0.0,0.13636363636363635,0.09090909090909091,0.2727272727272727,0.3181818181818182,0.18181818181818182,0.13636363636363635,0.6227954545454545,0.1981272727272727,0.05086363636363636,0.050300000000000004,0.07792272727272727,0.2862409090909091,0.5869136363636364,0.12685000000000002,-0.15939090909090908,22.0
2023-10-27,95.8000030517578,97.3499984741211,94.58999633789062,96.43000030517578,96.43000030517578,52458700.0,,,AMD,0.0294651669710983,0.14285714285714285,0.35714285714285715,0.07142857142857142,0.2857142857142857,0.07142857142857142,0.21428571428571427,0.07142857142857142,0.35714285714285715,0.5714285714285714,0.2857142857142857,0.2857142857142857,0.6735928571428571,0.13718571428571427,0.045085714285714285,0.04147857142857143,0.10266428571428572,0.32162142857142856,0.5005071428571429,0.1778714285714286,-0.14375000000000002,14.0,0.0,0.11764705882352941,0.058823529411764705,0.058823529411764705,0.058823529411764705,0.11764705882352941,0.0,0.11764705882352941,0.35294117647058826,0.11764705882352941,0.23529411764705882,0.6606941176470588,0.12926470588235292,0.03721764705882353,0.06314117647058823,0.10970588235294118,0.13224117647058822,0.7566235294117647,0.11113529411764705,-0.021105882352941176,17.0
2023-10-30,96.13999938964844,97.04000091552734,94.6999969482422,96.18000030517578,96.18000030517578,43716600.0,,,AMD,-0.0025925541761776,0.16326530612244897,0.35714285714285715,0.09183673469387756,0.14285714285714285,0.14285714285714285,0.15306122448979592,0.11224489795918367,0.2857142857142857,0.5408163265306123,0.25510204081632654,0.2857142857142857,0.6238612244897959,0.19346734693877551,0.05666734693877551,0.04779387755102041,0.07819999999999999,0.15047755102040816,0.7597959183673468,0.08972755102040816,-0.06075,98.0,0.14285714285714285,0.35714285714285715,0.07142857142857142,0.2857142857142857,0.07142857142857142,0.21428571428571427,0.07142857142857142,0.35714285714285715,0.5714285714285714,0.2857142857142857,0.2857142857142857,0.6735928571428571,0.13718571428571427,0.045085714285714285,0.04147857142857143,0.10266428571428572,0.32162142857142856,0.5005071428571429,0.1778714285714286,-0.14375000000000002,14.0
2023-10-31,96.23999786376952,98.81999969482422,94.06999969482422,98.5,98.5,79547100.0,,,AMD,0.024121435719099,0.0,0.1111111111111111,0.0,0.0,0.05555555555555555,0.0,0.0,0.2222222222222222,0.5,0.1111111111111111,0.3888888888888889,0.8054444444444444,0.09293333333333333,0.02781666666666667,0.03585,0.037955555555555555,0.13770000000000002,0.7083666666666667,0.1539388888888889,0.01623888888888888,18.0,0.16326530612244897,0.35714285714285715,0.09183673469387756,0.14285714285714285,0.14285714285714285,0.15306122448979592,0.11224489795918367,0.2857142857142857,0.5408163265306123,0.25510204081632654,0.2857142857142857,0.6238612244897959,0.19346734693877551,0.05666734693877551,0.04779387755102041,0.07819999999999999,0.15047755102040816,0.7597959183673468,0.08972755102040816,-0.06075,98.0
2023-11-01,98.58000183105467,108.1500015258789,98.5,108.04000091552734,108.04000091552734,138641500.0,,,AMD,0.0968528011728664,0.06666666666666667,0.3333333333333333,0.0,0.0,0.0,0.06666666666666667,0.0,0.13333333333333333,0.2,0.06666666666666667,0.13333333333333333,0.7350466666666667,0.13076666666666667,0.03813333333333334,0.040126666666666665,0.055913333333333336,0.14976,0.7059266666666667,0.14430666666666667,-0.005453333333333333,15.0,0.0,0.1111111111111111,0.0,0.0,0.05555555555555555,0.0,0.0,0.2222222222222222,0.5,0.1111111111111111,0.3888888888888889,0.8054444444444444,0.09293333333333333,0.02781666666666667,0.03585,0.037955555555555555,0.13770000000000002,0.7083666666666667,0.1539388888888889,0.01623888888888888,18.0
2023-11-02,107.95999908447266,109.41000366210938,105.91000366210938,107.83000183105467,107.83000183105467,71377000.0,,,AMD,-0.0019437160560269,0.0,0.0,0.0,0.2,0.0,0.0,0.0,0.0,0.0,0.2,-0.2,0.61692,0.20166,0.05247999999999999,0.028399999999999998,0.10058,0.13618000000000002,0.8255600000000001,0.03828,-0.09790000000000001,5.0,0.06666666666666667,0.3333333333333333,0.0,0.0,0.0,0.06666666666666667,0.0,0.13333333333333333,0.2,0.06666666666666667,0.13333333333333333,0.7350466666666667,0.13076666666666667,0.03813333333333334,0.040126666666666665,0.055913333333333336,0.14976,0.7059266666666667,0.14430666666666667,-0.005453333333333333,15.0
2023-11-03,109.0500030517578,113.38999938964844,107.86000061035156,112.25,112.25,65632200.0,,,AMD,0.0409904302502976,0.16666666666666666,0.16666666666666666,0.0,0.0,0.0,0.16666666666666666,0.0,0.0,0.6666666666666666,0.3333333333333333,0.3333333333333333,0.8135666666666667,0.10113333333333334,0.04703333333333334,0.017633333333333334,0.020583333333333332,0.2191,0.4407833333333333,0.34018333333333334,0.12108333333333332,6.0,0.0,0.0,0.0,0.2,0.0,0.0,0.0,0.0,0.0,0.2,-0.2,0.61692,0.20166,0.05247999999999999,0.028399999999999998,0.10058,0.13618000000000002,0.8255600000000001,0.03828,-0.09790000000000001,5.0
2023-11-06,112.5999984741211,113.08000183105467,110.22000122070312,111.75,111.75,49270400.0,,,AMD,-0.0044543429844098,0.06521739130434782,0.21739130434782608,0.0,0.13043478260869565,0.08695652173913043,0.10869565217391304,0.043478260869565216,0.15217391304347827,0.3695652173913043,0.1956521739130435,0.17391304347826086,0.7141217391304349,0.10050217391304347,0.062219565217391304,0.056752173913043484,0.06643260869565216,0.11295869565217392,0.7126673913043478,0.17436956521739133,0.061410869565217394,46.0,0.16666666666666666,0.16666666666666666,0.0,0.0,0.0,0.16666666666666666,0.0,0.0,0.6666666666666666,0.3333333333333333,0.3333333333333333,0.8135666666666667,0.10113333333333334,0.04703333333333334,0.017633333333333334,0.020583333333333332,0.2191,0.4407833333333333,0.34018333333333334,0.12108333333333332,6.0
2023-11-07,111.86000061035156,114.6500015258789,111.22000122070312,113.4499969482422,113.4499969482422,50550200.0,,,AMD,0.0152125006554111,0.0,0.2413793103448276,0.0,0.034482758620689655,0.034482758620689655,0.034482758620689655,0.0,0.06896551724137931,0.5862068965517241,0.034482758620689655,0.5517241379310345,0.8243413793103448,0.0496448275862069,0.020375862068965515,0.039303448275862074,0.0663448275862069,0.06855862068965517,0.7228517241379311,0.20857586206896553,0.14001724137931035,29.0,0.06521739130434782,0.21739130434782608,0.0,0.13043478260869565,0.08695652173913043,0.10869565217391304,0.043478260869565216,0.15217391304347827,0.3695652173913043,0.1956521739130435,0.17391304347826086,0.7141217391304349,0.10050217391304347,0.062219565217391304,0.056752173913043484,0.06643260869565216,0.11295869565217392,0.7126673913043478,0.17436956521739133,0.061410869565217394,46.0
2023-11-08,113.5500030517578,115.31999969482422,112.87999725341795,113.58999633789062,113.58999633789062,41880600.0,,,AMD,0.001234018452308,0.0625,0.5,0.0,0.1875,0.1875,0.1875,0.0625,0.3125,0.5625,0.1875,0.375,0.80103125,0.08178125,0.02115,0.0265375,0.06951875,0.12939375,0.768175,0.1024375,-0.02695625,16.0,0.0,0.2413793103448276,0.0,0.034482758620689655,0.034482758620689655,0.034482758620689655,0.0,0.06896551724137931,0.5862068965517241,0.034482758620689655,0.5517241379310345,0.8243413793103448,0.0496448275862069,0.020375862068965515,0.039303448275862074,0.0663448275862069,0.06855862068965517,0.7228517241379311,0.20857586206896553,0.14001724137931035,29.0
2023-11-09,114.0999984741211,115.80999755859376,113.05999755859376,113.48999786376952,113.48999786376952,61146900.0,,,AMD,-0.0008803457817152,0.047619047619047616,0.19047619047619047,0.047619047619047616,0.09523809523809523,0.047619047619047616,0.09523809523809523,0.047619047619047616,0.19047619047619047,0.23809523809523808,0.14285714285714285,0.09523809523809523,0.6451238095238095,0.21844761904761903,0.02578095238095238,0.027152380952380956,0.08348571428571429,0.09246666666666667,0.7877714285714286,0.11975714285714285,0.027290476190476178,21.0,0.0625,0.5,0.0,0.1875,0.1875,0.1875,0.0625,0.3125,0.5625,0.1875,0.375,0.80103125,0.08178125,0.02115,0.0265375,0.06951875,0.12939375,0.768175,0.1024375,-0.02695625,16.0
2023-11-10,114.3499984741211,119.6999969482422,114.02999877929688,118.58999633789062,118.58999633789062,75135900.0,,,AMD,0.0449378673902436,0.0,0.29411764705882354,0.0,0.17647058823529413,0.11764705882352941,0.11764705882352941,0.17647058823529413,0.11764705882352941,0.17647058823529413,0.17647058823529413,0.0,0.7995411764705882,0.09734117647058822,0.04631764705882353,0.02368235294117647,0.03311764705882353,0.11801764705882353,0.6886705882352941,0.1933058823529412,0.07528823529411766,17.0,0.047619047619047616,0.19047619047619047,0.047619047619047616,0.09523809523809523,0.047619047619047616,0.09523809523809523,0.047619047619047616,0.19047619047619047,0.23809523809523808,0.14285714285714285,0.09523809523809523,0.6451238095238095,0.21844761904761903,0.02578095238095238,0.027152380952380956,0.08348571428571429,0.09246666666666667,0.7877714285714286,0.11975714285714285,0.027290476190476178,21.0
2023-11-13,118.33999633789062,118.68000030517578,116.0,116.79000091552734,116.79000091552734,46741900.0,,,AMD,-0.0151783074285175,0.11764705882352941,0.13725490196078433,0.1568627450980392,0.17647058823529413,0.0392156862745098,0.13725490196078433,0.0196078431372549,0.1568627450980392,0.35294117647058826,0.37254901960784315,-0.0196078431372549,0.7467176470588235,0.11047647058823529,0.040600000000000004,0.0356843137254902,0.06652156862745098,0.14435098039215688,0.7943392156862745,0.061303921568627455,-0.08304705882352942,51.0,0.0,0.29411764705882354,0.0,0.17647058823529413,0.11764705882352941,0.11764705882352941,0.17647058823529413,0.11764705882352941,0.17647058823529413,0.17647058823529413,0.0,0.7995411764705882,0.09734117647058822,0.04631764705882353,0.02368235294117647,0.03311764705882353,0.11801764705882353,0.6886705882352941,0.1933058823529412,0.07528823529411766,17.0
2023-11-14,119.6999969482422,122.11000061035156,119.22000122070312,119.87999725341795,119.87999725341795,61017400.0,,,AMD,0.0264577131061549,0.08333333333333333,0.16666666666666666,0.041666666666666664,0.25,0.08333333333333333,0.20833333333333334,0.125,0.25,0.6666666666666666,0.2916666666666667,0.375,0.7592625000000001,0.12320416666666667,0.0381875,0.033683333333333336,0.045641666666666664,0.10922083333333332,0.760725,0.13007083333333333,0.020850000000000004,24.0,0.11764705882352941,0.13725490196078433,0.1568627450980392,0.17647058823529413,0.0392156862745098,0.13725490196078433,0.0196078431372549,0.1568627450980392,0.35294117647058826,0.37254901960784315,-0.0196078431372549,0.7467176470588235,0.11047647058823529,0.040600000000000004,0.0356843137254902,0.06652156862745098,0.14435098039215688,0.7943392156862745,0.061303921568627455,-0.08304705882352942,51.0
2023-11-15,120.54000091552734,120.58999633789062,116.87000274658205,118.0,118.0,59555600.0,,,AMD,-0.0156823264638867,0.125,0.20833333333333334,0.125,0.375,0.0,0.375,0.0,0.125,0.3333333333333333,0.4583333333333333,-0.125,0.651075,0.156925,0.06875833333333334,0.04439166666666666,0.07885833333333334,0.19905833333333334,0.6862125,0.11474166666666667,-0.08431666666666666,24.0,0.08333333333333333,0.16666666666666666,0.041666666666666664,0.25,0.08333333333333333,0.20833333333333334,0.125,0.25,0.6666666666666666,0.2916666666666667,0.375,0.7592625000000001,0.12320416666666667,0.0381875,0.033683333333333336,0.045641666666666664,0.10922083333333332,0.760725,0.13007083333333333,0.020850000000000004,24.0
2023-11-16,117.1999969482422,120.7300033569336,116.41000366210938,119.83000183105467,119.83000183105467,49661900.0,,,AMD,0.0155084900936837,0.0,0.0,0.0,0.16666666666666666,0.0,0.03333333333333333,0.03333333333333333,0.16666666666666666,0.43333333333333335,0.1,0.3333333333333333,0.61688,0.15864333333333333,0.03161666666666667,0.09601333333333333,0.09683333333333333,0.07834,0.7288633333333333,0.19280333333333333,0.11446333333333333,30.0,0.125,0.20833333333333334,0.125,0.375,0.0,0.375,0.0,0.125,0.3333333333333333,0.4583333333333333,-0.125,0.651075,0.156925,0.06875833333333334,0.04439166666666666,0.07885833333333334,0.19905833333333334,0.6862125,0.11474166666666667,-0.08431666666666666,24.0
2023-11-17,119.63999938964844,121.48999786376952,118.81999969482422,120.62000274658205,120.62000274658205,38508900.0,,,AMD,0.00659268049283,0.058823529411764705,0.058823529411764705,0.058823529411764705,0.0,0.058823529411764705,0.058823529411764705,0.029411764705882353,0.17647058823529413,0.29411764705882354,0.14705882352941177,0.14705882352941177,0.7947852941176471,0.06160294117647059,0.0276,0.033808823529411766,0.08220294117647059,0.056885294117647055,0.8070411764705883,0.13607941176470587,0.07919411764705882,34.0,0.0,0.0,0.0,0.16666666666666666,0.0,0.03333333333333333,0.03333333333333333,0.16666666666666666,0.43333333333333335,0.1,0.3333333333333333,0.61688,0.15864333333333333,0.03161666666666667,0.09601333333333333,0.09683333333333333,0.07834,0.7288633333333333,0.19280333333333333,0.11446333333333333,30.0
2023-11-20,120.6999969482422,121.93000030517578,120.06999969482422,121.52999877929688,121.52999877929688,43138700.0,,,AMD,0.0075443211075587,0.03076923076923077,0.18461538461538463,0.03076923076923077,0.03076923076923077,0.1076923076923077,0.03076923076923077,0.06153846153846154,0.23076923076923078,0.4,0.07692307692307693,0.3230769230769231,0.7475861538461538,0.10023692307692308,0.030092307692307693,0.05416923076923077,0.06792615384615384,0.0762876923076923,0.8176523076923077,0.10605692307692308,0.02976923076923077,65.0,0.058823529411764705,0.058823529411764705,0.058823529411764705,0.0,0.058823529411764705,0.058823529411764705,0.029411764705882353,0.17647058823529413,0.29411764705882354,0.14705882352941177,0.14705882352941177,0.7947852941176471,0.06160294117647059,0.0276,0.033808823529411766,0.08220294117647059,0.056885294117647055,0.8070411764705883,0.13607941176470587,0.07919411764705882,34.0
2023-11-21,120.54000091552734,120.6500015258789,117.94000244140624,119.16000366210938,119.16000366210938,41064800.0,,,AMD,-0.0195013177075028,0.0,0.09523809523809523,0.0,0.047619047619047616,0.0,0.09523809523809523,0.0,0.2857142857142857,0.3333333333333333,0.09523809523809523,0.23809523809523808,0.7355904761904762,0.1126952380952381,0.033076190476190474,0.049242857142857144,0.06938095238095238,0.16527619047619047,0.6984476190476191,0.1362761904761905,-0.028999999999999995,21.0,0.03076923076923077,0.18461538461538463,0.03076923076923077,0.03076923076923077,0.1076923076923077,0.03076923076923077,0.06153846153846154,0.23076923076923078,0.4,0.07692307692307693,0.3230769230769231,0.7475861538461538,0.10023692307692308,0.030092307692307693,0.05416923076923077,0.06792615384615384,0.0762876923076923,0.8176523076923077,0.10605692307692308,0.02976923076923077,65.0
2023-11-22,120.0,124.76000213623048,119.9499969482422,122.51000213623048,122.51000213623048,56862200.0,,,AMD,0.0281134472236201,0.05,0.05,0.05,0.05,0.0,0.1,0.05,0.2,0.6,0.2,0.4,0.76667,0.110025,0.037425,0.035515,0.05036,0.08047000000000001,0.8106350000000001,0.10890999999999999,0.02844,20.0,0.0,0.09523809523809523,0.0,0.047619047619047616,0.0,0.09523809523809523,0.0,0.2857142857142857,0.3333333333333333,0.09523809523809523,0.23809523809523808,0.7355904761904762,0.1126952380952381,0.033076190476190474,0.049242857142857144,0.06938095238095238,0.16527619047619047,0.6984476190476191,0.1362761904761905,-0.028999999999999995,21.0
2023-11-24,122.02999877929688,123.25,121.54000091552734,122.30999755859376,122.30999755859376,19001000.0,,,AMD,-0.0016325571312481,0.04081632653061224,0.16326530612244897,0.02040816326530612,0.061224489795918366,0.04081632653061224,0.02040816326530612,0.02040816326530612,0.16326530612244897,0.32653061224489793,0.14285714285714285,0.1836734693877551,0.7475591836734694,0.12531020408163265,0.025906122448979593,0.03460612244897959,0.0666326530612245,0.1326122448979592,0.7605836734693877,0.10680816326530612,-0.025804081632653054,49.0,0.05,0.05,0.05,0.05,0.0,0.1,0.05,0.2,0.6,0.2,0.4,0.76667,0.110025,0.037425,0.035515,0.05036,0.08047000000000001,0.8106350000000001,0.10890999999999999,0.02844,20.0
2023-11-27,122.06999969482422,123.88999938964844,121.7699966430664,122.6500015258789,122.6500015258789,32743000.0,,,AMD,0.0027798542561678,0.05454545454545454,0.09090909090909091,0.01818181818181818,0.03636363636363636,0.0,0.03636363636363636,0.01818181818181818,0.14545454545454545,0.23636363636363636,0.12727272727272726,0.10909090909090909,0.7265763636363637,0.10305090909090908,0.035983636363636363,0.04368909090909091,0.09068727272727273,0.05945818181818182,0.8069090909090909,0.1336290909090909,0.07417090909090908,55.0,0.04081632653061224,0.16326530612244897,0.02040816326530612,0.061224489795918366,0.04081632653061224,0.02040816326530612,0.02040816326530612,0.16326530612244897,0.32653061224489793,0.14285714285714285,0.1836734693877551,0.7475591836734694,0.12531020408163265,0.025906122448979593,0.03460612244897959,0.0666326530612245,0.1326122448979592,0.7605836734693877,0.10680816326530612,-0.025804081632653054,49.0
2023-11-28,121.9800033569336,122.54000091552734,120.79000091552734,122.01000213623048,122.01000213623048,32047100.0,,,AMD,-0.0052180952440785,0.0,0.125,0.0,0.041666666666666664,0.0,0.08333333333333333,0.041666666666666664,0.08333333333333333,0.25,0.08333333333333333,0.16666666666666666,0.8321708333333334,0.0901125,0.019816666666666666,0.02182083333333333,0.0360875,0.13847083333333335,0.7508666666666667,0.11065000000000001,-0.027820833333333333,24.0,0.05454545454545454,0.09090909090909091,0.01818181818181818,0.03636363636363636,0.0,0.03636363636363636,0.01818181818181818,0.14545454545454545,0.23636363636363636,0.12727272727272726,0.10909090909090909,0.7265763636363637,0.10305090909090908,0.035983636363636363,0.04368909090909091,0.09068727272727273,0.05945818181818182,0.8069090909090909,0.1336290909090909,0.07417090909090908,55.0
2023-11-29,123.9800033569336,125.7300033569336,123.4800033569336,123.8499984741211,123.8499984741211,37876300.0,,,AMD,0.0150807008087432,0.05,0.3,0.0,0.05,0.15,0.1,0.1,0.4,0.6,0.25,0.35,0.788195,0.054795,0.02532,0.06634,0.065335,0.06342,0.7349650000000001,0.20162,0.13820000000000002,20.0,0.0,0.125,0.0,0.041666666666666664,0.0,0.08333333333333333,0.041666666666666664,0.08333333333333333,0.25,0.08333333333333333,0.16666666666666666,0.8321708333333334,0.0901125,0.019816666666666666,0.02182083333333333,0.0360875,0.13847083333333335,0.7508666666666667,0.11065000000000001,-0.027820833333333333,24.0
2023-11-30,123.61000061035156,124.0500030517578,119.6500015258789,121.16000366210938,121.16000366210938,44494200.0,,,AMD,-0.0217197807440732,0.0625,0.1875,0.125,0.125,0.0,0.125,0.0,0.375,0.25,0.1875,0.0625,0.803925,0.0705125,0.02245625,0.0350625,0.0680375,0.093275,0.77764375,0.12909375,0.03581875,16.0,0.05,0.3,0.0,0.05,0.15,0.1,0.1,0.4,0.6,0.25,0.35,0.788195,0.054795,0.02532,0.06634,0.065335,0.06342,0.7349650000000001,0.20162,0.13820000000000002,20.0
2023-12-01,119.87999725341795,121.4000015258789,118.6500015258789,121.38999938964844,121.38999938964844,37048000.0,,,AMD,0.0018982809556564,0.0,0.0,0.0,0.0,0.0,0.0,0.0,0.125,0.0,0.0,0.0,0.893225,0.038612499999999994,0.01565,0.020625,0.0319,0.10339999999999999,0.7520875,0.14448750000000002,0.04108750000000002,8.0,0.0625,0.1875,0.125,0.125,0.0,0.125,0.0,0.375,0.25,0.1875,0.0625,0.803925,0.0705125,0.02245625,0.0350625,0.0680375,0.093275,0.77764375,0.12909375,0.03581875,16.0
2023-12-04,119.75,119.9000015258789,116.37000274658205,118.56999969482422,118.56999969482422,39854400.0,,,AMD,-0.023230906244363,0.08,0.12,0.12,0.12,0.04,0.04,0.0,0.2,0.12,0.12,0.0,0.728988,0.162484,0.03146,0.0215,0.055568,0.100944,0.812552,0.086508,-0.014436000000000004,25.0,0.0,0.0,0.0,0.0,0.0,0.0,0.0,0.125,0.0,0.0,0.0,0.893225,0.038612499999999994,0.01565,0.020625,0.0319,0.10339999999999999,0.7520875,0.14448750000000002,0.04108750000000002,8.0
2023-12-05,117.43000030517578,118.48999786376952,116.4499969482422,118.37999725341795,118.37999725341795,39191600.0,,,AMD,-0.0016024495394728,0.3125,0.3125,0.375,0.5,0.125,0.25,0.0,0.3125,0.5,0.625,-0.125,0.63995625,0.0840125,0.177775,0.0523375,0.045906249999999996,0.18060625,0.731825,0.0875875,-0.09301875000000001,16.0,0.08,0.12,0.12,0.12,0.04,0.04,0.0,0.2,0.12,0.12,0.0,0.728988,0.162484,0.03146,0.0215,0.055568,0.100944,0.812552,0.086508,-0.014436000000000004,25.0
2023-12-06,120.69000244140624,122.83000183105467,116.37999725341795,116.81999969482422,116.81999969482422,60599000.0,,,AMD,-0.013177881354856,0.1388888888888889,0.16666666666666666,0.1388888888888889,0.2777777777777778,0.05555555555555555,0.05555555555555555,0.027777777777777776,0.2777777777777778,0.3888888888888889,0.2777777777777778,0.1111111111111111,0.6372333333333333,0.11213055555555555,0.10399722222222221,0.05235555555555556,0.0942888888888889,0.12908055555555556,0.6886638888888889,0.18225555555555556,0.053175,36.0,0.3125,0.3125,0.375,0.5,0.125,0.25,0.0,0.3125,0.5,0.625,-0.125,0.63995625,0.0840125,0.177775,0.0523375,0.045906249999999996,0.18060625,0.731825,0.0875875,-0.09301875000000001,16.0
2023-12-07,120.79000091552734,128.67999267578125,119.55999755859376,128.3699951171875,128.3699951171875,118579100.0,,,AMD,0.0988700175700738,0.125,0.65625,0.0,0.0625,0.0625,0.125,0.0625,0.4375,0.40625,0.25,0.15625,0.828028125,0.057165625,0.021565625,0.03388125,0.0593625,0.065753125,0.7929625,0.141278125,0.075525,32.0,0.1388888888888889,0.16666666666666666,0.1388888888888889,0.2777777777777778,0.05555555555555555,0.05555555555555555,0.027777777777777776,0.2777777777777778,0.3888888888888889,0.2777777777777778,0.1111111111111111,0.6372333333333333,0.11213055555555555,0.10399722222222221,0.05235555555555556,0.0942888888888889,0.12908055555555556,0.6886638888888889,0.18225555555555556,0.053175,36.0
2023-12-08,129.5399932861328,131.0,126.88999938964844,128.9199981689453,128.9199981689453,89341000.0,,,AMD,0.0042845140817815,0.11764705882352941,0.23529411764705882,0.058823529411764705,0.11764705882352941,0.11764705882352941,0.058823529411764705,0.11764705882352941,0.17647058823529413,0.17647058823529413,0.11764705882352941,0.058823529411764705,0.8460764705882353,0.05641176470588235,0.020200000000000003,0.026047058823529413,0.051270588235294116,0.07186470588235294,0.8160176470588235,0.11211176470588236,0.040247058823529414,17.0,0.125,0.65625,0.0,0.0625,0.0625,0.125,0.0625,0.4375,0.40625,0.25,0.15625,0.828028125,0.057165625,0.021565625,0.03388125,0.0593625,0.065753125,0.7929625,0.141278125,0.075525,32.0
2023-12-11,130.55999755859375,135.0399932861328,128.25,134.41000366210938,134.41000366210938,98668300.0,,,AMD,0.0425845917711664,0.0410958904109589,0.2328767123287671,0.0410958904109589,0.0273972602739726,0.0958904109589041,0.0684931506849315,0.0684931506849315,0.1917808219178082,0.3972602739726027,0.1780821917808219,0.2191780821917808,0.6812479452054794,0.1385972602739726,0.0684972602739726,0.04565342465753425,0.06601095890410959,0.1209068493150685,0.7101643835616438,0.16893013698630135,0.04802328767123288,73.0,0.11764705882352941,0.23529411764705882,0.058823529411764705,0.11764705882352941,0.11764705882352941,0.058823529411764705,0.11764705882352941,0.17647058823529413,0.17647058823529413,0.11764705882352941,0.058823529411764705,0.8460764705882353,0.05641176470588235,0.020200000000000003,0.026047058823529413,0.051270588235294116,0.07186470588235294,0.8160176470588235,0.11211176470588236,0.040247058823529414,17.0
2023-12-12,132.25,139.88999938964844,131.89999389648438,137.61000061035156,137.61000061035156,111677800.0,,,AMD,0.0238077290458722,0.125,0.375,0.0625,0.0625,0.25,0.0625,0.125,0.1875,0.75,0.125,0.625,0.5617,0.2392625,0.0547125,0.073125,0.0711875,0.10086250000000001,0.7748125,0.12433749999999999,0.023475,16.0,0.0410958904109589,0.2328767123287671,0.0410958904109589,0.0273972602739726,0.0958904109589041,0.0684931506849315,0.0684931506849315,0.1917808219178082,0.3972602739726027,0.1780821917808219,0.2191780821917808,0.6812479452054794,0.1385972602739726,0.0684972602739726,0.04565342465753425,0.06601095890410959,0.1209068493150685,0.7101643835616438,0.16893013698630135,0.04802328767123288,73.0
2023-12-13,137.97000122070312,139.24000549316406,136.02999877929688,138.19000244140625,138.19000244140625,70651600.0,,,AMD,0.0042148232576277,0.14285714285714285,0.07142857142857142,0.07142857142857142,0.07142857142857142,0.07142857142857142,0.07142857142857142,0.0,0.2857142857142857,0.35714285714285715,0.2857142857142857,0.07142857142857142,0.6685214285714285,0.20622857142857143,0.03137857142857143,0.01845714285714286,0.07538571428571429,0.10602857142857143,0.6905357142857144,0.20345714285714284,0.09742857142857143,14.0,0.125,0.375,0.0625,0.0625,0.25,0.0625,0.125,0.1875,0.75,0.125,0.625,0.5617,0.2392625,0.0547125,0.073125,0.0711875,0.10086250000000001,0.7748125,0.12433749999999999,0.023475,16.0
2023-12-14,138.88999938964844,141.82000732421875,135.72999572753906,138.0,138.0,76115200.0,,,AMD,-0.001374936233081,0.07692307692307693,0.15384615384615385,0.0,0.2692307692307692,0.07692307692307693,0.15384615384615385,0.038461538461538464,0.38461538461538464,0.2692307692307692,0.19230769230769232,0.07692307692307693,0.7026307692307692,0.16296923076923076,0.034157692307692306,0.04475,0.05549615384615385,0.14275384615384615,0.7765884615384615,0.08068461538461538,-0.06206923076923077,26.0,0.14285714285714285,0.07142857142857142,0.07142857142857142,0.07142857142857142,0.07142857142857142,0.07142857142857142,0.0,0.2857142857142857,0.35714285714285715,0.2857142857142857,0.07142857142857142,0.6685214285714285,0.20622857142857143,0.03137857142857143,0.01845714285714286,0.07538571428571429,0.10602857142857143,0.6905357142857144,0.20345714285714284,0.09742857142857143,14.0
2023-12-15,139.52000427246094,140.88999938964844,137.25,139.14999389648438,139.14999389648438,70211800.0,,,AMD,0.0083332891049592,0.0,0.0,0.0,0.15384615384615385,0.0,0.07692307692307693,0.0,0.15384615384615385,0.23076923076923078,0.07692307692307693,0.15384615384615385,0.6973,0.1905769230769231,0.029623076923076922,0.03179230769230769,0.050715384615384614,0.05666923076923077,0.8059846153846154,0.13735384615384616,0.08068461538461538,13.0,0.07692307692307693,0.15384615384615385,0.0,0.2692307692307692,0.07692307692307693,0.15384615384615385,0.038461538461538464,0.38461538461538464,0.2692307692307692,0.19230769230769232,0.07692307692307693,0.7026307692307692,0.16296923076923076,0.034157692307692306,0.04475,0.05549615384615385,0.14275384615384615,0.7765884615384615,0.08068461538461538,-0.06206923076923077,26.0
2023-12-18,139.14999389648438,139.7899932861328,137.64999389648438,138.89999389648438,138.89999389648438,45199500.0,,,AMD,-0.0017966224287869,0.05970149253731343,0.208955223880597,0.04477611940298507,0.1044776119402985,0.04477611940298507,0.1044776119402985,0.029850746268656716,0.08955223880597014,0.16417910447761194,0.11940298507462686,0.04477611940298507,0.6958014925373134,0.15200895522388058,0.04264925373134328,0.036504477611940304,0.07304328358208956,0.11992686567164179,0.7264597014925374,0.15361641791044778,0.03368955223880597,67.0,0.0,0.0,0.0,0.15384615384615385,0.0,0.07692307692307693,0.0,0.15384615384615385,0.23076923076923078,0.07692307692307693,0.15384615384615385,0.6973,0.1905769230769231,0.029623076923076922,0.03179230769230769,0.050715384615384614,0.05666923076923077,0.8059846153846154,0.13735384615384616,0.08068461538461538,13.0
2023-12-19,138.57000732421875,143.47000122070312,138.55999755859375,140.14999389648438,140.14999389648438,63739800.0,,,AMD,0.0089992804530398,0.058823529411764705,0.058823529411764705,0.11764705882352941,0.17647058823529413,0.058823529411764705,0.11764705882352941,0.058823529411764705,0.058823529411764705,0.23529411764705882,0.11764705882352941,0.11764705882352941,0.6771117647058823,0.1845058823529412,0.029164705882352943,0.0526,0.05662941176470588,0.24262941176470587,0.6829823529411765,0.07435882352941177,-0.16827058823529412,17.0,0.05970149253731343,0.208955223880597,0.04477611940298507,0.1044776119402985,0.04477611940298507,0.1044776119402985,0.029850746268656716,0.08955223880597014,0.16417910447761194,0.11940298507462686,0.04477611940298507,0.6958014925373134,0.15200895522388058,0.04264925373134328,0.036504477611940304,0.07304328358208956,0.11992686567164179,0.7264597014925374,0.15361641791044778,0.03368955223880597,67.0
2023-12-20,139.0,139.5800018310547,135.3699951171875,135.47000122070312,135.47000122070312,54671700.0,,,AMD,-0.0333927426299991,0.09090909090909091,0.18181818181818182,0.0,0.045454545454545456,0.0,0.13636363636363635,0.045454545454545456,0.0,0.22727272727272727,0.22727272727272727,0.0,0.7978000000000001,0.08233636363636364,0.024172727272727276,0.04339545454545454,0.05230454545454546,0.12380454545454546,0.7383181818181819,0.13788636363636364,0.014081818181818175,22.0,0.058823529411764705,0.058823529411764705,0.11764705882352941,0.17647058823529413,0.058823529411764705,0.11764705882352941,0.058823529411764705,0.058823529411764705,0.23529411764705882,0.11764705882352941,0.11764705882352941,0.6771117647058823,0.1845058823529412,0.029164705882352943,0.0526,0.05662941176470588,0.24262941176470587,0.6829823529411765,0.07435882352941177,-0.16827058823529412,17.0
2023-12-21,138.13999938964844,139.97999572753906,137.3800048828125,139.91000366210938,139.91000366210938,47179400.0,,,AMD,0.0327748018114559,0.06666666666666667,0.13333333333333333,0.0,0.13333333333333333,0.0,0.13333333333333333,0.0,0.26666666666666666,0.13333333333333333,0.2,-0.06666666666666667,0.7565933333333333,0.10981333333333333,0.036706666666666665,0.03901333333333334,0.05787333333333333,0.08746000000000001,0.8063666666666667,0.10619333333333333,0.018733333333333334,15.0,0.09090909090909091,0.18181818181818182,0.0,0.045454545454545456,0.0,0.13636363636363635,0.045454545454545456,0.0,0.22727272727272727,0.22727272727272727,0.0,0.7978000000000001,0.08233636363636364,0.024172727272727276,0.04339545454545454,0.05230454545454546,0.12380454545454546,0.7383181818181819,0.13788636363636364,0.014081818181818175,22.0
2023-12-22,140.47999572753906,140.6999969482422,138.30999755859375,139.60000610351562,139.60000610351562,35396600.0,,,AMD,-0.0022156925915205,0.0,0.1111111111111111,0.05555555555555555,0.1111111111111111,0.05555555555555555,0.1111111111111111,0.05555555555555555,0.2222222222222222,0.3888888888888889,0.1111111111111111,0.2777777777777778,0.7175944444444444,0.1075,0.03344444444444444,0.08304444444444443,0.05838333333333333,0.019216666666666667,0.7564944444444444,0.22430555555555554,0.2050888888888889,18.0,0.06666666666666667,0.13333333333333333,0.0,0.13333333333333333,0.0,0.13333333333333333,0.0,0.26666666666666666,0.13333333333333333,0.2,-0.06666666666666667,0.7565933333333333,0.10981333333333333,0.036706666666666665,0.03901333333333334,0.05787333333333333,0.08746000000000001,0.8063666666666667,0.10619333333333333,0.018733333333333334,15.0
2023-12-26,140.07000732421875,143.85000610351562,139.9199981689453,143.41000366210938,143.41000366210938,47157400.0,,,AMD,0.0272922449284749,0.05172413793103448,0.1724137931034483,0.05172413793103448,0.08620689655172414,0.034482758620689655,0.1206896551724138,0.017241379310344827,0.1724137931034483,0.25862068965517243,0.1896551724137931,0.06896551724137931,0.709351724137931,0.12385689655172413,0.04453103448275862,0.03854482758620689,0.08371896551724137,0.16914137931034484,0.75805,0.07281551724137932,-0.09632586206896551,58.0,0.0,0.1111111111111111,0.05555555555555555,0.1111111111111111,0.05555555555555555,0.1111111111111111,0.05555555555555555,0.2222222222222222,0.3888888888888889,0.1111111111111111,0.2777777777777778,0.7175944444444444,0.1075,0.03344444444444444,0.08304444444444443,0.05838333333333333,0.019216666666666667,0.7564944444444444,0.22430555555555554,0.2050888888888889,18.0
2023-12-27,144.72000122070312,146.25,143.17999267578125,146.07000732421875,146.07000732421875,49033400.0,,,AMD,0.0185482434571067,0.0,0.05,0.05,0.1,0.0,0.1,0.05,0.25,0.25,0.2,0.05,0.6916100000000001,0.19896,0.039944999999999994,0.02731,0.04218,0.10034499999999999,0.8282299999999999,0.07142,-0.028925000000000006,20.0,0.05172413793103448,0.1724137931034483,0.05172413793103448,0.08620689655172414,0.034482758620689655,0.1206896551724138,0.017241379310344827,0.1724137931034483,0.25862068965517243,0.1896551724137931,0.06896551724137931,0.709351724137931,0.12385689655172413,0.04453103448275862,0.03854482758620689,0.08371896551724137,0.16914137931034484,0.75805,0.07281551724137932,-0.09632586206896551,58.0
2023-12-28,146.8000030517578,150.41000366210938,145.9499969482422,148.75999450683594,148.75999450683594,63800700.0,,,AMD,0.0184157393560366,0.043478260869565216,0.13043478260869565,0.08695652173913043,0.13043478260869565,0.043478260869565216,0.13043478260869565,0.043478260869565216,0.13043478260869565,0.30434782608695654,0.17391304347826086,0.13043478260869565,0.667804347826087,0.16088260869565216,0.03398695652173913,0.043917391304347825,0.09342173913043478,0.11591304347826087,0.8177130434782609,0.06638260869565217,-0.0495304347826087,23.0,0.0,0.05,0.05,0.1,0.0,0.1,0.05,0.25,0.25,0.2,0.05,0.6916100000000001,0.19896,0.039944999999999994,0.02731,0.04218,0.10034499999999999,0.8282299999999999,0.07142,-0.028925000000000006,20.0
2023-12-29,149.5,151.0500030517578,147.1999969482422,147.41000366210938,147.41000366210938,62079200.0,,,AMD,-0.0090749589578973,0.0625,0.0625,0.125,0.125,0.125,0.125,0.125,0.125,0.375,0.3125,0.0625,0.64223125,0.20736875,0.04306875,0.04209375,0.06520000000000001,0.12215625,0.79864375,0.07918125000000001,-0.04297499999999999,16.0,0.043478260869565216,0.13043478260869565,0.08695652173913043,0.13043478260869565,0.043478260869565216,0.13043478260869565,0.043478260869565216,0.13043478260869565,0.30434782608695654,0.17391304347826086,0.13043478260869565,0.667804347826087,0.16088260869565216,0.03398695652173913,0.043917391304347825,0.09342173913043478,0.11591304347826087,0.8177130434782609,0.06638260869565217,-0.0495304347826087,23.0
2024-01-02,144.27999877929688,144.39999389648438,137.42999267578125,138.5800018310547,138.5800018310547,64902000.0,,,AMD,-0.0599009674492286,0.041666666666666664,0.1875,0.0625,0.125,0.041666666666666664,0.10416666666666667,0.0625,0.14583333333333334,0.3333333333333333,0.14583333333333334,0.1875,0.6483208333333333,0.16178541666666665,0.06464375,0.03620416666666667,0.08903125,0.11881041666666665,0.7643458333333334,0.11684166666666666,-0.0019687499999999996,48.0,0.0625,0.0625,0.125,0.125,0.125,0.125,0.125,0.125,0.375,0.3125,0.0625,0.64223125,0.20736875,0.04306875,0.04209375,0.06520000000000001,0.12215625,0.79864375,0.07918125000000001,-0.04297499999999999,16.0
2024-01-03,135.7100067138672,137.42999267578125,133.74000549316406,135.32000732421875,135.32000732421875,61988600.0,,,AMD,-0.0235242781336534,0.0,0.0,0.0,0.0,0.0,0.0,0.125,0.0,0.0,0.125,-0.125,0.8546625,0.0636,0.020575,0.024775,0.036399999999999995,0.0505125,0.889275,0.0602,0.009687499999999996,8.0,0.041666666666666664,0.1875,0.0625,0.125,0.041666666666666664,0.10416666666666667,0.0625,0.14583333333333334,0.3333333333333333,0.14583333333333334,0.1875,0.6483208333333333,0.16178541666666665,0.06464375,0.03620416666666667,0.08903125,0.11881041666666665,0.7643458333333334,0.11684166666666666,-0.0019687499999999996,48.0
2024-01-04,134.3000030517578,137.6999969482422,134.0,136.00999450683594,136.00999450683594,58610300.0,,,AMD,0.0050989295393992,0.0,0.5,0.0,0.0,0.0,0.25,0.0,0.25,0.5,0.25,0.25,0.890425,0.027925,0.016149999999999998,0.022175,0.043274999999999994,0.022425,0.918625,0.05895,0.036525,4.0,0.0,0.0,0.0,0.0,0.0,0.0,0.125,0.0,0.0,0.125,-0.125,0.8546625,0.0636,0.020575,0.024775,0.036399999999999995,0.0505125,0.889275,0.0602,0.009687499999999996,8.0
2024-01-05,136.77999877929688,141.00999450683594,136.44000244140625,138.5800018310547,138.5800018310547,69657700.0,,,AMD,0.0188957240498204,0.0,0.2,0.0,0.0,0.2,0.0,0.0,0.2,0.4,0.2,0.2,0.59956,0.31768,0.045680000000000005,0.0161,0.02102,0.46032,0.45248,0.08724000000000001,-0.37307999999999997,5.0,0.0,0.5,0.0,0.0,0.0,0.25,0.0,0.25,0.5,0.25,0.25,0.890425,0.027925,0.016149999999999998,0.022175,0.043274999999999994,0.022425,0.918625,0.05895,0.036525,4.0
2024-01-08,140.36000061035156,147.14999389648438,140.14999389648438,146.17999267578125,146.17999267578125,71756900.0,,,AMD,0.0548419017485066,0.1,0.28,0.04,0.08,0.06,0.08,0.02,0.1,0.3,0.16,0.14,0.795938,0.09579,0.036000000000000004,0.029264000000000002,0.043011999999999995,0.095638,0.759372,0.144982,0.049344,50.0,0.0,0.2,0.0,0.0,0.2,0.0,0.0,0.2,0.4,0.2,0.2,0.59956,0.31768,0.045680000000000005,0.0161,0.02102,0.46032,0.45248,0.08724000000000001,-0.37307999999999997,5.0
2024-01-09,145.9499969482422,149.86000061035156,145.0800018310547,149.25999450683594,149.25999450683594,67875700.0,,,AMD,0.0210699273866155,0.03333333333333333,0.23333333333333334,0.03333333333333333,0.16666666666666666,0.1,0.06666666666666667,0.03333333333333333,0.3333333333333333,0.26666666666666666,0.1,0.16666666666666666,0.8323533333333334,0.04729666666666667,0.02646666666666667,0.04284666666666667,0.05103333333333333,0.045956666666666666,0.7528366666666667,0.2012,0.15524333333333334,30.0,0.1,0.28,0.04,0.08,0.06,0.08,0.02,0.1,0.3,0.16,0.14,0.795938,0.09579,0.036000000000000004,0.029264000000000002,0.043011999999999995,0.095638,0.759372,0.144982,0.049344,50.0
2024-01-10,150.07000732421875,150.8800048828125,146.64999389648438,148.5399932861328,148.5399932861328,56951200.0,,,AMD,-0.0048238057564055,0.0,0.22580645161290322,0.03225806451612903,0.03225806451612903,0.03225806451612903,0.0,0.03225806451612903,0.22580645161290322,0.41935483870967744,0.03225806451612903,0.3870967741935484,0.829716129032258,0.08527096774193547,0.0201,0.028906451612903224,0.036003225806451614,0.11830645161290322,0.7619806451612904,0.11971612903225806,0.0014096774193548393,31.0,0.03333333333333333,0.23333333333333334,0.03333333333333333,0.16666666666666666,0.1,0.06666666666666667,0.03333333333333333,0.3333333333333333,0.26666666666666666,0.1,0.16666666666666666,0.8323533333333334,0.04729666666666667,0.02646666666666667,0.04284666666666667,0.05103333333333333,0.045956666666666666,0.7528366666666667,0.2012,0.15524333333333334,30.0
2024-01-11,148.52000427246094,150.3800048828125,143.69000244140625,148.02000427246094,148.02000427246094,62764600.0,,,AMD,-0.00350066673741,0.13333333333333333,0.26666666666666666,0.13333333333333333,0.2,0.13333333333333333,0.13333333333333333,0.06666666666666667,0.13333333333333333,0.4,0.3333333333333333,0.06666666666666667,0.69882,0.19782,0.023913333333333335,0.029973333333333334,0.04944666666666667,0.13704666666666665,0.7446466666666667,0.11830666666666666,-0.01874,15.0,0.0,0.22580645161290322,0.03225806451612903,0.03225806451612903,0.03225806451612903,0.0,0.03225806451612903,0.22580645161290322,0.41935483870967744,0.03225806451612903,0.3870967741935484,0.829716129032258,0.08527096774193547,0.0201,0.028906451612903224,0.036003225806451614,0.11830645161290322,0.7619806451612904,0.11971612903225806,0.0014096774193548393,31.0
2024-01-12,148.0399932861328,148.75,145.0,146.55999755859375,146.55999755859375,48293100.0,,,AMD,-0.0098635770282762,0.0,0.15789473684210525,0.0,0.21052631578947367,0.10526315789473684,0.10526315789473684,0.21052631578947367,0.3684210526315789,0.3684210526315789,0.3157894736842105,0.05263157894736842,0.6675315789473684,0.1799578947368421,0.03183157894736842,0.028210526315789474,0.09246842105263159,0.12893157894736842,0.7931526315789474,0.07792631578947368,-0.051005263157894734,19.0,0.13333333333333333,0.26666666666666666,0.13333333333333333,0.2,0.13333333333333333,0.13333333333333333,0.06666666666666667,0.13333333333333333,0.4,0.3333333333333333,0.06666666666666667,0.69882,0.19782,0.023913333333333335,0.029973333333333334,0.04944666666666667,0.13704666666666665,0.7446466666666667,0.11830666666666666,-0.01874,15.0
2024-01-16,150.36000061035156,159.72000122070312,149.97999572753906,158.74000549316406,158.74000549316406,112711400.0,,,AMD,0.0831059507196076,0.05714285714285714,0.2714285714285714,0.02857142857142857,0.02857142857142857,0.11428571428571428,0.04285714285714286,0.08571428571428572,0.2,0.38571428571428573,0.14285714285714285,0.24285714285714285,0.7029928571428571,0.11867142857142858,0.030001428571428568,0.05928428571428571,0.08905,0.050012857142857144,0.7810071428571428,0.16897857142857142,0.11896571428571429,70.0,0.0,0.15789473684210525,0.0,0.21052631578947367,0.10526315789473684,0.10526315789473684,0.21052631578947367,0.3684210526315789,0.3684210526315789,0.3157894736842105,0.05263157894736842,0.6675315789473684,0.1799578947368421,0.03183157894736842,0.028210526315789474,0.09246842105263159,0.12893157894736842,0.7931526315789474,0.07792631578947368,-0.051005263157894734,19.0
2024-01-17,158.4499969482422,160.63999938964844,154.39999389648438,160.1699981689453,160.1699981689453,104085000.0,,,AMD,0.0090083950251773,0.2,0.1,0.05,0.2,0.05,0.15,0.05,0.1,0.3,0.3,0.0,0.711135,0.07031000000000001,0.02546,0.08567,0.107415,0.10468,0.6581349999999999,0.23719,0.13251,20.0,0.05714285714285714,0.2714285714285714,0.02857142857142857,0.02857142857142857,0.11428571428571428,0.04285714285714286,0.08571428571428572,0.2,0.38571428571428573,0.14285714285714285,0.24285714285714285,0.7029928571428571,0.11867142857142858,0.030001428571428568,0.05928428571428571,0.08905,0.050012857142857144,0.7810071428571428,0.16897857142857142,0.11896571428571429,70.0
2024-01-18,166.1999969482422,168.60000610351562,158.22000122070312,162.6699981689453,162.6699981689453,131864900.0,,,AMD,0.0156084162363729,0.23809523809523808,0.09523809523809523,0.047619047619047616,0.23809523809523808,0.047619047619047616,0.23809523809523808,0.0,0.19047619047619047,0.23809523809523808,0.3333333333333333,-0.09523809523809523,0.6937666666666666,0.18245714285714285,0.022033333333333332,0.04306190476190476,0.058680952380952375,0.12026190476190476,0.7336809523809523,0.14606666666666668,0.025804761904761907,21.0,0.2,0.1,0.05,0.2,0.05,0.15,0.05,0.1,0.3,0.3,0.0,0.711135,0.07031000000000001,0.02546,0.08567,0.107415,0.10468,0.6581349999999999,0.23719,0.13251,20.0
2024-01-19,165.8000030517578,174.25,162.1999969482422,174.22999572753906,174.22999572753906,140367900.0,,,AMD,0.0710641033301531,0.037037037037037035,0.14814814814814814,0.0,0.07407407407407407,0.037037037037037035,0.07407407407407407,0.0,0.07407407407407407,0.1111111111111111,0.1111111111111111,0.0,0.7711444444444445,0.09749999999999999,0.023403703703703704,0.03635555555555556,0.07160740740740741,0.10918888888888889,0.7704111111111112,0.12039259259259259,0.011203703703703704,27.0,0.23809523809523808,0.09523809523809523,0.047619047619047616,0.23809523809523808,0.047619047619047616,0.23809523809523808,0.0,0.19047619047619047,0.23809523809523808,0.3333333333333333,-0.09523809523809523,0.6937666666666666,0.18245714285714285,0.022033333333333332,0.04306190476190476,0.058680952380952375,0.12026190476190476,0.7336809523809523,0.14606666666666668,0.025804761904761907,21.0
2024-01-22,174.38999938964844,174.72000122070312,164.14999389648438,168.17999267578125,168.17999267578125,122973800.0,,,AMD,-0.0347242334851388,0.06451612903225806,0.14516129032258066,0.04838709677419355,0.0967741935483871,0.06451612903225806,0.11290322580645161,0.04838709677419355,0.11290322580645161,0.2903225806451613,0.12903225806451613,0.16129032258064516,0.7042403225806452,0.14266451612903225,0.039161290322580644,0.03960645161290323,0.07433548387096774,0.13914354838709675,0.7002435483870968,0.16061774193548387,0.021474193548387092,62.0,0.037037037037037035,0.14814814814814814,0.0,0.07407407407407407,0.037037037037037035,0.07407407407407407,0.0,0.07407407407407407,0.1111111111111111,0.1111111111111111,0.0,0.7711444444444445,0.09749999999999999,0.023403703703703704,0.03635555555555556,0.07160740740740741,0.10918888888888889,0.7704111111111112,0.12039259259259259,0.011203703703703704,27.0
2024-01-23,166.5,169.6300048828125,164.27000427246094,168.4199981689453,168.4199981689453,76830500.0,,,AMD,0.0014270751790717,0.08823529411764706,0.23529411764705882,0.11764705882352941,0.14705882352941177,0.058823529411764705,0.08823529411764706,0.029411764705882353,0.35294117647058826,0.6176470588235294,0.23529411764705882,0.38235294117647056,0.8461294117647059,0.05618823529411764,0.01898235294117647,0.025364705882352942,0.05337352941176471,0.09311764705882353,0.6962823529411765,0.21059411764705882,0.1174764705882353,34.0,0.06451612903225806,0.14516129032258066,0.04838709677419355,0.0967741935483871,0.06451612903225806,0.11290322580645161,0.04838709677419355,0.11290322580645161,0.2903225806451613,0.12903225806451613,0.16129032258064516,0.7042403225806452,0.14266451612903225,0.039161290322580644,0.03960645161290323,0.07433548387096774,0.13914354838709675,0.7002435483870968,0.16061774193548387,0.021474193548387092,62.0
2024-01-24,172.5500030517578,180.5800018310547,170.55999755859375,178.2899932861328,178.2899932861328,125516400.0,,,AMD,0.0586034629170741,0.044444444444444446,0.2,0.044444444444444446,0.08888888888888889,0.06666666666666667,0.022222222222222223,0.0,0.15555555555555556,0.26666666666666666,0.044444444444444446,0.2222222222222222,0.8076844444444444,0.07333111111111111,0.021715555555555554,0.038324444444444446,0.058935555555555554,0.043362222222222226,0.7850244444444444,0.17160666666666669,0.12824444444444444,45.0,0.08823529411764706,0.23529411764705882,0.11764705882352941,0.14705882352941177,0.058823529411764705,0.08823529411764706,0.029411764705882353,0.35294117647058826,0.6176470588235294,0.23529411764705882,0.38235294117647056,0.8461294117647059,0.05618823529411764,0.01898235294117647,0.025364705882352942,0.05337352941176471,0.09311764705882353,0.6962823529411765,0.21059411764705882,0.1174764705882353,34.0
2024-01-25,183.41000366210932,184.9199981689453,177.6300048828125,180.3300018310547,180.3300018310547,127171400.0,,,AMD,0.0114420810014161,0.10714285714285714,0.25,0.03571428571428571,0.10714285714285714,0.03571428571428571,0.10714285714285714,0.07142857142857142,0.07142857142857142,0.25,0.21428571428571427,0.03571428571428571,0.7830035714285714,0.08084285714285715,0.02366785714285714,0.06078928571428571,0.051685714285714286,0.08955714285714286,0.7964785714285715,0.11395714285714285,0.0244,28.0,0.044444444444444446,0.2,0.044444444444444446,0.08888888888888889,0.06666666666666667,0.022222222222222223,0.0,0.15555555555555556,0.26666666666666666,0.044444444444444446,0.2222222222222222,0.8076844444444444,0.07333111111111111,0.021715555555555554,0.038324444444444446,0.058935555555555554,0.043362222222222226,0.7850244444444444,0.17160666666666669,0.12824444444444444,45.0
2024-01-26,175.2899932861328,181.22999572753903,174.14999389648438,177.25,177.25,107381200.0,,,AMD,-0.0170798081283237,0.058823529411764705,0.11764705882352941,0.058823529411764705,0.058823529411764705,0.23529411764705882,0.058823529411764705,0.0,0.47058823529411764,0.35294117647058826,0.058823529411764705,0.29411764705882354,0.7754000000000001,0.11709411764705883,0.018788235294117647,0.031305882352941176,0.05738823529411765,0.19788823529411764,0.5844470588235294,0.2176705882352941,0.019782352941176473,17.0,0.10714285714285714,0.25,0.03571428571428571,0.10714285714285714,0.03571428571428571,0.10714285714285714,0.07142857142857142,0.07142857142857142,0.25,0.21428571428571427,0.03571428571428571,0.7830035714285714,0.08084285714285715,0.02366785714285714,0.06078928571428571,0.051685714285714286,0.08955714285714286,0.7964785714285715,0.11395714285714285,0.0244,28.0
2024-01-29,178.77000427246094,178.88999938964844,174.39999389648438,177.8300018310547,177.8300018310547,89384500.0,,,AMD,0.0032722247168106,0.07936507936507936,0.19047619047619047,0.047619047619047616,0.07936507936507936,0.06349206349206349,0.047619047619047616,0.047619047619047616,0.2698412698412698,0.3333333333333333,0.15873015873015872,0.1746031746031746,0.7893619047619047,0.09889365079365078,0.027644444444444444,0.03752380952380952,0.04658730158730159,0.11513015873015872,0.7505238095238096,0.13434920634920636,0.019219047619047625,63.0,0.058823529411764705,0.11764705882352941,0.058823529411764705,0.058823529411764705,0.23529411764705882,0.058823529411764705,0.0,0.47058823529411764,0.35294117647058826,0.058823529411764705,0.29411764705882354,0.7754000000000001,0.11709411764705883,0.018788235294117647,0.031305882352941176,0.05738823529411765,0.19788823529411764,0.5844470588235294,0.2176705882352941,0.019782352941176473,17.0
2024-01-30,176.1300048828125,178.47999572753906,169.52000427246094,172.05999755859375,172.05999755859375,122265700.0,,,AMD,-0.0324467424678016,0.14285714285714285,0.17857142857142858,0.0,0.14285714285714285,0.10714285714285714,0.17857142857142858,0.03571428571428571,0.42857142857142855,0.6785714285714286,0.17857142857142858,0.5,0.8469642857142857,0.06281428571428571,0.0251,0.026757142857142858,0.03836071428571429,0.07204642857142858,0.7603178571428572,0.1676357142857143,0.09558928571428571,28.0,0.07936507936507936,0.19047619047619047,0.047619047619047616,0.07936507936507936,0.06349206349206349,0.047619047619047616,0.047619047619047616,0.2698412698412698,0.3333333333333333,0.15873015873015872,0.1746031746031746,0.7893619047619047,0.09889365079365078,0.027644444444444444,0.03752380952380952,0.04658730158730159,0.11513015873015872,0.7505238095238096,0.13434920634920636,0.019219047619047625,63.0
2024-01-31,165.74000549316406,171.3000030517578,162.55999755859375,167.69000244140625,167.69000244140625,133157300.0,,,AMD,-0.0253980889177877,0.05555555555555555,0.1111111111111111,0.0,0.2222222222222222,0.0,0.16666666666666666,0.05555555555555555,0.2222222222222222,0.16666666666666666,0.16666666666666666,0.0,0.8485833333333334,0.03934444444444444,0.023227777777777778,0.045533333333333335,0.04327222222222222,0.1383,0.7749833333333334,0.08670555555555555,-0.05159444444444445,18.0,0.14285714285714285,0.17857142857142858,0.0,0.14285714285714285,0.10714285714285714,0.17857142857142858,0.03571428571428571,0.42857142857142855,0.6785714285714286,0.17857142857142858,0.5,0.8469642857142857,0.06281428571428571,0.0251,0.026757142857142858,0.03836071428571429,0.07204642857142858,0.7603178571428572,0.1676357142857143,0.09558928571428571,28.0
2024-02-01,169.27000427246094,171.13999938964844,165.86000061035156,170.47999572753906,170.47999572753906,91576700.0,,,AMD,0.0166378033604459,0.0,0.0,0.0,0.0,0.0,0.0,0.1111111111111111,0.2222222222222222,0.1111111111111111,0.0,0.1111111111111111,0.6733222222222222,0.10662222222222223,0.019388888888888886,0.06151111111111111,0.13914444444444443,0.20752222222222222,0.6242444444444444,0.16821111111111112,-0.03931111111111111,9.0,0.05555555555555555,0.1111111111111111,0.0,0.2222222222222222,0.0,0.16666666666666666,0.05555555555555555,0.2222222222222222,0.16666666666666666,0.16666666666666666,0.0,0.8485833333333334,0.03934444444444444,0.023227777777777778,0.045533333333333335,0.04327222222222222,0.1383,0.7749833333333334,0.08670555555555555,-0.05159444444444445,18.0
2024-02-02,173.7899932861328,179.0,173.0500030517578,177.66000366210938,177.66000366210938,82134300.0,,,AMD,0.0421164248856822,0.23529411764705882,0.17647058823529413,0.17647058823529413,0.11764705882352941,0.058823529411764705,0.058823529411764705,0.11764705882352941,0.29411764705882354,0.35294117647058826,0.47058823529411764,-0.11764705882352941,0.7731705882352942,0.05348823529411765,0.054482352941176475,0.02993529411764706,0.08891764705882353,0.21374117647058824,0.5605294117647058,0.22571764705882355,0.011976470588235281,17.0,0.0,0.0,0.0,0.0,0.0,0.0,0.1111111111111111,0.2222222222222222,0.1111111111111111,0.0,0.1111111111111111,0.6733222222222222,0.10662222222222223,0.019388888888888886,0.06151111111111111,0.13914444444444443,0.20752222222222222,0.6242444444444444,0.16821111111111112,-0.03931111111111111,9.0
2024-02-05,179.08999633789062,180.00999450683594,171.11000061035156,174.22999572753906,174.22999572753906,76349200.0,,,AMD,-0.0193065848467155,0.057692307692307696,0.21153846153846154,0.07692307692307693,0.11538461538461539,0.07692307692307693,0.07692307692307693,0.07692307692307693,0.11538461538461539,0.4423076923076923,0.11538461538461539,0.3269230769230769,0.7561596153846154,0.09652115384615384,0.03502115384615385,0.029398076923076923,0.08289615384615384,0.07253461538461538,0.7838038461538462,0.14366153846153845,0.07112692307692307,52.0,0.23529411764705882,0.17647058823529413,0.17647058823529413,0.11764705882352941,0.058823529411764705,0.058823529411764705,0.11764705882352941,0.29411764705882354,0.35294117647058826,0.47058823529411764,-0.11764705882352941,0.7731705882352942,0.05348823529411765,0.054482352941176475,0.02993529411764706,0.08891764705882353,0.21374117647058824,0.5605294117647058,0.22571764705882355,0.011976470588235281,17.0
2024-02-06,173.14999389648438,173.8800048828125,165.5,167.8800048828125,167.8800048828125,68854100.0,,,AMD,-0.0364460253712952,0.0,0.2,0.0,0.0,0.0,0.06666666666666667,0.06666666666666667,0.2,0.5333333333333333,0.06666666666666667,0.4666666666666667,0.8658133333333333,0.06862,0.017286666666666665,0.023093333333333334,0.025179999999999998,0.027146666666666666,0.8184733333333334,0.15436666666666668,0.12722,15.0,0.057692307692307696,0.21153846153846154,0.07692307692307693,0.11538461538461539,0.07692307692307693,0.07692307692307693,0.07692307692307693,0.11538461538461539,0.4423076923076923,0.11538461538461539,0.3269230769230769,0.7561596153846154,0.09652115384615384,0.03502115384615385,0.029398076923076923,0.08289615384615384,0.07253461538461538,0.7838038461538462,0.14366153846153845,0.07112692307692307,52.0
2024-02-07,169.47000122070312,172.97000122070312,168.1999969482422,170.94000244140625,170.94000244140625,53665400.0,,,AMD,0.018227290145302,0.09090909090909091,0.18181818181818182,0.0,0.0,0.09090909090909091,0.045454545454545456,0.09090909090909091,0.2727272727272727,0.22727272727272727,0.13636363636363635,0.09090909090909091,0.7227272727272728,0.08745909090909092,0.024322727272727274,0.08822727272727272,0.07725454545454545,0.037454545454545456,0.7619272727272727,0.20060909090909093,0.16315454545454544,22.0,0.0,0.2,0.0,0.0,0.0,0.06666666666666667,0.06666666666666667,0.2,0.5333333333333333,0.06666666666666667,0.4666666666666667,0.8658133333333333,0.06862,0.017286666666666665,0.023093333333333334,0.025179999999999998,0.027146666666666666,0.8184733333333334,0.15436666666666668,0.12722,15.0
2024-02-08,170.3300018310547,172.1699981689453,168.60000610351562,169.35000610351562,169.35000610351562,43385300.0,,,AMD,-0.0093014877453019,0.1,0.1,0.05,0.05,0.0,0.1,0.0,0.1,0.35,0.2,0.15,0.73319,0.065905,0.02394,0.065535,0.11143499999999999,0.064525,0.737595,0.19788,0.133355,20.0,0.09090909090909091,0.18181818181818182,0.0,0.0,0.09090909090909091,0.045454545454545456,0.09090909090909091,0.2727272727272727,0.22727272727272727,0.13636363636363635,0.09090909090909091,0.7227272727272728,0.08745909090909092,0.024322727272727274,0.08822727272727272,0.07725454545454545,0.037454545454545456,0.7619272727272727,0.20060909090909093,0.16315454545454544,22.0
2024-02-09,171.0,175.10000610351562,168.66000366210938,172.47999572753906,172.47999572753906,56375700.0,,,AMD,0.0184823708958723,0.0,0.0,0.0,0.0,0.0,0.0,0.0,0.1,0.4,0.0,0.4,0.59498,0.14028000000000002,0.02975,0.10607,0.12891999999999998,0.13707,0.7505200000000001,0.11238999999999999,-0.02467999999999999,10.0,0.1,0.1,0.05,0.05,0.0,0.1,0.0,0.1,0.35,0.2,0.15,0.73319,0.065905,0.02394,0.065535,0.11143499999999999,0.064525,0.737595,0.19788,0.133355,20.0
2024-02-12,172.67999267578125,177.41000366210938,170.6699981689453,171.91000366210938,171.91000366210938,58177100.0,,,AMD,-0.0033046850623192,0.058823529411764705,0.1323529411764706,0.04411764705882353,0.10294117647058823,0.014705882352941176,0.07352941176470588,0.029411764705882353,0.19117647058823528,0.39705882352941174,0.14705882352941177,0.25,0.6713544117647059,0.11710735294117647,0.05944558823529412,0.07358970588235295,0.07850294117647058,0.1265529411764706,0.7544720588235294,0.1189720588235294,-0.007580882352941178,68.0,0.0,0.0,0.0,0.0,0.0,0.0,0.0,0.1,0.4,0.0,0.4,0.59498,0.14028000000000002,0.02975,0.10607,0.12891999999999998,0.13707,0.7505200000000001,0.11238999999999999,-0.02467999999999999,10.0
2024-02-13,167.94000244140625,173.1699981689453,164.3000030517578,171.5399932861328,171.5399932861328,63071300.0,,,AMD,-0.002152349299601,0.06666666666666667,0.16666666666666666,0.03333333333333333,0.06666666666666667,0.1,0.06666666666666667,0.06666666666666667,0.13333333333333333,0.4666666666666667,0.13333333333333333,0.3333333333333333,0.8369433333333334,0.05308333333333334,0.02175,0.04495333333333333,0.04325666666666666,0.07936000000000001,0.7810433333333333,0.13959666666666667,0.06023666666666667,30.0,0.058823529411764705,0.1323529411764706,0.04411764705882353,0.10294117647058823,0.014705882352941176,0.07352941176470588,0.029411764705882353,0.19117647058823528,0.39705882352941174,0.14705882352941177,0.25,0.6713544117647059,0.11710735294117647,0.05944558823529412,0.07358970588235295,0.07850294117647058,0.1265529411764706,0.7544720588235294,0.1189720588235294,-0.007580882352941178,68.0
2024-02-14,173.47000122070312,178.74000549316406,172.8800048828125,178.6999969482422,178.6999969482422,57402500.0,,,AMD,0.041739558950351,0.09090909090909091,0.5,0.09090909090909091,0.13636363636363635,0.045454545454545456,0.09090909090909091,0.09090909090909091,0.13636363636363635,0.4090909090909091,0.22727272727272727,0.18181818181818182,0.6322681818181818,0.17142272727272728,0.06049090909090909,0.0652590909090909,0.07055,0.21944545454545453,0.5949045454545454,0.18563636363636363,-0.0338090909090909,22.0,0.06666666666666667,0.16666666666666666,0.03333333333333333,0.06666666666666667,0.1,0.06666666666666667,0.06666666666666667,0.13333333333333333,0.4666666666666667,0.13333333333333333,0.3333333333333333,0.8369433333333334,0.05308333333333334,0.02175,0.04495333333333333,0.04325666666666666,0.07936000000000001,0.7810433333333333,0.13959666666666667,0.06023666666666667,30.0
2024-02-15,179.13999938964844,180.5,175.25999450683594,176.75999450683594,176.75999450683594,51126400.0,,,AMD,-0.010856197395281,0.06666666666666667,0.23333333333333334,0.0,0.03333333333333333,0.03333333333333333,0.03333333333333333,0.03333333333333333,0.3333333333333333,0.36666666666666664,0.1,0.26666666666666666,0.7709133333333333,0.07138,0.02360333333333333,0.044340000000000004,0.08976666666666668,0.14891666666666667,0.6884233333333333,0.16264333333333333,0.013726666666666668,30.0,0.09090909090909091,0.5,0.09090909090909091,0.13636363636363635,0.045454545454545456,0.09090909090909091,0.09090909090909091,0.13636363636363635,0.4090909090909091,0.22727272727272727,0.18181818181818182,0.6322681818181818,0.17142272727272728,0.06049090909090909,0.0652590909090909,0.07055,0.21944545454545453,0.5949045454545454,0.18563636363636363,-0.0338090909090909,22.0
2024-02-16,177.4499969482422,180.3300018310547,173.25,173.8699951171875,173.8699951171875,53940300.0,,,AMD,-0.0163498499630054,0.0,0.3333333333333333,0.08333333333333333,0.0,0.16666666666666666,0.08333333333333333,0.25,0.3333333333333333,0.3333333333333333,0.0,0.3333333333333333,0.57545,0.23796666666666666,0.051949999999999996,0.043116666666666664,0.09150000000000001,0.16146666666666668,0.6954416666666666,0.14307499999999998,-0.018391666666666667,12.0,0.06666666666666667,0.23333333333333334,0.0,0.03333333333333333,0.03333333333333333,0.03333333333333333,0.03333333333333333,0.3333333333333333,0.36666666666666664,0.1,0.26666666666666666,0.7709133333333333,0.07138,0.02360333333333333,0.044340000000000004,0.08976666666666668,0.14891666666666667,0.6884233333333333,0.16264333333333333,0.013726666666666668,30.0
2024-02-20,171.13999938964844,171.80999755859375,162.0,165.69000244140625,165.69000244140625,66550000.0,,,AMD,-0.0470466032409327,0.14285714285714285,0.23809523809523808,0.09523809523809523,0.19047619047619047,0.015873015873015872,0.12698412698412698,0.047619047619047616,0.15873015873015872,0.2857142857142857,0.2857142857142857,0.0,0.7855698412698413,0.1063111111111111,0.031714285714285716,0.024790476190476193,0.05161428571428572,0.14767619047619046,0.7314682539682539,0.12085238095238096,-0.026823809523809524,63.0,0.0,0.3333333333333333,0.08333333333333333,0.0,0.16666666666666666,0.08333333333333333,0.25,0.3333333333333333,0.3333333333333333,0.0,0.3333333333333333,0.57545,0.23796666666666666,0.051949999999999996,0.043116666666666664,0.09150000000000001,0.16146666666666668,0.6954416666666666,0.14307499999999998,-0.018391666666666667,12.0
2024-02-21,162.74000549316406,164.89999389648438,161.80999755859375,164.2899932861328,164.2899932861328,48365700.0,,,AMD,-0.008449569283871,0.047619047619047616,0.14285714285714285,0.047619047619047616,0.14285714285714285,0.047619047619047616,0.047619047619047616,0.19047619047619047,0.38095238095238093,0.6190476190476191,0.09523809523809523,0.5238095238095238,0.7465190476190476,0.0840952380952381,0.04460476190476191,0.03474761904761905,0.09002380952380953,0.1702142857142857,0.6167,0.21309523809523812,0.04288095238095238,21.0,0.14285714285714285,0.23809523809523808,0.09523809523809523,0.19047619047619047,0.015873015873015872,0.12698412698412698,0.047619047619047616,0.15873015873015872,0.2857142857142857,0.2857142857142857,0.0,0.7855698412698413,0.1063111111111111,0.031714285714285716,0.024790476190476193,0.05161428571428572,0.14767619047619046,0.7314682539682539,0.12085238095238096,-0.026823809523809524,63.0
2024-02-22,173.1999969482422,183.8300018310547,172.0,181.8600006103516,181.8600006103516,100684700.0,,,AMD,0.1069450851678974,0.0,0.21428571428571427,0.07142857142857142,0.0,0.14285714285714285,0.0,0.07142857142857142,0.2857142857142857,0.35714285714285715,0.0,0.35714285714285715,0.7300428571428571,0.03483571428571429,0.018064285714285717,0.12138571428571429,0.09567857142857142,0.1424642857142857,0.76395,0.09357857142857143,-0.04888571428571429,14.0,0.047619047619047616,0.14285714285714285,0.047619047619047616,0.14285714285714285,0.047619047619047616,0.047619047619047616,0.19047619047619047,0.38095238095238093,0.6190476190476191,0.09523809523809523,0.5238095238095238,0.7465190476190476,0.0840952380952381,0.04460476190476191,0.03474761904761905,0.09002380952380953,0.1702142857142857,0.6167,0.21309523809523812,0.04288095238095238,21.0
2024-02-23,181.8600006103516,183.8000030517578,174.5500030517578,176.52000427246094,176.52000427246094,69207400.0,,,AMD,-0.029363226217798,0.05263157894736842,0.21052631578947367,0.0,0.05263157894736842,0.15789473684210525,0.10526315789473684,0.0,0.21052631578947367,0.5263157894736842,0.10526315789473684,0.42105263157894735,0.7108,0.11152105263157895,0.043873684210526315,0.0673578947368421,0.06644736842105263,0.10807368421052631,0.7710947368421053,0.12082631578947368,0.012752631578947364,19.0,0.0,0.21428571428571427,0.07142857142857142,0.0,0.14285714285714285,0.0,0.07142857142857142,0.2857142857142857,0.35714285714285715,0.0,0.35714285714285715,0.7300428571428571,0.03483571428571429,0.018064285714285717,0.12138571428571429,0.09567857142857142,0.1424642857142857,0.76395,0.09357857142857143,-0.04888571428571429,14.0
2024-02-26,178.77999877929688,179.83999633789062,174.80999755859375,176.00999450683594,176.00999450683594,45435100.0,,,AMD,-0.0028892462796329,0.04477611940298507,0.16417910447761194,0.014925373134328358,0.11940298507462686,0.05970149253731343,0.07462686567164178,0.05970149253731343,0.11940298507462686,0.26865671641791045,0.13432835820895522,0.13432835820895522,0.7707313432835822,0.08169701492537314,0.0237089552238806,0.042531343283582095,0.0813268656716418,0.10366865671641791,0.8011925373134328,0.09515373134328359,-0.008514925373134332,67.0,0.05263157894736842,0.21052631578947367,0.0,0.05263157894736842,0.15789473684210525,0.10526315789473684,0.0,0.21052631578947367,0.5263157894736842,0.10526315789473684,0.42105263157894735,0.7108,0.11152105263157895,0.043873684210526315,0.0673578947368421,0.06644736842105263,0.10807368421052631,0.7710947368421053,0.12082631578947368,0.012752631578947364,19.0
2024-02-27,175.9199981689453,178.4600067138672,172.49000549316406,178.0,178.0,43665200.0,,,AMD,0.0113062073477128,0.1,0.05,0.1,0.2,0.0,0.15,0.0,0.05,0.2,0.35,-0.15,0.7322,0.10544,0.077625,0.03667,0.04807,0.127215,0.782525,0.09024,-0.036974999999999994,20.0,0.04477611940298507,0.16417910447761194,0.014925373134328358,0.11940298507462686,0.05970149253731343,0.07462686567164178,0.05970149253731343,0.11940298507462686,0.26865671641791045,0.13432835820895522,0.13432835820895522,0.7707313432835822,0.08169701492537314,0.0237089552238806,0.042531343283582095,0.0813268656716418,0.10366865671641791,0.8011925373134328,0.09515373134328359,-0.008514925373134332,67.0
2024-02-28,176.25,176.83999633789062,173.58999633789062,176.5399932861328,176.5399932861328,35914400.0,,,AMD,-0.0082022849093662,0.16666666666666666,0.16666666666666666,0.1,0.3,0.06666666666666667,0.23333333333333334,0.1,0.1,0.4,0.3,0.1,0.7331,0.11123333333333332,0.04324666666666666,0.05459,0.057830000000000006,0.17324,0.71678,0.10998666666666666,-0.06325333333333333,30.0,0.1,0.05,0.1,0.2,0.0,0.15,0.0,0.05,0.2,0.35,-0.15,0.7322,0.10544,0.077625,0.03667,0.04807,0.127215,0.782525,0.09024,-0.036974999999999994,20.0
2024-02-29,179.82000732421875,193.0,179.82000732421875,192.52999877929688,192.52999877929688,105538500.0,,,AMD,0.0905744086397903,0.15,0.05,0.15,0.25,0.0,0.15,0.05,0.0,0.2,0.4,-0.2,0.702165,0.12053,0.021480000000000003,0.080015,0.075825,0.09611,0.8400549999999999,0.063845,-0.032265,20.0,0.16666666666666666,0.16666666666666666,0.1,0.3,0.06666666666666667,0.23333333333333334,0.1,0.1,0.4,0.3,0.1,0.7331,0.11123333333333332,0.04324666666666666,0.05459,0.057830000000000006,0.17324,0.71678,0.10998666666666666,-0.06325333333333333,30.0
2024-03-01,197.91000366210932,202.72000122070312,195.4199981689453,202.63999938964844,202.63999938964844,103820800.0,,,AMD,0.0525113004438386,0.0,0.14285714285714285,0.0,0.0,0.0,0.0,0.0,0.14285714285714285,0.14285714285714285,0.14285714285714285,0.0,0.7660857142857144,0.13208571428571428,0.03152857142857143,0.030285714285714284,0.03997142857142858,0.06644285714285715,0.8157571428571428,0.11781428571428572,0.051371428571428575,7.0,0.15,0.05,0.15,0.25,0.0,0.15,0.05,0.0,0.2,0.4,-0.2,0.702165,0.12053,0.021480000000000003,0.080015,0.075825,0.09611,0.8400549999999999,0.063845,-0.032265,20.0
2024-03-04,205.16000366210932,211.009994506836,203.5,205.3600006103516,205.3600006103516,86835300.0,,,AMD,0.0134228248563748,0.09803921568627451,0.1568627450980392,0.0,0.11764705882352941,0.058823529411764705,0.0784313725490196,0.058823529411764705,0.23529411764705882,0.45098039215686275,0.21568627450980393,0.23529411764705882,0.7331803921568628,0.11105490196078431,0.0321921568627451,0.04177450980392157,0.08179411764705882,0.09845294117647058,0.7403921568627451,0.16115294117647058,0.0627,51.0,0.0,0.14285714285714285,0.0,0.0,0.0,0.0,0.0,0.14285714285714285,0.14285714285714285,0.14285714285714285,0.0,0.7660857142857144,0.13208571428571428,0.03152857142857143,0.030285714285714284,0.03997142857142858,0.06644285714285715,0.8157571428571428,0.11781428571428572,0.051371428571428575,7.0
2024-03-05,200.5,205.3300018310547,199.1499938964844,205.1300048828125,205.1300048828125,65407100.0,,,AMD,-0.0011199636095419,0.2,0.2,0.13333333333333333,0.2,0.06666666666666667,0.06666666666666667,0.0,0.2,0.3333333333333333,0.2,0.13333333333333333,0.7981400000000001,0.09432666666666667,0.018346666666666667,0.04414666666666666,0.045013333333333336,0.08532666666666668,0.6292066666666667,0.28546666666666665,0.20014,15.0,0.09803921568627451,0.1568627450980392,0.0,0.11764705882352941,0.058823529411764705,0.0784313725490196,0.058823529411764705,0.23529411764705882,0.45098039215686275,0.21568627450980393,0.23529411764705882,0.7331803921568628,0.11105490196078431,0.0321921568627451,0.04177450980392157,0.08179411764705882,0.09845294117647058,0.7403921568627451,0.16115294117647058,0.0627,51.0
2024-03-06,210.42999267578125,214.8099975585937,207.32000732421875,210.6300048828125,210.6300048828125,86687000.0,,,AMD,0.0268122647544519,0.05,0.25,0.1,0.05,0.05,0.1,0.1,0.2,0.25,0.2,0.05,0.6830700000000001,0.10540500000000001,0.022914999999999998,0.04551,0.14312,0.24879500000000002,0.6133,0.137905,-0.11088999999999997,20.0,0.2,0.2,0.13333333333333333,0.2,0.06666666666666667,0.06666666666666667,0.0,0.2,0.3333333333333333,0.2,0.13333333333333333,0.7981400000000001,0.09432666666666667,0.018346666666666667,0.04414666666666666,0.045013333333333336,0.08532666666666668,0.6292066666666667,0.28546666666666665,0.20014,15.0
2024-03-07,212.5200042724609,213.8300018310547,208.22000122070312,211.3800048828125,211.3800048828125,63869000.0,,,AMD,0.0035607462498863,0.047619047619047616,0.5238095238095238,0.047619047619047616,0.047619047619047616,0.19047619047619047,0.0,0.047619047619047616,0.2857142857142857,0.6190476190476191,0.19047619047619047,0.42857142857142855,0.834147619047619,0.03892380952380953,0.017666666666666667,0.04520476190476191,0.06404761904761905,0.1388714285714286,0.6513857142857142,0.20975714285714284,0.07088571428571429,21.0,0.05,0.25,0.1,0.05,0.05,0.1,0.1,0.2,0.25,0.2,0.05,0.6830700000000001,0.10540500000000001,0.022914999999999998,0.04551,0.14312,0.24879500000000002,0.6133,0.137905,-0.11088999999999997,20.0
2024-03-08,213.41000366210932,227.3000030517578,205.6000061035156,207.38999938964844,207.38999938964844,120815200.0,,,AMD,-0.0188759835414711,0.2,0.06666666666666667,0.0,0.2,0.13333333333333333,0.13333333333333333,0.26666666666666666,0.13333333333333333,0.4,0.3333333333333333,0.06666666666666667,0.73184,0.11709333333333333,0.0269,0.07017999999999999,0.05400666666666667,0.04394666666666667,0.8168266666666667,0.13921999999999998,0.09527333333333333,15.0,0.047619047619047616,0.5238095238095238,0.047619047619047616,0.047619047619047616,0.19047619047619047,0.0,0.047619047619047616,0.2857142857142857,0.6190476190476191,0.19047619047619047,0.42857142857142855,0.834147619047619,0.03892380952380953,0.017666666666666667,0.04520476190476191,0.06404761904761905,0.1388714285714286,0.6513857142857142,0.20975714285714284,0.07088571428571429,21.0
2024-03-11,203.009994506836,203.5500030517578,196.6999969482422,198.38999938964844,198.38999938964844,73098600.0,,,AMD,-0.043396499476769,0.047619047619047616,0.16666666666666666,0.023809523809523808,0.11904761904761904,0.047619047619047616,0.11904761904761904,0.023809523809523808,0.19047619047619047,0.47619047619047616,0.2619047619047619,0.21428571428571427,0.7004428571428571,0.12962380952380953,0.03361904761904762,0.06283809523809525,0.07348333333333333,0.16170238095238096,0.7375880952380952,0.1007095238095238,-0.06099285714285715,42.0,0.2,0.06666666666666667,0.0,0.2,0.13333333333333333,0.13333333333333333,0.26666666666666666,0.13333333333333333,0.4,0.3333333333333333,0.06666666666666667,0.73184,0.11709333333333333,0.0269,0.07017999999999999,0.05400666666666667,0.04394666666666667,0.8168266666666667,0.13921999999999998,0.09527333333333333,15.0
2024-03-12,200.5200042724609,202.8500061035156,194.2700042724609,202.759994506836,202.759994506836,68951700.0,,,AMD,0.0220272953809763,0.058823529411764705,0.17647058823529413,0.029411764705882353,0.058823529411764705,0.08823529411764706,0.14705882352941177,0.058823529411764705,0.17647058823529413,0.2647058823529412,0.23529411764705882,0.029411764705882353,0.6207617647058823,0.15852058823529414,0.0816264705882353,0.0558,0.08328823529411765,0.23258823529411762,0.5978294117647058,0.16958823529411765,-0.063,34.0,0.047619047619047616,0.16666666666666666,0.023809523809523808,0.11904761904761904,0.047619047619047616,0.11904761904761904,0.023809523809523808,0.19047619047619047,0.47619047619047616,0.2619047619047619,0.21428571428571427,0.7004428571428571,0.12962380952380953,0.03361904761904762,0.06283809523809525,0.07348333333333333,0.16170238095238096,0.7375880952380952,0.1007095238095238,-0.06099285714285715,42.0
2024-03-13,198.72999572753903,198.8300018310547,192.6999969482422,194.7899932861328,194.7899932861328,70526900.0,,,AMD,-0.0393075628162657,0.08333333333333333,0.08333333333333333,0.0,0.08333333333333333,0.0,0.08333333333333333,0.0,0.0,0.08333333333333333,0.3333333333333333,-0.25,0.6631916666666666,0.23584166666666664,0.03771666666666667,0.0262,0.03704166666666667,0.28595,0.6041916666666667,0.10985,-0.1761,12.0,0.058823529411764705,0.17647058823529413,0.029411764705882353,0.058823529411764705,0.08823529411764706,0.14705882352941177,0.058823529411764705,0.17647058823529413,0.2647058823529412,0.23529411764705882,0.029411764705882353,0.6207617647058823,0.15852058823529414,0.0816264705882353,0.0558,0.08328823529411765,0.23258823529411762,0.5978294117647058,0.16958823529411765,-0.063,34.0
2024-03-14,192.9199981689453,196.92999267578125,184.02999877929688,187.0599975585937,187.0599975585937,84490500.0,,,AMD,-0.0396837414342136,0.05555555555555555,0.05555555555555555,0.0,0.1111111111111111,0.0,0.1111111111111111,0.05555555555555555,0.1111111111111111,0.3888888888888889,0.1111111111111111,0.2777777777777778,0.7423777777777778,0.1166611111111111,0.04176666666666666,0.02914444444444444,0.07004444444444444,0.06217222222222222,0.8225888888888888,0.11525555555555557,0.05308333333333334,18.0,0.08333333333333333,0.08333333333333333,0.0,0.08333333333333333,0.0,0.08333333333333333,0.0,0.0,0.08333333333333333,0.3333333333333333,-0.25,0.6631916666666666,0.23584166666666664,0.03771666666666667,0.0262,0.03704166666666667,0.28595,0.6041916666666667,0.10985,-0.1761,12.0
2024-03-15,184.8300018310547,193.8000030517578,184.47999572753903,191.0599975585937,191.0599975585937,95289500.0,,,AMD,0.021383513590323,0.11764705882352941,0.058823529411764705,0.058823529411764705,0.058823529411764705,0.0,0.058823529411764705,0.058823529411764705,0.23529411764705882,0.23529411764705882,0.17647058823529413,0.058823529411764705,0.6888470588235294,0.10655882352941178,0.08825294117647059,0.03225294117647059,0.08408823529411764,0.07779411764705882,0.7450764705882352,0.1771294117647059,0.09933529411764706,17.0,0.05555555555555555,0.05555555555555555,0.0,0.1111111111111111,0.0,0.1111111111111111,0.05555555555555555,0.1111111111111111,0.3888888888888889,0.1111111111111111,0.2777777777777778,0.7423777777777778,0.1166611111111111,0.04176666666666666,0.02914444444444444,0.07004444444444444,0.06217222222222222,0.8225888888888888,0.11525555555555557,0.05308333333333334,18.0
2024-03-18,193.2899932861328,193.5,188.0500030517578,190.6499938964844,190.6499938964844,59306900.0,,,AMD,-0.0021459419415285,0.08163265306122448,0.1836734693877551,0.04081632653061224,0.12244897959183673,0.08163265306122448,0.10204081632653061,0.08163265306122448,0.24489795918367346,0.3469387755102041,0.24489795918367346,0.10204081632653061,0.7160448979591836,0.12852857142857144,0.0406265306122449,0.03153469387755102,0.08325510204081632,0.07892448979591836,0.733604081632653,0.18747551020408162,0.10855102040816327,49.0,0.11764705882352941,0.058823529411764705,0.058823529411764705,0.058823529411764705,0.0,0.058823529411764705,0.058823529411764705,0.23529411764705882,0.23529411764705882,0.17647058823529413,0.058823529411764705,0.6888470588235294,0.10655882352941178,0.08825294117647059,0.03225294117647059,0.08408823529411764,0.07779411764705882,0.7450764705882352,0.1771294117647059,0.09933529411764706,17.0
2024-03-19,183.16000366210932,185.6100006103516,177.36000061035156,181.4199981689453,181.4199981689453,83509500.0,,,AMD,-0.0484133019828504,0.043478260869565216,0.30434782608695654,0.0,0.0,0.17391304347826086,0.08695652173913043,0.0,0.391304347826087,0.5217391304347826,0.17391304347826086,0.34782608695652173,0.7059739130434783,0.09990434782608695,0.04808260869565217,0.08184782608695652,0.06419565217391304,0.07085652173913044,0.7489782608695653,0.1801782608695652,0.10932173913043479,23.0,0.08163265306122448,0.1836734693877551,0.04081632653061224,0.12244897959183673,0.08163265306122448,0.10204081632653061,0.08163265306122448,0.24489795918367346,0.3469387755102041,0.24489795918367346,0.10204081632653061,0.7160448979591836,0.12852857142857144,0.0406265306122449,0.03153469387755102,0.08325510204081632,0.07892448979591836,0.733604081632653,0.18747551020408162,0.10855102040816327,49.0
2024-03-20,182.02999877929688,182.67999267578125,174.0,179.72999572753906,179.72999572753906,81773100.0,,,AMD,-0.0093154142788186,0.03225806451612903,0.2903225806451613,0.03225806451612903,0.0967741935483871,0.0,0.03225806451612903,0.0,0.06451612903225806,0.06451612903225806,0.12903225806451613,-0.06451612903225806,0.7875129032258065,0.053535483870967744,0.024700000000000003,0.04848709677419355,0.08575806451612904,0.09250322580645161,0.8088741935483871,0.09859354838709677,0.006090322580645167,31.0,0.043478260869565216,0.30434782608695654,0.0,0.0,0.17391304347826086,0.08695652173913043,0.0,0.391304347826087,0.5217391304347826,0.17391304347826086,0.34782608695652173,0.7059739130434783,0.09990434782608695,0.04808260869565217,0.08184782608695652,0.06419565217391304,0.07085652173913044,0.7489782608695653,0.1801782608695652,0.10932173913043479,23.0
2024-03-21,185.97000122070312,187.69000244140625,177.66000366210938,178.67999267578125,178.67999267578125,75265600.0,,,AMD,-0.0058421135966061,0.17647058823529413,0.17647058823529413,0.11764705882352941,0.11764705882352941,0.17647058823529413,0.11764705882352941,0.17647058823529413,0.35294117647058826,0.35294117647058826,0.23529411764705882,0.11764705882352941,0.6686823529411764,0.07907058823529411,0.10034705882352941,0.0746470588235294,0.07725882352941175,0.15033529411764704,0.6505588235294117,0.1991058823529412,0.04877058823529413,17.0,0.03225806451612903,0.2903225806451613,0.03225806451612903,0.0967741935483871,0.0,0.03225806451612903,0.0,0.06451612903225806,0.06451612903225806,0.12903225806451613,-0.06451612903225806,0.7875129032258065,0.053535483870967744,0.024700000000000003,0.04848709677419355,0.08575806451612904,0.09250322580645161,0.8088741935483871,0.09859354838709677,0.006090322580645167,31.0
2024-03-22,177.2100067138672,180.759994506836,175.0500030517578,179.64999389648438,179.64999389648438,57899100.0,,,AMD,0.005428706405105,0.0,0.07692307692307693,0.0,0.07692307692307693,0.0,0.07692307692307693,0.0,0.15384615384615385,0.0,0.07692307692307693,-0.07692307692307693,0.7864153846153846,0.09296153846153846,0.026376923076923076,0.02750769230769231,0.06674615384615384,0.01896153846153846,0.8636538461538461,0.11741538461538462,0.09845384615384616,13.0,0.17647058823529413,0.17647058823529413,0.11764705882352941,0.11764705882352941,0.17647058823529413,0.11764705882352941,0.17647058823529413,0.35294117647058826,0.35294117647058826,0.23529411764705882,0.11764705882352941,0.6686823529411764,0.07907058823529411,0.10034705882352941,0.0746470588235294,0.07725882352941175,0.15033529411764704,0.6505588235294117,0.1991058823529412,0.04877058823529413,17.0
2024-03-25,172.89999389648438,182.8000030517578,172.0,178.6300048828125,178.6300048828125,71935300.0,,,AMD,-0.0056776456906511,0.02127659574468085,0.14893617021276595,0.02127659574468085,0.0425531914893617,0.06382978723404255,0.0,0.06382978723404255,0.1702127659574468,0.2978723404255319,0.0851063829787234,0.2127659574468085,0.7721787234042553,0.07214893617021277,0.029014893617021274,0.03985106382978723,0.08681489361702129,0.15615106382978725,0.7060404255319149,0.13781702127659576,-0.018334042553191487,47.0,0.0,0.07692307692307693,0.0,0.07692307692307693,0.0,0.07692307692307693,0.0,0.15384615384615385,0.0,0.07692307692307693,-0.07692307692307693,0.7864153846153846,0.09296153846153846,0.026376923076923076,0.02750769230769231,0.06674615384615384,0.01896153846153846,0.8636538461538461,0.11741538461538462,0.09845384615384616,13.0
2024-03-26,179.5399932861328,182.6000061035156,176.3300018310547,177.8699951171875,177.8699951171875,65322400.0,,,AMD,-0.0042546590429956,0.14285714285714285,0.07142857142857142,0.0,0.14285714285714285,0.0,0.07142857142857142,0.21428571428571427,0.07142857142857142,0.21428571428571427,0.35714285714285715,-0.14285714285714285,0.76605,0.11730714285714286,0.045,0.03065714285714286,0.04097857142857143,0.034292857142857146,0.8095785714285714,0.1561357142857143,0.12184285714285714,14.0,0.02127659574468085,0.14893617021276595,0.02127659574468085,0.0425531914893617,0.06382978723404255,0.0,0.06382978723404255,0.1702127659574468,0.2978723404255319,0.0851063829787234,0.2127659574468085,0.7721787234042553,0.07214893617021277,0.029014893617021274,0.03985106382978723,0.08681489361702129,0.15615106382978725,0.7060404255319149,0.13781702127659576,-0.018334042553191487,47.0
2024-03-27,179.9600067138672,181.22999572753903,175.39999389648438,179.58999633789062,179.58999633789062,55685600.0,,,AMD,0.0096699908243091,0.21428571428571427,0.2857142857142857,0.14285714285714285,0.14285714285714285,0.07142857142857142,0.14285714285714285,0.21428571428571427,0.21428571428571427,0.5,0.35714285714285715,0.14285714285714285,0.7574357142857143,0.0856,0.03267857142857143,0.05098571428571429,0.07330714285714286,0.16879285714285716,0.7210428571428571,0.11015,-0.05864285714285714,14.0,0.14285714285714285,0.07142857142857142,0.0,0.14285714285714285,0.0,0.07142857142857142,0.21428571428571427,0.07142857142857142,0.21428571428571427,0.35714285714285715,-0.14285714285714285,0.76605,0.11730714285714286,0.045,0.03065714285714286,0.04097857142857143,0.034292857142857146,0.8095785714285714,0.1561357142857143,0.12184285714285714,14.0
2024-03-28,179.47000122070312,183.3999938964844,178.3000030517578,180.4900054931641,180.4900054931641,57628600.0,,,AMD,0.0050114659704103,0.15384615384615385,0.15384615384615385,0.07692307692307693,0.23076923076923078,0.07692307692307693,0.07692307692307693,0.15384615384615385,0.3076923076923077,0.38461538461538464,0.5384615384615384,-0.15384615384615385,0.8477538461538461,0.03444615384615384,0.018253846153846152,0.045838461538461536,0.0536923076923077,0.05017692307692308,0.7385846153846154,0.21123846153846154,0.16106153846153845,13.0,0.21428571428571427,0.2857142857142857,0.14285714285714285,0.14285714285714285,0.07142857142857142,0.14285714285714285,0.21428571428571427,0.21428571428571427,0.5,0.35714285714285715,0.14285714285714285,0.7574357142857143,0.0856,0.03267857142857143,0.05098571428571429,0.07330714285714286,0.16879285714285716,0.7210428571428571,0.11015,-0.05864285714285714,14.0
2024-04-01,180.10000610351562,187.2400054931641,179.89999389648438,183.33999633789065,183.33999633789065,74299900.0,,,AMD,0.0157902972906414,0.0847457627118644,0.11864406779661017,0.01694915254237288,0.1016949152542373,0.0,0.0847457627118644,0.03389830508474576,0.06779661016949153,0.22033898305084745,0.15254237288135594,0.06779661016949153,0.7180694915254238,0.1479542372881356,0.03681186440677966,0.036808474576271184,0.06033728813559322,0.08229491525423728,0.8079423728813558,0.10975932203389831,0.027464406779661017,59.0,0.15384615384615385,0.15384615384615385,0.07692307692307693,0.23076923076923078,0.07692307692307693,0.07692307692307693,0.15384615384615385,0.3076923076923077,0.38461538461538464,0.5384615384615384,-0.15384615384615385,0.8477538461538461,0.03444615384615384,0.018253846153846152,0.045838461538461536,0.0536923076923077,0.05017692307692308,0.7385846153846154,0.21123846153846154,0.16106153846153845,13.0
2024-04-02,179.47000122070312,180.10000610351562,174.8300018310547,178.6999969482422,178.6999969482422,61598800.0,,,AMD,-0.0253081677884244,0.15789473684210525,0.21052631578947367,0.0,0.05263157894736842,0.0,0.05263157894736842,0.0,0.15789473684210525,0.15789473684210525,0.21052631578947367,-0.05263157894736842,0.7548105263157895,0.08097894736842105,0.020721052631578946,0.06937368421052632,0.07411052631578947,0.06281052631578947,0.6723631578947369,0.2648473684210526,0.20203684210526318,19.0,0.0847457627118644,0.11864406779661017,0.01694915254237288,0.1016949152542373,0.0,0.0847457627118644,0.03389830508474576,0.06779661016949153,0.22033898305084745,0.15254237288135594,0.06779661016949153,0.7180694915254238,0.1479542372881356,0.03681186440677966,0.036808474576271184,0.06033728813559322,0.08229491525423728,0.8079423728813558,0.10975932203389831,0.027464406779661017,59.0
2024-04-03,177.5399932861328,182.0500030517578,176.6999969482422,180.7700042724609,180.7700042724609,49835100.0,,,AMD,0.0115837009489052,0.4166666666666667,0.0,0.08333333333333333,0.3333333333333333,0.0,0.3333333333333333,0.16666666666666666,0.3333333333333333,0.5,0.3333333333333333,0.16666666666666666,0.7119583333333334,0.16536666666666666,0.027625,0.030391666666666668,0.06463333333333333,0.2599166666666667,0.6561833333333333,0.08391666666666668,-0.17600000000000002,12.0,0.15789473684210525,0.21052631578947367,0.0,0.05263157894736842,0.0,0.05263157894736842,0.0,0.15789473684210525,0.15789473684210525,0.21052631578947367,-0.05263157894736842,0.7548105263157895,0.08097894736842105,0.020721052631578946,0.06937368421052632,0.07411052631578947,0.06281052631578947,0.6723631578947369,0.2648473684210526,0.20203684210526318,19.0
2024-04-04,182.9199981689453,183.0200042724609,165.64999389648438,165.8300018310547,165.8300018310547,88280000.0,,,AMD,-0.0826464683758501,0.2222222222222222,0.2222222222222222,0.1111111111111111,0.3333333333333333,0.3333333333333333,0.2222222222222222,0.0,0.4444444444444444,0.4444444444444444,0.2222222222222222,0.2222222222222222,0.6026444444444444,0.23705555555555557,0.08636666666666667,0.027433333333333334,0.046511111111111114,0.03726666666666666,0.7199888888888889,0.24275555555555556,0.2054888888888889,9.0,0.4166666666666667,0.0,0.08333333333333333,0.3333333333333333,0.0,0.3333333333333333,0.16666666666666666,0.3333333333333333,0.5,0.3333333333333333,0.16666666666666666,0.7119583333333334,0.16536666666666666,0.027625,0.030391666666666668,0.06463333333333333,0.2599166666666667,0.6561833333333333,0.08391666666666668,-0.17600000000000002,12.0
2024-04-05,168.10000610351562,172.69000244140625,165.5800018310547,170.4199981689453,170.4199981689453,66080300.0,,,AMD,0.0276789259314298,0.047619047619047616,0.23809523809523808,0.047619047619047616,0.3333333333333333,0.14285714285714285,0.3333333333333333,0.0,0.14285714285714285,0.2857142857142857,0.42857142857142855,-0.14285714285714285,0.7620333333333333,0.10378571428571429,0.02789047619047619,0.05162380952380953,0.054638095238095236,0.16043809523809524,0.7282857142857143,0.11128571428571428,-0.049152380952380954,21.0,0.2222222222222222,0.2222222222222222,0.1111111111111111,0.3333333333333333,0.3333333333333333,0.2222222222222222,0.0,0.4444444444444444,0.4444444444444444,0.2222222222222222,0.2222222222222222,0.6026444444444444,0.23705555555555557,0.08636666666666667,0.027433333333333334,0.046511111111111114,0.03726666666666666,0.7199888888888889,0.24275555555555556,0.2054888888888889,9.0
2024-04-08,168.1999969482422,171.66000366210938,166.82000732421875,169.89999389648438,169.89999389648438,43997500.0,,,AMD,-0.0030513101634083,0.10526315789473684,0.23684210526315788,0.10526315789473684,0.10526315789473684,0.13157894736842105,0.13157894736842105,0.13157894736842105,0.18421052631578946,0.42105263157894735,0.18421052631578946,0.23684210526315788,0.7362421052631579,0.08449473684210526,0.04189210526315789,0.05285526315789474,0.08451315789473685,0.10962631578947368,0.7424052631578948,0.14796315789473685,0.038336842105263155,38.0,0.047619047619047616,0.23809523809523808,0.047619047619047616,0.3333333333333333,0.14285714285714285,0.3333333333333333,0.0,0.14285714285714285,0.2857142857142857,0.42857142857142855,-0.14285714285714285,0.7620333333333333,0.10378571428571429,0.02789047619047619,0.05162380952380953,0.054638095238095236,0.16043809523809524,0.7282857142857143,0.11128571428571428,-0.049152380952380954,21.0
2024-04-09,170.2100067138672,171.60000610351562,167.2899932861328,170.77999877929688,170.77999877929688,42886100.0,,,AMD,0.0051795462885575,0.08333333333333333,0.16666666666666666,0.0,0.16666666666666666,0.08333333333333333,0.08333333333333333,0.08333333333333333,0.25,0.3333333333333333,0.16666666666666666,0.16666666666666666,0.609375,0.21157499999999999,0.09805833333333334,0.032841666666666665,0.048183333333333335,0.05321666666666667,0.898075,0.048716666666666665,-0.004500000000000002,12.0,0.10526315789473684,0.23684210526315788,0.10526315789473684,0.10526315789473684,0.13157894736842105,0.13157894736842105,0.13157894736842105,0.18421052631578946,0.42105263157894735,0.18421052631578946,0.23684210526315788,0.7362421052631579,0.08449473684210526,0.04189210526315789,0.05285526315789474,0.08451315789473685,0.10962631578947368,0.7424052631578948,0.14796315789473685,0.038336842105263155,38.0
2024-04-10,166.7100067138672,169.77999877929688,164.0,167.13999938964844,167.13999938964844,59600000.0,,,AMD,-0.0213139677694488,0.0625,0.1875,0.0,0.0625,0.0,0.0,0.0,0.375,0.4375,0.0625,0.375,0.7725,0.10801875,0.0359625,0.0315875,0.0519375,0.08574999999999999,0.73525,0.17899375,0.09324375,16.0,0.08333333333333333,0.16666666666666666,0.0,0.16666666666666666,0.08333333333333333,0.08333333333333333,0.08333333333333333,0.25,0.3333333333333333,0.16666666666666666,0.16666666666666666,0.609375,0.21157499999999999,0.09805833333333334,0.032841666666666665,0.048183333333333335,0.05321666666666667,0.898075,0.048716666666666665,-0.004500000000000002,12.0
2024-04-11,167.5500030517578,170.9499969482422,166.5500030517578,170.5,170.5,48994500.0,,,AMD,0.0201029114671615,0.0,0.0,0.0,0.0,0.0,0.0,0.0,0.0,0.0,0.0,0.0,0.7393666666666666,0.18111666666666668,0.0224,0.021150000000000002,0.03593333333333334,0.3091,0.38234999999999997,0.3085833333333333,-0.0005166666666666467,6.0,0.0625,0.1875,0.0,0.0625,0.0,0.0,0.0,0.375,0.4375,0.0625,0.375,0.7725,0.10801875,0.0359625,0.0315875,0.0519375,0.08574999999999999,0.73525,0.17899375,0.09324375,16.0
2024-04-12,164.52999877929688,165.6999969482422,161.82000732421875,163.27999877929688,163.27999877929688,63519600.0,,,AMD,-0.0423460482152675,0.0,0.14285714285714285,0.0,0.0,0.14285714285714285,0.07142857142857142,0.0,0.14285714285714285,0.14285714285714285,0.07142857142857142,0.07142857142857142,0.8155928571428571,0.06166428571428572,0.01892142857142857,0.03252857142857143,0.07125000000000001,0.05220714285714285,0.7622428571428571,0.18555000000000002,0.13334285714285715,14.0,0.0,0.0,0.0,0.0,0.0,0.0,0.0,0.0,0.0,0.0,0.0,0.7393666666666666,0.18111666666666668,0.0224,0.021150000000000002,0.03593333333333334,0.3091,0.38234999999999997,0.3085833333333333,-0.0005166666666666467,6.0
2024-04-15,164.42999267578125,164.44000244140625,158.75999450683594,160.32000732421875,160.32000732421875,61461200.0,,,AMD,-0.018128316249433,0.0,0.23076923076923078,0.10256410256410256,0.07692307692307693,0.1282051282051282,0.1282051282051282,0.10256410256410256,0.28205128205128205,0.4358974358974359,0.15384615384615385,0.28205128205128205,0.6479051282051282,0.11894102564102564,0.039261538461538466,0.06902051282051283,0.12486153846153847,0.21910000000000002,0.6245410256410256,0.15635128205128204,-0.06274871794871795,39.0,0.0,0.14285714285714285,0.0,0.0,0.14285714285714285,0.07142857142857142,0.0,0.14285714285714285,0.14285714285714285,0.07142857142857142,0.07142857142857142,0.8155928571428571,0.06166428571428572,0.01892142857142857,0.03252857142857143,0.07125000000000001,0.05220714285714285,0.7622428571428571,0.18555000000000002,0.13334285714285715,14.0
2024-04-16,162.27999877929688,164.8800048828125,161.6699981689453,163.4600067138672,163.4600067138672,55302100.0,,,AMD,0.0195858236414518,0.10526315789473684,0.3684210526315789,0.05263157894736842,0.05263157894736842,0.0,0.05263157894736842,0.10526315789473684,0.2631578947368421,0.2631578947368421,0.15789473684210525,0.10526315789473684,0.7918105263157894,0.0391,0.020557894736842105,0.07308947368421052,0.07546842105263157,0.04781578947368421,0.7925052631578948,0.15966315789473684,0.11184736842105264,19.0,0.0,0.23076923076923078,0.10256410256410256,0.07692307692307693,0.1282051282051282,0.1282051282051282,0.10256410256410256,0.28205128205128205,0.4358974358974359,0.15384615384615385,0.28205128205128205,0.6479051282051282,0.11894102564102564,0.039261538461538466,0.06902051282051283,0.12486153846153847,0.21910000000000002,0.6245410256410256,0.15635128205128204,-0.06274871794871795,39.0
2024-04-17,163.97000122070312,164.4499969482422,153.8800048828125,154.02000427246094,154.02000427246094,75909000.0,,,AMD,-0.0577511443391211,0.0625,0.0625,0.0,0.0625,0.0,0.0625,0.0,0.0,0.3125,0.0625,0.25,0.69063125,0.13369999999999999,0.02918125,0.046412499999999995,0.1000625,0.239125,0.63075625,0.13011875,-0.10900625,16.0,0.10526315789473684,0.3684210526315789,0.05263157894736842,0.05263157894736842,0.0,0.05263157894736842,0.10526315789473684,0.2631578947368421,0.2631578947368421,0.15789473684210525,0.10526315789473684,0.7918105263157894,0.0391,0.020557894736842105,0.07308947368421052,0.07546842105263157,0.04781578947368421,0.7925052631578948,0.15966315789473684,0.11184736842105264,19.0
2024-04-18,155.50999450683594,156.9600067138672,152.32000732421875,155.0800018310547,155.0800018310547,52669800.0,,,AMD,0.0068822070457719,0.25,0.16666666666666666,0.08333333333333333,0.16666666666666666,0.0,0.0,0.0,0.25,0.16666666666666666,0.3333333333333333,-0.16666666666666666,0.6514916666666667,0.20615000000000003,0.0291,0.042925,0.07034166666666666,0.0181,0.7943666666666668,0.18753333333333333,0.16943333333333332,12.0,0.0625,0.0625,0.0,0.0625,0.0,0.0625,0.0,0.0,0.3125,0.0625,0.25,0.69063125,0.13369999999999999,0.02918125,0.046412499999999995,0.1000625,0.239125,0.63075625,0.13011875,-0.10900625,16.0
2024-04-19,151.58999633789062,154.25,145.2899932861328,146.63999938964844,146.63999938964844,71618200.0,,,AMD,-0.054423538443086,0.06666666666666667,0.13333333333333333,0.0,0.06666666666666667,0.13333333333333333,0.06666666666666667,0.06666666666666667,0.4666666666666667,0.3333333333333333,0.06666666666666667,0.26666666666666666,0.7040666666666666,0.12548,0.019253333333333334,0.03271333333333334,0.11854,0.09652666666666666,0.5504866666666667,0.3529933333333333,0.2564666666666667,15.0,0.25,0.16666666666666666,0.08333333333333333,0.16666666666666666,0.0,0.0,0.0,0.25,0.16666666666666666,0.3333333333333333,-0.16666666666666666,0.6514916666666667,0.20615000000000003,0.0291,0.042925,0.07034166666666666,0.0181,0.7943666666666668,0.18753333333333333,0.16943333333333332,12.0
2024-04-22,148.14999389648438,149.88999938964844,145.6300048828125,148.63999938964844,148.63999938964844,49397000.0,,,AMD,0.0136388434828456,0.0625,0.25,0.0625,0.09375,0.09375,0.03125,0.125,0.21875,0.40625,0.0625,0.34375,0.7139125,0.11775,0.031371875,0.05395,0.083021875,0.076125,0.802578125,0.1212875,0.045162499999999994,32.0,0.06666666666666667,0.13333333333333333,0.0,0.06666666666666667,0.13333333333333333,0.06666666666666667,0.06666666666666667,0.4666666666666667,0.3333333333333333,0.06666666666666667,0.26666666666666666,0.7040666666666666,0.12548,0.019253333333333334,0.03271333333333334,0.11854,0.09652666666666666,0.5504866666666667,0.3529933333333333,0.2564666666666667,15.0
2024-04-23,151.64999389648438,153.5,150.35000610351562,152.27000427246094,152.27000427246094,46051900.0,,,AMD,0.0244214538328724,0.08333333333333333,0.16666666666666666,0.08333333333333333,0.16666666666666666,0.0,0.16666666666666666,0.0,0.0,0.0,0.3333333333333333,-0.3333333333333333,0.7533249999999999,0.16133333333333333,0.037616666666666666,0.020216666666666668,0.027524999999999997,0.18329166666666666,0.6941833333333333,0.12252500000000001,-0.06076666666666669,12.0,0.0625,0.25,0.0625,0.09375,0.09375,0.03125,0.125,0.21875,0.40625,0.0625,0.34375,0.7139125,0.11775,0.031371875,0.05395,0.083021875,0.076125,0.802578125,0.1212875,0.045162499999999994,32.0
2024-04-24,156.55999755859375,157.66000366210938,150.6300048828125,151.74000549316406,151.74000549316406,43412600.0,,,AMD,-0.0034806512407298,0.07692307692307693,0.38461538461538464,0.07692307692307693,0.07692307692307693,0.15384615384615385,0.07692307692307693,0.15384615384615385,0.3076923076923077,0.46153846153846156,0.07692307692307693,0.38461538461538464,0.7875846153846153,0.09549230769230768,0.015546153846153847,0.035423076923076925,0.066,0.016823076923076923,0.9104461538461539,0.07273846153846154,0.05591538461538462,13.0,0.08333333333333333,0.16666666666666666,0.08333333333333333,0.16666666666666666,0.0,0.16666666666666666,0.0,0.0,0.0,0.3333333333333333,-0.3333333333333333,0.7533249999999999,0.16133333333333333,0.037616666666666666,0.020216666666666668,0.027524999999999997,0.18329166666666666,0.6941833333333333,0.12252500000000001,-0.06076666666666669,12.0
2024-04-25,149.14999389648438,155.13999938964844,146.75,153.75999450683594,153.75999450683594,41471400.0,,,AMD,0.0133121717447339,0.0,0.3157894736842105,0.0,0.0,0.15789473684210525,0.0,0.10526315789473684,0.3157894736842105,0.3684210526315789,0.10526315789473684,0.2631578947368421,0.7892842105263158,0.05454210526315789,0.030363157894736842,0.026331578947368418,0.09946842105263158,0.11289473684210527,0.6255421052631579,0.2615684210526316,0.1486736842105263,19.0,0.07692307692307693,0.38461538461538464,0.07692307692307693,0.07692307692307693,0.15384615384615385,0.07692307692307693,0.15384615384615385,0.3076923076923077,0.46153846153846156,0.07692307692307693,0.38461538461538464,0.7875846153846153,0.09549230769230768,0.015546153846153847,0.035423076923076925,0.066,0.016823076923076923,0.9104461538461539,0.07273846153846154,0.05591538461538462,13.0
2024-04-26,154.24000549316406,158.6300048828125,153.42999267578125,157.39999389648438,157.39999389648438,42510700.0,,,AMD,0.0236732539001658,0.0,0.08333333333333333,0.0,0.0,0.0,0.0,0.0,0.5,0.5833333333333334,0.0,0.5833333333333334,0.7319833333333333,0.08266666666666667,0.0231,0.04294166666666666,0.11930833333333334,0.16768333333333332,0.7002583333333333,0.13205,-0.03563333333333333,12.0,0.0,0.3157894736842105,0.0,0.0,0.15789473684210525,0.0,0.10526315789473684,0.3157894736842105,0.3684210526315789,0.10526315789473684,0.2631578947368421,0.7892842105263158,0.05454210526315789,0.030363157894736842,0.026331578947368418,0.09946842105263158,0.11289473684210527,0.6255421052631579,0.2615684210526316,0.1486736842105263,19.0
2024-04-29,159.0800018310547,160.77000427246094,156.25999450683594,160.1999969482422,160.1999969482422,43478200.0,,,AMD,0.0177890925052974,0.12903225806451613,0.06451612903225806,0.06451612903225806,0.16129032258064516,0.0,0.1935483870967742,0.0,0.1935483870967742,0.4838709677419355,0.25806451612903225,0.22580645161290322,0.7406709677419354,0.10809354838709677,0.033451612903225805,0.04387096774193548,0.07390000000000001,0.17070645161290324,0.670425806451613,0.15887419354838708,-0.01183225806451613,31.0,0.0,0.08333333333333333,0.0,0.0,0.0,0.0,0.0,0.5,0.5833333333333334,0.0,0.5833333333333334,0.7319833333333333,0.08266666666666667,0.0231,0.04294166666666666,0.11930833333333334,0.16768333333333332,0.7002583333333333,0.13205,-0.03563333333333333,12.0
2024-04-30,160.6300048828125,162.2899932861328,158.35000610351562,158.3800048828125,158.3800048828125,60742800.0,,,AMD,-0.0113607496885139,0.125,0.0625,0.0625,0.125,0.0,0.0,0.0,0.0,0.0625,0.25,-0.1875,0.5350125,0.22431875,0.045525,0.04073125,0.15440625,0.21466875,0.69880625,0.08650000000000001,-0.12816875,16.0,0.12903225806451613,0.06451612903225806,0.06451612903225806,0.16129032258064516,0.0,0.1935483870967742,0.0,0.1935483870967742,0.4838709677419355,0.25806451612903225,0.22580645161290322,0.7406709677419354,0.10809354838709677,0.033451612903225805,0.04387096774193548,0.07390000000000001,0.17070645161290324,0.670425806451613,0.15887419354838708,-0.01183225806451613,31.0
2024-05-01,148.11000061035156,151.3699951171875,142.13999938964844,144.27000427246094,144.27000427246094,89413200.0,,,AMD,-0.0890895326136133,0.0,0.4,0.1,0.1,0.1,0.1,0.0,0.2,0.6,0.2,0.4,0.80403,0.09206,0.02892,0.029759999999999998,0.04524,0.28285,0.60055,0.11657999999999999,-0.16626999999999997,10.0,0.125,0.0625,0.0625,0.125,0.0,0.0,0.0,0.0,0.0625,0.25,-0.1875,0.5350125,0.22431875,0.045525,0.04073125,0.15440625,0.21466875,0.69880625,0.08650000000000001,-0.12816875,16.0
2024-05-02,145.50999450683594,147.6199951171875,141.16000366210938,146.16000366210938,146.16000366210938,50034700.0,,,AMD,0.0131004320626419,0.0,0.3076923076923077,0.0,0.15384615384615385,0.0,0.0,0.0,0.38461538461538464,0.3076923076923077,0.07692307692307693,0.23076923076923078,0.7560769230769231,0.15723846153846155,0.028453846153846156,0.023938461538461537,0.034330769230769234,0.18919230769230772,0.6840923076923077,0.12671538461538462,-0.06247692307692307,13.0,0.0,0.4,0.1,0.1,0.1,0.1,0.0,0.2,0.6,0.2,0.4,0.80403,0.09206,0.02892,0.029759999999999998,0.04524,0.28285,0.60055,0.11657999999999999,-0.16626999999999997,10.0
2024-05-03,148.75,150.7899932861328,147.24000549316406,150.60000610351562,150.60000610351562,49361100.0,,,AMD,0.0303776842512304,0.0,0.13333333333333333,0.06666666666666667,0.06666666666666667,0.26666666666666666,0.0,0.13333333333333333,0.13333333333333333,0.3333333333333333,0.0,0.3333333333333333,0.7000066666666667,0.10441333333333333,0.030846666666666668,0.07256666666666667,0.09216,0.04567333333333334,0.8745333333333334,0.07982,0.034146666666666665,15.0,0.0,0.3076923076923077,0.0,0.15384615384615385,0.0,0.0,0.0,0.38461538461538464,0.3076923076923077,0.07692307692307693,0.23076923076923078,0.7560769230769231,0.15723846153846155,0.028453846153846156,0.023938461538461537,0.034330769230769234,0.18919230769230772,0.6840923076923077,0.12671538461538462,-0.06247692307692307,13.0
2024-05-06,153.10000610351562,156.64999389648438,151.25999450683594,155.77999877929688,155.77999877929688,44624500.0,,,AMD,0.0343957003044259,0.2,0.2,0.14285714285714285,0.2571428571428571,0.02857142857142857,0.08571428571428572,0.02857142857142857,0.08571428571428572,0.2571428571428571,0.4,-0.14285714285714285,0.7150885714285714,0.16490285714285716,0.06100285714285714,0.027774285714285713,0.031214285714285715,0.20745714285714287,0.6795428571428571,0.11299142857142856,-0.09446571428571428,35.0,0.0,0.13333333333333333,0.06666666666666667,0.06666666666666667,0.26666666666666666,0.0,0.13333333333333333,0.13333333333333333,0.3333333333333333,0.0,0.3333333333333333,0.7000066666666667,0.10441333333333333,0.030846666666666668,0.07256666666666667,0.09216,0.04567333333333334,0.8745333333333334,0.07982,0.034146666666666665,15.0
2024-05-07,156.32000732421875,157.6999969482422,153.66000366210938,154.42999267578125,154.42999267578125,37374900.0,,,AMD,-0.0086661067793963,0.0625,0.0625,0.0625,0.0625,0.0,0.125,0.0,0.1875,0.5,0.1875,0.3125,0.7725,0.07966875,0.0484875,0.054287499999999995,0.0450625,0.12625625000000001,0.662825,0.2109125,0.08465625,16.0,0.2,0.2,0.14285714285714285,0.2571428571428571,0.02857142857142857,0.08571428571428572,0.02857142857142857,0.08571428571428572,0.2571428571428571,0.4,-0.14285714285714285,0.7150885714285714,0.16490285714285716,0.06100285714285714,0.027774285714285713,0.031214285714285715,0.20745714285714287,0.6795428571428571,0.11299142857142856,-0.09446571428571428,35.0
2024-05-08,153.39999389648438,155.3300018310547,152.52000427246094,153.6199951171875,153.6199951171875,28728000.0,,,AMD,-0.0052450793046031,0.0,0.07142857142857142,0.0,0.0,0.0,0.0,0.0,0.07142857142857142,0.21428571428571427,0.0,0.21428571428571427,0.7130214285714286,0.09362857142857142,0.046607142857142854,0.07167857142857144,0.07504999999999999,0.10414999999999999,0.7178785714285715,0.17795000000000002,0.07379999999999999,14.0,0.0625,0.0625,0.0625,0.0625,0.0,0.125,0.0,0.1875,0.5,0.1875,0.3125,0.7725,0.07966875,0.0484875,0.054287499999999995,0.0450625,0.12625625000000001,0.662825,0.2109125,0.08465625,16.0
2024-05-09,153.1300048828125,154.08999633789062,150.61000061035156,152.38999938964844,152.38999938964844,33018000.0,,,AMD,-0.0080067423944439,0.0,0.07692307692307693,0.0,0.0,0.0,0.07692307692307693,0.0,0.15384615384615385,0.38461538461538464,0.0,0.38461538461538464,0.7175692307692307,0.18583076923076922,0.027146153846153844,0.027807692307692308,0.04164615384615385,0.047430769230769235,0.7313615384615384,0.22120769230769233,0.17377692307692308,13.0,0.0,0.07142857142857142,0.0,0.0,0.0,0.0,0.0,0.07142857142857142,0.21428571428571427,0.0,0.21428571428571427,0.7130214285714286,0.09362857142857142,0.046607142857142854,0.07167857142857144,0.07504999999999999,0.10414999999999999,0.7178785714285715,0.17795000000000002,0.07379999999999999,14.0
2024-05-10,154.2899932861328,156.3699951171875,151.30999755859375,151.9199981689453,151.9199981689453,37652800.0,,,AMD,-0.0030841998988487,0.15384615384615385,0.3076923076923077,0.07692307692307693,0.23076923076923078,0.07692307692307693,0.3076923076923077,0.07692307692307693,0.0,0.23076923076923078,0.38461538461538464,-0.15384615384615385,0.5544307692307693,0.2382153846153846,0.07613846153846154,0.026515384615384614,0.10467692307692308,0.19138461538461538,0.7037307692307693,0.1049,-0.0864846153846154,13.0,0.0,0.07692307692307693,0.0,0.0,0.0,0.07692307692307693,0.0,0.15384615384615385,0.38461538461538464,0.0,0.38461538461538464,0.7175692307692307,0.18583076923076922,0.027146153846153844,0.027807692307692308,0.04164615384615385,0.047430769230769235,0.7313615384615384,0.22120769230769233,0.17377692307692308,13.0
2024-05-13,151.27999877929688,153.3300018310547,150.39999389648438,150.55999755859375,150.55999755859375,27859200.0,,,AMD,-0.00895208416761,0.0,0.15789473684210525,0.0,0.05263157894736842,0.10526315789473684,0.0,0.05263157894736842,0.3684210526315789,0.3157894736842105,0.10526315789473684,0.21052631578947367,0.7794684210526316,0.05826315789473684,0.021784210526315788,0.03612105263157895,0.1043578947368421,0.07674736842105263,0.7708947368421053,0.15236315789473684,0.0756157894736842,19.0,0.15384615384615385,0.3076923076923077,0.07692307692307693,0.23076923076923078,0.07692307692307693,0.3076923076923077,0.07692307692307693,0.0,0.23076923076923078,0.38461538461538464,-0.15384615384615385,0.5544307692307693,0.2382153846153846,0.07613846153846154,0.026515384615384614,0.10467692307692308,0.19138461538461538,0.7037307692307693,0.1049,-0.0864846153846154,13.0
2024-05-14,150.42999267578125,153.49000549316406,148.77999877929688,153.16000366210938,153.16000366210938,31938300.0,,,AMD,0.0172689037305793,0.0,0.14285714285714285,0.0,0.0,0.0,0.0,0.14285714285714285,0.14285714285714285,0.2857142857142857,0.2857142857142857,0.0,0.9068857142857143,0.03541428571428572,0.01607142857142857,0.019114285714285716,0.022514285714285716,0.1981,0.6456571428571428,0.15625714285714284,-0.04184285714285715,7.0,0.0,0.15789473684210525,0.0,0.05263157894736842,0.10526315789473684,0.0,0.05263157894736842,0.3684210526315789,0.3157894736842105,0.10526315789473684,0.21052631578947367,0.7794684210526316,0.05826315789473684,0.021784210526315788,0.03612105263157895,0.1043578947368421,0.07674736842105263,0.7708947368421053,0.15236315789473684,0.0756157894736842,19.0
2024-05-15,155.58999633789062,159.69000244140625,154.6999969482422,159.6699981689453,159.6699981689453,43195900.0,,,AMD,0.0425045335020872,0.0,0.6666666666666666,0.0,0.1111111111111111,0.1111111111111111,0.0,0.0,0.4444444444444444,0.3333333333333333,0.0,0.3333333333333333,0.8900555555555556,0.027811111111111113,0.018155555555555553,0.027866666666666665,0.036066666666666664,0.11801111111111112,0.7569555555555555,0.12503333333333333,0.007022222222222212,9.0,0.0,0.14285714285714285,0.0,0.0,0.0,0.0,0.14285714285714285,0.14285714285714285,0.2857142857142857,0.2857142857142857,0.0,0.9068857142857143,0.03541428571428572,0.01607142857142857,0.019114285714285716,0.022514285714285716,0.1981,0.6456571428571428,0.15625714285714284,-0.04184285714285715,7.0
2024-05-16,160.9199981689453,168.05999755859375,159.89999389648438,162.6199951171875,162.6199951171875,76726700.0,,,AMD,0.0184755870362121,0.0,0.1875,0.0625,0.0625,0.0,0.0,0.0,0.0,0.3125,0.0625,0.25,0.74519375,0.098625,0.02325,0.06533125000000001,0.06759375,0.14828750000000002,0.7121625,0.1395625,-0.008725000000000004,16.0,0.0,0.6666666666666666,0.0,0.1111111111111111,0.1111111111111111,0.0,0.0,0.4444444444444444,0.3333333333333333,0.0,0.3333333333333333,0.8900555555555556,0.027811111111111113,0.018155555555555553,0.027866666666666665,0.036066666666666664,0.11801111111111112,0.7569555555555555,0.12503333333333333,0.007022222222222212,9.0
2024-05-17,168.42999267578125,169.72000122070312,162.32000732421875,164.47000122070312,164.47000122070312,65944400.0,,,AMD,0.0113762523617251,0.13333333333333333,0.26666666666666666,0.26666666666666666,0.3333333333333333,0.06666666666666667,0.13333333333333333,0.13333333333333333,0.13333333333333333,0.2,0.26666666666666666,-0.06666666666666667,0.8080933333333333,0.09031333333333333,0.027893333333333332,0.029720000000000003,0.043993333333333336,0.12620666666666666,0.6554533333333333,0.21836,0.09215333333333332,15.0,0.0,0.1875,0.0625,0.0625,0.0,0.0,0.0,0.0,0.3125,0.0625,0.25,0.74519375,0.098625,0.02325,0.06533125000000001,0.06759375,0.14828750000000002,0.7121625,0.1395625,-0.008725000000000004,16.0
2024-05-20,165.5500030517578,168.49000549316406,164.47000122070312,166.3300018310547,166.3300018310547,45618000.0,,,AMD,0.0113090569498788,0.125,0.15,0.075,0.05,0.05,0.075,0.05,0.2,0.4,0.175,0.225,0.7283325,0.14476,0.04401,0.03907,0.04385,0.20787,0.7265824999999999,0.065555,-0.142315,40.0,0.13333333333333333,0.26666666666666666,0.26666666666666666,0.3333333333333333,0.06666666666666667,0.13333333333333333,0.13333333333333333,0.13333333333333333,0.2,0.26666666666666666,-0.06666666666666667,0.8080933333333333,0.09031333333333333,0.027893333333333332,0.029720000000000003,0.043993333333333336,0.12620666666666666,0.6554533333333333,0.21836,0.09215333333333332,15.0
2024-05-21,164.0,165.8300018310547,163.10000610351562,164.66000366210938,164.66000366210938,30005500.0,,,AMD,-0.0100402702492696,0.09523809523809523,0.047619047619047616,0.14285714285714285,0.23809523809523808,0.047619047619047616,0.14285714285714285,0.047619047619047616,0.3333333333333333,0.42857142857142855,0.23809523809523808,0.19047619047619047,0.7045380952380952,0.12723809523809523,0.02454285714285714,0.03113809523809524,0.11253809523809524,0.07001428571428571,0.7148857142857143,0.21511904761904763,0.1451047619047619,21.0,0.125,0.15,0.075,0.05,0.05,0.075,0.05,0.2,0.4,0.175,0.225,0.7283325,0.14476,0.04401,0.03907,0.04385,0.20787,0.7265824999999999,0.065555,-0.142315,40.0
2024-05-22,167.41000366210938,169.80999755859375,163.86000061035156,165.52000427246094,165.52000427246094,47426700.0,,,AMD,0.0052228871081305,0.12,0.24,0.04,0.0,0.16,0.0,0.08,0.16,0.36,0.52,-0.16,0.773184,0.059328000000000006,0.022843999999999996,0.042588,0.102064,0.033688,0.7844920000000001,0.181824,0.148136,25.0,0.09523809523809523,0.047619047619047616,0.14285714285714285,0.23809523809523808,0.047619047619047616,0.14285714285714285,0.047619047619047616,0.3333333333333333,0.42857142857142855,0.23809523809523808,0.19047619047619047,0.7045380952380952,0.12723809523809523,0.02454285714285714,0.03113809523809524,0.11253809523809524,0.07001428571428571,0.7148857142857143,0.21511904761904763,0.1451047619047619,21.0
2024-05-23,170.17999267578125,173.13999938964844,158.27000427246094,160.42999267578125,160.42999267578125,91888800.0,,,AMD,-0.0307516400754863,0.07692307692307693,0.15384615384615385,0.0,0.0,0.0,0.07692307692307693,0.15384615384615385,0.0,0.38461538461538464,0.46153846153846156,-0.07692307692307693,0.7555153846153846,0.1422153846153846,0.02579230769230769,0.029638461538461537,0.046823076923076926,0.03804615384615385,0.8465076923076923,0.11547692307692309,0.07743076923076922,13.0,0.12,0.24,0.04,0.0,0.16,0.0,0.08,0.16,0.36,0.52,-0.16,0.773184,0.059328000000000006,0.022843999999999996,0.042588,0.102064,0.033688,0.7844920000000001,0.181824,0.148136,25.0
2024-05-24,161.41000366210938,167.66000366210938,160.25,166.36000061035156,166.36000061035156,54868600.0,,,AMD,0.0369632126491115,0.0,0.14285714285714285,0.0,0.0,0.2857142857142857,0.0,0.0,0.7142857142857143,0.8571428571428571,0.0,0.8571428571428571,0.8733714285714286,0.02872857142857143,0.019214285714285715,0.03331428571428572,0.045399999999999996,0.014585714285714285,0.7394142857142858,0.24598571428571428,0.23140000000000002,7.0,0.07692307692307693,0.15384615384615385,0.0,0.0,0.0,0.07692307692307693,0.15384615384615385,0.0,0.38461538461538464,0.46153846153846156,-0.07692307692307693,0.7555153846153846,0.1422153846153846,0.02579230769230769,0.029638461538461537,0.046823076923076926,0.03804615384615385,0.8465076923076923,0.11547692307692309,0.07743076923076922,13.0
2024-05-28,169.4199981689453,174.5500030517578,164.9600067138672,171.61000061035156,171.61000061035156,66495400.0,,,AMD,0.031558066727209,0.05,0.25,0.025,0.075,0.1,0.0,0.025,0.4,0.45,0.175,0.275,0.787015,0.0887675,0.022225,0.03687,0.0651225,0.09894499999999999,0.6465799999999999,0.2544775,0.15553250000000002,40.0,0.0,0.14285714285714285,0.0,0.0,0.2857142857142857,0.0,0.0,0.7142857142857143,0.8571428571428571,0.0,0.8571428571428571,0.8733714285714286,0.02872857142857143,0.019214285714285715,0.03331428571428572,0.045399999999999996,0.014585714285714285,0.7394142857142858,0.24598571428571428,0.23140000000000002,7.0
2024-05-29,167.4600067138672,168.47999572753906,162.91000366210938,165.13999938964844,165.13999938964844,56537500.0,,,AMD,-0.0377017726105226,0.14285714285714285,0.23809523809523808,0.09523809523809523,0.19047619047619047,0.047619047619047616,0.19047619047619047,0.09523809523809523,0.23809523809523808,0.23809523809523808,0.23809523809523808,0.0,0.7097761904761904,0.16159047619047617,0.05783333333333333,0.025666666666666667,0.045138095238095234,0.21054285714285714,0.6720142857142857,0.11744285714285714,-0.09309999999999999,21.0,0.05,0.25,0.025,0.075,0.1,0.0,0.025,0.4,0.45,0.175,0.275,0.787015,0.0887675,0.022225,0.03687,0.0651225,0.09894499999999999,0.6465799999999999,0.2544775,0.15553250000000002,40.0
2024-05-30,167.89999389648438,168.75,163.8000030517578,166.75,166.75,46367000.0,,,AMD,0.0097493073531673,0.09090909090909091,0.18181818181818182,0.09090909090909091,0.09090909090909091,0.09090909090909091,0.0,0.0,0.2727272727272727,0.45454545454545453,0.18181818181818182,0.2727272727272727,0.7673818181818182,0.12526363636363635,0.021272727272727273,0.03952727272727273,0.04651818181818182,0.03488181818181818,0.7260272727272727,0.2390818181818182,0.2042,11.0,0.14285714285714285,0.23809523809523808,0.09523809523809523,0.19047619047619047,0.047619047619047616,0.19047619047619047,0.09523809523809523,0.23809523809523808,0.23809523809523808,0.23809523809523808,0.0,0.7097761904761904,0.16159047619047617,0.05783333333333333,0.025666666666666667,0.045138095238095234,0.21054285714285714,0.6720142857142857,0.11744285714285714,-0.09309999999999999,21.0
2024-05-31,166.64999389648438,169.5,160.07000732421875,166.89999389648438,166.89999389648438,64331900.0,,,AMD,0.0008995136220952,0.0,0.29411764705882354,0.058823529411764705,0.11764705882352941,0.11764705882352941,0.0,0.058823529411764705,0.29411764705882354,0.47058823529411764,0.23529411764705882,0.23529411764705882,0.7223470588235293,0.1184470588235294,0.02736470588235294,0.046223529411764705,0.08561764705882353,0.16463529411764705,0.7120529411764707,0.12330588235294118,-0.041329411764705885,17.0,0.09090909090909091,0.18181818181818182,0.09090909090909091,0.09090909090909091,0.09090909090909091,0.0,0.0,0.2727272727272727,0.45454545454545453,0.18181818181818182,0.2727272727272727,0.7673818181818182,0.12526363636363635,0.021272727272727273,0.03952727272727273,0.04651818181818182,0.03488181818181818,0.7260272727272727,0.2390818181818182,0.2042,11.0
2024-06-03,170.82000732421875,171.0800018310547,160.91000366210938,163.5500030517578,163.5500030517578,59157600.0,,,AMD,-0.0200718452201041,0.0,0.14285714285714285,0.04081632653061224,0.061224489795918366,0.04081632653061224,0.061224489795918366,0.0,0.22448979591836735,0.2857142857142857,0.14285714285714285,0.14285714285714285,0.8429673469387755,0.049634693877551025,0.022646938775510207,0.02513673469387755,0.05961020408163265,0.06896326530612244,0.7283081632653061,0.20273877551020408,0.13377551020408163,49.0,0.0,0.29411764705882354,0.058823529411764705,0.11764705882352941,0.11764705882352941,0.0,0.058823529411764705,0.29411764705882354,0.47058823529411764,0.23529411764705882,0.23529411764705882,0.7223470588235293,0.1184470588235294,0.02736470588235294,0.046223529411764705,0.08561764705882353,0.16463529411764705,0.7120529411764707,0.12330588235294118,-0.041329411764705885,17.0
2024-06-04,162.83999633789062,164.8300018310547,158.8699951171875,159.99000549316406,159.99000549316406,48157200.0,,,AMD,-0.0217670283837728,0.2631578947368421,0.3157894736842105,0.05263157894736842,0.05263157894736842,0.10526315789473684,0.10526315789473684,0.05263157894736842,0.3684210526315789,0.3157894736842105,0.3157894736842105,0.0,0.6045947368421052,0.10209473684210527,0.03716842105263158,0.06083157894736842,0.19529473684210527,0.0269,0.7298631578947369,0.24322631578947368,0.21632631578947367,19.0,0.0,0.14285714285714285,0.04081632653061224,0.061224489795918366,0.04081632653061224,0.061224489795918366,0.0,0.22448979591836735,0.2857142857142857,0.14285714285714285,0.14285714285714285,0.8429673469387755,0.049634693877551025,0.022646938775510207,0.02513673469387755,0.05961020408163265,0.06896326530612244,0.7283081632653061,0.20273877551020408,0.13377551020408163,49.0
2024-06-05,162.07000732421875,167.1199951171875,161.3800048828125,166.1699981689453,166.1699981689453,60507500.0,,,AMD,0.0386273671079115,0.08333333333333333,0.0,0.0,0.08333333333333333,0.0,0.08333333333333333,0.0,0.08333333333333333,0.25,0.25,0.0,0.6984583333333333,0.14151666666666665,0.030216666666666666,0.047316666666666674,0.0825,0.11683333333333334,0.766775,0.116375,-0.0004583333333333343,12.0,0.2631578947368421,0.3157894736842105,0.05263157894736842,0.05263157894736842,0.10526315789473684,0.10526315789473684,0.05263157894736842,0.3684210526315789,0.3157894736842105,0.3157894736842105,0.0,0.6045947368421052,0.10209473684210527,0.03716842105263158,0.06083157894736842,0.19529473684210527,0.0269,0.7298631578947369,0.24322631578947368,0.21632631578947367,19.0
2024-06-06,165.4600067138672,169.50999450683594,163.86000061035156,166.77999877929688,166.77999877929688,47153700.0,,,AMD,0.003670943112916,0.10526315789473684,0.10526315789473684,0.05263157894736842,0.21052631578947367,0.0,0.05263157894736842,0.05263157894736842,0.10526315789473684,0.21052631578947367,0.15789473684210525,0.05263157894736842,0.8127,0.07502105263157895,0.02453684210526316,0.041,0.0467421052631579,0.08712105263157895,0.7137368421052631,0.19915263157894736,0.11203157894736843,19.0,0.08333333333333333,0.0,0.0,0.08333333333333333,0.0,0.08333333333333333,0.0,0.08333333333333333,0.25,0.25,0.0,0.6984583333333333,0.14151666666666665,0.030216666666666666,0.047316666666666674,0.0825,0.11683333333333334,0.766775,0.116375,-0.0004583333333333343,12.0
2024-06-07,166.58999633789062,169.4499969482422,165.86000061035156,167.8699951171875,167.8699951171875,44796000.0,,,AMD,0.0065355339121511,0.045454545454545456,0.18181818181818182,0.0,0.0,0.09090909090909091,0.0,0.09090909090909091,0.18181818181818182,0.36363636363636365,0.09090909090909091,0.2727272727272727,0.6931681818181818,0.06787272727272728,0.02983181818181818,0.05881818181818182,0.15030909090909092,0.08373181818181819,0.6662545454545454,0.2500136363636364,0.1662818181818182,22.0,0.10526315789473684,0.10526315789473684,0.05263157894736842,0.21052631578947367,0.0,0.05263157894736842,0.05263157894736842,0.10526315789473684,0.21052631578947367,0.15789473684210525,0.05263157894736842,0.8127,0.07502105263157895,0.02453684210526316,0.041,0.0467421052631579,0.08712105263157895,0.7137368421052631,0.19915263157894736,0.11203157894736843,19.0
2024-06-10,162.47999572753906,165.5500030517578,159.61000061035156,160.33999633789062,160.33999633789062,67444600.0,,,AMD,-0.0448561327117469,0.10256410256410256,0.1282051282051282,0.02564102564102564,0.07692307692307693,0.07692307692307693,0.05128205128205128,0.07692307692307693,0.10256410256410256,0.3076923076923077,0.1282051282051282,0.1794871794871795,0.7765974358974359,0.0933974358974359,0.02765128205128205,0.03011794871794872,0.07226666666666667,0.08513333333333332,0.7263666666666666,0.1885,0.10336666666666666,39.0,0.045454545454545456,0.18181818181818182,0.0,0.0,0.09090909090909091,0.0,0.09090909090909091,0.18181818181818182,0.36363636363636365,0.09090909090909091,0.2727272727272727,0.6931681818181818,0.06787272727272728,0.02983181818181818,0.05881818181818182,0.15030909090909092,0.08373181818181819,0.6662545454545454,0.2500136363636364,0.1662818181818182,22.0
2024-06-11,160.5,161.5399932861328,156.9199981689453,158.9600067138672,158.9600067138672,40497100.0,,,AMD,-0.0086066462239111,0.125,0.4375,0.0625,0.0625,0.0625,0.0625,0.0,0.375,0.625,0.125,0.5,0.7621,0.06315625,0.04700625,0.049475,0.07825,0.07754375,0.7134375,0.20901250000000002,0.13146875,16.0,0.10256410256410256,0.1282051282051282,0.02564102564102564,0.07692307692307693,0.07692307692307693,0.05128205128205128,0.07692307692307693,0.10256410256410256,0.3076923076923077,0.1282051282051282,0.1794871794871795,0.7765974358974359,0.0933974358974359,0.02765128205128205,0.03011794871794872,0.07226666666666667,0.08513333333333332,0.7263666666666666,0.1885,0.10336666666666666,39.0
2024-06-12,160.32000732421875,162.24000549316406,158.6199951171875,160.24000549316406,160.24000549316406,48325800.0,,,AMD,0.0080523321919638,0.0,0.0625,0.0,0.0,0.0,0.1875,0.0,0.0625,0.25,0.125,0.125,0.8562,0.05249375,0.020775,0.036693750000000004,0.0338375,0.1242125,0.64724375,0.228525,0.1043125,16.0,0.125,0.4375,0.0625,0.0625,0.0625,0.0625,0.0,0.375,0.625,0.125,0.5,0.7621,0.06315625,0.04700625,0.049475,0.07825,0.07754375,0.7134375,0.20901250000000002,0.13146875,16.0
2024-06-13,160.39999389648438,162.66000366210938,157.30999755859375,159.89999389648438,159.89999389648438,44442500.0,,,AMD,-0.0021218895720407,0.23809523809523808,0.047619047619047616,0.0,0.0,0.0,0.0,0.0,0.19047619047619047,0.14285714285714285,0.23809523809523808,-0.09523809523809523,0.6887428571428571,0.12027619047619047,0.08102380952380953,0.037623809523809525,0.07234285714285714,0.20615238095238095,0.697504761904762,0.09632857142857143,-0.10982380952380952,21.0,0.0,0.0625,0.0,0.0,0.0,0.1875,0.0,0.0625,0.25,0.125,0.125,0.8562,0.05249375,0.020775,0.036693750000000004,0.0338375,0.1242125,0.64724375,0.228525,0.1043125,16.0
2024-06-14,158.5,161.33999633789062,157.61000061035156,159.6300048828125,159.6300048828125,34054000.0,,,AMD,-0.0016884867040498,0.043478260869565216,0.13043478260869565,0.08695652173913043,0.08695652173913043,0.043478260869565216,0.08695652173913043,0.043478260869565216,0.08695652173913043,0.2608695652173913,0.17391304347826086,0.08695652173913043,0.7935347826086957,0.07105652173913043,0.021956521739130434,0.0693304347826087,0.044091304347826085,0.17186086956521737,0.6806913043478261,0.14745652173913043,-0.024404347826086952,23.0,0.23809523809523808,0.047619047619047616,0.0,0.0,0.0,0.0,0.0,0.19047619047619047,0.14285714285714285,0.23809523809523808,-0.09523809523809523,0.6887428571428571,0.12027619047619047,0.08102380952380953,0.037623809523809525,0.07234285714285714,0.20615238095238095,0.697504761904762,0.09632857142857143,-0.10982380952380952,21.0
2024-06-17,158.0,159.22999572753906,154.13999938964844,158.39999389648438,158.39999389648438,44507700.0,,,AMD,-0.0077053871371557,0.07692307692307693,0.28205128205128205,0.05128205128205128,0.05128205128205128,0.02564102564102564,0.07692307692307693,0.1282051282051282,0.1282051282051282,0.3076923076923077,0.10256410256410256,0.20512820512820512,0.7565410256410257,0.10432564102564101,0.036761538461538464,0.0409,0.06148205128205129,0.08934615384615385,0.7683410256410256,0.1423179487179487,0.052971794871794875,39.0,0.043478260869565216,0.13043478260869565,0.08695652173913043,0.08695652173913043,0.043478260869565216,0.08695652173913043,0.043478260869565216,0.08695652173913043,0.2608695652173913,0.17391304347826086,0.08695652173913043,0.7935347826086957,0.07105652173913043,0.021956521739130434,0.0693304347826087,0.044091304347826085,0.17186086956521737,0.6806913043478261,0.14745652173913043,-0.024404347826086952,23.0
2024-06-18,156.99000549316406,157.24000549316406,153.33999633789062,154.6300048828125,154.6300048828125,51852000.0,,,AMD,-0.0238004366094584,0.125,0.25,0.0,0.125,0.0,0.0625,0.0,0.0625,0.0625,0.375,-0.3125,0.75058125,0.15693125000000002,0.02524375,0.02408125,0.04315,0.130425,0.71946875,0.150075,0.019649999999999997,16.0,0.07692307692307693,0.28205128205128205,0.05128205128205128,0.05128205128205128,0.02564102564102564,0.07692307692307693,0.1282051282051282,0.1282051282051282,0.3076923076923077,0.10256410256410256,0.20512820512820512,0.7565410256410257,0.10432564102564101,0.036761538461538464,0.0409,0.06148205128205129,0.08934615384615385,0.7683410256410256,0.1423179487179487,0.052971794871794875,39.0
2024-06-20,155.82000732421875,166.82000732421875,155.5,161.77999877929688,161.77999877929688,93245700.0,,,AMD,0.0462393692731437,0.4,0.03333333333333333,0.4,0.43333333333333335,0.0,0.43333333333333335,0.0,0.13333333333333333,0.16666666666666666,0.5,-0.3333333333333333,0.8001166666666666,0.07393999999999999,0.03647666666666667,0.043179999999999996,0.04629333333333333,0.2690166666666667,0.5996233333333334,0.13134333333333334,-0.13767333333333334,30.0,0.125,0.25,0.0,0.125,0.0,0.0625,0.0,0.0625,0.0625,0.375,-0.3125,0.75058125,0.15693125000000002,0.02524375,0.02408125,0.04315,0.130425,0.71946875,0.150075,0.019649999999999997,16.0
2024-06-21,161.75,163.1999969482422,157.88999938964844,161.22999572753906,161.22999572753906,61293900.0,,,AMD,-0.0033996974651244,0.05263157894736842,0.2631578947368421,0.0,0.0,0.10526315789473684,0.0,0.0,0.3684210526315789,0.5789473684210527,0.15789473684210525,0.42105263157894735,0.8379421052631578,0.04129473684210526,0.020705263157894737,0.05225263157894737,0.047831578947368426,0.08947894736842105,0.8116263157894736,0.09891052631578946,0.00943157894736842,19.0,0.4,0.03333333333333333,0.4,0.43333333333333335,0.0,0.43333333333333335,0.0,0.13333333333333333,0.16666666666666666,0.5,-0.3333333333333333,0.8001166666666666,0.07393999999999999,0.03647666666666667,0.043179999999999996,0.04629333333333333,0.2690166666666667,0.5996233333333334,0.13134333333333334,-0.13767333333333334,30.0
2024-06-24,159.75,163.39999389648438,158.19000244140625,160.25,160.25,45954100.0,,,AMD,-0.0060782469361045,0.06382978723404255,0.1702127659574468,0.06382978723404255,0.1276595744680851,0.0425531914893617,0.14893617021276595,0.0,0.1276595744680851,0.3404255319148936,0.19148936170212766,0.14893617021276595,0.7341212765957448,0.09287021276595746,0.028561702127659575,0.044317021276595744,0.10012553191489361,0.10343191489361701,0.7463106382978724,0.1502659574468085,0.04683404255319149,47.0,0.05263157894736842,0.2631578947368421,0.0,0.0,0.10526315789473684,0.0,0.0,0.3684210526315789,0.5789473684210527,0.15789473684210525,0.42105263157894735,0.8379421052631578,0.04129473684210526,0.020705263157894737,0.05225263157894737,0.047831578947368426,0.08947894736842105,0.8116263157894736,0.09891052631578946,0.00943157894736842,19.0
2024-06-25,160.72999572753906,161.0,156.4499969482422,160.25,160.25,40572300.0,,,AMD,0.0,0.15384615384615385,0.23076923076923078,0.07692307692307693,0.23076923076923078,0.0,0.07692307692307693,0.0,0.07692307692307693,0.46153846153846156,0.23076923076923078,0.23076923076923078,0.8057538461538462,0.08203846153846153,0.02020769230769231,0.027930769230769228,0.06406153846153846,0.08705384615384615,0.5808076923076924,0.3321615384615385,0.2451076923076923,13.0,0.06382978723404255,0.1702127659574468,0.06382978723404255,0.1276595744680851,0.0425531914893617,0.14893617021276595,0.0,0.1276595744680851,0.3404255319148936,0.19148936170212766,0.14893617021276595,0.7341212765957448,0.09287021276595746,0.028561702127659575,0.044317021276595744,0.10012553191489361,0.10343191489361701,0.7463106382978724,0.1502659574468085,0.04683404255319149,47.0
2024-06-26,160.60000610351562,160.74000549316406,156.0,157.5399932861328,157.5399932861328,36973400.0,,,AMD,-0.0169111183392648,0.07692307692307693,0.15384615384615385,0.0,0.07692307692307693,0.15384615384615385,0.07692307692307693,0.15384615384615385,0.3076923076923077,0.46153846153846156,0.07692307692307693,0.38461538461538464,0.7676692307692308,0.08703076923076923,0.06398461538461539,0.029284615384615385,0.05203846153846154,0.08694615384615385,0.7127,0.20036153846153848,0.11341538461538463,13.0,0.15384615384615385,0.23076923076923078,0.07692307692307693,0.23076923076923078,0.0,0.07692307692307693,0.0,0.07692307692307693,0.46153846153846156,0.23076923076923078,0.23076923076923078,0.8057538461538462,0.08203846153846153,0.02020769230769231,0.027930769230769228,0.06406153846153846,0.08705384615384615,0.5808076923076924,0.3321615384615385,0.2451076923076923,13.0
2024-06-27,157.17999267578125,160.61000061035156,156.80999755859375,159.47000122070312,159.47000122070312,34018200.0,,,AMD,0.0122509078127541,0.0,0.5,0.07142857142857142,0.10714285714285714,0.03571428571428571,0.03571428571428571,0.14285714285714285,0.10714285714285714,0.35714285714285715,0.03571428571428571,0.32142857142857145,0.8539142857142857,0.053425,0.021410714285714286,0.030846428571428573,0.0404,0.021435714285714287,0.8395142857142857,0.13904285714285716,0.11760714285714287,28.0,0.07692307692307693,0.15384615384615385,0.0,0.07692307692307693,0.15384615384615385,0.07692307692307693,0.15384615384615385,0.3076923076923077,0.46153846153846156,0.07692307692307693,0.38461538461538464,0.7676692307692308,0.08703076923076923,0.06398461538461539,0.029284615384615385,0.05203846153846154,0.08694615384615385,0.7127,0.20036153846153848,0.11341538461538463,13.0
2024-06-28,160.22999572753906,166.4499969482422,159.41000366210938,162.2100067138672,162.2100067138672,56204600.0,,,AMD,0.0171819494086036,0.05263157894736842,0.47368421052631576,0.05263157894736842,0.05263157894736842,0.10526315789473684,0.10526315789473684,0.05263157894736842,0.10526315789473684,0.47368421052631576,0.3684210526315789,0.10526315789473684,0.6558736842105264,0.17691052631578946,0.022747368421052634,0.06386315789473684,0.08062631578947368,0.24516842105263156,0.5143526315789474,0.2404736842105263,-0.004694736842105254,19.0,0.0,0.5,0.07142857142857142,0.10714285714285714,0.03571428571428571,0.03571428571428571,0.14285714285714285,0.10714285714285714,0.35714285714285715,0.03571428571428571,0.32142857142857145,0.8539142857142857,0.053425,0.021410714285714286,0.030846428571428573,0.0404,0.021435714285714287,0.8395142857142857,0.13904285714285716,0.11760714285714287,28.0
2024-07-01,161.25,161.50999450683594,153.63999938964844,157.69000244140625,157.69000244140625,50436700.0,,,AMD,-0.0278651383106965,0.03125,0.1875,0.0,0.125,0.0,0.21875,0.0,0.1875,0.4375,0.1875,0.25,0.7199875,0.124353125,0.023625,0.072053125,0.059984375,0.058,0.742921875,0.199078125,0.141078125,32.0,0.05263157894736842,0.47368421052631576,0.05263157894736842,0.05263157894736842,0.10526315789473684,0.10526315789473684,0.05263157894736842,0.10526315789473684,0.47368421052631576,0.3684210526315789,0.10526315789473684,0.6558736842105264,0.17691052631578946,0.022747368421052634,0.06386315789473684,0.08062631578947368,0.24516842105263156,0.5143526315789474,0.2404736842105263,-0.004694736842105254,19.0
2024-07-02,157.0399932861328,164.5800018310547,156.6999969482422,164.30999755859375,164.30999755859375,57838600.0,,,AMD,0.0419810705478764,0.0,0.3333333333333333,0.0,0.0,0.3333333333333333,0.3333333333333333,0.3333333333333333,0.3333333333333333,0.3333333333333333,0.3333333333333333,0.0,0.9248,0.02573333333333333,0.014900000000000002,0.015733333333333332,0.018833333333333334,0.03523333333333333,0.6723666666666667,0.2924,0.25716666666666665,3.0,0.03125,0.1875,0.0,0.125,0.0,0.21875,0.0,0.1875,0.4375,0.1875,0.25,0.7199875,0.124353125,0.023625,0.072053125,0.059984375,0.058,0.742921875,0.199078125,0.141078125,32.0
2024-07-03,164.1999969482422,165.25999450683594,162.50999450683594,163.89999389648438,163.89999389648438,26980900.0,,,AMD,-0.0024953056308284,0.125,0.125,0.125,0.125,0.0,0.125,0.0,0.125,0.125,0.125,0.0,0.6638625,0.2535625,0.035275,0.018525,0.028837500000000002,0.1462125,0.5731875000000001,0.2806,0.1343875,8.0,0.0,0.3333333333333333,0.0,0.0,0.3333333333333333,0.3333333333333333,0.3333333333333333,0.3333333333333333,0.3333333333333333,0.3333333333333333,0.0,0.9248,0.02573333333333333,0.014900000000000002,0.015733333333333332,0.018833333333333334,0.03523333333333333,0.6723666666666667,0.2924,0.25716666666666665,3.0
2024-07-05,165.97000122070312,174.0399932861328,165.67999267578125,171.89999389648438,171.89999389648438,61857100.0,,,AMD,0.04881025197019,0.09090909090909091,0.13636363636363635,0.0,0.18181818181818182,0.13636363636363635,0.09090909090909091,0.13636363636363635,0.22727272727272727,0.5909090909090909,0.22727272727272727,0.36363636363636365,0.7217272727272728,0.15435000000000001,0.024522727272727272,0.03602727272727273,0.06340454545454545,0.04090909090909091,0.782590909090909,0.17650454545454544,0.13559545454545455,22.0,0.125,0.125,0.125,0.125,0.0,0.125,0.0,0.125,0.125,0.125,0.0,0.6638625,0.2535625,0.035275,0.018525,0.028837500000000002,0.1462125,0.5731875000000001,0.2806,0.1343875,8.0
2024-07-08,174.89999389648438,178.9499969482422,173.22000122070312,178.69000244140625,178.69000244140625,60223400.0,,,AMD,0.039499760244382,0.04878048780487805,0.12195121951219512,0.04878048780487805,0.07317073170731707,0.07317073170731707,0.07317073170731707,0.04878048780487805,0.17073170731707318,0.43902439024390244,0.0975609756097561,0.34146341463414637,0.7478512195121951,0.09545853658536586,0.02525609756097561,0.03683414634146341,0.09457073170731707,0.06854634146341464,0.6652707317073171,0.2661707317073171,0.19762439024390246,41.0,0.09090909090909091,0.13636363636363635,0.0,0.18181818181818182,0.13636363636363635,0.09090909090909091,0.13636363636363635,0.22727272727272727,0.5909090909090909,0.22727272727272727,0.36363636363636365,0.7217272727272728,0.15435000000000001,0.024522727272727272,0.03602727272727273,0.06340454545454545,0.04090909090909091,0.782590909090909,0.17650454545454544,0.13559545454545455,22.0
2024-07-09,177.97000122070312,180.41000366210932,174.6999969482422,177.10000610351562,177.10000610351562,43395600.0,,,AMD,-0.008898071051356,0.23076923076923078,0.0,0.3076923076923077,0.3076923076923077,0.0,0.07692307692307693,0.0,0.07692307692307693,0.46153846153846156,0.38461538461538464,0.07692307692307693,0.757876923076923,0.0839846153846154,0.02033846153846154,0.029215384615384612,0.10859230769230768,0.19477692307692307,0.38980000000000004,0.41541538461538463,0.2206384615384615,13.0,0.04878048780487805,0.12195121951219512,0.04878048780487805,0.07317073170731707,0.07317073170731707,0.07317073170731707,0.04878048780487805,0.17073170731707318,0.43902439024390244,0.0975609756097561,0.34146341463414637,0.7478512195121951,0.09545853658536586,0.02525609756097561,0.03683414634146341,0.09457073170731707,0.06854634146341464,0.6652707317073171,0.2661707317073171,0.19762439024390246,41.0
2024-07-10,179.99000549316406,187.27999877929688,177.8000030517578,183.9600067138672,183.9600067138672,90247000.0,,,AMD,0.038735179977023,0.03571428571428571,0.17857142857142858,0.07142857142857142,0.25,0.07142857142857142,0.25,0.03571428571428571,0.39285714285714285,0.8571428571428571,0.4642857142857143,0.39285714285714285,0.6786642857142857,0.1562535714285714,0.02564642857142857,0.028289285714285715,0.11114285714285714,0.11683928571428571,0.6121,0.2710642857142857,0.154225,28.0,0.23076923076923078,0.0,0.3076923076923077,0.3076923076923077,0.0,0.07692307692307693,0.0,0.07692307692307693,0.46153846153846156,0.38461538461538464,0.07692307692307693,0.757876923076923,0.0839846153846154,0.02033846153846154,0.029215384615384612,0.10859230769230768,0.19477692307692307,0.38980000000000004,0.41541538461538463,0.2206384615384615,13.0
2024-07-11,184.07000732421875,187.1100006103516,177.25,181.94000244140625,181.94000244140625,59231400.0,,,AMD,-0.0109806707911402,0.0,0.1875,0.0,0.0625,0.0625,0.0625,0.125,0.125,0.1875,0.125,0.0625,0.76949375,0.15186875,0.02358125,0.021500000000000002,0.033549999999999996,0.1982,0.57973125,0.222075,0.023875,16.0,0.03571428571428571,0.17857142857142858,0.07142857142857142,0.25,0.07142857142857142,0.25,0.03571428571428571,0.39285714285714285,0.8571428571428571,0.4642857142857143,0.39285714285714285,0.6786642857142857,0.1562535714285714,0.02564642857142857,0.028289285714285715,0.11114285714285714,0.11683928571428571,0.6121,0.2710642857142857,0.154225,28.0
2024-07-12,182.0200042724609,186.9900054931641,179.69000244140625,181.6100006103516,181.6100006103516,50827400.0,,,AMD,-0.0018137948039268,0.0,0.38461538461538464,0.07692307692307693,0.15384615384615385,0.0,0.07692307692307693,0.0,0.23076923076923078,0.6923076923076923,0.23076923076923078,0.46153846153846156,0.773323076923077,0.05638461538461538,0.022415384615384615,0.06012307692307692,0.08777692307692307,0.05943846153846154,0.5303,0.41027692307692304,0.35083846153846154,13.0,0.0,0.1875,0.0,0.0625,0.0625,0.0625,0.125,0.125,0.1875,0.125,0.0625,0.76949375,0.15186875,0.02358125,0.021500000000000002,0.033549999999999996,0.1982,0.57973125,0.222075,0.023875,16.0
2024-07-15,184.4499969482422,185.5,178.5399932861328,179.8300018310547,179.8300018310547,42202700.0,,,AMD,-0.0098012156451445,0.07142857142857142,0.2857142857142857,0.02857142857142857,0.05714285714285714,0.07142857142857142,0.04285714285714286,0.08571428571428572,0.2571428571428571,0.3,0.14285714285714285,0.15714285714285714,0.7518657142857142,0.08188000000000001,0.04228285714285714,0.043848571428571424,0.08012000000000001,0.14322285714285715,0.6126900000000001,0.2440914285714286,0.10086857142857143,70.0,0.0,0.38461538461538464,0.07692307692307693,0.15384615384615385,0.0,0.07692307692307693,0.0,0.23076923076923078,0.6923076923076923,0.23076923076923078,0.46153846153846156,0.773323076923077,0.05638461538461538,0.022415384615384615,0.06012307692307692,0.08777692307692307,0.05943846153846154,0.5303,0.41027692307692304,0.35083846153846154,13.0
2024-07-16,179.69000244140625,179.75,174.52999877929688,177.5500030517578,177.5500030517578,40633100.0,,,AMD,-0.0126786340214736,0.0,0.1,0.1,0.0,0.1,0.1,0.1,0.3,0.1,0.1,0.0,0.6935,0.05673,0.07594,0.0991,0.07475000000000001,0.20249999999999999,0.62622,0.17128,-0.031220000000000005,10.0,0.07142857142857142,0.2857142857142857,0.02857142857142857,0.05714285714285714,0.07142857142857142,0.04285714285714286,0.08571428571428572,0.2571428571428571,0.3,0.14285714285714285,0.15714285714285714,0.7518657142857142,0.08188000000000001,0.04228285714285714,0.043848571428571424,0.08012000000000001,0.14322285714285715,0.6126900000000001,0.2440914285714286,0.10086857142857143,70.0
2024-07-17,169.8000030517578,169.8000030517578,159.3699951171875,159.42999267578125,159.42999267578125,76954200.0,,,AMD,-0.1020558156267357,0.0,0.0,0.0625,0.0625,0.0,0.0625,0.0,0.125,0.3125,0.125,0.1875,0.81988125,0.10585625,0.02651875,0.02161875,0.0261375,0.13241875,0.70105,0.1665125,0.034093750000000006,16.0,0.0,0.1,0.1,0.0,0.1,0.1,0.1,0.3,0.1,0.1,0.0,0.6935,0.05673,0.07594,0.0991,0.07475000000000001,0.20249999999999999,0.62622,0.17128,-0.031220000000000005,10.0
2024-07-18,163.41000366210938,163.41000366210938,153.1999969482422,155.77000427246094,155.77000427246094,69420300.0,,,AMD,-0.0229567118576196,0.05,0.0,0.15,0.15,0.0,0.15,0.0,0.15,0.35,0.15,0.2,0.78621,0.067775,0.04949,0.048310000000000006,0.04823,0.056025000000000005,0.678925,0.26504,0.209015,20.0,0.0,0.0,0.0625,0.0625,0.0,0.0625,0.0,0.125,0.3125,0.125,0.1875,0.81988125,0.10585625,0.02651875,0.02161875,0.0261375,0.13241875,0.70105,0.1665125,0.034093750000000006,16.0
2024-07-19,154.86000061035156,155.80999755859375,150.6199951171875,151.5800018310547,151.5800018310547,47513100.0,,,AMD,-0.0268986475347167,0.06451612903225806,0.16129032258064516,0.03225806451612903,0.03225806451612903,0.0,0.06451612903225806,0.0,0.12903225806451613,0.16129032258064516,0.22580645161290322,-0.06451612903225806,0.7793483870967742,0.11294193548387098,0.019958064516129033,0.02725806451612903,0.06051290322580646,0.10421612903225806,0.8008354838709678,0.09493548387096774,-0.009280645161290325,31.0,0.05,0.0,0.15,0.15,0.0,0.15,0.0,0.15,0.35,0.15,0.2,0.78621,0.067775,0.04949,0.048310000000000006,0.04823,0.056025000000000005,0.678925,0.26504,0.209015,20.0
2024-07-22,154.22999572753906,156.6999969482422,152.5399932861328,155.8699951171875,155.8699951171875,43912500.0,,,AMD,0.0283018421580063,0.078125,0.21875,0.03125,0.0625,0.0625,0.125,0.078125,0.265625,0.4375,0.25,0.1875,0.725809375,0.0924890625,0.025684375000000002,0.03946875,0.1165453125,0.07487031250000001,0.7765171875,0.1486109375,0.073740625,64.0,0.06451612903225806,0.16129032258064516,0.03225806451612903,0.03225806451612903,0.0,0.06451612903225806,0.0,0.12903225806451613,0.16129032258064516,0.22580645161290322,-0.06451612903225806,0.7793483870967742,0.11294193548387098,0.019958064516129033,0.02725806451612903,0.06051290322580646,0.10421612903225806,0.8008354838709678,0.09493548387096774,-0.009280645161290325,31.0
2024-07-23,154.9499969482422,157.0500030517578,153.8000030517578,154.0,154.0,31950600.0,,,AMD,-0.0119971461844313,0.047619047619047616,0.3333333333333333,0.047619047619047616,0.09523809523809523,0.14285714285714285,0.09523809523809523,0.09523809523809523,0.38095238095238093,0.6666666666666666,0.23809523809523808,0.42857142857142855,0.6259,0.15978571428571428,0.033666666666666664,0.047985714285714284,0.13266666666666665,0.031180952380952382,0.7028190476190476,0.26601428571428576,0.2348333333333333,21.0,0.078125,0.21875,0.03125,0.0625,0.0625,0.125,0.078125,0.265625,0.4375,0.25,0.1875,0.725809375,0.0924890625,0.025684375000000002,0.03946875,0.1165453125,0.07487031250000001,0.7765171875,0.1486109375,0.073740625,64.0
2024-07-24,152.72000122070312,153.67999267578125,144.52999877929688,144.6300048828125,144.6300048828125,49203100.0,,,AMD,-0.0608441241375812,0.0967741935483871,0.1935483870967742,0.0967741935483871,0.16129032258064516,0.03225806451612903,0.0967741935483871,0.03225806451612903,0.06451612903225806,0.45161290322580644,0.12903225806451613,0.3225806451612903,0.7144677419354838,0.09944516129032259,0.06404193548387097,0.06562258064516129,0.05643870967741935,0.4075258064516129,0.46386451612903223,0.12861612903225805,-0.27890967741935485,31.0,0.047619047619047616,0.3333333333333333,0.047619047619047616,0.09523809523809523,0.14285714285714285,0.09523809523809523,0.09523809523809523,0.38095238095238093,0.6666666666666666,0.23809523809523808,0.42857142857142855,0.6259,0.15978571428571428,0.033666666666666664,0.047985714285714284,0.13266666666666665,0.031180952380952382,0.7028190476190476,0.26601428571428576,0.2348333333333333,21.0
2024-07-25,144.07000732421875,144.75,136.80999755859375,138.32000732421875,138.32000732421875,60578500.0,,,AMD,-0.0436285510997975,0.0,0.10526315789473684,0.0,0.15789473684210525,0.05263157894736842,0.0,0.0,0.21052631578947367,0.42105263157894735,0.05263157894736842,0.3684210526315789,0.7202842105263157,0.18442105263157896,0.03245263157894737,0.027563157894736838,0.03531052631578948,0.15460526315789475,0.6552894736842105,0.19011052631578948,0.03550526315789474,19.0,0.0967741935483871,0.1935483870967742,0.0967741935483871,0.16129032258064516,0.03225806451612903,0.0967741935483871,0.03225806451612903,0.06451612903225806,0.45161290322580644,0.12903225806451613,0.3225806451612903,0.7144677419354838,0.09944516129032259,0.06404193548387097,0.06562258064516129,0.05643870967741935,0.4075258064516129,0.46386451612903223,0.12861612903225805,-0.27890967741935485,31.0
2024-07-26,140.32000732421875,141.2899932861328,138.27000427246094,139.99000549316406,139.99000549316406,49435800.0,,,AMD,0.0120734389858068,0.11764705882352941,0.058823529411764705,0.11764705882352941,0.17647058823529413,0.058823529411764705,0.11764705882352941,0.058823529411764705,0.11764705882352941,0.29411764705882354,0.23529411764705882,0.058823529411764705,0.8724058823529411,0.025194117647058825,0.01633529411764706,0.039641176470588235,0.046423529411764704,0.0321,0.797564705882353,0.17034117647058822,0.13824117647058823,17.0,0.0,0.10526315789473684,0.0,0.15789473684210525,0.05263157894736842,0.0,0.0,0.21052631578947367,0.42105263157894735,0.05263157894736842,0.3684210526315789,0.7202842105263157,0.18442105263157896,0.03245263157894737,0.027563157894736838,0.03531052631578948,0.15460526315789475,0.6552894736842105,0.19011052631578948,0.03550526315789474,19.0
2024-07-29,141.19000244140625,144.58999633789062,138.75,139.75,139.75,47447200.0,,,AMD,-0.0017144473444269,0.0898876404494382,0.34831460674157305,0.0449438202247191,0.11235955056179775,0.2247191011235955,0.16853932584269662,0.12359550561797752,0.33707865168539325,0.6404494382022472,0.25842696629213485,0.38202247191011235,0.7582269662921349,0.07215168539325843,0.035202247191011234,0.04985505617977528,0.08456741573033709,0.07809213483146067,0.7441887640449438,0.1777067415730337,0.09961460674157303,89.0,0.11764705882352941,0.058823529411764705,0.11764705882352941,0.17647058823529413,0.058823529411764705,0.11764705882352941,0.058823529411764705,0.11764705882352941,0.29411764705882354,0.23529411764705882,0.058823529411764705,0.8724058823529411,0.025194117647058825,0.01633529411764706,0.039641176470588235,0.046423529411764704,0.0321,0.797564705882353,0.17034117647058822,0.13824117647058823,17.0
2024-07-30,139.8800048828125,141.6999969482422,134.0500030517578,138.44000244140625,138.44000244140625,68801700.0,,,AMD,-0.0093738644622093,0.0,0.047619047619047616,0.0,0.047619047619047616,0.0,0.047619047619047616,0.0,0.09523809523809523,0.14285714285714285,0.19047619047619047,-0.047619047619047616,0.6723809523809523,0.15927142857142856,0.032447619047619045,0.06567619047619047,0.07021904761904763,0.18543809523809524,0.7295857142857143,0.08499047619047619,-0.10044761904761905,21.0,0.0898876404494382,0.34831460674157305,0.0449438202247191,0.11235955056179775,0.2247191011235955,0.16853932584269662,0.12359550561797752,0.33707865168539325,0.6404494382022472,0.25842696629213485,0.38202247191011235,0.7582269662921349,0.07215168539325843,0.035202247191011234,0.04985505617977528,0.08456741573033709,0.07809213483146067,0.7441887640449438,0.1777067415730337,0.09961460674157303,89.0
2024-07-31,150.72999572753906,153.60000610351562,140.02999877929688,144.47999572753906,144.47999572753906,114306800.0,,,AMD,0.043628959690962,0.038461538461538464,0.3076923076923077,0.0,0.0,0.07692307692307693,0.0,0.07692307692307693,0.23076923076923078,0.46153846153846156,0.038461538461538464,0.4230769230769231,0.8176846153846153,0.10528846153846153,0.028423076923076922,0.02061923076923077,0.027969230769230767,0.03718076923076923,0.8617423076923078,0.10108076923076922,0.0639,26.0,0.0,0.047619047619047616,0.0,0.047619047619047616,0.0,0.047619047619047616,0.0,0.09523809523809523,0.14285714285714285,0.19047619047619047,-0.047619047619047616,0.6723809523809523,0.15927142857142856,0.032447619047619045,0.06567619047619047,0.07021904761904763,0.18543809523809524,0.7295857142857143,0.08499047619047619,-0.10044761904761905,21.0
2024-08-01,145.0,147.2899932861328,130.24000549316406,132.5399932861328,132.5399932861328,94731900.0,,,AMD,-0.0826412153549807,0.16666666666666666,0.16666666666666666,0.3333333333333333,0.3333333333333333,0.16666666666666666,0.5,0.0,0.16666666666666666,0.16666666666666666,0.5,-0.3333333333333333,0.7512,0.04136666666666667,0.03638333333333333,0.12369999999999999,0.0474,0.037566666666666665,0.9057333333333334,0.0567,0.019133333333333336,6.0,0.038461538461538464,0.3076923076923077,0.0,0.0,0.07692307692307693,0.0,0.07692307692307693,0.23076923076923078,0.46153846153846156,0.038461538461538464,0.4230769230769231,0.8176846153846153,0.10528846153846153,0.028423076923076922,0.02061923076923077,0.027969230769230767,0.03718076923076923,0.8617423076923078,0.10108076923076922,0.0639,26.0
2024-08-02,133.5,137.10000610351562,131.3300018310547,132.5,132.5,78562000.0,,,AMD,-0.0003017450442032,0.0,0.0,0.0,0.0,0.0,0.0,0.0,0.6666666666666666,1.3333333333333333,0.0,1.3333333333333333,0.6900666666666666,0.028566666666666667,0.014766666666666666,0.037899999999999996,0.2287,0.043000000000000003,0.8999666666666667,0.056999999999999995,0.013999999999999999,3.0,0.16666666666666666,0.16666666666666666,0.3333333333333333,0.3333333333333333,0.16666666666666666,0.5,0.0,0.16666666666666666,0.16666666666666666,0.5,-0.3333333333333333,0.7512,0.04136666666666667,0.03638333333333333,0.12369999999999999,0.0474,0.037566666666666665,0.9057333333333334,0.0567,0.019133333333333336,6.0
2024-08-05,122.16000366210938,139.13999938964844,121.83000183105467,134.82000732421875,134.82000732421875,76089400.0,,,AMD,0.0175094892393867,0.07142857142857142,0.07142857142857142,0.03571428571428571,0.0,0.10714285714285714,0.10714285714285714,0.03571428571428571,0.03571428571428571,0.21428571428571427,0.17857142857142858,0.03571428571428571,0.7450464285714286,0.09723214285714286,0.02932857142857143,0.0419,0.08648928571428571,0.1362642857142857,0.6938571428571428,0.16988571428571428,0.03362142857142857,28.0,0.0,0.0,0.0,0.0,0.0,0.0,0.0,0.6666666666666666,1.3333333333333333,0.0,1.3333333333333333,0.6900666666666666,0.028566666666666667,0.014766666666666666,0.037899999999999996,0.2287,0.043000000000000003,0.8999666666666667,0.056999999999999995,0.013999999999999999,3.0
2024-08-06,135.14999389648438,136.44000244140625,129.10000610351562,130.17999267578125,130.17999267578125,64455600.0,,,AMD,-0.0344163654974374,0.08333333333333333,0.4166666666666667,0.0,0.08333333333333333,0.0,0.08333333333333333,0.0,0.4166666666666667,0.08333333333333333,0.16666666666666666,-0.08333333333333333,0.758175,0.09176666666666666,0.033966666666666666,0.036616666666666665,0.07948333333333334,0.105675,0.709175,0.18513333333333334,0.07945833333333333,12.0,0.07142857142857142,0.07142857142857142,0.03571428571428571,0.0,0.10714285714285714,0.10714285714285714,0.03571428571428571,0.03571428571428571,0.21428571428571427,0.17857142857142858,0.03571428571428571,0.7450464285714286,0.09723214285714286,0.02932857142857143,0.0419,0.08648928571428571,0.1362642857142857,0.6938571428571428,0.16988571428571428,0.03362142857142857,28.0
2024-08-07,133.75,136.24000549316406,128.3699951171875,128.6699981689453,128.6699981689453,54676500.0,,,AMD,-0.0115992824688248,0.14705882352941177,0.23529411764705882,0.17647058823529413,0.029411764705882353,0.058823529411764705,0.058823529411764705,0.029411764705882353,0.14705882352941177,0.38235294117647056,0.23529411764705882,0.14705882352941177,0.7135588235294117,0.16293235294117647,0.04131764705882353,0.0366,0.045608823529411764,0.07842647058823529,0.7750117647058824,0.14656176470588236,0.06813529411764707,34.0,0.08333333333333333,0.4166666666666667,0.0,0.08333333333333333,0.0,0.08333333333333333,0.0,0.4166666666666667,0.08333333333333333,0.16666666666666666,-0.08333333333333333,0.758175,0.09176666666666666,0.033966666666666666,0.036616666666666665,0.07948333333333334,0.105675,0.709175,0.18513333333333334,0.07945833333333333,12.0
2024-08-08,131.97000122070312,136.47999572753906,128.94000244140625,136.32000732421875,136.32000732421875,49037500.0,,,AMD,0.0594544902785254,0.4,0.13333333333333333,0.3333333333333333,0.26666666666666666,0.03333333333333333,0.3,0.03333333333333333,0.06666666666666667,0.16666666666666666,0.5333333333333333,-0.36666666666666664,0.65414,0.12144,0.024743333333333332,0.11676666666666666,0.08290666666666667,0.27492333333333335,0.6211800000000001,0.10390666666666666,-0.17101666666666665,30.0,0.14705882352941177,0.23529411764705882,0.17647058823529413,0.029411764705882353,0.058823529411764705,0.058823529411764705,0.029411764705882353,0.14705882352941177,0.38235294117647056,0.23529411764705882,0.14705882352941177,0.7135588235294117,0.16293235294117647,0.04131764705882353,0.0366,0.045608823529411764,0.07842647058823529,0.7750117647058824,0.14656176470588236,0.06813529411764707,34.0
2024-08-09,134.69000244140625,135.5,132.44000244140625,134.27000427246094,134.27000427246094,40583000.0,,,AMD,-0.0150381671186545,0.06666666666666667,0.06666666666666667,0.06666666666666667,0.0,0.13333333333333333,0.13333333333333333,0.0,0.2,0.3333333333333333,0.26666666666666666,0.06666666666666667,0.7664733333333333,0.11747333333333333,0.01666,0.021066666666666668,0.07836,0.08939333333333334,0.7922866666666667,0.11831333333333333,0.028919999999999998,15.0,0.4,0.13333333333333333,0.3333333333333333,0.26666666666666666,0.03333333333333333,0.3,0.03333333333333333,0.06666666666666667,0.16666666666666666,0.5333333333333333,-0.36666666666666664,0.65414,0.12144,0.024743333333333332,0.11676666666666666,0.08290666666666667,0.27492333333333335,0.6211800000000001,0.10390666666666666,-0.17101666666666665,30.0
2024-08-12,134.44000244140625,137.99000549316406,133.22999572753906,136.77000427246094,136.77000427246094,39724300.0,,,AMD,0.0186191995267013,0.0975609756097561,0.0975609756097561,0.12195121951219512,0.17073170731707318,0.12195121951219512,0.0975609756097561,0.024390243902439025,0.2682926829268293,0.3902439024390244,0.21951219512195122,0.17073170731707318,0.7479268292682927,0.11030731707317072,0.03671707317073171,0.03492682926829268,0.07011463414634146,0.1788829268292683,0.6949756097560975,0.12613658536585365,-0.05274634146341464,41.0,0.06666666666666667,0.06666666666666667,0.06666666666666667,0.0,0.13333333333333333,0.13333333333333333,0.0,0.2,0.3333333333333333,0.26666666666666666,0.06666666666666667,0.7664733333333333,0.11747333333333333,0.01666,0.021066666666666668,0.07836,0.08939333333333334,0.7922866666666667,0.11831333333333333,0.028919999999999998,15.0
2024-08-13,138.1199951171875,141.19000244140625,137.52000427246094,141.1300048828125,141.1300048828125,42218000.0,,,AMD,0.0318783393591621,0.11764705882352941,0.17647058823529413,0.0,0.0,0.11764705882352941,0.058823529411764705,0.058823529411764705,0.23529411764705882,0.7058823529411765,0.11764705882352941,0.5882352941176471,0.8067647058823529,0.03425294117647059,0.020294117647058824,0.04791764705882353,0.09075882352941177,0.059858823529411756,0.7513529411764706,0.18878823529411765,0.12892941176470588,17.0,0.0975609756097561,0.0975609756097561,0.12195121951219512,0.17073170731707318,0.12195121951219512,0.0975609756097561,0.024390243902439025,0.2682926829268293,0.3902439024390244,0.21951219512195122,0.17073170731707318,0.7479268292682927,0.11030731707317072,0.03671707317073171,0.03492682926829268,0.07011463414634146,0.1788829268292683,0.6949756097560975,0.12613658536585365,-0.05274634146341464,41.0
2024-08-14,143.0,143.25,137.63999938964844,140.75,140.75,35506400.0,,,AMD,-0.00269258747017,0.07142857142857142,0.14285714285714285,0.0,0.03571428571428571,0.07142857142857142,0.03571428571428571,0.03571428571428571,0.32142857142857145,0.25,0.14285714285714285,0.10714285714285714,0.8078500000000001,0.07807857142857144,0.025385714285714286,0.04781785714285714,0.04087142857142857,0.12039642857142858,0.7341678571428571,0.14545357142857143,0.025057142857142854,28.0,0.11764705882352941,0.17647058823529413,0.0,0.0,0.11764705882352941,0.058823529411764705,0.058823529411764705,0.23529411764705882,0.7058823529411765,0.11764705882352941,0.5882352941176471,0.8067647058823529,0.03425294117647059,0.020294117647058824,0.04791764705882353,0.09075882352941177,0.059858823529411756,0.7513529411764706,0.18878823529411765,0.12892941176470588,17.0
2024-08-15,143.0,147.9600067138672,141.80999755859375,147.36000061035156,147.36000061035156,43582400.0,,,AMD,0.0469627041588032,0.0,0.2608695652173913,0.043478260869565216,0.13043478260869565,0.043478260869565216,0.17391304347826086,0.043478260869565216,0.043478260869565216,0.34782608695652173,0.2608695652173913,0.08695652173913043,0.8123739130434783,0.08925652173913044,0.01824782608695652,0.03114347826086956,0.048982608695652165,0.0864304347826087,0.779104347826087,0.13446521739130435,0.048034782608695654,23.0,0.07142857142857142,0.14285714285714285,0.0,0.03571428571428571,0.07142857142857142,0.03571428571428571,0.03571428571428571,0.32142857142857145,0.25,0.14285714285714285,0.10714285714285714,0.8078500000000001,0.07807857142857144,0.025385714285714286,0.04781785714285714,0.04087142857142857,0.12039642857142858,0.7341678571428571,0.14545357142857143,0.025057142857142854,28.0
2024-08-16,145.6999969482422,149.3699951171875,145.1999969482422,148.55999755859375,148.55999755859375,31123900.0,,,AMD,0.0081433017323011,0.045454545454545456,0.045454545454545456,0.13636363636363635,0.22727272727272727,0.0,0.045454545454545456,0.045454545454545456,0.18181818181818182,0.045454545454545456,0.18181818181818182,-0.13636363636363635,0.7041863636363637,0.1580409090909091,0.037127272727272724,0.04065454545454546,0.05997727272727273,0.22711363636363638,0.678409090909091,0.09447727272727273,-0.13263636363636364,22.0,0.0,0.2608695652173913,0.043478260869565216,0.13043478260869565,0.043478260869565216,0.17391304347826086,0.043478260869565216,0.043478260869565216,0.34782608695652173,0.2608695652173913,0.08695652173913043,0.8123739130434783,0.08925652173913044,0.01824782608695652,0.03114347826086956,0.048982608695652165,0.0864304347826087,0.779104347826087,0.13446521739130435,0.048034782608695654,23.0
2024-08-19,148.42999267578125,155.3699951171875,147.72000122070312,155.27999877929688,155.27999877929688,60766900.0,,,AMD,0.0452342577486424,0.02,0.22,0.0,0.08,0.1,0.04,0.06,0.14,0.46,0.06,0.4,0.7748579999999999,0.064722,0.027738,0.063858,0.068816,0.077192,0.734612,0.188196,0.111004,50.0,0.045454545454545456,0.045454545454545456,0.13636363636363635,0.22727272727272727,0.0,0.045454545454545456,0.045454545454545456,0.18181818181818182,0.045454545454545456,0.18181818181818182,-0.13636363636363635,0.7041863636363637,0.1580409090909091,0.037127272727272724,0.04065454545454546,0.05997727272727273,0.22711363636363638,0.678409090909091,0.09447727272727273,-0.13263636363636364,22.0
2024-08-20,156.49000549316406,162.0399932861328,154.50999450683594,156.39999389648438,156.39999389648438,76851200.0,,,AMD,0.0072127455306034,0.038461538461538464,0.2692307692307692,0.038461538461538464,0.15384615384615385,0.15384615384615385,0.15384615384615385,0.07692307692307693,0.15384615384615385,0.34615384615384615,0.19230769230769232,0.15384615384615385,0.679873076923077,0.1778076923076923,0.04516153846153847,0.04882307692307693,0.04833846153846154,0.10901153846153847,0.747476923076923,0.14351923076923076,0.03450769230769231,26.0,0.02,0.22,0.0,0.08,0.1,0.04,0.06,0.14,0.46,0.06,0.4,0.7748579999999999,0.064722,0.027738,0.063858,0.068816,0.077192,0.734612,0.188196,0.111004,50.0
2024-08-21,156.1199951171875,158.64999389648438,155.07000732421875,157.80999755859375,157.80999755859375,42791200.0,,,AMD,0.0090153690353889,0.10344827586206896,0.2413793103448276,0.034482758620689655,0.034482758620689655,0.034482758620689655,0.034482758620689655,0.06896551724137931,0.4827586206896552,0.3103448275862069,0.13793103448275862,0.1724137931034483,0.7568482758620689,0.14256896551724138,0.021872413793103448,0.029379310344827585,0.04935517241379311,0.04888965517241379,0.8288827586206897,0.12221724137931034,0.07332758620689656,29.0,0.038461538461538464,0.2692307692307692,0.038461538461538464,0.15384615384615385,0.15384615384615385,0.15384615384615385,0.07692307692307693,0.15384615384615385,0.34615384615384615,0.19230769230769232,0.15384615384615385,0.679873076923077,0.1778076923076923,0.04516153846153847,0.04882307692307693,0.04833846153846154,0.10901153846153847,0.747476923076923,0.14351923076923076,0.03450769230769231,26.0
2024-08-22,158.8699951171875,159.83999633789062,151.00999450683594,151.6999969482422,151.6999969482422,45737300.0,,,AMD,-0.0387174494954476,0.17857142857142858,0.39285714285714285,0.0,0.0,0.03571428571428571,0.07142857142857142,0.0,0.21428571428571427,0.32142857142857145,0.5,-0.17857142857142858,0.7579821428571429,0.08613928571428572,0.03112857142857143,0.030571428571428572,0.09415357142857142,0.1545392857142857,0.4937321428571429,0.3517214285714286,0.19718214285714283,28.0,0.10344827586206896,0.2413793103448276,0.034482758620689655,0.034482758620689655,0.034482758620689655,0.034482758620689655,0.06896551724137931,0.4827586206896552,0.3103448275862069,0.13793103448275862,0.1724137931034483,0.7568482758620689,0.14256896551724138,0.021872413793103448,0.029379310344827585,0.04935517241379311,0.04888965517241379,0.8288827586206897,0.12221724137931034,0.07332758620689656,29.0
2024-08-23,153.60000610351562,156.39999389648438,151.8300018310547,154.97999572753906,154.97999572753906,43694600.0,,,AMD,0.0216216140097613,0.0,0.29411764705882354,0.0,0.0,0.17647058823529413,0.0,0.11764705882352941,0.29411764705882354,0.5294117647058824,0.058823529411764705,0.47058823529411764,0.6804588235294118,0.09268823529411765,0.02815294117647059,0.08101764705882353,0.11769411764705882,0.035070588235294124,0.7162235294117647,0.24871764705882354,0.21364705882352938,17.0,0.17857142857142858,0.39285714285714285,0.0,0.0,0.03571428571428571,0.07142857142857142,0.0,0.21428571428571427,0.32142857142857145,0.5,-0.17857142857142858,0.7579821428571429,0.08613928571428572,0.03112857142857143,0.030571428571428572,0.09415357142857142,0.1545392857142857,0.4937321428571429,0.3517214285714286,0.19718214285714283,28.0
2024-08-26,154.6999969482422,158.27999877929688,148.91000366210938,149.99000549316406,149.99000549316406,49893300.0,,,AMD,-0.0321976408048662,0.1111111111111111,0.25,0.027777777777777776,0.05555555555555555,0.05555555555555555,0.08333333333333333,0.027777777777777776,0.1111111111111111,0.4166666666666667,0.2777777777777778,0.1388888888888889,0.7881638888888889,0.09116666666666667,0.039177777777777784,0.03481111111111111,0.04669444444444445,0.1354861111111111,0.7436722222222222,0.12083333333333332,-0.01465277777777778,36.0,0.0,0.29411764705882354,0.0,0.0,0.17647058823529413,0.0,0.11764705882352941,0.29411764705882354,0.5294117647058824,0.058823529411764705,0.47058823529411764,0.6804588235294118,0.09268823529411765,0.02815294117647059,0.08101764705882353,0.11769411764705882,0.035070588235294124,0.7162235294117647,0.24871764705882354,0.21364705882352938,17.0
2024-08-27,150.1300048828125,151.6999969482422,148.44000244140625,150.5,150.5,35102700.0,,,AMD,0.0034001899337163,0.19047619047619047,0.2857142857142857,0.09523809523809523,0.047619047619047616,0.09523809523809523,0.047619047619047616,0.047619047619047616,0.42857142857142855,0.7619047619047619,0.19047619047619047,0.5714285714285714,0.7668380952380952,0.14559047619047621,0.01939047619047619,0.035295238095238095,0.03286666666666667,0.05116190476190476,0.6972809523809524,0.25155714285714287,0.20039523809523807,21.0,0.1111111111111111,0.25,0.027777777777777776,0.05555555555555555,0.05555555555555555,0.08333333333333333,0.027777777777777776,0.1111111111111111,0.4166666666666667,0.2777777777777778,0.1388888888888889,0.7881638888888889,0.09116666666666667,0.039177777777777784,0.03481111111111111,0.04669444444444445,0.1354861111111111,0.7436722222222222,0.12083333333333332,-0.01465277777777778,36.0
2024-08-28,149.39999389648438,150.42999267578125,144.72000122070312,146.36000061035156,146.36000061035156,34075800.0,,,AMD,-0.0275083015923484,0.45,0.55,0.15,0.5,0.25,0.45,0.25,0.6,0.5,0.6,-0.1,0.70564,0.183555,0.043955,0.03013,0.03674,0.15889,0.704605,0.136515,-0.02237500000000001,20.0,0.19047619047619047,0.2857142857142857,0.09523809523809523,0.047619047619047616,0.09523809523809523,0.047619047619047616,0.047619047619047616,0.42857142857142855,0.7619047619047619,0.19047619047619047,0.5714285714285714,0.7668380952380952,0.14559047619047621,0.01939047619047619,0.035295238095238095,0.03286666666666667,0.05116190476190476,0.6972809523809524,0.25155714285714287,0.20039523809523807,21.0
2024-08-29,146.58999633789062,149.49000549316406,144.47000122070312,145.49000549316406,145.49000549316406,31602100.0,,,AMD,-0.0059442136755906,0.08,0.24,0.0,0.04,0.12,0.0,0.08,0.12,0.16,0.08,0.08,0.716744,0.129216,0.025568,0.030844,0.097632,0.068512,0.746772,0.18470399999999998,0.11619200000000002,25.0,0.45,0.55,0.15,0.5,0.25,0.45,0.25,0.6,0.5,0.6,-0.1,0.70564,0.183555,0.043955,0.03013,0.03674,0.15889,0.704605,0.136515,-0.02237500000000001,20.0
2024-08-30,147.52000427246094,148.99000549316406,145.25,148.55999755859375,148.55999755859375,31169100.0,,,AMD,0.0211010512716898,0.13636363636363635,0.18181818181818182,0.0,0.0,0.045454545454545456,0.0,0.045454545454545456,0.18181818181818182,0.36363636363636365,0.13636363636363635,0.22727272727272727,0.8194227272727272,0.09182272727272728,0.02985,0.024377272727272727,0.03452272727272727,0.08966818181818183,0.7066272727272728,0.20369545454545454,0.11402727272727273,22.0,0.08,0.24,0.0,0.04,0.12,0.0,0.08,0.12,0.16,0.08,0.08,0.716744,0.129216,0.025568,0.030844,0.097632,0.068512,0.746772,0.18470399999999998,0.11619200000000002,25.0
2024-09-03,146.41000366210938,146.49000549316406,136.10000610351562,136.94000244140625,136.94000244140625,42172700.0,,,AMD,-0.0782175236143527,0.04411764705882353,0.23529411764705882,0.07352941176470588,0.19117647058823528,0.08823529411764706,0.08823529411764706,0.10294117647058823,0.23529411764705882,0.38235294117647056,0.19117647058823528,0.19117647058823528,0.7561823529411765,0.11064558823529412,0.03337794117647058,0.03840735294117647,0.06138676470588235,0.08758235294117646,0.7376750000000001,0.17475441176470588,0.08717205882352941,68.0,0.13636363636363635,0.18181818181818182,0.0,0.0,0.045454545454545456,0.0,0.045454545454545456,0.18181818181818182,0.36363636363636365,0.13636363636363635,0.22727272727272727,0.8194227272727272,0.09182272727272728,0.02985,0.024377272727272727,0.03452272727272727,0.08966818181818183,0.7066272727272728,0.20369545454545454,0.11402727272727273,22.0
2024-09-04,140.50999450683594,143.3699951171875,138.50999450683594,140.8699951171875,140.8699951171875,42130600.0,,,AMD,0.0286986461641316,0.0,0.21428571428571427,0.0,0.07142857142857142,0.07142857142857142,0.07142857142857142,0.07142857142857142,0.21428571428571427,0.42857142857142855,0.14285714285714285,0.2857142857142857,0.8078214285714286,0.06347142857142857,0.022049999999999997,0.0414,0.06525714285714286,0.059757142857142856,0.7183,0.22192857142857145,0.16217142857142858,14.0,0.04411764705882353,0.23529411764705882,0.07352941176470588,0.19117647058823528,0.08823529411764706,0.08823529411764706,0.10294117647058823,0.23529411764705882,0.38235294117647056,0.19117647058823528,0.19117647058823528,0.7561823529411765,0.11064558823529412,0.03337794117647058,0.03840735294117647,0.06138676470588235,0.08758235294117646,0.7376750000000001,0.17475441176470588,0.08717205882352941,68.0
2024-09-05,138.1999969482422,141.7100067138672,137.8300018310547,139.44000244140625,139.44000244140625,25023000.0,,,AMD,-0.0101511515961341,0.0,0.29411764705882354,0.0,0.0,0.058823529411764705,0.0,0.058823529411764705,0.11764705882352941,0.058823529411764705,0.0,0.058823529411764705,0.8291235294117647,0.03671764705882353,0.0165,0.02268235294117647,0.09501176470588235,0.07125882352941175,0.8121999999999999,0.1165235294117647,0.045264705882352936,17.0,0.0,0.21428571428571427,0.0,0.07142857142857142,0.07142857142857142,0.07142857142857142,0.07142857142857142,0.21428571428571427,0.42857142857142855,0.14285714285714285,0.2857142857142857,0.8078214285714286,0.06347142857142857,0.022049999999999997,0.0414,0.06525714285714286,0.059757142857142856,0.7183,0.22192857142857145,0.16217142857142858,14.0
2024-09-06,138.6999969482422,139.1300048828125,132.11000061035156,134.35000610351562,134.35000610351562,39993500.0,,,AMD,-0.0365031285769625,0.14285714285714285,0.2857142857142857,0.0,0.14285714285714285,0.07142857142857142,0.21428571428571427,0.14285714285714285,0.2857142857142857,0.2857142857142857,0.2857142857142857,0.0,0.8155357142857144,0.07271428571428572,0.031392857142857146,0.023014285714285713,0.05733571428571428,0.17585714285714285,0.6729285714285714,0.15122142857142856,-0.024635714285714292,14.0,0.0,0.29411764705882354,0.0,0.0,0.058823529411764705,0.0,0.058823529411764705,0.11764705882352941,0.058823529411764705,0.0,0.058823529411764705,0.8291235294117647,0.03671764705882353,0.0165,0.02268235294117647,0.09501176470588235,0.07125882352941175,0.8121999999999999,0.1165235294117647,0.045264705882352936,17.0
2024-09-09,136.10000610351562,138.4499969482422,134.86000061035156,138.14999389648438,138.14999389648438,27194500.0,,,AMD,0.0282842398238589,0.06666666666666667,0.2,0.022222222222222223,0.022222222222222223,0.2,0.022222222222222223,0.06666666666666667,0.4444444444444444,0.4222222222222222,0.13333333333333333,0.28888888888888886,0.7796977777777777,0.07610888888888889,0.021115555555555558,0.04682666666666667,0.07626666666666666,0.09652,0.7571311111111112,0.1463511111111111,0.04983111111111111,45.0,0.14285714285714285,0.2857142857142857,0.0,0.14285714285714285,0.07142857142857142,0.21428571428571427,0.14285714285714285,0.2857142857142857,0.2857142857142857,0.2857142857142857,0.0,0.8155357142857144,0.07271428571428572,0.031392857142857146,0.023014285714285713,0.05733571428571428,0.17585714285714285,0.6729285714285714,0.15122142857142856,-0.024635714285714292,14.0
2024-09-10,139.05999755859375,143.0800018310547,137.25,142.83999633789062,142.83999633789062,37217500.0,,,AMD,0.033948625759046,0.0,0.1,0.0,0.1,0.0,0.0,0.0,0.0,0.1,0.1,0.0,0.5684,0.23761000000000002,0.10497000000000001,0.02631,0.06271,0.23075,0.68383,0.08542999999999999,-0.14532,10.0,0.06666666666666667,0.2,0.022222222222222223,0.022222222222222223,0.2,0.022222222222222223,0.06666666666666667,0.4444444444444444,0.4222222222222222,0.13333333333333333,0.28888888888888886,0.7796977777777777,0.07610888888888889,0.021115555555555558,0.04682666666666667,0.07626666666666666,0.09652,0.7571311111111112,0.1463511111111111,0.04983111111111111,45.0
2024-09-11,145.32000732421875,150.16000366210938,140.7100067138672,149.86000061035156,149.86000061035156,50935400.0,,,AMD,0.0491459286785123,0.041666666666666664,0.20833333333333334,0.041666666666666664,0.041666666666666664,0.0,0.041666666666666664,0.041666666666666664,0.08333333333333333,0.25,0.041666666666666664,0.20833333333333334,0.7219833333333333,0.14186666666666667,0.03542083333333333,0.0280875,0.07262916666666668,0.12240416666666666,0.7584708333333333,0.11913333333333333,-0.0032708333333333335,24.0,0.0,0.1,0.0,0.1,0.0,0.0,0.0,0.0,0.1,0.1,0.0,0.5684,0.23761000000000002,0.10497000000000001,0.02631,0.06271,0.23075,0.68383,0.08542999999999999,-0.14532,10.0
2024-09-12,148.42999267578125,151.5399932861328,147.64999389648438,150.77000427246094,150.77000427246094,29233700.0,,,AMD,0.0060723585907054,0.047619047619047616,0.23809523809523808,0.14285714285714285,0.0,0.14285714285714285,0.047619047619047616,0.09523809523809523,0.19047619047619047,0.42857142857142855,0.14285714285714285,0.2857142857142857,0.7910047619047619,0.06218571428571429,0.02085714285714286,0.0368,0.08917142857142857,0.08419047619047619,0.756804761904762,0.15900476190476193,0.07481428571428571,21.0,0.041666666666666664,0.20833333333333334,0.041666666666666664,0.041666666666666664,0.0,0.041666666666666664,0.041666666666666664,0.08333333333333333,0.25,0.041666666666666664,0.20833333333333334,0.7219833333333333,0.14186666666666667,0.03542083333333333,0.0280875,0.07262916666666668,0.12240416666666666,0.7584708333333333,0.11913333333333333,-0.0032708333333333335,24.0
2024-09-13,152.32000732421875,153.02999877929688,150.6999969482422,152.30999755859375,152.30999755859375,25117200.0,,,AMD,0.0102141887808786,0.2727272727272727,0.2727272727272727,0.09090909090909091,0.22727272727272727,0.13636363636363635,0.13636363636363635,0.0,0.2727272727272727,0.5,0.4090909090909091,0.09090909090909091,0.7861,0.131,0.022318181818181817,0.025395454545454544,0.035186363636363634,0.15658636363636363,0.7511045454545454,0.0923090909090909,-0.06427727272727272,22.0,0.047619047619047616,0.23809523809523808,0.14285714285714285,0.0,0.14285714285714285,0.047619047619047616,0.09523809523809523,0.19047619047619047,0.42857142857142855,0.14285714285714285,0.2857142857142857,0.7910047619047619,0.06218571428571429,0.02085714285714286,0.0368,0.08917142857142857,0.08419047619047619,0.756804761904762,0.15900476190476193,0.07481428571428571,21.0
2024-09-16,151.6999969482422,154.44000244140625,150.91000366210938,152.0800018310547,152.0800018310547,27677800.0,,,AMD,-0.001510050103248,0.08333333333333333,0.16666666666666666,0.027777777777777776,0.1111111111111111,0.027777777777777776,0.19444444444444445,0.0,0.16666666666666666,0.3611111111111111,0.4166666666666667,-0.05555555555555555,0.6992361111111111,0.14304444444444442,0.04634166666666666,0.032808333333333335,0.07855555555555555,0.10185555555555555,0.7094444444444444,0.1886861111111111,0.08683055555555556,36.0,0.2727272727272727,0.2727272727272727,0.09090909090909091,0.22727272727272727,0.13636363636363635,0.13636363636363635,0.0,0.2727272727272727,0.5,0.4090909090909091,0.09090909090909091,0.7861,0.131,0.022318181818181817,0.025395454545454544,0.035186363636363634,0.15658636363636363,0.7511045454545454,0.0923090909090909,-0.06427727272727272,22.0
2024-09-17,153.5500030517578,154.0399932861328,149.22999572753906,150.82000732421875,150.82000732421875,29889000.0,,,AMD,-0.0082850768783897,0.06666666666666667,0.3333333333333333,0.0,0.06666666666666667,0.06666666666666667,0.13333333333333333,0.0,0.26666666666666666,0.3333333333333333,0.26666666666666666,0.06666666666666667,0.7129133333333333,0.15768,0.02774,0.033826666666666665,0.06784666666666667,0.13381333333333334,0.7438800000000001,0.12230666666666666,-0.011506666666666669,15.0,0.08333333333333333,0.16666666666666666,0.027777777777777776,0.1111111111111111,0.027777777777777776,0.19444444444444445,0.0,0.16666666666666666,0.3611111111111111,0.4166666666666667,-0.05555555555555555,0.6992361111111111,0.14304444444444442,0.04634166666666666,0.032808333333333335,0.07855555555555555,0.10185555555555555,0.7094444444444444,0.1886861111111111,0.08683055555555556,36.0
2024-09-18,150.89999389648438,152.82000732421875,148.00999450683594,148.2899932861328,148.2899932861328,26320100.0,,,AMD,-0.0167750557964577,0.4166666666666667,0.0,0.08333333333333333,0.16666666666666666,0.08333333333333333,0.25,0.0,0.8333333333333334,0.6666666666666666,0.5833333333333334,0.08333333333333333,0.75815,0.09304166666666668,0.05455833333333334,0.039391666666666665,0.054858333333333335,0.285675,0.5675666666666667,0.14675,-0.138925,12.0,0.06666666666666667,0.3333333333333333,0.0,0.06666666666666667,0.06666666666666667,0.13333333333333333,0.0,0.26666666666666666,0.3333333333333333,0.26666666666666666,0.06666666666666667,0.7129133333333333,0.15768,0.02774,0.033826666666666665,0.06784666666666667,0.13381333333333334,0.7438800000000001,0.12230666666666666,-0.011506666666666669,15.0
2024-09-19,153.80999755859375,159.25,152.77000427246094,156.74000549316406,156.74000549316406,44500000.0,,,AMD,0.056983023734626,0.14285714285714285,0.0,0.14285714285714285,0.14285714285714285,0.0,0.0,0.0,0.14285714285714285,0.42857142857142855,0.2857142857142857,0.14285714285714285,0.8461857142857143,0.03994285714285715,0.01827142857142857,0.0337,0.061971428571428566,0.0463,0.8414571428571429,0.11224285714285716,0.06594285714285715,7.0,0.4166666666666667,0.0,0.08333333333333333,0.16666666666666666,0.08333333333333333,0.25,0.0,0.8333333333333334,0.6666666666666666,0.5833333333333334,0.08333333333333333,0.75815,0.09304166666666668,0.05455833333333334,0.039391666666666665,0.054858333333333335,0.285675,0.5675666666666667,0.14675,-0.138925,12.0
2024-09-20,156.0,157.4499969482422,152.47000122070312,155.9499969482422,155.9499969482422,40248200.0,,,AMD,-0.0050402482916611,0.0,0.16666666666666666,0.0,0.16666666666666666,0.08333333333333333,0.0,0.16666666666666666,0.16666666666666666,0.4166666666666667,0.16666666666666666,0.25,0.7980999999999999,0.08190833333333333,0.03140833333333334,0.03260833333333333,0.05595,0.09825833333333334,0.7920666666666666,0.10967500000000001,0.011416666666666658,12.0,0.14285714285714285,0.0,0.14285714285714285,0.14285714285714285,0.0,0.0,0.0,0.14285714285714285,0.42857142857142855,0.2857142857142857,0.14285714285714285,0.8461857142857143,0.03994285714285715,0.01827142857142857,0.0337,0.061971428571428566,0.0463,0.8414571428571429,0.11224285714285716,0.06594285714285715,7.0
2024-09-23,156.4499969482422,157.19000244140625,154.97000122070312,156.75,156.75,21728500.0,,,AMD,0.0051298689798842,0.16923076923076924,0.35384615384615387,0.15384615384615385,0.3230769230769231,0.13846153846153847,0.2153846153846154,0.12307692307692308,0.49230769230769234,0.8615384615384616,0.4,0.46153846153846156,0.7573969230769231,0.10321076923076923,0.055130769230769226,0.039904615384615386,0.044361538461538466,0.1568953846153846,0.6430353846153846,0.20005846153846155,0.04316307692307692,65.0,0.0,0.16666666666666666,0.0,0.16666666666666666,0.08333333333333333,0.0,0.16666666666666666,0.16666666666666666,0.4166666666666667,0.16666666666666666,0.25,0.7980999999999999,0.08190833333333333,0.03140833333333334,0.03260833333333333,0.05595,0.09825833333333334,0.7920666666666666,0.10967500000000001,0.011416666666666658,12.0
2024-09-24,157.4600067138672,159.63999938964844,154.5800018310547,158.32000732421875,158.32000732421875,27531200.0,,,AMD,0.0100159956887957,0.05,0.2,0.1,0.05,0.05,0.1,0.05,0.45,0.65,0.2,0.45,0.6434249999999999,0.192775,0.042105000000000004,0.026340000000000002,0.09537999999999999,0.092285,0.8016500000000001,0.106075,0.013789999999999993,20.0,0.16923076923076924,0.35384615384615387,0.15384615384615385,0.3230769230769231,0.13846153846153847,0.2153846153846154,0.12307692307692308,0.49230769230769234,0.8615384615384616,0.4,0.46153846153846156,0.7573969230769231,0.10321076923076923,0.055130769230769226,0.039904615384615386,0.044361538461538466,0.1568953846153846,0.6430353846153846,0.20005846153846155,0.04316307692307692,65.0
2024-09-25,158.5,162.9499969482422,158.17999267578125,162.02000427246094,162.02000427246094,35233300.0,,,AMD,0.0233703687283508,0.0,0.38461538461538464,0.0,0.07692307692307693,0.07692307692307693,0.0,0.07692307692307693,0.15384615384615385,0.5384615384615384,0.0,0.5384615384615384,0.7615461538461539,0.10687692307692308,0.0279,0.04549230769230769,0.058192307692307696,0.03196153846153846,0.7999307692307693,0.16809999999999997,0.13613846153846154,13.0,0.05,0.2,0.1,0.05,0.05,0.1,0.05,0.45,0.65,0.2,0.45,0.6434249999999999,0.192775,0.042105000000000004,0.026340000000000002,0.09537999999999999,0.092285,0.8016500000000001,0.106075,0.013789999999999993,20.0
2024-09-26,167.05999755859375,168.67999267578125,164.0500030517578,167.49000549316406,167.49000549316406,38044900.0,,,AMD,0.0337612706854673,0.15,0.3,0.05,0.1,0.1,0.05,0.1,0.4,0.35,0.1,0.25,0.7737,0.13263,0.023094999999999997,0.02592,0.04465,0.10341,0.6772,0.21939000000000003,0.11598,20.0,0.0,0.38461538461538464,0.0,0.07692307692307693,0.07692307692307693,0.0,0.07692307692307693,0.15384615384615385,0.5384615384615384,0.0,0.5384615384615384,0.7615461538461539,0.10687692307692308,0.0279,0.04549230769230769,0.058192307692307696,0.03196153846153846,0.7999307692307693,0.16809999999999997,0.13613846153846154,13.0
2024-09-27,167.47999572753906,168.72999572753906,163.74000549316406,164.35000610351562,164.35000610351562,27876000.0,,,AMD,-0.0187473836447906,0.0,0.14285714285714285,0.0,0.02857142857142857,0.05714285714285714,0.0,0.02857142857142857,0.14285714285714285,0.4857142857142857,0.11428571428571428,0.37142857142857144,0.8132228571428571,0.06690571428571428,0.020714285714285713,0.0507,0.04847428571428572,0.05951428571428572,0.7982685714285714,0.1422314285714286,0.08271714285714286,35.0,0.15,0.3,0.05,0.1,0.1,0.05,0.1,0.4,0.35,0.1,0.25,0.7737,0.13263,0.023094999999999997,0.02592,0.04465,0.10341,0.6772,0.21939000000000003,0.11598,20.0
2024-09-30,163.10000610351562,165.0800018310547,162.17999267578125,164.0800018310547,164.0800018310547,21881600.0,,,AMD,-0.0016428613473301,0.11428571428571428,0.34285714285714286,0.08571428571428572,0.14285714285714285,0.14285714285714285,0.22857142857142856,0.08571428571428572,0.4,0.6571428571428571,0.2571428571428571,0.4,0.73202,0.10341428571428571,0.023857142857142855,0.061660000000000006,0.07905142857142856,0.09461142857142857,0.7478885714285715,0.1575,0.06288857142857143,35.0,0.0,0.14285714285714285,0.0,0.02857142857142857,0.05714285714285714,0.0,0.02857142857142857,0.14285714285714285,0.4857142857142857,0.11428571428571428,0.37142857142857144,0.8132228571428571,0.06690571428571428,0.020714285714285713,0.0507,0.04847428571428572,0.05951428571428572,0.7982685714285714,0.1422314285714286,0.08271714285714286,35.0
2024-10-01,164.47999572753906,165.39999389648438,158.0800018310547,159.75,159.75,31831900.0,,,AMD,-0.0263895769303628,0.041666666666666664,0.375,0.041666666666666664,0.041666666666666664,0.041666666666666664,0.08333333333333333,0.08333333333333333,0.2916666666666667,0.4166666666666667,0.125,0.2916666666666667,0.8070708333333334,0.08522083333333334,0.0234625,0.027566666666666666,0.056654166666666665,0.09205,0.8015374999999999,0.10642083333333334,0.014370833333333338,24.0,0.11428571428571428,0.34285714285714286,0.08571428571428572,0.14285714285714285,0.14285714285714285,0.22857142857142856,0.08571428571428572,0.4,0.6571428571428571,0.2571428571428571,0.4,0.73202,0.10341428571428571,0.023857142857142855,0.061660000000000006,0.07905142857142856,0.09461142857142857,0.7478885714285715,0.1575,0.06288857142857143,35.0
2024-10-02,159.30999755859375,163.10000610351562,158.6699981689453,159.77999877929688,159.77999877929688,24630400.0,,,AMD,0.0001877857858958,0.0,0.0,0.0,0.0,0.0,0.0,0.0,0.25,0.0,0.0,0.0,0.7674,0.154675,0.0275,0.0222,0.028225,0.02245,0.741725,0.23582499999999998,0.213375,4.0,0.041666666666666664,0.375,0.041666666666666664,0.041666666666666664,0.041666666666666664,0.08333333333333333,0.08333333333333333,0.2916666666666667,0.4166666666666667,0.125,0.2916666666666667,0.8070708333333334,0.08522083333333334,0.0234625,0.027566666666666666,0.056654166666666665,0.09205,0.8015374999999999,0.10642083333333334,0.014370833333333338,24.0
2024-10-03,159.7100067138672,166.7899932861328,159.39999389648438,162.85000610351562,162.85000610351562,29598800.0,,,AMD,0.0192139651250049,0.05555555555555555,0.2777777777777778,0.0,0.16666666666666666,0.1111111111111111,0.16666666666666666,0.1111111111111111,0.2222222222222222,0.2777777777777778,0.3333333333333333,-0.05555555555555555,0.7767666666666666,0.07590000000000001,0.042727777777777774,0.03214444444444445,0.07247777777777778,0.0801111111111111,0.7992611111111111,0.12062222222222221,0.04051111111111111,18.0,0.0,0.0,0.0,0.0,0.0,0.0,0.0,0.25,0.0,0.0,0.0,0.7674,0.154675,0.0275,0.0222,0.028225,0.02245,0.741725,0.23582499999999998,0.213375,4.0
2024-10-04,166.52999877929688,171.2100067138672,164.4199981689453,170.89999389648438,170.89999389648438,44556500.0,,,AMD,0.0494319158198359,0.05,0.15,0.0,0.1,0.05,0.05,0.05,0.3,0.4,0.15,0.25,0.75431,0.080615,0.031070000000000004,0.046515,0.0875,0.06458,0.686885,0.24852499999999997,0.183945,20.0,0.05555555555555555,0.2777777777777778,0.0,0.16666666666666666,0.1111111111111111,0.16666666666666666,0.1111111111111111,0.2222222222222222,0.2777777777777778,0.3333333333333333,-0.05555555555555555,0.7767666666666666,0.07590000000000001,0.042727777777777774,0.03214444444444445,0.07247777777777778,0.0801111111111111,0.7992611111111111,0.12062222222222221,0.04051111111111111,18.0
2024-10-07,171.0800018310547,172.41000366210938,168.2100067138672,170.97000122070312,170.97000122070312,38379900.0,,,AMD,0.0004096391265007,0.034482758620689655,0.10344827586206896,0.0,0.034482758620689655,0.0,0.0,0.0,0.13793103448275862,0.20689655172413793,0.10344827586206896,0.10344827586206896,0.691451724137931,0.05763448275862069,0.02249310344827586,0.11849655172413792,0.10992413793103449,0.12556551724137932,0.7547275862068965,0.1197103448275862,-0.005855172413793105,29.0,0.05,0.15,0.0,0.1,0.05,0.05,0.05,0.3,0.4,0.15,0.25,0.75431,0.080615,0.031070000000000004,0.046515,0.0875,0.06458,0.686885,0.24852499999999997,0.183945,20.0
2024-10-08,171.75,173.60000610351562,170.0,172.8000030517578,172.8000030517578,34730200.0,,,AMD,0.0107036428495568,0.0,0.14285714285714285,0.0,0.2857142857142857,0.07142857142857142,0.35714285714285715,0.0,0.0,0.14285714285714285,0.5,-0.35714285714285715,0.7375428571428572,0.09843571428571429,0.04465,0.051892857142857136,0.06749285714285715,0.30060000000000003,0.6180785714285715,0.0813,-0.2193,14.0,0.034482758620689655,0.10344827586206896,0.0,0.034482758620689655,0.0,0.0,0.0,0.13793103448275862,0.20689655172413793,0.10344827586206896,0.10344827586206896,0.691451724137931,0.05763448275862069,0.02249310344827586,0.11849655172413792,0.10992413793103449,0.12556551724137932,0.7547275862068965,0.1197103448275862,-0.005855172413793105,29.0
2024-10-09,174.0500030517578,174.0500030517578,169.5500030517578,171.02000427246094,171.02000427246094,33890700.0,,,AMD,-0.0103009186797509,0.0625,0.125,0.0625,0.0625,0.125,0.0,0.0,0.1875,0.625,0.0,0.625,0.7455,0.04865,0.019175,0.03784375,0.14884375,0.04084375,0.68309375,0.2760625,0.23521875,16.0,0.0,0.14285714285714285,0.0,0.2857142857142857,0.07142857142857142,0.35714285714285715,0.0,0.0,0.14285714285714285,0.5,-0.35714285714285715,0.7375428571428572,0.09843571428571429,0.04465,0.051892857142857136,0.06749285714285715,0.30060000000000003,0.6180785714285715,0.0813,-0.2193,14.0
2024-10-10,169.75999450683594,172.00999450683594,162.0,164.17999267578125,164.17999267578125,75113600.0,,,AMD,-0.0399953889942752,0.04,0.0,0.0,0.04,0.0,0.04,0.0,0.12,0.16,0.08,0.08,0.740236,0.06736,0.02292,0.09118400000000002,0.078296,0.11336,0.667688,0.218956,0.105596,25.0,0.0625,0.125,0.0625,0.0625,0.125,0.0,0.0,0.1875,0.625,0.0,0.625,0.7455,0.04865,0.019175,0.03784375,0.14884375,0.04084375,0.68309375,0.2760625,0.23521875,16.0
2024-10-11,164.19000244140625,169.35000610351562,163.00999450683594,167.88999938964844,167.88999938964844,42136200.0,,,AMD,0.0225971913715066,0.0,0.15789473684210525,0.05263157894736842,0.0,0.0,0.05263157894736842,0.0,0.10526315789473684,0.2631578947368421,0.15789473684210525,0.10526315789473684,0.7762368421052631,0.11682631578947368,0.04455263157894737,0.028884210526315787,0.033499999999999995,0.09707368421052631,0.6986894736842105,0.20423684210526316,0.10716315789473685,19.0,0.04,0.0,0.0,0.04,0.0,0.04,0.0,0.12,0.16,0.08,0.08,0.740236,0.06736,0.02292,0.09118400000000002,0.078296,0.11336,0.667688,0.218956,0.105596,25.0
2024-10-14,167.77000427246094,168.89999389648438,165.14999389648438,165.27000427246094,165.27000427246094,31757200.0,,,AMD,-0.0156054269266322,0.1,0.075,0.05,0.1,0.05,0.075,0.05,0.05,0.2,0.15,0.05,0.71725,0.11814,0.0442425,0.037395,0.082975,0.102855,0.74206,0.155085,0.05223,40.0,0.0,0.15789473684210525,0.05263157894736842,0.0,0.0,0.05263157894736842,0.0,0.10526315789473684,0.2631578947368421,0.15789473684210525,0.10526315789473684,0.7762368421052631,0.11682631578947368,0.04455263157894737,0.028884210526315787,0.033499999999999995,0.09707368421052631,0.6986894736842105,0.20423684210526316,0.10716315789473685,19.0
2024-10-15,163.2100067138672,164.1300048828125,155.74000549316406,156.63999938964844,156.63999938964844,50768000.0,,,AMD,-0.0522176115430192,0.05,0.4,0.0,0.1,0.0,0.05,0.0,0.2,0.65,0.15,0.5,0.85273,0.032895,0.019025,0.041225,0.05413,0.06043,0.681725,0.257865,0.197435,20.0,0.1,0.075,0.05,0.1,0.05,0.075,0.05,0.05,0.2,0.15,0.05,0.71725,0.11814,0.0442425,0.037395,0.082975,0.102855,0.74206,0.155085,0.05223,40.0
2024-10-16,158.07000732421875,158.27999877929688,154.9199981689453,156.1300048828125,156.1300048828125,30575800.0,,,AMD,-0.003255838284111,0.15384615384615385,0.07692307692307693,0.15384615384615385,0.23076923076923078,0.07692307692307693,0.07692307692307693,0.07692307692307693,0.15384615384615385,0.3076923076923077,0.38461538461538464,-0.07692307692307693,0.5741384615384615,0.17120769230769228,0.044446153846153844,0.08860000000000001,0.1215923076923077,0.14254615384615385,0.6354461538461538,0.2220076923076923,0.07946153846153847,13.0,0.05,0.4,0.0,0.1,0.0,0.05,0.0,0.2,0.65,0.15,0.5,0.85273,0.032895,0.019025,0.041225,0.05413,0.06043,0.681725,0.257865,0.197435,20.0
2024-10-17,160.0,160.44000244140625,156.1999969482422,156.25,156.25,29491900.0,,,AMD,0.0007685589792785,0.5,0.3,0.3,0.4,0.3,0.1,0.2,0.4,0.6,0.3,0.3,0.8538399999999999,0.032229999999999995,0.01838,0.02608,0.06947,0.08335000000000001,0.56312,0.35350000000000004,0.27015,10.0,0.15384615384615385,0.07692307692307693,0.15384615384615385,0.23076923076923078,0.07692307692307693,0.07692307692307693,0.07692307692307693,0.15384615384615385,0.3076923076923077,0.38461538461538464,-0.07692307692307693,0.5741384615384615,0.17120769230769228,0.044446153846153844,0.08860000000000001,0.1215923076923077,0.14254615384615385,0.6354461538461538,0.2220076923076923,0.07946153846153847,13.0
2024-10-18,157.41000366210938,158.00999450683594,155.55999755859375,155.97000122070312,155.97000122070312,23823000.0,,,AMD,-0.0017919921875,0.0,0.5333333333333333,0.13333333333333333,0.13333333333333333,0.13333333333333333,0.06666666666666667,0.13333333333333333,0.26666666666666666,0.4666666666666667,0.13333333333333333,0.3333333333333333,0.8246733333333334,0.04306,0.022026666666666663,0.03247333333333333,0.07776666666666666,0.05468666666666667,0.7602933333333334,0.18501333333333336,0.13032666666666665,15.0,0.5,0.3,0.3,0.4,0.3,0.1,0.2,0.4,0.6,0.3,0.3,0.8538399999999999,0.032229999999999995,0.01838,0.02608,0.06947,0.08335000000000001,0.56312,0.35350000000000004,0.27015,10.0
2024-10-21,155.75999450683594,158.0,154.14999389648438,157.89999389648438,157.89999389648438,25781200.0,,,AMD,0.0123741274647439,0.05660377358490566,0.24528301886792453,0.05660377358490566,0.07547169811320754,0.05660377358490566,0.07547169811320754,0.018867924528301886,0.22641509433962265,0.32075471698113206,0.20754716981132076,0.11320754716981132,0.7777490566037736,0.07350188679245283,0.030139622641509434,0.05570754716981132,0.0629056603773585,0.10579811320754717,0.7255056603773584,0.16870000000000002,0.06290188679245283,53.0,0.0,0.5333333333333333,0.13333333333333333,0.13333333333333333,0.13333333333333333,0.06666666666666667,0.13333333333333333,0.26666666666666666,0.4666666666666667,0.13333333333333333,0.3333333333333333,0.8246733333333334,0.04306,0.022026666666666663,0.03247333333333333,0.07776666666666666,0.05468666666666667,0.7602933333333334,0.18501333333333336,0.13032666666666665,15.0
2024-10-22,156.60000610351562,156.74000549316406,151.91000366210938,154.08999633789062,154.08999633789062,34997400.0,,,AMD,-0.0241291811644495,0.1,0.1,0.0,0.0,0.0,0.1,0.0,0.2,0.1,0.1,0.0,0.8036099999999999,0.03279,0.01675,0.07879,0.06805,0.02368,0.8088200000000001,0.16748999999999997,0.14381,10.0,0.05660377358490566,0.24528301886792453,0.05660377358490566,0.07547169811320754,0.05660377358490566,0.07547169811320754,0.018867924528301886,0.22641509433962265,0.32075471698113206,0.20754716981132076,0.11320754716981132,0.7777490566037736,0.07350188679245283,0.030139622641509434,0.05570754716981132,0.0629056603773585,0.10579811320754717,0.7255056603773584,0.16870000000000002,0.06290188679245283,53.0
2024-10-23,153.0,153.4499969482422,150.52000427246094,152.91000366210938,152.91000366210938,26095900.0,,,AMD,-0.0076578149381855,0.125,0.0,0.0625,0.0625,0.0625,0.125,0.0,0.1875,0.3125,0.125,0.1875,0.6844125,0.210225,0.04496875,0.0226375,0.03774375,0.12735625,0.6676125,0.2050125,0.07765625,16.0,0.1,0.1,0.0,0.0,0.0,0.1,0.0,0.2,0.1,0.1,0.0,0.8036099999999999,0.03279,0.01675,0.07879,0.06805,0.02368,0.8088200000000001,0.16748999999999997,0.14381,10.0
2024-10-24,154.74000549316406,155.19000244140625,152.35000610351562,153.44000244140625,153.44000244140625,22877000.0,,,AMD,0.0034660830985788,0.0,0.2727272727272727,0.0,0.0,0.0,0.0,0.09090909090909091,0.18181818181818182,0.2727272727272727,0.18181818181818182,0.09090909090909091,0.7538545454545456,0.17976363636363638,0.017954545454545456,0.017527272727272728,0.03088181818181818,0.04316363636363636,0.8004818181818181,0.15637272727272727,0.1132090909090909,11.0,0.125,0.0,0.0625,0.0625,0.0625,0.125,0.0,0.1875,0.3125,0.125,0.1875,0.6844125,0.210225,0.04496875,0.0226375,0.03774375,0.12735625,0.6676125,0.2050125,0.07765625,16.0
2024-10-25,155.39999389648438,158.91000366210938,155.0500030517578,156.22999572753906,156.22999572753906,29758500.0,,,AMD,0.0181829590832951,0.06666666666666667,0.13333333333333333,0.0,0.13333333333333333,0.06666666666666667,0.13333333333333333,0.06666666666666667,0.13333333333333333,0.4,0.2,0.2,0.7346199999999999,0.14006,0.03302,0.027666666666666666,0.06462,0.11606666666666668,0.73546,0.14847333333333335,0.03240666666666667,15.0,0.0,0.2727272727272727,0.0,0.0,0.0,0.0,0.09090909090909091,0.18181818181818182,0.2727272727272727,0.18181818181818182,0.09090909090909091,0.7538545454545456,0.17976363636363638,0.017954545454545456,0.017527272727272728,0.03088181818181818,0.04316363636363636,0.8004818181818181,0.15637272727272727,0.1132090909090909,11.0
2024-10-28,158.5,160.27999877929688,157.0399932861328,159.9199981689453,159.9199981689453,36010100.0,,,AMD,0.0236190395078901,0.0,0.14285714285714285,0.03571428571428571,0.07142857142857142,0.05357142857142857,0.03571428571428571,0.0,0.16071428571428573,0.35714285714285715,0.16071428571428573,0.19642857142857142,0.7727910714285714,0.11130714285714285,0.021898214285714285,0.03218571428571428,0.061825000000000005,0.13165,0.7452785714285713,0.12306785714285715,-0.008582142857142861,56.0,0.06666666666666667,0.13333333333333333,0.0,0.13333333333333333,0.06666666666666667,0.13333333333333333,0.06666666666666667,0.13333333333333333,0.4,0.2,0.2,0.7346199999999999,0.14006,0.03302,0.027666666666666666,0.06462,0.11606666666666668,0.73546,0.14847333333333335,0.03240666666666667,15.0
2024-10-29,161.10000610351562,167.50999450683594,158.94000244140625,166.25,166.25,71896000.0,,,AMD,0.0395823030485995,0.0,0.23076923076923078,0.0,0.07692307692307693,0.15384615384615385,0.0,0.07692307692307693,0.23076923076923078,0.46153846153846156,0.07692307692307693,0.38461538461538464,0.8106230769230769,0.08910000000000001,0.03553846153846153,0.028984615384615386,0.03573846153846154,0.1485692307692308,0.7279307692307693,0.1235,-0.02506923076923078,13.0,0.0,0.14285714285714285,0.03571428571428571,0.07142857142857142,0.05357142857142857,0.03571428571428571,0.0,0.16071428571428573,0.35714285714285715,0.16071428571428573,0.19642857142857142,0.7727910714285714,0.11130714285714285,0.021898214285714285,0.03218571428571428,0.061825000000000005,0.13165,0.7452785714285713,0.12306785714285715,-0.008582142857142861,56.0
2024-10-30,153.00999450683594,153.1199951171875,148.10000610351562,148.60000610351562,148.60000610351562,87701700.0,,,AMD,-0.1061653768209586,0.0,0.2,0.06666666666666667,0.0,0.06666666666666667,0.06666666666666667,0.06666666666666667,0.26666666666666666,0.26666666666666666,0.2,0.06666666666666667,0.7643333333333333,0.09170666666666666,0.03064,0.039246666666666666,0.07409333333333333,0.12882666666666667,0.7349333333333333,0.13621999999999998,0.007393333333333331,15.0,0.0,0.23076923076923078,0.0,0.07692307692307693,0.15384615384615385,0.0,0.07692307692307693,0.23076923076923078,0.46153846153846156,0.07692307692307693,0.38461538461538464,0.8106230769230769,0.08910000000000001,0.03553846153846153,0.028984615384615386,0.03573846153846154,0.1485692307692308,0.7279307692307693,0.1235,-0.02506923076923078,13.0
2024-10-31,147.8000030517578,148.67999267578125,143.3300018310547,144.07000732421875,144.07000732421875,44386600.0,,,AMD,-0.0304845127404722,0.13636363636363635,0.3181818181818182,0.045454545454545456,0.045454545454545456,0.045454545454545456,0.09090909090909091,0.0,0.09090909090909091,0.36363636363636365,0.18181818181818182,0.18181818181818182,0.8033,0.034249999999999996,0.018354545454545453,0.08496363636363637,0.05913636363636363,0.029495454545454547,0.7286590909090909,0.2418590909090909,0.21236363636363634,22.0,0.0,0.2,0.06666666666666667,0.0,0.06666666666666667,0.06666666666666667,0.06666666666666667,0.26666666666666666,0.26666666666666666,0.2,0.06666666666666667,0.7643333333333333,0.09170666666666666,0.03064,0.039246666666666666,0.07409333333333333,0.12882666666666667,0.7349333333333333,0.13621999999999998,0.007393333333333331,15.0
2024-11-01,144.44000244140625,144.5399932861328,141.32000732421875,141.86000061035156,141.86000061035156,39027400.0,,,AMD,-0.0153398112134035,0.047619047619047616,0.14285714285714285,0.047619047619047616,0.047619047619047616,0.09523809523809523,0.14285714285714285,0.09523809523809523,0.2857142857142857,0.38095238095238093,0.14285714285714285,0.23809523809523808,0.7116285714285715,0.11346190476190475,0.03821904761904762,0.06516666666666666,0.07151904761904762,0.23420000000000002,0.6404714285714286,0.12532857142857143,-0.10887142857142858,21.0,0.13636363636363635,0.3181818181818182,0.045454545454545456,0.045454545454545456,0.045454545454545456,0.09090909090909091,0.0,0.09090909090909091,0.36363636363636365,0.18181818181818182,0.18181818181818182,0.8033,0.034249999999999996,0.018354545454545453,0.08496363636363637,0.05913636363636363,0.029495454545454547,0.7286590909090909,0.2418590909090909,0.21236363636363634,22.0
2024-11-04,141.6999969482422,143.63999938964844,139.72000122070312,140.7100067138672,140.7100067138672,29117400.0,,,AMD,-0.0081065408962113,0.04878048780487805,0.24390243902439024,0.024390243902439025,0.0975609756097561,0.04878048780487805,0.07317073170731707,0.024390243902439025,0.17073170731707318,0.43902439024390244,0.1951219512195122,0.24390243902439024,0.7762073170731707,0.10032439024390244,0.03198048780487805,0.030839024390243903,0.060639024390243906,0.08796097560975609,0.7359146341463414,0.17613658536585364,0.08817560975609756,41.0,0.047619047619047616,0.14285714285714285,0.047619047619047616,0.047619047619047616,0.09523809523809523,0.14285714285714285,0.09523809523809523,0.2857142857142857,0.38095238095238093,0.14285714285714285,0.23809523809523808,0.7116285714285715,0.11346190476190475,0.03821904761904762,0.06516666666666666,0.07151904761904762,0.23420000000000002,0.6404714285714286,0.12532857142857143,-0.10887142857142858,21.0
2024-11-05,141.94000244140625,143.0800018310547,140.8000030517578,141.66000366210938,141.66000366210938,27067300.0,,,AMD,0.006751452653783,0.0,0.35714285714285715,0.07142857142857142,0.07142857142857142,0.0,0.07142857142857142,0.0,0.21428571428571427,0.6428571428571429,0.14285714285714285,0.5,0.6382928571428571,0.11214285714285714,0.05244285714285714,0.0870857142857143,0.11008571428571427,0.03839285714285714,0.6098,0.3518071428571429,0.31341428571428576,14.0,0.04878048780487805,0.24390243902439024,0.024390243902439025,0.0975609756097561,0.04878048780487805,0.07317073170731707,0.024390243902439025,0.17073170731707318,0.43902439024390244,0.1951219512195122,0.24390243902439024,0.7762073170731707,0.10032439024390244,0.03198048780487805,0.030839024390243903,0.060639024390243906,0.08796097560975609,0.7359146341463414,0.17613658536585364,0.08817560975609756,41.0
2024-11-06,144.9499969482422,145.6300048828125,141.52000427246094,145.10000610351562,145.10000610351562,32911500.0,,,AMD,0.024283512300419,0.03125,0.375,0.0,0.0625,0.1875,0.03125,0.21875,0.3125,0.375,0.09375,0.28125,0.70745625,0.06614375,0.022324999999999998,0.102525,0.101578125,0.131428125,0.643925,0.224634375,0.09320624999999999,32.0,0.0,0.35714285714285715,0.07142857142857142,0.07142857142857142,0.0,0.07142857142857142,0.0,0.21428571428571427,0.6428571428571429,0.14285714285714285,0.5,0.6382928571428571,0.11214285714285714,0.05244285714285714,0.0870857142857143,0.11008571428571427,0.03839285714285714,0.6098,0.3518071428571429,0.31341428571428576,14.0
2024-11-07,146.67999267578125,150.1199951171875,145.66000366210938,149.82000732421875,149.82000732421875,30326400.0,,,AMD,0.0325292971892492,0.06060606060606061,0.15151515151515152,0.0,0.06060606060606061,0.06060606060606061,0.030303030303030304,0.030303030303030304,0.12121212121212122,0.21212121212121213,0.12121212121212122,0.09090909090909091,0.7648575757575758,0.09216363636363636,0.027309090909090908,0.04410909090909091,0.07158484848484847,0.028266666666666666,0.7516363636363635,0.2200878787878788,0.19182121212121211,33.0,0.03125,0.375,0.0,0.0625,0.1875,0.03125,0.21875,0.3125,0.375,0.09375,0.28125,0.70745625,0.06614375,0.022324999999999998,0.102525,0.101578125,0.131428125,0.643925,0.224634375,0.09320624999999999,32.0
2024-11-08,149.38999938964844,150.7100067138672,147.52999877929688,147.9499969482422,147.9499969482422,27560300.0,,,AMD,-0.0124817132863286,0.0,0.29411764705882354,0.0,0.0,0.17647058823529413,0.11764705882352941,0.11764705882352941,0.23529411764705882,0.5294117647058824,0.11764705882352941,0.4117647058823529,0.7491941176470588,0.08887058823529412,0.07289411764705883,0.03205294117647059,0.05699411764705882,0.1985235294117647,0.6975882352941176,0.10389411764705882,-0.09462941176470586,17.0,0.06060606060606061,0.15151515151515152,0.0,0.06060606060606061,0.06060606060606061,0.030303030303030304,0.030303030303030304,0.12121212121212122,0.21212121212121213,0.12121212121212122,0.09090909090909091,0.7648575757575758,0.09216363636363636,0.027309090909090908,0.04410909090909091,0.07158484848484847,0.028266666666666666,0.7516363636363635,0.2200878787878788,0.19182121212121211,33.0
2024-11-11,147.3800048828125,148.57000732421875,144.91000366210938,147.35000610351562,147.35000610351562,29868100.0,,,AMD,-0.0040553623325619,0.023255813953488372,0.32558139534883723,0.0,0.046511627906976744,0.046511627906976744,0.023255813953488372,0.023255813953488372,0.18604651162790697,0.5348837209302325,0.09302325581395349,0.4418604651162791,0.7961279069767442,0.06545348837209303,0.03683953488372093,0.03225813953488372,0.06929767441860465,0.05748837209302326,0.8203976744186046,0.12211395348837209,0.06462558139534882,43.0,0.0,0.29411764705882354,0.0,0.0,0.17647058823529413,0.11764705882352941,0.11764705882352941,0.23529411764705882,0.5294117647058824,0.11764705882352941,0.4117647058823529,0.7491941176470588,0.08887058823529412,0.07289411764705883,0.03205294117647059,0.05699411764705882,0.1985235294117647,0.6975882352941176,0.10389411764705882,-0.09462941176470586,17.0
2024-11-12,147.0,147.4499969482422,141.5500030517578,143.6300048828125,143.6300048828125,33560300.0,,,AMD,-0.0252460201331092,0.07142857142857142,0.21428571428571427,0.0,0.14285714285714285,0.07142857142857142,0.0,0.21428571428571427,0.21428571428571427,0.2857142857142857,0.07142857142857142,0.21428571428571427,0.7714857142857143,0.11526428571428572,0.04304285714285715,0.03069285714285714,0.039521428571428575,0.07889285714285714,0.6897357142857142,0.23136428571428572,0.1524714285714286,14.0,0.023255813953488372,0.32558139534883723,0.0,0.046511627906976744,0.046511627906976744,0.023255813953488372,0.023255813953488372,0.18604651162790697,0.5348837209302325,0.09302325581395349,0.4418604651162791,0.7961279069767442,0.06545348837209303,0.03683953488372093,0.03225813953488372,0.06929767441860465,0.05748837209302326,0.8203976744186046,0.12211395348837209,0.06462558139534882,43.0
2024-11-13,142.86000061035156,144.49000549316406,139.07000732421875,139.3000030517578,139.3000030517578,35146600.0,,,AMD,-0.0301469169661835,0.125,0.25,0.0,0.0625,0.125,0.125,0.125,0.25,0.5,0.125,0.375,0.75094375,0.08099375,0.02561875,0.08635625,0.05608125,0.279725,0.54355,0.17673125,-0.10299375,16.0,0.07142857142857142,0.21428571428571427,0.0,0.14285714285714285,0.07142857142857142,0.0,0.21428571428571427,0.21428571428571427,0.2857142857142857,0.07142857142857142,0.21428571428571427,0.7714857142857143,0.11526428571428572,0.04304285714285715,0.03069285714285714,0.039521428571428575,0.07889285714285714,0.6897357142857142,0.23136428571428572,0.1524714285714286,14.0
2024-11-14,140.33999633789062,141.39999389648438,138.55999755859375,138.83999633789062,138.83999633789062,31681400.0,,,AMD,-0.0033022735376126,0.25,0.25,0.08333333333333333,0.08333333333333333,0.08333333333333333,0.25,0.08333333333333333,0.25,0.4166666666666667,0.3333333333333333,0.08333333333333333,0.7904249999999999,0.13420833333333335,0.021875000000000002,0.021125,0.032325,0.16369166666666665,0.6412916666666667,0.19499999999999998,0.031308333333333334,12.0,0.125,0.25,0.0,0.0625,0.125,0.125,0.125,0.25,0.5,0.125,0.375,0.75094375,0.08099375,0.02561875,0.08635625,0.05608125,0.279725,0.54355,0.17673125,-0.10299375,16.0
2024-11-15,136.57000732421875,137.35000610351562,133.64999389648438,134.89999389648438,134.89999389648438,44217500.0,,,AMD,-0.0283780073849727,0.09090909090909091,0.36363636363636365,0.0,0.18181818181818182,0.0,0.09090909090909091,0.0,0.18181818181818182,0.18181818181818182,0.2727272727272727,-0.09090909090909091,0.8436272727272727,0.04603636363636363,0.027863636363636365,0.033018181818181815,0.04946363636363637,0.15261818181818182,0.7937363636363636,0.05365454545454546,-0.09896363636363636,11.0,0.25,0.25,0.08333333333333333,0.08333333333333333,0.08333333333333333,0.25,0.08333333333333333,0.25,0.4166666666666667,0.3333333333333333,0.08333333333333333,0.7904249999999999,0.13420833333333335,0.021875000000000002,0.021125,0.032325,0.16369166666666665,0.6412916666666667,0.19499999999999998,0.031308333333333334,12.0
2024-11-18,138.19000244140625,140.89999389648438,137.2100067138672,138.92999267578125,138.92999267578125,38705400.0,,,AMD,0.0298739730291559,0.047619047619047616,0.19047619047619047,0.023809523809523808,0.09523809523809523,0.19047619047619047,0.07142857142857142,0.11904761904761904,0.2857142857142857,0.4523809523809524,0.09523809523809523,0.35714285714285715,0.7025333333333333,0.0979952380952381,0.04678809523809524,0.06349047619047618,0.0892047619047619,0.08756190476190476,0.7386309523809524,0.17381190476190475,0.08625000000000001,42.0,0.09090909090909091,0.36363636363636365,0.0,0.18181818181818182,0.0,0.09090909090909091,0.0,0.18181818181818182,0.18181818181818182,0.2727272727272727,-0.09090909090909091,0.8436272727272727,0.04603636363636363,0.027863636363636365,0.033018181818181815,0.04946363636363637,0.15261818181818182,0.7937363636363636,0.05365454545454546,-0.09896363636363636,11.0
2024-11-19,137.41000366210938,139.75,137.13999938964844,139.38999938964844,139.38999938964844,23131400.0,,,AMD,0.0033110684381931,0.0,0.3076923076923077,0.0,0.0,0.15384615384615385,0.0,0.0,0.3076923076923077,0.38461538461538464,0.0,0.38461538461538464,0.7043923076923077,0.07233846153846155,0.030976923076923076,0.05592307692307692,0.13636923076923077,0.01822307692307692,0.8483769230769231,0.1334,0.11517692307692308,13.0,0.047619047619047616,0.19047619047619047,0.023809523809523808,0.09523809523809523,0.19047619047619047,0.07142857142857142,0.11904761904761904,0.2857142857142857,0.4523809523809524,0.09523809523809523,0.35714285714285715,0.7025333333333333,0.0979952380952381,0.04678809523809524,0.06349047619047618,0.0892047619047619,0.08756190476190476,0.7386309523809524,0.17381190476190475,0.08625000000000001,42.0
2024-11-20,138.9600067138672,140.77000427246094,135.47999572753906,137.60000610351562,137.60000610351562,28843100.0,,,AMD,-0.012841619154679,0.0,0.07692307692307693,0.0,0.07692307692307693,0.0,0.07692307692307693,0.0,0.15384615384615385,0.5384615384615384,0.15384615384615385,0.38461538461538464,0.7282461538461539,0.0917076923076923,0.031823076923076926,0.06336923076923077,0.08484615384615385,0.02506923076923077,0.7259384615384616,0.2490153846153846,0.22394615384615385,13.0,0.0,0.3076923076923077,0.0,0.0,0.15384615384615385,0.0,0.0,0.3076923076923077,0.38461538461538464,0.0,0.38461538461538464,0.7043923076923077,0.07233846153846155,0.030976923076923076,0.05592307692307692,0.13636923076923077,0.01822307692307692,0.8483769230769231,0.1334,0.11517692307692308,13.0
2024-11-21,138.8699951171875,140.27999877929688,134.92999267578125,137.49000549316406,137.49000549316406,29311400.0,,,AMD,-0.0007994230048856,0.1,0.2,0.0,0.0,0.0,0.0,0.1,0.2,0.3,0.0,0.3,0.80148,0.04176,0.02341,0.07637999999999999,0.056979999999999996,0.11483000000000002,0.78542,0.09974000000000001,-0.015090000000000006,10.0,0.0,0.07692307692307693,0.0,0.07692307692307693,0.0,0.07692307692307693,0.0,0.15384615384615385,0.5384615384615384,0.15384615384615385,0.38461538461538464,0.7282461538461539,0.0917076923076923,0.031823076923076926,0.06336923076923077,0.08484615384615385,0.02506923076923077,0.7259384615384616,0.2490153846153846,0.22394615384615385,13.0
2024-11-22,137.35000610351562,139.1300048828125,137.0399932861328,138.35000610351562,138.35000610351562,21784700.0,,,AMD,0.0062550045529987,0.0,0.13333333333333333,0.0,0.2,0.06666666666666667,0.2,0.0,0.2,0.26666666666666666,0.26666666666666666,0.0,0.77676,0.06752,0.025673333333333333,0.030806666666666666,0.09923333333333333,0.08816666666666667,0.7676866666666666,0.14415333333333333,0.05598666666666667,15.0,0.1,0.2,0.0,0.0,0.0,0.0,0.1,0.2,0.3,0.0,0.3,0.80148,0.04176,0.02341,0.07637999999999999,0.056979999999999996,0.11483000000000002,0.78542,0.09974000000000001,-0.015090000000000006,10.0
2024-11-25,140.49000549316406,142.35000610351562,139.0500030517578,141.1300048828125,141.1300048828125,30923100.0,,,AMD,0.0200939548728089,0.029411764705882353,0.14705882352941177,0.0,0.029411764705882353,0.11764705882352941,0.029411764705882353,0.0,0.11764705882352941,0.47058823529411764,0.08823529411764706,0.38235294117647056,0.81635,0.05113529411764706,0.037229411764705886,0.04486470588235294,0.050426470588235295,0.09953235294117647,0.6728999999999999,0.2275735294117647,0.12804117647058824,34.0,0.0,0.13333333333333333,0.0,0.2,0.06666666666666667,0.2,0.0,0.2,0.26666666666666666,0.26666666666666666,0.0,0.77676,0.06752,0.025673333333333333,0.030806666666666666,0.09923333333333333,0.08816666666666667,0.7676866666666666,0.14415333333333333,0.05598666666666667,15.0
2024-11-26,142.5500030517578,142.8000030517578,136.6199951171875,137.72000122070312,137.72000122070312,32092400.0,,,AMD,-0.0241621451436984,0.2,0.4,0.0,0.1,0.1,0.1,0.1,0.4,0.4,0.3,0.1,0.63347,0.17981,0.06548000000000001,0.06393,0.057289999999999994,0.13022,0.77803,0.09173,-0.03849,10.0,0.029411764705882353,0.14705882352941177,0.0,0.029411764705882353,0.11764705882352941,0.029411764705882353,0.0,0.11764705882352941,0.47058823529411764,0.08823529411764706,0.38235294117647056,0.81635,0.05113529411764706,0.037229411764705886,0.04486470588235294,0.050426470588235295,0.09953235294117647,0.6728999999999999,0.2275735294117647,0.12804117647058824,34.0
2024-11-27,137.1999969482422,137.94000244140625,132.9600067138672,136.24000549316406,136.24000549316406,30175300.0,,,AMD,-0.0107464109382869,0.0,0.0,0.0,0.0,0.0,0.0,0.0,0.2,0.4,0.0,0.4,0.8536199999999999,0.0405,0.01992,0.03628,0.04968,0.01874,0.82412,0.15711999999999998,0.13838,5.0,0.2,0.4,0.0,0.1,0.1,0.1,0.1,0.4,0.4,0.3,0.1,0.63347,0.17981,0.06548000000000001,0.06393,0.057289999999999994,0.13022,0.77803,0.09173,-0.03849,10.0
2024-11-29,136.24000549316406,138.58999633789062,135.77999877929688,137.17999267578125,137.17999267578125,16085700.0,,,AMD,0.0068994946030322,0.06666666666666667,0.06666666666666667,0.0,0.13333333333333333,0.0,0.13333333333333333,0.0,0.2,0.2,0.13333333333333333,0.06666666666666667,0.7131733333333333,0.13637333333333335,0.07607333333333334,0.024220000000000002,0.05014666666666667,0.23362666666666668,0.5940533333333333,0.17229999999999998,-0.06132666666666666,15.0,0.0,0.0,0.0,0.0,0.0,0.0,0.0,0.2,0.4,0.0,0.4,0.8536199999999999,0.0405,0.01992,0.03628,0.04968,0.01874,0.82412,0.15711999999999998,0.13838,5.0
2024-12-02,137.9199981689453,142.82000732421875,137.8000030517578,142.05999755859375,142.05999755859375,33102400.0,,,AMD,0.0355737362834402,0.06666666666666667,0.17777777777777778,0.06666666666666667,0.08888888888888889,0.2222222222222222,0.08888888888888889,0.13333333333333333,0.3111111111111111,0.4444444444444444,0.15555555555555556,0.28888888888888886,0.6767555555555556,0.15678666666666666,0.04126,0.04115111111111111,0.08404666666666666,0.08855333333333333,0.7460511111111111,0.16539555555555555,0.07684222222222223,45.0,0.06666666666666667,0.06666666666666667,0.0,0.13333333333333333,0.0,0.13333333333333333,0.0,0.2,0.2,0.13333333333333333,0.06666666666666667,0.7131733333333333,0.13637333333333335,0.07607333333333334,0.024220000000000002,0.05014666666666667,0.23362666666666668,0.5940533333333333,0.17229999999999998,-0.06132666666666666,15.0
2024-12-03,142.5800018310547,143.4499969482422,141.0800018310547,141.97999572753906,141.97999572753906,22665300.0,,,AMD,-0.0005631552332083,0.0,0.16666666666666666,0.0,0.0,0.1111111111111111,0.0,0.05555555555555555,0.16666666666666666,0.3333333333333333,0.0,0.3333333333333333,0.6622111111111111,0.21462222222222221,0.027327777777777777,0.03083888888888889,0.06497222222222222,0.07760555555555555,0.7715555555555556,0.1508722222222222,0.07326666666666666,18.0,0.06666666666666667,0.17777777777777778,0.06666666666666667,0.08888888888888889,0.2222222222222222,0.08888888888888889,0.13333333333333333,0.3111111111111111,0.4444444444444444,0.15555555555555556,0.28888888888888886,0.6767555555555556,0.15678666666666666,0.04126,0.04115111111111111,0.08404666666666666,0.08855333333333333,0.7460511111111111,0.16539555555555555,0.07684222222222223,45.0
2024-12-04,142.9600067138672,144.1199951171875,141.17999267578125,143.99000549316406,143.99000549316406,25942700.0,,,AMD,0.0141569927180602,0.0,0.2,0.1,0.1,0.0,0.0,0.0,0.4,0.4,0.1,0.3,0.7889700000000001,0.12342,0.03016,0.0269,0.03054,0.19918,0.75865,0.04217,-0.15701,10.0,0.0,0.16666666666666666,0.0,0.0,0.1111111111111111,0.0,0.05555555555555555,0.16666666666666666,0.3333333333333333,0.0,0.3333333333333333,0.6622111111111111,0.21462222222222221,0.027327777777777777,0.03083888888888889,0.06497222222222222,0.07760555555555555,0.7715555555555556,0.1508722222222222,0.07326666666666666,18.0
2024-12-05,143.67999267578125,143.9499969482422,140.3800048828125,141.36000061035156,141.36000061035156,29576900.0,,,AMD,-0.0182651905165553,0.11764705882352941,0.4117647058823529,0.0,0.17647058823529413,0.0,0.058823529411764705,0.0,0.058823529411764705,0.058823529411764705,0.11764705882352941,-0.058823529411764705,0.8055058823529412,0.10660588235294118,0.018005882352941177,0.03842941176470588,0.03148823529411765,0.06797647058823529,0.8682176470588235,0.0638,-0.0041764705882352945,17.0,0.0,0.2,0.1,0.1,0.0,0.0,0.0,0.4,0.4,0.1,0.3,0.7889700000000001,0.12342,0.03016,0.0269,0.03054,0.19918,0.75865,0.04217,-0.15701,10.0
2024-12-06,141.47999572753906,142.7899932861328,137.39999389648438,138.58999633789062,138.58999633789062,33576800.0,,,AMD,-0.0195953895055238,0.0,0.14285714285714285,0.0,0.0,0.14285714285714285,0.0,0.07142857142857142,0.35714285714285715,0.5,0.0,0.5,0.6099857142857142,0.29327857142857144,0.02272142857142857,0.02595,0.048049999999999995,0.04474285714285714,0.8348642857142857,0.12039285714285715,0.07565,14.0,0.11764705882352941,0.4117647058823529,0.0,0.17647058823529413,0.0,0.058823529411764705,0.0,0.058823529411764705,0.058823529411764705,0.11764705882352941,-0.058823529411764705,0.8055058823529412,0.10660588235294118,0.018005882352941177,0.03842941176470588,0.03148823529411765,0.06797647058823529,0.8682176470588235,0.0638,-0.0041764705882352945,17.0
2024-12-09,135.7100067138672,135.77000427246094,130.0,130.8699951171875,130.8699951171875,57055600.0,,,AMD,-0.0557038850183768,0.0,0.037037037037037035,0.0,0.0,0.0,0.07407407407407407,0.037037037037037035,0.14814814814814814,0.25925925925925924,0.1111111111111111,0.14814814814814814,0.7259962962962964,0.1172925925925926,0.0379962962962963,0.027374074074074075,0.09132592592592592,0.17225185185185185,0.7407851851851852,0.08699259259259258,-0.08525925925925926,27.0,0.0,0.14285714285714285,0.0,0.0,0.14285714285714285,0.0,0.07142857142857142,0.35714285714285715,0.5,0.0,0.5,0.6099857142857142,0.29327857142857144,0.02272142857142857,0.02595,0.048049999999999995,0.04474285714285714,0.8348642857142857,0.12039285714285715,0.07565,14.0
2024-12-10,131.55999755859375,131.55999755859375,127.06999969482422,127.73999786376952,127.73999786376952,38907200.0,,,AMD,-0.0239168439688197,0.2222222222222222,0.0,0.0,0.2222222222222222,0.0,0.1111111111111111,0.0,0.1111111111111111,0.1111111111111111,0.2222222222222222,-0.1111111111111111,0.6800111111111111,0.09344444444444444,0.024155555555555555,0.11881111111111113,0.08362222222222221,0.10966666666666666,0.8239888888888889,0.06635555555555556,-0.043311111111111106,9.0,0.0,0.037037037037037035,0.0,0.0,0.0,0.07407407407407407,0.037037037037037035,0.14814814814814814,0.25925925925925924,0.1111111111111111,0.14814814814814814,0.7259962962962964,0.1172925925925926,0.0379962962962963,0.027374074074074075,0.09132592592592592,0.17225185185185185,0.7407851851851852,0.08699259259259258,-0.08525925925925926,27.0
2024-12-11,128.52000427246094,131.2100067138672,126.22000122070312,130.14999389648438,130.14999389648438,45588100.0,,,AMD,0.0188664167294339,0.05263157894736842,0.15789473684210525,0.0,0.05263157894736842,0.0,0.0,0.0,0.21052631578947367,0.21052631578947367,0.10526315789473684,0.10526315789473684,0.7529052631578947,0.07063684210526315,0.02553157894736842,0.0694,0.08155789473684211,0.02611578947368421,0.8305789473684211,0.1433,0.1171842105263158,19.0,0.2222222222222222,0.0,0.0,0.2222222222222222,0.0,0.1111111111111111,0.0,0.1111111111111111,0.1111111111111111,0.2222222222222222,-0.1111111111111111,0.6800111111111111,0.09344444444444444,0.024155555555555555,0.11881111111111113,0.08362222222222221,0.10966666666666666,0.8239888888888889,0.06635555555555556,-0.043311111111111106,9.0
2024-12-12,130.0,132.32000732421875,129.07000732421875,130.60000610351562,130.60000610351562,34267100.0,,,AMD,0.0034576429361123,0.09090909090909091,0.0,0.09090909090909091,0.09090909090909091,0.0,0.18181818181818182,0.0,0.0,0.6363636363636364,0.18181818181818182,0.45454545454545453,0.7139545454545455,0.13728181818181817,0.025736363636363637,0.036654545454545454,0.08635454545454545,0.11856363636363637,0.7121,0.16935454545454545,0.05079090909090909,11.0,0.05263157894736842,0.15789473684210525,0.0,0.05263157894736842,0.0,0.0,0.0,0.21052631578947367,0.21052631578947367,0.10526315789473684,0.10526315789473684,0.7529052631578947,0.07063684210526315,0.02553157894736842,0.0694,0.08155789473684211,0.02611578947368421,0.8305789473684211,0.1433,0.1171842105263158,19.0
2024-12-13,131.3000030517578,131.3000030517578,124.7699966430664,126.91000366210938,126.91000366210938,67544700.0,,,AMD,-0.0282542287056364,0.26666666666666666,0.3333333333333333,0.13333333333333333,0.4,0.06666666666666667,0.4666666666666667,0.06666666666666667,0.8,0.4,0.7333333333333333,-0.3333333333333333,0.7170733333333333,0.17448666666666668,0.05996666666666666,0.024073333333333335,0.02438,0.3135066666666667,0.65338,0.033106666666666666,-0.28040000000000004,15.0,0.09090909090909091,0.0,0.09090909090909091,0.09090909090909091,0.0,0.18181818181818182,0.0,0.0,0.6363636363636364,0.18181818181818182,0.45454545454545453,0.7139545454545455,0.13728181818181817,0.025736363636363637,0.036654545454545454,0.08635454545454545,0.11856363636363637,0.7121,0.16935454545454545,0.05079090909090909,11.0
2024-12-16,126.01000213623048,127.76000213623048,123.12000274658205,126.69000244140624,126.69000244140624,42090300.0,,,AMD,-0.0017335215062233,0.10526315789473684,0.3333333333333333,0.10526315789473684,0.14035087719298245,0.14035087719298245,0.19298245614035087,0.14035087719298245,0.42105263157894735,0.6491228070175439,0.3333333333333333,0.3157894736842105,0.4255456140350877,0.32582280701754385,0.06737543859649123,0.05240526315789473,0.12886140350877193,0.1822842105263158,0.6153631578947368,0.20236491228070178,0.020080701754385963,57.0,0.26666666666666666,0.3333333333333333,0.13333333333333333,0.4,0.06666666666666667,0.4666666666666667,0.06666666666666667,0.8,0.4,0.7333333333333333,-0.3333333333333333,0.7170733333333333,0.17448666666666668,0.05996666666666666,0.024073333333333335,0.02438,0.3135066666666667,0.65338,0.033106666666666666,-0.28040000000000004,15.0
2024-12-17,124.4499969482422,127.08000183105467,123.1500015258789,125.0199966430664,125.0199966430664,43314900.0,,,AMD,-0.0131818278171729,0.0,0.07142857142857142,0.07142857142857142,0.0,0.0,0.0,0.0,0.0,0.35714285714285715,0.14285714285714285,0.21428571428571427,0.7039428571428571,0.12522142857142857,0.022742857142857145,0.06400714285714286,0.08408571428571429,0.10183571428571428,0.7751,0.12305714285714285,0.021221428571428582,14.0,0.10526315789473684,0.3333333333333333,0.10526315789473684,0.14035087719298245,0.14035087719298245,0.19298245614035087,0.14035087719298245,0.42105263157894735,0.6491228070175439,0.3333333333333333,0.3157894736842105,0.4255456140350877,0.32582280701754385,0.06737543859649123,0.05240526315789473,0.12886140350877193,0.1822842105263158,0.6153631578947368,0.20236491228070178,0.020080701754385963,57.0
2024-12-18,125.43000030517578,127.75,120.43000030517578,121.41000366210938,121.41000366210938,49724400.0,,,AMD,-0.0288753245711852,0.1,0.0,0.0,0.1,0.0,0.2,0.0,0.1,0.4,0.2,0.2,0.7850900000000001,0.055689999999999996,0.02427,0.04611,0.08885,0.11366000000000001,0.77998,0.10639000000000001,-0.007269999999999999,10.0,0.0,0.07142857142857142,0.07142857142857142,0.0,0.0,0.0,0.0,0.0,0.35714285714285715,0.14285714285714285,0.21428571428571427,0.7039428571428571,0.12522142857142857,0.022742857142857145,0.06400714285714286,0.08408571428571429,0.10183571428571428,0.7751,0.12305714285714285,0.021221428571428582,14.0
2024-12-19,122.16000366210938,123.37999725341795,118.4499969482422,118.87999725341795,118.87999725341795,46160700.0,,,AMD,-0.0208385333364503,0.0,0.1111111111111111,0.0,0.0,0.1111111111111111,0.1111111111111111,0.0,0.1111111111111111,0.2222222222222222,0.0,0.2222222222222222,0.8025111111111111,0.06676666666666667,0.03563333333333333,0.037099999999999994,0.05796666666666666,0.33142222222222223,0.5493666666666667,0.1192,-0.2122222222222222,9.0,0.1,0.0,0.0,0.1,0.0,0.2,0.0,0.1,0.4,0.2,0.2,0.7850900000000001,0.055689999999999996,0.02427,0.04611,0.08885,0.11366000000000001,0.77998,0.10639000000000001,-0.007269999999999999,10.0
2024-12-20,118.0,121.86000061035156,117.9000015258789,119.20999908447266,119.20999908447266,53591200.0,,,AMD,0.0027759239458193,0.0,0.25,0.0,0.125,0.125,0.125,0.125,0.125,0.25,0.125,0.125,0.8346,0.07485,0.025575,0.029275000000000002,0.0357,0.1260625,0.7820625,0.0918875,-0.034175,8.0,0.0,0.1111111111111111,0.0,0.0,0.1111111111111111,0.1111111111111111,0.0,0.1111111111111111,0.2222222222222222,0.0,0.2222222222222222,0.8025111111111111,0.06676666666666667,0.03563333333333333,0.037099999999999994,0.05796666666666666,0.33142222222222223,0.5493666666666667,0.1192,-0.2122222222222222,9.0
2024-12-23,120.70999908447266,126.33999633789062,120.47000122070312,124.5999984741211,124.5999984741211,47777900.0,,,AMD,0.0452143228843502,0.07894736842105263,0.18421052631578946,0.0,0.18421052631578946,0.05263157894736842,0.15789473684210525,0.13157894736842105,0.21052631578947367,0.3157894736842105,0.2631578947368421,0.05263157894736842,0.7274052631578948,0.14290526315789473,0.04540526315789474,0.044228947368421055,0.04004736842105263,0.13332631578947368,0.7178631578947369,0.14882105263157894,0.015494736842105263,38.0,0.0,0.25,0.0,0.125,0.125,0.125,0.125,0.125,0.25,0.125,0.125,0.8346,0.07485,0.025575,0.029275000000000002,0.0357,0.1260625,0.7820625,0.0918875,-0.034175,8.0
2024-12-24,127.51000213623048,127.51000213623048,124.66000366210938,126.29000091552734,126.29000091552734,24829600.0,,,AMD,0.0135634226492968,0.0,0.08333333333333333,0.0,0.16666666666666666,0.0,0.0,0.0,0.3333333333333333,0.3333333333333333,0.25,0.08333333333333333,0.8749250000000001,0.04673333333333333,0.017808333333333332,0.028058333333333334,0.032475,0.12460833333333333,0.6910083333333333,0.18437499999999998,0.05976666666666667,12.0,0.07894736842105263,0.18421052631578946,0.0,0.18421052631578946,0.05263157894736842,0.15789473684210525,0.13157894736842105,0.21052631578947367,0.3157894736842105,0.2631578947368421,0.05263157894736842,0.7274052631578948,0.14290526315789473,0.04540526315789474,0.044228947368421055,0.04004736842105263,0.13332631578947368,0.7178631578947369,0.14882105263157894,0.015494736842105263,38.0
2024-12-26,125.5199966430664,127.3000030517578,125.0500030517578,125.05999755859376,125.05999755859376,24998200.0,,,AMD,-0.0097395149894432,0.0,0.42857142857142855,0.047619047619047616,0.0,0.047619047619047616,0.0,0.047619047619047616,0.14285714285714285,0.38095238095238093,0.09523809523809523,0.2857142857142857,0.7781380952380953,0.07000952380952381,0.022257142857142857,0.036533333333333334,0.09308095238095238,0.10368095238095237,0.6662,0.23011904761904764,0.12643809523809524,21.0,0.0,0.08333333333333333,0.0,0.16666666666666666,0.0,0.0,0.0,0.3333333333333333,0.3333333333333333,0.25,0.08333333333333333,0.8749250000000001,0.04673333333333333,0.017808333333333332,0.028058333333333334,0.032475,0.12460833333333333,0.6910083333333333,0.18437499999999998,0.05976666666666667,12.0
2024-12-27,124.37000274658205,126.18000030517578,122.26000213623048,125.19000244140624,125.19000244140624,32924000.0,,,AMD,0.0010395401035536,0.0,0.125,0.0,0.25,0.125,0.125,0.0,0.25,0.375,0.0,0.375,0.8137875,0.1068625,0.02645,0.0256375,0.0272625,0.0358,0.8018625,0.1623375,0.1265375,8.0,0.0,0.42857142857142855,0.047619047619047616,0.0,0.047619047619047616,0.0,0.047619047619047616,0.14285714285714285,0.38095238095238093,0.09523809523809523,0.2857142857142857,0.7781380952380953,0.07000952380952381,0.022257142857142857,0.036533333333333334,0.09308095238095238,0.10368095238095237,0.6662,0.23011904761904764,0.12643809523809524,21.0
2024-12-30,123.55999755859376,124.0999984741211,122.3499984741211,122.44000244140624,122.44000244140624,30501600.0,,,AMD,-0.0219666103232732,0.0,0.1111111111111111,0.027777777777777776,0.027777777777777776,0.027777777777777776,0.027777777777777776,0.0,0.2222222222222222,0.3611111111111111,0.1111111111111111,0.25,0.7105305555555556,0.13655833333333334,0.04053888888888889,0.051119444444444447,0.06125833333333334,0.09739166666666667,0.7623,0.14029999999999998,0.04290833333333333,36.0,0.0,0.125,0.0,0.25,0.125,0.125,0.0,0.25,0.375,0.0,0.375,0.8137875,0.1068625,0.02645,0.0256375,0.0272625,0.0358,0.8018625,0.1623375,0.1265375,8.0
2024-12-31,123.0999984741211,123.5500030517578,120.13999938964844,120.79000091552734,120.79000091552734,30203400.0,,,AMD,-0.0134760004326894,0.0,0.0,0.0,0.0,0.0,0.0,0.0,0.0,0.8333333333333334,0.0,0.8333333333333334,0.9089666666666667,0.02726666666666667,0.0166,0.020116666666666668,0.027066666666666666,0.018683333333333333,0.641,0.34031666666666666,0.3216333333333333,6.0,0.0,0.1111111111111111,0.027777777777777776,0.027777777777777776,0.027777777777777776,0.027777777777777776,0.0,0.2222222222222222,0.3611111111111111,0.1111111111111111,0.25,0.7105305555555556,0.13655833333333334,0.04053888888888889,0.051119444444444447,0.06125833333333334,0.09739166666666667,0.7623,0.14029999999999998,0.04290833333333333,36.0
2025-01-02,122.29000091552734,123.13999938964844,119.44000244140624,120.62999725341795,120.62999725341795,34256200.0,,,AMD,-0.001324643272594,0.08695652173913043,0.2608695652173913,0.043478260869565216,0.13043478260869565,0.13043478260869565,0.17391304347826086,0.08695652173913043,0.2608695652173913,0.6956521739130435,0.21739130434782608,0.4782608695652174,0.6714782608695652,0.13020434782608695,0.026360869565217392,0.060334782608695646,0.11164347826086957,0.16340434782608695,0.610691304347826,0.2258913043478261,0.06248695652173912,23.0,0.0,0.0,0.0,0.0,0.0,0.0,0.0,0.0,0.8333333333333334,0.0,0.8333333333333334,0.9089666666666667,0.02726666666666667,0.0166,0.020116666666666668,0.027066666666666666,0.018683333333333333,0.641,0.34031666666666666,0.3216333333333333,6.0
2025-01-03,121.6500015258789,125.55999755859376,121.41999816894533,125.37000274658205,125.37000274658205,36785300.0,,,AMD,0.03929375446479,0.21428571428571427,0.35714285714285715,0.14285714285714285,0.21428571428571427,0.0,0.21428571428571427,0.07142857142857142,0.35714285714285715,0.35714285714285715,0.2857142857142857,0.07142857142857142,0.7609214285714286,0.11874285714285714,0.029764285714285715,0.03293571428571428,0.057621428571428567,0.11252142857142856,0.6575071428571428,0.22997857142857142,0.11745714285714286,14.0,0.08695652173913043,0.2608695652173913,0.043478260869565216,0.13043478260869565,0.13043478260869565,0.17391304347826086,0.08695652173913043,0.2608695652173913,0.6956521739130435,0.21739130434782608,0.4782608695652174,0.6714782608695652,0.13020434782608695,0.026360869565217392,0.060334782608695646,0.11164347826086957,0.16340434782608695,0.610691304347826,0.2258913043478261,0.06248695652173912,23.0
2025-01-06,129.07000732421875,130.72999572753906,127.36000061035156,129.5500030517578,129.5500030517578,48020200.0,,,AMD,0.0333413114269851,0.0891089108910891,0.27722772277227725,0.06930693069306931,0.2376237623762376,0.07920792079207921,0.13861386138613863,0.019801980198019802,0.3564356435643564,0.504950495049505,0.3564356435643564,0.1485148514851485,0.7288752475247524,0.12624455445544555,0.03207722772277228,0.04277722772277228,0.07002178217821782,0.09268811881188119,0.7722425742574257,0.13506930693069305,0.042381188118811884,101.0,0.21428571428571427,0.35714285714285715,0.14285714285714285,0.21428571428571427,0.0,0.21428571428571427,0.07142857142857142,0.35714285714285715,0.35714285714285715,0.2857142857142857,0.07142857142857142,0.7609214285714286,0.11874285714285714,0.029764285714285715,0.03293571428571428,0.057621428571428567,0.11252142857142856,0.6575071428571428,0.22997857142857142,0.11745714285714286,14.0
2025-01-07,130.50999450683594,131.7100067138672,126.8499984741211,127.33000183105467,127.33000183105467,39220400.0,,,AMD,-0.017136249852624,0.0,0.20833333333333334,0.0,0.08333333333333333,0.041666666666666664,0.0,0.041666666666666664,0.2916666666666667,0.3333333333333333,0.08333333333333333,0.25,0.76435,0.0959875,0.0420875,0.03594583333333334,0.06159583333333333,0.06024583333333333,0.7878416666666667,0.15191666666666667,0.09167083333333333,24.0,0.0891089108910891,0.27722772277227725,0.06930693069306931,0.2376237623762376,0.07920792079207921,0.13861386138613863,0.019801980198019802,0.3564356435643564,0.504950495049505,0.3564356435643564,0.1485148514851485,0.7288752475247524,0.12624455445544555,0.03207722772277228,0.04277722772277228,0.07002178217821782,0.09268811881188119,0.7722425742574257,0.13506930693069305,0.042381188118811884,101.0
2025-01-08,124.51000213623048,125.3000030517578,120.12000274658205,121.83999633789062,121.83999633789062,46723100.0,,,AMD,-0.0431163544664702,0.14285714285714285,0.23809523809523808,0.0,0.23809523809523808,0.09523809523809523,0.09523809523809523,0.0,0.14285714285714285,0.19047619047619047,0.3333333333333333,-0.14285714285714285,0.8044333333333333,0.1071,0.024966666666666665,0.025342857142857143,0.03818571428571428,0.11810952380952382,0.6823333333333333,0.1995428571428571,0.08143333333333333,21.0,0.0,0.20833333333333334,0.0,0.08333333333333333,0.041666666666666664,0.0,0.041666666666666664,0.2916666666666667,0.3333333333333333,0.08333333333333333,0.25,0.76435,0.0959875,0.0420875,0.03594583333333334,0.06159583333333333,0.06024583333333333,0.7878416666666667,0.15191666666666667,0.09167083333333333,24.0
2025-01-10,118.18000030517578,118.70999908447266,114.4499969482422,116.04000091552734,116.04000091552734,59415600.0,,,AMD,-0.0476033781737693,0.045454545454545456,0.13636363636363635,0.022727272727272728,0.045454545454545456,0.0,0.09090909090909091,0.022727272727272728,0.22727272727272727,0.18181818181818182,0.20454545454545456,-0.022727272727272728,0.7267068181818183,0.08619772727272727,0.02909090909090909,0.05475454545454546,0.10325454545454545,0.09331590909090909,0.6474545454545454,0.25924090909090913,0.165925,44.0,0.14285714285714285,0.23809523809523808,0.0,0.23809523809523808,0.09523809523809523,0.09523809523809523,0.0,0.14285714285714285,0.19047619047619047,0.3333333333333333,-0.14285714285714285,0.8044333333333333,0.1071,0.024966666666666665,0.025342857142857143,0.03818571428571428,0.11810952380952382,0.6823333333333333,0.1995428571428571,0.08143333333333333,21.0
2025-01-13,115.27999877929688,117.4800033569336,114.41000366210938,117.31999969482422,117.31999969482422,39128900.0,,,AMD,0.011030668469476,0.08823529411764706,0.20588235294117646,0.058823529411764705,0.08823529411764706,0.058823529411764705,0.11764705882352941,0.029411764705882353,0.17647058823529413,0.2647058823529412,0.20588235294117646,0.058823529411764705,0.7207529411764706,0.1280764705882353,0.04469411764705883,0.0424,0.06407352941176471,0.13117941176470588,0.7242117647058823,0.14461764705882352,0.01343823529411765,34.0,0.045454545454545456,0.13636363636363635,0.022727272727272728,0.045454545454545456,0.0,0.09090909090909091,0.022727272727272728,0.22727272727272727,0.18181818181818182,0.20454545454545456,-0.022727272727272728,0.7267068181818183,0.08619772727272727,0.02909090909090909,0.05475454545454546,0.10325454545454545,0.09331590909090909,0.6474545454545454,0.25924090909090913,0.165925,44.0
2025-01-14,118.0,118.66000366210938,114.5,116.08999633789062,116.08999633789062,37005300.0,,,AMD,-0.0104841745664261,0.1111111111111111,0.2222222222222222,0.1111111111111111,0.1111111111111111,0.2222222222222222,0.0,0.3333333333333333,0.3333333333333333,0.4444444444444444,0.1111111111111111,0.3333333333333333,0.5150111111111112,0.2667333333333333,0.034244444444444445,0.029077777777777775,0.1549111111111111,0.3266777777777778,0.5941888888888889,0.0791111111111111,-0.24756666666666666,9.0,0.08823529411764706,0.20588235294117646,0.058823529411764705,0.08823529411764706,0.058823529411764705,0.11764705882352941,0.029411764705882353,0.17647058823529413,0.2647058823529412,0.20588235294117646,0.058823529411764705,0.7207529411764706,0.1280764705882353,0.04469411764705883,0.0424,0.06407352941176471,0.13117941176470588,0.7242117647058823,0.14461764705882352,0.01343823529411765,34.0
2025-01-15,117.5500030517578,120.41999816894533,117.45999908447266,119.95999908447266,119.95999908447266,38185800.0,,,AMD,0.0333362293794723,0.0,0.0,0.0,0.0,0.0,0.125,0.0,0.25,0.125,0.125,0.0,0.7577875000000001,0.0891,0.02245,0.06901249999999999,0.0616375,0.092,0.7227,0.18525,0.09325000000000001,8.0,0.1111111111111111,0.2222222222222222,0.1111111111111111,0.1111111111111111,0.2222222222222222,0.0,0.3333333333333333,0.3333333333333333,0.4444444444444444,0.1111111111111111,0.3333333333333333,0.5150111111111112,0.2667333333333333,0.034244444444444445,0.029077777777777775,0.1549111111111111,0.3266777777777778,0.5941888888888889,0.0791111111111111,-0.24756666666666666,9.0
2025-01-16,120.23999786376952,121.08999633789062,118.25,118.44000244140624,118.44000244140624,29414100.0,,,AMD,-0.0126708624096943,0.11764705882352941,0.17647058823529413,0.0,0.0,0.058823529411764705,0.058823529411764705,0.058823529411764705,0.11764705882352941,0.17647058823529413,0.29411764705882354,-0.11764705882352941,0.8183235294117647,0.09743529411764706,0.02698235294117647,0.022941176470588236,0.03431176470588235,0.13089411764705883,0.8002176470588235,0.06887058823529413,-0.062023529411764707,17.0,0.0,0.0,0.0,0.0,0.0,0.125,0.0,0.25,0.125,0.125,0.0,0.7577875000000001,0.0891,0.02245,0.06901249999999999,0.0616375,0.092,0.7227,0.18525,0.09325000000000001,8.0
2025-01-17,120.77999877929688,122.73999786376952,120.5500030517578,121.45999908447266,121.45999908447266,35765900.0,,,AMD,0.0254981136509218,0.0,0.1875,0.0,0.125,0.09375,0.15625,0.03125,0.625,0.84375,0.25,0.59375,0.857796875,0.050890625,0.02095625,0.032384375,0.03799375,0.079446875,0.723040625,0.1975,0.11805312500000001,32.0,0.11764705882352941,0.17647058823529413,0.0,0.0,0.058823529411764705,0.058823529411764705,0.058823529411764705,0.11764705882352941,0.17647058823529413,0.29411764705882354,-0.11764705882352941,0.8183235294117647,0.09743529411764706,0.02698235294117647,0.022941176470588236,0.03431176470588235,0.13089411764705883,0.8002176470588235,0.06887058823529413,-0.062023529411764707,17.0
2025-01-21,122.38999938964844,123.75,121.12000274658205,122.27999877929688,122.27999877929688,31578800.0,,,AMD,0.0067511913469875,0.058823529411764705,0.25,0.04411764705882353,0.07352941176470588,0.04411764705882353,0.10294117647058823,0.014705882352941176,0.29411764705882354,0.45588235294117646,0.25,0.20588235294117646,0.7236441176470588,0.11764264705882355,0.023310294117647058,0.04919264705882353,0.08621470588235294,0.08825588235294118,0.8000764705882353,0.11166323529411765,0.02340735294117647,68.0,0.0,0.1875,0.0,0.125,0.09375,0.15625,0.03125,0.625,0.84375,0.25,0.59375,0.857796875,0.050890625,0.02095625,0.032384375,0.03799375,0.079446875,0.723040625,0.1975,0.11805312500000001,32.0
2025-01-22,123.08000183105467,125.6500015258789,121.91000366210938,123.75,123.75,35023800.0,,,AMD,0.0120215998967772,0.0,0.5625,0.0,0.0,0.0625,0.0,0.0,0.25,1.125,0.125,1.0,0.7436125,0.1160375,0.07438125,0.02744375,0.0385375,0.04240625,0.81545,0.142125,0.09971875,16.0,0.058823529411764705,0.25,0.04411764705882353,0.07352941176470588,0.04411764705882353,0.10294117647058823,0.014705882352941176,0.29411764705882354,0.45588235294117646,0.25,0.20588235294117646,0.7236441176470588,0.11764264705882355,0.023310294117647058,0.04919264705882353,0.08621470588235294,0.08825588235294118,0.8000764705882353,0.11166323529411765,0.02340735294117647,68.0
2025-01-23,121.43000030517578,123.70999908447266,120.62999725341795,123.04000091552734,123.04000091552734,24921100.0,,,AMD,-0.0057373663391729,0.058823529411764705,0.47058823529411764,0.058823529411764705,0.058823529411764705,0.058823529411764705,0.0,0.058823529411764705,0.11764705882352941,0.8235294117647058,0.058823529411764705,0.7647058823529411,0.7057647058823528,0.18489411764705882,0.02447058823529412,0.0274,0.05748823529411765,0.0714,0.8089882352941177,0.11961764705882354,0.04821764705882353,17.0,0.0,0.5625,0.0,0.0,0.0625,0.0,0.0,0.25,1.125,0.125,1.0,0.7436125,0.1160375,0.07438125,0.02744375,0.0385375,0.04240625,0.81545,0.142125,0.09971875,16.0
2025-01-24,124.5500030517578,125.25,122.2300033569336,122.83999633789062,122.83999633789062,31570300.0,,,AMD,-0.0016255248386581,0.1,0.5,0.2,0.0,0.3,0.1,0.1,0.2,0.4,0.1,0.3,0.60015,0.22712,0.04699,0.03802,0.08771999999999999,0.12576,0.7664,0.10787,-0.01789,10.0,0.058823529411764705,0.47058823529411764,0.058823529411764705,0.058823529411764705,0.058823529411764705,0.0,0.058823529411764705,0.11764705882352941,0.8235294117647058,0.058823529411764705,0.7647058823529411,0.7057647058823528,0.18489411764705882,0.02447058823529412,0.0274,0.05748823529411765,0.0714,0.8089882352941177,0.11961764705882354,0.04821764705882353,17.0
2025-01-27,117.8000030517578,118.08000183105467,112.8000030517578,115.01000213623048,115.01000213623048,61067900.0,,,AMD,-0.0637414069935538,0.22857142857142856,0.2571428571428571,0.12857142857142856,0.24285714285714285,0.08571428571428572,0.2,0.08571428571428572,0.21428571428571427,0.34285714285714286,0.4,-0.05714285714285714,0.7331042857142858,0.12362285714285713,0.041125714285714286,0.037759999999999995,0.06437999999999999,0.1012,0.7679742857142857,0.13082,0.029619999999999997,70.0,0.1,0.5,0.2,0.0,0.3,0.1,0.1,0.2,0.4,0.1,0.3,0.60015,0.22712,0.04699,0.03802,0.08771999999999999,0.12576,0.7664,0.10787,-0.01789,10.0
2025-01-28,115.18000030517578,116.1500015258789,112.9499969482422,114.16999816894533,114.16999816894533,40554800.0,,,AMD,-0.0073037470801031,0.09523809523809523,0.3333333333333333,0.09523809523809523,0.047619047619047616,0.047619047619047616,0.14285714285714285,0.14285714285714285,0.19047619047619047,0.23809523809523808,0.2857142857142857,-0.047619047619047616,0.7600285714285714,0.06248571428571429,0.05905714285714286,0.05221904761904762,0.06623809523809523,0.21195238095238095,0.725352380952381,0.0627047619047619,-0.14924761904761905,21.0,0.22857142857142856,0.2571428571428571,0.12857142857142856,0.24285714285714285,0.08571428571428572,0.2,0.08571428571428572,0.21428571428571427,0.34285714285714286,0.4,-0.05714285714285714,0.7331042857142858,0.12362285714285713,0.041125714285714286,0.037759999999999995,0.06437999999999999,0.1012,0.7679742857142857,0.13082,0.029619999999999997,70.0
2025-01-29,115.7699966430664,118.5199966430664,114.95999908447266,117.3499984741211,117.3499984741211,40199100.0,,,AMD,0.0278532044860866,0.05263157894736842,0.3157894736842105,0.05263157894736842,0.10526315789473684,0.05263157894736842,0.10526315789473684,0.05263157894736842,0.15789473684210525,0.21052631578947367,0.3684210526315789,-0.15789473684210525,0.6193421052631579,0.1558157894736842,0.053331578947368424,0.06336842105263157,0.1081263157894737,0.12528947368421053,0.7729315789473684,0.10179473684210526,-0.023494736842105263,19.0,0.09523809523809523,0.3333333333333333,0.09523809523809523,0.047619047619047616,0.047619047619047616,0.14285714285714285,0.14285714285714285,0.19047619047619047,0.23809523809523808,0.2857142857142857,-0.047619047619047616,0.7600285714285714,0.06248571428571429,0.05905714285714286,0.05221904761904762,0.06623809523809523,0.21195238095238095,0.725352380952381,0.0627047619047619,-0.14924761904761905,21.0
2025-01-30,118.52999877929688,120.44000244140624,117.08999633789062,118.86000061035156,118.86000061035156,29788400.0,,,AMD,0.0128675087845311,0.08695652173913043,0.17391304347826086,0.043478260869565216,0.0,0.0,0.043478260869565216,0.043478260869565216,0.08695652173913043,0.17391304347826086,0.17391304347826086,0.0,0.7130608695652174,0.16621739130434782,0.041778260869565216,0.027239130434782606,0.051717391304347826,0.11466086956521739,0.7284521739130435,0.15687826086956522,0.042217391304347825,23.0,0.05263157894736842,0.3157894736842105,0.05263157894736842,0.10526315789473684,0.05263157894736842,0.10526315789473684,0.05263157894736842,0.15789473684210525,0.21052631578947367,0.3684210526315789,-0.15789473684210525,0.6193421052631579,0.1558157894736842,0.053331578947368424,0.06336842105263157,0.1081263157894737,0.12528947368421053,0.7729315789473684,0.10179473684210526,-0.023494736842105263,19.0
2025-01-31,119.13999938964844,119.56999969482422,115.33000183105467,115.9499969482422,115.9499969482422,40463400.0,,,AMD,-0.0244826152378122,0.2,0.06666666666666667,0.2,0.2,0.13333333333333333,0.2,0.06666666666666667,0.13333333333333333,0.26666666666666666,0.2,0.06666666666666667,0.7246600000000001,0.11200000000000002,0.025226666666666668,0.03963333333333333,0.0985,0.14275333333333334,0.6715800000000001,0.18568,0.04292666666666666,15.0,0.08695652173913043,0.17391304347826086,0.043478260869565216,0.0,0.0,0.043478260869565216,0.043478260869565216,0.08695652173913043,0.17391304347826086,0.17391304347826086,0.0,0.7130608695652174,0.16621739130434782,0.041778260869565216,0.027239130434782606,0.051717391304347826,0.11466086956521739,0.7284521739130435,0.15687826086956522,0.042217391304347825,23.0
2025-02-03,113.87999725341795,115.16000366210938,112.9800033569336,114.2699966430664,114.2699966430664,34586100.0,,,AMD,-0.0144890068942883,0.16129032258064516,0.41935483870967744,0.06451612903225806,0.0967741935483871,0.22580645161290322,0.12903225806451613,0.0967741935483871,0.4838709677419355,0.8064516129032258,0.41935483870967744,0.3870967741935484,0.6881032258064516,0.08296129032258065,0.02831935483870968,0.08214516129032258,0.11848709677419354,0.16479354838709678,0.6664322580645162,0.16878387096774192,0.003990322580645159,31.0,0.2,0.06666666666666667,0.2,0.2,0.13333333333333333,0.2,0.06666666666666667,0.13333333333333333,0.26666666666666666,0.2,0.06666666666666667,0.7246600000000001,0.11200000000000002,0.025226666666666668,0.03963333333333333,0.0985,0.14275333333333334,0.6715800000000001,0.18568,0.04292666666666666,15.0
2025-02-04,115.4499969482422,119.8499984741211,114.79000091552734,119.5,119.5,69412100.0,,,AMD,0.0457688239308349,0.041666666666666664,0.25,0.125,0.125,0.08333333333333333,0.20833333333333334,0.041666666666666664,0.20833333333333334,0.2916666666666667,0.2916666666666667,0.0,0.7656333333333333,0.12000416666666668,0.05427083333333333,0.02337083333333333,0.0367375,0.15718333333333334,0.7653249999999999,0.07748333333333333,-0.0797,24.0,0.16129032258064516,0.41935483870967744,0.06451612903225806,0.0967741935483871,0.22580645161290322,0.12903225806451613,0.0967741935483871,0.4838709677419355,0.8064516129032258,0.41935483870967744,0.3870967741935484,0.6881032258064516,0.08296129032258065,0.02831935483870968,0.08214516129032258,0.11848709677419354,0.16479354838709678,0.6664322580645162,0.16878387096774192,0.003990322580645159,31.0
2025-02-05,107.61000061035156,112.08999633789062,106.5,112.01000213623048,112.01000213623048,110385200.0,,,AMD,-0.0626778063913767,0.08333333333333333,0.25,0.041666666666666664,0.125,0.125,0.125,0.041666666666666664,0.25,0.7083333333333334,0.2916666666666667,0.4166666666666667,0.7859250000000001,0.09754166666666668,0.024104166666666666,0.029720833333333335,0.06270416666666666,0.0658375,0.7514291666666666,0.18274166666666666,0.11690416666666666,24.0,0.041666666666666664,0.25,0.125,0.125,0.08333333333333333,0.20833333333333334,0.041666666666666664,0.20833333333333334,0.2916666666666667,0.2916666666666667,0.0,0.7656333333333333,0.12000416666666668,0.05427083333333333,0.02337083333333333,0.0367375,0.15718333333333334,0.7653249999999999,0.07748333333333333,-0.0797,24.0
2025-02-06,110.93000030517578,112.55999755859376,109.0199966430664,110.16000366210938,110.16000366210938,50426600.0,,,AMD,-0.0165163685281523,0.0625,0.0625,0.125,0.1875,0.0,0.1875,0.0,0.25,0.5625,0.25,0.3125,0.59548125,0.21451875,0.041225,0.054962500000000004,0.09378125,0.09421874999999999,0.72463125,0.18112499999999998,0.08690624999999999,16.0,0.08333333333333333,0.25,0.041666666666666664,0.125,0.125,0.125,0.041666666666666664,0.25,0.7083333333333334,0.2916666666666667,0.4166666666666667,0.7859250000000001,0.09754166666666668,0.024104166666666666,0.029720833333333335,0.06270416666666666,0.0658375,0.7514291666666666,0.18274166666666666,0.11690416666666666,24.0
2025-02-07,109.12999725341795,109.91999816894533,106.79000091552734,107.55999755859376,107.55999755859376,46082500.0,,,AMD,-0.0236020880272529,0.16666666666666666,0.3333333333333333,0.125,0.25,0.08333333333333333,0.20833333333333334,0.16666666666666666,0.125,0.5833333333333334,0.20833333333333334,0.375,0.7062083333333334,0.14764166666666664,0.04864583333333334,0.028379166666666667,0.06912916666666667,0.049600000000000005,0.7333833333333333,0.2170291666666667,0.16742916666666666,24.0,0.0625,0.0625,0.125,0.1875,0.0,0.1875,0.0,0.25,0.5625,0.25,0.3125,0.59548125,0.21451875,0.041225,0.054962500000000004,0.09378125,0.09421874999999999,0.72463125,0.18112499999999998,0.08690624999999999,16.0
2025-02-10,108.44000244140624,111.4000015258789,108.1500015258789,110.4800033569336,110.4800033569336,34905400.0,,,AMD,0.0271476930514911,0.07317073170731707,0.12195121951219512,0.0,0.07317073170731707,0.04878048780487805,0.12195121951219512,0.04878048780487805,0.43902439024390244,0.21951219512195122,0.21951219512195122,0.0,0.695990243902439,0.1518878048780488,0.03232926829268293,0.050734146341463414,0.06905121951219513,0.16274146341463414,0.7252975609756098,0.11196341463414633,-0.050778048780487806,41.0,0.16666666666666666,0.3333333333333333,0.125,0.25,0.08333333333333333,0.20833333333333334,0.16666666666666666,0.125,0.5833333333333334,0.20833333333333334,0.375,0.7062083333333334,0.14764166666666664,0.04864583333333334,0.028379166666666667,0.06912916666666667,0.049600000000000005,0.7333833333333333,0.2170291666666667,0.16742916666666666,24.0
2025-02-11,108.9800033569336,113.06999969482422,108.94000244140624,111.0999984741211,111.0999984741211,35033800.0,,,AMD,0.0056118310857073,0.1,0.4,0.1,0.05,0.1,0.05,0.1,0.15,0.25,0.3,-0.05,0.79434,0.0883,0.061995,0.022705,0.032655,0.08623,0.861175,0.0526,-0.03363,20.0,0.07317073170731707,0.12195121951219512,0.0,0.07317073170731707,0.04878048780487805,0.12195121951219512,0.04878048780487805,0.43902439024390244,0.21951219512195122,0.21951219512195122,0.0,0.695990243902439,0.1518878048780488,0.03232926829268293,0.050734146341463414,0.06905121951219513,0.16274146341463414,0.7252975609756098,0.11196341463414633,-0.050778048780487806,41.0
2025-02-12,109.5199966430664,111.83999633789062,109.05999755859376,111.72000122070312,111.72000122070312,25319700.0,,,AMD,0.0055805828541612,0.04,0.08,0.2,0.08,0.04,0.04,0.04,0.12,0.2,0.36,-0.16,0.748068,0.091928,0.045288,0.030228,0.084492,0.14816400000000002,0.7003159999999999,0.151528,0.0033640000000000046,25.0,0.1,0.4,0.1,0.05,0.1,0.05,0.1,0.15,0.25,0.3,-0.05,0.79434,0.0883,0.061995,0.022705,0.032655,0.08623,0.861175,0.0526,-0.03363,20.0
2025-02-13,112.0,114.5999984741211,110.4000015258789,111.80999755859376,111.80999755859376,40911800.0,,,AMD,0.0008055526038963,0.09090909090909091,0.4090909090909091,0.09090909090909091,0.2727272727272727,0.09090909090909091,0.13636363636363635,0.09090909090909091,0.3181818181818182,0.3181818181818182,0.6818181818181818,-0.36363636363636365,0.7331045454545454,0.10111818181818183,0.05192272727272728,0.039086363636363634,0.07477727272727273,0.1469318181818182,0.733609090909091,0.11947272727272727,-0.027459090909090912,22.0,0.04,0.08,0.2,0.08,0.04,0.04,0.04,0.12,0.2,0.36,-0.16,0.748068,0.091928,0.045288,0.030228,0.084492,0.14816400000000002,0.7003159999999999,0.151528,0.0033640000000000046,25.0
2025-02-14,112.6500015258789,114.62999725341795,111.6999969482422,113.0999984741211,113.0999984741211,32477200.0,,,AMD,0.0115374380081827,0.0,0.0,0.0,0.0,0.0,0.0,0.0,0.09090909090909091,0.5454545454545454,0.09090909090909091,0.45454545454545453,0.6879,0.11483636363636364,0.024990909090909088,0.05403636363636364,0.11823636363636364,0.13561818181818183,0.7998545454545455,0.06453636363636363,-0.07108181818181819,11.0,0.09090909090909091,0.4090909090909091,0.09090909090909091,0.2727272727272727,0.09090909090909091,0.13636363636363635,0.09090909090909091,0.3181818181818182,0.3181818181818182,0.6818181818181818,-0.36363636363636365,0.7331045454545454,0.10111818181818183,0.05192272727272728,0.039086363636363634,0.07477727272727273,0.1469318181818182,0.733609090909091,0.11947272727272727,-0.027459090909090912,22.0
2025-02-18,114.0500030517578,115.5500030517578,113.4499969482422,114.27999877929688,114.27999877929688,31720300.0,,,AMD,0.0104332477550455,0.05263157894736842,0.3684210526315789,0.05263157894736842,0.12280701754385964,0.14035087719298245,0.12280701754385964,0.14035087719298245,0.14035087719298245,0.42105263157894735,0.17543859649122806,0.24561403508771928,0.674559649122807,0.09965964912280702,0.04095438596491228,0.06104385964912281,0.12377192982456141,0.09101228070175439,0.7358719298245614,0.17310701754385965,0.08209473684210526,57.0,0.0,0.0,0.0,0.0,0.0,0.0,0.0,0.09090909090909091,0.5454545454545454,0.09090909090909091,0.45454545454545453,0.6879,0.11483636363636364,0.024990909090909088,0.05403636363636364,0.11823636363636364,0.13561818181818183,0.7998545454545455,0.06453636363636363,-0.07108181818181819,11.0
2025-02-19,114.25,116.11000061035156,113.13999938964844,114.69000244140624,114.69000244140624,28807700.0,,,AMD,0.0035877114673512,0.05,0.55,0.05,0.15,0.25,0.15,0.1,0.45,0.7,0.2,0.5,0.66683,0.118025,0.072805,0.030875000000000003,0.11145500000000001,0.143425,0.591075,0.265495,0.12206999999999998,20.0,0.05263157894736842,0.3684210526315789,0.05263157894736842,0.12280701754385964,0.14035087719298245,0.12280701754385964,0.14035087719298245,0.14035087719298245,0.42105263157894735,0.17543859649122806,0.24561403508771928,0.674559649122807,0.09965964912280702,0.04095438596491228,0.06104385964912281,0.12377192982456141,0.09101228070175439,0.7358719298245614,0.17310701754385965,0.08209473684210526,57.0
2025-02-20,115.01000213623048,116.5500030517578,113.11000061035156,114.16999816894533,114.16999816894533,27219600.0,,,AMD,-0.0045339982683021,0.07692307692307693,0.3076923076923077,0.0,0.0,0.0,0.0,0.0,0.23076923076923078,0.7692307692307693,0.07692307692307693,0.6923076923076923,0.8429,0.06042307692307693,0.020153846153846154,0.027700000000000002,0.04883846153846154,0.019307692307692307,0.8640846153846155,0.11660000000000001,0.0972923076923077,13.0,0.05,0.55,0.05,0.15,0.25,0.15,0.1,0.45,0.7,0.2,0.5,0.66683,0.118025,0.072805,0.030875000000000003,0.11145500000000001,0.143425,0.591075,0.265495,0.12206999999999998,20.0
2025-02-21,114.8499984741211,115.76000213623048,110.43000030517578,110.83999633789062,110.83999633789062,41353700.0,,,AMD,-0.0291670481252619,0.09523809523809523,0.0,0.047619047619047616,0.14285714285714285,0.047619047619047616,0.09523809523809523,0.0,0.19047619047619047,0.3333333333333333,0.14285714285714285,0.19047619047619047,0.7259571428571429,0.1256047619047619,0.028814285714285712,0.05423809523809524,0.06537142857142857,0.08566190476190476,0.6685333333333333,0.2458095238095238,0.16014761904761904,21.0,0.07692307692307693,0.3076923076923077,0.0,0.0,0.0,0.0,0.0,0.23076923076923078,0.7692307692307693,0.07692307692307693,0.6923076923076923,0.8429,0.06042307692307693,0.020153846153846154,0.027700000000000002,0.04883846153846154,0.019307692307692307,0.8640846153846155,0.11660000000000001,0.0972923076923077,13.0
2025-02-24,111.48999786376952,111.5999984741211,107.9800033569336,108.11000061035156,108.11000061035156,29072200.0,,,AMD,-0.0246300597053142,0.08620689655172414,0.20689655172413793,0.06896551724137931,0.034482758620689655,0.05172413793103448,0.13793103448275862,0.06896551724137931,0.2413793103448276,0.29310344827586204,0.1896551724137931,0.10344827586206896,0.7392586206896552,0.13550862068965516,0.03769310344827586,0.04055172413793103,0.046991379310344826,0.1309793103448276,0.7036655172413794,0.1653551724137931,0.034375862068965514,58.0,0.09523809523809523,0.0,0.047619047619047616,0.14285714285714285,0.047619047619047616,0.09523809523809523,0.0,0.19047619047619047,0.3333333333333333,0.14285714285714285,0.19047619047619047,0.7259571428571429,0.1256047619047619,0.028814285714285712,0.05423809523809524,0.06537142857142857,0.08566190476190476,0.6685333333333333,0.2458095238095238,0.16014761904761904,21.0
2025-02-25,107.88999938964844,108.63999938964844,103.62000274658205,103.95999908447266,103.95999908447266,39169200.0,,,AMD,-0.03838684212792,0.0,0.15,0.0,0.2,0.0,0.1,0.0,0.2,0.4,0.2,0.2,0.8248749999999999,0.050305,0.045225,0.03059,0.049,0.035305,0.8334699999999999,0.13122,0.095915,20.0,0.08620689655172414,0.20689655172413793,0.06896551724137931,0.034482758620689655,0.05172413793103448,0.13793103448275862,0.06896551724137931,0.2413793103448276,0.29310344827586204,0.1896551724137931,0.10344827586206896,0.7392586206896552,0.13550862068965516,0.03769310344827586,0.04055172413793103,0.046991379310344826,0.1309793103448276,0.7036655172413794,0.1653551724137931,0.034375862068965514,58.0
2025-02-26,104.9499969482422,105.8000030517578,103.98999786376952,104.73999786376952,104.73999786376952,29178200.0,,,AMD,0.0075028740493068,0.16666666666666666,0.25,0.08333333333333333,0.16666666666666666,0.16666666666666666,0.0,0.0,0.25,0.5833333333333334,0.25,0.3333333333333333,0.6951833333333334,0.14523333333333333,0.02885,0.07030833333333333,0.06041666666666667,0.17474166666666666,0.7323916666666667,0.09286666666666667,-0.081875,12.0,0.0,0.15,0.0,0.2,0.0,0.1,0.0,0.2,0.4,0.2,0.2,0.8248749999999999,0.050305,0.045225,0.03059,0.049,0.035305,0.8334699999999999,0.13122,0.095915,20.0
2025-02-27,105.08000183105467,105.76000213623048,99.5,99.51000213623048,99.51000213623048,47263700.0,,,AMD,-0.0499331280714885,0.2,0.24,0.0,0.2,0.04,0.16,0.04,0.36,0.48,0.28,0.2,0.705424,0.10596,0.07,0.038588,0.080028,0.098604,0.840412,0.060988,-0.037616000000000004,25.0,0.16666666666666666,0.25,0.08333333333333333,0.16666666666666666,0.16666666666666666,0.0,0.0,0.25,0.5833333333333334,0.25,0.3333333333333333,0.6951833333333334,0.14523333333333333,0.02885,0.07030833333333333,0.06041666666666667,0.17474166666666666,0.7323916666666667,0.09286666666666667,-0.081875,12.0
2025-02-28,99.55999755859376,101.8000030517578,98.69000244140624,99.86000061035156,99.86000061035156,45194600.0,,,AMD,0.0035172190393677,0.0784313725490196,0.17647058823529413,0.058823529411764705,0.11764705882352941,0.0784313725490196,0.0784313725490196,0.0,0.27450980392156865,0.37254901960784315,0.1568627450980392,0.21568627450980393,0.7373568627450979,0.09014313725490196,0.03103137254901961,0.04706274509803921,0.09440196078431372,0.11218039215686275,0.7304509803921568,0.15737450980392156,0.04519411764705882,51.0,0.2,0.24,0.0,0.2,0.04,0.16,0.04,0.36,0.48,0.28,0.2,0.705424,0.10596,0.07,0.038588,0.080028,0.098604,0.840412,0.060988,-0.037616000000000004,25.0
2025-03-03,101.5199966430664,102.33999633789062,97.08999633789062,98.2300033569336,98.2300033569336,38958000.0,,,AMD,-0.0163228243886972,0.08695652173913043,0.2608695652173913,0.043478260869565216,0.13043478260869565,0.043478260869565216,0.13043478260869565,0.043478260869565216,0.2608695652173913,0.2608695652173913,0.21739130434782608,0.043478260869565216,0.6686217391304348,0.11269130434782608,0.031691304347826084,0.05270869565217391,0.13428260869565217,0.07504347826086956,0.7748043478260869,0.15015652173913044,0.07511304347826087,23.0,0.0784313725490196,0.17647058823529413,0.058823529411764705,0.11764705882352941,0.0784313725490196,0.0784313725490196,0.0,0.27450980392156865,0.37254901960784315,0.1568627450980392,0.21568627450980393,0.7373568627450979,0.09014313725490196,0.03103137254901961,0.04706274509803921,0.09440196078431372,0.11218039215686275,0.7304509803921568,0.15737450980392156,0.04519411764705882,51.0
2025-03-04,96.0,103.18000030517578,95.88999938964844,100.75,100.75,54156900.0,,,AMD,0.0256540421149087,0.0,0.36363636363636365,0.09090909090909091,0.18181818181818182,0.18181818181818182,0.09090909090909091,0.2727272727272727,0.5454545454545454,0.7272727272727273,0.36363636363636365,0.36363636363636365,0.5791090909090909,0.11228181818181819,0.04053636363636364,0.1437909090909091,0.12430909090909091,0.10895454545454544,0.7980818181818182,0.09296363636363636,-0.01599090909090909,11.0,0.08695652173913043,0.2608695652173913,0.043478260869565216,0.13043478260869565,0.043478260869565216,0.13043478260869565,0.043478260869565216,0.2608695652173913,0.2608695652173913,0.21739130434782608,0.043478260869565216,0.6686217391304348,0.11269130434782608,0.031691304347826084,0.05270869565217391,0.13428260869565217,0.07504347826086956,0.7748043478260869,0.15015652173913044,0.07511304347826087,23.0
2025-03-05,100.36000061035156,101.83999633789062,98.87000274658205,101.66999816894533,101.66999816894533,27855500.0,,,AMD,0.0091314954734027,0.03225806451612903,0.5483870967741935,0.03225806451612903,0.1935483870967742,0.0967741935483871,0.06451612903225806,0.16129032258064516,0.06451612903225806,0.6451612903225806,0.12903225806451613,0.5161290322580645,0.6630612903225807,0.1906225806451613,0.03722258064516129,0.04250967741935484,0.0666,0.16406129032258063,0.5988387096774194,0.2371,0.07303870967741935,31.0,0.0,0.36363636363636365,0.09090909090909091,0.18181818181818182,0.18181818181818182,0.09090909090909091,0.2727272727272727,0.5454545454545454,0.7272727272727273,0.36363636363636365,0.36363636363636365,0.5791090909090909,0.11228181818181819,0.04053636363636364,0.1437909090909091,0.12430909090909091,0.10895454545454544,0.7980818181818182,0.09296363636363636,-0.01599090909090909,11.0
2025-03-06,99.0500030517578,101.08000183105467,98.2699966430664,98.8499984741211,98.8499984741211,28985000.0,,,AMD,-0.0277367930128042,0.10606060606060606,0.3484848484848485,0.09090909090909091,0.10606060606060606,0.12121212121212122,0.10606060606060606,0.10606060606060606,0.2727272727272727,0.4090909090909091,0.2878787878787879,0.12121212121212122,0.7085818181818181,0.10406818181818182,0.03047424242424242,0.04233181818181818,0.11454393939393939,0.08920454545454545,0.6893166666666667,0.22147727272727272,0.1322727272727273,66.0,0.03225806451612903,0.5483870967741935,0.03225806451612903,0.1935483870967742,0.0967741935483871,0.06451612903225806,0.16129032258064516,0.06451612903225806,0.6451612903225806,0.12903225806451613,0.5161290322580645,0.6630612903225807,0.1906225806451613,0.03722258064516129,0.04250967741935484,0.0666,0.16406129032258063,0.5988387096774194,0.2371,0.07303870967741935,31.0
2025-03-07,98.87999725341795,100.6500015258789,96.38999938964844,100.30999755859376,100.30999755859376,33254400.0,,,AMD,0.0147698442793087,0.09375,0.21875,0.03125,0.03125,0.09375,0.0625,0.0625,0.125,0.40625,0.15625,0.25,0.6781875,0.120009375,0.048203125,0.0515125,0.1021,0.09821250000000001,0.790571875,0.111209375,0.012996875000000001,32.0,0.10606060606060606,0.3484848484848485,0.09090909090909091,0.10606060606060606,0.12121212121212122,0.10606060606060606,0.10606060606060606,0.2727272727272727,0.4090909090909091,0.2878787878787879,0.12121212121212122,0.7085818181818181,0.10406818181818182,0.03047424242424242,0.04233181818181818,0.11454393939393939,0.08920454545454545,0.6893166666666667,0.22147727272727272,0.1322727272727273,66.0
2025-03-10,98.56999969482422,101.29000091552734,95.83000183105467,96.62999725341795,96.62999725341795,38733200.0,,,AMD,-0.0366862764902992,0.0625,0.2708333333333333,0.03125,0.11458333333333333,0.125,0.125,0.052083333333333336,0.3125,0.53125,0.22916666666666666,0.3020833333333333,0.7013489583333333,0.12332083333333332,0.036738541666666666,0.05290729166666667,0.08569270833333333,0.08789999999999999,0.732328125,0.179771875,0.09187187499999999,96.0,0.09375,0.21875,0.03125,0.03125,0.09375,0.0625,0.0625,0.125,0.40625,0.15625,0.25,0.6781875,0.120009375,0.048203125,0.0515125,0.1021,0.09821250000000001,0.790571875,0.111209375,0.012996875000000001,32.0
2025-03-11,96.79000091552734,98.16000366210938,94.7300033569336,96.76000213623048,96.76000213623048,34078300.0,,,AMD,0.0013453884560461,0.02040816326530612,0.10204081632653061,0.0,0.14285714285714285,0.04081632653061224,0.08163265306122448,0.02040816326530612,0.22448979591836735,0.3469387755102041,0.16326530612244897,0.1836734693877551,0.780395918367347,0.0647673469387755,0.04130204081632653,0.0512265306122449,0.06229795918367347,0.10103061224489795,0.7153102040816326,0.183665306122449,0.08263469387755103,49.0,0.0625,0.2708333333333333,0.03125,0.11458333333333333,0.125,0.125,0.052083333333333336,0.3125,0.53125,0.22916666666666666,0.3020833333333333,0.7013489583333333,0.12332083333333332,0.036738541666666666,0.05290729166666667,0.08569270833333333,0.08789999999999999,0.732328125,0.179771875,0.09187187499999999,96.0
2025-03-12,99.0500030517578,101.72000122070312,98.16999816894533,100.79000091552734,100.79000091552734,34241300.0,,,AMD,0.041649428382845,0.07407407407407407,0.07407407407407407,0.0,0.1111111111111111,0.037037037037037035,0.1111111111111111,0.037037037037037035,0.18518518518518517,0.18518518518518517,0.18518518518518517,0.0,0.7013259259259259,0.14530370370370368,0.047748148148148144,0.05737407407407408,0.04821851851851852,0.10972962962962962,0.7233222222222222,0.16695555555555558,0.05722592592592592,27.0,0.02040816326530612,0.10204081632653061,0.0,0.14285714285714285,0.04081632653061224,0.08163265306122448,0.02040816326530612,0.22448979591836735,0.3469387755102041,0.16326530612244897,0.1836734693877551,0.780395918367347,0.0647673469387755,0.04130204081632653,0.0512265306122449,0.06229795918367347,0.10103061224489795,0.7153102040816326,0.183665306122449,0.08263469387755103,49.0
2025-03-13,99.72000122070312,100.06999969482422,97.2699966430664,98.11000061035156,98.11000061035156,28575200.0,,,AMD,-0.0265899422644305,0.034482758620689655,0.3103448275862069,0.06896551724137931,0.2413793103448276,0.06896551724137931,0.20689655172413793,0.034482758620689655,0.1724137931034483,0.3448275862068966,0.3448275862068966,0.0,0.6911999999999999,0.12518620689655174,0.0423,0.0453551724137931,0.09595517241379312,0.16731379310344827,0.755496551724138,0.07717586206896551,-0.09013793103448275,29.0,0.07407407407407407,0.07407407407407407,0.0,0.1111111111111111,0.037037037037037035,0.1111111111111111,0.037037037037037035,0.18518518518518517,0.18518518518518517,0.18518518518518517,0.0,0.7013259259259259,0.14530370370370368,0.047748148148148144,0.05737407407407408,0.04821851851851852,0.10972962962962962,0.7233222222222222,0.16695555555555558,0.05722592592592592,27.0
2025-03-14,99.63999938964844,101.22000122070312,99.58000183105467,100.97000122070312,100.97000122070312,24715300.0,,,AMD,0.0291509590516687,0.22727272727272727,0.36363636363636365,0.09090909090909091,0.09090909090909091,0.09090909090909091,0.045454545454545456,0.22727272727272727,0.36363636363636365,0.3181818181818182,0.45454545454545453,-0.13636363636363635,0.6395272727272727,0.1646181818181818,0.07441818181818181,0.02714545454545455,0.09427727272727272,0.18134545454545453,0.5762454545454546,0.2424090909090909,0.06106363636363636,22.0,0.034482758620689655,0.3103448275862069,0.06896551724137931,0.2413793103448276,0.06896551724137931,0.20689655172413793,0.034482758620689655,0.1724137931034483,0.3448275862068966,0.3448275862068966,0.0,0.6911999999999999,0.12518620689655174,0.0423,0.0453551724137931,0.09595517241379312,0.16731379310344827,0.755496551724138,0.07717586206896551,-0.09013793103448275,29.0
2025-03-17,102.5999984741211,106.1500015258789,102.5999984741211,104.58999633789062,104.58999633789062,43689500.0,,,AMD,0.0358521845441479,0.03225806451612903,0.2903225806451613,0.04838709677419355,0.08064516129032258,0.20967741935483872,0.06451612903225806,0.04838709677419355,0.2903225806451613,0.46774193548387094,0.0967741935483871,0.3709677419354839,0.7138145161290324,0.06648225806451613,0.034230645161290325,0.06456612903225806,0.12090967741935485,0.04962903225806452,0.7658854838709678,0.18447741935483872,0.13484838709677419,62.0,0.22727272727272727,0.36363636363636365,0.09090909090909091,0.09090909090909091,0.09090909090909091,0.045454545454545456,0.22727272727272727,0.36363636363636365,0.3181818181818182,0.45454545454545453,-0.13636363636363635,0.6395272727272727,0.1646181818181818,0.07441818181818181,0.02714545454545455,0.09427727272727272,0.18134545454545453,0.5762454545454546,0.2424090909090909,0.06106363636363636,22.0
2025-03-18,103.8499984741211,104.5500030517578,102.97000122070312,103.51000213623048,103.51000213623048,27152800.0,,,AMD,-0.0103259799165791,0.0,0.07407407407407407,0.0,0.0,0.037037037037037035,0.0,0.07407407407407407,0.2962962962962963,0.3333333333333333,0.0,0.3333333333333333,0.707837037037037,0.10485925925925926,0.02309259259259259,0.05515925925925926,0.10904814814814816,0.02861481481481481,0.808288888888889,0.1630962962962963,0.13448148148148148,27.0,0.03225806451612903,0.2903225806451613,0.04838709677419355,0.08064516129032258,0.20967741935483872,0.06451612903225806,0.04838709677419355,0.2903225806451613,0.46774193548387094,0.0967741935483871,0.3709677419354839,0.7138145161290324,0.06648225806451613,0.034230645161290325,0.06456612903225806,0.12090967741935485,0.04962903225806452,0.7658854838709678,0.18447741935483872,0.13484838709677419,62.0
2025-03-19,104.41999816894533,107.9000015258789,101.95999908447266,106.2300033569336,106.2300033569336,32287500.0,,,AMD,0.026277665583692,0.09090909090909091,0.2727272727272727,0.0,0.0,0.09090909090909091,0.0,0.0,0.09090909090909091,0.2727272727272727,0.2727272727272727,0.0,0.7258545454545454,0.09052727272727273,0.06206363636363636,0.05633636363636363,0.06523636363636363,0.040827272727272726,0.6034545454545455,0.3557454545454546,0.3149181818181818,11.0,0.0,0.07407407407407407,0.0,0.0,0.037037037037037035,0.0,0.07407407407407407,0.2962962962962963,0.3333333333333333,0.0,0.3333333333333333,0.707837037037037,0.10485925925925926,0.02309259259259259,0.05515925925925926,0.10904814814814816,0.02861481481481481,0.808288888888889,0.1630962962962963,0.13448148148148148,27.0
2025-03-20,105.12000274658205,108.26000213623048,105.12000274658205,107.13999938964844,107.13999938964844,26871800.0,,,AMD,0.0085662807489259,0.0,0.23076923076923078,0.038461538461538464,0.038461538461538464,0.038461538461538464,0.0,0.038461538461538464,0.07692307692307693,0.2692307692307692,0.07692307692307693,0.19230769230769232,0.7260423076923076,0.0677076923076923,0.032865384615384616,0.07084230769230769,0.10254615384615384,0.03639230769230769,0.8542038461538461,0.10938846153846155,0.07299615384615385,26.0,0.09090909090909091,0.2727272727272727,0.0,0.0,0.09090909090909091,0.0,0.0,0.09090909090909091,0.2727272727272727,0.2727272727272727,0.0,0.7258545454545454,0.09052727272727273,0.06206363636363636,0.05633636363636363,0.06523636363636363,0.040827272727272726,0.6034545454545455,0.3557454545454546,0.3149181818181818,11.0
2025-03-21,105.33000183105467,107.25,104.33000183105467,106.44000244140624,106.44000244140624,30767900.0,,,AMD,-0.0065334791135889,0.07142857142857142,0.14285714285714285,0.0,0.0,0.07142857142857142,0.14285714285714285,0.07142857142857142,0.07142857142857142,0.2857142857142857,0.2857142857142857,0.0,0.6531214285714285,0.2170642857142857,0.048057142857142854,0.025378571428571427,0.056350000000000004,0.17767142857142856,0.6473500000000001,0.17499285714285714,-0.002678571428571418,14.0,0.0,0.23076923076923078,0.038461538461538464,0.038461538461538464,0.038461538461538464,0.0,0.038461538461538464,0.07692307692307693,0.2692307692307692,0.07692307692307693,0.19230769230769232,0.7260423076923076,0.0677076923076923,0.032865384615384616,0.07084230769230769,0.10254615384615384,0.03639230769230769,0.8542038461538461,0.10938846153846155,0.07299615384615385,26.0
2025-03-24,109.7300033569336,114.8499984741211,109.4000015258789,113.8499984741211,113.8499984741211,53342000.0,,,AMD,0.0696166465873011,0.047619047619047616,0.21428571428571427,0.09523809523809523,0.023809523809523808,0.11904761904761904,0.023809523809523808,0.16666666666666666,0.21428571428571427,0.47619047619047616,0.21428571428571427,0.2619047619047619,0.7219119047619047,0.10581190476190476,0.05790952380952381,0.04794047619047619,0.06642380952380952,0.13014285714285714,0.7689309523809523,0.10092619047619047,-0.02921666666666666,42.0,0.07142857142857142,0.14285714285714285,0.0,0.0,0.07142857142857142,0.14285714285714285,0.07142857142857142,0.07142857142857142,0.2857142857142857,0.2857142857142857,0.0,0.6531214285714285,0.2170642857142857,0.048057142857142854,0.025378571428571427,0.056350000000000004,0.17767142857142856,0.6473500000000001,0.17499285714285714,-0.002678571428571418,14.0
2025-03-25,113.2699966430664,114.9499969482422,112.70999908447266,114.80999755859376,114.80999755859376,29077500.0,,,AMD,0.008432139634072,0.07692307692307693,0.15384615384615385,0.07692307692307693,0.0,0.15384615384615385,0.0,0.07692307692307693,0.3076923076923077,0.6153846153846154,0.07692307692307693,0.5384615384615384,0.7921153846153846,0.03753076923076923,0.02033076923076923,0.052761538461538464,0.09725384615384615,0.01813076923076923,0.6904307692307692,0.2914615384615385,0.27333076923076927,13.0,0.047619047619047616,0.21428571428571427,0.09523809523809523,0.023809523809523808,0.11904761904761904,0.023809523809523808,0.16666666666666666,0.21428571428571427,0.47619047619047616,0.21428571428571427,0.2619047619047619,0.7219119047619047,0.10581190476190476,0.05790952380952381,0.04794047619047619,0.06642380952380952,0.13014285714285714,0.7689309523809523,0.10092619047619047,-0.02921666666666666,42.0
2025-03-26,114.11000061035156,115.9000015258789,108.68000030517578,110.19000244140624,110.19000244140624,39824000.0,,,AMD,-0.0402403555041424,0.1,0.1,0.0,0.2,0.1,0.0,0.2,0.0,0.2,0.2,0.0,0.62763,0.26546,0.02694,0.037309999999999996,0.04267,0.19914,0.5182100000000001,0.28267000000000003,0.08353,10.0,0.07692307692307693,0.15384615384615385,0.07692307692307693,0.0,0.15384615384615385,0.0,0.07692307692307693,0.3076923076923077,0.6153846153846154,0.07692307692307693,0.5384615384615384,0.7921153846153846,0.03753076923076923,0.02033076923076923,0.052761538461538464,0.09725384615384615,0.01813076923076923,0.6904307692307692,0.2914615384615385,0.27333076923076927,13.0
2025-03-27,106.11000061035156,107.62000274658205,105.5500030517578,106.6500015258789,106.6500015258789,32773700.0,,,AMD,-0.0321263348497494,0.08333333333333333,0.08333333333333333,0.0,0.08333333333333333,0.0,0.08333333333333333,0.0,0.16666666666666666,0.4166666666666667,0.4166666666666667,0.0,0.7336666666666667,0.04755,0.03158333333333333,0.070925,0.116275,0.09276666666666666,0.753175,0.154025,0.061258333333333324,12.0,0.1,0.1,0.0,0.2,0.1,0.0,0.2,0.0,0.2,0.2,0.0,0.62763,0.26546,0.02694,0.037309999999999996,0.04267,0.19914,0.5182100000000001,0.28267000000000003,0.08353,10.0
2025-03-28,105.52999877929688,106.51000213623048,102.4800033569336,103.22000122070312,103.22000122070312,31069100.0,,,AMD,-0.0321612776005773,0.07692307692307693,0.15384615384615385,0.0,0.0,0.0,0.07692307692307693,0.0,0.07692307692307693,0.38461538461538464,0.07692307692307693,0.3076923076923077,0.7570846153846154,0.12053076923076923,0.022738461538461537,0.02973846153846154,0.06990769230769231,0.08056153846153845,0.7883769230769231,0.13104615384615384,0.05048461538461539,13.0,0.08333333333333333,0.08333333333333333,0.0,0.08333333333333333,0.0,0.08333333333333333,0.0,0.16666666666666666,0.4166666666666667,0.4166666666666667,0.0,0.7336666666666667,0.04755,0.03158333333333333,0.070925,0.116275,0.09276666666666666,0.753175,0.154025,0.061258333333333324,12.0
2025-03-31,100.23999786376952,102.81999969482422,98.8000030517578,102.73999786376952,102.73999786376952,30865300.0,,,AMD,-0.004650294044342,0.11764705882352941,0.23529411764705882,0.058823529411764705,0.14705882352941177,0.058823529411764705,0.11764705882352941,0.058823529411764705,0.14705882352941177,0.3235294117647059,0.20588235294117646,0.11764705882352941,0.7066764705882354,0.10525294117647058,0.03493529411764706,0.08533529411764706,0.06779117647058823,0.10176764705882353,0.7595235294117647,0.1387264705882353,0.036958823529411766,34.0,0.07692307692307693,0.15384615384615385,0.0,0.0,0.0,0.07692307692307693,0.0,0.07692307692307693,0.38461538461538464,0.07692307692307693,0.3076923076923077,0.7570846153846154,0.12053076923076923,0.022738461538461537,0.02973846153846154,0.06990769230769231,0.08056153846153845,0.7883769230769231,0.13104615384615384,0.05048461538461539,13.0
2025-04-01,102.16000366210938,102.83000183105467,100.93000030517578,102.77999877929688,102.77999877929688,23523200.0,,,AMD,0.0003893412143185,0.14285714285714285,0.2857142857142857,0.14285714285714285,0.14285714285714285,0.07142857142857142,0.14285714285714285,0.21428571428571427,0.2857142857142857,0.35714285714285715,0.5,-0.14285714285714285,0.5842285714285714,0.15557857142857143,0.09683571428571427,0.04512857142857143,0.11822142857142857,0.1306,0.7477285714285714,0.12165714285714287,-0.00894285714285715,14.0,0.11764705882352941,0.23529411764705882,0.058823529411764705,0.14705882352941177,0.058823529411764705,0.11764705882352941,0.058823529411764705,0.14705882352941177,0.3235294117647059,0.20588235294117646,0.11764705882352941,0.7066764705882354,0.10525294117647058,0.03493529411764706,0.08533529411764706,0.06779117647058823,0.10176764705882353,0.7595235294117647,0.1387264705882353,0.036958823529411766,34.0
2025-04-02,101.5199966430664,104.19000244140624,100.76000213623048,102.95999908447266,102.95999908447266,20794000.0,,,AMD,0.0017513164751277,0.18181818181818182,0.2727272727272727,0.0,0.2727272727272727,0.0,0.36363636363636365,0.18181818181818182,0.0,0.7272727272727273,0.5454545454545454,0.18181818181818182,0.5280363636363636,0.23851818181818182,0.0657909090909091,0.07690909090909091,0.09075454545454545,0.2065636363636364,0.6240636363636364,0.16936363636363636,-0.03719999999999999,11.0,0.14285714285714285,0.2857142857142857,0.14285714285714285,0.14285714285714285,0.07142857142857142,0.14285714285714285,0.21428571428571427,0.2857142857142857,0.35714285714285715,0.5,-0.14285714285714285,0.5842285714285714,0.15557857142857143,0.09683571428571427,0.04512857142857143,0.11822142857142857,0.1306,0.7477285714285714,0.12165714285714287,-0.00894285714285715,14.0
2025-04-03,97.79000091552734,99.4499969482422,93.63999938964844,93.8000030517578,93.8000030517578,50472500.0,,,AMD,-0.0889665512253901,0.0,0.2222222222222222,0.0,0.0,0.0,0.1111111111111111,0.0,0.3333333333333333,0.3333333333333333,0.1111111111111111,0.2222222222222222,0.7543666666666666,0.17165555555555556,0.02076666666666667,0.020888888888888887,0.0323,0.12784444444444445,0.8099333333333333,0.062233333333333335,-0.06561111111111112,9.0,0.18181818181818182,0.2727272727272727,0.0,0.2727272727272727,0.0,0.36363636363636365,0.18181818181818182,0.0,0.7272727272727273,0.5454545454545454,0.18181818181818182,0.5280363636363636,0.23851818181818182,0.0657909090909091,0.07690909090909091,0.09075454545454545,0.2065636363636364,0.6240636363636364,0.16936363636363636,-0.03719999999999999,11.0
2025-04-04,90.0999984741211,91.08000183105467,83.66999816894531,85.76000213623047,85.76000213623047,65847000.0,,,AMD,-0.0857142926860135,0.07142857142857142,0.21428571428571427,0.07142857142857142,0.0,0.07142857142857142,0.07142857142857142,0.07142857142857142,0.21428571428571427,0.35714285714285715,0.2857142857142857,0.07142857142857142,0.7255428571428572,0.08198571428571429,0.044621428571428576,0.061842857142857144,0.08597857142857143,0.17497142857142858,0.7313142857142857,0.09371428571428572,-0.08125714285714287,14.0,0.0,0.2222222222222222,0.0,0.0,0.0,0.1111111111111111,0.0,0.3333333333333333,0.3333333333333333,0.1111111111111111,0.2222222222222222,0.7543666666666666,0.17165555555555556,0.02076666666666667,0.020888888888888887,0.0323,0.12784444444444445,0.8099333333333333,0.062233333333333335,-0.06561111111111112,9.0
2025-04-07,80.68000030517578,89.0,77.75,83.63999938964844,83.63999938964844,70515400.0,,,AMD,-0.0247201806643426,0.02857142857142857,0.11428571428571428,0.0,0.05714285714285714,0.02857142857142857,0.08571428571428572,0.05714285714285714,0.2,0.22857142857142856,0.11428571428571428,0.11428571428571428,0.7354685714285714,0.10881142857142856,0.054868571428571426,0.039837142857142856,0.061014285714285715,0.1306057142857143,0.6647057142857143,0.20468857142857141,0.07408285714285713,35.0,0.07142857142857142,0.21428571428571427,0.07142857142857142,0.0,0.07142857142857142,0.07142857142857142,0.07142857142857142,0.21428571428571427,0.35714285714285715,0.2857142857142857,0.07142857142857142,0.7255428571428572,0.08198571428571429,0.044621428571428576,0.061842857142857144,0.08597857142857143,0.17497142857142858,0.7313142857142857,0.09371428571428572,-0.08125714285714287,14.0
2025-04-08,86.1500015258789,88.93000030517578,76.4800033569336,78.20999908447266,78.20999908447266,69910200.0,,,AMD,-0.0649210945098095,0.1,0.1,0.2,0.3,0.1,0.2,0.1,0.3,0.5,0.3,0.2,0.83664,0.06091,0.02133,0.027999999999999997,0.05313,0.039889999999999995,0.6582600000000001,0.30184,0.26195,10.0,0.02857142857142857,0.11428571428571428,0.0,0.05714285714285714,0.02857142857142857,0.08571428571428572,0.05714285714285714,0.2,0.22857142857142856,0.11428571428571428,0.11428571428571428,0.7354685714285714,0.10881142857142856,0.054868571428571426,0.039837142857142856,0.061014285714285715,0.1306057142857143,0.6647057142857143,0.20468857142857141,0.07408285714285713,35.0
2025-04-09,79.22000122070312,97.91000366210938,78.87000274658203,96.83999633789062,96.83999633789062,97827400.0,,,AMD,0.238204800811929,0.125,0.125,0.125,0.125,0.125,0.0625,0.125,0.125,0.25,0.375,-0.125,0.706175,0.11239375,0.051831249999999995,0.02828125,0.10132500000000001,0.21933125,0.6351,0.14554375,-0.0737875,16.0,0.1,0.1,0.2,0.3,0.1,0.2,0.1,0.3,0.5,0.3,0.2,0.83664,0.06091,0.02133,0.027999999999999997,0.05313,0.039889999999999995,0.6582600000000001,0.30184,0.26195,10.0
2025-04-10,91.0,92.9499969482422,85.05999755859375,88.69999694824219,88.69999694824219,65210600.0,,,AMD,-0.0840561720102368,0.0,0.15384615384615385,0.07692307692307693,0.15384615384615385,0.07692307692307693,0.07692307692307693,0.07692307692307693,0.15384615384615385,0.15384615384615385,0.15384615384615385,0.0,0.7187,0.1297076923076923,0.018246153846153846,0.027215384615384617,0.10614615384615383,0.07266923076923076,0.7751538461538462,0.15217692307692307,0.0795076923076923,13.0,0.125,0.125,0.125,0.125,0.125,0.0625,0.125,0.125,0.25,0.375,-0.125,0.706175,0.11239375,0.051831249999999995,0.02828125,0.10132500000000001,0.21933125,0.6351,0.14554375,-0.0737875,16.0
2025-04-11,90.51000213623048,94.76000213623048,90.5,93.4000015258789,93.4000015258789,57892600.0,,,AMD,0.0529876520782661,0.07142857142857142,0.21428571428571427,0.0,0.07142857142857142,0.07142857142857142,0.07142857142857142,0.0,0.14285714285714285,0.35714285714285715,0.14285714285714285,0.21428571428571427,0.7912857142857143,0.07970714285714285,0.03187857142857143,0.03547857142857143,0.061649999999999996,0.05512142857142858,0.7714857142857143,0.1734,0.11827857142857143,14.0,0.0,0.15384615384615385,0.07692307692307693,0.15384615384615385,0.07692307692307693,0.07692307692307693,0.07692307692307693,0.15384615384615385,0.15384615384615385,0.15384615384615385,0.0,0.7187,0.1297076923076923,0.018246153846153846,0.027215384615384617,0.10614615384615383,0.07266923076923076,0.7751538461538462,0.15217692307692307,0.0795076923076923,13.0
2025-04-14,97.11000061035156,97.37000274658205,93.4499969482422,94.5,94.5,36003000.0,,,AMD,0.0117772853977557,0.037037037037037035,0.25925925925925924,0.0,0.07407407407407407,0.07407407407407407,0.1111111111111111,0.1111111111111111,0.1111111111111111,0.2962962962962963,0.18518518518518517,0.1111111111111111,0.7712851851851852,0.10098148148148149,0.027922222222222223,0.0285037037037037,0.07131851851851852,0.03062222222222222,0.8166740740740741,0.1527037037037037,0.12208148148148149,27.0,0.07142857142857142,0.21428571428571427,0.0,0.07142857142857142,0.07142857142857142,0.07142857142857142,0.0,0.14285714285714285,0.35714285714285715,0.14285714285714285,0.21428571428571427,0.7912857142857143,0.07970714285714285,0.03187857142857143,0.03547857142857143,0.061649999999999996,0.05512142857142858,0.7714857142857143,0.1734,0.11827857142857143,14.0
2025-04-15,94.66000366210938,96.8499984741211,94.62000274658205,95.29000091552734,95.29000091552734,28116500.0,,,AMD,0.0083597980479084,0.0,0.0,0.125,0.125,0.0,0.0,0.0,0.25,0.0,0.125,-0.125,0.76425,0.1472,0.02095,0.030875,0.0367375,0.1205875,0.598125,0.2813,0.1607125,8.0,0.037037037037037035,0.25925925925925924,0.0,0.07407407407407407,0.07407407407407407,0.1111111111111111,0.1111111111111111,0.1111111111111111,0.2962962962962963,0.18518518518518517,0.1111111111111111,0.7712851851851852,0.10098148148148149,0.027922222222222223,0.0285037037037037,0.07131851851851852,0.03062222222222222,0.8166740740740741,0.1527037037037037,0.12208148148148149,27.0
2025-04-16,87.61000061035156,90.47000122070312,85.30000305175781,88.29000091552734,88.29000091552734,62109000.0,,,AMD,-0.0734599636136572,0.0,0.11764705882352941,0.0,0.0,0.11764705882352941,0.11764705882352941,0.0,0.17647058823529413,0.4117647058823529,0.11764705882352941,0.29411764705882354,0.7337764705882353,0.15622941176470587,0.03742941176470588,0.027329411764705883,0.04523529411764706,0.02180588235294118,0.8085117647058824,0.1696705882352941,0.14786470588235295,17.0,0.0,0.0,0.125,0.125,0.0,0.0,0.0,0.25,0.0,0.125,-0.125,0.76425,0.1472,0.02095,0.030875,0.0367375,0.1205875,0.598125,0.2813,0.1607125,8.0
2025-04-17,88.83999633789062,89.02999877929688,86.5199966430664,87.5,87.5,34801400.0,,,AMD,-0.0089477959829583,0.058823529411764705,0.11764705882352941,0.058823529411764705,0.11764705882352941,0.058823529411764705,0.11764705882352941,0.058823529411764705,0.17647058823529413,0.29411764705882354,0.23529411764705882,0.058823529411764705,0.755170588235294,0.07875882352941177,0.046429411764705886,0.039370588235294116,0.08027058823529412,0.11618235294117647,0.7130588235294117,0.17074117647058823,0.054558823529411764,17.0,0.0,0.11764705882352941,0.0,0.0,0.11764705882352941,0.11764705882352941,0.0,0.17647058823529413,0.4117647058823529,0.11764705882352941,0.29411764705882354,0.7337764705882353,0.15622941176470587,0.03742941176470588,0.027329411764705883,0.04523529411764706,0.02180588235294118,0.8085117647058824,0.1696705882352941,0.14786470588235295,17.0
2025-04-21,86.0199966430664,86.13999938964844,83.75,85.55999755859375,85.55999755859375,33855400.0,,,AMD,-0.0221714564732142,0.0,0.2222222222222222,0.0,0.037037037037037035,0.037037037037037035,0.037037037037037035,0.0,0.25925925925925924,0.25925925925925924,0.1111111111111111,0.14814814814814814,0.7379814814814815,0.1502962962962963,0.03747037037037037,0.025355555555555555,0.048903703703703706,0.07063333333333334,0.8100518518518519,0.11930740740740742,0.04867407407407408,27.0,0.058823529411764705,0.11764705882352941,0.058823529411764705,0.11764705882352941,0.058823529411764705,0.11764705882352941,0.058823529411764705,0.17647058823529413,0.29411764705882354,0.23529411764705882,0.058823529411764705,0.755170588235294,0.07875882352941177,0.046429411764705886,0.039370588235294116,0.08027058823529412,0.11618235294117647,0.7130588235294117,0.17074117647058823,0.054558823529411764,17.0
2025-04-22,86.12000274658203,87.16999816894531,85.16999816894531,86.26000213623047,86.26000213623047,35236700.0,,,AMD,0.0081814469098988,0.13333333333333333,0.3333333333333333,0.13333333333333333,0.2,0.06666666666666667,0.0,0.06666666666666667,0.2,0.5333333333333333,0.2,0.3333333333333333,0.6788933333333333,0.12628,0.056420000000000005,0.02964,0.10876,0.029453333333333335,0.90298,0.06756000000000001,0.038106666666666664,15.0,0.0,0.2222222222222222,0.0,0.037037037037037035,0.037037037037037035,0.037037037037037035,0.0,0.25925925925925924,0.25925925925925924,0.1111111111111111,0.14814814814814814,0.7379814814814815,0.1502962962962963,0.03747037037037037,0.025355555555555555,0.048903703703703706,0.07063333333333334,0.8100518518518519,0.11930740740740742,0.04867407407407408,27.0
2025-04-23,91.87999725341795,93.73999786376952,90.12000274658205,90.38999938964844,90.38999938964844,41102600.0,,,AMD,0.0478784738133377,0.1875,0.25,0.0,0.125,0.0,0.125,0.0,0.0,0.4375,0.25,0.1875,0.77383125,0.06228125,0.062400000000000004,0.0383125,0.0631375,0.089625,0.80081875,0.10955625,0.019931250000000005,16.0,0.13333333333333333,0.3333333333333333,0.13333333333333333,0.2,0.06666666666666667,0.0,0.06666666666666667,0.2,0.5333333333333333,0.2,0.3333333333333333,0.6788933333333333,0.12628,0.056420000000000005,0.02964,0.10876,0.029453333333333335,0.90298,0.06756000000000001,0.038106666666666664,15.0
2025-04-24,91.58999633789062,94.75,90.37000274658205,94.47000122070312,94.47000122070312,33681900.0,,,AMD,0.0451377570373336,0.14285714285714285,0.2857142857142857,0.14285714285714285,0.5357142857142857,0.25,0.42857142857142855,0.21428571428571427,0.8571428571428571,0.6071428571428571,0.7142857142857143,-0.10714285714285714,0.8634535714285715,0.040553571428571425,0.015635714285714288,0.02645357142857143,0.053903571428571426,0.4132357142857143,0.5209607142857143,0.06582142857142857,-0.3474142857142857,28.0,0.1875,0.25,0.0,0.125,0.0,0.125,0.0,0.0,0.4375,0.25,0.1875,0.77383125,0.06228125,0.062400000000000004,0.0383125,0.0631375,0.089625,0.80081875,0.10955625,0.019931250000000005,16.0
2025-04-25,93.27999877929688,97.0999984741211,92.8499984741211,96.6500015258789,96.6500015258789,28575300.0,,,AMD,0.0230761117498328,0.25,0.25,0.0,0.25,0.08333333333333333,0.0,0.08333333333333333,0.16666666666666666,0.3333333333333333,0.25,0.08333333333333333,0.7423666666666667,0.10007500000000001,0.050725,0.05355000000000001,0.053325000000000004,0.024916666666666667,0.9009,0.07418333333333334,0.04926666666666666,12.0,0.14285714285714285,0.2857142857142857,0.14285714285714285,0.5357142857142857,0.25,0.42857142857142855,0.21428571428571427,0.8571428571428571,0.6071428571428571,0.7142857142857143,-0.10714285714285714,0.8634535714285715,0.040553571428571425,0.015635714285714288,0.02645357142857143,0.053903571428571426,0.4132357142857143,0.5209607142857143,0.06582142857142857,-0.3474142857142857,28.0
2025-04-28,95.58000183105467,97.48999786376952,94.2699966430664,96.38999938964844,96.38999938964844,30456700.0,,,AMD,-0.0026901410463077,0.04878048780487805,0.1951219512195122,0.024390243902439025,0.07317073170731707,0.0975609756097561,0.07317073170731707,0.12195121951219512,0.2682926829268293,0.2926829268292683,0.12195121951219512,0.17073170731707318,0.7227439024390244,0.07435853658536586,0.0269219512195122,0.06459268292682926,0.1113951219512195,0.07138536585365854,0.7217487804878049,0.20685121951219512,0.13546585365853658,41.0,0.25,0.25,0.0,0.25,0.08333333333333333,0.0,0.08333333333333333,0.16666666666666666,0.3333333333333333,0.25,0.08333333333333333,0.7423666666666667,0.10007500000000001,0.050725,0.05355000000000001,0.053325000000000004,0.024916666666666667,0.9009,0.07418333333333334,0.04926666666666666,12.0
2025-04-29,95.76000213623048,97.18000030517578,95.33000183105467,96.05999755859376,96.05999755859376,20700600.0,,,AMD,-0.0034236106768781,0.1,0.2,0.0,0.2,0.0,0.1,0.2,0.0,0.1,0.2,-0.1,0.8627499999999999,0.05957,0.02505,0.0224,0.030210000000000004,0.03179,0.91974,0.04849,0.0167,10.0,0.04878048780487805,0.1951219512195122,0.024390243902439025,0.07317073170731707,0.0975609756097561,0.07317073170731707,0.12195121951219512,0.2682926829268293,0.2926829268292683,0.12195121951219512,0.17073170731707318,0.7227439024390244,0.07435853658536586,0.0269219512195122,0.06459268292682926,0.1113951219512195,0.07138536585365854,0.7217487804878049,0.20685121951219512,0.13546585365853658,41.0
2025-04-30,92.80999755859376,97.5500030517578,91.87000274658205,97.3499984741211,97.3499984741211,29730700.0,,,AMD,0.0134291166803379,0.0,0.14285714285714285,0.0,0.14285714285714285,0.14285714285714285,0.0,0.0,0.14285714285714285,0.2857142857142857,0.0,0.2857142857142857,0.6948142857142857,0.04498571428571429,0.025385714285714286,0.10455714285714286,0.13024285714285716,0.027085714285714286,0.8063142857142857,0.16658571428571428,0.1395,7.0,0.1,0.2,0.0,0.2,0.0,0.1,0.2,0.0,0.1,0.2,-0.1,0.8627499999999999,0.05957,0.02505,0.0224,0.030210000000000004,0.03179,0.91974,0.04849,0.0167,10.0
2025-05-01,99.2699966430664,100.0999984741211,96.4499969482422,96.6500015258789,96.6500015258789,29591500.0,,,AMD,-0.0071905183278279,0.0,0.2727272727272727,0.09090909090909091,0.18181818181818182,0.0,0.09090909090909091,0.0,0.0,0.2727272727272727,0.2727272727272727,0.0,0.6020636363636364,0.16913636363636364,0.0552090909090909,0.07212727272727272,0.10148181818181819,0.03174545454545455,0.9035818181818183,0.06468181818181819,0.03293636363636364,11.0,0.0,0.14285714285714285,0.0,0.14285714285714285,0.14285714285714285,0.0,0.0,0.14285714285714285,0.2857142857142857,0.0,0.2857142857142857,0.6948142857142857,0.04498571428571429,0.025385714285714286,0.10455714285714286,0.13024285714285716,0.027085714285714286,0.8063142857142857,0.16658571428571428,0.1395,7.0
2025-05-02,98.4000015258789,99.87999725341795,98.3000030517578,98.8000030517578,98.8000030517578,29957900.0,,,AMD,0.0222452301286639,0.0,0.16666666666666666,0.16666666666666666,0.0,0.16666666666666666,0.16666666666666666,0.16666666666666666,0.16666666666666666,0.3333333333333333,0.16666666666666666,0.16666666666666666,0.8093,0.030533333333333332,0.018116666666666666,0.053233333333333334,0.08881666666666665,0.08158333333333334,0.7644333333333333,0.154,0.07241666666666667,6.0,0.0,0.2727272727272727,0.09090909090909091,0.18181818181818182,0.0,0.09090909090909091,0.0,0.0,0.2727272727272727,0.2727272727272727,0.0,0.6020636363636364,0.16913636363636364,0.0552090909090909,0.07212727272727272,0.10148181818181819,0.03174545454545455,0.9035818181818183,0.06468181818181819,0.03293636363636364,11.0
2025-05-05,99.0,102.0500030517578,98.76000213623048,100.58999633789062,100.58999633789062,41268900.0,,,AMD,0.0181173403931487,0.045454545454545456,0.09090909090909091,0.0,0.13636363636363635,0.09090909090909091,0.09090909090909091,0.0,0.13636363636363635,0.36363636363636365,0.18181818181818182,0.18181818181818182,0.69415,0.1264681818181818,0.04406818181818182,0.0463,0.08900909090909091,0.10879545454545454,0.8044818181818182,0.08673636363636363,-0.022059090909090914,22.0,0.0,0.16666666666666666,0.16666666666666666,0.0,0.16666666666666666,0.16666666666666666,0.16666666666666666,0.16666666666666666,0.3333333333333333,0.16666666666666666,0.16666666666666666,0.8093,0.030533333333333332,0.018116666666666666,0.053233333333333334,0.08881666666666665,0.08158333333333334,0.7644333333333333,0.154,0.07241666666666667,6.0
2025-05-06,98.41000366210938,100.06999969482422,97.44000244140624,98.62000274658205,98.62000274658205,54264300.0,,,AMD,-0.0195843887367407,0.0,0.2222222222222222,0.0,0.1111111111111111,0.1111111111111111,0.2222222222222222,0.1111111111111111,0.3333333333333333,0.4444444444444444,0.1111111111111111,0.3333333333333333,0.7346888888888888,0.07793333333333334,0.03437777777777778,0.06287777777777778,0.09012222222222221,0.15425555555555556,0.6594666666666666,0.18631111111111112,0.03205555555555555,9.0,0.045454545454545456,0.09090909090909091,0.0,0.13636363636363635,0.09090909090909091,0.09090909090909091,0.0,0.13636363636363635,0.36363636363636365,0.18181818181818182,0.18181818181818182,0.69415,0.1264681818181818,0.04406818181818182,0.0463,0.08900909090909091,0.10879545454545454,0.8044818181818182,0.08673636363636363,-0.022059090909090914,22.0
2025-05-07,100.75,103.41999816894533,96.87999725341795,100.36000061035156,100.36000061035156,86474400.0,,,AMD,0.017643457871733,0.1,0.1,0.1,0.1,0.0,0.1,0.0,0.3,0.4,0.1,0.3,0.7871900000000001,0.12239,0.026589999999999996,0.023469999999999998,0.04038,0.026480000000000004,0.8529199999999999,0.12059,0.09411,10.0,0.0,0.2222222222222222,0.0,0.1111111111111111,0.1111111111111111,0.2222222222222222,0.1111111111111111,0.3333333333333333,0.4444444444444444,0.1111111111111111,0.3333333333333333,0.7346888888888888,0.07793333333333334,0.03437777777777778,0.06287777777777778,0.09012222222222221,0.15425555555555556,0.6594666666666666,0.18631111111111112,0.03205555555555555,9.0
2025-05-08,101.91999816894533,105.44000244140624,101.55999755859376,101.6999969482422,101.6999969482422,54231400.0,,,AMD,0.0133518964701204,0.21428571428571427,0.5,0.14285714285714285,0.14285714285714285,0.07142857142857142,0.07142857142857142,0.07142857142857142,0.07142857142857142,0.21428571428571427,0.2857142857142857,-0.07142857142857142,0.7834428571428571,0.04455714285714286,0.020300000000000002,0.07645,0.07524285714285714,0.09835714285714285,0.73165,0.16997857142857145,0.07162142857142857,14.0,0.1,0.1,0.1,0.1,0.0,0.1,0.0,0.3,0.4,0.1,0.3,0.7871900000000001,0.12239,0.026589999999999996,0.023469999999999998,0.04038,0.026480000000000004,0.8529199999999999,0.12059,0.09411,10.0
2025-05-09,102.58999633789062,103.54000091552734,101.5999984741211,102.83999633789062,102.83999633789062,31704300.0,,,AMD,0.0112094338628996,0.0,0.0,0.0,0.0,0.0,0.0,0.0,0.0,0.5,0.0,0.5,0.88125,0.0257,0.017,0.0232,0.0529,0.0159,0.47635,0.50765,0.49175,2.0,0.21428571428571427,0.5,0.14285714285714285,0.14285714285714285,0.07142857142857142,0.07142857142857142,0.07142857142857142,0.07142857142857142,0.21428571428571427,0.2857142857142857,-0.07142857142857142,0.7834428571428571,0.04455714285714286,0.020300000000000002,0.07645,0.07524285714285714,0.09835714285714285,0.73165,0.16997857142857145,0.07162142857142857,14.0
2025-05-12,110.41999816894533,110.66999816894533,106.9800033569336,108.12000274658205,108.12000274658205,50543400.0,,,AMD,0.0513419544604363,,,,,,,,,,,,,,,,,,,,,,0.0,0.0,0.0,0.0,0.0,0.0,0.0,0.0,0.5,0.0,0.5,0.88125,0.0257,0.017,0.0232,0.0529,0.0159,0.47635,0.50765,0.49175,2.0
2025-05-13,109.5999984741211,113.12999725341795,109.0,112.45999908447266,112.45999908447266,55659500.0,,,AMD,0.0401405496452209,,,,,,,,,,,,,,,,,,,,,,,,,,,,,,,,,,,,,,,,,,
2025-05-14,119.83000183105467,122.5199966430664,116.58999633789062,117.72000122070312,117.72000122070312,86743700.0,,,AMD,0.0467722050422523,,,,,,,,,,,,,,,,,,,,,,,,,,,,,,,,,,,,,,,,,,
2025-05-15,117.0199966430664,117.5,114.01000213623048,114.98999786376952,114.98999786376952,43843200.0,,,AMD,-0.0231906500902541,,,,,,,,,,,,,,,,,,,,,,,,,,,,,,,,,,,,,,,,,,
2025-05-16,118.06999969482422,118.23999786376952,116.01000213623048,117.16999816894533,117.16999816894533,43419700.0,,,AMD,0.0189581732818056,,,,,,,,,,,,,,,,,,,,,,,,,,,,,,,,,,,,,,,,,,
2025-05-19,115.0199966430664,115.52999877929688,114.05999755859376,114.73999786376952,114.73999786376952,37737400.0,,,AMD,-0.0207390999671437,,,,,,,,,,,,,,,,,,,,,,,,,,,,,,,,,,,,,,,,,,
2025-05-20,114.3499984741211,114.51000213623048,112.08000183105467,113.51000213623048,113.51000213623048,29030800.0,,,AMD,-0.0107198514069993,,,,,,,,,,,,,,,,,,,,,,,,,,,,,,,,,,,,,,,,,,
2025-05-21,113.8499984741211,116.0999984741211,111.08999633789062,112.05999755859376,112.05999755859376,43594600.0,,,AMD,-0.0127742450035062,,,,,,,,,,,,,,,,,,,,,,,,,,,,,,,,,,,,,,,,,,
2025-05-22,111.9000015258789,112.63999938964844,110.61000061035156,110.70999908447266,110.70999908447266,29252000.0,,,AMD,-0.0120471042614044,,,,,,,,,,,,,,,,,,,,,,,,,,,,,,,,,,,,,,,,,,
2025-05-23,108.08999633789062,111.0199966430664,107.66999816894533,110.30999755859376,110.30999755859376,30867300.0,,,AMD,-0.0036130568980827,,,,,,,,,,,,,,,,,,,,,,,,,,,,,,,,,,,,,,,,,,
2025-05-27,113.18000030517578,115.4000015258789,112.2699966430664,114.55999755859376,114.55999755859376,37885000.0,,,AMD,0.0385277861849513,,,,,,,,,,,,,,,,,,,,,,,,,,,,,,,,,,,,,,,,,,
2025-05-28,114.91999816894533,114.9499969482422,112.66000366210938,112.86000061035156,112.86000061035156,27483700.0,,,AMD,-0.0148393591521569,,,,,,,,,,,,,,,,,,,,,,,,,,,,,,,,,,,,,,,,,,
2025-05-29,115.48999786376952,115.54000091552734,112.12999725341795,113.02999877929688,113.02999877929688,30501400.0,,,AMD,0.0015062747477048,,,,,,,,,,,,,,,,,,,,,,,,,,,,,,,,,,,,,,,,,,
2025-05-30,111.58000183105467,112.11000061035156,108.62000274658205,110.7300033569336,110.7300033569336,36088500.0,,,AMD,-0.0203485397434557,,,,,,,,,,,,,,,,,,,,,,,,,,,,,,,,,,,,,,,,,,
2025-06-02,111.05999755859376,114.86000061035156,111.01000213623048,114.62999725341795,114.62999725341795,34078400.0,,,AMD,0.0352207511808058,,,,,,,,,,,,,,,,,,,,,,,,,,,,,,,,,,,,,,,,,,
2025-06-03,114.5,117.68000030517578,113.27999877929688,117.30999755859376,117.30999755859376,37161500.0,,,AMD,0.0233795722706946,,,,,,,,,,,,,,,,,,,,,,,,,,,,,,,,,,,,,,,,,,
2025-06-04,117.41000366210938,119.3000030517578,115.7300033569336,118.58000183105467,118.58000183105467,31025000.0,,,AMD,0.0108260531829487,,,,,,,,,,,,,,,,,,,,,,,,,,,,,,,,,,,,,,,,,,
2025-06-05,118.9499969482422,119.23999786376952,114.70999908447266,115.69000244140624,115.69000244140624,34091000.0,,,AMD,-0.0243717266404324,,,,,,,,,,,,,,,,,,,,,,,,,,,,,,,,,,,,,,,,,,
2025-06-06,117.69000244140624,118.37999725341795,115.87999725341795,116.19000244140624,116.19000244140624,27042100.0,,,AMD,0.0043218946274397,,,,,,,,,,,,,,,,,,,,,,,,,,,,,,,,,,,,,,,,,,
2025-06-09,119.18000030517578,122.37000274658205,119.04000091552734,121.7300033569336,121.7300033569336,55437700.0,,,AMD,0.0476805301585319,,,,,,,,,,,,,,,,,,,,,,,,,,,,,,,,,,,,,,,,,,
2025-06-10,121.11000061035156,124.08999633789062,120.8000030517578,123.23999786376952,123.23999786376952,41691900.0,,,AMD,0.012404456298324,,,,,,,,,,,,,,,,,,,,,,,,,,,,,,,,,,,,,,,,,,
2025-06-11,124.44000244140624,124.47000122070312,119.87999725341795,121.13999938964844,121.13999938964844,32261900.0,,,AMD,-0.0170399100172204,,,,,,,,,,,,,,,,,,,,,,,,,,,,,,,,,,,,,,,,,,
2025-06-12,120.62000274658205,122.25,118.02999877929688,118.5,118.5,44718400.0,,,AMD,-0.0217929618866584,,,,,,,,,,,,,,,,,,,,,,,,,,,,,,,,,,,,,,,,,,
2025-06-13,116.0500030517578,117.87999725341795,115.05999755859376,116.16000366210938,116.16000366210938,39702700.0,,,AMD,-0.0197468045391614,,,,,,,,,,,,,,,,,,,,,,,,,,,,,,,,,,,,,,,,,,
2025-06-16,118.63999938964844,128.13999938964844,117.77999877929688,126.38999938964844,126.38999938964844,100968500.0,,,AMD,0.0880681422608806,,,,,,,,,,,,,,,,,,,,,,,,,,,,,,,,,,,,,,,,,,
2025-06-17,127.93000030517578,130.6999969482422,126.58000183105467,127.0999984741211,127.0999984741211,86623900.0,,,AMD,0.005617525816135,,,,,,,,,,,,,,,,,,,,,,,,,,,,,,,,,,,,,,,,,,
2025-06-18,128.00999450683594,129.2100067138672,125.7699966430664,126.79000091552734,126.79000091552734,49627100.0,,,AMD,-0.0024390052109786,,,,,,,,,,,,,,,,,,,,,,,,,,,,,,,,,,,,,,,,,,
2025-06-20,129.0,132.80999755859375,127.5500030517578,128.24000549316406,128.24000549316406,79931000.0,,,AMD,0.011436269162919,,,,,,,,,,,,,,,,,,,,,,,,,,,,,,,,,,,,,,,,,,
2025-06-23,130.47000122070312,133.25,126.81999969482422,129.5800018310547,129.5800018310547,65152900.0,,,AMD,0.010449128824796,,,,,,,,,,,,,,,,,,,,,,,,,,,,,,,,,,,,,,,,,,
2025-06-24,133.42999267578125,138.7899932861328,132.92999267578125,138.42999267578125,138.42999267578125,78572000.0,,,AMD,0.068297505168005,,,,,,,,,,,,,,,,,,,,,,,,,,,,,,,,,,,,,,,,,,
2025-06-25,140.94000244140625,144.17999267578125,139.4600067138672,143.39999389648438,143.39999389648438,74607200.0,,,AMD,0.0359026329817371,,,,,,,,,,,,,,,,,,,,,,,,,,,,,,,,,,,,,,,,,,
2025-06-26,145.97000122070312,146.0,141.91000366210938,143.67999267578125,143.67999267578125,58180100.0,,,AMD,0.0019525717657908,,,,,,,,,,,,,,,,,,,,,,,,,,,,,,,,,,,,,,,,,,
2025-06-27,144.17999267578125,147.75,141.6300048828125,143.80999755859375,143.80999755859375,61937900.0,,,AMD,0.0009048224487724,,,,,,,,,,,,,,,,,,,,,,,,,,,,,,,,,,,,,,,,,,
2025-06-30,144.0,146.0,141.00999450683594,141.89999389648438,141.89999389648438,42972500.0,,,AMD,-0.0132814386658421,,,,,,,,,,,,,,,,,,,,,,,,,,,,,,,,,,,,,,,,,,
2025-07-01,138.77000427246094,140.22999572753906,135.1199951171875,136.11000061035156,136.11000061035156,55257200.0,,,AMD,-0.0408033371048387,,,,,,,,,,,,,,,,,,,,,,,,,,,,,,,,,,,,,,,,,,
2025-07-02,135.52999877929688,139.77999877929688,135.22000122070312,138.52000427246094,138.52000427246094,39228000.0,,,AMD,0.0177062938160481,,,,,,,,,,,,,,,,,,,,,,,,,,,,,,,,,,,,,,,,,,
2025-07-03,139.11000061035156,139.5,137.32000732421875,137.91000366210938,137.91000366210938,28646000.0,,,AMD,-0.0044037004875607,,,,,,,,,,,,,,,,,,,,,,,,,,,,,,,,,,,,,,,,,,
2025-07-07,136.55999755859375,137.44000244140625,133.5,134.8000030517578,134.8000030517578,37395000.0,,,AMD,-0.0225509428450986,,,,,,,,,,,,,,,,,,,,,,,,,,,,,,,,,,,,,,,,,,
2025-07-08,137.32000732421875,139.14999389648438,135.91000366210938,137.82000732421875,137.82000732421875,36124600.0,,,AMD,0.0224035920184761,,,,,,,,,,,,,,,,,,,,,,,,,,,,,,,,,,,,,,,,,,
2025-07-09,138.69000244140625,140.64999389648438,137.58999633789062,138.41000366210938,138.41000366210938,37013100.0,,,AMD,0.0042809193624744,,,,,,,,,,,,,,,,,,,,,,,,,,,,,,,,,,,,,,,,,,
2025-07-10,143.0,145.82000732421875,141.85000610351562,144.16000366210938,144.16000366210938,61101500.0,,,AMD,0.0415432399961281,,,,,,,,,,,,,,,,,,,,,,,,,,,,,,,,,,,,,,,,,,
2025-07-11,142.60000610351562,147.39999389648438,141.60000610351562,146.4199981689453,146.4199981689453,50049200.0,,,AMD,0.0156769870243138,,,,,,,,,,,,,,,,,,,,,,,,,,,,,,,,,,,,,,,,,,
2025-07-14,145.08999633789062,147.5800018310547,141.89999389648438,146.24000549316406,146.24000549316406,44718600.0,,,AMD,-0.0012292902474535,,,,,,,,,,,,,,,,,,,,,,,,,,,,,,,,,,,,,,,,,,
2025-07-15,153.75,158.67999267578125,153.55999755859375,155.61000061035156,155.61000061035156,93370100.0,,,AMD,0.06407272131582,,,,,,,,,,,,,,,,,,,,,,,,,,,,,,,,,,,,,,,,,,
2025-07-16,155.30999755859375,160.36000061035156,152.85000610351562,160.0800018310547,160.0800018310547,59492800.0,,,AMD,0.0287256680365681,,,,,,,,,,,,,,,,,,,,,,,,,,,,,,,,,,,,,,,,,,
2025-07-17,161.80999755859375,161.9600067138672,158.67999267578125,160.41000366210938,160.41000366210938,50605100.0,,,AMD,0.0020614806801599,,,,,,,,,,,,,,,,,,,,,,,,,,,,,,,,,,,,,,,,,,
2025-07-18,159.58999633789062,160.8300018310547,155.80999755859375,156.99000549316406,156.99000549316406,48859800.0,,,AMD,-0.02132035465911,,,,,,,,,,,,,,,,,,,,,,,,,,,,,,,,,,,,,,,,,,
2025-07-21,157.6199951171875,160.33999633789062,156.9199981689453,157.0,157.0,39021100.0,,,AMD,6.366333197171947e-05,,,,,,,,,,,,,,,,,,,,,,,,,,,,,,,,,,,,,,,,,,
2025-07-22,156.1999969482422,156.22999572753906,149.33999633789062,154.72000122070312,154.72000122070312,49028000.0,,,AMD,-0.0145222852184514,,,,,,,,,,,,,,,,,,,,,,,,,,,,,,,,,,,,,,,,,,
2025-07-23,156.32000732421875,159.4499969482422,156.0,158.64999389648438,158.64999389648438,41510900.0,,,AMD,0.0254006763493701,,,,,,,,,,,,,,,,,,,,,,,,,,,,,,,,,,,,,,,,,,
2025-07-24,159.1199951171875,163.92999267578125,158.36000061035156,162.1199951171875,162.1199951171875,48440100.0,,,AMD,0.021872053918686,,,,,,,,,,,,,,,,,,,,,,,,,,,,,,,,,,,,,,,,,,
2025-07-25,163.50999450683594,167.17999267578125,162.36000061035156,166.47000122070312,166.47000122070312,53432300.0,,,AMD,0.0268320147701166,,,,,,,,,,,,,,,,,,,,,,,,,,,,,,,,,,,,,,,,,,
2025-07-28,169.0800018310547,174.6999969482422,168.6699981689453,173.66000366210938,173.66000366210938,68267800.0,,,AMD,0.0431909796881293,,,,,,,,,,,,,,,,,,,,,,,,,,,,,,,,,,,,,,,,,,
2025-07-29,175.2100067138672,182.3099975585937,174.67999267578125,177.44000244140625,177.44000244140625,108154800.0,,,AMD,0.0217666630173036,,,,,,,,,,,,,,,,,,,,,,,,,,,,,,,,,,,,,,,,,,
2025-07-30,175.61000061035156,180.3699951171875,173.8000030517578,179.50999450683594,179.50999450683594,64820300.0,,,AMD,0.0116658703615224,,,,,,,,,,,,,,,,,,,,,,,,,,,,,,,,,,,,,,,,,,
2025-07-31,182.0200042724609,182.5,173.0,176.30999755859375,176.30999755859375,71765300.0,,,AMD,-0.0178262884862397,,,,,,,,,,,,,,,,,,,,,,,,,,,,,,,,,,,,,,,,,,
2025-08-01,170.16000366210938,174.39999389648438,166.82000732421875,171.6999969482422,171.6999969482422,75396100.0,,,AMD,-0.0261471310429772,,,,,,,,,,,,,,,,,,,,,,,,,,,,,,,,,,,,,,,,,,
2025-08-04,174.61000061035156,177.86000061035156,173.55999755859375,176.77999877929688,176.77999877929688,52951000.0,,,AMD,0.029586499250702,,,,,,,,,,,,,,,,,,,,,,,,,,,,,,,,,,,,,,,,,,
2025-08-05,177.57000732421875,177.99000549316406,171.8000030517578,174.30999755859375,174.30999755859375,88808500.0,,,AMD,-0.0139721757990666,,,,,,,,,,,,,,,,,,,,,,,,,,,,,,,,,,,,,,,,,,
2025-08-06,165.0500030517578,166.17999267578125,157.8000030517578,163.1199951171875,163.1199951171875,133641800.0,,,AMD,-0.0641959875975832,,,,,,,,,,,,,,,,,,,,,,,,,,,,,,,,,,,,,,,,,,
2025-08-07,166.83999633789062,175.75,166.6999969482422,172.39999389648438,172.39999389648438,95448300.0,,,AMD,0.0568906268825597,,,,,,,,,,,,,,,,,,,,,,,,,,,,,,,,,,,,,,,,,,
2025-08-08,174.0399932861328,176.47999572753906,170.52000427246094,172.75999450683594,172.75999450683594,68866700.0,,,AMD,0.0020881706676145,,,,,,,,,,,,,,,,,,,,,,,,,,,,,,,,,,,,,,,,,,
2025-08-11,170.0399932861328,178.82000732421875,169.3800048828125,172.27999877929688,172.27999877929688,70651000.0,,,AMD,-0.0027783962884999,,,,,,,,,,,,,,,,,,,,,,,,,,,,,,,,,,,,,,,,,,
2025-08-12,173.32000732421875,175.16000366210938,168.5,174.9499969482422,174.9499969482422,52243500.0,,,AMD,0.0154980159499871,,,,,,,,,,,,,,,,,,,,,,,,,,,,,,,,,,,,,,,,,,
2025-08-13,179.91000366210938,186.6499938964844,179.3800048828125,184.4199981689453,184.4199981689453,108305100.0,,,AMD,0.0541297592791885,,,,,,,,,,,,,,,,,,,,,,,,,,,,,,,,,,,,,,,,,,
2025-08-14,179.8300018310547,185.44000244140625,179.55999755859375,180.9499969482422,180.9499969482422,66308800.0,,,AMD,-0.0188157534711842,,,,,,,,,,,,,,,,,,,,,,,,,,,,,,,,,,,,,,,,,,
2025-08-15,180.05999755859375,180.13999938964844,176.25,177.50999450683594,177.50999450683594,51543100.0,,,AMD,-0.0190107902703651,,,,,,,,,,,,,,,,,,,,,,,,,,,,,,,,,,,,,,,,,,
2025-08-18,176.75999450683594,178.8000030517578,174.36000061035156,176.13999938964844,176.13999938964844,35937500.0,,,AMD,-0.0077178477808738,,,,,,,,,,,,,,,,,,,,,,,,,,,,,,,,,,,,,,,,,,
2025-08-19,173.10000610351562,173.1699981689453,166.10000610351562,166.5500030517578,166.5500030517578,64455000.0,,,AMD,-0.0544453069780935,,,,,,,,,,,,,,,,,,,,,,,,,,,,,,,,,,,,,,,,,,
2025-08-20,164.10000610351562,166.64999389648438,158.25,165.1999969482422,165.1999969482422,60233200.0,,,AMD,-0.0081057104700027,,,,,,,,,,,,,,,,,,,,,,,,,,,,,,,,,,,,,,,,,,
2025-08-21,165.86000061035156,165.8800048828125,162.25999450683594,163.7100067138672,163.7100067138672,37880500.0,,,AMD,-0.0090193115127104,,,,,,,,,,,,,,,,,,,,,,,,,,,,,,,,,,,,,,,,,,
2025-08-22,162.1699981689453,168.52999877929688,161.8000030517578,167.75999450683594,167.75999450683594,43998600.0,,,AMD,0.0247387919300945,,,,,,,,,,,,,,,,,,,,,,,,,,,,,,,,,,,,,,,,,,
2025-08-25,165.5500030517578,165.58999633789062,161.72000122070312,163.36000061035156,163.36000061035156,36134700.0,,,AMD,-0.0262279091592667,,,,,,,,,,,,,,,,,,,,,,,,,,,,,,,,,,,,,,,,,,
2025-08-26,168.64999389648438,169.77000427246094,164.91000366210938,166.6199951171875,166.6199951171875,52138600.0,,,AMD,0.0199558918624866,,,,,,,,,,,,,,,,,,,,,,,,,,,,,,,,,,,,,,,,,,
2025-08-27,166.0399932861328,167.67999267578125,164.64999389648438,167.1300048828125,167.1300048828125,37031000.0,,,AMD,0.0030609157398324,,,,,,,,,,,,,,,,,,,,,,,,,,,,,,,,,,,,,,,,,,
2025-08-28,168.5,170.99000549316406,166.64999389648438,168.5800018310547,168.5800018310547,36285200.0,,,AMD,0.0086758625374234,,,,,,,,,,,,,,,,,,,,,,,,,,,,,,,,,,,,,,,,,,
2025-08-29,166.80999755859375,168.57000732421875,161.89999389648438,162.6300048828125,162.6300048828125,37516800.0,,,AMD,-0.0352947970317681,,,,,,,,,,,,,,,,,,,,,,,,,,,,,,,,,,,,,,,,,,
2025-09-02,158.4199981689453,162.38999938964844,156.6199951171875,162.32000732421875,162.32000732421875,38656100.0,,,AMD,-0.001906152304534,,,,,,,,,,,,,,,,,,,,,,,,,,,,,,,,,,,,,,,,,,
2025-09-03,161.80999755859375,164.75,160.5800018310547,162.1300048828125,162.1300048828125,30752800.0,,,AMD,-0.0011705423412576,,,,,,,,,,,,,,,,,,,,,,,,,,,,,,,,,,,,,,,,,,
2025-09-04,159.94000244140625,162.0500030517578,157.7899932861328,161.7899932861328,161.7899932861328,32103500.0,,,AMD,-0.0020971540519316,,,,,,,,,,,,,,,,,,,,,,,,,,,,,,,,,,,,,,,,,,
2025-09-05,157.1199951171875,157.13999938964844,150.17999267578125,151.13999938964844,151.13999938964844,78256000.0,,,AMD,-0.0658260358392461,,,,,,,,,,,,,,,,,,,,,,,,,,,,,,,,,,,,,,,,,,
2025-09-08,151.8000030517578,152.63999938964844,149.22000122070312,151.41000366210938,151.41000366210938,41849000.0,,,AMD,0.0017864514592516,,,,,,,,,,,,,,,,,,,,,,,,,,,,,,,,,,,,,,,,,,
2025-09-09,151.99000549316406,156.66000366210938,151.92999267578125,155.82000732421875,155.82000732421875,42802500.0,,,AMD,0.0291262370744727,,,,,,,,,,,,,,,,,,,,,,,,,,,,,,,,,,,,,,,,,,
2025-09-10,163.5399932861328,164.52999877929688,158.0,159.5399932861328,159.5399932861328,52465300.0,,,AMD,0.0238736092097198,,,,,,,,,,,,,,,,,,,,,,,,,,,,,,,,,,,,,,,,,,
2025-09-11,158.6199951171875,160.2100067138672,154.99000549316406,155.6699981689453,155.6699981689453,48817700.0,,,AMD,-0.0242572099789845,,,,,,,,,,,,,,,,,,,,,,,,,,,,,,,,,,,,,,,,,,
2025-09-12,157.0,160.41000366210938,154.9199981689453,158.57000732421875,158.57000732421875,42232800.0,,,AMD,0.0186292104412189,,,,,,,,,,,,,,,,,,,,,,,,,,,,,,,,,,,,,,,,,,
2025-09-15,160.00999450683594,162.3000030517578,157.60000610351562,161.16000366210938,161.16000366210938,36808700.0,,,AMD,0.0163334566327855,,,,,,,,,,,,,,,,,,,,,,,,,,,,,,,,,,,,,,,,,,
2025-09-16,161.3699951171875,161.9499969482422,159.22000122070312,160.4600067138672,160.4600067138672,27946500.0,,,AMD,-0.004343490520823,,,,,,,,,,,,,,,,,,,,,,,,,,,,,,,,,,,,,,,,,,
2025-09-17,159.27999877929688,161.6300048828125,155.75999450683594,159.16000366210938,159.16000366210938,41823800.0,,,AMD,-0.0081017262704966,,,,,,,,,,,,,,,,,,,,,,,,,,,,,,,,,,,,,,,,,,
2025-09-18,150.9600067138672,158.77000427246094,149.85000610351562,157.9199981689453,157.9199981689453,84549500.0,,,AMD,-0.0077909365709525,,,,,,,,,,,,,,,,,,,,,,,,,,,,,,,,,,,,,,,,,,
2025-09-19,157.3800048828125,159.83999633789062,155.89999389648438,157.38999938964844,157.38999938964844,55448100.0,,,AMD,-0.0033561219949475,,,,,,,,,,,,,,,,,,,,,,,,,,,,,,,,,,,,,,,,,,
2025-09-22,157.4199981689453,162.67999267578125,157.4199981689453,159.7899932861328,159.7899932861328,46505500.0,,,AMD,0.015248706434916,,,,,,,,,,,,,,,,,,,,,,,,,,,,,,,,,,,,,,,,,,
2025-09-23,160.52000427246094,163.38999938964844,159.2100067138672,160.89999389648438,160.89999389648438,39448300.0,,,AMD,0.0069466215469695,,,,,,,,,,,,,,,,,,,,,,,,,,,,,,,,,,,,,,,,,,
2025-09-24,162.97999572753906,165.10000610351562,158.42999267578125,160.8800048828125,160.8800048828125,38464100.0,,,AMD,-0.0001242325321947,,,,,,,,,,,,,,,,,,,,,,,,,,,,,,,,,,,,,,,,,,
2025-09-25,157.13999938964844,161.6300048828125,154.77999877929688,161.27000427246094,161.27000427246094,36809900.0,,,AMD,0.0024241632136481,,,,,,,,,,,,,,,,,,,,,,,,,,,,,,,,,,,,,,,,,,
2025-09-26,160.52000427246094,162.11000061035156,157.0500030517578,159.4600067138672,159.4600067138672,30316900.0,,,AMD,-0.0112233987142197,,,,,,,,,,,,,,,,,,,,,,,,,,,,,,,,,,,,,,,,,,
2025-09-29,160.1199951171875,164.3000030517578,159.89999389648438,161.36000061035156,161.36000061035156,39828800.0,,,AMD,0.0119151750689041,,,,,,,,,,,,,,,,,,,,,,,,,,,,,,,,,,,,,,,,,,
2025-09-30,160.7899932861328,162.27999877929688,159.3300018310547,161.7899932861328,161.7899932861328,29669300.0,,,AMD,0.0026648033846974,,,,,,,,,,,,,,,,,,,,,,,,,,,,,,,,,,,,,,,,,,
2025-10-01,160.92999267578125,164.17999267578125,160.49000549316406,164.00999450683594,164.00999450683594,39895200.0,,,AMD,0.0137214989358269,,,,,,,,,,,,,,,,,,,,,,,,,,,,,,,,,,,,,,,,,,
2025-10-02,168.67999267578125,171.05999755859375,166.1199951171875,169.72999572753906,169.72999572753906,55475200.0,,,AMD,0.0348759308108184,,,,,,,,,,,,,,,,,,,,,,,,,,,,,,,,,,,,,,,,,,
2025-10-03,170.67999267578125,170.67999267578125,163.13999938964844,164.6699981689453,164.6699981689453,42699100.0,,,AMD,-0.029812040805777,,,,,,,,,,,,,,,,,,,,,,,,,,,,,,,,,,,,,,,,,,
2025-10-06,226.4499969482422,226.7100067138672,203.009994506836,203.7100067138672,203.7100067138672,248859600.0,,,AMD,0.2370802755755683,,,,,,,,,,,,,,,,,,,,,,,,,,,,,,,,,,,,,,,,,,
2025-10-07,214.8500061035156,218.8999938964844,209.27999877929688,211.509994506836,211.509994506836,115748100.0,,,AMD,0.0382896644047767,,,,,,,,,,,,,,,,,,,,,,,,,,,,,,,,,,,,,,,,,,
2025-10-08,212.9499969482422,235.8699951171875,210.6999969482422,235.5599975585937,235.5599975585937,159983500.0,,,AMD,0.1137062251258318,,,,,,,,,,,,,,,,,,,,,,,,,,,,,,,,,,,,,,,,,,
2025-10-09,236.3000030517578,240.1000061035156,229.52999877929688,232.88999938964844,232.88999938964844,94290700.0,,,AMD,-0.0113346841425447,,,,,,,,,,,,,,,,,,,,,,,,,,,,,,,,,,,,,,,,,,
2025-10-10,232.7700042724609,234.22000122070312,213.1999969482422,214.8999938964844,214.8999938964844,118656600.0,,,AMD,-0.0772467926502286,,,,,,,,,,,,,,,,,,,,,,,,,,,,,,,,,,,,,,,,,,
2025-10-13,220.1999969482422,224.19000244140625,214.8999938964844,216.4199981689453,216.4199981689453,63104000.0,,,AMD,0.007073077317969,,,,,,,,,,,,,,,,,,,,,,,,,,,,,,,,,,,,,,,,,,
2025-10-14,219.1999969482422,224.97999572753903,215.8999938964844,218.08999633789065,218.08999633789065,71216300.0,,,AMD,0.0077164688248527,,,,,,,,,,,,,,,,,,,,,,,,,,,,,,,,,,,,,,,,,,
2025-10-15,222.7100067138672,239.2400054931641,220.759994506836,238.6000061035156,238.6000061035156,108481000.0,,,AMD,0.0940437897658013,,,,,,,,,,,,,,,,,,,,,,,,,,,,,,,,,,,,,,,,,,
2025-10-16,236.2899932861328,241.1999969482422,232.2400054931641,234.5599975585937,234.5599975585937,69726400.0,,,AMD,-0.0169321393192636,,,,,,,,,,,,,,,,,,,,,,,,,,,,,,,,,,,,,,,,,,
2025-10-17,233.259994506836,235.3800048828125,227.91000366210932,233.0800018310547,233.0800018310547,55804200.0,,,AMD,-0.0063096680718941,,,,,,,,,,,,,,,,,,,,,,,,,,,,,,,,,,,,,,,,,,
2025-10-20,236.47000122070312,242.8800048828125,234.3999938964844,240.5599975585937,240.5599975585937,56741700.0,,,AMD,0.0320919670017885,,,,,,,,,,,,,,,,,,,,,,,,,,,,,,,,,,,,,,,,,,
2025-10-21,239.38999938964844,242.259994506836,234.0200042724609,238.02999877929688,238.02999877929688,47122400.0,,,AMD,-0.0105171217366702,,,,,,,,,,,,,,,,,,,,,,,,,,,,,,,,,,,,,,,,,,
2025-10-22,236.8500061035156,240.1300048828125,224.8800048828125,230.22999572753903,230.22999572753903,59668800.0,,,AMD,-0.0327689916891108,,,,,,,,,,,,,,,,,,,,,,,,,,,,,,,,,,,,,,,,,,
2025-10-23,230.16000366210932,235.8999938964844,228.5399932861328,234.9900054931641,234.9900054931641,39024400.0,,,AMD,0.0206750199972127,,,,,,,,,,,,,,,,,,,,,,,,,,,,,,,,,,,,,,,,,,
2025-10-24,243.3600006103516,253.38999938964844,241.9499969482422,252.9199981689453,252.9199981689453,71221100.0,,,AMD,0.0763010862447204,,,,,,,,,,,,,,,,,,,,,,,,,,,,,,,,,,,,,,,,,,
2025-10-27,257.8800048828125,260.4200134277344,249.8000030517578,259.6700134277344,259.6700134277344,65613100.0,,,AMD,0.0266883414030398,,,,,,,,,,,,,,,,,,,,,,,,,,,,,,,,,,,,,,,,,,
2025-10-28,259.1400146484375,264.5799865722656,257.0,258.010009765625,258.010009765625,47448700.0,,,AMD,-0.0063927430056198,,,,,,,,,,,,,,,,,,,,,,,,,,,,,,,,,,,,,,,,,,
2025-10-29,264.19000244140625,267.0799865722656,257.3999938964844,264.3299865722656,264.3299865722656,49335600.0,,,AMD,0.024495083785244,,,,,,,,,,,,,,,,,,,,,,,,,,,,,,,,,,,,,,,,,,
2025-10-30,259.9200134277344,263.8800048828125,252.3099975585937,254.83999633789065,254.83999633789065,45162500.0,,,AMD,-0.0359020569608378,,,,,,,,,,,,,,,,,,,,,,,,,,,,,,,,,,,,,,,,,,
2025-10-31,259.6000061035156,262.1300048828125,253.41000366210932,256.1199951171875,256.1199951171875,34449200.0,,,AMD,0.005022754660535,,,,,,,,,,,,,,,,,,,,,,,,,,,,,,,,,,,,,,,,,,
2025-11-03,259.3299865722656,260.9100036621094,253.88999938964844,259.6499938964844,259.6499938964844,36351400.0,,,AMD,0.0137825974019785,,,,,,,,,,,,,,,,,,,,,,,,,,,,,,,,,,,,,,,,,,
2025-11-04,250.3500061035156,257.3800048828125,247.38999938964844,250.0500030517578,250.0500030517578,56491800.0,,,AMD,-0.0369728136737558,,,,,,,,,,,,,,,,,,,,,,,,,,,,,,,,,,,,,,,,,,
2025-11-05,243.2400054931641,259.6499938964844,242.8099975585937,256.3299865722656,256.3299865722656,67366600.0,,,AMD,0.0251149107932942,,,,,,,,,,,,,,,,,,,,,,,,,,,,,,,,,,,,,,,,,,
2025-11-06,253.47000122070312,253.509994506836,235.7400054931641,237.6999969482422,237.6999969482422,66049700.0,,,AMD,-0.0726797120896786,,,,,,,,,,,,,,,,,,,,,,,,,,,,,,,,,,,,,,,,,,
2025-11-07,230.94000244140625,235.8699951171875,224.63999938964844,233.5399932861328,233.5399932861328,52162600.0,,,AMD,-0.017501067377023,,,,,,,,,,,,,,,,,,,,,,,,,,,,,,,,,,,,,,,,,,
2025-11-10,242.13999938964844,248.8999938964844,240.5,243.97999572753903,243.97999572753903,43361600.0,,,AMD,0.044703274563407,,,,,,,,,,,,,,,,,,,,,,,,,,,,,,,,,,,,,,,,,,
2025-11-11,241.66000366210932,248.4600067138672,234.63999938964844,237.5200042724609,237.5200042724609,61336800.0,,,AMD,-0.0264775455701385,,,,,,,,,,,,,,,,,,,,,,,,,,,,,,,,,,,,,,,,,,
2025-11-12,253.1300048828125,263.510009765625,250.0,258.8900146484375,258.8900146484375,108942000.0,,,AMD,0.0899714128981865,,,,,,,,,,,,,,,,,,,,,,,,,,,,,,,,,,,,,,,,,,
2025-11-13,251.8999938964844,259.6300048828125,246.0599975585937,247.9600067138672,247.9600067138672,63178600.0,,,AMD,-0.0422187311836372,,,,,,,,,,,,,,,,,,,,,,,,,,,,,,,,,,,,,,,,,,
2025-11-14,240.1100006103516,253.44000244140625,235.0800018310547,246.8099975585937,246.8099975585937,47655600.0,,,AMD,-0.0046378816104829,,,,,,,,,,,,,,,,,,,,,,,,,,,,,,,,,,,,,,,,,,
2025-11-17,242.75,248.7700042724609,237.1499938964844,240.5200042724609,240.5200042724609,37942200.0,,,AMD,-0.0254851640871619,,,,,,,,,,,,,,,,,,,,,,,,,,,,,,,,,,,,,,,,,,
2025-11-18,236.77999877929688,238.0,224.7100067138672,230.2899932861328,230.2899932861328,45619900.0,,,AMD,-0.0425328904232827,,,,,,,,,,,,,,,,,,,,,,,,,,,,,,,,,,,,,,,,,,
2025-11-19,230.259994506836,235.27999877929688,219.7100067138672,223.5500030517578,223.5500030517578,52093400.0,,,AMD,-0.0292674038424267,,,,,,,,,,,,,,,,,,,,,,,,,,,,,,,,,,,,,,,,,,
2025-11-20,232.6999969482422,234.25,204.52999877929688,206.0200042724609,206.0200042724609,66342900.0,,,AMD,-0.0784164551106637,,,,,,,,,,,,,,,,,,,,,,,,,,,,,,,,,,,,,,,,,,
2025-11-21,208.8099975585937,208.8300018310547,195.0,203.77999877929688,203.77999877929688,67421100.0,,,AMD,-0.0108727572406106,,,,,,,,,,,,,,,,,,,,,,,,,,,,,,,,,,,,,,,,,,
2025-11-24,207.16000366210932,217.1300048828125,205.8500061035156,215.0500030517578,215.0500030517578,46749600.0,,,AMD,0.055304761703659,,,,,,,,,,,,,,,,,,,,,,,,,,,,,,,,,,,,,,,,,,
2025-11-25,201.47999572753903,206.5800018310547,194.27999877929688,206.1300048828125,206.1300048828125,69773500.0,,,AMD,-0.0414787167745283,,,,,,,,,,,,,,,,,,,,,,,,,,,,,,,,,,,,,,,,,,
2025-11-26,210.0500030517578,215.58999633789065,207.0,214.2400054931641,214.2400054931641,43270200.0,,,AMD,0.0393441052648411,,,,,,,,,,,,,,,,,,,,,,,,,,,,,,,,,,,,,,,,,,
2025-11-28,216.13999938964844,218.3000030517578,214.0200042724609,217.52999877929688,217.52999877929688,18658000.0,,,AMD,0.0153565776781954,,,,,,,,,,,,,,,,,,,,,,,,,,,,,,,,,,,,,,,,,,
2025-12-01,213.8800048828125,220.97999572753903,213.5,219.759994506836,219.759994506836,30768700.0,,,AMD,0.0102514399855333,,,,,,,,,,,,,,,,,,,,,,,,,,,,,,,,,,,,,,,,,,
2025-12-02,221.7899932861328,225.97999572753903,214.38999938964844,215.2400054931641,215.2400054931641,42002500.0,,,AMD,-0.0205678427678122,,,,,,,,,,,,,,,,,,,,,,,,,,,,,,,,,,,,,,,,,,
2025-12-03,216.259994506836,218.1999969482422,211.7700042724609,217.6000061035156,217.6000061035156,28545200.0,,,AMD,0.0109645072947484,,,,,,,,,,,,,,,,,,,,,,,,,,,,,,,,,,,,,,,,,,
2025-12-04,216.8800048828125,219.1199951171875,214.13999938964844,215.97999572753903,215.97999572753903,24478200.0,,,AMD,-0.0074449004160684,,,,,,,,,,,,,,,,,,,,,,,,,,,,,,,,,,,,,,,,,,
2025-12-05,217.1699981689453,223.63999938964844,216.2400054931641,217.97000122070312,217.97000122070312,33292400.0,,,AMD,0.0092138417100189,,,,,,,,,,,,,,,,,,,,,,,,,,,,,,,,,,,,,,,,,,
2025-12-08,219.08999633789065,223.7100067138672,218.3600006103516,221.1100006103516,221.1100006103516,30943200.0,,,AMD,0.0144056492731268,,,,,,,,,,,,,,,,,,,,,,,,,,,,,,,,,,,,,,,,,,
2025-12-09,221.0399932861328,224.83999633789065,217.91000366210932,221.6199951171875,221.6199951171875,25166100.0,,,AMD,0.0023065194040436,,,,,,,,,,,,,,,,,,,,,,,,,,,,,,,,,,,,,,,,,,
2025-12-10,222.0,222.6100006103516,218.6699981689453,221.4199981689453,221.4199981689453,23279400.0,,,AMD,-0.0009024318773062,,,,,,,,,,,,,,,,,,,,,,,,,,,,,,,,,,,,,,,,,,
2025-12-11,217.8099975585937,221.5,210.19000244140625,221.42999267578125,221.42999267578125,30694600.0,,,AMD,4.513823014451468e-05,,,,,,,,,,,,,,,,,,,,,,,,,,,,,,,,,,,,,,,,,,
2025-12-12,218.3699951171875,222.4900054931641,209.0599975585937,210.77999877929688,210.77999877929688,37073900.0,,,AMD,-0.0480964379205762,,,,,,,,,,,,,,,,,,,,,,,,,,,,,,,,,,,,,,,,,,
2025-12-15,212.27999877929688,215.3600006103516,206.5800018310547,207.5800018310547,207.5800018310547,27222200.0,,,AMD,-0.0151816916537362,,,,,,,,,,,,,,,,,,,,,,,,,,,,,,,,,,,,,,,,,,
2025-12-16,206.9199981689453,210.22000122070312,205.1100006103516,209.1699981689453,209.1699981689453,23467600.0,,,AMD,0.0076596797565533,,,,,,,,,,,,,,,,,,,,,,,,,,,,,,,,,,,,,,,,,,
2025-12-17,210.0399932861328,211.5,197.52999877929688,198.1100006103516,198.1100006103516,31595400.0,,,AMD,-0.0528756401750342,,,,,,,,,,,,,,,,,,,,,,,,,,,,,,,,,,,,,,,,,,
2025-12-18,203.82000732421875,206.3600006103516,200.5,201.0599975585937,201.0599975585937,29720100.0,,,AMD,0.0148907018280428,,,,,,,,,,,,,,,,,,,,,,,,,,,,,,,,,,,,,,,,,,
2025-12-19,204.6000061035156,215.17999267578125,204.1999969482422,213.42999267578125,213.42999267578125,58445500.0,,,AMD,0.0615238996687175,,,,,,,,,,,,,,,,,,,,,,,,,,,,,,,,,,,,,,,,,,
2025-12-22,220.0,220.1699981689453,213.3099975585937,214.9499969482422,214.9499969482422,24950700.0,,,AMD,0.00712179320912,,,,,,,,,,,,,,,,,,,,,,,,,,,,,,,,,,,,,,,,,,
2025-12-23,212.8600006103516,217.02999877929688,212.27999877929688,214.8999938964844,214.8999938964844,20272300.0,,,AMD,-0.0002326264362303,,,,,,,,,,,,,,,,,,,,,,,,,,,,,,,,,,,,,,,,,,
2025-12-24,214.97999572753903,216.5399932861328,213.97000122070312,215.0399932861328,215.0399932861328,7956800.0,,,AMD,0.0006514629763825,,,,,,,,,,,,,,,,,,,,,,,,,,,,,,,,,,,,,,,,,,
2025-12-26,215.42999267578125,216.8300018310547,213.02999877929688,214.9900054931641,214.9900054931641,15792600.0,,,AMD,-0.0002324581218815,,,,,,,,,,,,,,,,,,,,,,,,,,,,,,,,,,,,,,,,,,
2025-12-29,211.5800018310547,216.0500030517578,209.2400054931641,215.6100006103516,215.6100006103516,20326900.0,,,AMD,0.0028838322775297,,,,,,,,,,,,,,,,,,,,,,,,,,,,,,,,,,,,,,,,,,
2025-12-30,215.8699951171875,216.82000732421875,214.3300018310547,215.33999633789065,215.33999633789065,16409600.0,,,AMD,-0.0012522808389991,,,,,,,,,,,,,,,,,,,,,,,,,,,,,,,,,,,,,,,,,,
2025-12-31,215.82000732421875,217.63999938964844,213.8000030517578,214.16000366210932,214.16000366210932,17591600.0,,,AMD,-0.005479672591476,,,,,,,,,,,,,,,,,,,,,,,,,,,,,,,,,,,,,,,,,,
2026-01-02,218.8999938964844,227.1499938964844,218.8999938964844,223.47000122070312,223.47000122070312,36446200.0,,,AMD,0.0434721581966472,,,,,,,,,,,,,,,,,,,,,,,,,,,,,,,,,,,,,,,,,,
2026-01-05,230.25,234.0200042724609,220.47999572753903,221.0800018310547,221.0800018310547,31941100.0,,,AMD,-0.0106949450780555,,,,,,,,,,,,,,,,,,,,,,,,,,,,,,,,,,,,,,,,,,
2026-01-06,222.7100067138672,222.9199981689453,211.25,214.3500061035156,214.3500061035156,40033200.0,,,AMD,-0.0304414495739059,,,,,,,,,,,,,,,,,,,,,,,,,,,,,,,,,,,,,,,,,,
2026-01-07,212.1300048828125,212.1300048828125,207.1699981689453,210.0200042724609,210.0200042724609,29715500.0,,,AMD,-0.0202006144518773,,,,,,,,,,,,,,,,,,,,,,,,,,,,,,,,,,,,,,,,,,
2026-01-08,210.8999938964844,210.94000244140625,203.3300018310547,204.67999267578125,204.67999267578125,27505000.0,,,AMD,-0.0254262045902637,,,,,,,,,,,,,,,,,,,,,,,,,,,,,,,,,,,,,,,,,,
2026-01-09,205.72000122070312,207.3000030517578,203.07000732421875,203.1699981689453,203.1699981689453,24217300.0,,,AMD,-0.0073773429786457,,,,,,,,,,,,,,,,,,,,,,,,,,,,,,,,,,,,,,,,,,
2026-01-12,201.17999267578125,209.8800048828125,199.8000030517578,207.69000244140625,207.69000244140625,27287300.0,,,AMD,0.0222474002716797,,,,,,,,,,,,,,,,,,,,,,,,,,,,,,,,,,,,,,,,,,
2026-01-13,215.1000061035156,223.1100006103516,214.97999572753903,220.97000122070312,220.97000122070312,56894900.0,,,AMD,0.06394144457215,,,,,,,,,,,,,,,,,,,,,,,,,,,,,,,,,,,,,,,,,,
2026-01-14,217.5399932861328,224.08999633789065,215.1100006103516,223.6000061035156,223.6000061035156,40466500.0,,,AMD,0.0119020901854711,,,,,,,,,,,,,,,,,,,,,,,,,,,,,,,,,,,,,,,,,,
2026-01-15,227.8999938964844,238.3500061035156,227.22000122070312,227.9199981689453,227.9199981689453,55270200.0,,,AMD,0.0193201786561212,,,,,,,,,,,,,,,,,,,,,,,,,,,,,,,,,,,,,,,,,,
2026-01-16,234.3000030517578,234.4900054931641,228.8600006103516,231.8300018310547,231.8300018310547,42545600.0,,,AMD,0.0171551583604836,,,,,,,,,,,,,,,,,,,,,,,,,,,,,,,,,,,,,,,,,,
2026-01-20,226.0800018310547,239.5,225.41000366210932,231.9199981689453,231.9199981689453,44327700.0,,,AMD,0.0003881997031436,,,,,,,,,,,,,,,,,,,,,,,,,,,,,,,,,,,,,,,,,,
2026-01-21,235.9900054931641,252.8999938964844,235.77999877929688,249.8000030517578,249.8000030517578,62385600.0,,,AMD,0.077095571852271,,,,,,,,,,,,,,,,,,,,,,,,,,,,,,,,,,,,,,,,,,
2026-01-22,251.75,256.0799865722656,246.6300048828125,253.72999572753903,253.72999572753903,37945000.0,,,AMD,0.0157325565563222,,,,,,,,,,,,,,,,,,,,,,,,,,,,,,,,,,,,,,,,,,
2026-01-23,261.17999267578125,266.9599914550781,256.25,259.67999267578125,259.67999267578125,47525900.0,,,AMD,0.0234501125150037,,,,,,,,,,,,,,,,,,,,,,,,,,,,,,,,,,,,,,,,,,
2026-01-26,256.75,258.2900085449219,250.3000030517578,251.3099975585937,251.3099975585937,30672500.0,,,AMD,-0.0322319599247591,,,,,,,,,,,,,,,,,,,,,,,,,,,,,,,,,,,,,,,,,,
2026-01-27,252.16000366210932,255.5500030517578,247.9600067138672,252.02999877929688,252.02999877929688,25691600.0,,,AMD,0.0028649923508725,,,,,,,,,,,,,,,,,,,,,,,,,,,,,,,,,,,,,,,,,,
2026-01-28,254.1300048828125,257.3999938964844,250.2100067138672,252.7400054931641,252.7400054931641,27061200.0,,,AMD,0.0028171515982466,,,,,,,,,,,,,,,,,,,,,,,,,,,,,,,,,,,,,,,,,,
2026-01-29,254.66000366210932,260.5299987792969,240.91000366210932,252.17999267578125,252.17999267578125,31685200.0,,,AMD,-0.0022157664208722,,,,,,,,,,,,,,,,,,,,,,,,,,,,,,,,,,,,,,,,,,
2026-01-30,236.92999267578125,245.2400054931641,234.5500030517578,236.72999572753903,236.72999572753903,40035700.0,,,AMD,-0.061265752228432,,,,,,,,,,,,,,,,,,,,,,,,,,,,,,,,,,,,,,,,,,
2026-02-02,235.7700042724609,249.97000122070312,235.0,246.2700042724609,246.2700042724609,36308100.0,,,AMD,0.0402991117184059,,,,,,,,,,,,,,,,,,,,,,,,,,,,,,,,,,,,,,,,,,
2026-02-03,251.5500030517578,252.6499938964844,237.0399932861328,242.1100006103516,242.1100006103516,53097100.0,,,AMD,-0.0168920436510282,,,,,,,,,,,,,,,,,,,,,,,,,,,,,,,,,,,,,,,,,,
2026-02-04,215.0,218.5800018310547,199.1499938964844,200.19000244140625,200.19000244140625,107173300.0,,,AMD,-0.1731444304789821,,,,,,,,,,,,,,,,,,,,,,,,,,,,,,,,,,,,,,,,,,
2026-02-05,201.8600006103516,204.0399932861328,190.72000122070312,192.5,192.5,62196400.0,,,AMD,-0.0384135188951658,,,,,,,,,,,,,,,,,,,,,,,,,,,,,,,,,,,,,,,,,,
2026-02-06,197.1300048828125,209.2700042724609,196.42999267578125,208.44000244140625,208.44000244140625,54504500.0,,,AMD,0.0828052074878247,,,,,,,,,,,,,,,,,,,,,,,,,,,,,,,,,,,,,,,,,,
2026-02-09,206.8999938964844,217.6000061035156,204.1499938964844,216.0,216.0,38810800.0,,,AMD,0.0362694179142457,,,,,,,,,,,,,,,,,,,,,,,,,,,,,,,,,,,,,,,,,,
2026-02-10,215.13999938964844,219.38999938964844,213.1300048828125,213.57000732421875,213.57000732421875,25326700.0,,,AMD,-0.0112499660915799,,,,,,,,,,,,,,,,,,,,,,,,,,,,,,,,,,,,,,,,,,
2026-02-11,217.8800048828125,219.6499938964844,209.2100067138672,213.5800018310547,213.5800018310547,33384700.0,,,AMD,4.679733339507664e-05,,,,,,,,,,,,,,,,,,,,,,,,,,,,,,,,,,,,,,,,,,
2026-02-12,215.8300018310547,218.4600067138672,205.13999938964844,205.94000244140625,205.94000244140625,32181000.0,,,AMD,-0.0357711364554242,,,,,,,,,,,,,,,,,,,,,,,,,,,,,,,,,,,,,,,,,,
2026-02-13,204.0200042724609,210.0500030517578,203.8800048828125,207.32000732421875,207.32000732421875,26123900.0,,,AMD,0.006701004498653,,,,,,,,,,,,,,,,,,,,,,,,,,,,,,,,,,,,,,,,,,
2026-02-17,202.1499938964844,205.3000030517578,194.8300018310547,203.0800018310547,203.0800018310547,33712100.0,,,AMD,-0.0204515017527145,,,,,,,,,,,,,,,,,,,,,,,,,,,,,,,,,,,,,,,,,,
2026-02-18,198.41000366210932,203.1999969482422,195.0,200.1199951171875,200.1199951171875,35664100.0,,,AMD,-0.0145755696630811,,,,,,,,,,,,,,,,,,,,,,,,,,,,,,,,,,,,,,,,,,
2026-02-19,200.1100006103516,204.1000061035156,198.2899932861328,203.3699951171875,203.3699951171875,25842300.0,,,AMD,0.016240256242745,,,,,,,,,,,,,,,,,,,,,,,,,,,,,,,,,,,,,,,,,,
2026-02-20,200.1199951171875,204.8699951171875,198.5599975585937,200.1499938964844,200.1499938964844,36317300.0,,,AMD,-0.0158332167872042,,,,,,,,,,,,,,,,,,,,,,,,,,,,,,,,,,,,,,,,,,
2026-02-23,198.08999633789065,199.3800048828125,194.1499938964844,196.6000061035156,196.6000061035156,28187900.0,,,AMD,-0.0177366370283519,,,,,,,,,,,,,,,,,,,,,,,,,,,,,,,,,,,,,,,,,,
2026-02-24,211.6300048828125,216.7100067138672,206.5,213.83999633789065,213.83999633789065,81367000.0,,,AMD,0.0876906902296721,,,,,,,,,,,,,,,,,,,,,,,,,,,,,,,,,,,,,,,,,,
2026-02-25,214.82000732421875,216.6999969482422,210.3300018310547,210.8600006103516,210.8600006103516,44588100.0,,,AMD,-0.0139356330834871,,,,,,,,,,,,,,,,,,,,,,,,,,,,,,,,,,,,,,,,,,
2026-02-26,208.8000030517578,209.7899932861328,201.4600067138672,203.67999267578125,203.67999267578125,35020500.0,,,AMD,-0.0340510666498492,,,,,,,,,,,,,,,,,,,,,,,,,,,,,,,,,,,,,,,,,,
2026-02-27,200.1100006103516,201.88999938964844,197.7400054931641,200.2100067138672,200.2100067138672,31312400.0,,,AMD,-0.0170364595772428,,,,,,,,,,,,,,,,,,,,,,,,,,,,,,,,,,,,,,,,,,
2026-03-02,193.8500061035156,198.7400054931641,190.0,198.6199951171875,198.6199951171875,34120200.0,,,AMD,-0.0079417189119426,,,,,,,,,,,,,,,,,,,,,,,,,,,,,,,,,,,,,,,,,,
2026-03-03,191.4600067138672,193.63999938964844,188.22000122070312,190.9499969482422,190.9499969482422,37785700.0,,,AMD,-0.0386164452598035,,,,,,,,,,,,,,,,,,,,,,,,,,,,,,,,,,,,,,,,,,
2026-03-04,192.1199951171875,202.44000244140625,189.8600006103516,202.07000732421875,202.07000732421875,40912600.0,,,AMD,0.0582351953584512,,,,,,,,,,,,,,,,,,,,,,,,,,,,,,,,,,,,,,,,,,
2026-03-05,197.7700042724609,203.7899932861328,194.8800048828125,199.4499969482422,199.4499969482422,36000700.0,,,AMD,-0.0129658548077983,,,,,,,,,,,,,,,,,,,,,,,,,,,,,,,,,,,,,,,,,,
2026-03-06,195.2700042724609,200.2400054931641,191.25,192.42999267578125,192.42999267578125,33913800.0,,,AMD,-0.035196813135488,,,,,,,,,,,,,,,,,,,,,,,,,,,,,,,,,,,,,,,,,,
2026-03-09,189.3600006103516,202.97000122070312,189.0200042724609,202.67999267578125,202.67999267578125,38877200.0,,,AMD,0.0532661247733343,,,,,,,,,,,,,,,,,,,,,,,,,,,,,,,,,,,,,,,,,,
2026-03-10,202.509994506836,206.58999633789065,202.1999969482422,203.22999572753903,203.22999572753903,29139200.0,,,AMD,0.0027136524157942,,,,,,,,,,,,,,,,,,,,,,,,,,,,,,,,,,,,,,,,,,
2026-03-11,205.1100006103516,209.2100067138672,203.6300048828125,204.8300018310547,204.8300018310547,23076400.0,,,AMD,0.0078728836153729,,,,,,,,,,,,,,,,,,,,,,,,,,,,,,,,,,,,,,,,,,
2026-03-12,202.8300018310547,203.6199951171875,196.6699981689453,197.7400054931641,197.7400054931641,28886900.0,,,AMD,-0.0346140520163568,,,,,,,,,,,,,,,,,,,,,,,,,,,,,,,,,,,,,,,,,,
2026-03-13,198.1100006103516,199.67999267578125,192.2700042724609,193.38999938964844,193.38999938964844,27561900.0,,,AMD,-0.0219986142544434,,,,,,,,,,,,,,,,,,,,,,,,,,,,,,,,,,,,,,,,,,
2026-03-16,194.97999572753903,200.1699981689453,194.8000030517578,196.5800018310547,196.5800018310547,30285200.0,,,AMD,0.0164951778865201,,,,,,,,,,,,,,,,,,,,,,,,,,,,,,,,,,,,,,,,,,
2026-03-17,196.67999267578125,199.2100067138672,195.259994506836,196.3099975585937,196.3099975585937,22779700.0,,,AMD,-0.0013735083423848,,,,,,,,,,,,,,,,,,,,,,,,,,,,,,,,,,,,,,,,,,
2026-03-18,196.0,202.8600006103516,195.75,199.4600067138672,199.4600067138672,28569100.0,,,AMD,0.0160460964517779,,,,,,,,,,,,,,,,,,,,,,,,,,,,,,,,,,,,,,,,,,
2026-03-19,195.02999877929688,205.8800048828125,192.8300018310547,205.2700042724609,205.2700042724609,32245300.0,,,AMD,0.0291286341272833,,,,,,,,,,,,,,,,,,,,,,,,,,,,,,,,,,,,,,,,,,
2026-03-20,204.88999938964844,206.3000030517578,198.259994506836,201.3300018310547,201.3300018310547,37265100.0,,,AMD,-0.0191942434812664,,,,,,,,,,,,,,,,,,,,,,,,,,,,,,,,,,,,,,,,,,
2026-03-23,206.3999938964844,209.1100006103516,201.7100067138672,202.67999267578125,202.67999267578125,31857800.0,,,AMD,0.0067053634950016,,,,,,,,,,,,,,,,,,,,,,,,,,,,,,,,,,,,,,,,,,
2026-03-24,201.38999938964844,206.42999267578125,200.1300048828125,205.3699951171875,205.3699951171875,27258800.0,,,AMD,0.0132721656730534,,,,,,,,,,,,,,,,,,,,,,,,,,,,,,,,,,,,,,,,,,
2026-03-25,211.509994506836,221.3300018310547,211.509994506836,220.2700042724609,220.2700042724609,48518300.0,,,AMD,0.0725520256587202,,,,,,,,,,,,,,,,,,,,,,,,,,,,,,,,,,,,,,,,,,
2026-03-26,217.97999572753903,221.0,203.42999267578125,203.7700042724609,203.7700042724609,49213000.0,,,AMD,-0.0749080659189096,,,,,,,,,,,,,,,,,,,,,,,,,,,,,,,,,,,,,,,,,,
2026-03-27,201.7700042724609,203.2700042724609,197.69000244140625,201.9900054931641,201.9900054931641,29206600.0,,,AMD,-0.0087353326886953,,,,,,,,,,,,,,,,,,,,,,,,,,,,,,,,,,,,,,,,,,
2026-03-30,204.9499969482422,208.42999267578125,192.8699951171875,196.0399932861328,196.0399932861328,41053300.0,,,AMD,-0.02945696343987,,,,,,,,,,,,,,,,,,,,,,,,,,,,,,,,,,,,,,,,,,
2026-03-31,198.0500030517578,204.0,196.41000366210932,203.42999267578125,203.42999267578125,42318700.0,,,AMD,0.0376963866697457,,,,,,,,,,,,,,,,,,,,,,,,,,,,,,,,,,,,,,,,,,
2026-04-01,207.58999633789065,213.8300018310547,205.83999633789065,210.2100067138672,210.2100067138672,40835800.0,,,AMD,0.0333284878444235,,,,,,,,,,,,,,,,,,,,,,,,,,,,,,,,,,,,,,,,,,
2026-04-02,204.0500030517578,217.77999877929688,200.6199951171875,217.5,217.5,38463500.0,,,AMD,0.0346795730616942,,,,,,,,,,,,,,,,,,,,,,,,,,,,,,,,,,,,,,,,,,
2026-04-06,219.27999877929688,226.3099975585937,217.72999572753903,220.17999267578125,220.17999267578125,30786400.0,,,AMD,0.0123218054058908,,,,,,,,,,,,,,,,,,,,,,,,,,,,,,,,,,,,,,,,,,
2026-04-07,218.2550048828125,222.0984039306641,215.375,221.52999877929688,221.52999877929688,24796216.0,,,AMD,0.0061313750041926,,,,,,,,,,,,,,,,,,,,,,,,,,,,,,,,,,,,,,,,,,
