date,adj_close,volume,ret_1d,benchmark,nrc_anger,nrc_anticipation,nrc_disgust,nrc_fear,nrc_joy,nrc_sadness,nrc_surprise,nrc_trust,nrc_positive,nrc_negative,nrc_net_sentiment,hf_neutral_score,hf_negative_score,hf_very_negative_score,hf_very_positive_score,hf_positive_score,fb_negative_score,fb_neutral_score,fb_positive_score,fb_net_sentiment,n_posts,nrc_anger_lag1,nrc_anticipation_lag1,nrc_disgust_lag1,nrc_fear_lag1,nrc_joy_lag1,nrc_sadness_lag1,nrc_surprise_lag1,nrc_trust_lag1,nrc_positive_lag1,nrc_negative_lag1,nrc_net_sentiment_lag1,hf_neutral_score_lag1,hf_negative_score_lag1,hf_very_negative_score_lag1,hf_very_positive_score_lag1,hf_positive_score_lag1,fb_negative_score_lag1,fb_neutral_score_lag1,fb_positive_score_lag1,fb_net_sentiment_lag1,n_posts_lag1
2023-01-03,365.0720520019531,74850700,,SPY,0.2698412698412698,0.2539682539682539,0.2539682539682539,0.4761904761904761,0.0952380952380952,0.2857142857142857,0.0476190476190476,0.6666666666666666,1.1587301587301588,0.6507936507936508,0.5079365079365079,0.7582507936507936,0.109247619047619,0.0285015873015873,0.0453761904761904,0.0586285714285714,0.122079365079365,0.7051444444444445,0.1727714285714285,0.0506920634920634,63,,,,,,,,,,,,,,,,,,,,,
2023-01-04,367.8904418945313,85934100,0.0077200921766618,SPY,0.0,0.217391304347826,0.0,0.0434782608695652,0.0869565217391304,0.0,0.0434782608695652,0.5652173913043478,0.8695652173913043,0.1304347826086956,0.7391304347826086,0.6949217391304348,0.1097782608695652,0.0220130434782608,0.0611043478260869,0.1121782608695652,0.0729347826086956,0.750195652173913,0.1768782608695652,0.1039434782608695,23,0.2698412698412698,0.2539682539682539,0.2539682539682539,0.4761904761904761,0.0952380952380952,0.2857142857142857,0.0476190476190476,0.6666666666666666,1.1587301587301588,0.6507936507936508,0.5079365079365079,0.7582507936507936,0.109247619047619,0.0285015873015873,0.0453761904761904,0.0586285714285714,0.122079365079365,0.7051444444444445,0.1727714285714285,0.0506920634920634,63.0
2023-01-05,363.6916198730469,76970500,-0.01141324031106,SPY,0.25,0.4166666666666667,0.0833333333333333,0.25,0.2222222222222222,0.2222222222222222,0.1388888888888889,0.4444444444444444,0.8611111111111112,0.3888888888888889,0.4722222222222222,0.6884555555555556,0.1761083333333333,0.0372416666666666,0.0377944444444444,0.0604138888888888,0.0769111111111111,0.7263277777777778,0.1967722222222222,0.1198611111111111,36,0.0,0.217391304347826,0.0,0.0434782608695652,0.0869565217391304,0.0,0.0434782608695652,0.5652173913043478,0.8695652173913043,0.1304347826086956,0.7391304347826086,0.6949217391304348,0.1097782608695652,0.0220130434782608,0.0611043478260869,0.1121782608695652,0.0729347826086956,0.750195652173913,0.1768782608695652,0.1039434782608695,23.0
2023-01-06,372.0317993164063,104189600,0.0229320088438405,SPY,0.12,0.48,0.08,0.4,0.16,0.24,0.08,0.6,1.24,0.6,0.64,0.621608,0.193208,0.031292,0.043036,0.110852,0.194204,0.639508,0.166296,-0.027908,25,0.25,0.4166666666666667,0.0833333333333333,0.25,0.2222222222222222,0.2222222222222222,0.1388888888888889,0.4444444444444444,0.8611111111111112,0.3888888888888889,0.4722222222222222,0.6884555555555556,0.1761083333333333,0.0372416666666666,0.0377944444444444,0.0604138888888888,0.0769111111111111,0.7263277777777778,0.1967722222222222,0.1198611111111111,36.0
2023-01-09,371.8208312988281,73978100,-0.0005670698525388,SPY,0.109375,0.375,0.09375,0.15625,0.25,0.125,0.1875,0.546875,1.203125,0.28125,0.921875,0.638621875,0.162334375,0.052303125,0.0548859375,0.0918484375,0.1382859375,0.6920453125,0.1696578125,0.031371875,64,0.12,0.48,0.08,0.4,0.16,0.24,0.08,0.6,1.24,0.6,0.64,0.621608,0.193208,0.031292,0.043036,0.110852,0.194204,0.639508,0.166296,-0.027908,25.0
2023-01-10,374.428466796875,65358100,0.007013150632088,SPY,0.3333333333333333,0.3333333333333333,0.0,0.4166666666666667,0.0,0.0833333333333333,0.0,0.25,0.4166666666666667,0.75,-0.3333333333333333,0.6972583333333334,0.1525583333333333,0.0293083333333333,0.0544916666666666,0.0664,0.3382083333333334,0.5371916666666666,0.1246083333333333,-0.2136,12,0.109375,0.375,0.09375,0.15625,0.25,0.125,0.1875,0.546875,1.203125,0.28125,0.921875,0.638621875,0.162334375,0.052303125,0.0548859375,0.0918484375,0.1382859375,0.6920453125,0.1696578125,0.031371875,64.0
2023-01-11,379.16412353515625,68881100,0.0126476941745199,SPY,0.125,0.125,0.0,0.0,0.0,0.0,0.125,0.625,0.875,0.375,0.5,0.90415,0.035825,0.0159125,0.0192,0.024875,0.1532625,0.6772125,0.1695124999999999,0.01625,8,0.3333333333333333,0.3333333333333333,0.0,0.4166666666666667,0.0,0.0833333333333333,0.0,0.25,0.4166666666666667,0.75,-0.3333333333333333,0.6972583333333334,0.1525583333333333,0.0293083333333333,0.0544916666666666,0.0664,0.3382083333333334,0.5371916666666666,0.1246083333333333,-0.2136,12.0
2023-01-12,380.5446472167969,90157700,0.0036409659984948,SPY,0.1875,0.1875,0.0625,0.3125,0.0,0.25,0.0,0.75,1.0,0.375,0.625,0.8517,0.05285625,0.02106875,0.029575,0.044825,0.11484375,0.7607375000000001,0.124425,0.0095812499999999,16,0.125,0.125,0.0,0.0,0.0,0.0,0.125,0.625,0.875,0.375,0.5,0.90415,0.035825,0.0159125,0.0192,0.024875,0.1532625,0.6772125,0.1695124999999999,0.01625,8.0
2023-01-13,382.0209655761719,63903900,0.0038794879133694,SPY,0.0,0.0909090909090909,0.0,0.0909090909090909,0.0909090909090909,0.0,0.0,0.3636363636363636,0.9090909090909092,0.1818181818181818,0.7272727272727273,0.7460181818181817,0.1316818181818182,0.0267545454545454,0.0445636363636363,0.0510181818181818,0.1345363636363636,0.7366545454545453,0.1288181818181818,-0.0057181818181818,11,0.1875,0.1875,0.0625,0.3125,0.0,0.25,0.0,0.75,1.0,0.375,0.625,0.8517,0.05285625,0.02106875,0.029575,0.044825,0.11484375,0.7607375000000001,0.124425,0.0095812499999999,16.0
2023-01-17,381.3211364746094,62677300,-0.0018319128127091,SPY,0.26,0.4,0.1,0.2,0.12,0.14,0.06,0.58,0.64,0.34,0.3,0.686764,0.147088,0.04902,0.065712,0.051418,0.198146,0.665182,0.136674,-0.061472,50,0.0,0.0909090909090909,0.0,0.0909090909090909,0.0909090909090909,0.0,0.0,0.3636363636363636,0.9090909090909092,0.1818181818181818,0.7272727272727273,0.7460181818181817,0.1316818181818182,0.0267545454545454,0.0445636363636363,0.0510181818181818,0.1345363636363636,0.7366545454545453,0.1288181818181818,-0.0057181818181818,11.0
2023-01-18,375.3008117675781,99632300,-0.0157880697689364,SPY,0.5714285714285714,0.3928571428571428,0.25,0.3214285714285714,0.1785714285714285,0.1428571428571428,0.0357142857142857,0.9285714285714286,2.4285714285714284,1.1071428571428572,1.3214285714285714,0.6859071428571429,0.125875,0.0341892857142857,0.0575857142857142,0.0964428571428571,0.1469428571428571,0.6310464285714286,0.2220071428571428,0.0750642857142857,28,0.26,0.4,0.1,0.2,0.12,0.14,0.06,0.58,0.64,0.34,0.3,0.686764,0.147088,0.04902,0.065712,0.051418,0.198146,0.665182,0.136674,-0.061472,50.0
2023-01-19,372.5686645507813,86958900,-0.0072798862435951,SPY,0.2142857142857142,0.3571428571428571,0.0,0.1428571428571428,0.2142857142857142,0.2857142857142857,0.2142857142857142,0.3571428571428571,1.0714285714285714,0.5714285714285714,0.5,0.6012285714285713,0.2479857142857142,0.0649857142857142,0.0380214285714285,0.0478071428571428,0.3167714285714286,0.5327857142857143,0.1504285714285714,-0.1663428571428571,14,0.5714285714285714,0.3928571428571428,0.25,0.3214285714285714,0.1785714285714285,0.1428571428571428,0.0357142857142857,0.9285714285714286,2.4285714285714284,1.1071428571428572,1.3214285714285714,0.6859071428571429,0.125875,0.0341892857142857,0.0575857142857142,0.0964428571428571,0.1469428571428571,0.6310464285714286,0.2220071428571428,0.0750642857142857,28.0
2023-01-20,379.5093078613281,91806400,0.0186291654960177,SPY,0.2,0.0666666666666666,0.1333333333333333,0.1333333333333333,0.0666666666666666,0.2,0.2,0.3333333333333333,0.6666666666666666,0.2,0.4666666666666667,0.7223799999999999,0.1208466666666666,0.0235933333333333,0.0342866666666666,0.0988933333333333,0.1295,0.7798466666666666,0.0906666666666666,-0.0388333333333333,15,0.2142857142857142,0.3571428571428571,0.0,0.1428571428571428,0.2142857142857142,0.2857142857142857,0.2142857142857142,0.3571428571428571,1.0714285714285714,0.5714285714285714,0.5,0.6012285714285713,0.2479857142857142,0.0649857142857142,0.0380214285714285,0.0478071428571428,0.3167714285714286,0.5327857142857143,0.1504285714285714,-0.1663428571428571,14.0
2023-01-23,384.0628662109375,84178800,0.0119985419468902,SPY,0.0416666666666666,0.2708333333333333,0.0625,0.0833333333333333,0.0833333333333333,0.1458333333333333,0.0,0.6875,0.875,0.2291666666666666,0.6458333333333334,0.6134416666666667,0.1862916666666666,0.0313229166666666,0.0704520833333333,0.0984895833333333,0.2212083333333333,0.5827916666666667,0.1960041666666666,-0.0252041666666666,48,0.2,0.0666666666666666,0.1333333333333333,0.1333333333333333,0.0666666666666666,0.2,0.2,0.3333333333333333,0.6666666666666666,0.2,0.4666666666666667,0.7223799999999999,0.1208466666666666,0.0235933333333333,0.0342866666666666,0.0988933333333333,0.1295,0.7798466666666666,0.0906666666666666,-0.0388333333333333,15.0
2023-01-24,383.6506958007813,59524900,-0.0010731847476498,SPY,0.391304347826087,0.2608695652173913,0.0434782608695652,0.3478260869565217,0.1739130434782608,0.1739130434782608,0.217391304347826,0.5217391304347826,1.0,0.4782608695652174,0.5217391304347826,0.7463043478260869,0.0828260869565217,0.0350304347826087,0.054495652173913,0.0813434782608695,0.3108347826086957,0.5394739130434782,0.1496869565217391,-0.1611478260869565,23,0.0416666666666666,0.2708333333333333,0.0625,0.0833333333333333,0.0833333333333333,0.1458333333333333,0.0,0.6875,0.875,0.2291666666666666,0.6458333333333334,0.6134416666666667,0.1862916666666666,0.0313229166666666,0.0704520833333333,0.0984895833333333,0.2212083333333333,0.5827916666666667,0.1960041666666666,-0.0252041666666666,48.0
2023-01-25,383.79443359375,84800300,0.0003746579754502,SPY,0.1052631578947368,0.4210526315789473,0.2105263157894736,0.2105263157894736,0.1578947368421052,0.2105263157894736,0.0526315789473684,0.7368421052631579,1.4210526315789471,0.3157894736842105,1.105263157894737,0.7462736842105263,0.1124526315789473,0.0272105263157894,0.0460210526315789,0.0680421052631578,0.1243210526315789,0.7542315789473685,0.1214473684210526,-0.0028736842105263,19,0.391304347826087,0.2608695652173913,0.0434782608695652,0.3478260869565217,0.1739130434782608,0.1739130434782608,0.217391304347826,0.5217391304347826,1.0,0.4782608695652174,0.5217391304347826,0.7463043478260869,0.0828260869565217,0.0350304347826087,0.054495652173913,0.0813434782608695,0.3108347826086957,0.5394739130434782,0.1496869565217391,-0.1611478260869565,23.0
2023-01-26,388.0124816894531,72287400,0.0109903837223652,SPY,0.2857142857142857,0.1904761904761904,0.0952380952380952,0.3333333333333333,0.1904761904761904,0.0952380952380952,0.1428571428571428,0.2857142857142857,0.5714285714285714,0.5238095238095238,0.0476190476190476,0.7028619047619047,0.0897619047619047,0.0685571428571428,0.0543714285714285,0.0844428571428571,0.3383523809523809,0.4286761904761905,0.2329761904761904,-0.1053761904761904,21,0.1052631578947368,0.4210526315789473,0.2105263157894736,0.2105263157894736,0.1578947368421052,0.2105263157894736,0.0526315789473684,0.7368421052631579,1.4210526315789471,0.3157894736842105,1.105263157894737,0.7462736842105263,0.1124526315789473,0.0272105263157894,0.0460210526315789,0.0680421052631578,0.1243210526315789,0.7542315789473685,0.1214473684210526,-0.0028736842105263,19.0
2023-01-27,388.9039916992188,68346200,0.0022976322975072,SPY,0.4,0.28,0.12,0.54,0.1,0.34,0.18,0.28,0.84,0.74,0.1,0.7567900000000001,0.1324,0.033804,0.029774,0.047234,0.319318,0.562414,0.118262,-0.2010559999999999,50,0.2857142857142857,0.1904761904761904,0.0952380952380952,0.3333333333333333,0.1904761904761904,0.0952380952380952,0.1428571428571428,0.2857142857142857,0.5714285714285714,0.5238095238095238,0.0476190476190476,0.7028619047619047,0.0897619047619047,0.0685571428571428,0.0543714285714285,0.0844428571428571,0.3383523809523809,0.4286761904761905,0.2329761904761904,-0.1053761904761904,21.0
2023-01-30,384.0245666503906,74202000,-0.0125466057252554,SPY,0.1132075471698113,0.3773584905660377,0.0566037735849056,0.1320754716981132,0.1320754716981132,0.0754716981132075,0.0377358490566037,0.4339622641509434,0.6981132075471698,0.3584905660377358,0.3396226415094339,0.6952075471698113,0.1455867924528301,0.0363132075471698,0.0495094339622641,0.0733811320754717,0.2191452830188679,0.6394905660377359,0.1413603773584905,-0.0777849056603773,53,0.4,0.28,0.12,0.54,0.1,0.34,0.18,0.28,0.84,0.74,0.1,0.7567900000000001,0.1324,0.033804,0.029774,0.047234,0.319318,0.562414,0.118262,-0.2010559999999999,50.0
2023-01-31,389.6710205078125,86811800,0.0147033662629252,SPY,0.1818181818181818,0.4545454545454545,0.0681818181818181,0.2272727272727272,0.25,0.1590909090909091,0.1818181818181818,0.6590909090909091,1.068181818181818,0.4545454545454545,0.6136363636363636,0.6984022727272727,0.1366590909090909,0.0270045454545454,0.0468681818181818,0.0910795454545454,0.1763477272727272,0.6031590909090909,0.220490909090909,0.0441431818181818,44,0.1132075471698113,0.3773584905660377,0.0566037735849056,0.1320754716981132,0.1320754716981132,0.0754716981132075,0.0377358490566037,0.4339622641509434,0.6981132075471698,0.3584905660377358,0.3396226415094339,0.6952075471698113,0.1455867924528301,0.0363132075471698,0.0495094339622641,0.0733811320754717,0.2191452830188679,0.6394905660377359,0.1413603773584905,-0.0777849056603773,53.0
2023-02-01,393.8122863769531,101459200,0.010627595205165,SPY,0.1471861471861472,0.5627705627705628,0.0259740259740259,0.1341991341991342,0.2554112554112554,0.0995670995670995,0.1298701298701298,0.7012987012987013,1.1168831168831168,0.4588744588744589,0.658008658008658,0.6608212121212121,0.1590051948051948,0.033582251082251,0.0508679653679653,0.0957320346320346,0.2355264069264069,0.4602277056277056,0.3042510822510822,0.0687246753246753,231,0.1818181818181818,0.4545454545454545,0.0681818181818181,0.2272727272727272,0.25,0.1590909090909091,0.1818181818181818,0.6590909090909091,1.068181818181818,0.4545454545454545,0.6136363636363636,0.6984022727272727,0.1366590909090909,0.0270045454545454,0.0468681818181818,0.0910795454545454,0.1763477272727272,0.6031590909090909,0.220490909090909,0.0441431818181818,44.0
2023-02-02,399.5450439453125,101654500,0.0145570815504523,SPY,0.2280701754385964,0.4561403508771929,0.1578947368421052,0.3157894736842105,0.1578947368421052,0.2105263157894736,0.1403508771929824,0.5263157894736842,0.7719298245614035,0.7368421052631579,0.0350877192982456,0.7044666666666667,0.1688614035087719,0.0353526315789473,0.0435666666666666,0.0477578947368421,0.2663842105263158,0.5729070175438598,0.1607017543859649,-0.1056824561403508,57,0.1471861471861472,0.5627705627705628,0.0259740259740259,0.1341991341991342,0.2554112554112554,0.0995670995670995,0.1298701298701298,0.7012987012987013,1.1168831168831168,0.4588744588744589,0.658008658008658,0.6608212121212121,0.1590051948051948,0.033582251082251,0.0508679653679653,0.0957320346320346,0.2355264069264069,0.4602277056277056,0.3042510822510822,0.0687246753246753,231.0
2023-02-03,395.2981567382813,94736800,-0.0106293076873018,SPY,0.1515151515151515,0.4848484848484848,0.0454545454545454,0.2575757575757575,0.2878787878787879,0.1666666666666666,0.0757575757575757,0.5303030303030303,1.0303030303030305,0.3939393939393939,0.6363636363636364,0.7032136363636364,0.118260606060606,0.0346439393939393,0.0480378787878787,0.0958439393939394,0.2216833333333333,0.5079181818181818,0.2703863636363636,0.0487030303030303,66,0.2280701754385964,0.4561403508771929,0.1578947368421052,0.3157894736842105,0.1578947368421052,0.2105263157894736,0.1403508771929824,0.5263157894736842,0.7719298245614035,0.7368421052631579,0.0350877192982456,0.7044666666666667,0.1688614035087719,0.0353526315789473,0.0435666666666666,0.0477578947368421,0.2663842105263158,0.5729070175438598,0.1607017543859649,-0.1056824561403508,57.0
2023-02-06,392.8824157714844,60295300,-0.0061111870258385,SPY,0.131578947368421,0.2982456140350877,0.0614035087719298,0.2105263157894736,0.0701754385964912,0.087719298245614,0.0614035087719298,0.3859649122807017,0.8508771929824561,0.4736842105263157,0.3771929824561403,0.7326684210526315,0.1323052631578947,0.0300271929824561,0.0373964912280701,0.0675991228070175,0.1976263157894736,0.6518622807017543,0.1505140350877193,-0.0471122807017543,114,0.1515151515151515,0.4848484848484848,0.0454545454545454,0.2575757575757575,0.2878787878787879,0.1666666666666666,0.0757575757575757,0.5303030303030303,1.0303030303030305,0.3939393939393939,0.6363636363636364,0.7032136363636364,0.118260606060606,0.0346439393939393,0.0480378787878787,0.0958439393939394,0.2216833333333333,0.5079181818181818,0.2703863636363636,0.0487030303030303,66.0
2023-02-07,398.020751953125,90990700,0.0130785598320828,SPY,0.1228070175438596,0.7426900584795322,0.0175438596491228,0.1111111111111111,0.3567251461988304,0.1461988304093567,0.239766081871345,0.953216374269006,1.2514619883040936,0.5087719298245614,0.7426900584795322,0.659154970760234,0.154825730994152,0.0315549707602339,0.0646228070175438,0.0898374269005848,0.2237953216374268,0.5221771929824561,0.2540251461988304,0.0302298245614035,171,0.131578947368421,0.2982456140350877,0.0614035087719298,0.2105263157894736,0.0701754385964912,0.087719298245614,0.0614035087719298,0.3859649122807017,0.8508771929824561,0.4736842105263157,0.3771929824561403,0.7326684210526315,0.1323052631578947,0.0300271929824561,0.0373964912280701,0.0675991228070175,0.1976263157894736,0.6518622807017543,0.1505140350877193,-0.0471122807017543,114.0
2023-02-08,393.6684875488281,76227500,-0.0109347675540532,SPY,0.2131147540983606,0.3934426229508196,0.081967213114754,0.1967213114754098,0.1311475409836065,0.180327868852459,0.1639344262295081,0.3770491803278688,0.6557377049180327,0.4262295081967213,0.2295081967213114,0.6080770491803279,0.2032737704918032,0.0478786885245901,0.0531704918032786,0.0876295081967213,0.1621852459016393,0.6962540983606558,0.1415639344262295,-0.0206213114754098,61,0.1228070175438596,0.7426900584795322,0.0175438596491228,0.1111111111111111,0.3567251461988304,0.1461988304093567,0.239766081871345,0.953216374269006,1.2514619883040936,0.5087719298245614,0.7426900584795322,0.659154970760234,0.154825730994152,0.0315549707602339,0.0646228070175438,0.0898374269005848,0.2237953216374268,0.5221771929824561,0.2540251461988304,0.0302298245614035,171.0
2023-02-09,390.2557678222656,78694900,-0.0086690193259099,SPY,0.1264367816091954,0.3735632183908046,0.0459770114942528,0.264367816091954,0.2126436781609195,0.1379310344827586,0.1091954022988505,0.5747126436781609,1.1551724137931034,0.5172413793103449,0.6379310344827587,0.7176706896551724,0.1460235632183908,0.0289126436781609,0.0343275862068965,0.0730660919540229,0.1556132183908045,0.630933908045977,0.2134545977011494,0.0578413793103448,174,0.2131147540983606,0.3934426229508196,0.081967213114754,0.1967213114754098,0.1311475409836065,0.180327868852459,0.1639344262295081,0.3770491803278688,0.6557377049180327,0.4262295081967213,0.2295081967213114,0.6080770491803279,0.2032737704918032,0.0478786885245901,0.0531704918032786,0.0876295081967213,0.1621852459016393,0.6962540983606558,0.1415639344262295,-0.0206213114754098,61.0
2023-02-10,391.1664123535156,70769700,0.0023334556625047,SPY,0.2741935483870967,0.4193548387096774,0.0806451612903225,0.2741935483870967,0.0806451612903225,0.0806451612903225,0.0806451612903225,0.3870967741935484,0.7419354838709677,0.4354838709677419,0.3064516129032258,0.731191935483871,0.1402919354838709,0.0369870967741935,0.0384790322580645,0.0530629032258064,0.2585790322580645,0.5569677419354838,0.1844451612903225,-0.0741338709677419,62,0.1264367816091954,0.3735632183908046,0.0459770114942528,0.264367816091954,0.2126436781609195,0.1379310344827586,0.1091954022988505,0.5747126436781609,1.1551724137931034,0.5172413793103449,0.6379310344827587,0.7176706896551724,0.1460235632183908,0.0289126436781609,0.0343275862068965,0.0730660919540229,0.1556132183908045,0.630933908045977,0.2134545977011494,0.0578413793103448,174.0
2023-02-13,395.7583618164063,64913500,0.0117391200212269,SPY,0.191860465116279,0.4941860465116279,0.127906976744186,0.2151162790697674,0.2093023255813953,0.1802325581395348,0.0872093023255814,0.7209302325581395,1.1569767441860466,0.4476744186046512,0.7093023255813954,0.662714534883721,0.1522325581395349,0.0422715116279069,0.0385941860465116,0.104185465116279,0.1077796511627907,0.6845313953488372,0.2076895348837209,0.0999098837209302,172,0.2741935483870967,0.4193548387096774,0.0806451612903225,0.2741935483870967,0.0806451612903225,0.0806451612903225,0.0806451612903225,0.3870967741935484,0.7419354838709677,0.4354838709677419,0.3064516129032258,0.731191935483871,0.1402919354838709,0.0369870967741935,0.0384790322580645,0.0530629032258064,0.2585790322580645,0.5569677419354838,0.1844451612903225,-0.0741338709677419,62.0
2023-02-14,395.5762634277344,88389300,-0.0004601251830437,SPY,0.0519480519480519,0.7402597402597403,0.0389610389610389,0.2077922077922078,0.3506493506493506,0.1168831168831168,0.2532467532467532,1.0389610389610389,1.181818181818182,0.5194805194805194,0.6623376623376623,0.7150292207792208,0.0979324675324675,0.0325155844155844,0.0711883116883116,0.0833402597402597,0.1740201298701298,0.5396129870129871,0.2863662337662337,0.1123461038961039,154,0.191860465116279,0.4941860465116279,0.127906976744186,0.2151162790697674,0.2093023255813953,0.1802325581395348,0.0872093023255814,0.7209302325581395,1.1569767441860466,0.4476744186046512,0.7093023255813954,0.662714534883721,0.1522325581395349,0.0422715116279069,0.0385941860465116,0.104185465116279,0.1077796511627907,0.6845313953488372,0.2076895348837209,0.0999098837209302,172.0
2023-02-15,396.86077880859375,61555700,0.0032472003495074,SPY,0.1692307692307692,0.4076923076923077,0.0307692307692307,0.2153846153846154,0.1615384615384615,0.1384615384615384,0.1,0.5538461538461539,1.1,0.4230769230769231,0.676923076923077,0.7309230769230769,0.1285584615384615,0.0259030769230769,0.0417846153846153,0.0728223076923077,0.1127153846153846,0.6332338461538463,0.2540523076923077,0.141336923076923,130,0.0519480519480519,0.7402597402597403,0.0389610389610389,0.2077922077922078,0.3506493506493506,0.1168831168831168,0.2532467532467532,1.0389610389610389,1.181818181818182,0.5194805194805194,0.6623376623376623,0.7150292207792208,0.0979324675324675,0.0325155844155844,0.0711883116883116,0.0833402597402597,0.1740201298701298,0.5396129870129871,0.2863662337662337,0.1123461038961039,154.0
2023-02-16,391.3965148925781,76431500,-0.0137687174137484,SPY,0.0491803278688524,0.3442622950819672,0.0163934426229508,0.180327868852459,0.1147540983606557,0.1475409836065573,0.0983606557377049,0.4754098360655737,0.7704918032786885,0.3278688524590163,0.4426229508196721,0.7800704918032787,0.0743901639344262,0.0319737704918032,0.0477213114754098,0.0658590163934426,0.2569803278688524,0.5619540983606558,0.181055737704918,-0.0759245901639344,61,0.1692307692307692,0.4076923076923077,0.0307692307692307,0.2153846153846154,0.1615384615384615,0.1384615384615384,0.1,0.5538461538461539,1.1,0.4230769230769231,0.676923076923077,0.7309230769230769,0.1285584615384615,0.0259030769230769,0.0417846153846153,0.0728223076923077,0.1127153846153846,0.6332338461538463,0.2540523076923077,0.141336923076923,130.0
2023-02-17,390.4187622070313,89257800,-0.0024981129068438,SPY,0.1509433962264151,0.3018867924528302,0.0377358490566037,0.2641509433962264,0.1132075471698113,0.1320754716981132,0.0754716981132075,0.5471698113207547,1.0566037735849056,0.4339622641509434,0.6226415094339622,0.6881169811320754,0.1269113207547169,0.0289452830188679,0.0598943396226415,0.0961283018867924,0.1308264150943396,0.6227943396226415,0.2463735849056604,0.1155471698113207,53,0.0491803278688524,0.3442622950819672,0.0163934426229508,0.180327868852459,0.1147540983606557,0.1475409836065573,0.0983606557377049,0.4754098360655737,0.7704918032786885,0.3278688524590163,0.4426229508196721,0.7800704918032787,0.0743901639344262,0.0319737704918032,0.0477213114754098,0.0658590163934426,0.2569803278688524,0.5619540983606558,0.181055737704918,-0.0759245901639344,61.0
2023-02-21,382.5865478515625,82655900,-0.0200610603629635,SPY,0.2063492063492063,0.4761904761904761,0.092063492063492,0.2825396825396825,0.2507936507936508,0.238095238095238,0.2,0.6476190476190476,1.0031746031746032,0.5396825396825397,0.4634920634920635,0.6475047619047619,0.1625098412698412,0.0364482539682539,0.0415898412698412,0.1119425396825396,0.2277644444444444,0.5956803174603175,0.1765501587301587,-0.0512142857142857,315,0.1509433962264151,0.3018867924528302,0.0377358490566037,0.2641509433962264,0.1132075471698113,0.1320754716981132,0.0754716981132075,0.5471698113207547,1.0566037735849056,0.4339622641509434,0.6226415094339622,0.6881169811320754,0.1269113207547169,0.0289452830188679,0.0598943396226415,0.0961283018867924,0.1308264150943396,0.6227943396226415,0.2463735849056604,0.1155471698113207,53.0
2023-02-22,382.059326171875,83742300,-0.0013780455236812,SPY,0.1731843575418994,0.4078212290502793,0.0670391061452514,0.1787709497206704,0.217877094972067,0.1675977653631284,0.0726256983240223,0.4804469273743016,0.8994413407821229,0.4189944134078212,0.4804469273743016,0.7371508379888267,0.1220374301675977,0.0265050279329608,0.0441916201117318,0.0701128491620111,0.2864094972067039,0.4852491620111732,0.2283441340782123,-0.0580653631284916,179,0.2063492063492063,0.4761904761904761,0.092063492063492,0.2825396825396825,0.2507936507936508,0.238095238095238,0.2,0.6476190476190476,1.0031746031746032,0.5396825396825397,0.4634920634920635,0.6475047619047619,0.1625098412698412,0.0364482539682539,0.0415898412698412,0.1119425396825396,0.2277644444444444,0.5956803174603175,0.1765501587301587,-0.0512142857142857,315.0
2023-02-23,384.0916137695313,96242400,0.0053192984922503,SPY,0.131578947368421,0.6710526315789473,0.0745614035087719,0.2324561403508772,0.337719298245614,0.219298245614035,0.175438596491228,0.9385964912280702,1.1885964912280702,0.6228070175438597,0.5657894736842105,0.7336021929824562,0.0919907894736842,0.0332004385964912,0.0565592105263157,0.0846469298245614,0.219153947368421,0.4512438596491228,0.3296048245614035,0.1104508771929824,228,0.1731843575418994,0.4078212290502793,0.0670391061452514,0.1787709497206704,0.217877094972067,0.1675977653631284,0.0726256983240223,0.4804469273743016,0.8994413407821229,0.4189944134078212,0.4804469273743016,0.7371508379888267,0.1220374301675977,0.0265050279329608,0.0441916201117318,0.0701128491620111,0.2864094972067039,0.4852491620111732,0.2283441340782123,-0.0580653631284916,179.0
2023-02-24,379.9885864257813,108194400,-0.0106824184560613,SPY,0.3809523809523809,0.4404761904761904,0.0833333333333333,0.369047619047619,0.2142857142857142,0.2976190476190476,0.1071428571428571,0.4880952380952381,1.011904761904762,0.6666666666666666,0.3452380952380952,0.7709464285714286,0.0954107142857142,0.0267785714285714,0.0361523809523809,0.0707011904761904,0.2440297619047619,0.5382797619047619,0.2176857142857142,-0.0263440476190476,84,0.131578947368421,0.6710526315789473,0.0745614035087719,0.2324561403508772,0.337719298245614,0.219298245614035,0.175438596491228,0.9385964912280702,1.1885964912280702,0.6228070175438597,0.5657894736842105,0.7336021929824562,0.0919907894736842,0.0332004385964912,0.0565592105263157,0.0846469298245614,0.219153947368421,0.4512438596491228,0.3296048245614035,0.1104508771929824,228.0
2023-02-27,381.2828063964844,80444700,0.0034059443281617,SPY,0.160377358490566,0.3018867924528302,0.0566037735849056,0.1037735849056603,0.1226415094339622,0.1415094339622641,0.1037735849056603,0.4433962264150943,0.660377358490566,0.4528301886792453,0.2075471698113207,0.6660056603773584,0.1740716981132075,0.0392481132075471,0.0425235849056603,0.0781292452830188,0.2430292452830188,0.5325009433962264,0.224466037735849,-0.0185632075471698,106,0.3809523809523809,0.4404761904761904,0.0833333333333333,0.369047619047619,0.2142857142857142,0.2976190476190476,0.1071428571428571,0.4880952380952381,1.011904761904762,0.6666666666666666,0.3452380952380952,0.7709464285714286,0.0954107142857142,0.0267785714285714,0.0361523809523809,0.0707011904761904,0.2440297619047619,0.5382797619047619,0.2176857142857142,-0.0263440476190476,84.0
2023-02-28,379.8735961914063,96438600,-0.0036959710258026,SPY,0.0921052631578947,0.5263157894736842,0.0657894736842105,0.1842105263157894,0.2236842105263158,0.1710526315789473,0.131578947368421,0.7236842105263158,1.144736842105263,0.3026315789473684,0.8421052631578947,0.7347434210526316,0.1347184210526315,0.0241671052631578,0.0359776315789473,0.0703842105263157,0.1542342105263157,0.6789776315789474,0.1667921052631578,0.012557894736842,76,0.160377358490566,0.3018867924528302,0.0566037735849056,0.1037735849056603,0.1226415094339622,0.1415094339622641,0.1037735849056603,0.4433962264150943,0.660377358490566,0.4528301886792453,0.2075471698113207,0.6660056603773584,0.1740716981132075,0.0392481132075471,0.0425235849056603,0.0781292452830188,0.2430292452830188,0.5325009433962264,0.224466037735849,-0.0185632075471698,106.0
2023-03-01,378.4163513183594,99706800,-0.0038361309858256,SPY,0.1935483870967742,0.4919354838709677,0.064516129032258,0.2580645161290322,0.2096774193548387,0.1935483870967742,0.064516129032258,0.5645161290322581,1.0,0.5967741935483871,0.4032258064516129,0.6821217741935484,0.1290008064516129,0.0246701612903225,0.0389225806451612,0.1252879032258064,0.2132225806451612,0.505941935483871,0.280833064516129,0.0676104838709677,124,0.0921052631578947,0.5263157894736842,0.0657894736842105,0.1842105263157894,0.2236842105263158,0.1710526315789473,0.131578947368421,0.7236842105263158,1.144736842105263,0.3026315789473684,0.8421052631578947,0.7347434210526316,0.1347184210526315,0.0241671052631578,0.0359776315789473,0.0703842105263157,0.1542342105263157,0.6789776315789474,0.1667921052631578,0.012557894736842,76.0
2023-03-02,381.3594665527344,85127800,0.0077774525971763,SPY,0.1481481481481481,0.7354497354497355,0.0899470899470899,0.2169312169312169,0.328042328042328,0.1216931216931216,0.238095238095238,1.052910052910053,1.1428571428571428,0.544973544973545,0.5978835978835979,0.6835597883597884,0.1513021164021164,0.0312867724867724,0.0636973544973545,0.0701650793650793,0.2673814814814815,0.5053582010582011,0.2272587301587301,-0.0401227513227513,189,0.1935483870967742,0.4919354838709677,0.064516129032258,0.2580645161290322,0.2096774193548387,0.1935483870967742,0.064516129032258,0.5645161290322581,1.0,0.5967741935483871,0.4032258064516129,0.6821217741935484,0.1290008064516129,0.0246701612903225,0.0389225806451612,0.1252879032258064,0.2132225806451612,0.505941935483871,0.280833064516129,0.0676104838709677,124.0
2023-03-03,387.4756774902344,90120000,0.0160379155991248,SPY,0.125,0.7329545454545454,0.034090909090909,0.2215909090909091,0.3693181818181818,0.1477272727272727,0.2215909090909091,1.0625,1.1477272727272727,0.5397727272727273,0.6079545454545454,0.75674375,0.0798170454545454,0.0321039772727272,0.0641301136363636,0.0671903409090909,0.2240011363636363,0.4729056818181817,0.3030954545454545,0.0790943181818181,176,0.1481481481481481,0.7354497354497355,0.0899470899470899,0.2169312169312169,0.328042328042328,0.1216931216931216,0.238095238095238,1.052910052910053,1.1428571428571428,0.544973544973545,0.5978835978835979,0.6835597883597884,0.1513021164021164,0.0312867724867724,0.0636973544973545,0.0701650793650793,0.2673814814814815,0.5053582010582011,0.2272587301587301,-0.0401227513227513,189.0
2023-03-06,387.7441101074219,72795900,0.0006927728184804,SPY,0.1314553990610328,0.3380281690140845,0.0751173708920187,0.2206572769953051,0.136150234741784,0.0892018779342723,0.0751173708920187,0.6338028169014085,1.215962441314554,0.3474178403755869,0.8685446009389671,0.6835131455399062,0.1419807511737089,0.0308084507042253,0.0437286384976525,0.0999732394366197,0.1018098591549295,0.6623830985915493,0.2358018779342723,0.1339920187793427,213,0.125,0.7329545454545454,0.034090909090909,0.2215909090909091,0.3693181818181818,0.1477272727272727,0.2215909090909091,1.0625,1.1477272727272727,0.5397727272727273,0.6079545454545454,0.75674375,0.0798170454545454,0.0321039772727272,0.0641301136363636,0.0671903409090909,0.2240011363636363,0.4729056818181817,0.3030954545454545,0.0790943181818181,176.0
2023-03-07,381.8004150390625,108310600,-0.0153289112933596,SPY,0.1081081081081081,0.3243243243243243,0.027027027027027,0.081081081081081,0.1081081081081081,0.1081081081081081,0.081081081081081,0.3243243243243243,0.918918918918919,0.2432432432432432,0.6756756756756757,0.6326540540540541,0.1559918918918919,0.0370189189189189,0.0719594594594594,0.1023675675675675,0.1713135135135135,0.5540027027027027,0.2746918918918919,0.1033783783783783,37,0.1314553990610328,0.3380281690140845,0.0751173708920187,0.2206572769953051,0.136150234741784,0.0892018779342723,0.0751173708920187,0.6338028169014085,1.215962441314554,0.3474178403755869,0.8685446009389671,0.6835131455399062,0.1419807511737089,0.0308084507042253,0.0437286384976525,0.0999732394366197,0.1018098591549295,0.6623830985915493,0.2358018779342723,0.1339920187793427,213.0
2023-03-08,382.4236145019531,74746600,0.0016322650220976,SPY,0.1489361702127659,0.3404255319148936,0.0638297872340425,0.1276595744680851,0.1063829787234042,0.0851063829787234,0.0638297872340425,0.4042553191489361,0.851063829787234,0.3617021276595745,0.4893617021276595,0.721063829787234,0.1411404255319149,0.0293021276595744,0.0351914893617021,0.0732829787234042,0.1309829787234042,0.7010659574468084,0.1679553191489362,0.0369723404255319,47,0.1081081081081081,0.3243243243243243,0.027027027027027,0.081081081081081,0.1081081081081081,0.1081081081081081,0.081081081081081,0.3243243243243243,0.918918918918919,0.2432432432432432,0.6756756756756757,0.6326540540540541,0.1559918918918919,0.0370189189189189,0.0719594594594594,0.1023675675675675,0.1713135135135135,0.5540027027027027,0.2746918918918919,0.1033783783783783,37.0
2023-03-09,375.3678894042969,111945300,-0.01845002460647,SPY,0.1940298507462686,0.4626865671641791,0.1194029850746268,0.2985074626865671,0.2537313432835821,0.1940298507462686,0.1044776119402985,0.5970149253731343,0.9850746268656716,0.7164179104477612,0.2686567164179104,0.6511402985074627,0.1619089552238805,0.0345298507462686,0.0491835820895522,0.1032417910447761,0.1751029850746268,0.6478626865671642,0.1770238805970149,0.001920895522388,67,0.1489361702127659,0.3404255319148936,0.0638297872340425,0.1276595744680851,0.1063829787234042,0.0851063829787234,0.0638297872340425,0.4042553191489361,0.851063829787234,0.3617021276595745,0.4893617021276595,0.721063829787234,0.1411404255319149,0.0293021276595744,0.0351914893617021,0.0732829787234042,0.1309829787234042,0.7010659574468084,0.1679553191489362,0.0369723404255319,47.0
2023-03-10,369.9515686035156,189253000,-0.0144293663727519,SPY,0.1382978723404255,0.4574468085106383,0.0319148936170212,0.0957446808510638,0.1914893617021276,0.1170212765957446,0.1170212765957446,0.5319148936170213,0.8723404255319149,0.3723404255319149,0.5,0.7364393617021278,0.1123659574468085,0.0285287234042553,0.0296691489361702,0.093,0.0958244680851063,0.7815574468085106,0.1226170212765957,0.0267925531914893,94,0.1940298507462686,0.4626865671641791,0.1194029850746268,0.2985074626865671,0.2537313432835821,0.1940298507462686,0.1044776119402985,0.5970149253731343,0.9850746268656716,0.7164179104477612,0.2686567164179104,0.6511402985074627,0.1619089552238805,0.0345298507462686,0.0491835820895522,0.1032417910447761,0.1751029850746268,0.6478626865671642,0.1770238805970149,0.001920895522388,67.0
2023-03-13,369.42425537109375,157790000,-0.0014253574715532,SPY,0.2252252252252252,0.4144144144144144,0.1081081081081081,0.2882882882882883,0.2522522522522522,0.2072072072072072,0.1441441441441441,0.5405405405405406,1.0990990990990992,0.6216216216216216,0.4774774774774775,0.6582657657657657,0.1689387387387387,0.0373918918918918,0.046381081081081,0.0890045045045045,0.2243243243243243,0.562345945945946,0.2133306306306306,-0.0109936936936936,111,0.1382978723404255,0.4574468085106383,0.0319148936170212,0.0957446808510638,0.1914893617021276,0.1170212765957446,0.1170212765957446,0.5319148936170213,0.8723404255319149,0.3723404255319149,0.5,0.7364393617021278,0.1123659574468085,0.0285287234042553,0.0296691489361702,0.093,0.0958244680851063,0.7815574468085106,0.1226170212765957,0.0267925531914893,94.0
2023-03-14,375.5309143066406,149752400,0.0165302057099976,SPY,0.1818181818181818,0.3454545454545454,0.0181818181818181,0.1818181818181818,0.1636363636363636,0.1272727272727272,0.0363636363636363,0.5454545454545454,1.3818181818181818,0.3090909090909091,1.0727272727272728,0.7348981818181819,0.1167345454545454,0.0320545454545454,0.0369054545454545,0.0794127272727272,0.1230218181818181,0.66454,0.2124454545454545,0.0894236363636363,55,0.2252252252252252,0.4144144144144144,0.1081081081081081,0.2882882882882883,0.2522522522522522,0.2072072072072072,0.1441441441441441,0.5405405405405406,1.0990990990990992,0.6216216216216216,0.4774774774774775,0.6582657657657657,0.1689387387387387,0.0373918918918918,0.046381081081081,0.0890045045045045,0.2243243243243243,0.562345945945946,0.2133306306306306,-0.0109936936936936,111.0
2023-03-15,373.1821899414063,172996900,-0.0062544101584044,SPY,0.1515151515151515,0.1515151515151515,0.0303030303030303,0.2878787878787879,0.0606060606060606,0.106060606060606,0.0909090909090909,0.4696969696969697,0.696969696969697,0.5757575757575758,0.1212121212121212,0.7358060606060607,0.1069045454545454,0.0332515151515151,0.0520590909090909,0.0719742424242424,0.1589848484848484,0.6457469696969698,0.1952621212121212,0.0362772727272727,66,0.1818181818181818,0.3454545454545454,0.0181818181818181,0.1818181818181818,0.1636363636363636,0.1272727272727272,0.0363636363636363,0.5454545454545454,1.3818181818181818,0.3090909090909091,1.0727272727272728,0.7348981818181819,0.1167345454545454,0.0320545454545454,0.0369054545454545,0.0794127272727272,0.1230218181818181,0.66454,0.2124454545454545,0.0894236363636363,55.0
2023-03-16,379.729736328125,143254200,0.0175451738137524,SPY,0.1481481481481481,0.2716049382716049,0.0246913580246913,0.0864197530864197,0.1111111111111111,0.1111111111111111,0.0617283950617283,0.4320987654320987,0.9753086419753086,0.4074074074074074,0.5679012345679012,0.7339777777777777,0.1324765432098765,0.035795061728395,0.0300851851851851,0.0676555555555555,0.0979,0.6866111111111111,0.2154839506172839,0.1175839506172839,81,0.1515151515151515,0.1515151515151515,0.0303030303030303,0.2878787878787879,0.0606060606060606,0.106060606060606,0.0909090909090909,0.4696969696969697,0.696969696969697,0.5757575757575758,0.1212121212121212,0.7358060606060607,0.1069045454545454,0.0332515151515151,0.0520590909090909,0.0719742424242424,0.1589848484848484,0.6457469696969698,0.1952621212121212,0.0362772727272727,66.0
2023-03-17,375.2897338867188,140553400,-0.0116925329165415,SPY,0.1466666666666666,0.4533333333333333,0.0266666666666666,0.2,0.2133333333333333,0.2133333333333333,0.0933333333333333,0.6666666666666666,1.3333333333333333,0.5733333333333334,0.76,0.7663893333333334,0.1133506666666666,0.031336,0.0404333333333333,0.0485,0.2986666666666666,0.540276,0.1610573333333333,-0.1376093333333333,75,0.1481481481481481,0.2716049382716049,0.0246913580246913,0.0864197530864197,0.1111111111111111,0.1111111111111111,0.0617283950617283,0.4320987654320987,0.9753086419753086,0.4074074074074074,0.5679012345679012,0.7339777777777777,0.1324765432098765,0.035795061728395,0.0300851851851851,0.0676555555555555,0.0979,0.6866111111111111,0.2154839506172839,0.1175839506172839,81.0
2023-03-20,378.8983459472656,93055800,0.0096155363035752,SPY,0.1742424242424242,0.2803030303030303,0.053030303030303,0.1969696969696969,0.1287878787878787,0.1136363636363636,0.0833333333333333,0.5833333333333334,0.946969696969697,0.3863636363636363,0.5606060606060606,0.7583924242424243,0.0942181818181818,0.0248348484848484,0.0501810606060606,0.0723719696969697,0.1885681818181818,0.6592992424242424,0.1521318181818181,-0.0364363636363636,132,0.1466666666666666,0.4533333333333333,0.0266666666666666,0.2,0.2133333333333333,0.2133333333333333,0.0933333333333333,0.6666666666666666,1.3333333333333333,0.5733333333333334,0.76,0.7663893333333334,0.1133506666666666,0.031336,0.0404333333333333,0.0485,0.2986666666666666,0.540276,0.1610573333333333,-0.1376093333333333,75.0
2023-03-21,383.8734130859375,91524200,0.0131303479993662,SPY,0.1150442477876106,0.3274336283185841,0.0176991150442477,0.0973451327433628,0.1592920353982301,0.079646017699115,0.0530973451327433,0.4867256637168141,1.1415929203539823,0.2566371681415929,0.8849557522123894,0.7323070796460176,0.0829185840707964,0.0270938053097345,0.0848867256637168,0.0727964601769911,0.119887610619469,0.6442309734513275,0.2358778761061946,0.1159902654867256,113,0.1742424242424242,0.2803030303030303,0.053030303030303,0.1969696969696969,0.1287878787878787,0.1136363636363636,0.0833333333333333,0.5833333333333334,0.946969696969697,0.3863636363636363,0.5606060606060606,0.7583924242424243,0.0942181818181818,0.0248348484848484,0.0501810606060606,0.0723719696969697,0.1885681818181818,0.6592992424242424,0.1521318181818181,-0.0364363636363636,132.0
2023-03-22,377.3297424316406,111746600,-0.0170464284090233,SPY,0.1309523809523809,0.4880952380952381,0.0714285714285714,0.2142857142857142,0.2738095238095238,0.25,0.1071428571428571,0.6547619047619048,1.0476190476190477,0.4642857142857143,0.5833333333333334,0.7394273809523809,0.1189535714285714,0.0381797619047619,0.0486797619047619,0.0547464285714285,0.0946892857142857,0.7384511904761905,0.1668642857142857,0.072175,84,0.1150442477876106,0.3274336283185841,0.0176991150442477,0.0973451327433628,0.1592920353982301,0.079646017699115,0.0530973451327433,0.4867256637168141,1.1415929203539823,0.2566371681415929,0.8849557522123894,0.7323070796460176,0.0829185840707964,0.0270938053097345,0.0848867256637168,0.0727964601769911,0.119887610619469,0.6442309734513275,0.2358778761061946,0.1159902654867256,113.0
2023-03-23,378.349853515625,119351300,0.0027035003321245,SPY,0.2054794520547945,0.3287671232876712,0.136986301369863,0.3150684931506849,0.1780821917808219,0.1506849315068493,0.0958904109589041,0.6575342465753424,1.1369863013698631,0.5068493150684932,0.6301369863013698,0.7247958904109589,0.1394,0.0395643835616438,0.0361493150684931,0.0600999999999999,0.1398534246575342,0.6794972602739726,0.1806506849315068,0.0407972602739726,73,0.1309523809523809,0.4880952380952381,0.0714285714285714,0.2142857142857142,0.2738095238095238,0.25,0.1071428571428571,0.6547619047619048,1.0476190476190477,0.4642857142857143,0.5833333333333334,0.7394273809523809,0.1189535714285714,0.0381797619047619,0.0486797619047619,0.0547464285714285,0.0946892857142857,0.7384511904761905,0.1668642857142857,0.072175,84.0
2023-03-24,380.8326110839844,107682400,0.0065620682690625,SPY,0.2037037037037037,0.5509259259259259,0.1018518518518518,0.4027777777777778,0.3101851851851852,0.2638888888888889,0.2546296296296296,1.148148148148148,1.3888888888888888,0.7916666666666666,0.5972222222222222,0.6225310185185186,0.1803712962962963,0.0340800925925925,0.0525736111111111,0.1104388888888888,0.2801490740740741,0.4392726851851852,0.2805791666666666,0.0004300925925925,216,0.2054794520547945,0.3287671232876712,0.136986301369863,0.3150684931506849,0.1780821917808219,0.1506849315068493,0.0958904109589041,0.6575342465753424,1.1369863013698631,0.5068493150684932,0.6301369863013698,0.7247958904109589,0.1394,0.0395643835616438,0.0361493150684931,0.0600999999999999,0.1398534246575342,0.6794972602739726,0.1806506849315068,0.0407972602739726,73.0
2023-03-27,381.5447082519531,74010400,0.0018698429368795,SPY,0.2075471698113207,0.5911949685534591,0.0754716981132075,0.2735849056603773,0.320754716981132,0.2012578616352201,0.160377358490566,0.7138364779874213,1.449685534591195,0.559748427672956,0.889937106918239,0.7055053459119497,0.1331094339622641,0.0334666666666666,0.0432157232704402,0.084703144654088,0.1141937106918239,0.6464842767295598,0.2393166666666666,0.1251229559748427,318,0.2037037037037037,0.5509259259259259,0.1018518518518518,0.4027777777777778,0.3101851851851852,0.2638888888888889,0.2546296296296296,1.148148148148148,1.3888888888888888,0.7916666666666666,0.5972222222222222,0.6225310185185186,0.1803712962962963,0.0340800925925925,0.0525736111111111,0.1104388888888888,0.2801490740740741,0.4392726851851852,0.2805791666666666,0.0004300925925925,216.0
2023-03-28,380.6882629394531,62871700,-0.0022446787859378,SPY,0.217391304347826,0.3478260869565217,0.0869565217391304,0.2826086956521739,0.2391304347826087,0.1739130434782608,0.0652173913043478,0.6739130434782609,1.0434782608695652,0.5,0.5434782608695652,0.6419130434782608,0.1896630434782608,0.0325108695652173,0.0408239130434782,0.095091304347826,0.1816217391304347,0.6150413043478261,0.2033369565217391,0.0217152173913043,46,0.2075471698113207,0.5911949685534591,0.0754716981132075,0.2735849056603773,0.320754716981132,0.2012578616352201,0.160377358490566,0.7138364779874213,1.449685534591195,0.559748427672956,0.889937106918239,0.7055053459119497,0.1331094339622641,0.0334666666666666,0.0432157232704402,0.084703144654088,0.1141937106918239,0.6464842767295598,0.2393166666666666,0.1251229559748427,318.0
2023-03-29,386.2214965820313,77497900,0.0145348154415207,SPY,0.1515151515151515,0.3484848484848485,0.0909090909090909,0.3484848484848485,0.0909090909090909,0.1969696969696969,0.0757575757575757,0.6060606060606061,0.8333333333333334,0.5303030303030303,0.303030303030303,0.6731681818181818,0.1597439393939393,0.0325,0.0440984848484848,0.0905075757575757,0.2144984848484848,0.5686272727272728,0.2168772727272727,0.0023787878787878,66,0.217391304347826,0.3478260869565217,0.0869565217391304,0.2826086956521739,0.2391304347826087,0.1739130434782608,0.0652173913043478,0.6739130434782609,1.0434782608695652,0.5,0.5434782608695652,0.6419130434782608,0.1896630434782608,0.0325108695652173,0.0408239130434782,0.095091304347826,0.1816217391304347,0.6150413043478261,0.2033369565217391,0.0217152173913043,46.0
2023-03-30,388.4829711914063,69840000,0.0058553825444427,SPY,0.1683168316831683,0.297029702970297,0.0693069306930693,0.2772277227722772,0.1089108910891089,0.2376237623762376,0.1386138613861386,0.396039603960396,0.7326732673267327,0.5445544554455446,0.1881188118811881,0.7060475247524752,0.1509356435643564,0.0312920792079207,0.0468287128712871,0.064889108910891,0.1486633663366336,0.6438009900990099,0.2075376237623762,0.0588742574257425,101,0.1515151515151515,0.3484848484848485,0.0909090909090909,0.3484848484848485,0.0909090909090909,0.1969696969696969,0.0757575757575757,0.6060606060606061,0.8333333333333334,0.5303030303030303,0.303030303030303,0.6731681818181818,0.1597439393939393,0.0325,0.0440984848484848,0.0905075757575757,0.2144984848484848,0.5686272727272728,0.2168772727272727,0.0023787878787878,66.0
2023-03-31,393.95843505859375,112062600,0.0140944758798442,SPY,0.1890756302521008,0.6008403361344538,0.088235294117647,0.4201680672268907,0.3949579831932773,0.2773109243697479,0.2310924369747899,1.046218487394958,1.2983193277310925,0.8613445378151261,0.4369747899159664,0.6353138655462185,0.1373785714285714,0.0343294117647058,0.0759680672268907,0.1170273109243697,0.2070802521008403,0.4579449579831932,0.3349718487394957,0.1278915966386554,238,0.1683168316831683,0.297029702970297,0.0693069306930693,0.2772277227722772,0.1089108910891089,0.2376237623762376,0.1386138613861386,0.396039603960396,0.7326732673267327,0.5445544554455446,0.1881188118811881,0.7060475247524752,0.1509356435643564,0.0312920792079207,0.0468287128712871,0.064889108910891,0.1486633663366336,0.6438009900990099,0.2075376237623762,0.0588742574257425,101.0
2023-04-03,395.4596252441406,67391100,0.0038105293654231,SPY,0.1676646706586826,0.4910179640718562,0.0778443113772455,0.3772455089820359,0.2634730538922156,0.1976047904191616,0.1137724550898203,0.7425149700598802,1.341317365269461,0.6706586826347305,0.6706586826347305,0.747251497005988,0.1066580838323353,0.0300383233532934,0.0393610778443113,0.0766820359281437,0.1389419161676646,0.638217365269461,0.2228317365269461,0.0838898203592814,167,0.1890756302521008,0.6008403361344538,0.088235294117647,0.4201680672268907,0.3949579831932773,0.2773109243697479,0.2310924369747899,1.046218487394958,1.2983193277310925,0.8613445378151261,0.4369747899159664,0.6353138655462185,0.1373785714285714,0.0343294117647058,0.0759680672268907,0.1170273109243697,0.2070802521008403,0.4579449579831932,0.3349718487394957,0.1278915966386554,238.0
2023-04-04,393.26556396484375,66601500,-0.0055481296679588,SPY,0.1298701298701298,0.4090909090909091,0.0259740259740259,0.1818181818181818,0.2272727272727272,0.0909090909090909,0.1298701298701298,0.3961038961038961,0.9415584415584416,0.3051948051948052,0.6363636363636364,0.5311831168831169,0.2262077922077922,0.0373532467532467,0.0557798701298701,0.149475974025974,0.1408558441558441,0.5947636363636364,0.2643850649350649,0.1235292207792207,154,0.1676646706586826,0.4910179640718562,0.0778443113772455,0.3772455089820359,0.2634730538922156,0.1976047904191616,0.1137724550898203,0.7425149700598802,1.341317365269461,0.6706586826347305,0.6706586826347305,0.747251497005988,0.1066580838323353,0.0300383233532934,0.0393610778443113,0.0766820359281437,0.1389419161676646,0.638217365269461,0.2228317365269461,0.0838898203592814,167.0
2023-04-05,392.2359313964844,65200200,-0.002618161015622,SPY,0.1132075471698113,0.3962264150943396,0.0377358490566037,0.1320754716981132,0.2075471698113207,0.1320754716981132,0.0943396226415094,0.5660377358490566,0.8867924528301887,0.320754716981132,0.5660377358490566,0.6498924528301886,0.1532490566037735,0.0236396226415094,0.0433094339622641,0.1299018867924528,0.1182867924528301,0.7006679245283018,0.181054716981132,0.0627679245283018,53,0.1298701298701298,0.4090909090909091,0.0259740259740259,0.1818181818181818,0.2272727272727272,0.0909090909090909,0.1298701298701298,0.3961038961038961,0.9415584415584416,0.3051948051948052,0.6363636363636364,0.5311831168831169,0.2262077922077922,0.0373532467532467,0.0557798701298701,0.149475974025974,0.1408558441558441,0.5947636363636364,0.2643850649350649,0.1235292207792207,154.0
2023-04-06,393.7659912109375,63743300,0.0039008660145072,SPY,0.2416107382550335,0.4530201342281879,0.0738255033557047,0.4060402684563758,0.3456375838926174,0.2114093959731543,0.1812080536912751,0.8221476510067114,1.2248322147651007,0.6912751677852349,0.5335570469798657,0.5370308724832215,0.2542677852348993,0.0535573825503355,0.0655583892617449,0.0895929530201342,0.2848791946308725,0.5202090604026846,0.1949184563758389,-0.0899607382550335,298,0.1132075471698113,0.3962264150943396,0.0377358490566037,0.1320754716981132,0.2075471698113207,0.1320754716981132,0.0943396226415094,0.5660377358490566,0.8867924528301887,0.320754716981132,0.5660377358490566,0.6498924528301886,0.1532490566037735,0.0236396226415094,0.0433094339622641,0.1299018867924528,0.1182867924528301,0.7006679245283018,0.181054716981132,0.0627679245283018,53.0
2023-04-10,394.1701049804688,63681000,0.001026279004666,SPY,0.1594594594594594,0.4837837837837838,0.127027027027027,0.3054054054054054,0.2135135135135135,0.2,0.1783783783783784,0.727027027027027,1.162162162162162,0.581081081081081,0.581081081081081,0.6705064864864865,0.1534113513513513,0.0430564864864864,0.0489608108108108,0.0840602702702702,0.2169886486486486,0.6345627027027027,0.1484435135135135,-0.0685451351351351,370,0.2416107382550335,0.4530201342281879,0.0738255033557047,0.4060402684563758,0.3456375838926174,0.2114093959731543,0.1812080536912751,0.8221476510067114,1.2248322147651007,0.6912751677852349,0.5335570469798657,0.5370308724832215,0.2542677852348993,0.0535573825503355,0.0655583892617449,0.0895929530201342,0.2848791946308725,0.5202090604026846,0.1949184563758389,-0.0899607382550335,298.0
2023-04-11,394.2760009765625,59297900,0.0002686555747271,SPY,0.1318681318681318,0.4230769230769231,0.0659340659340659,0.2747252747252747,0.1318681318681318,0.1483516483516483,0.0604395604395604,0.4945054945054945,0.9945054945054944,0.532967032967033,0.4615384615384615,0.7213851648351649,0.132339010989011,0.039510989010989,0.0344576923076923,0.0723126373626373,0.2014582417582417,0.6367708791208792,0.1617730769230769,-0.0396851648351648,182,0.1594594594594594,0.4837837837837838,0.127027027027027,0.3054054054054054,0.2135135135135135,0.2,0.1783783783783784,0.727027027027027,1.162162162162162,0.581081081081081,0.581081081081081,0.6705064864864865,0.1534113513513513,0.0430564864864864,0.0489608108108108,0.0840602702702702,0.2169886486486486,0.6345627027027027,0.1484435135135135,-0.0685451351351351,370.0
2023-04-12,392.6689453125,86420400,-0.0040759662269123,SPY,0.1319444444444444,0.4375,0.0833333333333333,0.1875,0.25,0.1041666666666666,0.125,0.6458333333333334,1.0555555555555556,0.375,0.6805555555555556,0.6427486111111111,0.1481145833333333,0.0329451388888888,0.0491104166666666,0.1270972222222222,0.1527076388888888,0.6221013888888889,0.2251923611111111,0.0724847222222222,144,0.1318681318681318,0.4230769230769231,0.0659340659340659,0.2747252747252747,0.1318681318681318,0.1483516483516483,0.0604395604395604,0.4945054945054945,0.9945054945054944,0.532967032967033,0.4615384615384615,0.7213851648351649,0.132339010989011,0.039510989010989,0.0344576923076923,0.0723126373626373,0.2014582417582417,0.6367708791208792,0.1617730769230769,-0.0396851648351648,182.0
2023-04-13,397.8845825195313,85814800,0.0132825304096315,SPY,0.1359223300970873,0.3300970873786408,0.0728155339805825,0.1699029126213592,0.145631067961165,0.1019417475728155,0.1019417475728155,0.4854368932038835,0.970873786407767,0.4320388349514563,0.5388349514563107,0.645740291262136,0.1978218446601941,0.0292640776699029,0.0382611650485436,0.0889063106796116,0.1358708737864077,0.7616422330097088,0.1024844660194174,-0.0333864077669902,206,0.1319444444444444,0.4375,0.0833333333333333,0.1875,0.25,0.1041666666666666,0.125,0.6458333333333334,1.0555555555555556,0.375,0.6805555555555556,0.6427486111111111,0.1481145833333333,0.0329451388888888,0.0491104166666666,0.1270972222222222,0.1527076388888888,0.6221013888888889,0.2251923611111111,0.0724847222222222,144.0
2023-04-14,396.9127197265625,78161500,-0.0024425746451762,SPY,0.1194029850746268,0.5,0.0820895522388059,0.2611940298507462,0.3283582089552239,0.1865671641791045,0.2238805970149253,0.753731343283582,1.335820895522388,0.6940298507462687,0.6417910447761194,0.574205223880597,0.2052455223880597,0.0368358208955223,0.0615776119402985,0.1221373134328358,0.2151514925373134,0.5723940298507463,0.212455223880597,-0.0026962686567164,134,0.1359223300970873,0.3300970873786408,0.0728155339805825,0.1699029126213592,0.145631067961165,0.1019417475728155,0.1019417475728155,0.4854368932038835,0.970873786407767,0.4320388349514563,0.5388349514563107,0.645740291262136,0.1978218446601941,0.0292640776699029,0.0382611650485436,0.0889063106796116,0.1358708737864077,0.7616422330097088,0.1024844660194174,-0.0333864077669902,206.0
2023-04-17,398.3368835449219,66436400,0.003588103246831,SPY,0.1772853185595568,0.6094182825484764,0.074792243767313,0.2022160664819944,0.3573407202216066,0.1828254847645429,0.1883656509695291,0.8725761772853186,1.6121883656509697,0.3905817174515235,1.221606648199446,0.6820523545706371,0.1565950138504155,0.0322706371191135,0.0378049861495844,0.0912747922437673,0.1092504155124653,0.6865889196675901,0.2041609418282548,0.0949105263157894,361,0.1194029850746268,0.5,0.0820895522388059,0.2611940298507462,0.3283582089552239,0.1865671641791045,0.2238805970149253,0.753731343283582,1.335820895522388,0.6940298507462687,0.6417910447761194,0.574205223880597,0.2052455223880597,0.0368358208955223,0.0615776119402985,0.1221373134328358,0.2151514925373134,0.5723940298507463,0.212455223880597,-0.0026962686567164,134.0
2023-04-18,398.59674072265625,63560000,0.0006523553014268,SPY,0.1304347826086956,0.5434782608695652,0.0434782608695652,0.1739130434782608,0.3333333333333333,0.144927536231884,0.2028985507246377,0.7536231884057971,1.144927536231884,0.3985507246376811,0.7463768115942029,0.6479630434782608,0.1639347826086956,0.0362036231884057,0.0697847826086956,0.0821188405797101,0.1469485507246377,0.5665710144927537,0.2864710144927536,0.1395224637681159,138,0.1772853185595568,0.6094182825484764,0.074792243767313,0.2022160664819944,0.3573407202216066,0.1828254847645429,0.1883656509695291,0.8725761772853186,1.6121883656509697,0.3905817174515235,1.221606648199446,0.6820523545706371,0.1565950138504155,0.0322706371191135,0.0378049861495844,0.0912747922437673,0.1092504155124653,0.6865889196675901,0.2041609418282548,0.0949105263157894,361.0
2023-04-19,398.5293884277344,55227300,-0.0001689735214587,SPY,0.2666666666666666,0.4333333333333333,0.1,0.1666666666666666,0.2111111111111111,0.1333333333333333,0.1,0.6444444444444445,1.1444444444444444,0.3555555555555555,0.7888888888888889,0.6133622222222221,0.2031477777777778,0.0453466666666666,0.04103,0.0971166666666666,0.1205488888888888,0.7312833333333333,0.14817,0.0276211111111111,90,0.1304347826086956,0.5434782608695652,0.0434782608695652,0.1739130434782608,0.3333333333333333,0.144927536231884,0.2028985507246377,0.7536231884057971,1.144927536231884,0.3985507246376811,0.7463768115942029,0.6479630434782608,0.1639347826086956,0.0362036231884057,0.0697847826086956,0.0821188405797101,0.1469485507246377,0.5665710144927537,0.2864710144927536,0.1395224637681159,138.0
2023-04-20,396.3546142578125,75840400,-0.0054569982366964,SPY,0.1349206349206349,0.3968253968253968,0.0952380952380952,0.1507936507936507,0.1904761904761904,0.119047619047619,0.1587301587301587,0.5158730158730159,0.9682539682539684,0.5952380952380952,0.373015873015873,0.6396230158730158,0.2257968253968254,0.0299555555555555,0.0339436507936508,0.070679365079365,0.2569206349206349,0.4563825396825396,0.2867007936507936,0.0297801587301587,126,0.2666666666666666,0.4333333333333333,0.1,0.1666666666666666,0.2111111111111111,0.1333333333333333,0.1,0.6444444444444445,1.1444444444444444,0.3555555555555555,0.7888888888888889,0.6133622222222221,0.2031477777777778,0.0453466666666666,0.04103,0.0971166666666666,0.1205488888888888,0.7312833333333333,0.14817,0.0276211111111111,90.0
2023-04-21,396.6624755859375,73457400,0.0007767320400735,SPY,0.1282051282051282,0.3846153846153846,0.0512820512820512,0.1923076923076923,0.1794871794871795,0.1923076923076923,0.1153846153846153,0.5128205128205128,1.1666666666666667,0.4743589743589743,0.6923076923076923,0.6439833333333334,0.1739666666666666,0.0425243589743589,0.0625948717948717,0.0769371794871794,0.2237423076923076,0.5599192307692308,0.2163435897435897,-0.0073987179487179,78,0.1349206349206349,0.3968253968253968,0.0952380952380952,0.1507936507936507,0.1904761904761904,0.119047619047619,0.1587301587301587,0.5158730158730159,0.9682539682539684,0.5952380952380952,0.373015873015873,0.6396230158730158,0.2257968253968254,0.0299555555555555,0.0339436507936508,0.070679365079365,0.2569206349206349,0.4563825396825396,0.2867007936507936,0.0297801587301587,126.0
2023-04-24,397.0762939453125,64332100,0.0010432505841742,SPY,0.2196078431372549,0.4470588235294118,0.0823529411764705,0.1686274509803921,0.2235294117647059,0.1568627450980392,0.1568627450980392,0.6,1.2745098039215683,0.4470588235294118,0.8274509803921568,0.6687031372549019,0.1637639215686274,0.0369580392156862,0.0405247058823529,0.0900490196078431,0.1716443137254902,0.6540211764705882,0.1743329411764706,0.0026886274509803,255,0.1282051282051282,0.3846153846153846,0.0512820512820512,0.1923076923076923,0.1794871794871795,0.1923076923076923,0.1153846153846153,0.5128205128205128,1.1666666666666667,0.4743589743589743,0.6923076923076923,0.6439833333333334,0.1739666666666666,0.0425243589743589,0.0625948717948717,0.0769371794871794,0.2237423076923076,0.5599192307692308,0.2163435897435897,-0.0073987179487179,78.0
2023-04-25,390.7731628417969,97766700,-0.0158738539661693,SPY,0.1621621621621621,0.5675675675675675,0.054054054054054,0.1801801801801801,0.2522522522522522,0.1351351351351351,0.1531531531531531,0.8288288288288288,1.2522522522522523,0.4774774774774775,0.7747747747747747,0.7179324324324324,0.1148297297297297,0.0360207207207207,0.0587936936936936,0.0724225225225225,0.2506225225225225,0.5037288288288289,0.2456522522522522,-0.0049702702702702,111,0.2196078431372549,0.4470588235294118,0.0823529411764705,0.1686274509803921,0.2235294117647059,0.1568627450980392,0.1568627450980392,0.6,1.2745098039215683,0.4470588235294118,0.8274509803921568,0.6687031372549019,0.1637639215686274,0.0369580392156862,0.0405247058823529,0.0900490196078431,0.1716443137254902,0.6540211764705882,0.1743329411764706,0.0026886274509803,255.0
2023-04-26,389.1179504394531,80447000,-0.0042357371481364,SPY,0.2146892655367231,0.4180790960451977,0.1016949152542373,0.2824858757062147,0.2485875706214689,0.2033898305084746,0.1412429378531073,0.5932203389830508,1.11864406779661,0.5480225988700564,0.5706214689265536,0.6843322033898305,0.1475440677966101,0.0268084745762711,0.0452135593220339,0.096102824858757,0.1733389830508474,0.5712265536723165,0.2554305084745762,0.0820915254237288,177,0.1621621621621621,0.5675675675675675,0.054054054054054,0.1801801801801801,0.2522522522522522,0.1351351351351351,0.1531531531531531,0.8288288288288288,1.2522522522522523,0.4774774774774775,0.7747747747747747,0.7179324324324324,0.1148297297297297,0.0360207207207207,0.0587936936936936,0.0724225225225225,0.2506225225225225,0.5037288288288289,0.2456522522522522,-0.0049702702702702,111.0
2023-04-27,396.8645935058594,92968400,0.0199082130692185,SPY,0.1891891891891892,0.7243243243243244,0.0594594594594594,0.1891891891891892,0.3621621621621622,0.2108108108108108,0.2,0.9243243243243244,1.3567567567567569,0.5567567567567567,0.8,0.740895135135135,0.1046351351351351,0.0303367567567567,0.0526589189189189,0.0714794594594594,0.2010464864864865,0.5410043243243243,0.2579502702702702,0.0569037837837837,185,0.2146892655367231,0.4180790960451977,0.1016949152542373,0.2824858757062147,0.2485875706214689,0.2033898305084746,0.1412429378531073,0.5932203389830508,1.11864406779661,0.5480225988700564,0.5706214689265536,0.6843322033898305,0.1475440677966101,0.0268084745762711,0.0452135593220339,0.096102824858757,0.1733389830508474,0.5712265536723165,0.2554305084745762,0.0820915254237288,177.0
2023-04-28,400.25189208984375,89433100,0.0085351493668441,SPY,0.1152073732718894,0.5253456221198156,0.0276497695852534,0.1658986175115207,0.2350230414746544,0.184331797235023,0.1797235023041474,0.7603686635944701,1.04147465437788,0.5990783410138248,0.4423963133640553,0.6611788018433179,0.1439815668202765,0.0376654377880184,0.0654281105990783,0.0917456221198156,0.2731147465437788,0.4953050691244239,0.2315783410138248,-0.0415364055299539,217,0.1891891891891892,0.7243243243243244,0.0594594594594594,0.1891891891891892,0.3621621621621622,0.2108108108108108,0.2,0.9243243243243244,1.3567567567567569,0.5567567567567567,0.8,0.740895135135135,0.1046351351351351,0.0303367567567567,0.0526589189189189,0.0714794594594594,0.2010464864864865,0.5410043243243243,0.2579502702702702,0.0569037837837837,185.0
2023-05-01,399.8478088378906,62122300,-0.0010095723716464,SPY,0.2166666666666666,0.5,0.07,0.2633333333333333,0.2233333333333333,0.1766666666666666,0.1633333333333333,0.55,1.09,0.4833333333333333,0.6066666666666667,0.6570586666666667,0.1704686666666666,0.0402726666666666,0.0460903333333333,0.0861106666666666,0.1792426666666666,0.639823,0.1809383333333333,0.0016956666666666,300,0.1152073732718894,0.5253456221198156,0.0276497695852534,0.1658986175115207,0.2350230414746544,0.184331797235023,0.1797235023041474,0.7603686635944701,1.04147465437788,0.5990783410138248,0.4423963133640553,0.6611788018433179,0.1439815668202765,0.0376654377880184,0.0654281105990783,0.0917456221198156,0.2731147465437788,0.4953050691244239,0.2315783410138248,-0.0415364055299539,217.0
2023-05-02,395.3538208007813,103998500,-0.011239246377692,SPY,0.2134831460674157,0.550561797752809,0.1011235955056179,0.2584269662921348,0.3595505617977528,0.1797752808988764,0.146067415730337,0.5730337078651685,1.4269662921348314,0.4719101123595505,0.9550561797752808,0.7014887640449438,0.1565404494382022,0.0282550561797752,0.0413629213483146,0.0723494382022472,0.1931573033707865,0.5681640449438202,0.2386820224719101,0.0455247191011236,89,0.2166666666666666,0.5,0.07,0.2633333333333333,0.2233333333333333,0.1766666666666666,0.1633333333333333,0.55,1.09,0.4833333333333333,0.6066666666666667,0.6570586666666667,0.1704686666666666,0.0402726666666666,0.0460903333333333,0.0861106666666666,0.1792426666666666,0.639823,0.1809383333333333,0.0016956666666666,300.0
2023-05-03,392.6400451660156,91531800,-0.0068641694906829,SPY,0.1164383561643835,0.5205479452054794,0.0547945205479452,0.184931506849315,0.2465753424657534,0.1780821917808219,0.136986301369863,0.7397260273972602,0.9863013698630136,0.4178082191780822,0.5684931506849316,0.6736075342465754,0.1373828767123287,0.0311205479452054,0.0748349315068493,0.0830465753424657,0.1963,0.6164041095890411,0.1873006849315068,-0.0089993150684931,146,0.2134831460674157,0.550561797752809,0.1011235955056179,0.2584269662921348,0.3595505617977528,0.1797752808988764,0.146067415730337,0.5730337078651685,1.4269662921348314,0.4719101123595505,0.9550561797752808,0.7014887640449438,0.1565404494382022,0.0282550561797752,0.0413629213483146,0.0723494382022472,0.1931573033707865,0.5681640449438202,0.2386820224719101,0.0455247191011236,89.0
2023-05-04,389.8590698242188,94901900,-0.0070827603450916,SPY,0.2,0.3428571428571428,0.0714285714285714,0.2428571428571428,0.1857142857142857,0.0571428571428571,0.1071428571428571,0.55,1.0142857142857142,0.35,0.6642857142857143,0.7058064285714286,0.1302421428571428,0.0275178571428571,0.0435585714285714,0.0928742857142857,0.1224042857142857,0.5862671428571429,0.2913342857142857,0.16893,140,0.1164383561643835,0.5205479452054794,0.0547945205479452,0.184931506849315,0.2465753424657534,0.1780821917808219,0.136986301369863,0.7397260273972602,0.9863013698630136,0.4178082191780822,0.5684931506849316,0.6736075342465754,0.1373828767123287,0.0311205479452054,0.0748349315068493,0.0830465753424657,0.1963,0.6164041095890411,0.1873006849315068,-0.0089993150684931,146.0
2023-05-05,397.0762939453125,87891800,0.0185123925021106,SPY,0.1527777777777778,0.2916666666666667,0.0694444444444444,0.1388888888888889,0.1388888888888889,0.0555555555555555,0.0416666666666666,0.3472222222222222,1.0,0.2916666666666667,0.7083333333333334,0.7059347222222222,0.1147458333333333,0.0247097222222222,0.0437236111111111,0.1108958333333333,0.0765819444444444,0.7492166666666666,0.1741958333333333,0.0976138888888888,72,0.2,0.3428571428571428,0.0714285714285714,0.2428571428571428,0.1857142857142857,0.0571428571428571,0.1071428571428571,0.55,1.0142857142857142,0.35,0.6642857142857143,0.7058064285714286,0.1302421428571428,0.0275178571428571,0.0435585714285714,0.0928742857142857,0.1224042857142857,0.5862671428571429,0.2913342857142857,0.16893,140.0
2023-05-08,397.18212890625,50046800,0.0002665355815778,SPY,0.1910112359550561,0.4082397003745318,0.0823970037453183,0.2621722846441947,0.2397003745318352,0.149812734082397,0.1573033707865168,0.7153558052434457,1.0187265917602997,0.4644194756554307,0.5543071161048689,0.6607258426966293,0.1507348314606741,0.0350501872659176,0.0536063670411985,0.0998820224719101,0.1780737827715355,0.6471082397003745,0.1748157303370786,-0.0032580524344569,267,0.1527777777777778,0.2916666666666667,0.0694444444444444,0.1388888888888889,0.1388888888888889,0.0555555555555555,0.0416666666666666,0.3472222222222222,1.0,0.2916666666666667,0.7083333333333334,0.7059347222222222,0.1147458333333333,0.0247097222222222,0.0437236111111111,0.1108958333333333,0.0765819444444444,0.7492166666666666,0.1741958333333333,0.0976138888888888,72.0
2023-05-09,395.4403381347656,49220100,-0.0043853704502789,SPY,0.2513966480446927,0.4636871508379888,0.1117318435754189,0.2569832402234637,0.2625698324022346,0.1843575418994413,0.1340782122905028,0.8715083798882681,1.1731843575418994,0.6145251396648045,0.5586592178770949,0.7198508379888268,0.1231899441340782,0.0344346368715083,0.0472424581005586,0.0752854748603352,0.1707692737430167,0.651122905027933,0.1781061452513966,0.0073368715083798,179,0.1910112359550561,0.4082397003745318,0.0823970037453183,0.2621722846441947,0.2397003745318352,0.149812734082397,0.1573033707865168,0.7153558052434457,1.0187265917602997,0.4644194756554307,0.5543071161048689,0.6607258426966293,0.1507348314606741,0.0350501872659176,0.0536063670411985,0.0998820224719101,0.1780737827715355,0.6471082397003745,0.1748157303370786,-0.0032580524344569,267.0
2023-05-10,397.2880554199219,96142900,0.004672556406035,SPY,0.0588235294117647,0.3382352941176471,0.0147058823529411,0.1911764705882352,0.1911764705882352,0.1323529411764706,0.088235294117647,0.5147058823529411,0.8970588235294118,0.3529411764705882,0.5441176470588235,0.6232911764705883,0.1863955882352941,0.0258279411764705,0.0456926470588235,0.1187867647058823,0.1257529411764706,0.7542367647058823,0.1200073529411764,-0.0057455882352941,68,0.2513966480446927,0.4636871508379888,0.1117318435754189,0.2569832402234637,0.2625698324022346,0.1843575418994413,0.1340782122905028,0.8715083798882681,1.1731843575418994,0.6145251396648045,0.5586592178770949,0.7198508379888268,0.1231899441340782,0.0344346368715083,0.0472424581005586,0.0752854748603352,0.1707692737430167,0.651122905027933,0.1781061452513966,0.0073368715083798,179.0
2023-05-11,396.59515380859375,70157100,-0.0017440786398568,SPY,0.2096774193548387,0.4838709677419355,0.1129032258064516,0.3064516129032258,0.1774193548387097,0.1612903225806451,0.2096774193548387,0.4838709677419355,0.935483870967742,0.4516129032258064,0.4838709677419355,0.6588483870967742,0.1981193548387096,0.0312758064516129,0.0356032258064516,0.0761419354838709,0.121874193548387,0.6526903225806452,0.2254419354838709,0.1035677419354838,62,0.0588235294117647,0.3382352941176471,0.0147058823529411,0.1911764705882352,0.1911764705882352,0.1323529411764706,0.088235294117647,0.5147058823529411,0.8970588235294118,0.3529411764705882,0.5441176470588235,0.6232911764705883,0.1863955882352941,0.0258279411764705,0.0456926470588235,0.1187867647058823,0.1257529411764706,0.7542367647058823,0.1200073529411764,-0.0057455882352941,68.0
2023-05-12,396.0755310058594,70481500,-0.0013102096627866,SPY,0.1590909090909091,0.4886363636363636,0.1363636363636363,0.3295454545454545,0.2613636363636363,0.2840909090909091,0.2159090909090909,0.8181818181818182,1.0227272727272727,0.75,0.2727272727272727,0.5929863636363636,0.1982136363636363,0.0551329545454545,0.0595795454545454,0.0940875,0.2006420454545454,0.660675,0.1386875,-0.0619545454545454,88,0.2096774193548387,0.4838709677419355,0.1129032258064516,0.3064516129032258,0.1774193548387097,0.1612903225806451,0.2096774193548387,0.4838709677419355,0.935483870967742,0.4516129032258064,0.4838709677419355,0.6588483870967742,0.1981193548387096,0.0312758064516129,0.0356032258064516,0.0761419354838709,0.121874193548387,0.6526903225806452,0.2254419354838709,0.1035677419354838,62.0
2023-05-15,397.4420166015625,54289400,0.0034500631539464,SPY,0.1396648044692737,0.435754189944134,0.0837988826815642,0.1731843575418994,0.1731843575418994,0.1564245810055866,0.1787709497206704,0.4804469273743016,0.9608938547486032,0.3910614525139664,0.5698324022346368,0.6480977653631285,0.1632737430167597,0.0370162011173184,0.0441324022346368,0.1074871508379888,0.1070100558659218,0.7329312849162012,0.160049720670391,0.0530396648044692,179,0.1590909090909091,0.4886363636363636,0.1363636363636363,0.3295454545454545,0.2613636363636363,0.2840909090909091,0.2159090909090909,0.8181818181818182,1.0227272727272727,0.75,0.2727272727272727,0.5929863636363636,0.1982136363636363,0.0551329545454545,0.0595795454545454,0.0940875,0.2006420454545454,0.660675,0.1386875,-0.0619545454545454,88.0
2023-05-16,394.78607177734375,57705500,-0.00668259699095,SPY,0.1818181818181818,0.3506493506493506,0.1038961038961039,0.1038961038961039,0.1428571428571428,0.0649350649350649,0.1038961038961039,0.3246753246753247,0.8831168831168831,0.2857142857142857,0.5974025974025974,0.659322077922078,0.1752675324675324,0.0389558441558441,0.030290909090909,0.0961688311688311,0.074690909090909,0.7710051948051948,0.154312987012987,0.0796220779220779,77,0.1396648044692737,0.435754189944134,0.0837988826815642,0.1731843575418994,0.1731843575418994,0.1564245810055866,0.1787709497206704,0.4804469273743016,0.9608938547486032,0.3910614525139664,0.5698324022346368,0.6480977653631285,0.1632737430167597,0.0370162011173184,0.0441324022346368,0.1074871508379888,0.1070100558659218,0.7329312849162012,0.160049720670391,0.0530396648044692,179.0
2023-05-17,399.5783081054688,87287000,0.0121388181364914,SPY,0.1538461538461538,0.3504273504273504,0.0598290598290598,0.1025641025641025,0.2564102564102564,0.0683760683760683,0.1452991452991453,0.3846153846153846,0.9487179487179488,0.2307692307692307,0.717948717948718,0.6321735042735043,0.2015213675213675,0.0408025641025641,0.0356461538461538,0.0898572649572649,0.0923358974358974,0.729525641025641,0.1781367521367521,0.0858008547008547,117,0.1818181818181818,0.3506493506493506,0.1038961038961039,0.1038961038961039,0.1428571428571428,0.0649350649350649,0.1038961038961039,0.3246753246753247,0.8831168831168831,0.2857142857142857,0.5974025974025974,0.659322077922078,0.1752675324675324,0.0389558441558441,0.030290909090909,0.0961688311688311,0.074690909090909,0.7710051948051948,0.154312987012987,0.0796220779220779,77.0
2023-05-18,403.4275207519531,97177200,0.0096331872086219,SPY,0.0842105263157894,0.3263157894736842,0.0736842105263157,0.1684210526315789,0.2210526315789473,0.0947368421052631,0.0736842105263157,0.6210526315789474,1.0421052631578946,0.3263157894736842,0.7157894736842105,0.6528557894736842,0.1867,0.0339357894736842,0.0419873684210526,0.0845421052631578,0.1377105263157894,0.6908842105263158,0.1714063157894736,0.0336957894736842,95,0.1538461538461538,0.3504273504273504,0.0598290598290598,0.1025641025641025,0.2564102564102564,0.0683760683760683,0.1452991452991453,0.3846153846153846,0.9487179487179488,0.2307692307692307,0.717948717948718,0.6321735042735043,0.2015213675213675,0.0408025641025641,0.0356461538461538,0.0898572649572649,0.0923358974358974,0.729525641025641,0.1781367521367521,0.0858008547008547,117.0
2023-05-19,402.8405456542969,103793300,-0.001454970391118,SPY,0.1139240506329113,0.3544303797468354,0.1329113924050632,0.1392405063291139,0.1835443037974683,0.0949367088607595,0.1329113924050632,0.4936708860759494,0.9240506329113924,0.2974683544303797,0.6265822784810127,0.6172892405063292,0.168186075949367,0.0376493670886075,0.0551341772151898,0.1217424050632911,0.1183379746835442,0.6560575949367089,0.2256075949367088,0.1072696202531645,158,0.0842105263157894,0.3263157894736842,0.0736842105263157,0.1684210526315789,0.2210526315789473,0.0947368421052631,0.0736842105263157,0.6210526315789474,1.0421052631578946,0.3263157894736842,0.7157894736842105,0.6528557894736842,0.1867,0.0339357894736842,0.0419873684210526,0.0845421052631578,0.1377105263157894,0.6908842105263158,0.1714063157894736,0.0336957894736842,95.0
2023-05-22,403.004150390625,60745400,0.0004061277795719,SPY,0.1827676240208877,0.3524804177545692,0.0574412532637075,0.2140992167101827,0.1827676240208877,0.1201044386422976,0.0678851174934725,0.556135770234987,1.052219321148825,0.4046997389033943,0.6475195822454308,0.7134248041775456,0.1341062663185378,0.0343869451697127,0.0350381201044386,0.0830436031331592,0.1779934725848563,0.6676671018276762,0.1543368146214099,-0.0236566579634464,383,0.1139240506329113,0.3544303797468354,0.1329113924050632,0.1392405063291139,0.1835443037974683,0.0949367088607595,0.1329113924050632,0.4936708860759494,0.9240506329113924,0.2974683544303797,0.6265822784810127,0.6172892405063292,0.168186075949367,0.0376493670886075,0.0551341772151898,0.1217424050632911,0.1183379746835442,0.6560575949367089,0.2256075949367088,0.1072696202531645,158.0
2023-05-23,398.4812927246094,86383500,-0.0112228562947346,SPY,0.2626262626262626,0.5656565656565656,0.0959595959595959,0.3484848484848485,0.3181818181818182,0.1666666666666666,0.2525252525252525,0.6767676767676768,1.2727272727272727,0.51010101010101,0.7626262626262627,0.5712681818181817,0.1992439393939394,0.0463944444444444,0.0533262626262626,0.1297757575757575,0.1170939393939393,0.7446469696969698,0.1382621212121212,0.0211681818181818,198,0.1827676240208877,0.3524804177545692,0.0574412532637075,0.2140992167101827,0.1827676240208877,0.1201044386422976,0.0678851174934725,0.556135770234987,1.052219321148825,0.4046997389033943,0.6475195822454308,0.7134248041775456,0.1341062663185378,0.0343869451697127,0.0350381201044386,0.0830436031331592,0.1779934725848563,0.6676671018276762,0.1543368146214099,-0.0236566579634464,383.0
2023-05-24,395.5943298339844,89213700,-0.0072449144874165,SPY,0.2383720930232558,0.6511627906976745,0.0755813953488372,0.1860465116279069,0.2151162790697674,0.1453488372093023,0.1511627906976744,0.6976744186046512,0.9186046511627908,0.5581395348837209,0.3604651162790697,0.6742686046511628,0.1487540697674418,0.0420593023255813,0.053025,0.0818930232558139,0.1820261627906976,0.5309406976744185,0.2870308139534884,0.1050046511627907,172,0.2626262626262626,0.5656565656565656,0.0959595959595959,0.3484848484848485,0.3181818181818182,0.1666666666666666,0.2525252525252525,0.6767676767676768,1.2727272727272727,0.51010101010101,0.7626262626262627,0.5712681818181817,0.1992439393939394,0.0463944444444444,0.0533262626262626,0.1297757575757575,0.1170939393939393,0.7446469696969698,0.1382621212121212,0.0211681818181818,198.0
2023-05-25,399.0201721191406,90961600,0.0086599883435991,SPY,0.1191489361702127,0.4,0.051063829787234,0.1872340425531914,0.2085106382978723,0.1489361702127659,0.1276595744680851,0.5063829787234042,0.825531914893617,0.425531914893617,0.4,0.6506463829787235,0.17746,0.0377323404255319,0.046231914893617,0.0879272340425531,0.1996399999999999,0.5613897872340425,0.2389685106382978,0.0393285106382978,235,0.2383720930232558,0.6511627906976745,0.0755813953488372,0.1860465116279069,0.2151162790697674,0.1453488372093023,0.1511627906976744,0.6976744186046512,0.9186046511627908,0.5581395348837209,0.3604651162790697,0.6742686046511628,0.1487540697674418,0.0420593023255813,0.053025,0.0818930232558139,0.1820261627906976,0.5309406976744185,0.2870308139534884,0.1050046511627907,172.0
2023-05-26,404.187744140625,93830000,0.0129506535823493,SPY,0.18125,0.5625,0.1375,0.2625,0.45,0.25,0.31875,0.73125,1.1,0.63125,0.46875,0.549584375,0.17720125,0.045699375,0.0814025,0.146115625,0.1551875,0.5383843749999999,0.30641875,0.1512312499999999,160,0.1191489361702127,0.4,0.051063829787234,0.1872340425531914,0.2085106382978723,0.1489361702127659,0.1276595744680851,0.5063829787234042,0.825531914893617,0.425531914893617,0.4,0.6506463829787235,0.17746,0.0377323404255319,0.046231914893617,0.0879272340425531,0.1996399999999999,0.5613897872340425,0.2389685106382978,0.0393285106382978,235.0
2023-05-30,404.34173583984375,72216000,0.0003809905209921,SPY,0.1152647975077881,0.4065420560747663,0.0498442367601246,0.1246105919003115,0.2211838006230529,0.1199376947040498,0.1479750778816199,0.514018691588785,0.973520249221184,0.3847352024922118,0.5887850467289719,0.6035188473520249,0.2019577881619937,0.0338417445482866,0.0494707165109034,0.1112123052959501,0.1183404984423675,0.6620258566978193,0.2196320872274143,0.1012915887850467,642,0.18125,0.5625,0.1375,0.2625,0.45,0.25,0.31875,0.73125,1.1,0.63125,0.46875,0.549584375,0.17720125,0.045699375,0.0814025,0.146115625,0.1551875,0.5383843749999999,0.30641875,0.1512312499999999,160.0
2023-05-31,402.0995788574219,110811800,-0.0055452029401931,SPY,0.1166666666666666,0.5666666666666667,0.05,0.2444444444444444,0.25,0.25,0.1611111111111111,0.65,1.022222222222222,0.55,0.4722222222222222,0.6947666666666666,0.1451672222222222,0.0360305555555555,0.0497894444444444,0.0742511111111111,0.1856222222222222,0.6010361111111111,0.2133377777777777,0.0277155555555555,180,0.1152647975077881,0.4065420560747663,0.0498442367601246,0.1246105919003115,0.2211838006230529,0.1199376947040498,0.1479750778816199,0.514018691588785,0.973520249221184,0.3847352024922118,0.5887850467289719,0.6035188473520249,0.2019577881619937,0.0338417445482866,0.0494707165109034,0.1112123052959501,0.1183404984423675,0.6620258566978193,0.2196320872274143,0.1012915887850467,642.0
2023-06-01,405.91986083984375,88865000,0.009500835572316,SPY,0.1296296296296296,0.6111111111111112,0.074074074074074,0.1790123456790123,0.2777777777777778,0.1851851851851851,0.1975308641975308,0.8703703703703703,1.2222222222222223,0.5,0.7222222222222222,0.7199203703703704,0.120237037037037,0.0327604938271604,0.0515567901234567,0.0755265432098765,0.1711493827160493,0.6084728395061728,0.2203783950617283,0.049229012345679,162,0.1166666666666666,0.5666666666666667,0.05,0.2444444444444444,0.25,0.25,0.1611111111111111,0.65,1.022222222222222,0.55,0.4722222222222222,0.6947666666666666,0.1451672222222222,0.0360305555555555,0.0497894444444444,0.0742511111111111,0.1856222222222222,0.6010361111111111,0.2133377777777777,0.0277155555555555,180.0
2023-06-02,411.78997802734375,91426200,0.014461271186275,SPY,0.1678832116788321,0.5036496350364964,0.1240875912408759,0.2335766423357664,0.364963503649635,0.1824817518248175,0.2262773722627737,0.8467153284671532,1.1897810218978102,0.5255474452554745,0.6642335766423357,0.5856576642335767,0.1784437956204379,0.0419861313868613,0.0740364963503649,0.1198795620437956,0.1330700729927007,0.6194832116788321,0.2474445255474452,0.1143744525547445,137,0.1296296296296296,0.6111111111111112,0.074074074074074,0.1790123456790123,0.2777777777777778,0.1851851851851851,0.1975308641975308,0.8703703703703703,1.2222222222222223,0.5,0.7222222222222222,0.7199203703703704,0.120237037037037,0.0327604938271604,0.0515567901234567,0.0755265432098765,0.1711493827160493,0.6084728395061728,0.2203783950617283,0.049229012345679,162.0
2023-06-05,411.0008850097656,65460200,-0.0019162511466602,SPY,0.136986301369863,0.3116438356164384,0.0753424657534246,0.1267123287671233,0.1678082191780822,0.1164383561643835,0.1301369863013698,0.4589041095890411,0.952054794520548,0.3013698630136986,0.6506849315068494,0.637943493150685,0.1693962328767123,0.0338544520547945,0.0457825342465753,0.1130273972602739,0.081597602739726,0.6953342465753425,0.2230684931506849,0.1414708904109589,292,0.1678832116788321,0.5036496350364964,0.1240875912408759,0.2335766423357664,0.364963503649635,0.1824817518248175,0.2262773722627737,0.8467153284671532,1.1897810218978102,0.5255474452554745,0.6642335766423357,0.5856576642335767,0.1784437956204379,0.0419861313868613,0.0740364963503649,0.1198795620437956,0.1330700729927007,0.6194832116788321,0.2474445255474452,0.1143744525547445,137.0
2023-06-06,411.8958129882813,64022200,0.0021774356483303,SPY,0.1304347826086956,0.417391304347826,0.0869565217391304,0.208695652173913,0.1913043478260869,0.1478260869565217,0.1391304347826087,0.4521739130434782,0.9043478260869564,0.3739130434782609,0.5304347826086957,0.659835652173913,0.1411730434782608,0.0448565217391304,0.0580860869565217,0.0960486956521739,0.1202626086956521,0.6840530434782609,0.1956765217391304,0.0754139130434782,115,0.136986301369863,0.3116438356164384,0.0753424657534246,0.1267123287671233,0.1678082191780822,0.1164383561643835,0.1301369863013698,0.4589041095890411,0.952054794520548,0.3013698630136986,0.6506849315068494,0.637943493150685,0.1693962328767123,0.0338544520547945,0.0457825342465753,0.1130273972602739,0.081597602739726,0.6953342465753425,0.2230684931506849,0.1414708904109589,292.0
2023-06-07,410.4715881347656,85373300,-0.0034577308353366,SPY,0.1641791044776119,0.4477611940298507,0.1044776119402985,0.208955223880597,0.2388059701492537,0.208955223880597,0.0895522388059701,0.8955223880597015,1.208955223880597,0.3432835820895522,0.8656716417910447,0.6313940298507463,0.1869835820895522,0.0335701492537313,0.0442,0.103855223880597,0.1322477611940298,0.6605880597014925,0.2071537313432836,0.0749059701492537,67,0.1304347826086956,0.417391304347826,0.0869565217391304,0.208695652173913,0.1913043478260869,0.1478260869565217,0.1391304347826087,0.4521739130434782,0.9043478260869564,0.3739130434782609,0.5304347826086957,0.659835652173913,0.1411730434782608,0.0448565217391304,0.0580860869565217,0.0960486956521739,0.1202626086956521,0.6840530434782609,0.1956765217391304,0.0754139130434782,115.0
2023-06-08,412.954345703125,61952800,0.0060485491325754,SPY,0.1403508771929824,0.5029239766081871,0.0292397660818713,0.1520467836257309,0.2105263157894736,0.1052631578947368,0.1461988304093567,0.5029239766081871,1.023391812865497,0.2631578947368421,0.7602339181286549,0.6617812865497077,0.2072140350877193,0.0379842105263157,0.0304216374269005,0.0626035087719298,0.1352964912280701,0.7137309941520468,0.1509678362573099,0.0156713450292397,171,0.1641791044776119,0.4477611940298507,0.1044776119402985,0.208955223880597,0.2388059701492537,0.208955223880597,0.0895522388059701,0.8955223880597015,1.208955223880597,0.3432835820895522,0.8656716417910447,0.6313940298507463,0.1869835820895522,0.0335701492537313,0.0442,0.103855223880597,0.1322477611940298,0.6605880597014925,0.2071537313432836,0.0749059701492537,67.0
2023-06-09,413.6953125,85742800,0.0017943068152324,SPY,0.2280701754385964,0.4385964912280701,0.0789473684210526,0.2719298245614035,0.219298245614035,0.175438596491228,0.1403508771929824,0.4385964912280701,0.7982456140350878,0.5614035087719298,0.2368421052631578,0.5976684210526316,0.1986815789473684,0.0404807017543859,0.0557842105263157,0.1073833333333333,0.1294570175438596,0.6560508771929825,0.2144938596491228,0.0850368421052631,114,0.1403508771929824,0.5029239766081871,0.0292397660818713,0.1520467836257309,0.2105263157894736,0.1052631578947368,0.1461988304093567,0.5029239766081871,1.023391812865497,0.2631578947368421,0.7602339181286549,0.6617812865497077,0.2072140350877193,0.0379842105263157,0.0304216374269005,0.0626035087719298,0.1352964912280701,0.7137309941520468,0.1509678362573099,0.0156713450292397,171.0
2023-06-12,417.44830322265625,76104300,0.0090718715181388,SPY,0.1601731601731601,0.5324675324675324,0.0476190476190476,0.1125541125541125,0.2294372294372294,0.0909090909090909,0.1341991341991342,0.6753246753246753,1.303030303030303,0.3722943722943723,0.9307359307359307,0.6522380952380953,0.1781372294372294,0.0304844155844155,0.0425181818181818,0.0966181818181818,0.09238658008658,0.7131043290043291,0.1945108225108225,0.1021242424242424,231,0.2280701754385964,0.4385964912280701,0.0789473684210526,0.2719298245614035,0.219298245614035,0.175438596491228,0.1403508771929824,0.4385964912280701,0.7982456140350878,0.5614035087719298,0.2368421052631578,0.5976684210526316,0.1986815789473684,0.0404807017543859,0.0557842105263157,0.1073833333333333,0.1294570175438596,0.6560508771929825,0.2144938596491228,0.0850368421052631,114.0
2023-06-13,420.2005004882813,95899700,0.0065929056229916,SPY,0.1325301204819277,0.4096385542168674,0.0240963855421686,0.144578313253012,0.144578313253012,0.0602409638554216,0.108433734939759,0.5180722891566265,0.8795180722891566,0.253012048192771,0.6265060240963856,0.6597831325301204,0.1726072289156626,0.0377795180722891,0.0366204819277108,0.0931987951807229,0.097489156626506,0.6516506024096385,0.2508554216867469,0.1533662650602409,83,0.1601731601731601,0.5324675324675324,0.0476190476190476,0.1125541125541125,0.2294372294372294,0.0909090909090909,0.1341991341991342,0.6753246753246753,1.303030303030303,0.3722943722943723,0.9307359307359307,0.6522380952380953,0.1781372294372294,0.0304844155844155,0.0425181818181818,0.0966181818181818,0.09238658008658,0.7131043290043291,0.1945108225108225,0.1021242424242424,231.0
2023-06-14,420.7008972167969,100612100,0.001190852290595,SPY,0.1686746987951807,0.4939759036144578,0.144578313253012,0.108433734939759,0.144578313253012,0.108433734939759,0.2289156626506024,0.6024096385542169,0.963855421686747,0.4578313253012048,0.5060240963855421,0.5616530120481927,0.242567469879518,0.0327240963855421,0.048533734939759,0.1145192771084337,0.0618710843373494,0.7093192771084338,0.2288132530120481,0.1669421686746988,83,0.1325301204819277,0.4096385542168674,0.0240963855421686,0.144578313253012,0.144578313253012,0.0602409638554216,0.108433734939759,0.5180722891566265,0.8795180722891566,0.253012048192771,0.6265060240963856,0.6597831325301204,0.1726072289156626,0.0377795180722891,0.0366204819277108,0.0931987951807229,0.097489156626506,0.6516506024096385,0.2508554216867469,0.1533662650602409,83.0
2023-06-15,425.9166564941406,110303100,0.0123977850103227,SPY,0.25,0.45,0.075,0.275,0.2,0.275,0.225,0.35,0.975,0.525,0.45,0.7133525,0.108075,0.0271975,0.0454375,0.1059525,0.126105,0.623705,0.250185,0.12408,40,0.1686746987951807,0.4939759036144578,0.144578313253012,0.108433734939759,0.144578313253012,0.108433734939759,0.2289156626506024,0.6024096385542169,0.963855421686747,0.4578313253012048,0.5060240963855421,0.5616530120481927,0.242567469879518,0.0327240963855421,0.048533734939759,0.1145192771084337,0.0618710843373494,0.7093192771084338,0.2288132530120481,0.1669421686746988,83.0
2023-06-16,424.4659118652344,114165800,-0.0034061702137874,SPY,0.2532467532467532,0.525974025974026,0.1233766233766233,0.3571428571428571,0.2467532467532467,0.1818181818181818,0.1623376623376623,0.6298701298701299,0.961038961038961,0.6883116883116883,0.2727272727272727,0.5948318181818182,0.2035194805194805,0.0355474025974026,0.0598097402597402,0.106301948051948,0.1852318181818182,0.5589272727272727,0.2558383116883116,0.0706064935064935,154,0.25,0.45,0.075,0.275,0.2,0.275,0.225,0.35,0.975,0.525,0.45,0.7133525,0.108075,0.0271975,0.0454375,0.1059525,0.126105,0.623705,0.250185,0.12408,40.0
2023-06-20,422.2636413574219,76160400,-0.0051883330233399,SPY,0.2311212814645309,0.4691075514874142,0.0732265446224256,0.2219679633867277,0.2265446224256292,0.1784897025171624,0.1441647597254004,0.5606407322654462,1.0045766590389016,0.5240274599542334,0.4805491990846682,0.674441876430206,0.1733677345537757,0.0347135011441647,0.0398375286041189,0.077637299771167,0.1479011441647597,0.5716585812356979,0.2804379862700228,0.1325368421052631,437,0.2532467532467532,0.525974025974026,0.1233766233766233,0.3571428571428571,0.2467532467532467,0.1818181818181818,0.1623376623376623,0.6298701298701299,0.961038961038961,0.6883116883116883,0.2727272727272727,0.5948318181818182,0.2035194805194805,0.0355474025974026,0.0598097402597402,0.106301948051948,0.1852318181818182,0.5589272727272727,0.2558383116883116,0.0706064935064935,154.0
2023-06-21,420.1001281738281,76982300,-0.0051236075562623,SPY,0.1111111111111111,0.3481481481481481,0.0666666666666666,0.1703703703703703,0.1259259259259259,0.1481481481481481,0.0962962962962963,0.5703703703703704,1.0148148148148148,0.4148148148148148,0.6,0.7238911111111112,0.13736,0.03278,0.0369044444444444,0.069057037037037,0.1393177777777778,0.64452,0.2161607407407407,0.0768429629629629,135,0.2311212814645309,0.4691075514874142,0.0732265446224256,0.2219679633867277,0.2265446224256292,0.1784897025171624,0.1441647597254004,0.5606407322654462,1.0045766590389016,0.5240274599542334,0.4805491990846682,0.674441876430206,0.1733677345537757,0.0347135011441647,0.0398375286041189,0.077637299771167,0.1479011441647597,0.5716585812356979,0.2804379862700228,0.1325368421052631,437.0
2023-06-22,421.6165161132813,70637200,0.003609586947866,SPY,0.1414141414141414,0.4141414141414141,0.1212121212121212,0.2525252525252525,0.1313131313131313,0.2424242424242424,0.1616161616161616,0.494949494949495,0.8888888888888888,0.5555555555555556,0.3333333333333333,0.6583373737373737,0.2121363636363636,0.0272,0.0361858585858585,0.0661353535353535,0.2453393939393939,0.5344747474747474,0.2201858585858586,-0.0251535353535353,99,0.1111111111111111,0.3481481481481481,0.0666666666666666,0.1703703703703703,0.1259259259259259,0.1481481481481481,0.0962962962962963,0.5703703703703704,1.0148148148148148,0.4148148148148148,0.6,0.7238911111111112,0.13736,0.03278,0.0369044444444444,0.069057037037037,0.1393177777777778,0.64452,0.2161607407407407,0.0768429629629629,135.0
2023-06-23,418.4291076660156,92074500,-0.0075599705548755,SPY,0.1686746987951807,0.3253012048192771,0.0963855421686747,0.1927710843373494,0.216867469879518,0.1204819277108433,0.072289156626506,0.6144578313253012,1.072289156626506,0.3734939759036144,0.6987951807228916,0.6420156626506024,0.1912903614457831,0.0355771084337349,0.0453542168674698,0.0857626506024096,0.1537481927710843,0.6470060240963855,0.1992469879518072,0.0454987951807228,83,0.1414141414141414,0.4141414141414141,0.1212121212121212,0.2525252525252525,0.1313131313131313,0.2424242424242424,0.1616161616161616,0.494949494949495,0.8888888888888888,0.5555555555555556,0.3333333333333333,0.6583373737373737,0.2121363636363636,0.0272,0.0361858585858585,0.0661353535353535,0.2453393939393939,0.5344747474747474,0.2201858585858586,-0.0251535353535353,99.0
2023-06-26,416.7194519042969,72823600,-0.0040858910873938,SPY,0.1380753138075313,0.3765690376569037,0.0836820083682008,0.1548117154811715,0.209205020920502,0.1297071129707113,0.1422594142259414,0.4644351464435146,0.9790794979079498,0.405857740585774,0.5732217573221757,0.6068853556485356,0.2237133891213389,0.0383836820083682,0.0348066945606694,0.0962146443514644,0.1628543933054393,0.6589702928870292,0.178176150627615,0.0153217573221757,239,0.1686746987951807,0.3253012048192771,0.0963855421686747,0.1927710843373494,0.216867469879518,0.1204819277108433,0.072289156626506,0.6144578313253012,1.072289156626506,0.3734939759036144,0.6987951807228916,0.6420156626506024,0.1912903614457831,0.0355771084337349,0.0453542168674698,0.0857626506024096,0.1537481927710843,0.6470060240963855,0.1992469879518072,0.0454987951807228,83.0
2023-06-27,421.2881164550781,72813700,0.0109634060274932,SPY,0.2,0.3304347826086956,0.0869565217391304,0.2434782608695652,0.217391304347826,0.3043478260869565,0.1043478260869565,0.4347826086956521,1.2347826086956522,0.5130434782608696,0.7217391304347827,0.6525365217391305,0.1690052173913043,0.0244965217391304,0.0444147826086956,0.1095495652173913,0.1680052173913043,0.5882391304347826,0.2437469565217391,0.0757417391304347,115,0.1380753138075313,0.3765690376569037,0.0836820083682008,0.1548117154811715,0.209205020920502,0.1297071129707113,0.1422594142259414,0.4644351464435146,0.9790794979079498,0.405857740585774,0.5732217573221757,0.6068853556485356,0.2237133891213389,0.0383836820083682,0.0348066945606694,0.0962146443514644,0.1628543933054393,0.6589702928870292,0.178176150627615,0.0153217573221757,239.0
2023-06-28,421.5006103515625,75636000,0.0005043909101267,SPY,0.168,0.472,0.072,0.128,0.224,0.144,0.096,0.56,0.992,0.36,0.632,0.7361144000000001,0.1190248,0.0258768,0.039248,0.079736,0.244984,0.5817848,0.1732312,-0.0717528,125,0.2,0.3304347826086956,0.0869565217391304,0.2434782608695652,0.217391304347826,0.3043478260869565,0.1043478260869565,0.4347826086956521,1.2347826086956522,0.5130434782608696,0.7217391304347827,0.6525365217391305,0.1690052173913043,0.0244965217391304,0.0444147826086956,0.1095495652173913,0.1680052173913043,0.5882391304347826,0.2437469565217391,0.0757417391304347,115.0
2023-06-29,423.161865234375,67882300,0.0039412870159947,SPY,0.1707317073170731,0.4634146341463415,0.0365853658536585,0.2926829268292683,0.1219512195121951,0.0975609756097561,0.0975609756097561,0.6585365853658537,1.0365853658536586,0.2926829268292683,0.7439024390243902,0.7006829268292684,0.1081439024390244,0.0262817073170731,0.0650390243902439,0.0998621951219512,0.1009475609756097,0.7017768292682928,0.1972817073170731,0.0963341463414634,82,0.168,0.472,0.072,0.128,0.224,0.144,0.096,0.56,0.992,0.36,0.632,0.7361144000000001,0.1190248,0.0258768,0.039248,0.079736,0.244984,0.5817848,0.1732312,-0.0717528,125.0
2023-06-30,428.1555480957031,104964000,0.0118008811086089,SPY,0.1034482758620689,0.6137931034482759,0.0344827586206896,0.2275862068965517,0.3241379310344827,0.1172413793103448,0.1724137931034483,0.7034482758620689,1.0413793103448277,0.3862068965517241,0.6551724137931034,0.6526586206896551,0.1559186206896551,0.0404841379310344,0.0636689655172413,0.0872737931034482,0.1773951724137931,0.6364379310344828,0.1861606896551724,0.0087655172413793,145,0.1707317073170731,0.4634146341463415,0.0365853658536585,0.2926829268292683,0.1219512195121951,0.0975609756097561,0.0975609756097561,0.6585365853658537,1.0365853658536586,0.2926829268292683,0.7439024390243902,0.7006829268292684,0.1081439024390244,0.0262817073170731,0.0650390243902439,0.0998621951219512,0.1009475609756097,0.7017768292682928,0.1972817073170731,0.0963341463414634,82.0
2023-07-03,428.6481323242188,32793400,0.0011504796112218,SPY,0.1635687732342007,0.5018587360594795,0.0446096654275092,0.1970260223048327,0.2156133828996282,0.1635687732342007,0.0966542750929368,0.6022304832713755,1.1561338289962826,0.4460966542750929,0.7100371747211895,0.6638003717472118,0.1794122676579925,0.0410840148698884,0.0360327137546468,0.0796724907063197,0.1876531598513011,0.6097758364312267,0.2025717472118959,0.0149185873605947,269,0.1034482758620689,0.6137931034482759,0.0344827586206896,0.2275862068965517,0.3241379310344827,0.1172413793103448,0.1724137931034483,0.7034482758620689,1.0413793103448277,0.3862068965517241,0.6551724137931034,0.6526586206896551,0.1559186206896551,0.0404841379310344,0.0636689655172413,0.0872737931034482,0.1773951724137931,0.6364379310344828,0.1861606896551724,0.0087655172413793,145.0
2023-07-05,428.01068115234375,58418400,-0.0014871199097931,SPY,0.1042654028436018,0.2606635071090047,0.0331753554502369,0.1706161137440758,0.1563981042654028,0.1232227488151658,0.0710900473933649,0.4407582938388625,0.971563981042654,0.4028436018957346,0.5687203791469194,0.6992445497630332,0.165985308056872,0.0303241706161137,0.0349251184834123,0.0695132701421801,0.1213350710900474,0.725081990521327,0.1535786729857819,0.0322436018957345,211,0.1635687732342007,0.5018587360594795,0.0446096654275092,0.1970260223048327,0.2156133828996282,0.1635687732342007,0.0966542750929368,0.6022304832713755,1.1561338289962826,0.4460966542750929,0.7100371747211895,0.6638003717472118,0.1794122676579925,0.0410840148698884,0.0360327137546468,0.0796724907063197,0.1876531598513011,0.6097758364312267,0.2025717472118959,0.0149185873605947,269.0
2023-07-06,424.6590270996094,80658300,-0.0078307719884714,SPY,0.1797752808988764,0.4157303370786517,0.0599250936329588,0.3146067415730337,0.2696629213483146,0.1573033707865168,0.1310861423220973,0.6404494382022472,1.303370786516854,0.5543071161048689,0.7490636704119851,0.7013696629213484,0.1517041198501872,0.0323299625468164,0.0360003745318352,0.0785947565543071,0.1380438202247191,0.6520359550561798,0.2099172284644194,0.0718734082397003,267,0.1042654028436018,0.2606635071090047,0.0331753554502369,0.1706161137440758,0.1563981042654028,0.1232227488151658,0.0710900473933649,0.4407582938388625,0.971563981042654,0.4028436018957346,0.5687203791469194,0.6992445497630332,0.165985308056872,0.0303241706161137,0.0349251184834123,0.0695132701421801,0.1213350710900474,0.725081990521327,0.1535786729857819,0.0322436018957345,211.0
2023-07-07,423.5869140625,86134200,-0.002524644405729,SPY,0.2790697674418604,0.3837209302325581,0.0697674418604651,0.1860465116279069,0.1395348837209302,0.1976744186046511,0.0581395348837209,0.5697674418604651,0.8372093023255814,0.5,0.3372093023255814,0.7259616279069767,0.125860465116279,0.028053488372093,0.0397255813953488,0.0804011627906976,0.0858174418604651,0.7158686046511629,0.1983093023255814,0.1124918604651162,86,0.1797752808988764,0.4157303370786517,0.0599250936329588,0.3146067415730337,0.2696629213483146,0.1573033707865168,0.1310861423220973,0.6404494382022472,1.303370786516854,0.5543071161048689,0.7490636704119851,0.7013696629213484,0.1517041198501872,0.0323299625468164,0.0360003745318352,0.0785947565543071,0.1380438202247191,0.6520359550561798,0.2099172284644194,0.0718734082397003,267.0
2023-07-10,424.6590270996094,62443500,0.0025310343674855,SPY,0.1690821256038647,0.429951690821256,0.1304347826086956,0.2222222222222222,0.2608695652173913,0.1642512077294686,0.2125603864734299,0.5942028985507246,1.0241545893719808,0.5265700483091788,0.4975845410628019,0.6369937198067632,0.206175845410628,0.0396797101449275,0.0373173913043478,0.0798265700483091,0.1943410628019323,0.608380193236715,0.1972840579710145,0.0029429951690821,207,0.2790697674418604,0.3837209302325581,0.0697674418604651,0.1860465116279069,0.1395348837209302,0.1976744186046511,0.0581395348837209,0.5697674418604651,0.8372093023255814,0.5,0.3372093023255814,0.7259616279069767,0.125860465116279,0.028053488372093,0.0397255813953488,0.0804011627906976,0.0858174418604651,0.7158686046511629,0.1983093023255814,0.1124918604651162,86.0
2023-07-11,427.3634643554688,64463800,0.0063684911500185,SPY,0.1643835616438356,0.5273972602739726,0.0753424657534246,0.2054794520547945,0.3561643835616438,0.1232876712328767,0.2123287671232876,0.6643835616438356,1.1986301369863013,0.4452054794520548,0.7534246575342466,0.580077397260274,0.1797287671232876,0.0422157534246575,0.0549684931506849,0.1430143835616438,0.1360945205479451,0.5999691780821917,0.263931506849315,0.1278369863013698,146,0.1690821256038647,0.429951690821256,0.1304347826086956,0.2222222222222222,0.2608695652173913,0.1642512077294686,0.2125603864734299,0.5942028985507246,1.0241545893719808,0.5265700483091788,0.4975845410628019,0.6369937198067632,0.206175845410628,0.0396797101449275,0.0373173913043478,0.0798265700483091,0.1943410628019323,0.608380193236715,0.1972840579710145,0.0029429951690821,207.0
2023-07-12,430.8020629882813,91924500,0.0080460753424451,SPY,0.3032786885245901,0.6311475409836066,0.0901639344262295,0.3770491803278688,0.2786885245901639,0.2377049180327868,0.2704918032786885,0.7704918032786885,1.2704918032786885,0.6885245901639344,0.5819672131147541,0.5955114754098361,0.2190090163934426,0.0414368852459016,0.0357959016393442,0.1082467213114754,0.2075295081967213,0.5960016393442623,0.1964663934426229,-0.0110631147540983,122,0.1643835616438356,0.5273972602739726,0.0753424657534246,0.2054794520547945,0.3561643835616438,0.1232876712328767,0.2123287671232876,0.6643835616438356,1.1986301369863013,0.4452054794520548,0.7534246575342466,0.580077397260274,0.1797287671232876,0.0422157534246575,0.0549684931506849,0.1430143835616438,0.1360945205479451,0.5999691780821917,0.263931506849315,0.1278369863013698,146.0
2023-07-13,434.2212524414063,72425200,0.00793679916342,SPY,0.0843373493975903,0.5542168674698795,0.0963855421686747,0.1686746987951807,0.216867469879518,0.108433734939759,0.0843373493975903,0.3975903614457831,0.963855421686747,0.3975903614457831,0.5662650602409639,0.708066265060241,0.1679915662650602,0.0327,0.0294759036144578,0.0617662650602409,0.1429108433734939,0.6353843373493976,0.2217084337349397,0.0787975903614457,83,0.3032786885245901,0.6311475409836066,0.0901639344262295,0.3770491803278688,0.2786885245901639,0.2377049180327868,0.2704918032786885,0.7704918032786885,1.2704918032786885,0.6885245901639344,0.5819672131147541,0.5955114754098361,0.2190090163934426,0.0414368852459016,0.0357959016393442,0.1082467213114754,0.2075295081967213,0.5960016393442623,0.1964663934426229,-0.0110631147540983,122.0
2023-07-14,433.9508056640625,69815800,-0.000622831738021,SPY,0.0853658536585365,0.3780487804878049,0.0365853658536585,0.1097560975609756,0.2560975609756097,0.1463414634146341,0.073170731707317,0.524390243902439,1.2926829268292683,0.4634146341463415,0.8292682926829268,0.6376804878048781,0.1526841463414634,0.0315829268292682,0.0533890243902439,0.1246731707317073,0.0873621951219512,0.7279048780487805,0.1847329268292682,0.097370731707317,82,0.0843373493975903,0.5542168674698795,0.0963855421686747,0.1686746987951807,0.216867469879518,0.108433734939759,0.0843373493975903,0.3975903614457831,0.963855421686747,0.3975903614457831,0.5662650602409639,0.708066265060241,0.1679915662650602,0.0327,0.0294759036144578,0.0617662650602409,0.1429108433734939,0.6353843373493976,0.2217084337349397,0.0787975903614457,83.0
2023-07-17,435.4576110839844,52680200,0.0034722954774011,SPY,0.2402234636871508,0.5893854748603352,0.1089385474860335,0.3044692737430167,0.3100558659217877,0.1759776536312849,0.1787709497206704,0.7430167597765364,1.2988826815642458,0.5391061452513967,0.7597765363128491,0.6258784916201118,0.1887156424581005,0.0337125698324022,0.0456670391061452,0.1060259776536313,0.1452664804469274,0.6116882681564245,0.2430488826815642,0.0977824022346368,358,0.0853658536585365,0.3780487804878049,0.0365853658536585,0.1097560975609756,0.2560975609756097,0.1463414634146341,0.073170731707317,0.524390243902439,1.2926829268292683,0.4634146341463415,0.8292682926829268,0.6376804878048781,0.1526841463414634,0.0315829268292682,0.0533890243902439,0.1246731707317073,0.0873621951219512,0.7279048780487805,0.1847329268292682,0.097370731707317,82.0
2023-07-18,438.69329833984375,80668200,0.0074305447269706,SPY,0.14375,0.60625,0.05625,0.18125,0.225,0.1375,0.10625,0.91875,1.31875,0.375,0.94375,0.6491575,0.183965,0.03457,0.03727625,0.0950275,0.1154574999999999,0.6962312500000001,0.188318125,0.072860625,160,0.2402234636871508,0.5893854748603352,0.1089385474860335,0.3044692737430167,0.3100558659217877,0.1759776536312849,0.1787709497206704,0.7430167597765364,1.2988826815642458,0.5391061452513967,0.7597765363128491,0.6258784916201118,0.1887156424581005,0.0337125698324022,0.0456670391061452,0.1060259776536313,0.1452664804469274,0.6116882681564245,0.2430488826815642,0.0977824022346368,358.0
2023-07-19,439.6687927246094,65891700,0.0022236363957626,SPY,0.1,0.4923076923076923,0.0692307692307692,0.1846153846153846,0.2846153846153846,0.1307692307692307,0.0923076923076923,0.676923076923077,1.1538461538461535,0.4,0.7538461538461538,0.6539699999999999,0.1625023076923077,0.0304984615384615,0.0334676923076923,0.1195546153846153,0.065516923076923,0.7736907692307693,0.1607992307692307,0.0952823076923077,130,0.14375,0.60625,0.05625,0.18125,0.225,0.1375,0.10625,0.91875,1.31875,0.375,0.94375,0.6491575,0.183965,0.03457,0.03727625,0.0950275,0.1154574999999999,0.6962312500000001,0.188318125,0.072860625,160.0
2023-07-20,436.7518310546875,70591600,-0.0066344523836808,SPY,0.1437908496732026,0.5490196078431373,0.0588235294117647,0.196078431372549,0.2026143790849673,0.130718954248366,0.1241830065359477,0.6013071895424836,1.0849673202614378,0.3333333333333333,0.7516339869281046,0.6529751633986928,0.1785437908496732,0.0330575163398692,0.0406039215686274,0.0948222222222222,0.1792954248366013,0.6459816993464053,0.1747248366013072,-0.0045705882352941,153,0.1,0.4923076923076923,0.0692307692307692,0.1846153846153846,0.2846153846153846,0.1307692307692307,0.0923076923076923,0.676923076923077,1.1538461538461535,0.4,0.7538461538461538,0.6539699999999999,0.1625023076923077,0.0304984615384615,0.0334676923076923,0.1195546153846153,0.065516923076923,0.7736907692307693,0.1607992307692307,0.0952823076923077,130.0
2023-07-21,436.7518310546875,71275600,0.0,SPY,0.1219512195121951,0.4471544715447154,0.065040650406504,0.1788617886178861,0.2195121951219512,0.089430894308943,0.1463414634146341,0.5121951219512195,1.2682926829268293,0.3089430894308943,0.959349593495935,0.6473609756097561,0.1463365853658536,0.0395853658536585,0.0532967479674796,0.1134178861788618,0.1411349593495935,0.6937365853658537,0.1651357723577236,0.02400081300813,123,0.1437908496732026,0.5490196078431373,0.0588235294117647,0.196078431372549,0.2026143790849673,0.130718954248366,0.1241830065359477,0.6013071895424836,1.0849673202614378,0.3333333333333333,0.7516339869281046,0.6529751633986928,0.1785437908496732,0.0330575163398692,0.0406039215686274,0.0948222222222222,0.1792954248366013,0.6459816993464053,0.1747248366013072,-0.0045705882352941,153.0
2023-07-24,438.7029418945313,54023400,0.0044673214881141,SPY,0.1206349206349206,0.365079365079365,0.1015873015873015,0.2285714285714285,0.3111111111111111,0.1333333333333333,0.0888888888888888,0.5650793650793651,1.2126984126984126,0.4412698412698412,0.7714285714285715,0.6316892063492063,0.1859022222222222,0.0326073015873015,0.0365606349206349,0.1132444444444444,0.1752984126984127,0.6447999999999999,0.1799047619047619,0.0046063492063492,315,0.1219512195121951,0.4471544715447154,0.065040650406504,0.1788617886178861,0.2195121951219512,0.089430894308943,0.1463414634146341,0.5121951219512195,1.2682926829268293,0.3089430894308943,0.959349593495935,0.6473609756097561,0.1463365853658536,0.0395853658536585,0.0532967479674796,0.1134178861788618,0.1411349593495935,0.6937365853658537,0.1651357723577236,0.02400081300813,123.0
2023-07-25,439.9006652832031,55191200,0.0027301466990385,SPY,0.1282051282051282,0.3675213675213675,0.0598290598290598,0.1709401709401709,0.1965811965811965,0.1025641025641025,0.094017094017094,0.6153846153846154,1.1538461538461535,0.3846153846153846,0.7692307692307693,0.6749205128205128,0.1446726495726495,0.0257017094017094,0.0442914529914529,0.1104111111111111,0.0806837606837606,0.7265752136752136,0.1927401709401709,0.1120564102564102,117,0.1206349206349206,0.365079365079365,0.1015873015873015,0.2285714285714285,0.3111111111111111,0.1333333333333333,0.0888888888888888,0.5650793650793651,1.2126984126984126,0.4412698412698412,0.7714285714285715,0.6316892063492063,0.1859022222222222,0.0326073015873015,0.0365606349206349,0.1132444444444444,0.1752984126984127,0.6447999999999999,0.1799047619047619,0.0046063492063492,315.0
2023-07-26,439.9682922363281,71052900,0.0001537323274596,SPY,0.1739130434782608,0.4260869565217391,0.1043478260869565,0.1913043478260869,0.1913043478260869,0.0956521739130434,0.1217391304347826,0.5565217391304348,1.373913043478261,0.2956521739130435,1.0782608695652174,0.6970139130434783,0.1423652173913043,0.0271,0.0369452173913043,0.0965852173913043,0.0907095652173913,0.7125608695652175,0.1967286956521739,0.1060191304347826,115,0.1282051282051282,0.3675213675213675,0.0598290598290598,0.1709401709401709,0.1965811965811965,0.1025641025641025,0.094017094017094,0.6153846153846154,1.1538461538461535,0.3846153846153846,0.7692307692307693,0.6749205128205128,0.1446726495726495,0.0257017094017094,0.0442914529914529,0.1104111111111111,0.0806837606837606,0.7265752136752136,0.1927401709401709,0.1120564102564102,117.0
2023-07-27,437.0512390136719,92194400,-0.0066301442038676,SPY,0.1458333333333333,0.4375,0.0833333333333333,0.2916666666666667,0.2361111111111111,0.1944444444444444,0.2361111111111111,0.6875,0.9861111111111112,0.3958333333333333,0.5902777777777778,0.6503236111111111,0.1720881944444444,0.0334944444444444,0.0377236111111111,0.10636875,0.1539430555555555,0.5834395833333333,0.2626159722222222,0.1086729166666666,144,0.1739130434782608,0.4260869565217391,0.1043478260869565,0.1913043478260869,0.1913043478260869,0.0956521739130434,0.1217391304347826,0.5565217391304348,1.373913043478261,0.2956521739130435,1.0782608695652174,0.6970139130434783,0.1423652173913043,0.0271,0.0369452173913043,0.0965852173913043,0.0907095652173913,0.7125608695652175,0.1967286956521739,0.1060191304347826,115.0
2023-07-28,441.3302001953125,80011800,0.0097905252283401,SPY,0.2142857142857142,0.4785714285714286,0.0785714285714285,0.3,0.3571428571428571,0.2428571428571428,0.1785714285714285,0.8428571428571429,1.1428571428571428,0.5642857142857143,0.5785714285714286,0.6166607142857142,0.1518392857142857,0.03359,0.07882,0.1190957142857142,0.1553692857142857,0.5846421428571429,0.2599864285714285,0.1046171428571428,140,0.1458333333333333,0.4375,0.0833333333333333,0.2916666666666667,0.2361111111111111,0.1944444444444444,0.2361111111111111,0.6875,0.9861111111111112,0.3958333333333333,0.5902777777777778,0.6503236111111111,0.1720881944444444,0.0334944444444444,0.0377236111111111,0.10636875,0.1539430555555555,0.5834395833333333,0.2626159722222222,0.1086729166666666,144.0
2023-07-31,442.17041015625,62040400,0.0019038125207966,SPY,0.1975308641975308,0.3703703703703703,0.139917695473251,0.2551440329218107,0.1810699588477366,0.176954732510288,0.1563786008230452,0.6502057613168725,1.0905349794238683,0.5390946502057613,0.551440329218107,0.6296934156378601,0.1774851851851852,0.0371041152263374,0.0386152263374485,0.1171024691358024,0.1116917695473251,0.6782720164609053,0.2100337448559671,0.0983419753086419,243,0.2142857142857142,0.4785714285714286,0.0785714285714285,0.3,0.3571428571428571,0.2428571428571428,0.1785714285714285,0.8428571428571429,1.1428571428571428,0.5642857142857143,0.5785714285714286,0.6166607142857142,0.1518392857142857,0.03359,0.07882,0.1190957142857142,0.1553692857142857,0.5846421428571429,0.2599864285714285,0.1046171428571428,140.0
2023-08-01,440.9051208496094,55291500,-0.0028615422415839,SPY,0.1448275862068965,0.503448275862069,0.0275862068965517,0.4620689655172413,0.2206896551724138,0.0620689655172413,0.1448275862068965,0.6827586206896552,1.2344827586206897,0.5862068965517241,0.6482758620689655,0.707251724137931,0.1183993103448275,0.0232765517241379,0.0500579310344827,0.1010172413793103,0.1161420689655172,0.6509675862068965,0.2328875862068965,0.1167455172413793,145,0.1975308641975308,0.3703703703703703,0.139917695473251,0.2551440329218107,0.1810699588477366,0.176954732510288,0.1563786008230452,0.6502057613168725,1.0905349794238683,0.5390946502057613,0.551440329218107,0.6296934156378601,0.1774851851851852,0.0371041152263374,0.0386152263374485,0.1171024691358024,0.1116917695473251,0.6782720164609053,0.2100337448559671,0.0983419753086419,243.0
2023-08-02,434.7717895507813,93933400,-0.0139107735628232,SPY,0.1656050955414012,0.5859872611464968,0.0636942675159235,0.1847133757961783,0.2420382165605095,0.2292993630573248,0.1146496815286624,0.6305732484076433,1.095541401273885,0.554140127388535,0.5414012738853503,0.692096178343949,0.1528184713375796,0.0380617834394904,0.0499063694267515,0.0671235668789808,0.1738464968152866,0.6494426751592357,0.1767146496815286,0.002868152866242,157,0.1448275862068965,0.503448275862069,0.0275862068965517,0.4620689655172413,0.2206896551724138,0.0620689655172413,0.1448275862068965,0.6827586206896552,1.2344827586206897,0.5862068965517241,0.6482758620689655,0.707251724137931,0.1183993103448275,0.0232765517241379,0.0500579310344827,0.1010172413793103,0.1161420689655172,0.6509675862068965,0.2328875862068965,0.1167455172413793,145.0
2023-08-03,433.52581787109375,64276100,-0.0028658061760973,SPY,0.17578125,0.4453125,0.0625,0.23046875,0.1875,0.09765625,0.10546875,0.77734375,1.9765625,0.3828125,1.59375,0.770098046875,0.11442734375,0.023742578125,0.0308078125,0.060927734375,0.07236171875,0.7465609375,0.181075390625,0.108713671875,256,0.1656050955414012,0.5859872611464968,0.0636942675159235,0.1847133757961783,0.2420382165605095,0.2292993630573248,0.1146496815286624,0.6305732484076433,1.095541401273885,0.554140127388535,0.5414012738853503,0.692096178343949,0.1528184713375796,0.0380617834394904,0.0499063694267515,0.0671235668789808,0.1738464968152866,0.6494426751592357,0.1767146496815286,0.002868152866242,157.0
2023-08-04,431.5650634765625,100128900,-0.0045228088240739,SPY,0.1527777777777778,0.5833333333333334,0.0902777777777777,0.1666666666666666,0.3819444444444444,0.1736111111111111,0.2430555555555555,0.8402777777777778,1.2569444444444444,0.5,0.7569444444444444,0.5967409722222222,0.1544944444444444,0.0353458333333333,0.0859451388888888,0.1274708333333333,0.1700423611111111,0.5107868055555556,0.319175,0.1491326388888889,144,0.17578125,0.4453125,0.0625,0.23046875,0.1875,0.09765625,0.10546875,0.77734375,1.9765625,0.3828125,1.59375,0.770098046875,0.11442734375,0.023742578125,0.0308078125,0.060927734375,0.07236171875,0.7465609375,0.181075390625,0.108713671875,256.0
2023-08-07,435.3319396972656,58357500,0.0087284086213055,SPY,0.1385281385281385,0.3333333333333333,0.0649350649350649,0.1645021645021645,0.1515151515151515,0.1082251082251082,0.1038961038961039,0.4805194805194805,0.9567099567099568,0.3376623376623376,0.6190476190476191,0.6890116883116882,0.1606220779220779,0.0316709956709956,0.0357008658008658,0.0829965367965367,0.1041030303030303,0.7352290043290043,0.1606658008658008,0.0565627705627705,231,0.1527777777777778,0.5833333333333334,0.0902777777777777,0.1666666666666666,0.3819444444444444,0.1736111111111111,0.2430555555555555,0.8402777777777778,1.2569444444444444,0.5,0.7569444444444444,0.5967409722222222,0.1544944444444444,0.0353458333333333,0.0859451388888888,0.1274708333333333,0.1700423611111111,0.5107868055555556,0.319175,0.1491326388888889,144.0
2023-08-08,433.43890380859375,71361300,-0.0043484883971258,SPY,0.155440414507772,0.3937823834196891,0.0518134715025906,0.1813471502590673,0.1865284974093264,0.155440414507772,0.1088082901554404,0.4404145077720207,1.0829015544041452,0.3937823834196891,0.689119170984456,0.6985818652849741,0.1532020725388601,0.0275471502590673,0.0334870466321243,0.0871751295336787,0.12510103626943,0.6840683937823835,0.1908310880829015,0.0657300518134715,193,0.1385281385281385,0.3333333333333333,0.0649350649350649,0.1645021645021645,0.1515151515151515,0.1082251082251082,0.1038961038961039,0.4805194805194805,0.9567099567099568,0.3376623376623376,0.6190476190476191,0.6890116883116882,0.1606220779220779,0.0316709956709956,0.0357008658008658,0.0829965367965367,0.1041030303030303,0.7352290043290043,0.1606658008658008,0.0565627705627705,231.0
2023-08-09,430.541259765625,78789600,-0.006685242181787,SPY,0.1262135922330097,0.3398058252427184,0.058252427184466,0.2233009708737864,0.1650485436893204,0.1650485436893204,0.1262135922330097,0.4271844660194174,0.7961165048543689,0.4368932038834951,0.3592233009708738,0.6397145631067962,0.1849844660194174,0.0400728155339805,0.039778640776699,0.0954514563106796,0.1858543689320388,0.614452427184466,0.1996912621359223,0.0138368932038834,103,0.155440414507772,0.3937823834196891,0.0518134715025906,0.1813471502590673,0.1865284974093264,0.155440414507772,0.1088082901554404,0.4404145077720207,1.0829015544041452,0.3937823834196891,0.689119170984456,0.6985818652849741,0.1532020725388601,0.0275471502590673,0.0334870466321243,0.0871751295336787,0.12510103626943,0.6840683937823835,0.1908310880829015,0.0657300518134715,193.0
2023-08-10,430.6957702636719,93005500,0.0003588750080096,SPY,0.1241379310344827,0.2344827586206896,0.0689655172413793,0.1103448275862069,0.1172413793103448,0.1172413793103448,0.0551724137931034,0.4275862068965517,0.9379310344827586,0.2689655172413793,0.6689655172413793,0.7130820689655173,0.1262462068965517,0.0311448275862068,0.0340531034482758,0.09548,0.0955524137931034,0.7579055172413793,0.1465379310344827,0.0509855172413793,145,0.1262135922330097,0.3398058252427184,0.058252427184466,0.2233009708737864,0.1650485436893204,0.1650485436893204,0.1262135922330097,0.4271844660194174,0.7961165048543689,0.4368932038834951,0.3592233009708738,0.6397145631067962,0.1849844660194174,0.0400728155339805,0.039778640776699,0.0954514563106796,0.1858543689320388,0.614452427184466,0.1996912621359223,0.0138368932038834,103.0
2023-08-11,430.4447021484375,68690900,-0.0005829361061072,SPY,0.1438356164383561,0.4178082191780822,0.0410958904109589,0.1780821917808219,0.273972602739726,0.1438356164383561,0.1780821917808219,0.6027397260273972,1.0684931506849316,0.4315068493150685,0.636986301369863,0.6491458904109589,0.1718424657534246,0.029295205479452,0.044004109589041,0.1057068493150684,0.227813698630137,0.5831965753424657,0.1889890410958904,-0.0388246575342465,146,0.1241379310344827,0.2344827586206896,0.0689655172413793,0.1103448275862069,0.1172413793103448,0.1172413793103448,0.0551724137931034,0.4275862068965517,0.9379310344827586,0.2689655172413793,0.6689655172413793,0.7130820689655173,0.1262462068965517,0.0311448275862068,0.0340531034482758,0.09548,0.0955524137931034,0.7579055172413793,0.1465379310344827,0.0509855172413793,145.0
2023-08-14,432.8207092285156,47867400,0.0055198892406365,SPY,0.1603498542274052,0.4373177842565597,0.0612244897959183,0.1632653061224489,0.2623906705539358,0.1778425655976676,0.1107871720116618,0.565597667638484,1.096209912536443,0.3556851311953353,0.7405247813411079,0.600698250728863,0.2063192419825072,0.0333720116618075,0.0462151603498542,0.1133950437317784,0.1260825072886297,0.6591174927113703,0.2147982507288629,0.0887157434402332,343,0.1438356164383561,0.4178082191780822,0.0410958904109589,0.1780821917808219,0.273972602739726,0.1438356164383561,0.1780821917808219,0.6027397260273972,1.0684931506849316,0.4315068493150685,0.636986301369863,0.6491458904109589,0.1718424657534246,0.029295205479452,0.044004109589041,0.1057068493150684,0.227813698630137,0.5831965753424657,0.1889890410958904,-0.0388246575342465,146.0
2023-08-15,427.7788696289063,75707500,-0.0116487947367311,SPY,0.1746987951807229,0.4879518072289157,0.0602409638554216,0.2831325301204819,0.2469879518072289,0.253012048192771,0.1265060240963855,0.572289156626506,1.289156626506024,0.7469879518072289,0.5421686746987951,0.654627108433735,0.1662108433734939,0.0366012048192771,0.0546084337349397,0.0879506024096385,0.1173150602409638,0.7100222891566265,0.1726638554216867,0.0553487951807228,166,0.1603498542274052,0.4373177842565597,0.0612244897959183,0.1632653061224489,0.2623906705539358,0.1778425655976676,0.1107871720116618,0.565597667638484,1.096209912536443,0.3556851311953353,0.7405247813411079,0.600698250728863,0.2063192419825072,0.0333720116618075,0.0462151603498542,0.1133950437317784,0.1260825072886297,0.6591174927113703,0.2147982507288629,0.0887157434402332,343.0
2023-08-16,424.6397399902344,80107200,-0.007338206399477,SPY,0.1860465116279069,0.4728682170542636,0.0620155038759689,0.2093023255813953,0.2325581395348837,0.1937984496124031,0.1627906976744186,0.5891472868217055,1.0155038759689925,0.4651162790697674,0.5503875968992248,0.6500697674418604,0.1750403100775193,0.0349108527131782,0.0416093023255813,0.0983736434108527,0.1538565891472868,0.720177519379845,0.1259713178294573,-0.0278852713178294,129,0.1746987951807229,0.4879518072289157,0.0602409638554216,0.2831325301204819,0.2469879518072289,0.253012048192771,0.1265060240963855,0.572289156626506,1.289156626506024,0.7469879518072289,0.5421686746987951,0.654627108433735,0.1662108433734939,0.0366012048192771,0.0546084337349397,0.0879506024096385,0.1173150602409638,0.7100222891566265,0.1726638554216867,0.0553487951807228,166.0
2023-08-17,421.4040222167969,95711300,-0.007619912760666,SPY,0.0944881889763779,0.3543307086614173,0.0551181102362204,0.1338582677165354,0.1732283464566929,0.1181102362204724,0.0629921259842519,0.4094488188976378,0.8582677165354331,0.3228346456692913,0.5354330708661418,0.6182992125984252,0.2158755905511811,0.0350976377952755,0.032823622047244,0.0979055118110236,0.1585448818897638,0.6675606299212598,0.1738858267716535,0.0153409448818897,127,0.1860465116279069,0.4728682170542636,0.0620155038759689,0.2093023255813953,0.2325581395348837,0.1937984496124031,0.1627906976744186,0.5891472868217055,1.0155038759689925,0.4651162790697674,0.5503875968992248,0.6500697674418604,0.1750403100775193,0.0349108527131782,0.0416093023255813,0.0983736434108527,0.1538565891472868,0.720177519379845,0.1259713178294573,-0.0278852713178294,129.0
2023-08-18,421.6068420410156,98852000,0.0004812954160993,SPY,0.1565217391304348,0.4,0.0608695652173913,0.217391304347826,0.2,0.1478260869565217,0.1130434782608695,0.5043478260869565,1.0434782608695652,0.5130434782608696,0.5304347826086957,0.7318478260869564,0.1239382608695652,0.0303426086956521,0.031295652173913,0.0825747826086956,0.1406069565217391,0.7231678260869565,0.1362208695652174,-0.0043860869565217,115,0.0944881889763779,0.3543307086614173,0.0551181102362204,0.1338582677165354,0.1732283464566929,0.1181102362204724,0.0629921259842519,0.4094488188976378,0.8582677165354331,0.3228346456692913,0.5354330708661418,0.6182992125984252,0.2158755905511811,0.0350976377952755,0.032823622047244,0.0979055118110236,0.1585448818897638,0.6675606299212598,0.1738858267716535,0.0153409448818897,127.0
2023-08-21,424.3499145507813,68719000,0.0065062333819971,SPY,0.2272727272727272,0.4285714285714285,0.0779220779220779,0.275974025974026,0.2207792207792207,0.2467532467532467,0.1136363636363636,0.564935064935065,1.1850649350649352,0.5064935064935064,0.6785714285714286,0.6358201298701298,0.2064240259740259,0.0392993506493506,0.0437727272727272,0.0746837662337662,0.202513961038961,0.6108019480519481,0.1866873376623376,-0.0158266233766233,308,0.1565217391304348,0.4,0.0608695652173913,0.217391304347826,0.2,0.1478260869565217,0.1130434782608695,0.5043478260869565,1.0434782608695652,0.5130434782608696,0.5304347826086957,0.7318478260869564,0.1239382608695652,0.0303426086956521,0.031295652173913,0.0825747826086956,0.1406069565217391,0.7231678260869565,0.1362208695652174,-0.0043860869565217,115.0
2023-08-22,423.2005615234375,64994200,-0.0027085030252933,SPY,0.1374045801526717,0.7251908396946565,0.0305343511450381,0.1679389312977099,0.3206106870229007,0.1908396946564885,0.1603053435114503,0.8244274809160306,1.1984732824427482,0.4809160305343511,0.7175572519083969,0.6764419847328245,0.137724427480916,0.0349282442748091,0.0520282442748091,0.0988839694656488,0.1827358778625954,0.5871679389312977,0.2300954198473282,0.0473595419847328,131,0.2272727272727272,0.4285714285714285,0.0779220779220779,0.275974025974026,0.2207792207792207,0.2467532467532467,0.1136363636363636,0.564935064935065,1.1850649350649352,0.5064935064935064,0.6785714285714286,0.6358201298701298,0.2064240259740259,0.0392993506493506,0.0437727272727272,0.0746837662337662,0.202513961038961,0.6108019480519481,0.1866873376623376,-0.0158266233766233,308.0
2023-08-23,427.9140625,68441000,0.0111377474538192,SPY,0.2777777777777778,0.5555555555555556,0.0555555555555555,0.2063492063492063,0.246031746031746,0.1507936507936507,0.0793650793650793,0.5793650793650794,0.9682539682539684,0.4523809523809524,0.5158730158730159,0.6821587301587302,0.1636626984126984,0.0350436507936507,0.046329365079365,0.0727992063492063,0.1087706349206349,0.6514468253968254,0.2397857142857143,0.1310150793650793,126,0.1374045801526717,0.7251908396946565,0.0305343511450381,0.1679389312977099,0.3206106870229007,0.1908396946564885,0.1603053435114503,0.8244274809160306,1.1984732824427482,0.4809160305343511,0.7175572519083969,0.6764419847328245,0.137724427480916,0.0349282442748091,0.0520282442748091,0.0988839694656488,0.1827358778625954,0.5871679389312977,0.2300954198473282,0.0473595419847328,131.0
2023-08-24,421.9835510253906,88517300,-0.0138591179732715,SPY,0.1543624161073825,0.3691275167785235,0.0604026845637583,0.1946308724832214,0.1476510067114094,0.1409395973154362,0.1476510067114094,0.5100671140939598,0.912751677852349,0.3691275167785235,0.5436241610738255,0.6006026845637584,0.1908248322147651,0.0399993288590604,0.0448442953020134,0.1237241610738255,0.1464879194630872,0.6402932885906041,0.2132147651006711,0.0667268456375839,149,0.2777777777777778,0.5555555555555556,0.0555555555555555,0.2063492063492063,0.246031746031746,0.1507936507936507,0.0793650793650793,0.5793650793650794,0.9682539682539684,0.4523809523809524,0.5158730158730159,0.6821587301587302,0.1636626984126984,0.0350436507936507,0.046329365079365,0.0727992063492063,0.1087706349206349,0.6514468253968254,0.2397857142857143,0.1310150793650793,126.0
2023-08-25,424.9584655761719,102325100,0.007049835339677,SPY,0.1553398058252427,0.4174757281553398,0.0485436893203883,0.1941747572815534,0.1359223300970873,0.1553398058252427,0.116504854368932,0.4174757281553398,0.8252427184466019,0.3980582524271844,0.4271844660194174,0.668321359223301,0.1781203883495145,0.0370398058252427,0.039709708737864,0.0768194174757281,0.1397339805825242,0.7395699029126214,0.1206941747572815,-0.0190398058252427,103,0.1543624161073825,0.3691275167785235,0.0604026845637583,0.1946308724832214,0.1476510067114094,0.1409395973154362,0.1476510067114094,0.5100671140939598,0.912751677852349,0.3691275167785235,0.5436241610738255,0.6006026845637584,0.1908248322147651,0.0399993288590604,0.0448442953020134,0.1237241610738255,0.1464879194630872,0.6402932885906041,0.2132147651006711,0.0667268456375839,149.0
2023-08-28,427.6532897949219,61595400,0.0063413825986411,SPY,0.1617977528089887,0.4044943820224719,0.1101123595505618,0.2292134831460674,0.2674157303370786,0.1730337078651685,0.1685393258426966,0.6831460674157304,1.2853932584269665,0.4202247191011236,0.8651685393258427,0.655841797752809,0.163621797752809,0.0360089887640449,0.0432206741573033,0.101311011235955,0.1280914606741573,0.6811732584269663,0.190736404494382,0.0626449438202247,445,0.1553398058252427,0.4174757281553398,0.0485436893203883,0.1941747572815534,0.1359223300970873,0.1553398058252427,0.116504854368932,0.4174757281553398,0.8252427184466019,0.3980582524271844,0.4271844660194174,0.668321359223301,0.1781203883495145,0.0370398058252427,0.039709708737864,0.0768194174757281,0.1397339805825242,0.7395699029126214,0.1206941747572815,-0.0190398058252427,103.0
2023-08-29,433.8349304199219,83081900,0.0144547949764735,SPY,0.1111111111111111,0.4365079365079365,0.0317460317460317,0.1587301587301587,0.246031746031746,0.1507936507936507,0.1111111111111111,0.626984126984127,1.031746031746032,0.4047619047619047,0.626984126984127,0.6569365079365079,0.1813857142857143,0.0339269841269841,0.0388936507936507,0.0888515873015872,0.1214896825396825,0.6807650793650794,0.197747619047619,0.0762579365079365,126,0.1617977528089887,0.4044943820224719,0.1101123595505618,0.2292134831460674,0.2674157303370786,0.1730337078651685,0.1685393258426966,0.6831460674157304,1.2853932584269665,0.4202247191011236,0.8651685393258427,0.655841797752809,0.163621797752809,0.0360089887640449,0.0432206741573033,0.101311011235955,0.1280914606741573,0.6811732584269663,0.190736404494382,0.0626449438202247,445.0
2023-08-30,435.6217956542969,69053900,0.0041187675520859,SPY,0.1615384615384615,0.4076923076923077,0.0692307692307692,0.1076923076923077,0.2,0.1,0.0923076923076923,0.4769230769230769,0.9769230769230768,0.2153846153846154,0.7615384615384615,0.630816923076923,0.1311038461538461,0.0362776923076923,0.0623776923076923,0.139416923076923,0.0701930769230769,0.7007276923076923,0.22907,0.158876923076923,130,0.1111111111111111,0.4365079365079365,0.0317460317460317,0.1587301587301587,0.246031746031746,0.1507936507936507,0.1111111111111111,0.626984126984127,1.031746031746032,0.4047619047619047,0.626984126984127,0.6569365079365079,0.1813857142857143,0.0339269841269841,0.0388936507936507,0.0888515873015872,0.1214896825396825,0.6807650793650794,0.197747619047619,0.0762579365079365,126.0
2023-08-31,434.9842834472656,66084600,-0.0014634534208136,SPY,0.2272727272727272,0.303030303030303,0.0454545454545454,0.2272727272727272,0.2272727272727272,0.1818181818181818,0.1666666666666666,0.6515151515151515,1.1666666666666667,0.3939393939393939,0.7727272727272727,0.756159090909091,0.1188560606060606,0.0256621212121212,0.0343378787878787,0.0649636363636363,0.1293681818181818,0.6810621212121212,0.1895666666666666,0.0601984848484848,66,0.1615384615384615,0.4076923076923077,0.0692307692307692,0.1076923076923077,0.2,0.1,0.0923076923076923,0.4769230769230769,0.9769230769230768,0.2153846153846154,0.7615384615384615,0.630816923076923,0.1311038461538461,0.0362776923076923,0.0623776923076923,0.139416923076923,0.0701930769230769,0.7007276923076923,0.22907,0.158876923076923,130.0
2023-09-01,435.795654296875,58944100,0.0018652877367872,SPY,0.188235294117647,0.3411764705882353,0.0588235294117647,0.1058823529411764,0.1529411764705882,0.1294117647058823,0.0823529411764705,0.3529411764705882,0.9294117647058824,0.2941176470588235,0.6352941176470588,0.6686082352941176,0.1378211764705882,0.03118,0.050115294117647,0.1122611764705882,0.13308,0.7235541176470588,0.1433717647058823,0.0102917647058823,85,0.2272727272727272,0.303030303030303,0.0454545454545454,0.2272727272727272,0.2272727272727272,0.1818181818181818,0.1666666666666666,0.6515151515151515,1.1666666666666667,0.3939393939393939,0.7727272727272727,0.756159090909091,0.1188560606060606,0.0256621212121212,0.0343378787878787,0.0649636363636363,0.1293681818181818,0.6810621212121212,0.1895666666666666,0.0601984848484848,66.0
2023-09-05,433.9121398925781,55166200,-0.0043220128189112,SPY,0.1772939346811819,0.5116640746500778,0.0948678071539657,0.2348367029548989,0.2301710730948678,0.181959564541213,0.1415241057542768,0.6547433903576982,1.292379471228616,0.4836702954898911,0.8087091757387247,0.6624517884914464,0.1629853810264385,0.0304667185069984,0.049853032659409,0.0942447900466563,0.1266146189735614,0.641900466562986,0.2314861586314152,0.1048715396578538,643,0.188235294117647,0.3411764705882353,0.0588235294117647,0.1058823529411764,0.1529411764705882,0.1294117647058823,0.0823529411764705,0.3529411764705882,0.9294117647058824,0.2941176470588235,0.6352941176470588,0.6686082352941176,0.1378211764705882,0.03118,0.050115294117647,0.1122611764705882,0.13308,0.7235541176470588,0.1433717647058823,0.0102917647058823,85.0
2023-09-06,430.9952087402344,70758500,-0.0067224004220436,SPY,0.1521739130434782,0.3985507246376811,0.1159420289855072,0.144927536231884,0.2246376811594203,0.1666666666666666,0.0869565217391304,0.5362318840579711,1.318840579710145,0.4420289855072464,0.8768115942028986,0.6693869565217391,0.1404536231884058,0.0405681159420289,0.0426644927536231,0.1069253623188405,0.1251630434782608,0.6727471014492754,0.2020797101449275,0.0769166666666666,138,0.1772939346811819,0.5116640746500778,0.0948678071539657,0.2348367029548989,0.2301710730948678,0.181959564541213,0.1415241057542768,0.6547433903576982,1.292379471228616,0.4836702954898911,0.8087091757387247,0.6624517884914464,0.1629853810264385,0.0304667185069984,0.049853032659409,0.0942447900466563,0.1266146189735614,0.641900466562986,0.2314861586314152,0.1048715396578538,643.0
2023-09-07,429.6719665527344,70355400,-0.0030702016186391,SPY,0.2983870967741935,0.4516129032258064,0.1451612903225806,0.3790322580645161,0.1854838709677419,0.2338709677419354,0.1370967741935483,0.5,1.0080645161290325,0.5080645161290323,0.5,0.6653524193548387,0.1829782258064516,0.0346975806451612,0.0357838709677419,0.0811927419354838,0.1047596774193548,0.7100209677419356,0.1852225806451613,0.0804629032258064,124,0.1521739130434782,0.3985507246376811,0.1159420289855072,0.144927536231884,0.2246376811594203,0.1666666666666666,0.0869565217391304,0.5362318840579711,1.318840579710145,0.4420289855072464,0.8768115942028986,0.6693869565217391,0.1404536231884058,0.0405681159420289,0.0426644927536231,0.1069253623188405,0.1251630434782608,0.6727471014492754,0.2020797101449275,0.0769166666666666,138.0
2023-09-08,430.3191223144531,61659700,0.001506162403172,SPY,0.1733333333333333,0.36,0.08,0.2533333333333333,0.2266666666666666,0.1466666666666666,0.1,0.6333333333333333,1.1466666666666667,0.46,0.6866666666666666,0.6519546666666667,0.1799286666666666,0.0391873333333333,0.0374946666666666,0.091448,0.1226326666666666,0.6998866666666667,0.1774793333333333,0.0548466666666666,150,0.2983870967741935,0.4516129032258064,0.1451612903225806,0.3790322580645161,0.1854838709677419,0.2338709677419354,0.1370967741935483,0.5,1.0080645161290325,0.5080645161290323,0.5,0.6653524193548387,0.1829782258064516,0.0346975806451612,0.0357838709677419,0.0811927419354838,0.1047596774193548,0.7100209677419356,0.1852225806451613,0.0804629032258064,124.0
2023-09-11,433.1491394042969,60180100,0.0065765543362856,SPY,0.1128608923884514,0.3280839895013123,0.0629921259842519,0.1496062992125984,0.1863517060367454,0.1391076115485564,0.0971128608923884,0.4435695538057743,0.952755905511811,0.3490813648293963,0.6036745406824147,0.6902204724409449,0.1669860892388451,0.0317994750656168,0.0302288713910761,0.0807608923884514,0.0846997375328084,0.7590889763779527,0.1562060367454068,0.0715062992125984,381,0.1733333333333333,0.36,0.08,0.2533333333333333,0.2266666666666666,0.1466666666666666,0.1,0.6333333333333333,1.1466666666666667,0.46,0.6866666666666666,0.6519546666666667,0.1799286666666666,0.0391873333333333,0.0374946666666666,0.091448,0.1226326666666666,0.6998866666666667,0.1774793333333333,0.0548466666666666,150.0
2023-09-12,430.7730407714844,67565400,-0.0054856362777964,SPY,0.0754716981132075,0.4056603773584906,0.0283018867924528,0.0471698113207547,0.1792452830188679,0.0283018867924528,0.1132075471698113,0.4528301886792453,0.9905660377358492,0.1509433962264151,0.839622641509434,0.6582830188679246,0.1692971698113207,0.0343283018867924,0.0554603773584905,0.0826339622641509,0.1095792452830188,0.6888226415094338,0.2015905660377358,0.0920113207547169,106,0.1128608923884514,0.3280839895013123,0.0629921259842519,0.1496062992125984,0.1863517060367454,0.1391076115485564,0.0971128608923884,0.4435695538057743,0.952755905511811,0.3490813648293963,0.6036745406824147,0.6902204724409449,0.1669860892388451,0.0317994750656168,0.0302288713910761,0.0807608923884514,0.0846997375328084,0.7590889763779527,0.1562060367454068,0.0715062992125984,381.0
2023-09-13,431.2752990722656,60199300,0.0011659464572846,SPY,0.238095238095238,0.4952380952380952,0.0666666666666666,0.1904761904761904,0.2571428571428571,0.1333333333333333,0.1523809523809524,0.5619047619047619,1.2476190476190476,0.3809523809523809,0.8666666666666667,0.732364761904762,0.1211314285714285,0.0270790476190476,0.0418847619047619,0.0775285714285714,0.0660904761904761,0.7409438095238094,0.1929657142857142,0.1268752380952381,105,0.0754716981132075,0.4056603773584906,0.0283018867924528,0.0471698113207547,0.1792452830188679,0.0283018867924528,0.1132075471698113,0.4528301886792453,0.9905660377358492,0.1509433962264151,0.839622641509434,0.6582830188679246,0.1692971698113207,0.0343283018867924,0.0554603773584905,0.0826339622641509,0.1095792452830188,0.6888226415094338,0.2015905660377358,0.0920113207547169,106.0
2023-09-14,434.993896484375,83430800,0.0086223287540663,SPY,0.180722891566265,0.2650602409638554,0.0120481927710843,0.108433734939759,0.072289156626506,0.108433734939759,0.0602409638554216,0.3493975903614458,0.7710843373493976,0.3493975903614458,0.4216867469879518,0.6769662650602409,0.1489734939759036,0.0439554216867469,0.0392759036144578,0.0908325301204819,0.1071506024096385,0.7461891566265061,0.1466566265060241,0.0395060240963855,83,0.238095238095238,0.4952380952380952,0.0666666666666666,0.1904761904761904,0.2571428571428571,0.1333333333333333,0.1523809523809524,0.5619047619047619,1.2476190476190476,0.3809523809523809,0.8666666666666667,0.732364761904762,0.1211314285714285,0.0270790476190476,0.0418847619047619,0.0775285714285714,0.0660904761904761,0.7409438095238094,0.1929657142857142,0.1268752380952381,105.0
2023-09-15,429.75299072265625,111848900,-0.012048228271881,SPY,0.1282051282051282,0.2564102564102564,0.0598290598290598,0.1452991452991453,0.2222222222222222,0.094017094017094,0.0769230769230769,0.5213675213675214,0.8547008547008547,0.2564102564102564,0.5982905982905983,0.6489119658119659,0.181417094017094,0.0303290598290598,0.0428863247863247,0.0964444444444444,0.1487247863247863,0.7321726495726495,0.1191008547008547,-0.0296239316239316,117,0.180722891566265,0.2650602409638554,0.0120481927710843,0.108433734939759,0.072289156626506,0.108433734939759,0.0602409638554216,0.3493975903614458,0.7710843373493976,0.3493975903614458,0.4216867469879518,0.6769662650602409,0.1489734939759036,0.0439554216867469,0.0392759036144578,0.0908325301204819,0.1071506024096385,0.7461891566265061,0.1466566265060241,0.0395060240963855,83.0
2023-09-18,430.0049743652344,55752200,0.0005863452914065,SPY,0.1433447098976109,0.3959044368600682,0.0750853242320819,0.1911262798634812,0.1774744027303754,0.167235494880546,0.0784982935153583,0.447098976109215,1.0102389078498293,0.3856655290102389,0.6245733788395904,0.6938300341296929,0.152236518771331,0.0334853242320819,0.0382723549488054,0.0821778156996587,0.1469668941979522,0.7131146757679181,0.1399122866894198,-0.0070546075085324,293,0.1282051282051282,0.2564102564102564,0.0598290598290598,0.1452991452991453,0.2222222222222222,0.094017094017094,0.0769230769230769,0.5213675213675214,0.8547008547008547,0.2564102564102564,0.5982905982905983,0.6489119658119659,0.181417094017094,0.0303290598290598,0.0428863247863247,0.0964444444444444,0.1487247863247863,0.7321726495726495,0.1191008547008547,-0.0296239316239316,117.0
2023-09-19,429.1132507324219,66514600,-0.0020737519004956,SPY,0.1735537190082644,0.2809917355371901,0.0991735537190082,0.1652892561983471,0.1818181818181818,0.1652892561983471,0.0909090909090909,0.5206611570247934,0.9421487603305784,0.4049586776859504,0.5371900826446281,0.581101652892562,0.2005380165289256,0.0545214876033057,0.0493669421487603,0.1144652892561983,0.1644900826446281,0.6535132231404959,0.181998347107438,0.0175082644628099,121,0.1433447098976109,0.3959044368600682,0.0750853242320819,0.1911262798634812,0.1774744027303754,0.167235494880546,0.0784982935153583,0.447098976109215,1.0102389078498293,0.3856655290102389,0.6245733788395904,0.6938300341296929,0.152236518771331,0.0334853242320819,0.0382723549488054,0.0821778156996587,0.1469668941979522,0.7131146757679181,0.1399122866894198,-0.0070546075085324,293.0
2023-09-20,425.1683349609375,82562600,-0.0091931809720419,SPY,0.1264367816091954,0.3793103448275862,0.0689655172413793,0.057471264367816,0.1724137931034483,0.1494252873563218,0.0919540229885057,0.4482758620689655,0.9195402298850576,0.2873563218390804,0.632183908045977,0.67173908045977,0.1577666666666666,0.0279425287356321,0.045735632183908,0.0968275862068965,0.1131310344827586,0.7319689655172413,0.1549011494252873,0.0417701149425287,87,0.1735537190082644,0.2809917355371901,0.0991735537190082,0.1652892561983471,0.1818181818181818,0.1652892561983471,0.0909090909090909,0.5206611570247934,0.9421487603305784,0.4049586776859504,0.5371900826446281,0.581101652892562,0.2005380165289256,0.0545214876033057,0.0493669421487603,0.1144652892561983,0.1644900826446281,0.6535132231404959,0.181998347107438,0.0175082644628099,121.0
2023-09-21,418.1409606933594,104095800,-0.0165284516501534,SPY,0.2121212121212121,0.4545454545454545,0.0606060606060606,0.2272727272727272,0.2424242424242424,0.1742424242424242,0.1363636363636363,0.4318181818181818,0.8560606060606061,0.4393939393939394,0.4166666666666667,0.6526469696969697,0.1611166666666666,0.0379621212121212,0.0499590909090909,0.0983143939393939,0.1570507575757575,0.6475674242424242,0.1953757575757575,0.038325,132,0.1264367816091954,0.3793103448275862,0.0689655172413793,0.057471264367816,0.1724137931034483,0.1494252873563218,0.0919540229885057,0.4482758620689655,0.9195402298850576,0.2873563218390804,0.632183908045977,0.67173908045977,0.1577666666666666,0.0279425287356321,0.045735632183908,0.0968275862068965,0.1131310344827586,0.7319689655172413,0.1549011494252873,0.0417701149425287,87.0
2023-09-22,417.2007751464844,100829700,-0.0022484894694745,SPY,0.1176470588235294,0.284313725490196,0.0490196078431372,0.2352941176470588,0.1764705882352941,0.1764705882352941,0.0686274509803921,0.3039215686274509,0.5882352941176471,0.4509803921568627,0.1372549019607843,0.6604539215686274,0.1828411764705882,0.0345078431372549,0.0378598039215686,0.0843313725490196,0.1601666666666666,0.7394774509803921,0.100363725490196,-0.0598029411764705,102,0.2121212121212121,0.4545454545454545,0.0606060606060606,0.2272727272727272,0.2424242424242424,0.1742424242424242,0.1363636363636363,0.4318181818181818,0.8560606060606061,0.4393939393939394,0.4166666666666667,0.6526469696969697,0.1611166666666666,0.0379621212121212,0.0499590909090909,0.0983143939393939,0.1570507575757575,0.6475674242424242,0.1953757575757575,0.038325,132.0
2023-09-25,418.9551696777344,70874500,0.0042051564516725,SPY,0.1993957703927492,0.3746223564954682,0.0574018126888217,0.2084592145015106,0.1993957703927492,0.1238670694864048,0.1087613293051359,0.552870090634441,1.1178247734138973,0.4531722054380664,0.6646525679758308,0.6358371601208459,0.1774368580060423,0.04087250755287,0.0450800604229607,0.1007731117824773,0.128060422960725,0.6884577039274925,0.1834836858006042,0.0554232628398791,331,0.1176470588235294,0.284313725490196,0.0490196078431372,0.2352941176470588,0.1764705882352941,0.1764705882352941,0.0686274509803921,0.3039215686274509,0.5882352941176471,0.4509803921568627,0.1372549019607843,0.6604539215686274,0.1828411764705882,0.0345078431372549,0.0378598039215686,0.0843313725490196,0.1601666666666666,0.7394774509803921,0.100363725490196,-0.0598029411764705,102.0
2023-09-26,412.8002014160156,96168400,-0.0146912335905849,SPY,0.1489361702127659,0.2872340425531915,0.0425531914893617,0.1595744680851064,0.1808510638297872,0.1382978723404255,0.0319148936170212,0.5638297872340425,0.9787234042553192,0.3936170212765957,0.5851063829787234,0.6897808510638298,0.1475085106382978,0.0306446808510638,0.0436574468085106,0.0884053191489361,0.1026276595744681,0.7475585106382978,0.149813829787234,0.0471861702127659,94,0.1993957703927492,0.3746223564954682,0.0574018126888217,0.2084592145015106,0.1993957703927492,0.1238670694864048,0.1087613293051359,0.552870090634441,1.1178247734138973,0.4531722054380664,0.6646525679758308,0.6358371601208459,0.1774368580060423,0.04087250755287,0.0450800604229607,0.1007731117824773,0.128060422960725,0.6884577039274925,0.1834836858006042,0.0554232628398791,331.0
2023-09-27,412.9649353027344,104705800,0.0003990644533449,SPY,0.144927536231884,0.4492753623188406,0.0434782608695652,0.1884057971014492,0.2391304347826087,0.1231884057971014,0.1231884057971014,0.5579710144927537,1.355072463768116,0.3260869565217391,1.0289855072463767,0.7296478260869566,0.1361760869565217,0.0324485507246376,0.0376789855072463,0.064041304347826,0.1246173913043478,0.7094007246376812,0.1659804347826087,0.0413630434782608,138,0.1489361702127659,0.2872340425531915,0.0425531914893617,0.1595744680851064,0.1808510638297872,0.1382978723404255,0.0319148936170212,0.5638297872340425,0.9787234042553192,0.3936170212765957,0.5851063829787234,0.6897808510638298,0.1475085106382978,0.0306446808510638,0.0436574468085106,0.0884053191489361,0.1026276595744681,0.7475585106382978,0.149813829787234,0.0471861702127659,94.0
2023-09-28,415.3591003417969,92258300,0.0057975020017313,SPY,0.2058823529411764,0.4117647058823529,0.0196078431372549,0.2058823529411764,0.0686274509803921,0.1568627450980392,0.0588235294117647,0.4901960784313725,0.9509803921568628,0.4411764705882353,0.5098039215686274,0.6703764705882352,0.1595039215686274,0.0363598039215686,0.0537990196078431,0.0799519607843137,0.1684411764705882,0.7146960784313725,0.116863725490196,-0.0515774509803921,102,0.144927536231884,0.4492753623188406,0.0434782608695652,0.1884057971014492,0.2391304347826087,0.1231884057971014,0.1231884057971014,0.5579710144927537,1.355072463768116,0.3260869565217391,1.0289855072463767,0.7296478260869566,0.1361760869565217,0.0324485507246376,0.0376789855072463,0.064041304347826,0.1246173913043478,0.7094007246376812,0.1659804347826087,0.0413630434782608,138.0
2023-09-29,414.35107421875,115111300,-0.002426878626753,SPY,0.1411764705882353,0.3176470588235294,0.0705882352941176,0.2235294117647059,0.0941176470588235,0.2,0.1411764705882353,0.4823529411764706,0.9411764705882352,0.4235294117647059,0.5176470588235295,0.6081435294117647,0.2082141176470588,0.0347447058823529,0.0382917647058823,0.1106141176470588,0.1050482352941176,0.7589117647058823,0.1360376470588235,0.0309894117647058,85,0.2058823529411764,0.4117647058823529,0.0196078431372549,0.2058823529411764,0.0686274509803921,0.1568627450980392,0.0588235294117647,0.4901960784313725,0.9509803921568628,0.4411764705882353,0.5098039215686274,0.6703764705882352,0.1595039215686274,0.0363598039215686,0.0537990196078431,0.0799519607843137,0.1684411764705882,0.7146960784313725,0.116863725490196,-0.0515774509803921,102.0
2023-10-02,414.186279296875,83798600,-0.0003977180997677,SPY,0.3123028391167192,0.3659305993690852,0.0694006309148265,0.2744479495268139,0.1987381703470031,0.1829652996845426,0.1356466876971608,0.4605678233438486,0.9085173501577288,0.5173501577287066,0.3911671924290221,0.6455198738170347,0.1775466876971609,0.0456258675078864,0.0458028391167192,0.0855050473186119,0.1568555205047318,0.7168416403785489,0.1263003154574132,-0.0305552050473186,317,0.1411764705882353,0.3176470588235294,0.0705882352941176,0.2235294117647059,0.0941176470588235,0.2,0.1411764705882353,0.4823529411764706,0.9411764705882352,0.4235294117647059,0.5176470588235295,0.6081435294117647,0.2082141176470588,0.0347447058823529,0.0382917647058823,0.1106141176470588,0.1050482352941176,0.7589117647058823,0.1360376470588235,0.0309894117647058,85.0
2023-10-03,408.6419372558594,103760600,-0.0133861074549058,SPY,0.1830985915492957,0.2957746478873239,0.0845070422535211,0.0985915492957746,0.2112676056338028,0.1267605633802817,0.1267605633802817,0.5633802816901409,0.8873239436619719,0.323943661971831,0.5633802816901409,0.696074647887324,0.1552718309859155,0.0425281690140845,0.0353492957746478,0.0707732394366197,0.1253267605633802,0.7302845070422536,0.1443845070422535,0.0190577464788732,71,0.3123028391167192,0.3659305993690852,0.0694006309148265,0.2744479495268139,0.1987381703470031,0.1829652996845426,0.1356466876971608,0.4605678233438486,0.9085173501577288,0.5173501577287066,0.3911671924290221,0.6455198738170347,0.1775466876971609,0.0456258675078864,0.0458028391167192,0.0855050473186119,0.1568555205047318,0.7168416403785489,0.1263003154574132,-0.0305552050473186,317.0
2023-10-04,411.6176452636719,87453000,0.0072819447455521,SPY,0.2105263157894736,0.4561403508771929,0.0701754385964912,0.175438596491228,0.0701754385964912,0.2280701754385964,0.0701754385964912,0.4736842105263157,1.1228070175438596,0.3157894736842105,0.8070175438596491,0.6693736842105263,0.173419298245614,0.0211561403508771,0.0369035087719298,0.0991473684210526,0.1041473684210526,0.6699298245614035,0.2259350877192982,0.1217877192982456,57,0.1830985915492957,0.2957746478873239,0.0845070422535211,0.0985915492957746,0.2112676056338028,0.1267605633802817,0.1267605633802817,0.5633802816901409,0.8873239436619719,0.323943661971831,0.5633802816901409,0.696074647887324,0.1552718309859155,0.0425281690140845,0.0353492957746478,0.0707732394366197,0.1253267605633802,0.7302845070422536,0.1443845070422535,0.0190577464788732,71.0
2023-10-05,411.4625549316406,70142700,-0.0003767825160456,SPY,0.1566265060240964,0.2289156626506024,0.0602409638554216,0.1325301204819277,0.1927710843373494,0.072289156626506,0.072289156626506,0.4698795180722891,0.8795180722891566,0.1927710843373494,0.6867469879518072,0.6587927710843373,0.1771060240963855,0.0436662650602409,0.0324265060240963,0.0880072289156626,0.1142819277108433,0.7577939759036145,0.1279204819277108,0.0136385542168674,83,0.2105263157894736,0.4561403508771929,0.0701754385964912,0.175438596491228,0.0701754385964912,0.2280701754385964,0.0701754385964912,0.4736842105263157,1.1228070175438596,0.3157894736842105,0.8070175438596491,0.6693736842105263,0.173419298245614,0.0211561403508771,0.0369035087719298,0.0991473684210526,0.1041473684210526,0.6699298245614035,0.2259350877192982,0.1217877192982456,57.0
2023-10-06,416.3477783203125,113273300,0.0118728261663652,SPY,0.2743362831858407,0.3539823008849557,0.1327433628318584,0.2566371681415929,0.1327433628318584,0.247787610619469,0.1415929203539823,0.4513274336283185,0.7433628318584071,0.5398230088495575,0.2035398230088495,0.565575221238938,0.2145734513274336,0.0799991150442478,0.0413115044247787,0.0985477876106194,0.2622017699115044,0.5905300884955752,0.1472637168141592,-0.1149380530973451,113,0.1566265060240964,0.2289156626506024,0.0602409638554216,0.1325301204819277,0.1927710843373494,0.072289156626506,0.072289156626506,0.4698795180722891,0.8795180722891566,0.1927710843373494,0.6867469879518072,0.6587927710843373,0.1771060240963855,0.0436662650602409,0.0324265060240963,0.0880072289156626,0.1142819277108433,0.7577939759036145,0.1279204819277108,0.0136385542168674,83.0
2023-10-09,419.0132751464844,80374400,0.0064020921089704,SPY,0.193717277486911,0.3717277486910995,0.0680628272251308,0.256544502617801,0.2670157068062827,0.1361256544502617,0.1361256544502617,0.581151832460733,1.057591623036649,0.4293193717277487,0.6282722513089005,0.696879057591623,0.1536900523560209,0.0451324607329843,0.0341094240837696,0.0701895287958115,0.1332586387434555,0.7444041884816753,0.1223356020942408,-0.0109230366492146,191,0.2743362831858407,0.3539823008849557,0.1327433628318584,0.2566371681415929,0.1327433628318584,0.247787610619469,0.1415929203539823,0.4513274336283185,0.7433628318584071,0.5398230088495575,0.2035398230088495,0.565575221238938,0.2145734513274336,0.0799991150442478,0.0413115044247787,0.0985477876106194,0.2622017699115044,0.5905300884955752,0.1472637168141592,-0.1149380530973451,113.0
2023-10-10,421.1941833496094,78607300,0.0052048666056285,SPY,0.3023255813953488,0.4883720930232558,0.0348837209302325,0.2906976744186046,0.2093023255813953,0.1860465116279069,0.0930232558139534,0.4651162790697674,0.9651162790697676,0.6627906976744186,0.3023255813953488,0.643943023255814,0.206206976744186,0.0456406976744186,0.0335465116279069,0.0706558139534883,0.1795895348837209,0.6932395348837209,0.1271686046511628,-0.0524209302325581,86,0.193717277486911,0.3717277486910995,0.0680628272251308,0.256544502617801,0.2670157068062827,0.1361256544502617,0.1361256544502617,0.581151832460733,1.057591623036649,0.4293193717277487,0.6282722513089005,0.696879057591623,0.1536900523560209,0.0451324607329843,0.0341094240837696,0.0701895287958115,0.1332586387434555,0.7444041884816753,0.1223356020942408,-0.0109230366492146,191.0
2023-10-11,422.9195251464844,62451700,0.0040963096478541,SPY,0.2022471910112359,0.3033707865168539,0.0898876404494382,0.2359550561797752,0.146067415730337,0.1011235955056179,0.146067415730337,0.4606741573033708,1.0449438202247192,0.3595505617977528,0.6853932584269663,0.6547528089887641,0.1963943820224719,0.0340033707865168,0.0370640449438202,0.0777853932584269,0.1191921348314606,0.741670786516854,0.1391314606741573,0.0199393258426966,89,0.3023255813953488,0.4883720930232558,0.0348837209302325,0.2906976744186046,0.2093023255813953,0.1860465116279069,0.0930232558139534,0.4651162790697674,0.9651162790697676,0.6627906976744186,0.3023255813953488,0.643943023255814,0.206206976744186,0.0456406976744186,0.0335465116279069,0.0706558139534883,0.1795895348837209,0.6932395348837209,0.1271686046511628,-0.0524209302325581,86.0
2023-10-12,420.34124755859375,81154200,-0.0060963787070308,SPY,0.2808988764044944,0.6629213483146067,0.1011235955056179,0.348314606741573,0.3033707865168539,0.3707865168539326,0.146067415730337,0.7528089887640449,1.5617977528089888,0.6067415730337079,0.9550561797752808,0.6422606741573034,0.1550280898876404,0.0306426966292134,0.0588853932584269,0.1131820224719101,0.0622887640449438,0.7974797752808989,0.1402247191011236,0.0779359550561797,89,0.2022471910112359,0.3033707865168539,0.0898876404494382,0.2359550561797752,0.146067415730337,0.1011235955056179,0.146067415730337,0.4606741573033708,1.0449438202247192,0.3595505617977528,0.6853932584269663,0.6547528089887641,0.1963943820224719,0.0340033707865168,0.0370640449438202,0.0777853932584269,0.1191921348314606,0.741670786516854,0.1391314606741573,0.0199393258426966,89.0
2023-10-13,418.2476196289063,95143100,-0.0049807815479627,SPY,0.217391304347826,0.5217391304347826,0.1521739130434782,0.3478260869565217,0.2608695652173913,0.1739130434782608,0.0978260869565217,0.5869565217391305,0.9891304347826086,0.4673913043478261,0.5217391304347826,0.6023913043478261,0.1755576086956521,0.0522847826086956,0.0490445652173913,0.1207239130434782,0.1463336956521739,0.707979347826087,0.1456804347826087,-0.0006532608695652,92,0.2808988764044944,0.6629213483146067,0.1011235955056179,0.348314606741573,0.3033707865168539,0.3707865168539326,0.146067415730337,0.7528089887640449,1.5617977528089888,0.6067415730337079,0.9550561797752808,0.6422606741573034,0.1550280898876404,0.0306426966292134,0.0588853932584269,0.1131820224719101,0.0622887640449438,0.7974797752808989,0.1402247191011236,0.0779359550561797,89.0
2023-10-16,422.6481018066406,75433200,0.0105212366340272,SPY,0.195364238410596,0.4536423841059602,0.0695364238410596,0.2350993377483443,0.2251655629139073,0.1158940397350993,0.1125827814569536,0.5,1.033112582781457,0.3344370860927152,0.6986754966887417,0.6821291390728478,0.1624125827814569,0.0288867549668874,0.0450397350993377,0.0815261589403973,0.1287102649006622,0.7024927152317881,0.1688,0.0400897350993377,302,0.217391304347826,0.5217391304347826,0.1521739130434782,0.3478260869565217,0.2608695652173913,0.1739130434782608,0.0978260869565217,0.5869565217391305,0.9891304347826086,0.4673913043478261,0.5217391304347826,0.6023913043478261,0.1755576086956521,0.0522847826086956,0.0490445652173913,0.1207239130434782,0.1463336956521739,0.707979347826087,0.1456804347826087,-0.0006532608695652,92.0
2023-10-17,422.6287231445313,75324700,-4.5850583562434544e-05,SPY,0.0733333333333333,0.26,0.0133333333333333,0.1133333333333333,0.0933333333333333,0.14,0.06,0.3933333333333333,0.9466666666666668,0.2666666666666666,0.68,0.7461273333333334,0.1063446666666666,0.0269513333333333,0.041812,0.0787573333333333,0.1179866666666666,0.6932206666666666,0.1887953333333333,0.0708086666666666,150,0.195364238410596,0.4536423841059602,0.0695364238410596,0.2350993377483443,0.2251655629139073,0.1158940397350993,0.1125827814569536,0.5,1.033112582781457,0.3344370860927152,0.6986754966887417,0.6821291390728478,0.1624125827814569,0.0288867549668874,0.0450397350993377,0.0815261589403973,0.1287102649006622,0.7024927152317881,0.1688,0.0400897350993377,302.0
2023-10-18,416.9971618652344,93559800,-0.013325079368472,SPY,0.1415094339622641,0.4339622641509434,0.0754716981132075,0.160377358490566,0.1792452830188679,0.0660377358490566,0.0849056603773584,0.4339622641509434,1.0660377358490567,0.3396226415094339,0.7264150943396226,0.656122641509434,0.131016037735849,0.0567,0.0462679245283018,0.109888679245283,0.2031632075471698,0.6382037735849058,0.1586330188679245,-0.0445301886792452,106,0.0733333333333333,0.26,0.0133333333333333,0.1133333333333333,0.0933333333333333,0.14,0.06,0.3933333333333333,0.9466666666666668,0.2666666666666666,0.68,0.7461273333333334,0.1063446666666666,0.0269513333333333,0.041812,0.0787573333333333,0.1179866666666666,0.6932206666666666,0.1887953333333333,0.0708086666666666,150.0
2023-10-19,413.3332824707031,121323000,-0.0087863413221871,SPY,0.1858974358974359,0.391025641025641,0.0641025641025641,0.2179487179487179,0.173076923076923,0.25,0.1474358974358974,0.4615384615384615,0.8205128205128205,0.5512820512820513,0.2692307692307692,0.7045051282051282,0.1539935897435897,0.0300525641025641,0.0361673076923076,0.0752839743589743,0.2171525641025641,0.5982993589743589,0.1845461538461538,-0.0326064102564102,156,0.1415094339622641,0.4339622641509434,0.0754716981132075,0.160377358490566,0.1792452830188679,0.0660377358490566,0.0849056603773584,0.4339622641509434,1.0660377358490567,0.3396226415094339,0.7264150943396226,0.656122641509434,0.131016037735849,0.0567,0.0462679245283018,0.109888679245283,0.2031632075471698,0.6382037735849058,0.1586330188679245,-0.0445301886792452,106.0
2023-10-20,408.2542114257813,123919900,-0.0122880766207881,SPY,0.4193548387096774,0.4623655913978494,0.086021505376344,0.3978494623655914,0.2043010752688172,0.2043010752688172,0.1827956989247312,0.6666666666666666,1.118279569892473,0.6451612903225806,0.4731182795698925,0.6397731182795698,0.1572978494623656,0.0793946236559139,0.039763440860215,0.0837741935483871,0.2129763440860215,0.6574279569892473,0.1295946236559139,-0.0833817204301075,93,0.1858974358974359,0.391025641025641,0.0641025641025641,0.2179487179487179,0.173076923076923,0.25,0.1474358974358974,0.4615384615384615,0.8205128205128205,0.5512820512820513,0.2692307692307692,0.7045051282051282,0.1539935897435897,0.0300525641025641,0.0361673076923076,0.0752839743589743,0.2171525641025641,0.5982993589743589,0.1845461538461538,-0.0326064102564102,156.0
2023-10-23,407.546630859375,92035100,-0.0017331862026238,SPY,0.184065934065934,0.4010989010989011,0.0631868131868131,0.1785714285714285,0.1785714285714285,0.1538461538461538,0.1181318681318681,0.5274725274725275,1.2307692307692308,0.3873626373626374,0.8434065934065934,0.690054945054945,0.1648472527472527,0.0286156593406593,0.0317634615384615,0.0847214285714285,0.1292222527472527,0.7405909340659341,0.1301868131868132,0.0009645604395604,364,0.4193548387096774,0.4623655913978494,0.086021505376344,0.3978494623655914,0.2043010752688172,0.2043010752688172,0.1827956989247312,0.6666666666666666,1.118279569892473,0.6451612903225806,0.4731182795698925,0.6397731182795698,0.1572978494623656,0.0793946236559139,0.039763440860215,0.0837741935483871,0.2129763440860215,0.6574279569892473,0.1295946236559139,-0.0833817204301075,93.0
2023-10-24,410.6192932128906,78564200,0.007539412967386,SPY,0.2837837837837837,0.5135135135135135,0.1351351351351351,0.4459459459459459,0.2972972972972973,0.2567567567567567,0.2297297297297297,0.6081081081081081,1.135135135135135,0.5135135135135135,0.6216216216216216,0.6587743243243243,0.1724175675675675,0.0323527027027027,0.0461567567567567,0.0902986486486486,0.1484878378378378,0.662781081081081,0.1887297297297297,0.0402418918918918,74,0.184065934065934,0.4010989010989011,0.0631868131868131,0.1785714285714285,0.1785714285714285,0.1538461538461538,0.1181318681318681,0.5274725274725275,1.2307692307692308,0.3873626373626374,0.8434065934065934,0.690054945054945,0.1648472527472527,0.0286156593406593,0.0317634615384615,0.0847214285714285,0.1292222527472527,0.7405909340659341,0.1301868131868132,0.0009645604395604,364.0
2023-10-25,404.7259826660156,94223200,-0.0143522495028491,SPY,0.0641025641025641,0.4230769230769231,0.0128205128205128,0.1538461538461538,0.2179487179487179,0.0641025641025641,0.0897435897435897,0.4487179487179487,0.9743589743589745,0.2179487179487179,0.7564102564102564,0.6744820512820513,0.1632794871794871,0.0317551282051282,0.0467320512820512,0.083751282051282,0.0670294871794871,0.6805730769230769,0.2523948717948717,0.1853653846153846,78,0.2837837837837837,0.5135135135135135,0.1351351351351351,0.4459459459459459,0.2972972972972973,0.2567567567567567,0.2297297297297297,0.6081081081081081,1.135135135135135,0.5135135135135135,0.6216216216216216,0.6587743243243243,0.1724175675675675,0.0323527027027027,0.0461567567567567,0.0902986486486486,0.1484878378378378,0.662781081081081,0.1887297297297297,0.0402418918918918,74.0
2023-10-26,399.8795166015625,115156800,-0.0119746847793869,SPY,0.2017543859649122,0.5175438596491229,0.0614035087719298,0.2105263157894736,0.1052631578947368,0.2456140350877192,0.0789473684210526,0.4736842105263157,0.9912280701754386,0.4561403508771929,0.5350877192982456,0.6880903508771931,0.1740649122807017,0.0314070175438596,0.0345973684210526,0.0718456140350877,0.125969298245614,0.7368394736842105,0.1371947368421052,0.0112254385964912,114,0.0641025641025641,0.4230769230769231,0.0128205128205128,0.1538461538461538,0.2179487179487179,0.0641025641025641,0.0897435897435897,0.4487179487179487,0.9743589743589745,0.2179487179487179,0.7564102564102564,0.6744820512820513,0.1632794871794871,0.0317551282051282,0.0467320512820512,0.083751282051282,0.0670294871794871,0.6805730769230769,0.2523948717948717,0.1853653846153846,78.0
2023-10-27,398.0669555664063,107367700,-0.0045327678960916,SPY,0.1324503311258278,0.3841059602649007,0.0463576158940397,0.1655629139072847,0.2847682119205298,0.152317880794702,0.119205298013245,0.5827814569536424,1.2516556291390728,0.2980132450331126,0.9536423841059604,0.6545278145695363,0.1787304635761589,0.0315006622516556,0.0418953642384105,0.0933523178807947,0.1209735099337748,0.6849774834437087,0.1940503311258278,0.0730768211920529,151,0.2017543859649122,0.5175438596491229,0.0614035087719298,0.2105263157894736,0.1052631578947368,0.2456140350877192,0.0789473684210526,0.4736842105263157,0.9912280701754386,0.4561403508771929,0.5350877192982456,0.6880903508771931,0.1740649122807017,0.0314070175438596,0.0345973684210526,0.0718456140350877,0.125969298245614,0.7368394736842105,0.1371947368421052,0.0112254385964912,114.0
2023-10-30,402.8262023925781,86562700,0.0119558952573695,SPY,0.1611570247933884,0.2892561983471074,0.0578512396694214,0.1157024793388429,0.1322314049586777,0.1322314049586777,0.0785123966942148,0.4669421487603306,0.962809917355372,0.3553719008264462,0.6074380165289256,0.6940995867768596,0.1510190082644628,0.0310210743801652,0.0421863636363636,0.0816723140495867,0.1042756198347107,0.7474677685950414,0.1482595041322314,0.0439838842975206,242,0.1324503311258278,0.3841059602649007,0.0463576158940397,0.1655629139072847,0.2847682119205298,0.152317880794702,0.119205298013245,0.5827814569536424,1.2516556291390728,0.2980132450331126,0.9536423841059604,0.6545278145695363,0.1787304635761589,0.0315006622516556,0.0418953642384105,0.0933523178807947,0.1209735099337748,0.6849774834437087,0.1940503311258278,0.0730768211920529,151.0
2023-10-31,405.3560485839844,79665200,0.0062802423883556,SPY,0.1858407079646017,0.3628318584070796,0.079646017699115,0.1150442477876106,0.168141592920354,0.1858407079646017,0.1061946902654867,0.6194690265486725,1.0442477876106195,0.4424778761061947,0.6017699115044248,0.7356716814159292,0.1288938053097345,0.0247070796460177,0.0337831858407079,0.0769451327433628,0.174833628318584,0.6642973451327434,0.1608637168141593,-0.0139699115044247,113,0.1611570247933884,0.2892561983471074,0.0578512396694214,0.1157024793388429,0.1322314049586777,0.1322314049586777,0.0785123966942148,0.4669421487603306,0.962809917355372,0.3553719008264462,0.6074380165289256,0.6940995867768596,0.1510190082644628,0.0310210743801652,0.0421863636363636,0.0816723140495867,0.1042756198347107,0.7474677685950414,0.1482595041322314,0.0439838842975206,242.0
2023-11-01,409.6790771484375,98068100,0.010664768860745,SPY,0.1221374045801526,0.4503816793893129,0.0916030534351145,0.2519083969465648,0.3053435114503817,0.2213740458015267,0.1679389312977099,0.7557251908396947,1.3053435114503815,0.4961832061068702,0.8091603053435115,0.6124725190839695,0.2108190839694656,0.04076106870229,0.0376908396946564,0.0982564885496183,0.1863152671755725,0.6290526717557252,0.1846251908396946,-0.0016900763358778,131,0.1858407079646017,0.3628318584070796,0.079646017699115,0.1150442477876106,0.168141592920354,0.1858407079646017,0.1061946902654867,0.6194690265486725,1.0442477876106195,0.4424778761061947,0.6017699115044248,0.7356716814159292,0.1288938053097345,0.0247070796460177,0.0337831858407079,0.0769451327433628,0.174833628318584,0.6642973451327434,0.1608637168141593,-0.0139699115044247,113.0
2023-11-02,417.53033447265625,94938900,0.0191644088315841,SPY,0.2333333333333333,0.48,0.0666666666666666,0.18,0.2466666666666666,0.1666666666666666,0.14,0.7466666666666667,1.3266666666666669,0.5333333333333333,0.7933333333333333,0.6218573333333333,0.1907953333333333,0.0460853333333333,0.0425093333333333,0.0987486666666666,0.163356,0.6934113333333334,0.1432326666666666,-0.0201233333333333,150,0.1221374045801526,0.4503816793893129,0.0916030534351145,0.2519083969465648,0.3053435114503817,0.2213740458015267,0.1679389312977099,0.7557251908396947,1.3053435114503815,0.4961832061068702,0.8091603053435115,0.6124725190839695,0.2108190839694656,0.04076106870229,0.0376908396946564,0.0982564885496183,0.1863152671755725,0.6290526717557252,0.1846251908396946,-0.0016900763358778,131.0
2023-11-03,421.339599609375,100167800,0.0091233254741356,SPY,0.1777777777777777,0.3111111111111111,0.037037037037037,0.1555555555555555,0.2222222222222222,0.1481481481481481,0.0666666666666666,0.4592592592592592,0.7481481481481481,0.3703703703703703,0.3777777777777777,0.652337037037037,0.1749355555555555,0.047557037037037,0.0443474074074074,0.080817037037037,0.1080725925925926,0.7070437037037037,0.1848785185185185,0.0768059259259259,135,0.2333333333333333,0.48,0.0666666666666666,0.18,0.2466666666666666,0.1666666666666666,0.14,0.7466666666666667,1.3266666666666669,0.5333333333333333,0.7933333333333333,0.6218573333333333,0.1907953333333333,0.0460853333333333,0.0425093333333333,0.0987486666666666,0.163356,0.6934113333333334,0.1432326666666666,-0.0201233333333333,150.0
2023-11-06,422.3088989257813,67831700,0.002300517960583,SPY,0.2111959287531806,0.4631043256997455,0.0559796437659033,0.2697201017811705,0.2519083969465648,0.1704834605597964,0.1246819338422391,0.6437659033078881,1.256997455470738,0.4020356234096692,0.8549618320610687,0.6286501272264631,0.2015717557251908,0.0385613231552162,0.0348905852417302,0.096335368956743,0.0844816793893129,0.7621531806615777,0.1533628498727735,0.0688811704834605,393,0.1777777777777777,0.3111111111111111,0.037037037037037,0.1555555555555555,0.2222222222222222,0.1481481481481481,0.0666666666666666,0.4592592592592592,0.7481481481481481,0.3703703703703703,0.3777777777777777,0.652337037037037,0.1749355555555555,0.047557037037037,0.0443474074074074,0.080817037037037,0.1080725925925926,0.7070437037037037,0.1848785185185185,0.0768059259259259,135.0
2023-11-07,423.5108337402344,64256100,0.0028461034506033,SPY,0.1111111111111111,0.3222222222222222,0.0444444444444444,0.1555555555555555,0.1333333333333333,0.0444444444444444,0.0222222222222222,0.3444444444444444,0.9444444444444444,0.3,0.6444444444444445,0.7108,0.1531288888888889,0.0391177777777777,0.0319988888888888,0.0649544444444444,0.0815433333333333,0.7744588888888889,0.1439966666666666,0.0624533333333333,90,0.2111959287531806,0.4631043256997455,0.0559796437659033,0.2697201017811705,0.2519083969465648,0.1704834605597964,0.1246819338422391,0.6437659033078881,1.256997455470738,0.4020356234096692,0.8549618320610687,0.6286501272264631,0.2015717557251908,0.0385613231552162,0.0348905852417302,0.096335368956743,0.0844816793893129,0.7621531806615777,0.1533628498727735,0.0688811704834605,393.0
2023-11-08,423.8209838867188,61746000,0.0007323310805187,SPY,0.1081081081081081,0.2702702702702703,0.036036036036036,0.081081081081081,0.1801801801801801,0.09009009009009,0.09009009009009,0.5135135135135135,1.135135135135135,0.2972972972972973,0.8378378378378378,0.7175297297297297,0.1174666666666666,0.0316963963963964,0.0456945945945945,0.0876018018018018,0.1101819819819819,0.679945045045045,0.2098693693693693,0.0996873873873873,111,0.1111111111111111,0.3222222222222222,0.0444444444444444,0.1555555555555555,0.1333333333333333,0.0444444444444444,0.0222222222222222,0.3444444444444444,0.9444444444444444,0.3,0.6444444444444445,0.7108,0.1531288888888889,0.0391177777777777,0.0319988888888888,0.0649544444444444,0.0815433333333333,0.7744588888888889,0.1439966666666666,0.0624533333333333,90.0
2023-11-09,420.5157165527344,83174400,-0.0077987345120877,SPY,0.1375,0.3625,0.0375,0.2,0.2,0.0875,0.0625,0.4875,1.0375,0.325,0.7125,0.7902750000000001,0.0979724999999999,0.0263149999999999,0.0307437499999999,0.05467625,0.12915875,0.6881999999999999,0.18264375,0.053485,80,0.1081081081081081,0.2702702702702703,0.036036036036036,0.081081081081081,0.1801801801801801,0.09009009009009,0.09009009009009,0.5135135135135135,1.135135135135135,0.2972972972972973,0.8378378378378378,0.7175297297297297,0.1174666666666666,0.0316963963963964,0.0456945945945945,0.0876018018018018,0.1101819819819819,0.679945045045045,0.2098693693693693,0.0996873873873873,111.0
2023-11-10,427.0777893066406,89462200,0.0156048216406754,SPY,0.0909090909090909,0.3863636363636363,0.0454545454545454,0.1363636363636363,0.1590909090909091,0.1363636363636363,0.0909090909090909,0.5340909090909091,0.8863636363636364,0.3068181818181818,0.5795454545454546,0.6459579545454545,0.193,0.0434818181818181,0.0346852272727272,0.082875,0.1034568181818181,0.6777965909090908,0.2187511363636363,0.1152943181818181,88,0.1375,0.3625,0.0375,0.2,0.2,0.0875,0.0625,0.4875,1.0375,0.325,0.7125,0.7902750000000001,0.0979724999999999,0.0263149999999999,0.0307437499999999,0.05467625,0.12915875,0.6881999999999999,0.18264375,0.053485,80.0
2023-11-13,426.6707153320313,52236100,-0.0009531611917122,SPY,0.16,0.4426666666666666,0.088,0.1786666666666666,0.2373333333333333,0.168,0.1093333333333333,0.4906666666666666,1.072,0.376,0.696,0.6514706666666666,0.1755205333333333,0.0303421333333333,0.0443453333333333,0.0983173333333333,0.1087202666666666,0.7100064,0.1812717333333333,0.0725514666666666,375,0.0909090909090909,0.3863636363636363,0.0454545454545454,0.1363636363636363,0.1590909090909091,0.1363636363636363,0.0909090909090909,0.5340909090909091,0.8863636363636364,0.3068181818181818,0.5795454545454546,0.6459579545454545,0.193,0.0434818181818181,0.0346852272727272,0.082875,0.1034568181818181,0.6777965909090908,0.2187511363636363,0.1152943181818181,88.0
2023-11-14,434.9483947753906,97176900,0.0194006271016695,SPY,0.1904761904761904,0.3452380952380952,0.0476190476190476,0.2976190476190476,0.2142857142857142,0.1071428571428571,0.1547619047619047,0.7857142857142857,1.0714285714285714,0.4166666666666667,0.6547619047619048,0.7170071428571428,0.1267595238095238,0.033275,0.0360511904761904,0.0869119047619047,0.155172619047619,0.64395,0.200872619047619,0.0457,84,0.16,0.4426666666666666,0.088,0.1786666666666666,0.2373333333333333,0.168,0.1093333333333333,0.4906666666666666,1.072,0.376,0.696,0.6514706666666666,0.1755205333333333,0.0303421333333333,0.0443453333333333,0.0983173333333333,0.1087202666666666,0.7100064,0.1812717333333333,0.0725514666666666,375.0
2023-11-15,435.86920166015625,77327600,0.0021170485874333,SPY,0.0846153846153846,0.3461538461538461,0.0538461538461538,0.1461538461538461,0.2076923076923077,0.0846153846153846,0.1384615384615384,0.5615384615384615,0.9384615384615383,0.2769230769230769,0.6615384615384615,0.6427546153846153,0.1458392307692307,0.0287253846153846,0.06511,0.1175692307692307,0.070746923076923,0.7679338461538462,0.16132,0.0905730769230769,130,0.1904761904761904,0.3452380952380952,0.0476190476190476,0.2976190476190476,0.2142857142857142,0.1071428571428571,0.1547619047619047,0.7857142857142857,1.0714285714285714,0.4166666666666667,0.6547619047619048,0.7170071428571428,0.1267595238095238,0.033275,0.0360511904761904,0.0869119047619047,0.155172619047619,0.64395,0.200872619047619,0.0457,84.0
2023-11-16,436.4023132324219,66665800,0.0012230998892215,SPY,0.1046511627906976,0.3488372093023256,0.0348837209302325,0.1802325581395348,0.1627906976744186,0.0813953488372093,0.1104651162790697,0.6627906976744186,0.9709302325581396,0.313953488372093,0.6569767441860465,0.7410412790697675,0.1323866279069767,0.022988953488372,0.0390813953488372,0.0645110465116279,0.0870581395348837,0.7028523255813954,0.2100877906976744,0.1230296511627907,172,0.0846153846153846,0.3461538461538461,0.0538461538461538,0.1461538461538461,0.2076923076923077,0.0846153846153846,0.1384615384615384,0.5615384615384615,0.9384615384615383,0.2769230769230769,0.6615384615384615,0.6427546153846153,0.1458392307692307,0.0287253846153846,0.06511,0.1175692307692307,0.070746923076923,0.7679338461538462,0.16132,0.0905730769230769,130.0
2023-11-17,436.9451599121094,83133200,0.0012439133873205,SPY,0.136986301369863,0.3424657534246575,0.0890410958904109,0.2123287671232876,0.1780821917808219,0.1917808219178082,0.0821917808219178,0.5616438356164384,1.2123287671232876,0.4041095890410959,0.8082191780821918,0.612727397260274,0.2151561643835616,0.035617808219178,0.0352376712328767,0.1012616438356164,0.1395821917808219,0.600958904109589,0.2594595890410959,0.1198773972602739,146,0.1046511627906976,0.3488372093023256,0.0348837209302325,0.1802325581395348,0.1627906976744186,0.0813953488372093,0.1104651162790697,0.6627906976744186,0.9709302325581396,0.313953488372093,0.6569767441860465,0.7410412790697675,0.1323866279069767,0.022988953488372,0.0390813953488372,0.0645110465116279,0.0870581395348837,0.7028523255813954,0.2100877906976744,0.1230296511627907,172.0
2023-11-20,440.30859375,69936200,0.0076976109280331,SPY,0.1,0.408695652173913,0.1043478260869565,0.1304347826086956,0.2043478260869565,0.1043478260869565,0.0956521739130434,0.5304347826086957,0.982608695652174,0.3521739130434783,0.6304347826086957,0.7176130434782608,0.1326043478260869,0.0306691304347826,0.0369730434782608,0.0821430434782608,0.1051791304347826,0.7308565217391305,0.1639673913043478,0.0587882608695652,230,0.136986301369863,0.3424657534246575,0.0890410958904109,0.2123287671232876,0.1780821917808219,0.1917808219178082,0.0821917808219178,0.5616438356164384,1.2123287671232876,0.4041095890410959,0.8082191780821918,0.612727397260274,0.2151561643835616,0.035617808219178,0.0352376712328767,0.1012616438356164,0.1395821917808219,0.600958904109589,0.2594595890410959,0.1198773972602739,146.0
2023-11-21,439.3490295410156,49244600,-0.0021792992973678,SPY,0.1933333333333333,0.4533333333333333,0.12,0.2333333333333333,0.22,0.1266666666666666,0.1066666666666666,0.5533333333333333,1.1,0.3466666666666667,0.7533333333333333,0.6892246666666667,0.1657126666666666,0.0286519999999999,0.0369446666666666,0.0794746666666666,0.13251,0.674062,0.1934293333333333,0.0609193333333333,150,0.1,0.408695652173913,0.1043478260869565,0.1304347826086956,0.2043478260869565,0.1043478260869565,0.0956521739130434,0.5304347826086957,0.982608695652174,0.3521739130434783,0.6304347826086957,0.7176130434782608,0.1326043478260869,0.0306691304347826,0.0369730434782608,0.0821430434782608,0.1051791304347826,0.7308565217391305,0.1639673913043478,0.0587882608695652,230.0
2023-11-22,441.045166015625,59394900,0.003860567249645,SPY,0.1304347826086956,0.3478260869565217,0.0559006211180124,0.1055900621118012,0.2484472049689441,0.1055900621118012,0.1180124223602484,0.5652173913043478,1.062111801242236,0.3105590062111801,0.7515527950310559,0.6309341614906833,0.183595652173913,0.0309540372670807,0.0349664596273291,0.1195459627329192,0.07457950310559,0.6244795031055901,0.300944099378882,0.2263645962732919,161,0.1933333333333333,0.4533333333333333,0.12,0.2333333333333333,0.22,0.1266666666666666,0.1066666666666666,0.5533333333333333,1.1,0.3466666666666667,0.7533333333333333,0.6892246666666667,0.1657126666666666,0.0286519999999999,0.0369446666666666,0.0794746666666666,0.13251,0.674062,0.1934293333333333,0.0609193333333333,150.0
2023-11-24,441.3166198730469,29737400,0.0006154785911705,SPY,0.1148325358851674,0.3779904306220095,0.1052631578947368,0.1818181818181818,0.200956937799043,0.1531100478468899,0.0909090909090909,0.4545454545454545,1.0191387559808611,0.3492822966507177,0.6698564593301436,0.6712736842105264,0.1679511961722488,0.0339971291866028,0.0401397129186602,0.086633971291866,0.124177990430622,0.766002870813397,0.1098143540669856,-0.0143636363636363,209,0.1304347826086956,0.3478260869565217,0.0559006211180124,0.1055900621118012,0.2484472049689441,0.1055900621118012,0.1180124223602484,0.5652173913043478,1.062111801242236,0.3105590062111801,0.7515527950310559,0.6309341614906833,0.183595652173913,0.0309540372670807,0.0349664596273291,0.1195459627329192,0.07457950310559,0.6244795031055901,0.300944099378882,0.2263645962732919,161.0
2023-11-27,440.5218200683594,50506000,-0.0018009741054305,SPY,0.2209567198177676,0.5079726651480638,0.10250569476082,0.2915717539863325,0.2915717539863325,0.1845102505694761,0.1776765375854214,0.683371298405467,1.4214123006833712,0.4669703872437357,0.9544419134396356,0.6246881548974943,0.1848849658314351,0.0360050113895216,0.0521977220956719,0.1022261958997722,0.1190084282460136,0.7066209567198177,0.1743726651480637,0.0553642369020501,439,0.1148325358851674,0.3779904306220095,0.1052631578947368,0.1818181818181818,0.200956937799043,0.1531100478468899,0.0909090909090909,0.4545454545454545,1.0191387559808611,0.3492822966507177,0.6698564593301436,0.6712736842105264,0.1679511961722488,0.0339971291866028,0.0401397129186602,0.086633971291866,0.124177990430622,0.766002870813397,0.1098143540669856,-0.0143636363636363,209.0
2023-11-28,440.9579772949219,62115000,0.0009900922194836,SPY,0.1376811594202898,0.427536231884058,0.0652173913043478,0.144927536231884,0.2753623188405797,0.0942028985507246,0.144927536231884,0.717391304347826,1.289855072463768,0.3623188405797101,0.927536231884058,0.6414115942028985,0.1749869565217391,0.0358934782608695,0.048313768115942,0.0993927536231884,0.0885130434782608,0.7661688405797101,0.1453166666666666,0.0568036231884058,138,0.2209567198177676,0.5079726651480638,0.10250569476082,0.2915717539863325,0.2915717539863325,0.1845102505694761,0.1776765375854214,0.683371298405467,1.4214123006833712,0.4669703872437357,0.9544419134396356,0.6246881548974943,0.1848849658314351,0.0360050113895216,0.0521977220956719,0.1022261958997722,0.1190084282460136,0.7066209567198177,0.1743726651480637,0.0553642369020501,439.0
2023-11-29,440.6478271484375,63146000,-0.0007033553364585,SPY,0.1308411214953271,0.3364485981308411,0.0373831775700934,0.1308411214953271,0.1869158878504672,0.102803738317757,0.1121495327102803,0.5420560747663551,0.897196261682243,0.3177570093457944,0.5794392523364486,0.687788785046729,0.1552831775700934,0.0281560747663551,0.0337850467289719,0.0949981308411214,0.0851476635514018,0.7101289719626168,0.2047177570093458,0.1195700934579439,107,0.1376811594202898,0.427536231884058,0.0652173913043478,0.144927536231884,0.2753623188405797,0.0942028985507246,0.144927536231884,0.717391304347826,1.289855072463768,0.3623188405797101,0.927536231884058,0.6414115942028985,0.1749869565217391,0.0358934782608695,0.048313768115942,0.0993927536231884,0.0885130434782608,0.7661688405797101,0.1453166666666666,0.0568036231884058,138.0
2023-11-30,442.3828125,79752700,0.0039373514282143,SPY,0.217391304347826,0.4782608695652174,0.1413043478260869,0.1847826086956521,0.2065217391304347,0.1956521739130435,0.1630434782608695,0.4673913043478261,0.9891304347826086,0.3369565217391304,0.6521739130434783,0.6970608695652174,0.1149641304347826,0.0349978260869565,0.0553467391304347,0.0976369565217391,0.0805543478260869,0.7140239130434783,0.2054217391304348,0.1248673913043478,92,0.1308411214953271,0.3364485981308411,0.0373831775700934,0.1308411214953271,0.1869158878504672,0.102803738317757,0.1121495327102803,0.5420560747663551,0.897196261682243,0.3177570093457944,0.5794392523364486,0.687788785046729,0.1552831775700934,0.0281560747663551,0.0337850467289719,0.0949981308411214,0.0851476635514018,0.7101289719626168,0.2047177570093458,0.1195700934579439,107.0
2023-12-01,444.9999084472656,89183400,0.0059159078366446,SPY,0.2962962962962963,0.3703703703703703,0.0617283950617283,0.2592592592592592,0.2098765432098765,0.1234567901234567,0.074074074074074,0.3703703703703703,0.8518518518518519,0.382716049382716,0.4691358024691358,0.6517691358024692,0.1917308641975308,0.0326234567901234,0.0350209876543209,0.0888555555555555,0.145616049382716,0.6731086419753086,0.1812666666666667,0.0356506172839506,81,0.217391304347826,0.4782608695652174,0.1413043478260869,0.1847826086956521,0.2065217391304347,0.1956521739130435,0.1630434782608695,0.4673913043478261,0.9891304347826086,0.3369565217391304,0.6521739130434783,0.6970608695652174,0.1149641304347826,0.0349978260869565,0.0553467391304347,0.0976369565217391,0.0805543478260869,0.7140239130434783,0.2054217391304348,0.1248673913043478,92.0
2023-12-04,442.6638793945313,72430900,-0.0052495045693052,SPY,0.1451247165532879,0.3378684807256236,0.0544217687074829,0.2040816326530612,0.2199546485260771,0.1655328798185941,0.1111111111111111,0.5691609977324263,1.1700680272108843,0.4285714285714285,0.7414965986394558,0.583990022675737,0.2065526077097505,0.0382181405895691,0.0499444444444444,0.1212963718820861,0.1172739229024943,0.7246260770975056,0.1580972789115646,0.0408233560090702,441,0.2962962962962963,0.3703703703703703,0.0617283950617283,0.2592592592592592,0.2098765432098765,0.1234567901234567,0.074074074074074,0.3703703703703703,0.8518518518518519,0.382716049382716,0.4691358024691358,0.6517691358024692,0.1917308641975308,0.0326234567901234,0.0350209876543209,0.0888555555555555,0.145616049382716,0.6731086419753086,0.1812666666666667,0.0356506172839506,81.0
2023-12-05,442.5767211914063,69793500,-0.0001968947709133,SPY,0.2083333333333333,0.4027777777777778,0.1527777777777778,0.1805555555555555,0.2361111111111111,0.0694444444444444,0.0694444444444444,0.4722222222222222,0.9722222222222222,0.3333333333333333,0.6388888888888888,0.6822416666666666,0.1170513888888888,0.0639569444444444,0.0473111111111111,0.0894305555555555,0.1217638888888888,0.7273888888888889,0.1508472222222222,0.0290833333333333,72,0.1451247165532879,0.3378684807256236,0.0544217687074829,0.2040816326530612,0.2199546485260771,0.1655328798185941,0.1111111111111111,0.5691609977324263,1.1700680272108843,0.4285714285714285,0.7414965986394558,0.583990022675737,0.2065526077097505,0.0382181405895691,0.0499444444444444,0.1212963718820861,0.1172739229024943,0.7246260770975056,0.1580972789115646,0.0408233560090702,441.0
2023-12-06,440.7931823730469,69124700,-0.0040298974911245,SPY,0.1111111111111111,0.4126984126984127,0.0396825396825396,0.1031746031746031,0.2539682539682539,0.0952380952380952,0.1666666666666666,0.5158730158730159,0.8809523809523809,0.2857142857142857,0.5952380952380952,0.592468253968254,0.1817222222222222,0.0392166666666666,0.0636341269841269,0.1229642857142857,0.09655,0.7351150793650794,0.1683412698412698,0.0717912698412698,126,0.2083333333333333,0.4027777777777778,0.1527777777777778,0.1805555555555555,0.2361111111111111,0.0694444444444444,0.0694444444444444,0.4722222222222222,0.9722222222222222,0.3333333333333333,0.6388888888888888,0.6822416666666666,0.1170513888888888,0.0639569444444444,0.0473111111111111,0.0894305555555555,0.1217638888888888,0.7273888888888889,0.1508472222222222,0.0290833333333333,72.0
2023-12-07,444.1566467285156,66995400,0.0076304817995624,SPY,0.1369294605809128,0.4605809128630705,0.0788381742738589,0.1078838174273859,0.1701244813278008,0.1120331950207468,0.1037344398340249,0.5145228215767634,1.066390041493776,0.3112033195020747,0.7551867219917012,0.7308427385892117,0.1233236514522821,0.0245751037344398,0.0393365145228215,0.0819232365145228,0.078853112033195,0.7831585062240664,0.1379850622406639,0.0591319502074688,241,0.1111111111111111,0.4126984126984127,0.0396825396825396,0.1031746031746031,0.2539682539682539,0.0952380952380952,0.1666666666666666,0.5158730158730159,0.8809523809523809,0.2857142857142857,0.5952380952380952,0.592468253968254,0.1817222222222222,0.0392166666666666,0.0636341269841269,0.1229642857142857,0.09655,0.7351150793650794,0.1683412698412698,0.0717912698412698,126.0
2023-12-08,446.066162109375,83194400,0.0042991935276082,SPY,0.2421052631578947,0.3684210526315789,0.1157894736842105,0.1684210526315789,0.2210526315789473,0.1263157894736842,0.1789473684210526,0.5368421052631579,1.0947368421052632,0.3368421052631579,0.7578947368421053,0.685077894736842,0.1445084210526315,0.02664,0.0325305263157894,0.1112515789473684,0.0945357894736842,0.6040905263157894,0.3013726315789473,0.2068368421052631,95,0.1369294605809128,0.4605809128630705,0.0788381742738589,0.1078838174273859,0.1701244813278008,0.1120331950207468,0.1037344398340249,0.5145228215767634,1.066390041493776,0.3112033195020747,0.7551867219917012,0.7308427385892117,0.1233236514522821,0.0245751037344398,0.0393365145228215,0.0819232365145228,0.078853112033195,0.7831585062240664,0.1379850622406639,0.0591319502074688,241.0
2023-12-11,447.8011779785156,65002200,0.0038895931064037,SPY,0.1519337016574585,0.4475138121546961,0.0635359116022099,0.1767955801104972,0.212707182320442,0.1104972375690607,0.1160220994475138,0.4779005524861878,1.011049723756906,0.4502762430939226,0.5607734806629834,0.6891552486187845,0.1570983425414364,0.0340613259668508,0.035410497237569,0.0842756906077348,0.0863870165745856,0.7365599447513812,0.1770524861878453,0.0906654696132596,362,0.2421052631578947,0.3684210526315789,0.1157894736842105,0.1684210526315789,0.2210526315789473,0.1263157894736842,0.1789473684210526,0.5368421052631579,1.0947368421052632,0.3368421052631579,0.7578947368421053,0.685077894736842,0.1445084210526315,0.02664,0.0325305263157894,0.1112515789473684,0.0945357894736842,0.6040905263157894,0.3013726315789473,0.2068368421052631,95.0
2023-12-12,449.8463439941406,68327600,0.0045671296017071,SPY,0.2133333333333333,0.3333333333333333,0.1333333333333333,0.2266666666666666,0.18,0.1333333333333333,0.1,0.4733333333333333,1.2533333333333334,0.3266666666666666,0.9266666666666666,0.6401933333333333,0.1708253333333333,0.0310626666666666,0.0435126666666666,0.1144039999999999,0.079726,0.7220226666666666,0.1982513333333333,0.1185253333333333,150,0.1519337016574585,0.4475138121546961,0.0635359116022099,0.1767955801104972,0.212707182320442,0.1104972375690607,0.1160220994475138,0.4779005524861878,1.011049723756906,0.4502762430939226,0.5607734806629834,0.6891552486187845,0.1570983425414364,0.0340613259668508,0.035410497237569,0.0842756906077348,0.0863870165745856,0.7365599447513812,0.1770524861878453,0.0906654696132596,362.0
2023-12-13,456.0497741699219,93278000,0.0137901091308236,SPY,0.1463414634146341,0.4512195121951219,0.0670731707317073,0.1463414634146341,0.1829268292682926,0.0853658536585365,0.0914634146341463,0.5304878048780488,1.0731707317073171,0.2621951219512195,0.8109756097560976,0.6500621951219513,0.177430487804878,0.0318810975609756,0.0326658536585365,0.1079609756097561,0.1078579268292683,0.7560908536585367,0.1360530487804878,0.0281951219512195,164,0.2133333333333333,0.3333333333333333,0.1333333333333333,0.2266666666666666,0.18,0.1333333333333333,0.1,0.4733333333333333,1.2533333333333334,0.3266666666666666,0.9266666666666666,0.6401933333333333,0.1708253333333333,0.0310626666666666,0.0435126666666666,0.1144039999999999,0.079726,0.7220226666666666,0.1982513333333333,0.1185253333333333,150.0
2023-12-14,457.5133972167969,119026000,0.003209349351261,SPY,0.1258741258741259,0.5664335664335665,0.0419580419580419,0.1888111888111888,0.2377622377622377,0.1608391608391608,0.1118881118881118,0.6923076923076923,1.3286713286713288,0.3776223776223776,0.951048951048951,0.636341958041958,0.1765706293706293,0.0432083916083916,0.0516608391608391,0.0922342657342657,0.1398321678321678,0.621993006993007,0.2381769230769231,0.0983447552447552,143,0.1463414634146341,0.4512195121951219,0.0670731707317073,0.1463414634146341,0.1829268292682926,0.0853658536585365,0.0914634146341463,0.5304878048780488,1.0731707317073171,0.2621951219512195,0.8109756097560976,0.6500621951219513,0.177430487804878,0.0318810975609756,0.0326658536585365,0.1079609756097561,0.1078579268292683,0.7560908536585367,0.1360530487804878,0.0281951219512195,164.0
2023-12-15,456.7601013183594,141553700,-0.0016465001965407,SPY,0.238095238095238,0.5,0.0714285714285714,0.2817460317460317,0.376984126984127,0.3928571428571428,0.2103174603174603,0.8134920634920635,1.5357142857142858,0.6428571428571429,0.8928571428571429,0.6403249999999999,0.1592619047619047,0.0291464285714285,0.039379365079365,0.131884126984127,0.1300337301587301,0.6162464285714285,0.2537242063492063,0.1236904761904762,252,0.1258741258741259,0.5664335664335665,0.0419580419580419,0.1888111888111888,0.2377622377622377,0.1608391608391608,0.1118881118881118,0.6923076923076923,1.3286713286713288,0.3776223776223776,0.951048951048951,0.636341958041958,0.1765706293706293,0.0432083916083916,0.0516608391608391,0.0922342657342657,0.1398321678321678,0.621993006993007,0.2381769230769231,0.0983447552447552,143.0
2023-12-18,459.3294372558594,70375300,0.0056251321647491,SPY,0.1674418604651162,0.3720930232558139,0.0930232558139534,0.2395348837209302,0.2255813953488372,0.1953488372093023,0.1395348837209302,0.4581395348837209,1.0348837209302326,0.5023255813953489,0.5325581395348837,0.6713302325581396,0.1630732558139535,0.0322706976744186,0.052493953488372,0.0808309302325581,0.178196976744186,0.62963,0.192173488372093,0.0139765116279069,430,0.238095238095238,0.5,0.0714285714285714,0.2817460317460317,0.376984126984127,0.3928571428571428,0.2103174603174603,0.8134920634920635,1.5357142857142858,0.6428571428571429,0.8928571428571429,0.6403249999999999,0.1592619047619047,0.0291464285714285,0.039379365079365,0.131884126984127,0.1300337301587301,0.6162464285714285,0.2537242063492063,0.1236904761904762,252.0
2023-12-19,462.12255859375,55761800,0.0060808672628895,SPY,0.1894736842105263,0.3842105263157894,0.0894736842105263,0.2,0.2368421052631578,0.1526315789473684,0.1157894736842105,0.6631578947368421,1.1473684210526316,0.4526315789473684,0.6947368421052632,0.6291284210526316,0.1955547368421052,0.0331063157894736,0.0461094736842105,0.0960926315789473,0.1580826315789473,0.656037894736842,0.1858815789473684,0.027798947368421,190,0.1674418604651162,0.3720930232558139,0.0930232558139534,0.2395348837209302,0.2255813953488372,0.1953488372093023,0.1395348837209302,0.4581395348837209,1.0348837209302326,0.5023255813953489,0.5325581395348837,0.6713302325581396,0.1630732558139535,0.0322706976744186,0.052493953488372,0.0808309302325581,0.178196976744186,0.62963,0.192173488372093,0.0139765116279069,430.0
2023-12-20,455.7187805175781,102921000,-0.013857315461203,SPY,0.1678832116788321,0.4087591240875912,0.0291970802919708,0.1605839416058394,0.2043795620437956,0.145985401459854,0.1094890510948905,0.5,0.916058394160584,0.5,0.4160583941605839,0.6067047445255475,0.2188397810218978,0.0408857664233576,0.0421437956204379,0.0914204379562043,0.1804536496350365,0.6153686131386861,0.2041839416058394,0.0237302919708029,274,0.1894736842105263,0.3842105263157894,0.0894736842105263,0.2,0.2368421052631578,0.1526315789473684,0.1157894736842105,0.6631578947368421,1.1473684210526316,0.4526315789473684,0.6947368421052632,0.6291284210526316,0.1955547368421052,0.0331063157894736,0.0461094736842105,0.0960926315789473,0.1580826315789473,0.656037894736842,0.1858815789473684,0.027798947368421,190.0
2023-12-21,460.0398864746094,86667500,0.0094819571669255,SPY,0.2647058823529412,0.4117647058823529,0.1428571428571428,0.2478991596638655,0.1680672268907563,0.2058823529411764,0.1554621848739495,0.4285714285714285,0.8613445378151261,0.542016806722689,0.3193277310924369,0.6194008403361344,0.1984676470588235,0.0319521008403361,0.0362394957983193,0.1139420168067227,0.1736239495798319,0.63859243697479,0.187785294117647,0.0141613445378151,238,0.1678832116788321,0.4087591240875912,0.0291970802919708,0.1605839416058394,0.2043795620437956,0.145985401459854,0.1094890510948905,0.5,0.916058394160584,0.5,0.4160583941605839,0.6067047445255475,0.2188397810218978,0.0408857664233576,0.0421437956204379,0.0914204379562043,0.1804536496350365,0.6153686131386861,0.2041839416058394,0.0237302919708029,274.0
2023-12-22,460.9644165039063,67160400,0.0020096736315229,SPY,0.1741935483870967,0.2967741935483871,0.032258064516129,0.1741935483870967,0.1290322580645161,0.1935483870967742,0.1161290322580645,0.5161290322580645,0.8580645161290322,0.4258064516129032,0.432258064516129,0.668065806451613,0.17502,0.0307574193548387,0.031018064516129,0.095138064516129,0.07712,0.7623051612903227,0.1605729032258064,0.0834529032258064,155,0.2647058823529412,0.4117647058823529,0.1428571428571428,0.2478991596638655,0.1680672268907563,0.2058823529411764,0.1554621848739495,0.4285714285714285,0.8613445378151261,0.542016806722689,0.3193277310924369,0.6194008403361344,0.1984676470588235,0.0319521008403361,0.0362394957983193,0.1139420168067227,0.1736239495798319,0.63859243697479,0.187785294117647,0.0141613445378151,238.0
2023-12-26,462.910888671875,55387000,0.0042226082931333,SPY,0.1522123893805309,0.3628318584070796,0.0601769911504424,0.168141592920354,0.2247787610619469,0.1486725663716814,0.1079646017699115,0.4743362831858407,0.9610619469026548,0.3539823008849557,0.6070796460176991,0.630661592920354,0.2027575221238937,0.0323858407079645,0.034709203539823,0.0994916814159292,0.139855221238938,0.6743146902654867,0.1858318584070796,0.0459766371681415,565,0.1741935483870967,0.2967741935483871,0.032258064516129,0.1741935483870967,0.1290322580645161,0.1935483870967742,0.1161290322580645,0.5161290322580645,0.8580645161290322,0.4258064516129032,0.432258064516129,0.668065806451613,0.17502,0.0307574193548387,0.031018064516129,0.095138064516129,0.07712,0.7623051612903227,0.1605729032258064,0.0834529032258064,155.0
2023-12-27,463.7478637695313,68000300,0.0018080695834516,SPY,0.1181434599156118,0.4641350210970464,0.0632911392405063,0.189873417721519,0.1772151898734177,0.1476793248945147,0.1139240506329113,0.4894514767932489,0.9662447257383966,0.4219409282700422,0.5443037974683544,0.6480856540084389,0.1910054852320675,0.0340755274261603,0.033359493670886,0.0934704641350211,0.1677430379746835,0.5872658227848101,0.2449902953586497,0.0772472573839662,237,0.1522123893805309,0.3628318584070796,0.0601769911504424,0.168141592920354,0.2247787610619469,0.1486725663716814,0.1079646017699115,0.4743362831858407,0.9610619469026548,0.3539823008849557,0.6070796460176991,0.630661592920354,0.2027575221238937,0.0323858407079645,0.034709203539823,0.0994916814159292,0.139855221238938,0.6743146902654867,0.1858318584070796,0.0459766371681415,565.0
2023-12-28,463.9230041503906,77158100,0.0003776629382952,SPY,0.1490384615384615,0.3942307692307692,0.048076923076923,0.2451923076923076,0.2740384615384615,0.1586538461538461,0.1057692307692307,0.6346153846153846,1.0961538461538465,0.4182692307692308,0.6778846153846154,0.6758384615384615,0.1700778846153846,0.0331326923076923,0.0378033653846153,0.0831375,0.1174052884615384,0.7074346153846154,0.1751625,0.0577572115384615,208,0.1181434599156118,0.4641350210970464,0.0632911392405063,0.189873417721519,0.1772151898734177,0.1476793248945147,0.1139240506329113,0.4894514767932489,0.9662447257383966,0.4219409282700422,0.5443037974683544,0.6480856540084389,0.1910054852320675,0.0340755274261603,0.033359493670886,0.0934704641350211,0.1677430379746835,0.5872658227848101,0.2449902953586497,0.0772472573839662,237.0
2023-12-29,462.5799865722656,122283100,-0.0028949148158422,SPY,0.2288557213930348,0.4079601990049751,0.1293532338308457,0.2039800995024875,0.2238805970149253,0.1890547263681592,0.0945273631840796,0.582089552238806,0.9751243781094528,0.417910447761194,0.5572139303482587,0.6111701492537314,0.1985900497512437,0.048436815920398,0.0441587064676616,0.0976442786069651,0.1281676616915422,0.6547482587064677,0.2170810945273631,0.0889134328358209,201,0.1490384615384615,0.3942307692307692,0.048076923076923,0.2451923076923076,0.2740384615384615,0.1586538461538461,0.1057692307692307,0.6346153846153846,1.0961538461538465,0.4182692307692308,0.6778846153846154,0.6758384615384615,0.1700778846153846,0.0331326923076923,0.0378033653846153,0.0831375,0.1174052884615384,0.7074346153846154,0.1751625,0.0577572115384615,208.0
2024-01-02,459.9911804199219,123623700,-0.0055964508355125,SPY,0.1287553648068669,0.3819742489270386,0.0586552217453505,0.1630901287553648,0.2145922746781116,0.1502145922746781,0.1416309012875536,0.5450643776824035,1.0886981402002862,0.4263233190271817,0.6623748211731044,0.6400440629470673,0.1874911301859799,0.036549070100143,0.0383676680972818,0.0975424892703862,0.1322709585121602,0.6801858369098712,0.1875429184549356,0.0552719599427753,699,0.2288557213930348,0.4079601990049751,0.1293532338308457,0.2039800995024875,0.2238805970149253,0.1890547263681592,0.0945273631840796,0.582089552238806,0.9751243781094528,0.417910447761194,0.5572139303482587,0.6111701492537314,0.1985900497512437,0.048436815920398,0.0441587064676616,0.0976442786069651,0.1281676616915422,0.6547482587064677,0.2170810945273631,0.0889134328358209,201.0
2024-01-03,456.2346496582031,103585900,-0.0081665277979665,SPY,0.1764705882352941,0.3039215686274509,0.1176470588235294,0.2549019607843137,0.284313725490196,0.1764705882352941,0.1666666666666666,0.5392156862745098,1.3823529411764706,0.4215686274509804,0.9607843137254902,0.670193137254902,0.1639401960784313,0.0429990196078431,0.0327862745098039,0.0900941176470588,0.1348196078431372,0.7431362745098039,0.1220539215686274,-0.0127656862745098,102,0.1287553648068669,0.3819742489270386,0.0586552217453505,0.1630901287553648,0.2145922746781116,0.1502145922746781,0.1416309012875536,0.5450643776824035,1.0886981402002862,0.4263233190271817,0.6623748211731044,0.6400440629470673,0.1874911301859799,0.036549070100143,0.0383676680972818,0.0975424892703862,0.1322709585121602,0.6801858369098712,0.1875429184549356,0.0552719599427753,699.0
2024-01-04,454.7650146484375,84232200,-0.0032212262064413,SPY,0.1595744680851064,0.2340425531914893,0.0372340425531914,0.2127659574468085,0.1223404255319148,0.2127659574468085,0.1117021276595744,0.4361702127659574,0.7659574468085106,0.425531914893617,0.3404255319148936,0.5899223404255319,0.2357930851063829,0.0390755319148936,0.0427053191489361,0.092502659574468,0.1928675531914893,0.5492856382978724,0.2578489361702127,0.0649813829787234,188,0.1764705882352941,0.3039215686274509,0.1176470588235294,0.2549019607843137,0.284313725490196,0.1764705882352941,0.1666666666666666,0.5392156862745098,1.3823529411764706,0.4215686274509804,0.9607843137254902,0.670193137254902,0.1639401960784313,0.0429990196078431,0.0327862745098039,0.0900941176470588,0.1348196078431372,0.7431362745098039,0.1220539215686274,-0.0127656862745098,102.0
2024-01-05,455.3878784179688,86118900,0.0013696387133315,SPY,0.1988304093567251,0.3567251461988304,0.087719298245614,0.2748538011695906,0.1520467836257309,0.239766081871345,0.1228070175438596,0.4152046783625731,1.0935672514619883,0.5263157894736842,0.5672514619883041,0.6441608187134503,0.2166777777777778,0.0396824561403508,0.035945029239766,0.0635421052631579,0.1923695906432748,0.6391298245614035,0.1685011695906433,-0.0238684210526315,171,0.1595744680851064,0.2340425531914893,0.0372340425531914,0.2127659574468085,0.1223404255319148,0.2127659574468085,0.1117021276595744,0.4361702127659574,0.7659574468085106,0.425531914893617,0.3404255319148936,0.5899223404255319,0.2357930851063829,0.0390755319148936,0.0427053191489361,0.092502659574468,0.1928675531914893,0.5492856382978724,0.2578489361702127,0.0649813829787234,188.0
2024-01-08,461.8890075683594,74879100,0.0142760259077947,SPY,0.1824712643678161,0.4770114942528735,0.0962643678160919,0.2169540229885057,0.2255747126436781,0.1364942528735632,0.1652298850574712,0.6522988505747126,1.237068965517241,0.4324712643678161,0.8045977011494253,0.6467056034482759,0.1720507183908046,0.0308477011494252,0.0467293103448275,0.1036658045977011,0.1299877873563218,0.6599956896551724,0.2100181034482758,0.080030316091954,696,0.1988304093567251,0.3567251461988304,0.087719298245614,0.2748538011695906,0.1520467836257309,0.239766081871345,0.1228070175438596,0.4152046783625731,1.0935672514619883,0.5263157894736842,0.5672514619883041,0.6441608187134503,0.2166777777777778,0.0396824561403508,0.035945029239766,0.0635421052631579,0.1923695906432748,0.6391298245614035,0.1685011695906433,-0.0238684210526315,171.0
2024-01-09,461.1882629394531,65931400,-0.0015171277458958,SPY,0.1263537906137184,0.3393501805054151,0.0722021660649819,0.151624548736462,0.1335740072202166,0.0974729241877256,0.1805054151624548,0.592057761732852,0.9350180505415162,0.3646209386281588,0.5703971119133574,0.6851891696750902,0.1728386281588447,0.0352166064981949,0.0321776173285198,0.074571119133574,0.1941436823104693,0.5834075812274369,0.2224447653429603,0.0283010830324909,277,0.1824712643678161,0.4770114942528735,0.0962643678160919,0.2169540229885057,0.2255747126436781,0.1364942528735632,0.1652298850574712,0.6522988505747126,1.237068965517241,0.4324712643678161,0.8045977011494253,0.6467056034482759,0.1720507183908046,0.0308477011494252,0.0467293103448275,0.1036658045977011,0.1299877873563218,0.6599956896551724,0.2100181034482758,0.080030316091954,696.0
2024-01-10,463.7965087890625,67310600,0.0056554905213443,SPY,0.1875,0.5625,0.0982142857142857,0.2455357142857142,0.2232142857142857,0.1428571428571428,0.1696428571428571,0.5133928571428571,1.0580357142857142,0.4107142857142857,0.6473214285714286,0.6649508928571429,0.156671875,0.0299473214285714,0.0389267857142857,0.1095017857142857,0.2054111607142857,0.5864450892857143,0.2081495535714285,0.0027383928571428,224,0.1263537906137184,0.3393501805054151,0.0722021660649819,0.151624548736462,0.1335740072202166,0.0974729241877256,0.1805054151624548,0.592057761732852,0.9350180505415162,0.3646209386281588,0.5703971119133574,0.6851891696750902,0.1728386281588447,0.0352166064981949,0.0321776173285198,0.074571119133574,0.1941436823104693,0.5834075812274369,0.2224447653429603,0.0283010830324909,277.0
2024-01-11,463.5921325683594,77940700,-0.0004406592478169,SPY,0.2661290322580645,0.4919354838709677,0.0806451612903225,0.3911290322580645,0.2217741935483871,0.282258064516129,0.125,0.6169354838709677,1.0846774193548387,0.6411290322580645,0.4435483870967742,0.604500806451613,0.2259608870967742,0.0373423387096774,0.0385854838709677,0.0936100806451612,0.1589887096774193,0.6323770161290322,0.2086318548387096,0.0496431451612903,248,0.1875,0.5625,0.0982142857142857,0.2455357142857142,0.2232142857142857,0.1428571428571428,0.1696428571428571,0.5133928571428571,1.0580357142857142,0.4107142857142857,0.6473214285714286,0.6649508928571429,0.156671875,0.0299473214285714,0.0389267857142857,0.1095017857142857,0.2054111607142857,0.5864450892857143,0.2081495535714285,0.0027383928571428,224.0
2024-01-12,463.9132385253906,58026400,0.0006926475547639,SPY,0.1612903225806451,0.4086021505376344,0.1182795698924731,0.2096774193548387,0.1935483870967742,0.1666666666666666,0.1129032258064516,0.5645161290322581,1.2150537634408602,0.3870967741935484,0.8279569892473119,0.6498596774193549,0.1694844086021505,0.0354225806451612,0.0449747311827957,0.1002618279569892,0.1759408602150537,0.5933204301075269,0.2307419354838709,0.0548010752688172,186,0.2661290322580645,0.4919354838709677,0.0806451612903225,0.3911290322580645,0.2217741935483871,0.282258064516129,0.125,0.6169354838709677,1.0846774193548387,0.6411290322580645,0.4435483870967742,0.604500806451613,0.2259608870967742,0.0373423387096774,0.0385854838709677,0.0936100806451612,0.1589887096774193,0.6323770161290322,0.2086318548387096,0.0496431451612903,248.0
2024-01-16,462.2101440429688,85014900,-0.0036711486997771,SPY,0.1835443037974683,0.4831223628691983,0.0780590717299578,0.2426160337552742,0.2320675105485232,0.1793248945147679,0.1223628691983122,0.6392405063291139,1.2151898734177216,0.5189873417721519,0.6962025316455697,0.64192805907173,0.1999569620253164,0.0345930379746835,0.041640717299578,0.0818710970464135,0.1554132911392405,0.6467772151898734,0.197810970464135,0.0423976793248945,474,0.1612903225806451,0.4086021505376344,0.1182795698924731,0.2096774193548387,0.1935483870967742,0.1666666666666666,0.1129032258064516,0.5645161290322581,1.2150537634408602,0.3870967741935484,0.8279569892473119,0.6498596774193549,0.1694844086021505,0.0354225806451612,0.0449747311827957,0.1002618279569892,0.1759408602150537,0.5933204301075269,0.2307419354838709,0.0548010752688172,186.0
2024-01-17,459.640869140625,68843900,-0.0055586726848316,SPY,0.1868686868686868,0.4747474747474747,0.0404040404040404,0.1515151515151515,0.1666666666666666,0.1363636363636363,0.106060606060606,0.5151515151515151,1.0808080808080809,0.4595959595959596,0.6212121212121212,0.6691414141414141,0.1841671717171717,0.0280060606060606,0.0366232323232323,0.0820626262626262,0.2057737373737374,0.5713747474747475,0.2228449494949494,0.0170712121212121,198,0.1835443037974683,0.4831223628691983,0.0780590717299578,0.2426160337552742,0.2320675105485232,0.1793248945147679,0.1223628691983122,0.6392405063291139,1.2151898734177216,0.5189873417721519,0.6962025316455697,0.64192805907173,0.1999569620253164,0.0345930379746835,0.041640717299578,0.0818710970464135,0.1554132911392405,0.6467772151898734,0.197810970464135,0.0423976793248945,474.0
2024-01-18,463.7283630371094,91856200,0.0088927990762148,SPY,0.1857142857142857,0.4428571428571428,0.1,0.1666666666666666,0.2095238095238095,0.1380952380952381,0.1714285714285714,0.5952380952380952,1.0571428571428572,0.4142857142857143,0.6428571428571429,0.6432514285714286,0.1886890476190476,0.0339614285714285,0.0374842857142857,0.0966204761904761,0.1325299999999999,0.6193938095238095,0.2480742857142857,0.1155442857142857,210,0.1868686868686868,0.4747474747474747,0.0404040404040404,0.1515151515151515,0.1666666666666666,0.1363636363636363,0.106060606060606,0.5151515151515151,1.0808080808080809,0.4595959595959596,0.6212121212121212,0.6691414141414141,0.1841671717171717,0.0280060606060606,0.0366232323232323,0.0820626262626262,0.2057737373737374,0.5713747474747475,0.2228449494949494,0.0170712121212121,198.0
2024-01-19,469.50927734375,110834500,0.0124661650384709,SPY,0.1446280991735537,0.5495867768595041,0.0619834710743801,0.2107438016528925,0.2438016528925619,0.1694214876033057,0.1694214876033057,0.7024793388429752,1.165289256198347,0.4917355371900826,0.6735537190082644,0.6189206611570247,0.2169194214876033,0.0427888429752066,0.0337252066115702,0.087645867768595,0.1671074380165289,0.6342252066115702,0.1986661157024793,0.0315586776859504,242,0.1857142857142857,0.4428571428571428,0.1,0.1666666666666666,0.2095238095238095,0.1380952380952381,0.1714285714285714,0.5952380952380952,1.0571428571428572,0.4142857142857143,0.6428571428571429,0.6432514285714286,0.1886890476190476,0.0339614285714285,0.0374842857142857,0.0966204761904761,0.1325299999999999,0.6193938095238095,0.2480742857142857,0.1155442857142857,210.0
2024-01-22,470.501953125,75844900,0.0021142836343215,SPY,0.1488933601609658,0.4507042253521127,0.0543259557344064,0.1710261569416499,0.2233400402414486,0.1327967806841046,0.1629778672032193,0.5090543259557344,0.9154929577464788,0.4245472837022133,0.4909456740442656,0.590561569416499,0.2239959758551307,0.038853722334004,0.0384758551307847,0.1081066398390342,0.1261287726358149,0.6758523138832998,0.1980154929577464,0.0718867203219316,497,0.1446280991735537,0.5495867768595041,0.0619834710743801,0.2107438016528925,0.2438016528925619,0.1694214876033057,0.1694214876033057,0.7024793388429752,1.165289256198347,0.4917355371900826,0.6735537190082644,0.6189206611570247,0.2169194214876033,0.0427888429752066,0.0337252066115702,0.087645867768595,0.1671074380165289,0.6342252066115702,0.1986661157024793,0.0315586776859504,242.0
2024-01-23,471.8741760253906,49945300,0.0029165084040065,SPY,0.1391752577319587,0.3762886597938144,0.0721649484536082,0.2474226804123711,0.1546391752577319,0.1701030927835051,0.1855670103092783,0.6134020618556701,1.1804123711340206,0.4690721649484536,0.711340206185567,0.6043438144329897,0.2223149484536082,0.0338896907216494,0.040711855670103,0.0987381443298969,0.1686768041237113,0.5988211340206185,0.2325051546391752,0.0638283505154639,194,0.1488933601609658,0.4507042253521127,0.0543259557344064,0.1710261569416499,0.2233400402414486,0.1327967806841046,0.1629778672032193,0.5090543259557344,0.9154929577464788,0.4245472837022133,0.4909456740442656,0.590561569416499,0.2239959758551307,0.038853722334004,0.0384758551307847,0.1081066398390342,0.1261287726358149,0.6758523138832998,0.1980154929577464,0.0718867203219316,497.0
2024-01-24,472.3900146484375,81765000,0.0010931698517426,SPY,0.1301115241635687,0.4163568773234201,0.0817843866171003,0.137546468401487,0.2044609665427509,0.1449814126394052,0.1189591078066914,0.5130111524163569,0.9553903345724908,0.4386617100371747,0.516728624535316,0.635210780669145,0.1944256505576208,0.0283631970260223,0.0370903345724907,0.1049137546468401,0.1553182156133829,0.5922438661710038,0.2524371747211895,0.0971189591078066,269,0.1391752577319587,0.3762886597938144,0.0721649484536082,0.2474226804123711,0.1546391752577319,0.1701030927835051,0.1855670103092783,0.6134020618556701,1.1804123711340206,0.4690721649484536,0.711340206185567,0.6043438144329897,0.2223149484536082,0.0338896907216494,0.040711855670103,0.0987381443298969,0.1686768041237113,0.5988211340206185,0.2325051546391752,0.0638283505154639,194.0
2024-01-25,474.9592895507813,72525000,0.0054388848677418,SPY,0.2011494252873563,0.4712643678160919,0.0344827586206896,0.2068965517241379,0.1954022988505747,0.1379310344827586,0.0977011494252873,0.4367816091954023,0.9885057471264368,0.4655172413793103,0.5229885057471264,0.6593994252873563,0.1740344827586206,0.0308224137931034,0.0372091954022988,0.0985390804597701,0.2113758620689655,0.4848321839080459,0.3037994252873563,0.0924235632183908,174,0.1301115241635687,0.4163568773234201,0.0817843866171003,0.137546468401487,0.2044609665427509,0.1449814126394052,0.1189591078066914,0.5130111524163569,0.9553903345724908,0.4386617100371747,0.516728624535316,0.635210780669145,0.1944256505576208,0.0283631970260223,0.0370903345724907,0.1049137546468401,0.1553182156133829,0.5922438661710038,0.2524371747211895,0.0971189591078066,269.0
2024-01-26,474.35589599609375,76641600,-0.001270411102514,SPY,0.2413793103448276,0.4344827586206896,0.0896551724137931,0.2,0.1655172413793103,0.2137931034482758,0.0689655172413793,0.3793103448275862,0.8068965517241379,0.496551724137931,0.3103448275862069,0.553123448275862,0.2594510344827586,0.0464186206896551,0.0408772413793103,0.1001275862068965,0.2604655172413793,0.5225386206896552,0.2169979310344827,-0.0434675862068965,145,0.2011494252873563,0.4712643678160919,0.0344827586206896,0.2068965517241379,0.1954022988505747,0.1379310344827586,0.0977011494252873,0.4367816091954023,0.9885057471264368,0.4655172413793103,0.5229885057471264,0.6593994252873563,0.1740344827586206,0.0308224137931034,0.0372091954022988,0.0985390804597701,0.2113758620689655,0.4848321839080459,0.3037994252873563,0.0924235632183908,174.0
2024-01-29,478.112548828125,61322800,0.0079194816882011,SPY,0.1577669902912621,0.3567961165048544,0.087378640776699,0.220873786407767,0.1966019417475728,0.1650485436893204,0.1334951456310679,0.6116504854368932,1.1116504854368932,0.4053398058252427,0.7063106796116505,0.635871359223301,0.1945390776699029,0.0348237864077669,0.041157281553398,0.0936106796116504,0.1136575242718446,0.6795264563106796,0.2068177184466019,0.0931601941747572,412,0.2413793103448276,0.4344827586206896,0.0896551724137931,0.2,0.1655172413793103,0.2137931034482758,0.0689655172413793,0.3793103448275862,0.8068965517241379,0.496551724137931,0.3103448275862069,0.553123448275862,0.2594510344827586,0.0464186206896551,0.0408772413793103,0.1001275862068965,0.2604655172413793,0.5225386206896552,0.2169979310344827,-0.0434675862068965,145.0
2024-01-30,477.7427062988281,58618400,-0.0007735470031133,SPY,0.1788990825688073,0.3715596330275229,0.0504587155963302,0.2064220183486238,0.128440366972477,0.110091743119266,0.1009174311926605,0.4220183486238532,0.7798165137614679,0.4587155963302752,0.3211009174311927,0.671598623853211,0.1663454128440367,0.0320513761467889,0.0398811926605504,0.0901256880733945,0.2341977064220183,0.5138353211009175,0.2519678899082569,0.0177701834862385,218,0.1577669902912621,0.3567961165048544,0.087378640776699,0.220873786407767,0.1966019417475728,0.1650485436893204,0.1334951456310679,0.6116504854368932,1.1116504854368932,0.4053398058252427,0.7063106796116505,0.635871359223301,0.1945390776699029,0.0348237864077669,0.041157281553398,0.0936106796116504,0.1136575242718446,0.6795264563106796,0.2068177184466019,0.0931601941747572,412.0
2024-01-31,469.9472351074219,126011100,-0.016317300271938,SPY,0.1842105263157894,0.3070175438596491,0.0964912280701754,0.2236842105263158,0.1535087719298245,0.1885964912280701,0.0921052631578947,0.4956140350877193,0.8421052631578947,0.5175438596491229,0.3245614035087719,0.6226780701754385,0.2187078947368421,0.0341828947368421,0.036263596491228,0.088169298245614,0.2411359649122807,0.5029697368421052,0.2558960526315789,0.0147600877192982,228,0.1788990825688073,0.3715596330275229,0.0504587155963302,0.2064220183486238,0.128440366972477,0.110091743119266,0.1009174311926605,0.4220183486238532,0.7798165137614679,0.4587155963302752,0.3211009174311927,0.671598623853211,0.1663454128440367,0.0320513761467889,0.0398811926605504,0.0901256880733945,0.2341977064220183,0.5138353211009175,0.2519678899082569,0.0177701834862385,218.0
2024-02-01,476.0979614257813,91891600,0.0130881210886439,SPY,0.1648936170212765,0.425531914893617,0.0691489361702127,0.2127659574468085,0.1914893617021276,0.1861702127659574,0.0797872340425532,0.4946808510638298,1.047872340425532,0.3457446808510638,0.7021276595744681,0.6711771276595745,0.1828542553191489,0.0274595744680851,0.0322122340425531,0.0862893617021276,0.1637393617021276,0.643618085106383,0.192638829787234,0.0288994680851063,188,0.1842105263157894,0.3070175438596491,0.0964912280701754,0.2236842105263158,0.1535087719298245,0.1885964912280701,0.0921052631578947,0.4956140350877193,0.8421052631578947,0.5175438596491229,0.3245614035087719,0.6226780701754385,0.2187078947368421,0.0341828947368421,0.036263596491228,0.088169298245614,0.2411359649122807,0.5029697368421052,0.2558960526315789,0.0147600877192982,228.0
2024-02-02,481.1100769042969,99228200,0.010527487795801,SPY,0.1553784860557769,0.3346613545816733,0.047808764940239,0.1513944223107569,0.199203187250996,0.095617529880478,0.099601593625498,0.4581673306772908,0.7410358565737052,0.2709163346613545,0.4701195219123506,0.6054537848605578,0.2090370517928287,0.0301358565737051,0.042206374501992,0.1131725099601593,0.179696812749004,0.5363804780876493,0.283914342629482,0.104217529880478,251,0.1648936170212765,0.425531914893617,0.0691489361702127,0.2127659574468085,0.1914893617021276,0.1861702127659574,0.0797872340425532,0.4946808510638298,1.047872340425532,0.3457446808510638,0.7021276595744681,0.6711771276595745,0.1828542553191489,0.0274595744680851,0.0322122340425531,0.0862893617021276,0.1637393617021276,0.643618085106383,0.192638829787234,0.0288994680851063,188.0
2024-02-05,479.3582763671875,75757100,-0.0036411636779286,SPY,0.1917808219178082,0.454337899543379,0.0684931506849315,0.1666666666666666,0.1963470319634703,0.1484018264840182,0.1324200913242009,0.4954337899543379,0.9452054794520548,0.3995433789954338,0.545662100456621,0.6119835616438356,0.2075639269406392,0.0332933789954337,0.0388116438356164,0.1083458904109589,0.1085650684931506,0.7464205479452055,0.1450127853881278,0.0364477168949771,438,0.1553784860557769,0.3346613545816733,0.047808764940239,0.1513944223107569,0.199203187250996,0.095617529880478,0.099601593625498,0.4581673306772908,0.7410358565737052,0.2709163346613545,0.4701195219123506,0.6054537848605578,0.2090370517928287,0.0301358565737051,0.042206374501992,0.1131725099601593,0.179696812749004,0.5363804780876493,0.283914342629482,0.104217529880478,251.0
2024-02-06,480.74993896484375,55918600,0.0029031784080228,SPY,0.1476510067114094,0.4832214765100671,0.0134228187919463,0.1140939597315436,0.1812080536912751,0.1006711409395973,0.0671140939597315,0.6040268456375839,0.959731543624161,0.3892617449664429,0.5704697986577181,0.7200738255033556,0.1225442953020134,0.0252402684563758,0.0443302013422818,0.0878107382550335,0.0969859060402684,0.7349214765100671,0.1680912751677852,0.0711053691275167,149,0.1917808219178082,0.454337899543379,0.0684931506849315,0.1666666666666666,0.1963470319634703,0.1484018264840182,0.1324200913242009,0.4954337899543379,0.9452054794520548,0.3995433789954338,0.545662100456621,0.6119835616438356,0.2075639269406392,0.0332933789954337,0.0388116438356164,0.1083458904109589,0.1085650684931506,0.7464205479452055,0.1450127853881278,0.0364477168949771,438.0
2024-02-07,484.7595825195313,70556500,0.0083403932683197,SPY,0.1543624161073825,0.436241610738255,0.0671140939597315,0.0939597315436241,0.1879194630872483,0.1073825503355704,0.1073825503355704,0.4765100671140939,0.912751677852349,0.3557046979865771,0.5570469798657718,0.6497255033557047,0.1861073825503355,0.0315221476510067,0.0469053691275167,0.0857355704697986,0.1366067114093959,0.6690610738255034,0.194331543624161,0.057724832214765,149,0.1476510067114094,0.4832214765100671,0.0134228187919463,0.1140939597315436,0.1812080536912751,0.1006711409395973,0.0671140939597315,0.6040268456375839,0.959731543624161,0.3892617449664429,0.5704697986577181,0.7200738255033556,0.1225442953020134,0.0252402684563758,0.0443302013422818,0.0878107382550335,0.0969859060402684,0.7349214765100671,0.1680912751677852,0.0711053691275167,149.0
2024-02-08,484.9737548828125,52343600,0.0004418115102915,SPY,0.1088082901554404,0.2901554404145077,0.0362694300518134,0.1088082901554404,0.155440414507772,0.0725388601036269,0.0725388601036269,0.4352331606217616,0.922279792746114,0.2435233160621761,0.6787564766839378,0.6932652849740932,0.1311792746113989,0.0335512953367875,0.0449585492227979,0.0970523316062176,0.0798176165803108,0.6840326424870466,0.2361497409326425,0.1563321243523316,193,0.1543624161073825,0.436241610738255,0.0671140939597315,0.0939597315436241,0.1879194630872483,0.1073825503355704,0.1073825503355704,0.4765100671140939,0.912751677852349,0.3557046979865771,0.5570469798657718,0.6497255033557047,0.1861073825503355,0.0315221476510067,0.0469053691275167,0.0857355704697986,0.1366067114093959,0.6690610738255034,0.194331543624161,0.057724832214765,149.0
2024-02-09,487.7765808105469,63979400,0.0057793352723007,SPY,0.1387900355871886,0.494661921708185,0.0818505338078291,0.1387900355871886,0.2704626334519573,0.1886120996441281,0.1245551601423487,0.6298932384341637,1.1352313167259789,0.6192170818505338,0.5160142348754448,0.6519003558718861,0.1668224199288256,0.0345508896797153,0.0433537366548042,0.1033740213523131,0.1339836298932384,0.6774466192170819,0.1885722419928825,0.0545886120996441,281,0.1088082901554404,0.2901554404145077,0.0362694300518134,0.1088082901554404,0.155440414507772,0.0725388601036269,0.0725388601036269,0.4352331606217616,0.922279792746114,0.2435233160621761,0.6787564766839378,0.6932652849740932,0.1311792746113989,0.0335512953367875,0.0449585492227979,0.0970523316062176,0.0798176165803108,0.6840326424870466,0.2361497409326425,0.1563321243523316,193.0
2024-02-12,487.5624084472656,56502300,-0.0004390788153981,SPY,0.1938250428816466,0.41852487135506,0.1012006861063464,0.1921097770154373,0.2332761578044597,0.1663807890222984,0.1337907375643224,0.548885077186964,1.176672384219554,0.4528301886792453,0.7238421955403087,0.678173756432247,0.1644078902229845,0.0339934819897084,0.0346730703259005,0.0887523156089193,0.1283825042881646,0.6948456260720413,0.1767703259005145,0.0483878216123499,583,0.1387900355871886,0.494661921708185,0.0818505338078291,0.1387900355871886,0.2704626334519573,0.1886120996441281,0.1245551601423487,0.6298932384341637,1.1352313167259789,0.6192170818505338,0.5160142348754448,0.6519003558718861,0.1668224199288256,0.0345508896797153,0.0433537366548042,0.1033740213523131,0.1339836298932384,0.6774466192170819,0.1885722419928825,0.0545886120996441,281.0
2024-02-13,480.8472900390625,113099200,-0.0137728387009751,SPY,0.2655367231638418,0.4519774011299435,0.1186440677966101,0.2655367231638418,0.2372881355932203,0.1977401129943503,0.1186440677966101,0.5141242937853108,0.9209039548022598,0.5028248587570622,0.4180790960451977,0.5836610169491526,0.2040062146892655,0.0481830508474576,0.0427112994350282,0.1214327683615819,0.1785214689265536,0.6604050847457628,0.1610745762711864,-0.0174468926553672,177,0.1938250428816466,0.41852487135506,0.1012006861063464,0.1921097770154373,0.2332761578044597,0.1663807890222984,0.1337907375643224,0.548885077186964,1.176672384219554,0.4528301886792453,0.7238421955403087,0.678173756432247,0.1644078902229845,0.0339934819897084,0.0346730703259005,0.0887523156089193,0.1283825042881646,0.6948456260720413,0.1767703259005145,0.0483878216123499,583.0
2024-02-14,485.217041015625,68387800,0.0090876065376337,SPY,0.2314814814814814,0.3518518518518518,0.0555555555555555,0.2361111111111111,0.2361111111111111,0.1296296296296296,0.0601851851851851,0.6574074074074074,0.9722222222222222,0.4166666666666667,0.5555555555555556,0.6278041666666667,0.2040768518518518,0.0384268518518518,0.0410759259259259,0.088611574074074,0.1454925925925926,0.6863481481481482,0.1681606481481481,0.0226680555555555,216,0.2655367231638418,0.4519774011299435,0.1186440677966101,0.2655367231638418,0.2372881355932203,0.1977401129943503,0.1186440677966101,0.5141242937853108,0.9209039548022598,0.5028248587570622,0.4180790960451977,0.5836610169491526,0.2040062146892655,0.0481830508474576,0.0427112994350282,0.1214327683615819,0.1785214689265536,0.6604050847457628,0.1610745762711864,-0.0174468926553672,177.0
2024-02-15,488.5648498535156,61683000,0.0068996110088863,SPY,0.1626506024096385,0.3975903614457831,0.0963855421686747,0.1566265060240964,0.1987951807228915,0.1746987951807229,0.1385542168674698,0.6265060240963856,1.0180722891566265,0.3554216867469879,0.6626506024096386,0.6548686746987952,0.1863614457831325,0.0406765060240963,0.0354650602409638,0.082633734939759,0.0961512048192771,0.7822030120481928,0.1216451807228915,0.0254939759036144,166,0.2314814814814814,0.3518518518518518,0.0555555555555555,0.2361111111111111,0.2361111111111111,0.1296296296296296,0.0601851851851851,0.6574074074074074,0.9722222222222222,0.4166666666666667,0.5555555555555556,0.6278041666666667,0.2040768518518518,0.0384268518518518,0.0410759259259259,0.088611574074074,0.1454925925925926,0.6863481481481482,0.1681606481481481,0.0226680555555555,216.0
2024-02-16,486.1318054199219,75532900,-0.0049799825638771,SPY,0.1240875912408759,0.4270072992700729,0.072992700729927,0.1788321167883211,0.2408759124087591,0.145985401459854,0.1167883211678832,0.4963503649635036,0.8832116788321168,0.3941605839416058,0.4890510948905109,0.5953259124087592,0.2357485401459854,0.0461518248175182,0.0356087591240875,0.0871715328467153,0.1414985401459854,0.7341565693430656,0.1243441605839416,-0.0171543795620437,274,0.1626506024096385,0.3975903614457831,0.0963855421686747,0.1566265060240964,0.1987951807228915,0.1746987951807229,0.1385542168674698,0.6265060240963856,1.0180722891566265,0.3554216867469879,0.6626506024096386,0.6548686746987952,0.1863614457831325,0.0406765060240963,0.0354650602409638,0.082633734939759,0.0961512048192771,0.7822030120481928,0.1216451807228915,0.0254939759036144,166.0
2024-02-20,483.45556640625,71736700,-0.0055051716094982,SPY,0.1698113207547169,0.4391080617495712,0.0754716981132075,0.1578044596912521,0.1869639794168096,0.1526586620926243,0.1303602058319039,0.4802744425385934,0.981132075471698,0.4408233276157804,0.5403087478559176,0.6672437392795884,0.1713991423670669,0.031497255574614,0.0400816466552315,0.0897771869639794,0.0977996569468267,0.7402859348198971,0.1619126929674099,0.0641130360205831,583,0.1240875912408759,0.4270072992700729,0.072992700729927,0.1788321167883211,0.2408759124087591,0.145985401459854,0.1167883211678832,0.4963503649635036,0.8832116788321168,0.3941605839416058,0.4890510948905109,0.5953259124087592,0.2357485401459854,0.0461518248175182,0.0356087591240875,0.0871715328467153,0.1414985401459854,0.7341565693430656,0.1243441605839416,-0.0171543795620437,274.0
2024-02-21,483.8934326171875,59293400,0.0009057010434121,SPY,0.1534246575342465,0.4246575342465753,0.0493150684931506,0.1726027397260274,0.1972602739726027,0.1287671232876712,0.0931506849315068,0.5452054794520548,0.9616438356164384,0.3917808219178082,0.5698630136986301,0.6607830136986301,0.1666698630136986,0.0335016438356164,0.0394227397260273,0.0996227397260273,0.1567947945205479,0.5705572602739726,0.2726438356164383,0.1158490410958904,365,0.1698113207547169,0.4391080617495712,0.0754716981132075,0.1578044596912521,0.1869639794168096,0.1526586620926243,0.1303602058319039,0.4802744425385934,0.981132075471698,0.4408233276157804,0.5403087478559176,0.6672437392795884,0.1713991423670669,0.031497255574614,0.0400816466552315,0.0897771869639794,0.0977996569468267,0.7402859348198971,0.1619126929674099,0.0641130360205831,583.0
2024-02-22,493.9078063964844,76402500,0.0206954116428756,SPY,0.1269035532994923,0.4467005076142132,0.0609137055837563,0.1294416243654822,0.1725888324873096,0.098984771573604,0.1548223350253807,0.5203045685279187,0.9086294416243654,0.3730964467005076,0.5355329949238579,0.5633520304568528,0.237384771573604,0.0525578680203045,0.046075888324873,0.1006312182741116,0.1373180203045685,0.6326941624365482,0.2299939086294416,0.0926758883248731,394,0.1534246575342465,0.4246575342465753,0.0493150684931506,0.1726027397260274,0.1972602739726027,0.1287671232876712,0.0931506849315068,0.5452054794520548,0.9616438356164384,0.3917808219178082,0.5698630136986301,0.6607830136986301,0.1666698630136986,0.0335016438356164,0.0394227397260273,0.0996227397260273,0.1567947945205479,0.5705572602739726,0.2726438356164383,0.1158490410958904,365.0
2024-02-23,494.2484436035156,61321800,0.0006896777143825,SPY,0.2274247491638795,0.5150501672240803,0.1003344481605351,0.2474916387959866,0.2575250836120401,0.1806020066889632,0.1638795986622073,0.5752508361204013,1.100334448160535,0.4816053511705686,0.6187290969899666,0.6645882943143813,0.1435655518394648,0.0342739130434782,0.0476301003344481,0.1099414715719063,0.1391732441471571,0.6349020066889632,0.2259250836120401,0.0867518394648829,299,0.1269035532994923,0.4467005076142132,0.0609137055837563,0.1294416243654822,0.1725888324873096,0.098984771573604,0.1548223350253807,0.5203045685279187,0.9086294416243654,0.3730964467005076,0.5355329949238579,0.5633520304568528,0.237384771573604,0.0525578680203045,0.046075888324873,0.1006312182741116,0.1373180203045685,0.6326941624365482,0.2299939086294416,0.0926758883248731,394.0
2024-02-26,492.4382934570313,50386700,-0.0036624296341466,SPY,0.1475694444444444,0.421875,0.0659722222222222,0.1875,0.2552083333333333,0.1597222222222222,0.1319444444444444,0.609375,1.1684027777777777,0.3784722222222222,0.7899305555555556,0.6466032986111112,0.1846767361111111,0.0401892361111111,0.0412392361111111,0.0872899305555555,0.0989546875,0.7155420138888888,0.1855029513888889,0.0865482638888888,576,0.2274247491638795,0.5150501672240803,0.1003344481605351,0.2474916387959866,0.2575250836120401,0.1806020066889632,0.1638795986622073,0.5752508361204013,1.100334448160535,0.4816053511705686,0.6187290969899666,0.6645882943143813,0.1435655518394648,0.0342739130434782,0.0476301003344481,0.1099414715719063,0.1391732441471571,0.6349020066889632,0.2259250836120401,0.0867518394648829,299.0
2024-02-27,493.3530883789063,48854500,0.0018576843718893,SPY,0.1451612903225806,0.3830645161290322,0.0806451612903225,0.1854838709677419,0.2379032258064516,0.1411290322580645,0.157258064516129,0.439516129032258,0.9274193548387096,0.4193548387096774,0.5080645161290323,0.6153193548387097,0.2063907258064516,0.0448237903225806,0.0374693548387096,0.095995564516129,0.1524604838709677,0.6932016129032258,0.1543375,0.0018770161290322,248,0.1475694444444444,0.421875,0.0659722222222222,0.1875,0.2552083333333333,0.1597222222222222,0.1319444444444444,0.609375,1.1684027777777777,0.3784722222222222,0.7899305555555556,0.6466032986111112,0.1846767361111111,0.0401892361111111,0.0412392361111111,0.0872899305555555,0.0989546875,0.7155420138888888,0.1855029513888889,0.0865482638888888,576.0
2024-02-28,492.7010498046875,56506600,-0.0013216468885626,SPY,0.1732673267326732,0.400990099009901,0.0643564356435643,0.2029702970297029,0.1633663366336633,0.1188118811881188,0.0891089108910891,0.5445544554455446,1.0841584158415842,0.3712871287128713,0.7128712871287128,0.6255188118811881,0.2055539603960396,0.0341405940594059,0.0419529702970297,0.0928361386138613,0.1193316831683168,0.6976430693069308,0.1830153465346534,0.0636836633663366,202,0.1451612903225806,0.3830645161290322,0.0806451612903225,0.1854838709677419,0.2379032258064516,0.1411290322580645,0.157258064516129,0.439516129032258,0.9274193548387096,0.4193548387096774,0.5080645161290323,0.6153193548387097,0.2063907258064516,0.0448237903225806,0.0374693548387096,0.095995564516129,0.1524604838709677,0.6932016129032258,0.1543375,0.0018770161290322,248.0
2024-02-29,494.4722900390625,83924800,0.0035949593269126,SPY,0.0526315789473684,0.3508771929824561,0.0614035087719298,0.1140350877192982,0.219298245614035,0.0789473684210526,0.1228070175438596,0.4473684210526316,0.956140350877193,0.2894736842105263,0.6666666666666666,0.6252824561403509,0.2014236842105263,0.0416438596491228,0.0404964912280701,0.0911657894736842,0.1015035087719298,0.7501342105263158,0.1483622807017544,0.0468587719298245,114,0.1732673267326732,0.400990099009901,0.0643564356435643,0.2029702970297029,0.1633663366336633,0.1188118811881188,0.0891089108910891,0.5445544554455446,1.0841584158415842,0.3712871287128713,0.7128712871287128,0.6255188118811881,0.2055539603960396,0.0341405940594059,0.0419529702970297,0.0928361386138613,0.1193316831683168,0.6976430693069308,0.1830153465346534,0.0636836633663366,202.0
2024-03-01,499.114501953125,76844800,0.0093882144815349,SPY,0.1788079470198675,0.3774834437086092,0.0397350993377483,0.1324503311258278,0.2052980132450331,0.1324503311258278,0.1324503311258278,0.5033112582781457,1.0463576158940395,0.3112582781456953,0.7350993377483444,0.6308536423841059,0.1449708609271523,0.0369006622516556,0.059387417218543,0.1278887417218543,0.0892192052980132,0.7548860927152318,0.1558973509933774,0.0666781456953642,151,0.0526315789473684,0.3508771929824561,0.0614035087719298,0.1140350877192982,0.219298245614035,0.0789473684210526,0.1228070175438596,0.4473684210526316,0.956140350877193,0.2894736842105263,0.6666666666666666,0.6252824561403509,0.2014236842105263,0.0416438596491228,0.0404964912280701,0.0911657894736842,0.1015035087719298,0.7501342105263158,0.1483622807017544,0.0468587719298245,114.0
2024-03-04,498.5792846679688,49799300,-0.0010723336690515,SPY,0.1518324607329843,0.468586387434555,0.0759162303664921,0.1989528795811518,0.2984293193717277,0.1701570680628272,0.1701570680628272,0.5968586387434555,1.0890052356020945,0.4424083769633508,0.6465968586387435,0.5826693717277487,0.2078882198952879,0.0408332460732984,0.0495109947643979,0.1191026178010471,0.1287238219895287,0.7255413612565444,0.1457306282722513,0.0170068062827225,382,0.1788079470198675,0.3774834437086092,0.0397350993377483,0.1324503311258278,0.2052980132450331,0.1324503311258278,0.1324503311258278,0.5033112582781457,1.0463576158940395,0.3112582781456953,0.7350993377483444,0.6308536423841059,0.1449708609271523,0.0369006622516556,0.059387417218543,0.1278887417218543,0.0892192052980132,0.7548860927152318,0.1558973509933774,0.0666781456953642,151.0
2024-03-05,493.5964050292969,72855600,-0.0099941569814523,SPY,0.2181818181818181,0.4242424242424242,0.0727272727272727,0.2363636363636363,0.1757575757575757,0.1393939393939394,0.0848484848484848,0.5454545454545454,0.9272727272727272,0.4303030303030303,0.4969696969696969,0.6342175757575758,0.1904527272727272,0.0400151515151515,0.0364830303030303,0.0988296969696969,0.1461448484848485,0.6923830303030303,0.1614745454545454,0.0153296969696969,165,0.1518324607329843,0.468586387434555,0.0759162303664921,0.1989528795811518,0.2984293193717277,0.1701570680628272,0.1701570680628272,0.5968586387434555,1.0890052356020945,0.4424083769633508,0.6465968586387435,0.5826693717277487,0.2078882198952879,0.0408332460732984,0.0495109947643979,0.1191026178010471,0.1287238219895287,0.7255413612565444,0.1457306282722513,0.0170068062827225,382.0
2024-03-06,496.09759521484375,68382400,0.0050672779624447,SPY,0.1746031746031746,0.3809523809523809,0.0714285714285714,0.2301587301587301,0.2063492063492063,0.1507936507936507,0.1349206349206349,0.5158730158730159,0.9603174603174603,0.4523809523809524,0.5079365079365079,0.5526349206349207,0.2409007936507936,0.0432095238095238,0.0371730158730158,0.1260761904761904,0.1812492063492063,0.6843928571428572,0.134365873015873,-0.0468833333333333,126,0.2181818181818181,0.4242424242424242,0.0727272727272727,0.2363636363636363,0.1757575757575757,0.1393939393939394,0.0848484848484848,0.5454545454545454,0.9272727272727272,0.4303030303030303,0.4969696969696969,0.6342175757575758,0.1904527272727272,0.0400151515151515,0.0364830303030303,0.0988296969696969,0.1461448484848485,0.6923830303030303,0.1614745454545454,0.0153296969696969,165.0
2024-03-07,501.0220336914063,58652100,0.00992635022637,SPY,0.1380753138075313,0.5523012552301255,0.0502092050209205,0.1882845188284518,0.2845188284518828,0.1464435146443514,0.1464435146443514,0.8493723849372385,1.292887029288703,0.4142259414225941,0.8786610878661087,0.7093200836820084,0.1319347280334728,0.0288774058577405,0.052576150627615,0.077294560669456,0.1453292887029288,0.605018410041841,0.2496502092050209,0.104320920502092,239,0.1746031746031746,0.3809523809523809,0.0714285714285714,0.2301587301587301,0.2063492063492063,0.1507936507936507,0.1349206349206349,0.5158730158730159,0.9603174603174603,0.4523809523809524,0.5079365079365079,0.5526349206349207,0.2409007936507936,0.0432095238095238,0.0371730158730158,0.1260761904761904,0.1812492063492063,0.6843928571428572,0.134365873015873,-0.0468833333333333,126.0
2024-03-08,498.0148315429688,86532500,-0.0060021355274162,SPY,0.2426035502958579,0.4023668639053254,0.1183431952662721,0.2307692307692307,0.2011834319526627,0.1775147928994082,0.1715976331360946,0.4911242603550296,0.7633136094674556,0.4319526627218935,0.3313609467455621,0.6266573964497042,0.2114396449704142,0.0530869822485207,0.0373988165680473,0.0714195266272189,0.1563023668639053,0.7240644970414202,0.1196313609467455,-0.0366710059171597,169,0.1380753138075313,0.5523012552301255,0.0502092050209205,0.1882845188284518,0.2845188284518828,0.1464435146443514,0.1464435146443514,0.8493723849372385,1.292887029288703,0.4142259414225941,0.8786610878661087,0.7093200836820084,0.1319347280334728,0.0288774058577405,0.052576150627615,0.077294560669456,0.1453292887029288,0.605018410041841,0.2496502092050209,0.104320920502092,239.0
2024-03-11,497.5866394042969,62557200,-0.0008597979649426,SPY,0.1654676258992805,0.3717026378896882,0.0647482014388489,0.1486810551558753,0.2038369304556355,0.1414868105515587,0.1151079136690647,0.4628297362110312,0.9064748201438848,0.4028776978417266,0.5035971223021583,0.6411645083932853,0.19129448441247,0.0382184652278177,0.0385841726618705,0.0907395683453237,0.1225429256594724,0.7158134292565946,0.1616424460431654,0.039099520383693,417,0.2426035502958579,0.4023668639053254,0.1183431952662721,0.2307692307692307,0.2011834319526627,0.1775147928994082,0.1715976331360946,0.4911242603550296,0.7633136094674556,0.4319526627218935,0.3313609467455621,0.6266573964497042,0.2114396449704142,0.0530869822485207,0.0373988165680473,0.0714195266272189,0.1563023668639053,0.7240644970414202,0.1196313609467455,-0.0366710059171597,169.0
2024-03-12,502.9393615722656,73114400,0.0107573671479139,SPY,0.1304347826086956,0.5036231884057971,0.0615942028985507,0.1521739130434782,0.2427536231884058,0.2101449275362318,0.144927536231884,0.7318840579710145,1.1521739130434785,0.4746376811594203,0.677536231884058,0.6603141304347826,0.1648427536231884,0.0370786231884058,0.0534579710144927,0.0843130434782608,0.1709692028985507,0.6610590579710145,0.1679695652173913,-0.0029996376811594,276,0.1654676258992805,0.3717026378896882,0.0647482014388489,0.1486810551558753,0.2038369304556355,0.1414868105515587,0.1151079136690647,0.4628297362110312,0.9064748201438848,0.4028776978417266,0.5035971223021583,0.6411645083932853,0.19129448441247,0.0382184652278177,0.0385841726618705,0.0907395683453237,0.1225429256594724,0.7158134292565946,0.1616424460431654,0.039099520383693,417.0
2024-03-13,502.1509704589844,55104100,-0.0015675669345437,SPY,0.25,0.3793103448275862,0.0948275862068965,0.2155172413793103,0.25,0.2586206896551724,0.1637931034482758,0.5258620689655172,1.2327586206896552,0.5086206896551724,0.7241379310344828,0.7417120689655172,0.1308370689655172,0.0298120689655172,0.032528448275862,0.0651198275862069,0.1342965517241379,0.6640336206896552,0.2016706896551724,0.0673741379310344,116,0.1304347826086956,0.5036231884057971,0.0615942028985507,0.1521739130434782,0.2427536231884058,0.2101449275362318,0.144927536231884,0.7318840579710145,1.1521739130434785,0.4746376811594203,0.677536231884058,0.6603141304347826,0.1648427536231884,0.0370786231884058,0.0534579710144927,0.0843130434782608,0.1709692028985507,0.6610590579710145,0.1679695652173913,-0.0029996376811594,276.0
2024-03-14,501.1583251953125,110171800,-0.0019767865085764,SPY,0.1176470588235294,0.4183006535947712,0.0718954248366013,0.1699346405228758,0.3071895424836601,0.1895424836601307,0.1503267973856209,0.6013071895424836,1.156862745098039,0.3529411764705882,0.803921568627451,0.6673477124183007,0.1600705882352941,0.0411830065359477,0.0442183006535947,0.0871790849673202,0.1182666666666666,0.697883660130719,0.1838509803921568,0.0655843137254902,153,0.25,0.3793103448275862,0.0948275862068965,0.2155172413793103,0.25,0.2586206896551724,0.1637931034482758,0.5258620689655172,1.2327586206896552,0.5086206896551724,0.7241379310344828,0.7417120689655172,0.1308370689655172,0.0298120689655172,0.032528448275862,0.0651198275862069,0.1342965517241379,0.6640336206896552,0.2016706896551724,0.0673741379310344,116.0
2024-03-15,497.717041015625,107646300,-0.0068666607071654,SPY,0.1176470588235294,0.3725490196078431,0.0784313725490196,0.1568627450980392,0.2058823529411764,0.1176470588235294,0.0980392156862745,0.6078431372549019,1.156862745098039,0.3333333333333333,0.8235294117647058,0.6756931372549019,0.1854794117647059,0.031185294117647,0.0333647058823529,0.074278431372549,0.1545225490196078,0.6279882352941176,0.2174882352941176,0.0629656862745098,102,0.1176470588235294,0.4183006535947712,0.0718954248366013,0.1699346405228758,0.3071895424836601,0.1895424836601307,0.1503267973856209,0.6013071895424836,1.156862745098039,0.3529411764705882,0.803921568627451,0.6673477124183007,0.1600705882352941,0.0411830065359477,0.0442183006535947,0.0871790849673202,0.1182666666666666,0.697883660130719,0.1838509803921568,0.0655843137254902,153.0
2024-03-18,500.675048828125,88893300,0.0059431515675332,SPY,0.109375,0.3411458333333333,0.0755208333333333,0.1432291666666666,0.140625,0.0989583333333333,0.0833333333333333,0.453125,0.8984375,0.21875,0.6796875,0.70289453125,0.13911484375,0.0276083333333333,0.0391515625,0.0912317708333333,0.0626013020833333,0.7510140625,0.1863877604166667,0.1237864583333333,384,0.1176470588235294,0.3725490196078431,0.0784313725490196,0.1568627450980392,0.2058823529411764,0.1176470588235294,0.0980392156862745,0.6078431372549019,1.156862745098039,0.3333333333333333,0.8235294117647058,0.6756931372549019,0.1854794117647059,0.031185294117647,0.0333647058823529,0.074278431372549,0.1545225490196078,0.6279882352941176,0.2174882352941176,0.0629656862745098,102.0
2024-03-19,503.4573669433594,60755300,0.0055571335574773,SPY,0.1644444444444444,0.4266666666666667,0.1022222222222222,0.2,0.2622222222222222,0.1555555555555555,0.1422222222222222,0.5422222222222223,1.0355555555555556,0.3511111111111111,0.6844444444444444,0.6454204444444444,0.1515462222222222,0.0330013333333333,0.0644328888888888,0.1056004444444444,0.0875,0.6776577777777778,0.2348431111111111,0.1473431111111111,225,0.109375,0.3411458333333333,0.0755208333333333,0.1432291666666666,0.140625,0.0989583333333333,0.0833333333333333,0.453125,0.8984375,0.21875,0.6796875,0.70289453125,0.13911484375,0.0276083333333333,0.0391515625,0.0912317708333333,0.0626013020833333,0.7510140625,0.1863877604166667,0.1237864583333333,384.0
2024-03-20,508.114013671875,69594600,0.0092493367547434,SPY,0.180722891566265,0.4337349397590361,0.072289156626506,0.1506024096385542,0.1987951807228915,0.1144578313253012,0.1506024096385542,0.5783132530120482,0.8132530120481928,0.3313253012048193,0.4819277108433735,0.693421686746988,0.1392427710843373,0.0305277108433734,0.045244578313253,0.0915626506024096,0.0811963855421686,0.643493373493976,0.2753030120481927,0.1941066265060241,166,0.1644444444444444,0.4266666666666667,0.1022222222222222,0.2,0.2622222222222222,0.1555555555555555,0.1422222222222222,0.5422222222222223,1.0355555555555556,0.3511111111111111,0.6844444444444444,0.6454204444444444,0.1515462222222222,0.0330013333333333,0.0644328888888888,0.1056004444444444,0.0875,0.6776577777777778,0.2348431111111111,0.1473431111111111,225.0
2024-03-21,509.7931823730469,60256100,0.0033047085024036,SPY,0.1388888888888889,0.5138888888888888,0.0763888888888889,0.1319444444444444,0.25,0.2013888888888889,0.1527777777777778,0.5694444444444444,1.1805555555555556,0.3958333333333333,0.7847222222222222,0.63275625,0.1868527777777777,0.04289375,0.0460979166666666,0.0913902777777777,0.1410916666666666,0.6603993055555555,0.1985097222222222,0.0574180555555555,144,0.180722891566265,0.4337349397590361,0.072289156626506,0.1506024096385542,0.1987951807228915,0.1144578313253012,0.1506024096385542,0.5783132530120482,0.8132530120481928,0.3313253012048193,0.4819277108433735,0.693421686746988,0.1392427710843373,0.0305277108433734,0.045244578313253,0.0915626506024096,0.0811963855421686,0.643493373493976,0.2753030120481927,0.1941066265060241,166.0
2024-03-22,508.8267517089844,79070800,-0.0018957308521935,SPY,0.1509433962264151,0.3962264150943396,0.0754716981132075,0.1949685534591195,0.1886792452830188,0.1949685534591195,0.1698113207547169,0.710691823899371,1.2893081761006289,0.3459119496855345,0.9433962264150944,0.6320106918238994,0.1984484276729559,0.0434088050314465,0.0359597484276729,0.0901735849056603,0.1091194968553459,0.7792578616352202,0.1116276729559748,0.0025081761006289,159,0.1388888888888889,0.5138888888888888,0.0763888888888889,0.1319444444444444,0.25,0.2013888888888889,0.1527777777777778,0.5694444444444444,1.1805555555555556,0.3958333333333333,0.7847222222222222,0.63275625,0.1868527777777777,0.04289375,0.0460979166666666,0.0913902777777777,0.1410916666666666,0.6603993055555555,0.1985097222222222,0.0574180555555555,144.0
2024-03-25,507.42095947265625,48512100,-0.0027628111761155,SPY,0.1184834123222748,0.3838862559241706,0.0331753554502369,0.1635071090047393,0.2037914691943128,0.1066350710900474,0.1279620853080568,0.495260663507109,0.9218009478672986,0.3436018957345971,0.5781990521327014,0.6289699052132701,0.1891421800947867,0.0369222748815165,0.0374452606635071,0.1075239336492891,0.123131990521327,0.7271900473933649,0.1496817535545023,0.0265497630331753,422,0.1509433962264151,0.3962264150943396,0.0754716981132075,0.1949685534591195,0.1886792452830188,0.1949685534591195,0.1698113207547169,0.710691823899371,1.2893081761006289,0.3459119496855345,0.9433962264150944,0.6320106918238994,0.1984484276729559,0.0434088050314465,0.0359597484276729,0.0901735849056603,0.1091194968553459,0.7792578616352202,0.1116276729559748,0.0025081761006289,159.0
2024-03-26,506.4837341308594,65463700,-0.0018470371085398,SPY,0.1027397260273972,0.3493150684931507,0.0821917808219178,0.1780821917808219,0.1780821917808219,0.0958904109589041,0.1164383561643835,0.6986301369863014,1.2191780821917808,0.3287671232876712,0.8904109589041096,0.697654794520548,0.1684034246575342,0.0299219178082191,0.0358650684931506,0.06815,0.0640705479452054,0.7840417808219178,0.1518890410958904,0.0878184931506849,146,0.1184834123222748,0.3838862559241706,0.0331753554502369,0.1635071090047393,0.2037914691943128,0.1066350710900474,0.1279620853080568,0.495260663507109,0.9218009478672986,0.3436018957345971,0.5781990521327014,0.6289699052132701,0.1891421800947867,0.0369222748815165,0.0374452606635071,0.1075239336492891,0.123131990521327,0.7271900473933649,0.1496817535545023,0.0265497630331753,422.0
2024-03-27,510.7401428222656,82999800,0.0084038408433992,SPY,0.1717171717171717,0.3737373737373737,0.0858585858585858,0.2272727272727272,0.2272727272727272,0.1262626262626262,0.1212121212121212,0.4797979797979798,1.106060606060606,0.3484848484848485,0.7575757575757576,0.6432929292929292,0.1963272727272727,0.0329818181818181,0.0406636363636363,0.0867373737373737,0.1145858585858585,0.6922732323232323,0.193139898989899,0.0785540404040404,198,0.1027397260273972,0.3493150684931507,0.0821917808219178,0.1780821917808219,0.1780821917808219,0.0958904109589041,0.1164383561643835,0.6986301369863014,1.2191780821917808,0.3287671232876712,0.8904109589041096,0.697654794520548,0.1684034246575342,0.0299219178082191,0.0358650684931506,0.06815,0.0640705479452054,0.7840417808219178,0.1518890410958904,0.0878184931506849,146.0
2024-03-28,510.64251708984375,96294900,-0.000191145602698,SPY,0.2146341463414634,0.5317073170731708,0.0878048780487804,0.3219512195121951,0.2878048780487804,0.2439024390243902,0.1853658536585365,0.7170731707317073,1.2341463414634146,0.697560975609756,0.5365853658536586,0.5911209756097561,0.231590243902439,0.0448097560975609,0.0395834146341463,0.0929029268292683,0.1825926829268292,0.5923546341463415,0.225050731707317,0.0424580487804878,205,0.1717171717171717,0.3737373737373737,0.0858585858585858,0.2272727272727272,0.2272727272727272,0.1262626262626262,0.1212121212121212,0.4797979797979798,1.106060606060606,0.3484848484848485,0.7575757575757576,0.6432929292929292,0.1963272727272727,0.0329818181818181,0.0406636363636363,0.0867373737373737,0.1145858585858585,0.6922732323232323,0.193139898989899,0.0785540404040404,198.0
2024-04-01,509.754150390625,62477500,-0.0017397037447676,SPY,0.108626198083067,0.3322683706070287,0.0623003194888178,0.1549520766773162,0.182108626198083,0.121405750798722,0.0862619808306709,0.5287539936102237,1.0702875399361025,0.389776357827476,0.6805111821086262,0.6529838658146965,0.1781247603833866,0.0360992012779552,0.0387990415335463,0.0939892971246006,0.0987952076677316,0.7253608626198083,0.17584696485623,0.0770517571884984,626,0.2146341463414634,0.5317073170731708,0.0878048780487804,0.3219512195121951,0.2878048780487804,0.2439024390243902,0.1853658536585365,0.7170731707317073,1.2341463414634146,0.697560975609756,0.5365853658536586,0.5911209756097561,0.231590243902439,0.0448097560975609,0.0395834146341463,0.0929029268292683,0.1825926829268292,0.5923546341463415,0.225050731707317,0.0424580487804878,205.0
2024-04-02,506.5129699707031,74230300,-0.0063583208051138,SPY,0.1507936507936507,0.3492063492063492,0.0634920634920634,0.2063492063492063,0.2301587301587301,0.1587301587301587,0.1111111111111111,0.5396825396825397,1.1587301587301588,0.3492063492063492,0.8095238095238095,0.662468253968254,0.1726841269841269,0.0317261904761904,0.0430325396825396,0.0900952380952381,0.1569357142857143,0.6771111111111111,0.1659531746031746,0.0090174603174603,126,0.108626198083067,0.3322683706070287,0.0623003194888178,0.1549520766773162,0.182108626198083,0.121405750798722,0.0862619808306709,0.5287539936102237,1.0702875399361025,0.389776357827476,0.6805111821086262,0.6529838658146965,0.1781247603833866,0.0360992012779552,0.0387990415335463,0.0939892971246006,0.0987952076677316,0.7253608626198083,0.17584696485623,0.0770517571884984,626.0
2024-04-03,507.0694274902344,59155800,0.0010986046804752,SPY,0.3455882352941176,0.5073529411764706,0.088235294117647,0.3382352941176471,0.2426470588235294,0.2867647058823529,0.2352941176470588,0.7426470588235294,1.1397058823529411,0.5073529411764706,0.6323529411764706,0.6261205882352942,0.1808154411764706,0.0495830882352941,0.0413147058823529,0.1021875,0.1411301470588235,0.6624764705882353,0.1963963235294117,0.0552661764705882,136,0.1507936507936507,0.3492063492063492,0.0634920634920634,0.2063492063492063,0.2301587301587301,0.1587301587301587,0.1111111111111111,0.5396825396825397,1.1587301587301588,0.3492063492063492,0.8095238095238095,0.662468253968254,0.1726841269841269,0.0317261904761904,0.0430325396825396,0.0900952380952381,0.1569357142857143,0.6771111111111111,0.1659531746031746,0.0090174603174603,126.0
2024-04-04,500.880126953125,96858100,-0.0122060219006766,SPY,0.2571428571428571,0.4761904761904761,0.0666666666666666,0.2,0.2476190476190476,0.1238095238095238,0.1904761904761904,0.6095238095238096,1.1714285714285717,0.4380952380952381,0.7333333333333333,0.6516619047619047,0.1706723809523809,0.0406399999999999,0.039587619047619,0.0974342857142857,0.1589533333333333,0.6897,0.1513438095238095,-0.0076095238095238,105,0.3455882352941176,0.5073529411764706,0.088235294117647,0.3382352941176471,0.2426470588235294,0.2867647058823529,0.2352941176470588,0.7426470588235294,1.1397058823529411,0.5073529411764706,0.6323529411764706,0.6261205882352942,0.1808154411764706,0.0495830882352941,0.0413147058823529,0.1021875,0.1411301470588235,0.6624764705882353,0.1963963235294117,0.0552661764705882,136.0
2024-04-05,506.11273193359375,74546500,0.0104468209036339,SPY,0.1067415730337078,0.3202247191011236,0.0561797752808988,0.1853932584269663,0.1853932584269663,0.1404494382022472,0.1292134831460674,0.6741573033707865,1.146067415730337,0.3426966292134831,0.8033707865168539,0.6445870786516854,0.1753488764044943,0.034217415730337,0.0452134831460674,0.1006370786516853,0.1767904494382022,0.5767286516853933,0.2464814606741573,0.069691011235955,178,0.2571428571428571,0.4761904761904761,0.0666666666666666,0.2,0.2476190476190476,0.1238095238095238,0.1904761904761904,0.6095238095238096,1.1714285714285717,0.4380952380952381,0.7333333333333333,0.6516619047619047,0.1706723809523809,0.0406399999999999,0.039587619047619,0.0974342857142857,0.1589533333333333,0.6897,0.1513438095238095,-0.0076095238095238,105.0
2024-04-08,506.3958740234375,48401800,0.0005594447086165,SPY,0.1347248576850095,0.4402277039848197,0.0929791271347248,0.174573055028463,0.2485768500948766,0.1574952561669829,0.1328273244781783,0.5768500948766604,1.0436432637571158,0.4003795066413662,0.6432637571157496,0.6069388994307401,0.1986483870967742,0.0448550284629981,0.049812523719165,0.0997514231499051,0.0997356736242884,0.7107979127134725,0.1894662239089184,0.0897305502846299,527,0.1067415730337078,0.3202247191011236,0.0561797752808988,0.1853932584269663,0.1853932584269663,0.1404494382022472,0.1292134831460674,0.6741573033707865,1.146067415730337,0.3426966292134831,0.8033707865168539,0.6445870786516854,0.1753488764044943,0.034217415730337,0.0452134831460674,0.1006370786516853,0.1767904494382022,0.5767286516853933,0.2464814606741573,0.069691011235955,178.0
2024-04-09,506.9816284179688,68049200,0.0011567124152835,SPY,0.09009009009009,0.5405405405405406,0.081081081081081,0.1081081081081081,0.2927927927927928,0.1081081081081081,0.1441441441441441,0.6351351351351351,1.108108108108108,0.3198198198198198,0.7882882882882883,0.6896977477477477,0.1401418918918918,0.0306297297297297,0.0457756756756756,0.0937558558558558,0.1035968468468468,0.6988527027027026,0.1975513513513513,0.0939545045045045,222,0.1347248576850095,0.4402277039848197,0.0929791271347248,0.174573055028463,0.2485768500948766,0.1574952561669829,0.1328273244781783,0.5768500948766604,1.0436432637571158,0.4003795066413662,0.6432637571157496,0.6069388994307401,0.1986483870967742,0.0448550284629981,0.049812523719165,0.0997514231499051,0.0997356736242884,0.7107979127134725,0.1894662239089184,0.0897305502846299,527.0
2024-04-10,501.9051513671875,82652800,-0.0100131380827789,SPY,0.1437125748502994,0.4191616766467065,0.0718562874251497,0.155688622754491,0.1736526946107784,0.1257485029940119,0.0838323353293413,0.4730538922155688,0.8682634730538922,0.3353293413173652,0.5329341317365269,0.6186005988023953,0.2159598802395209,0.0320455089820359,0.0412952095808383,0.0920970059880239,0.1645179640718563,0.6945994011976048,0.1408808383233533,-0.0236371257485029,167,0.09009009009009,0.5405405405405406,0.081081081081081,0.1081081081081081,0.2927927927927928,0.1081081081081081,0.1441441441441441,0.6351351351351351,1.108108108108108,0.3198198198198198,0.7882882882882883,0.6896977477477477,0.1401418918918918,0.0306297297297297,0.0457756756756756,0.0937558558558558,0.1035968468468468,0.6988527027027026,0.1975513513513513,0.0939545045045045,222.0
2024-04-11,505.6929626464844,70099000,0.0075468667117259,SPY,0.1041666666666666,0.5069444444444444,0.0208333333333333,0.2083333333333333,0.1597222222222222,0.0972222222222222,0.1111111111111111,0.5277777777777778,0.9930555555555556,0.3611111111111111,0.6319444444444444,0.65259375,0.1698166666666666,0.0364784722222222,0.0493083333333333,0.0917993055555555,0.14183125,0.7486152777777778,0.1095527777777777,-0.0322784722222222,144,0.1437125748502994,0.4191616766467065,0.0718562874251497,0.155688622754491,0.1736526946107784,0.1257485029940119,0.0838323353293413,0.4730538922155688,0.8682634730538922,0.3353293413173652,0.5329341317365269,0.6186005988023953,0.2159598802395209,0.0320455089820359,0.0412952095808383,0.0920970059880239,0.1645179640718563,0.6945994011976048,0.1408808383233533,-0.0236371257485029,167.0
2024-04-12,498.71282958984375,92561100,-0.0138031049910422,SPY,0.09375,0.46875,0.09375,0.15625,0.2291666666666666,0.1354166666666666,0.1458333333333333,0.59375,1.1770833333333333,0.4791666666666667,0.6979166666666666,0.6978322916666667,0.14484375,0.0269697916666666,0.0418645833333333,0.0884916666666666,0.1059833333333333,0.7539583333333333,0.1400572916666666,0.0340739583333333,96,0.1041666666666666,0.5069444444444444,0.0208333333333333,0.2083333333333333,0.1597222222222222,0.0972222222222222,0.1111111111111111,0.5277777777777778,0.9930555555555556,0.3611111111111111,0.6319444444444444,0.65259375,0.1698166666666666,0.0364784722222222,0.0493083333333333,0.0917993055555555,0.14183125,0.7486152777777778,0.1095527777777777,-0.0322784722222222,144.0
2024-04-15,492.46490478515625,92101400,-0.0125281012117253,SPY,0.1428571428571428,0.4186507936507936,0.0595238095238095,0.1726190476190476,0.1805555555555555,0.1051587301587301,0.115079365079365,0.623015873015873,1.1011904761904765,0.4007936507936508,0.7003968253968254,0.6618801587301587,0.1736416666666666,0.0381224206349206,0.0359279761904761,0.0904301587301587,0.1098242063492063,0.6707311507936508,0.2194414682539682,0.1096172619047619,504,0.09375,0.46875,0.09375,0.15625,0.2291666666666666,0.1354166666666666,0.1458333333333333,0.59375,1.1770833333333333,0.4791666666666667,0.6979166666666666,0.6978322916666667,0.14484375,0.0269697916666666,0.0418645833333333,0.0884916666666666,0.1059833333333333,0.7539583333333333,0.1400572916666666,0.0340739583333333,96.0
2024-04-16,491.5667419433594,73484000,-0.0018238108605702,SPY,0.1741935483870967,0.4258064516129032,0.064516129032258,0.2,0.2645161290322581,0.1870967741935484,0.1096774193548387,0.7032258064516129,0.967741935483871,0.6129032258064516,0.3548387096774194,0.6134219354838709,0.2144954838709677,0.0320651612903225,0.0499696774193548,0.0900419354838709,0.1783006451612903,0.5654722580645162,0.2562270967741936,0.0779264516129032,155,0.1428571428571428,0.4186507936507936,0.0595238095238095,0.1726190476190476,0.1805555555555555,0.1051587301587301,0.115079365079365,0.623015873015873,1.1011904761904765,0.4007936507936508,0.7003968253968254,0.6618801587301587,0.1736416666666666,0.0381224206349206,0.0359279761904761,0.0904301587301587,0.1098242063492063,0.6707311507936508,0.2194414682539682,0.1096172619047619,504.0
2024-04-17,488.6575622558594,75910300,-0.0059181784267968,SPY,0.2108433734939759,0.2951807228915662,0.0421686746987951,0.2771084337349397,0.1144578313253012,0.1204819277108433,0.0602409638554216,0.5120481927710844,0.9759036144578314,0.4819277108433735,0.4939759036144578,0.6893512048192771,0.1839385542168674,0.0286584337349397,0.0375512048192771,0.0604963855421686,0.2170825301204819,0.5430536144578313,0.2398656626506024,0.0227831325301204,166,0.1741935483870967,0.4258064516129032,0.064516129032258,0.2,0.2645161290322581,0.1870967741935484,0.1096774193548387,0.7032258064516129,0.967741935483871,0.6129032258064516,0.3548387096774194,0.6134219354838709,0.2144954838709677,0.0320651612903225,0.0499696774193548,0.0900419354838709,0.1783006451612903,0.5654722580645162,0.2562270967741936,0.0779264516129032,155.0
2024-04-18,487.6520080566406,74548100,-0.0020577890876725,SPY,0.1872509960159362,0.4422310756972111,0.0597609561752988,0.1513944223107569,0.1235059760956175,0.1314741035856573,0.099601593625498,0.5258964143426295,0.952191235059761,0.4183266932270916,0.5338645418326693,0.6629976095617529,0.1710764940239043,0.0345792828685258,0.0378282868525896,0.0935227091633466,0.1431705179282868,0.6733804780876493,0.1834553784860557,0.0402848605577689,251,0.2108433734939759,0.2951807228915662,0.0421686746987951,0.2771084337349397,0.1144578313253012,0.1204819277108433,0.0602409638554216,0.5120481927710844,0.9759036144578314,0.4819277108433735,0.4939759036144578,0.6893512048192771,0.1839385542168674,0.0286584337349397,0.0375512048192771,0.0604963855421686,0.2170825301204819,0.5430536144578313,0.2398656626506024,0.0227831325301204,166.0
2024-04-19,483.3956298828125,102212600,-0.0087283105647208,SPY,0.2516556291390728,0.4966887417218543,0.086092715231788,0.1589403973509933,0.1721854304635761,0.1589403973509933,0.2450331125827814,0.543046357615894,1.033112582781457,0.6225165562913907,0.4105960264900662,0.6629370860927152,0.1577814569536423,0.0408317880794702,0.0481390728476821,0.09031059602649,0.2240894039735099,0.5215291390728477,0.2543867549668874,0.0302973509933774,151,0.1872509960159362,0.4422310756972111,0.0597609561752988,0.1513944223107569,0.1235059760956175,0.1314741035856573,0.099601593625498,0.5258964143426295,0.952191235059761,0.4183266932270916,0.5338645418326693,0.6629976095617529,0.1710764940239043,0.0345792828685258,0.0378282868525896,0.0935227091633466,0.1431705179282868,0.6733804780876493,0.1834553784860557,0.0402848605577689,251.0
2024-04-22,487.8472595214844,67961000,0.0092090812648659,SPY,0.1877022653721682,0.4061488673139158,0.0954692556634304,0.2233009708737864,0.1974110032362459,0.186084142394822,0.1407766990291262,0.6634304207119741,1.1132686084142396,0.4142394822006472,0.6990291262135923,0.6586177993527508,0.1772629449838187,0.0364516181229773,0.0379377022653721,0.0897346278317152,0.1290619741100323,0.7127977346278317,0.1581396440129449,0.0290776699029126,618,0.2516556291390728,0.4966887417218543,0.086092715231788,0.1589403973509933,0.1721854304635761,0.1589403973509933,0.2450331125827814,0.543046357615894,1.033112582781457,0.6225165562913907,0.4105960264900662,0.6629370860927152,0.1577814569536423,0.0408317880794702,0.0481390728476821,0.09031059602649,0.2240894039735099,0.5215291390728477,0.2543867549668874,0.0302973509933774,151.0
2024-04-23,493.6364440917969,64633600,0.0118667973578265,SPY,0.1617647058823529,0.392156862745098,0.0833333333333333,0.2352941176470588,0.2892156862745098,0.2254901960784313,0.1274509803921568,0.6470588235294118,1.3137254901960784,0.3578431372549019,0.9558823529411764,0.6290245098039215,0.1850254901960784,0.0432485294117647,0.0482828431372549,0.0944191176470588,0.1235735294117647,0.7477485294117646,0.1286769607843137,0.005103431372549,204,0.1877022653721682,0.4061488673139158,0.0954692556634304,0.2233009708737864,0.1974110032362459,0.186084142394822,0.1407766990291262,0.6634304207119741,1.1132686084142396,0.4142394822006472,0.6990291262135923,0.6586177993527508,0.1772629449838187,0.0364516181229773,0.0379377022653721,0.0897346278317152,0.1290619741100323,0.7127977346278317,0.1581396440129449,0.0290776699029126,618.0
2024-04-24,493.402099609375,55928100,-0.0004747309183239,SPY,0.2083333333333333,0.45,0.1083333333333333,0.2916666666666667,0.2083333333333333,0.1916666666666666,0.125,0.5916666666666667,1.2416666666666667,0.475,0.7666666666666667,0.6919791666666666,0.1320741666666666,0.0446816666666666,0.0513158333333333,0.07996,0.1631833333333333,0.6944408333333333,0.1423808333333333,-0.0208024999999999,120,0.1617647058823529,0.392156862745098,0.0833333333333333,0.2352941176470588,0.2892156862745098,0.2254901960784313,0.1274509803921568,0.6470588235294118,1.3137254901960784,0.3578431372549019,0.9558823529411764,0.6290245098039215,0.1850254901960784,0.0432485294117647,0.0482828431372549,0.0944191176470588,0.1235735294117647,0.7477485294117646,0.1286769607843137,0.005103431372549,204.0
2024-04-25,491.5277099609375,69122400,-0.0037989089424659,SPY,0.0933333333333333,0.46,0.0466666666666666,0.1066666666666666,0.2533333333333333,0.0933333333333333,0.1466666666666666,0.5266666666666666,1.1,0.3133333333333333,0.7866666666666666,0.620694,0.1844993333333333,0.027924,0.0470433333333333,0.1198446666666666,0.1303686666666666,0.582722,0.2869046666666666,0.156536,150,0.2083333333333333,0.45,0.1083333333333333,0.2916666666666667,0.2083333333333333,0.1916666666666666,0.125,0.5916666666666667,1.2416666666666667,0.475,0.7666666666666667,0.6919791666666666,0.1320741666666666,0.0446816666666666,0.0513158333333333,0.07996,0.1631833333333333,0.6944408333333333,0.1423808333333333,-0.0208024999999999,120.0
2024-04-26,496.1843872070313,64306100,0.0094738855037568,SPY,0.108695652173913,0.4456521739130434,0.0543478260869565,0.1521739130434782,0.3152173913043478,0.0978260869565217,0.0978260869565217,0.4456521739130434,1.2391304347826086,0.3043478260869565,0.9347826086956522,0.6780619565217392,0.1718315217391304,0.0438652173913043,0.0295804347826086,0.0766576086956521,0.1505826086956521,0.6650271739130434,0.1843880434782608,0.0338054347826086,92,0.0933333333333333,0.46,0.0466666666666666,0.1066666666666666,0.2533333333333333,0.0933333333333333,0.1466666666666666,0.5266666666666666,1.1,0.3133333333333333,0.7866666666666666,0.620694,0.1844993333333333,0.027924,0.0470433333333333,0.1198446666666666,0.1303686666666666,0.582722,0.2869046666666666,0.156536,150.0
2024-04-29,497.9415893554688,46415400,0.0035414297461646,SPY,0.2294776119402985,0.4347014925373134,0.1044776119402985,0.2294776119402985,0.2313432835820895,0.2014925373134328,0.1399253731343283,0.6809701492537313,1.205223880597015,0.5354477611940298,0.6697761194029851,0.658522947761194,0.1806972014925373,0.0334664179104477,0.036017723880597,0.0912917910447761,0.1301347014925373,0.6701106343283583,0.1997585820895522,0.0696238805970149,536,0.108695652173913,0.4456521739130434,0.0543478260869565,0.1521739130434782,0.3152173913043478,0.0978260869565217,0.0978260869565217,0.4456521739130434,1.2391304347826086,0.3043478260869565,0.9347826086956522,0.6780619565217392,0.1718315217391304,0.0438652173913043,0.0295804347826086,0.0766576086956521,0.1505826086956521,0.6650271739130434,0.1843880434782608,0.0338054347826086,92.0
2024-04-30,490.0535583496094,77483600,-0.0158412777210869,SPY,0.1629213483146067,0.5617977528089888,0.0505617977528089,0.1179775280898876,0.2134831460674157,0.1404494382022472,0.1123595505617977,0.6966292134831461,1.0730337078651686,0.4157303370786517,0.6573033707865169,0.674276404494382,0.1494202247191011,0.0346724719101123,0.0443730337078651,0.0972713483146067,0.128491011235955,0.723785393258427,0.1477219101123595,0.0192308988764044,178,0.2294776119402985,0.4347014925373134,0.1044776119402985,0.2294776119402985,0.2313432835820895,0.2014925373134328,0.1399253731343283,0.6809701492537313,1.205223880597015,0.5354477611940298,0.6697761194029851,0.658522947761194,0.1806972014925373,0.0334664179104477,0.036017723880597,0.0912917910447761,0.1301347014925373,0.6701106343283583,0.1997585820895522,0.0696238805970149,536.0
2024-05-01,488.46234130859375,80242800,-0.003247026807385,SPY,0.1052631578947368,0.4298245614035088,0.0175438596491228,0.0526315789473684,0.2105263157894736,0.0526315789473684,0.0789473684210526,0.5964912280701754,0.7894736842105263,0.4561403508771929,0.3333333333333333,0.6633429824561403,0.161898245614035,0.0286035087719298,0.0350859649122807,0.1110850877192982,0.1335307017543859,0.6487745614035088,0.2176921052631579,0.0841614035087719,114,0.1629213483146067,0.5617977528089888,0.0505617977528089,0.1179775280898876,0.2134831460674157,0.1404494382022472,0.1123595505617977,0.6966292134831461,1.0730337078651686,0.4157303370786517,0.6573033707865169,0.674276404494382,0.1494202247191011,0.0346724719101123,0.0443730337078651,0.0972713483146067,0.128491011235955,0.723785393258427,0.1477219101123595,0.0192308988764044,178.0
2024-05-02,493.0311279296875,62550200,0.0093534060555291,SPY,0.1398601398601398,0.4055944055944055,0.0349650349650349,0.1608391608391608,0.1538461538461538,0.1818181818181818,0.0839160839160839,0.4685314685314685,0.8391608391608392,0.4195804195804196,0.4195804195804196,0.6730426573426573,0.1667174825174825,0.0236314685314685,0.0386454545454545,0.0979594405594405,0.1238951048951048,0.724793006993007,0.151306993006993,0.0274118881118881,143,0.1052631578947368,0.4298245614035088,0.0175438596491228,0.0526315789473684,0.2105263157894736,0.0526315789473684,0.0789473684210526,0.5964912280701754,0.7894736842105263,0.4561403508771929,0.3333333333333333,0.6633429824561403,0.161898245614035,0.0286035087719298,0.0350859649122807,0.1110850877192982,0.1335307017543859,0.6487745614035088,0.2176921052631579,0.0841614035087719,114.0
2024-05-03,499.1423950195313,72756700,0.0123952966529838,SPY,0.2333333333333333,0.3555555555555555,0.0555555555555555,0.1444444444444444,0.2555555555555555,0.1111111111111111,0.0888888888888888,0.5666666666666667,1.1222222222222222,0.2777777777777778,0.8444444444444444,0.6338144444444445,0.1523488888888889,0.0382311111111111,0.0548188888888888,0.1207777777777777,0.1134422222222222,0.7175366666666666,0.1690188888888888,0.0555766666666666,90,0.1398601398601398,0.4055944055944055,0.0349650349650349,0.1608391608391608,0.1538461538461538,0.1818181818181818,0.0839160839160839,0.4685314685314685,0.8391608391608392,0.4195804195804196,0.4195804195804196,0.6730426573426573,0.1667174825174825,0.0236314685314685,0.0386454545454545,0.0979594405594405,0.1238951048951048,0.724793006993007,0.151306993006993,0.0274118881118881,143.0
2024-05-06,504.29693603515625,47264700,0.0103267946523022,SPY,0.1397058823529411,0.4448529411764705,0.0551470588235294,0.1286764705882352,0.1654411764705882,0.088235294117647,0.1029411764705882,0.4632352941176471,0.9485294117647058,0.3125,0.6360294117647058,0.65193125,0.1932246323529411,0.0294911764705882,0.0304393382352941,0.0949176470588235,0.097279044117647,0.7404492647058823,0.1622698529411764,0.0649908088235294,272,0.2333333333333333,0.3555555555555555,0.0555555555555555,0.1444444444444444,0.2555555555555555,0.1111111111111111,0.0888888888888888,0.5666666666666667,1.1222222222222222,0.2777777777777778,0.8444444444444444,0.6338144444444445,0.1523488888888889,0.0382311111111111,0.0548188888888888,0.1207777777777777,0.1134422222222222,0.7175366666666666,0.1690188888888888,0.0555766666666666,90.0
2024-05-07,504.8534851074219,52561300,0.0011036138284743,SPY,0.2094594594594594,0.3648648648648648,0.1013513513513513,0.2635135135135135,0.1891891891891892,0.1554054054054054,0.1283783783783783,0.6554054054054054,1.1824324324324325,0.4729729729729729,0.7094594594594594,0.6834432432432432,0.1520756756756756,0.0427932432432432,0.0398175675675675,0.0818783783783783,0.1154101351351351,0.7608790540540541,0.1237054054054054,0.0082952702702702,148,0.1397058823529411,0.4448529411764705,0.0551470588235294,0.1286764705882352,0.1654411764705882,0.088235294117647,0.1029411764705882,0.4632352941176471,0.9485294117647058,0.3125,0.6360294117647058,0.65193125,0.1932246323529411,0.0294911764705882,0.0304393382352941,0.0949176470588235,0.097279044117647,0.7404492647058823,0.1622698529411764,0.0649908088235294,272.0
2024-05-08,504.9022216796875,42047200,9.653607175796886e-05,SPY,0.1228070175438596,0.4561403508771929,0.087719298245614,0.1929824561403508,0.2105263157894736,0.1491228070175438,0.131578947368421,0.7192982456140351,1.3070175438596492,0.3947368421052631,0.912280701754386,0.7014982456140351,0.1473622807017544,0.0300368421052631,0.031578947368421,0.0895228070175438,0.1033859649122806,0.690530701754386,0.2060833333333333,0.1026973684210526,114,0.2094594594594594,0.3648648648648648,0.1013513513513513,0.2635135135135135,0.1891891891891892,0.1554054054054054,0.1283783783783783,0.6554054054054054,1.1824324324324325,0.4729729729729729,0.7094594594594594,0.6834432432432432,0.1520756756756756,0.0427932432432432,0.0398175675675675,0.0818783783783783,0.1154101351351351,0.7608790540540541,0.1237054054054054,0.0082952702702702,148.0
2024-05-09,507.8113708496094,43643700,0.0057618070291785,SPY,0.1015625,0.3515625,0.0703125,0.1640625,0.234375,0.1328125,0.125,0.609375,1.140625,0.40625,0.734375,0.7186921875,0.1203359375,0.0269,0.0486328125,0.085440625,0.11439375,0.58026171875,0.3053375,0.19094375,128,0.1228070175438596,0.4561403508771929,0.087719298245614,0.1929824561403508,0.2105263157894736,0.1491228070175438,0.131578947368421,0.7192982456140351,1.3070175438596492,0.3947368421052631,0.912280701754386,0.7014982456140351,0.1473622807017544,0.0300368421052631,0.031578947368421,0.0895228070175438,0.1033859649122806,0.690530701754386,0.2060833333333333,0.1026973684210526,114.0
2024-05-10,508.4654846191406,52233200,0.0012881038257115,SPY,0.2984293193717277,0.4397905759162304,0.1361256544502617,0.2617801047120419,0.2356020942408377,0.1727748691099476,0.193717277486911,0.6544502617801047,1.0209424083769634,0.5130890052356021,0.5078534031413613,0.6409801047120419,0.1762999999999999,0.0434183246073298,0.0474319371727748,0.0918664921465968,0.1373979057591623,0.6310078534031414,0.2316010471204188,0.0942031413612565,191,0.1015625,0.3515625,0.0703125,0.1640625,0.234375,0.1328125,0.125,0.609375,1.140625,0.40625,0.734375,0.7186921875,0.1203359375,0.0269,0.0486328125,0.085440625,0.11439375,0.58026171875,0.3053375,0.19094375,128.0
2024-05-13,508.5338134765625,36716400,0.0001343824890553,SPY,0.1726190476190476,0.4662698412698413,0.0694444444444444,0.2281746031746031,0.2361111111111111,0.1408730158730158,0.1091269841269841,0.6825396825396826,1.1051587301587302,0.3789682539682539,0.7261904761904762,0.6747049603174604,0.167853373015873,0.0299859126984127,0.0400863095238095,0.0873714285714285,0.0927019841269841,0.7173349206349205,0.1899672619047619,0.0972652777777777,504,0.2984293193717277,0.4397905759162304,0.1361256544502617,0.2617801047120419,0.2356020942408377,0.1727748691099476,0.193717277486911,0.6544502617801047,1.0209424083769634,0.5130890052356021,0.5078534031413613,0.6409801047120419,0.1762999999999999,0.0434183246073298,0.0474319371727748,0.0918664921465968,0.1373979057591623,0.6310078534031414,0.2316010471204188,0.0942031413612565,191.0
2024-05-14,510.8670349121094,57535900,0.0045881343063423,SPY,0.2115384615384615,0.4615384615384615,0.0897435897435897,0.1923076923076923,0.2564102564102564,0.0961538461538461,0.1666666666666666,0.5961538461538461,1.1346153846153846,0.4487179487179487,0.6858974358974359,0.6947057692307692,0.1642634615384615,0.0285173076923076,0.0341160256410256,0.0784038461538461,0.1580660256410256,0.6505230769230769,0.1914102564102564,0.0333442307692307,156,0.1726190476190476,0.4662698412698413,0.0694444444444444,0.2281746031746031,0.2361111111111111,0.1408730158730158,0.1091269841269841,0.6825396825396826,1.1051587301587302,0.3789682539682539,0.7261904761904762,0.6747049603174604,0.167853373015873,0.0299859126984127,0.0400863095238095,0.0873714285714285,0.0927019841269841,0.7173349206349205,0.1899672619047619,0.0972652777777777,504.0
2024-05-15,517.1931762695312,59504900,0.0123831465432295,SPY,0.2010309278350515,0.3350515463917525,0.056701030927835,0.1804123711340206,0.2216494845360824,0.134020618556701,0.1443298969072164,0.4432989690721649,1.1958762886597938,0.4329896907216495,0.7628865979381443,0.6228072164948454,0.1929180412371134,0.036291237113402,0.0442448453608247,0.1037371134020618,0.0989242268041237,0.6409742268041237,0.2601030927835052,0.1611788659793814,194,0.2115384615384615,0.4615384615384615,0.0897435897435897,0.1923076923076923,0.2564102564102564,0.0961538461538461,0.1666666666666666,0.5961538461538461,1.1346153846153846,0.4487179487179487,0.6858974358974359,0.6947057692307692,0.1642634615384615,0.0285173076923076,0.0341160256410256,0.0784038461538461,0.1580660256410256,0.6505230769230769,0.1914102564102564,0.0333442307692307,156.0
2024-05-16,516.1289672851562,50244800,-0.0020576624619277,SPY,0.1544117647058823,0.3382352941176471,0.0514705882352941,0.1029411764705882,0.1470588235294117,0.088235294117647,0.1176470588235294,0.4852941176470588,0.8676470588235294,0.3014705882352941,0.5661764705882353,0.6604154411764707,0.1955573529411765,0.0308713235294117,0.0335433823529411,0.0796301470588235,0.1547044117647058,0.6684485294117648,0.1768419117647058,0.0221375,136,0.2010309278350515,0.3350515463917525,0.056701030927835,0.1804123711340206,0.2216494845360824,0.134020618556701,0.1443298969072164,0.4432989690721649,1.1958762886597938,0.4329896907216495,0.7628865979381443,0.6228072164948454,0.1929180412371134,0.036291237113402,0.0442448453608247,0.1037371134020618,0.0989242268041237,0.6409742268041237,0.2601030927835052,0.1611788659793814,194.0
2024-05-17,516.8709106445312,59187600,0.0014375154397507,SPY,0.3432835820895522,0.2985074626865671,0.1492537313432835,0.2388059701492537,0.1940298507462686,0.2388059701492537,0.1641791044776119,0.4477611940298507,1.1791044776119404,0.5074626865671642,0.6716417910447762,0.6527119402985074,0.1504522388059701,0.034031343283582,0.0434014925373134,0.1194059701492537,0.0803462686567164,0.7599895522388059,0.1596641791044776,0.0793179104477611,67,0.1544117647058823,0.3382352941176471,0.0514705882352941,0.1029411764705882,0.1470588235294117,0.088235294117647,0.1176470588235294,0.4852941176470588,0.8676470588235294,0.3014705882352941,0.5661764705882353,0.6604154411764707,0.1955573529411765,0.0308713235294117,0.0335433823529411,0.0796301470588235,0.1547044117647058,0.6684485294117648,0.1768419117647058,0.0221375,136.0
2024-05-20,517.4664306640625,37764200,0.0011521639296525,SPY,0.1401425178147268,0.4513064133016627,0.0522565320665083,0.1543942992874109,0.2517814726840855,0.1187648456057007,0.1425178147268408,0.5724465558194775,1.2351543942992873,0.339667458432304,0.8954869358669834,0.6779311163895487,0.1454771971496437,0.030359619952494,0.0409800475059382,0.1052524940617577,0.0994980997624703,0.6570218527315914,0.2434783847980997,0.1439802850356294,421,0.3432835820895522,0.2985074626865671,0.1492537313432835,0.2388059701492537,0.1940298507462686,0.2388059701492537,0.1641791044776119,0.4477611940298507,1.1791044776119404,0.5074626865671642,0.6716417910447762,0.6527119402985074,0.1504522388059701,0.034031343283582,0.0434014925373134,0.1194059701492537,0.0803462686567164,0.7599895522388059,0.1596641791044776,0.0793179104477611,67.0
2024-05-21,518.7354736328125,33437000,0.0024524160284589,SPY,0.1189189189189189,0.427027027027027,0.0432432432432432,0.1891891891891892,0.254054054054054,0.1081081081081081,0.1675675675675675,0.5243243243243243,0.9243243243243244,0.4108108108108108,0.5135135135135135,0.6501291891891892,0.1629805405405405,0.0304027027027027,0.0466886486486486,0.1097881081081081,0.1012697297297297,0.6916005405405405,0.207127027027027,0.1058572972972973,185,0.1401425178147268,0.4513064133016627,0.0522565320665083,0.1543942992874109,0.2517814726840855,0.1187648456057007,0.1425178147268408,0.5724465558194775,1.2351543942992873,0.339667458432304,0.8954869358669834,0.6779311163895487,0.1454771971496437,0.030359619952494,0.0409800475059382,0.1052524940617577,0.0994980997624703,0.6570218527315914,0.2434783847980997,0.1439802850356294,421.0
2024-05-22,517.241943359375,48390000,-0.0028791751275037,SPY,0.0782122905027933,0.3519553072625698,0.0614525139664804,0.0949720670391061,0.1675977653631284,0.1787709497206704,0.106145251396648,0.5418994413407822,0.8156424581005587,0.4022346368715084,0.4134078212290503,0.6289754189944134,0.1783396648044692,0.0493687150837988,0.0461614525139664,0.0971530726256983,0.1231832402234636,0.6914,0.1854212290502793,0.0622379888268156,179,0.1189189189189189,0.427027027027027,0.0432432432432432,0.1891891891891892,0.254054054054054,0.1081081081081081,0.1675675675675675,0.5243243243243243,0.9243243243243244,0.4108108108108108,0.5135135135135135,0.6501291891891892,0.1629805405405405,0.0304027027027027,0.0466886486486486,0.1097881081081081,0.1012697297297297,0.6916005405405405,0.207127027027027,0.1058572972972973,185.0
2024-05-23,513.4639282226562,57211200,-0.0073041546325136,SPY,0.136986301369863,0.54337899543379,0.091324200913242,0.1735159817351598,0.1963470319634703,0.1050228310502283,0.1278538812785388,0.589041095890411,0.8858447488584474,0.3835616438356164,0.502283105022831,0.5865908675799087,0.2298479452054794,0.0400885844748858,0.0449776255707762,0.0985022831050228,0.135434703196347,0.6351730593607307,0.2293872146118721,0.0939525114155251,219,0.0782122905027933,0.3519553072625698,0.0614525139664804,0.0949720670391061,0.1675977653631284,0.1787709497206704,0.106145251396648,0.5418994413407822,0.8156424581005587,0.4022346368715084,0.4134078212290503,0.6289754189944134,0.1783396648044692,0.0493687150837988,0.0461614525139664,0.0971530726256983,0.1231832402234636,0.6914,0.1854212290502793,0.0622379888268156,179.0
2024-05-24,516.8612060546875,41291100,0.0066163904517906,SPY,0.3107692307692307,0.4123076923076923,0.0553846153846153,0.4461538461538462,0.1876923076923076,0.2492307692307692,0.16,0.5876923076923077,1.0,0.7046153846153846,0.2953846153846154,0.4845535384615384,0.3072166153846153,0.0588036923076923,0.0471581538461538,0.1022676923076923,0.1970424615384615,0.635627076923077,0.1673313846153846,-0.0297110769230769,325,0.136986301369863,0.54337899543379,0.091324200913242,0.1735159817351598,0.1963470319634703,0.1050228310502283,0.1278538812785388,0.589041095890411,0.8858447488584474,0.3835616438356164,0.502283105022831,0.5865908675799087,0.2298479452054794,0.0400885844748858,0.0449776255707762,0.0985022831050228,0.135434703196347,0.6351730593607307,0.2293872146118721,0.0939525114155251,219.0
2024-05-28,517.2223510742188,36269600,0.0006987272701077,SPY,0.1485943775100401,0.4377510040160642,0.0896921017402945,0.1365461847389558,0.2182061579651941,0.1338688085676037,0.1566265060240964,0.5488621151271754,1.1914323962516733,0.3668005354752343,0.8246318607764391,0.6749574297188755,0.1400428380187416,0.0318266398929049,0.0527812583668005,0.1003945113788487,0.0871993306559571,0.7180373493975905,0.1947617135207496,0.1075623828647925,747,0.3107692307692307,0.4123076923076923,0.0553846153846153,0.4461538461538462,0.1876923076923076,0.2492307692307692,0.16,0.5876923076923077,1.0,0.7046153846153846,0.2953846153846154,0.4845535384615384,0.3072166153846153,0.0588036923076923,0.0471581538461538,0.1022676923076923,0.1970424615384615,0.635627076923077,0.1673313846153846,-0.0297110769230769,325.0
2024-05-29,513.6004638671875,45190300,-0.00700257287704,SPY,0.188034188034188,0.5128205128205128,0.0341880341880341,0.1196581196581196,0.2649572649572649,0.1367521367521367,0.1709401709401709,0.5982905982905983,1.0256410256410255,0.4615384615384615,0.5641025641025641,0.6360333333333332,0.1960829059829059,0.0356247863247863,0.0295495726495726,0.1027145299145299,0.1063521367521367,0.7052777777777778,0.1883709401709401,0.0820188034188034,117,0.1485943775100401,0.4377510040160642,0.0896921017402945,0.1365461847389558,0.2182061579651941,0.1338688085676037,0.1566265060240964,0.5488621151271754,1.1914323962516733,0.3668005354752343,0.8246318607764391,0.6749574297188755,0.1400428380187416,0.0318266398929049,0.0527812583668005,0.1003945113788487,0.0871993306559571,0.7180373493975905,0.1947617135207496,0.1075623828647925,747.0
2024-05-30,510.19342041015625,46377600,-0.0066336455994951,SPY,0.0994764397905759,0.3717277486910995,0.0366492146596858,0.1518324607329843,0.2198952879581152,0.1204188481675392,0.1151832460732984,0.6178010471204188,1.293193717277487,0.3246073298429319,0.9685863874345548,0.7249261780104712,0.118340837696335,0.0312026178010471,0.0346513089005235,0.0908811518324607,0.0804125654450261,0.652393717277487,0.2671942408376963,0.1867816753926701,191,0.188034188034188,0.5128205128205128,0.0341880341880341,0.1196581196581196,0.2649572649572649,0.1367521367521367,0.1709401709401709,0.5982905982905983,1.0256410256410255,0.4615384615384615,0.5641025641025641,0.6360333333333332,0.1960829059829059,0.0356247863247863,0.0295495726495726,0.1027145299145299,0.1063521367521367,0.7052777777777778,0.1883709401709401,0.0820188034188034,117.0
2024-05-31,514.8403930664062,90785800,0.009108256732347,SPY,0.1382113821138211,0.4959349593495935,0.089430894308943,0.1869918699186991,0.1951219512195122,0.1463414634146341,0.1463414634146341,0.5691056910569106,0.8048780487804879,0.4634146341463415,0.3414634146341463,0.5708528455284553,0.2375731707317073,0.0480959349593495,0.0407609756097561,0.1027186991869918,0.2070056910569105,0.6879365853658537,0.105060162601626,-0.1019455284552845,123,0.0994764397905759,0.3717277486910995,0.0366492146596858,0.1518324607329843,0.2198952879581152,0.1204188481675392,0.1151832460732984,0.6178010471204188,1.293193717277487,0.3246073298429319,0.9685863874345548,0.7249261780104712,0.118340837696335,0.0312026178010471,0.0346513089005235,0.0908811518324607,0.0804125654450261,0.652393717277487,0.2671942408376963,0.1867816753926701,191.0
2024-06-03,515.2600708007812,46835700,0.0008151608537849,SPY,0.0997782705099778,0.3835920177383592,0.0532150776053215,0.1263858093126385,0.188470066518847,0.106430155210643,0.1152993348115299,0.5343680709534369,0.9866962305986696,0.3392461197339246,0.647450110864745,0.7118050997782704,0.1289694013303769,0.0311410199556541,0.0475718403547671,0.0805121951219512,0.0791310421286031,0.7366217294900222,0.1842472283813747,0.1051161862527716,451,0.1382113821138211,0.4959349593495935,0.089430894308943,0.1869918699186991,0.1951219512195122,0.1463414634146341,0.1463414634146341,0.5691056910569106,0.8048780487804879,0.4634146341463415,0.3414634146341463,0.5708528455284553,0.2375731707317073,0.0480959349593495,0.0407609756097561,0.1027186991869918,0.2070056910569105,0.6879365853658537,0.105060162601626,-0.1019455284552845,123.0
2024-06-04,515.8360595703125,34632700,0.0011178602848773,SPY,0.1354581673306772,0.4302788844621514,0.0517928286852589,0.1434262948207171,0.2350597609561753,0.099601593625498,0.095617529880478,0.5816733067729084,1.043824701195219,0.3625498007968127,0.6812749003984063,0.6447908366533864,0.1755936254980079,0.0384792828685259,0.0375549800796812,0.1035788844621514,0.1028011952191235,0.7245063745019921,0.1726948207171315,0.0698936254980079,251,0.0997782705099778,0.3835920177383592,0.0532150776053215,0.1263858093126385,0.188470066518847,0.106430155210643,0.1152993348115299,0.5343680709534369,0.9866962305986696,0.3392461197339246,0.647450110864745,0.7118050997782704,0.1289694013303769,0.0311410199556541,0.0475718403547671,0.0805121951219512,0.0791310421286031,0.7366217294900222,0.1842472283813747,0.1051161862527716,451.0
2024-06-05,521.9669189453125,47610400,0.0118852865387251,SPY,0.1481481481481481,0.4074074074074074,0.0555555555555555,0.1975308641975308,0.1728395061728395,0.1049382716049382,0.074074074074074,0.4506172839506173,0.8271604938271605,0.3950617283950617,0.4320987654320987,0.6978296296296297,0.1501518518518518,0.0243092592592592,0.0363351851851851,0.0913734567901234,0.0968851851851851,0.6274450617283951,0.2756722222222222,0.178787037037037,162,0.1354581673306772,0.4302788844621514,0.0517928286852589,0.1434262948207171,0.2350597609561753,0.099601593625498,0.095617529880478,0.5816733067729084,1.043824701195219,0.3625498007968127,0.6812749003984063,0.6447908366533864,0.1755936254980079,0.0384792828685259,0.0375549800796812,0.1035788844621514,0.1028011952191235,0.7245063745019921,0.1726948207171315,0.0698936254980079,251.0
2024-06-06,521.9571533203125,30808500,-1.870927954539248e-05,SPY,0.2068965517241379,0.4291187739463601,0.057471264367816,0.2413793103448276,0.2260536398467433,0.1800766283524904,0.0919540229885057,0.6206896551724138,1.0229885057471264,0.4329501915708812,0.5900383141762452,0.7052773946360154,0.1416363984674329,0.0312042145593869,0.0433168582375478,0.0785647509578544,0.1716421455938697,0.5694034482758621,0.2589555555555555,0.0873134099616858,261,0.1481481481481481,0.4074074074074074,0.0555555555555555,0.1975308641975308,0.1728395061728395,0.1049382716049382,0.074074074074074,0.4506172839506173,0.8271604938271605,0.3950617283950617,0.4320987654320987,0.6978296296296297,0.1501518518518518,0.0243092592592592,0.0363351851851851,0.0913734567901234,0.0968851851851851,0.6274450617283951,0.2756722222222222,0.178787037037037,162.0
2024-06-07,521.322509765625,43224500,-0.0012158920529211,SPY,0.1261682242990654,0.3271028037383177,0.0934579439252336,0.2102803738317757,0.2943925233644859,0.1355140186915887,0.1308411214953271,0.6074766355140186,1.233644859813084,0.3598130841121495,0.8738317757009346,0.6594369158878504,0.1586700934579439,0.0286654205607476,0.0363420560747663,0.1168822429906542,0.1049457943925233,0.6884051401869159,0.2066471962616822,0.1017014018691588,214,0.2068965517241379,0.4291187739463601,0.057471264367816,0.2413793103448276,0.2260536398467433,0.1800766283524904,0.0919540229885057,0.6206896551724138,1.0229885057471264,0.4329501915708812,0.5900383141762452,0.7052773946360154,0.1416363984674329,0.0312042145593869,0.0433168582375478,0.0785647509578544,0.1716421455938697,0.5694034482758621,0.2589555555555555,0.0873134099616858,261.0
2024-06-10,522.933349609375,35686100,0.0030899103982182,SPY,0.1413043478260869,0.4630434782608695,0.0760869565217391,0.1956521739130435,0.2152173913043478,0.1804347826086956,0.1260869565217391,0.5369565217391304,1.0,0.4804347826086956,0.5195652173913043,0.6342126086956522,0.1775297826086956,0.036470652173913,0.0531678260869565,0.0986180434782608,0.1170597826086956,0.6687986956521739,0.2141465217391304,0.0970867391304347,460,0.1261682242990654,0.3271028037383177,0.0934579439252336,0.2102803738317757,0.2943925233644859,0.1355140186915887,0.1308411214953271,0.6074766355140186,1.233644859813084,0.3598130841121495,0.8738317757009346,0.6594369158878504,0.1586700934579439,0.0286654205607476,0.0363420560747663,0.1168822429906542,0.1049457943925233,0.6884051401869159,0.2066471962616822,0.1017014018691588,214.0
2024-06-11,524.1927490234375,36383400,0.0024083363874254,SPY,0.1030042918454935,0.4291845493562232,0.0858369098712446,0.2360515021459227,0.2188841201716738,0.2103004291845493,0.0858369098712446,0.4978540772532189,0.9871244635193132,0.4549356223175965,0.5321888412017167,0.6410321888412017,0.2046180257510729,0.0321836909871244,0.0406905579399141,0.0814678111587982,0.1450866952789699,0.6734660944206008,0.1814454935622317,0.0363587982832618,233,0.1413043478260869,0.4630434782608695,0.0760869565217391,0.1956521739130435,0.2152173913043478,0.1804347826086956,0.1260869565217391,0.5369565217391304,1.0,0.4804347826086956,0.5195652173913043,0.6342126086956522,0.1775297826086956,0.036470652173913,0.0531678260869565,0.0986180434782608,0.1170597826086956,0.6687986956521739,0.2141465217391304,0.0970867391304347,460.0
2024-06-12,528.498046875,63251300,0.0082131961183804,SPY,0.1578947368421052,0.4298245614035088,0.0394736842105263,0.1929824561403508,0.2368421052631578,0.1359649122807017,0.1096491228070175,0.6228070175438597,1.0657894736842106,0.4956140350877193,0.5701754385964912,0.6628451754385966,0.1644736842105263,0.0431780701754385,0.0456092105263157,0.0838890350877192,0.1385565789473684,0.6603298245614035,0.2011100877192982,0.0625535087719298,228,0.1030042918454935,0.4291845493562232,0.0858369098712446,0.2360515021459227,0.2188841201716738,0.2103004291845493,0.0858369098712446,0.4978540772532189,0.9871244635193132,0.4549356223175965,0.5321888412017167,0.6410321888412017,0.2046180257510729,0.0321836909871244,0.0406905579399141,0.0814678111587982,0.1450866952789699,0.6734660944206008,0.1814454935622317,0.0363587982832618,233.0
2024-06-13,529.56201171875,44760900,0.0020131859522305,SPY,0.1596244131455399,0.5211267605633803,0.1032863849765258,0.215962441314554,0.244131455399061,0.136150234741784,0.1971830985915492,0.596244131455399,0.8262910798122066,0.460093896713615,0.3661971830985915,0.6623145539906103,0.1669539906103286,0.0397643192488262,0.0412957746478873,0.0896774647887323,0.1561896713615023,0.6474586854460095,0.1963521126760563,0.0401624413145539,213,0.1578947368421052,0.4298245614035088,0.0394736842105263,0.1929824561403508,0.2368421052631578,0.1359649122807017,0.1096491228070175,0.6228070175438597,1.0657894736842106,0.4956140350877193,0.5701754385964912,0.6628451754385966,0.1644736842105263,0.0431780701754385,0.0456092105263157,0.0838890350877192,0.1385565789473684,0.6603298245614035,0.2011100877192982,0.0625535087719298,228.0
2024-06-14,529.88427734375,40089900,0.000608551251541,SPY,0.1423076923076923,0.4269230769230769,0.0923076923076923,0.1769230769230769,0.2230769230769231,0.1461538461538461,0.1384615384615384,0.5230769230769231,1.1346153846153846,0.4230769230769231,0.7115384615384616,0.6856480769230768,0.1683142307692307,0.040746923076923,0.0344846153846153,0.0708115384615384,0.1463765384615384,0.6768038461538461,0.17682,0.0304434615384615,260,0.1596244131455399,0.5211267605633803,0.1032863849765258,0.215962441314554,0.244131455399061,0.136150234741784,0.1971830985915492,0.596244131455399,0.8262910798122066,0.460093896713615,0.3661971830985915,0.6623145539906103,0.1669539906103286,0.0397643192488262,0.0412957746478873,0.0896774647887323,0.1561896713615023,0.6474586854460095,0.1963521126760563,0.0401624413145539,213.0
2024-06-17,534.1015625,55839500,0.0079588795828982,SPY,0.2165178571428571,0.4508928571428571,0.0915178571428571,0.2098214285714285,0.2455357142857142,0.1852678571428571,0.1361607142857142,0.5625,0.9441964285714286,0.5089285714285714,0.4352678571428571,0.6326345982142857,0.1862979910714285,0.0401756696428571,0.0385301339285714,0.1023636160714285,0.1477928571428571,0.6628388392857143,0.1893707589285714,0.0415779017857142,448,0.1423076923076923,0.4269230769230769,0.0923076923076923,0.1769230769230769,0.2230769230769231,0.1461538461538461,0.1384615384615384,0.5230769230769231,1.1346153846153846,0.4230769230769231,0.7115384615384616,0.6856480769230768,0.1683142307692307,0.040746923076923,0.0344846153846153,0.0708115384615384,0.1463765384615384,0.6768038461538461,0.17682,0.0304434615384615,260.0
2024-06-18,535.45849609375,41376400,0.0025405909456592,SPY,0.1258741258741259,0.479020979020979,0.0839160839160839,0.1538461538461538,0.2097902097902098,0.1363636363636363,0.1678321678321678,0.5244755244755245,1.1958041958041958,0.3811188811188811,0.8146853146853147,0.6562552447552448,0.1440255244755244,0.0311664335664335,0.0616251748251748,0.1069286713286713,0.1165650349650349,0.542193006993007,0.3412437062937062,0.2246786713286713,286,0.2165178571428571,0.4508928571428571,0.0915178571428571,0.2098214285714285,0.2455357142857142,0.1852678571428571,0.1361607142857142,0.5625,0.9441964285714286,0.5089285714285714,0.4352678571428571,0.6326345982142857,0.1862979910714285,0.0401756696428571,0.0385301339285714,0.1023636160714285,0.1477928571428571,0.6628388392857143,0.1893707589285714,0.0415779017857142,448.0
2024-06-20,534.0040893554688,70328200,-0.0027161894878713,SPY,0.2439678284182305,0.4477211796246649,0.0857908847184986,0.3109919571045576,0.227882037533512,0.2037533512064343,0.1501340482573726,0.5361930294906166,0.970509383378016,0.5630026809651475,0.4075067024128686,0.581512600536193,0.2122737265415549,0.0372774798927613,0.053667292225201,0.1152680965147453,0.1506469168900804,0.6441257372654156,0.2052286863270777,0.0545817694369973,373,0.1258741258741259,0.479020979020979,0.0839160839160839,0.1538461538461538,0.2097902097902098,0.1363636363636363,0.1678321678321678,0.5244755244755245,1.1958041958041958,0.3811188811188811,0.8146853146853147,0.6562552447552448,0.1440255244755244,0.0311664335664335,0.0616251748251748,0.1069286713286713,0.1165650349650349,0.542193006993007,0.3412437062937062,0.2246786713286713,286.0
2024-06-21,533.2880249023438,64338600,-0.0013409343999393,SPY,0.1513157894736842,0.4342105263157895,0.0526315789473684,0.1578947368421052,0.2105263157894736,0.131578947368421,0.125,0.5197368421052632,0.9210526315789472,0.3947368421052631,0.5263157894736842,0.6110328947368421,0.2155875,0.0365078947368421,0.0404763157894736,0.0964019736842105,0.108703947368421,0.7111421052631579,0.180153947368421,0.07145,152,0.2439678284182305,0.4477211796246649,0.0857908847184986,0.3109919571045576,0.227882037533512,0.2037533512064343,0.1501340482573726,0.5361930294906166,0.970509383378016,0.5630026809651475,0.4075067024128686,0.581512600536193,0.2122737265415549,0.0372774798927613,0.053667292225201,0.1152680965147453,0.1506469168900804,0.6441257372654156,0.2052286863270777,0.0545817694369973,373.0
2024-06-24,531.5543823242188,45528700,-0.0032508560049561,SPY,0.1737891737891738,0.358974358974359,0.0626780626780626,0.1851851851851851,0.1709401709401709,0.1709401709401709,0.1111111111111111,0.5584045584045584,1.0142450142450143,0.4216524216524216,0.5925925925925926,0.6793680911680912,0.1781692307692307,0.0291128205128205,0.0419250712250712,0.0714245014245014,0.1702099715099715,0.643414245014245,0.1863757834757834,0.0161658119658119,351,0.1513157894736842,0.4342105263157895,0.0526315789473684,0.1578947368421052,0.2105263157894736,0.131578947368421,0.125,0.5197368421052632,0.9210526315789472,0.3947368421052631,0.5263157894736842,0.6110328947368421,0.2155875,0.0365078947368421,0.0404763157894736,0.0964019736842105,0.108703947368421,0.7111421052631579,0.180153947368421,0.07145,152.0
2024-06-25,533.6014404296875,37936200,0.0038510793505606,SPY,0.1926605504587156,0.3577981651376147,0.073394495412844,0.146788990825688,0.2568807339449541,0.110091743119266,0.1376146788990825,0.4678899082568807,0.8073394495412844,0.3486238532110092,0.4587155963302752,0.6797798165137615,0.1735568807339449,0.0309899082568807,0.0418256880733945,0.073845871559633,0.1118357798165137,0.7499816513761468,0.138188990825688,0.0263532110091743,109,0.1737891737891738,0.358974358974359,0.0626780626780626,0.1851851851851851,0.1709401709401709,0.1709401709401709,0.1111111111111111,0.5584045584045584,1.0142450142450143,0.4216524216524216,0.5925925925925926,0.6793680911680912,0.1781692307692307,0.0291128205128205,0.0419250712250712,0.0714245014245014,0.1702099715099715,0.643414245014245,0.1863757834757834,0.0161658119658119,351.0
2024-06-26,534.2675170898438,38550600,0.0012482662333517,SPY,0.1497326203208556,0.4224598930481283,0.0481283422459893,0.1550802139037433,0.2459893048128342,0.0962566844919786,0.1711229946524064,0.5080213903743316,0.9893048128342246,0.4705882352941176,0.5187165775401069,0.6508609625668449,0.1693828877005347,0.0329208556149732,0.0480764705882352,0.0987577540106951,0.0848684491978609,0.7103112299465241,0.2048128342245989,0.1199443850267379,187,0.1926605504587156,0.3577981651376147,0.073394495412844,0.146788990825688,0.2568807339449541,0.110091743119266,0.1376146788990825,0.4678899082568807,0.8073394495412844,0.3486238532110092,0.4587155963302752,0.6797798165137615,0.1735568807339449,0.0309899082568807,0.0418256880733945,0.073845871559633,0.1118357798165137,0.7499816513761468,0.138188990825688,0.0263532110091743,109.0
2024-06-27,535.109619140625,35041500,0.0015761805160234,SPY,0.1477832512315271,0.4679802955665024,0.1182266009852216,0.1773399014778325,0.2364532019704433,0.1330049261083744,0.0886699507389162,0.5911330049261084,1.1330049261083743,0.3891625615763547,0.7438423645320197,0.6503073891625616,0.1688995073891625,0.0347551724137931,0.0527916256157635,0.0932467980295566,0.0972605911330049,0.7335512315270936,0.1691916256157635,0.0719310344827586,203,0.1497326203208556,0.4224598930481283,0.0481283422459893,0.1550802139037433,0.2459893048128342,0.0962566844919786,0.1711229946524064,0.5080213903743316,0.9893048128342246,0.4705882352941176,0.5187165775401069,0.6508609625668449,0.1693828877005347,0.0329208556149732,0.0480764705882352,0.0987577540106951,0.0848684491978609,0.7103112299465241,0.2048128342245989,0.1199443850267379,187.0
2024-06-28,533.00390625,76144500,-0.0039351056592978,SPY,0.1739130434782608,0.4,0.0695652173913043,0.1217391304347826,0.2,0.1304347826086956,0.0869565217391304,0.408695652173913,0.6956521739130435,0.3826086956521739,0.3130434782608696,0.6288930434782608,0.1658208695652174,0.0385704347826086,0.0524486956521739,0.1142547826086956,0.1363539130434782,0.6617904347826088,0.2018565217391304,0.0655026086956521,115,0.1477832512315271,0.4679802955665024,0.1182266009852216,0.1773399014778325,0.2364532019704433,0.1330049261083744,0.0886699507389162,0.5911330049261084,1.1330049261083743,0.3891625615763547,0.7438423645320197,0.6503073891625616,0.1688995073891625,0.0347551724137931,0.0527916256157635,0.0932467980295566,0.0972605911330049,0.7335512315270936,0.1691916256157635,0.0719310344827586,203.0
2024-07-01,534.1009521484375,40297800,0.0020582323798634,SPY,0.1886792452830188,0.444743935309973,0.0808625336927223,0.22911051212938,0.2857142857142857,0.1725067385444744,0.1859838274932614,0.6037735849056604,1.0808625336927224,0.3800539083557951,0.7008086253369272,0.6157404312668463,0.2029970350404312,0.0493272237196765,0.0385056603773584,0.0934293800539083,0.1293075471698113,0.7096315363881401,0.1610628032345013,0.03175525606469,371,0.1739130434782608,0.4,0.0695652173913043,0.1217391304347826,0.2,0.1304347826086956,0.0869565217391304,0.408695652173913,0.6956521739130435,0.3826086956521739,0.3130434782608696,0.6288930434782608,0.1658208695652174,0.0385704347826086,0.0524486956521739,0.1142547826086956,0.1363539130434782,0.6617904347826088,0.2018565217391304,0.0655026086956521,115.0
2024-07-02,537.6953125,40434800,0.0067297396439831,SPY,0.0973451327433628,0.672566371681416,0.0442477876106194,0.1238938053097345,0.2035398230088495,0.079646017699115,0.0973451327433628,0.6371681415929203,0.9734513274336284,0.2389380530973451,0.7345132743362832,0.6700203539823009,0.1508522123893805,0.0426592920353982,0.0337566371681415,0.1027088495575221,0.0821256637168141,0.5069407079646018,0.4109398230088495,0.3288141592920354,113,0.1886792452830188,0.444743935309973,0.0808625336927223,0.22911051212938,0.2857142857142857,0.1725067385444744,0.1859838274932614,0.6037735849056604,1.0808625336927224,0.3800539083557951,0.7008086253369272,0.6157404312668463,0.2029970350404312,0.0493272237196765,0.0385056603773584,0.0934293800539083,0.1293075471698113,0.7096315363881401,0.1610628032345013,0.03175525606469,371.0
2024-07-03,540.0948486328125,32789900,0.0044626316745368,SPY,0.1798561151079136,0.4028776978417266,0.0647482014388489,0.1798561151079136,0.2446043165467626,0.1151079136690647,0.0863309352517985,0.5179856115107914,0.8992805755395683,0.4244604316546763,0.4748201438848921,0.7232122302158274,0.1325194244604316,0.0303597122302158,0.0389338129496402,0.0749705035971223,0.1037172661870503,0.6794906474820144,0.2167935251798561,0.1130762589928057,139,0.0973451327433628,0.672566371681416,0.0442477876106194,0.1238938053097345,0.2035398230088495,0.079646017699115,0.0973451327433628,0.6371681415929203,0.9734513274336284,0.2389380530973451,0.7345132743362832,0.6700203539823009,0.1508522123893805,0.0426592920353982,0.0337566371681415,0.1027088495575221,0.0821256637168141,0.5069407079646018,0.4109398230088495,0.3288141592920354,113.0
2024-07-05,543.2093505859375,41488400,0.0057665833344069,SPY,0.1963470319634703,0.5114155251141552,0.136986301369863,0.2465753424657534,0.2876712328767123,0.1780821917808219,0.1141552511415525,0.6027397260273972,1.2100456621004567,0.4063926940639269,0.8036529680365296,0.6744050228310503,0.1626374429223744,0.0299789954337899,0.0416292237442922,0.0913598173515981,0.0973762557077625,0.6213415525114155,0.2812785388127854,0.1839022831050228,219,0.1798561151079136,0.4028776978417266,0.0647482014388489,0.1798561151079136,0.2446043165467626,0.1151079136690647,0.0863309352517985,0.5179856115107914,0.8992805755395683,0.4244604316546763,0.4748201438848921,0.7232122302158274,0.1325194244604316,0.0303597122302158,0.0389338129496402,0.0749705035971223,0.1037172661870503,0.6794906474820144,0.2167935251798561,0.1130762589928057,139.0
2024-07-08,543.8360595703125,36110500,0.001153715383763,SPY,0.1462686567164179,0.3940298507462687,0.0567164179104477,0.191044776119403,0.1671641791044776,0.1582089552238806,0.1253731343283582,0.4955223880597015,0.9194029850746268,0.3940298507462687,0.5253731343283582,0.6579829850746268,0.1944889552238806,0.0293773134328358,0.0318591044776119,0.0862862686567164,0.1458134328358208,0.6407155223880597,0.213470447761194,0.0676570149253731,335,0.1963470319634703,0.5114155251141552,0.136986301369863,0.2465753424657534,0.2876712328767123,0.1780821917808219,0.1141552511415525,0.6027397260273972,1.2100456621004567,0.4063926940639269,0.8036529680365296,0.6744050228310503,0.1626374429223744,0.0299789954337899,0.0416292237442922,0.0913598173515981,0.0973762557077625,0.6213415525114155,0.2812785388127854,0.1839022831050228,219.0
2024-07-09,544.364990234375,27289700,0.0009725921162351,SPY,0.1666666666666666,0.5,0.0641025641025641,0.1923076923076923,0.2628205128205128,0.141025641025641,0.1217948717948717,0.5512820512820513,1.2307692307692308,0.4038461538461538,0.8269230769230769,0.6789942307692308,0.1657025641025641,0.0377948717948717,0.0310326923076923,0.086475,0.1148057692307692,0.6120288461538461,0.2731685897435897,0.1583628205128205,156,0.1462686567164179,0.3940298507462687,0.0567164179104477,0.191044776119403,0.1671641791044776,0.1582089552238806,0.1253731343283582,0.4955223880597015,0.9194029850746268,0.3940298507462687,0.5253731343283582,0.6579829850746268,0.1944889552238806,0.0293773134328358,0.0318591044776119,0.0862862686567164,0.1458134328358208,0.6407155223880597,0.213470447761194,0.0676570149253731,335.0
2024-07-10,549.7515258789062,38701200,0.0098950809496622,SPY,0.1987179487179487,0.3717948717948718,0.0705128205128205,0.1923076923076923,0.2307692307692307,0.1282051282051282,0.1666666666666666,0.4038461538461538,0.9230769230769232,0.4615384615384615,0.4615384615384615,0.6336224358974359,0.158026282051282,0.0389717948717948,0.0549730769230769,0.1144096153846153,0.1475333333333333,0.5983621794871795,0.2541051282051282,0.1065717948717948,156,0.1666666666666666,0.5,0.0641025641025641,0.1923076923076923,0.2628205128205128,0.141025641025641,0.1217948717948717,0.5512820512820513,1.2307692307692308,0.4038461538461538,0.8269230769230769,0.6789942307692308,0.1657025641025641,0.0377948717948717,0.0310326923076923,0.086475,0.1148057692307692,0.6120288461538461,0.2731685897435897,0.1583628205128205,156.0
2024-07-11,545.0113525390625,53054200,-0.0086223923294537,SPY,0.1515151515151515,0.4484848484848485,0.0909090909090909,0.2121212121212121,0.296969696969697,0.109090909090909,0.2,0.6363636363636364,1.2969696969696969,0.4606060606060606,0.8363636363636363,0.6386121212121212,0.1733945454545454,0.0382818181818181,0.0417024242424242,0.1080121212121212,0.1413284848484848,0.6909127272727273,0.1677575757575757,0.0264290909090909,165,0.1987179487179487,0.3717948717948718,0.0705128205128205,0.1923076923076923,0.2307692307692307,0.1282051282051282,0.1666666666666666,0.4038461538461538,0.9230769230769232,0.4615384615384615,0.4615384615384615,0.6336224358974359,0.158026282051282,0.0389717948717948,0.0549730769230769,0.1144096153846153,0.1475333333333333,0.5983621794871795,0.2541051282051282,0.1065717948717948,156.0
2024-07-12,548.4490966796875,53084400,0.0063076560233277,SPY,0.1273885350318471,0.3694267515923566,0.0700636942675159,0.1656050955414012,0.197452229299363,0.1719745222929936,0.1528662420382165,0.3885350318471338,0.7579617834394905,0.3439490445859872,0.4140127388535032,0.6452987261146497,0.1950292993630573,0.0378490445859872,0.0335089171974522,0.0883210191082802,0.1160452229299363,0.6266802547770701,0.2572732484076433,0.141228025477707,157,0.1515151515151515,0.4484848484848485,0.0909090909090909,0.2121212121212121,0.296969696969697,0.109090909090909,0.2,0.6363636363636364,1.2969696969696969,0.4606060606060606,0.8363636363636363,0.6386121212121212,0.1733945454545454,0.0382818181818181,0.0417024242424242,0.1080121212121212,0.1413284848484848,0.6909127272727273,0.1677575757575757,0.0264290909090909,165.0
2024-07-15,549.9573364257812,40584300,0.0027500086247285,SPY,0.1445086705202312,0.3872832369942196,0.0838150289017341,0.1358381502890173,0.1878612716763005,0.1329479768786127,0.1213872832369942,0.4884393063583815,0.953757225433526,0.3641618497109826,0.5895953757225434,0.6478176300578035,0.1784783236994219,0.0393381502890173,0.0485338150289017,0.0858329479768786,0.111021387283237,0.7241416184971098,0.1648387283236994,0.0538173410404624,346,0.1273885350318471,0.3694267515923566,0.0700636942675159,0.1656050955414012,0.197452229299363,0.1719745222929936,0.1528662420382165,0.3885350318471338,0.7579617834394905,0.3439490445859872,0.4140127388535032,0.6452987261146497,0.1950292993630573,0.0378490445859872,0.0335089171974522,0.0883210191082802,0.1160452229299363,0.6266802547770701,0.2572732484076433,0.141228025477707,157.0
2024-07-16,553.2186279296875,36475300,0.0059300809133697,SPY,0.2388888888888889,0.5555555555555556,0.1055555555555555,0.3166666666666666,0.3055555555555556,0.1666666666666666,0.2555555555555555,0.6777777777777778,1.3222222222222222,0.5444444444444444,0.7777777777777778,0.6207877777777777,0.1962477777777777,0.0370511111111111,0.0352811111111111,0.1106283333333333,0.1844311111111111,0.5540983333333334,0.2614811111111111,0.07705,180,0.1445086705202312,0.3872832369942196,0.0838150289017341,0.1358381502890173,0.1878612716763005,0.1329479768786127,0.1213872832369942,0.4884393063583815,0.953757225433526,0.3641618497109826,0.5895953757225434,0.6478176300578035,0.1784783236994219,0.0393381502890173,0.0485338150289017,0.0858329479768786,0.111021387283237,0.7241416184971098,0.1648387283236994,0.0538173410404624,346.0
2024-07-17,545.4618530273438,57119000,-0.0140211744701582,SPY,0.1475409836065573,0.5191256830601093,0.0710382513661202,0.2131147540983606,0.2131147540983606,0.1912568306010929,0.366120218579235,0.546448087431694,0.8579234972677595,0.5956284153005464,0.2622950819672131,0.6243,0.1916896174863388,0.0412852459016393,0.0479524590163934,0.0947710382513661,0.2303961748633879,0.5867928961748634,0.182811475409836,-0.0475846994535519,183,0.2388888888888889,0.5555555555555556,0.1055555555555555,0.3166666666666666,0.3055555555555556,0.1666666666666666,0.2555555555555555,0.6777777777777778,1.3222222222222222,0.5444444444444444,0.7777777777777778,0.6207877777777777,0.1962477777777777,0.0370511111111111,0.0352811111111111,0.1106283333333333,0.1844311111111111,0.5540983333333334,0.2614811111111111,0.07705,180.0
2024-07-18,541.2701416015625,56270400,-0.0076847013269892,SPY,0.2240437158469945,0.5846994535519126,0.0765027322404371,0.1584699453551912,0.174863387978142,0.1366120218579235,0.2185792349726776,0.4644808743169399,0.8360655737704918,0.5300546448087432,0.3060109289617486,0.6685907103825136,0.1680830601092896,0.0391453551912568,0.0389994535519125,0.0851754098360655,0.1517404371584699,0.616079781420765,0.2321819672131147,0.0804415300546448,183,0.1475409836065573,0.5191256830601093,0.0710382513661202,0.2131147540983606,0.2131147540983606,0.1912568306010929,0.366120218579235,0.546448087431694,0.8579234972677595,0.5956284153005464,0.2622950819672131,0.6243,0.1916896174863388,0.0412852459016393,0.0479524590163934,0.0947710382513661,0.2303961748633879,0.5867928961748634,0.182811475409836,-0.0475846994535519,183.0
2024-07-19,537.6756591796875,65509100,-0.0066408289421605,SPY,0.1549295774647887,0.4718309859154929,0.0704225352112676,0.2323943661971831,0.2605633802816901,0.1408450704225352,0.1901408450704225,0.5915492957746479,1.176056338028169,0.4225352112676056,0.7535211267605634,0.6276161971830986,0.1818070422535211,0.0339887323943661,0.0368204225352112,0.1197556338028168,0.0899436619718309,0.7387943661971831,0.1712640845070422,0.0813204225352112,142,0.2240437158469945,0.5846994535519126,0.0765027322404371,0.1584699453551912,0.174863387978142,0.1366120218579235,0.2185792349726776,0.4644808743169399,0.8360655737704918,0.5300546448087432,0.3060109289617486,0.6685907103825136,0.1680830601092896,0.0391453551912568,0.0389994535519125,0.0851754098360655,0.1517404371584699,0.616079781420765,0.2321819672131147,0.0804415300546448,183.0
2024-07-22,543.2190551757812,43346700,0.0103099255126242,SPY,0.143979057591623,0.4554973821989528,0.0968586387434555,0.2329842931937172,0.2382198952879581,0.1701570680628272,0.1649214659685864,0.5968586387434555,1.143979057591623,0.4214659685863874,0.7225130890052356,0.6225143979057591,0.1896356020942408,0.0324761780104712,0.0401431937172774,0.1152311518324607,0.1049458115183246,0.6789421465968587,0.2161151832460733,0.1111693717277487,382,0.1549295774647887,0.4718309859154929,0.0704225352112676,0.2323943661971831,0.2605633802816901,0.1408450704225352,0.1901408450704225,0.5915492957746479,1.176056338028169,0.4225352112676056,0.7535211267605634,0.6276161971830986,0.1818070422535211,0.0339887323943661,0.0368204225352112,0.1197556338028168,0.0899436619718309,0.7387943661971831,0.1712640845070422,0.0813204225352112,142.0
2024-07-23,542.3670654296875,34439600,-0.0015684091674914,SPY,0.1615384615384615,0.5384615384615384,0.1307692307692307,0.2384615384615384,0.2923076923076923,0.2615384615384615,0.123076923076923,0.6153846153846154,1.0923076923076922,0.4461538461538462,0.6461538461538462,0.682216923076923,0.1654576923076923,0.0286576923076923,0.038976923076923,0.0846846153846153,0.1975576923076923,0.5366299999999999,0.2658138461538461,0.0682561538461538,130,0.143979057591623,0.4554973821989528,0.0968586387434555,0.2329842931937172,0.2382198952879581,0.1701570680628272,0.1649214659685864,0.5968586387434555,1.143979057591623,0.4214659685863874,0.7225130890052356,0.6225143979057591,0.1896356020942408,0.0324761780104712,0.0401431937172774,0.1152311518324607,0.1049458115183246,0.6789421465968587,0.2161151832460733,0.1111693717277487,382.0
2024-07-24,530.0756225585938,74515300,-0.0226625908071241,SPY,0.1564245810055866,0.3798882681564245,0.0893854748603352,0.2346368715083799,0.1787709497206704,0.1843575418994413,0.0893854748603352,0.4860335195530726,0.994413407821229,0.441340782122905,0.553072625698324,0.6998983240223464,0.131831843575419,0.0309368715083798,0.035636312849162,0.1016944134078212,0.1527597765363128,0.5754346368715084,0.2718033519553072,0.1190435754189944,179,0.1615384615384615,0.5384615384615384,0.1307692307692307,0.2384615384615384,0.2923076923076923,0.2615384615384615,0.123076923076923,0.6153846153846154,1.0923076923076922,0.4461538461538462,0.6461538461538462,0.682216923076923,0.1654576923076923,0.0286576923076923,0.038976923076923,0.0846846153846153,0.1975576923076923,0.5366299999999999,0.2658138461538461,0.0682561538461538,130.0
2024-07-25,527.313720703125,61158300,-0.005210392136385,SPY,0.2394366197183098,0.3192488262910798,0.0892018779342723,0.2769953051643192,0.1971830985915492,0.2065727699530516,0.1267605633802817,0.4694835680751174,0.863849765258216,0.4694835680751174,0.3943661971830985,0.6527774647887323,0.205343661971831,0.049137558685446,0.0303788732394366,0.0623708920187793,0.2021042253521126,0.6147178403755869,0.1831840375586854,-0.0189201877934272,213,0.1564245810055866,0.3798882681564245,0.0893854748603352,0.2346368715083799,0.1787709497206704,0.1843575418994413,0.0893854748603352,0.4860335195530726,0.994413407821229,0.441340782122905,0.553072625698324,0.6998983240223464,0.131831843575419,0.0309368715083798,0.035636312849162,0.1016944134078212,0.1527597765363128,0.5754346368715084,0.2718033519553072,0.1190435754189944,179.0
2024-07-26,533.219482421875,53763800,0.0111997118354425,SPY,0.1881188118811881,0.3663366336633663,0.0792079207920792,0.1386138613861386,0.2475247524752475,0.2079207920792079,0.1683168316831683,0.504950495049505,0.7920792079207921,0.5148514851485149,0.2772277227722772,0.6729653465346535,0.1791346534653465,0.0434811881188118,0.0346188118811881,0.0697930693069306,0.221689108910891,0.654890099009901,0.1234108910891089,-0.0982782178217821,101,0.2394366197183098,0.3192488262910798,0.0892018779342723,0.2769953051643192,0.1971830985915492,0.2065727699530516,0.1267605633802817,0.4694835680751174,0.863849765258216,0.4694835680751174,0.3943661971830985,0.6527774647887323,0.205343661971831,0.049137558685446,0.0303788732394366,0.0623708920187793,0.2021042253521126,0.6147178403755869,0.1831840375586854,-0.0189201877934272,213.0
2024-07-29,533.5328979492188,39515800,0.0005877795873479,SPY,0.1850899742930591,0.455012853470437,0.0771208226221079,0.1491002570694087,0.2724935732647814,0.1388174807197943,0.1285347043701799,0.6143958868894601,1.1233933161953729,0.4190231362467866,0.7043701799485861,0.66693059125964,0.1646205655526992,0.0365681233933161,0.0385881748071979,0.0932933161953727,0.1350408740359897,0.6803434447300771,0.184618766066838,0.0495778920308483,389,0.1881188118811881,0.3663366336633663,0.0792079207920792,0.1386138613861386,0.2475247524752475,0.2079207920792079,0.1683168316831683,0.504950495049505,0.7920792079207921,0.5148514851485149,0.2772277227722772,0.6729653465346535,0.1791346534653465,0.0434811881188118,0.0346188118811881,0.0697930693069306,0.221689108910891,0.654890099009901,0.1234108910891089,-0.0982782178217821,101.0
2024-07-30,530.8297729492188,46853600,-0.0050664635871381,SPY,0.1524390243902439,0.5121951219512195,0.0670731707317073,0.1890243902439024,0.1951219512195122,0.1341463414634146,0.1219512195121951,0.6036585365853658,0.8963414634146342,0.5487804878048781,0.3475609756097561,0.6559719512195121,0.1781817073170731,0.0451487804878048,0.0393439024390243,0.08135,0.2785298780487805,0.457084756097561,0.2643871951219512,-0.0141426829268292,164,0.1850899742930591,0.455012853470437,0.0771208226221079,0.1491002570694087,0.2724935732647814,0.1388174807197943,0.1285347043701799,0.6143958868894601,1.1233933161953729,0.4190231362467866,0.7043701799485861,0.66693059125964,0.1646205655526992,0.0365681233933161,0.0385881748071979,0.0932933161953727,0.1350408740359897,0.6803434447300771,0.184618766066838,0.0495778920308483,389.0
2024-07-31,539.4581909179688,65663400,0.0162545855723421,SPY,0.2792792792792792,0.6081081081081081,0.081081081081081,0.2297297297297297,0.2837837837837837,0.1441441441441441,0.1171171171171171,0.5225225225225225,0.9369369369369368,0.527027027027027,0.4099099099099099,0.6425990990990992,0.1900617117117117,0.0464076576576576,0.0446045045045045,0.0763292792792792,0.1417513513513513,0.6205806306306306,0.237672072072072,0.0959207207207207,222,0.1524390243902439,0.5121951219512195,0.0670731707317073,0.1890243902439024,0.1951219512195122,0.1341463414634146,0.1219512195121951,0.6036585365853658,0.8963414634146342,0.5487804878048781,0.3475609756097561,0.6559719512195121,0.1781817073170731,0.0451487804878048,0.0393439024390243,0.08135,0.2785298780487805,0.457084756097561,0.2643871951219512,-0.0141426829268292,164.0
2024-08-01,531.8189697265625,76428700,-0.014160914265491,SPY,0.1909090909090909,0.4636363636363636,0.0954545454545454,0.2,0.1818181818181818,0.1636363636363636,0.1181818181818181,0.6818181818181818,1.0636363636363635,0.4681818181818182,0.5954545454545455,0.6889118181818181,0.1534872727272727,0.0354890909090909,0.03414,0.0879677272727272,0.2643827272727272,0.5045422727272727,0.2310686363636363,-0.0333140909090909,220,0.2792792792792792,0.6081081081081081,0.081081081081081,0.2297297297297297,0.2837837837837837,0.1441441441441441,0.1171171171171171,0.5225225225225225,0.9369369369369368,0.527027027027027,0.4099099099099099,0.6425990990990992,0.1900617117117117,0.0464076576576576,0.0446045045045045,0.0763292792792792,0.1417513513513513,0.6205806306306306,0.237672072072072,0.0959207207207207,222.0
2024-08-02,521.9172973632812,82789100,-0.0186185016461001,SPY,0.1827242524916943,0.3920265780730897,0.0730897009966777,0.1794019933554817,0.1694352159468438,0.1727574750830564,0.1029900332225913,0.5049833887043189,0.920265780730897,0.4817275747508305,0.4385382059800664,0.5919441860465116,0.222072757475083,0.0544654485049833,0.0435953488372093,0.0879245847176079,0.2500671096345515,0.6122445182724252,0.1376837209302325,-0.1123833887043189,301,0.1909090909090909,0.4636363636363636,0.0954545454545454,0.2,0.1818181818181818,0.1636363636363636,0.1181818181818181,0.6818181818181818,1.0636363636363635,0.4681818181818182,0.5954545454545455,0.6889118181818181,0.1534872727272727,0.0354890909090909,0.03414,0.0879677272727272,0.2643827272727272,0.5045422727272727,0.2310686363636363,-0.0333140909090909,220.0
2024-08-05,506.7171936035156,146267400,-0.0291235868911728,SPY,0.2120658135283363,0.449725776965265,0.1115173674588665,0.2413162705667276,0.2358318098720292,0.2157221206581352,0.1645338208409506,0.5557586837294333,0.9341864716636198,0.5447897623400365,0.3893967093235831,0.608754113345521,0.2058398537477148,0.0514702010968921,0.0409787934186471,0.0929590493601462,0.2266032906764168,0.62038957952468,0.1530117001828153,-0.0735915904936014,547,0.1827242524916943,0.3920265780730897,0.0730897009966777,0.1794019933554817,0.1694352159468438,0.1727574750830564,0.1029900332225913,0.5049833887043189,0.920265780730897,0.4817275747508305,0.4385382059800664,0.5919441860465116,0.222072757475083,0.0544654485049833,0.0435953488372093,0.0879245847176079,0.2500671096345515,0.6122445182724252,0.1376837209302325,-0.1123833887043189,301.0
2024-08-06,511.3887939453125,84826300,0.0092193444405839,SPY,0.2091836734693877,0.4438775510204081,0.1020408163265306,0.2091836734693877,0.2346938775510204,0.173469387755102,0.2040816326530612,0.5306122448979592,0.9183673469387756,0.4795918367346938,0.4387755102040816,0.6244193877551021,0.2103739795918367,0.0436127551020408,0.0362020408163265,0.0853918367346938,0.1546005102040816,0.6816142857142856,0.1637877551020408,0.0091872448979591,196,0.2120658135283363,0.449725776965265,0.1115173674588665,0.2413162705667276,0.2358318098720292,0.2157221206581352,0.1645338208409506,0.5557586837294333,0.9341864716636198,0.5447897623400365,0.3893967093235831,0.608754113345521,0.2058398537477148,0.0514702010968921,0.0409787934186471,0.0929590493601462,0.2266032906764168,0.62038957952468,0.1530117001828153,-0.0735915904936014,547.0
2024-08-07,507.9708251953125,70698300,-0.0066836989595151,SPY,0.1638655462184874,0.4453781512605042,0.0798319327731092,0.1764705882352941,0.180672268907563,0.1764705882352941,0.1050420168067226,0.3739495798319328,0.7773109243697479,0.453781512605042,0.3235294117647059,0.6135966386554622,0.1925516806722689,0.0443403361344537,0.035,0.1145079831932773,0.1745134453781512,0.6625642857142857,0.1629205882352941,-0.0115928571428571,238,0.2091836734693877,0.4438775510204081,0.1020408163265306,0.2091836734693877,0.2346938775510204,0.173469387755102,0.2040816326530612,0.5306122448979592,0.9183673469387756,0.4795918367346938,0.4387755102040816,0.6244193877551021,0.2103739795918367,0.0436127551020408,0.0362020408163265,0.0853918367346938,0.1546005102040816,0.6816142857142856,0.1637877551020408,0.0091872448979591,196.0
2024-08-08,519.7137451171875,63276600,0.023117311741988,SPY,0.1963470319634703,0.4748858447488584,0.1004566210045662,0.2694063926940639,0.2054794520547945,0.1004566210045662,0.1689497716894977,0.502283105022831,0.9360730593607306,0.5114155251141552,0.4246575342465753,0.6421429223744293,0.1720410958904109,0.0487671232876712,0.0367251141552511,0.1003200913242009,0.1347383561643835,0.6716063926940639,0.1936529680365296,0.0589146118721461,219,0.1638655462184874,0.4453781512605042,0.0798319327731092,0.1764705882352941,0.180672268907563,0.1764705882352941,0.1050420168067226,0.3739495798319328,0.7773109243697479,0.453781512605042,0.3235294117647059,0.6135966386554622,0.1925516806722689,0.0443403361344537,0.035,0.1145079831932773,0.1745134453781512,0.6625642857142857,0.1629205882352941,-0.0115928571428571,238.0
2024-08-09,522.0054931640625,45619600,0.0044096352432592,SPY,0.2171428571428571,0.4742857142857143,0.08,0.2228571428571428,0.2457142857142857,0.1428571428571428,0.1542857142857142,0.5428571428571428,0.96,0.4514285714285714,0.5085714285714286,0.7056908571428572,0.1321857142857143,0.04574,0.0392017142857142,0.0771788571428571,0.1567862857142857,0.5660582857142857,0.2771508571428571,0.1203645714285714,175,0.1963470319634703,0.4748858447488584,0.1004566210045662,0.2694063926940639,0.2054794520547945,0.1004566210045662,0.1689497716894977,0.502283105022831,0.9360730593607306,0.5114155251141552,0.4246575342465753,0.6421429223744293,0.1720410958904109,0.0487671232876712,0.0367251141552511,0.1003200913242009,0.1347383561643835,0.6716063926940639,0.1936529680365296,0.0589146118721461,219.0
2024-08-12,522.2797241210938,42542100,0.0005253411326555,SPY,0.1926605504587156,0.4243119266055046,0.0940366972477064,0.1880733944954128,0.1949541284403669,0.2041284403669724,0.1307339449541284,0.6032110091743119,0.9885321100917432,0.4587155963302752,0.5298165137614679,0.6472552752293578,0.1840174311926605,0.0364926605504587,0.0414614678899082,0.0907740825688073,0.1492135321100917,0.6933704128440368,0.1574197247706422,0.0082061926605504,436,0.2171428571428571,0.4742857142857143,0.08,0.2228571428571428,0.2457142857142857,0.1428571428571428,0.1542857142857142,0.5428571428571428,0.96,0.4514285714285714,0.5085714285714286,0.7056908571428572,0.1321857142857143,0.04574,0.0392017142857142,0.0771788571428571,0.1567862857142857,0.5660582857142857,0.2771508571428571,0.1203645714285714,175.0
2024-08-13,530.8689575195312,52333100,0.0164456573781257,SPY,0.2258064516129032,0.4774193548387097,0.0709677419354838,0.3225806451612903,0.2129032258064516,0.2258064516129032,0.0774193548387096,0.7419354838709677,1.3419354838709678,0.6580645161290323,0.6838709677419355,0.7242703225806452,0.107858064516129,0.0404445161290322,0.0539012903225806,0.0735270967741935,0.122138064516129,0.766603870967742,0.1112593548387096,-0.0108787096774193,155,0.1926605504587156,0.4243119266055046,0.0940366972477064,0.1880733944954128,0.1949541284403669,0.2041284403669724,0.1307339449541284,0.6032110091743119,0.9885321100917432,0.4587155963302752,0.5298165137614679,0.6472552752293578,0.1840174311926605,0.0364926605504587,0.0414614678899082,0.0907740825688073,0.1492135321100917,0.6933704128440368,0.1574197247706422,0.0082061926605504,436.0
2024-08-14,532.5436401367188,42446900,0.0031546064117449,SPY,0.1038461538461538,0.3961538461538461,0.0692307692307692,0.1538461538461538,0.2192307692307692,0.1384615384615384,0.1307692307692307,0.473076923076923,0.9807692307692308,0.4461538461538462,0.5346153846153846,0.6486473076923077,0.1739111538461538,0.0376515384615384,0.0405642307692307,0.099221923076923,0.1964076923076923,0.604355,0.1992411538461538,0.0028334615384615,260,0.2258064516129032,0.4774193548387097,0.0709677419354838,0.3225806451612903,0.2129032258064516,0.2258064516129032,0.0774193548387096,0.7419354838709677,1.3419354838709678,0.6580645161290323,0.6838709677419355,0.7242703225806452,0.107858064516129,0.0404445161290322,0.0539012903225806,0.0735270967741935,0.122138064516129,0.766603870967742,0.1112593548387096,-0.0108787096774193,155.0
2024-08-15,541.6715698242188,60846800,0.0171402472953325,SPY,0.1225806451612903,0.3741935483870968,0.0903225806451612,0.1483870967741935,0.2193548387096774,0.1161290322580645,0.1419354838709677,0.4774193548387097,1.1548387096774193,0.3161290322580645,0.8387096774193549,0.623334193548387,0.2175838709677419,0.0444116129032258,0.0380812903225806,0.0765864516129032,0.109096129032258,0.5818890322580645,0.3090174193548387,0.1999212903225806,155,0.1038461538461538,0.3961538461538461,0.0692307692307692,0.1538461538461538,0.2192307692307692,0.1384615384615384,0.1307692307692307,0.473076923076923,0.9807692307692308,0.4461538461538462,0.5346153846153846,0.6486473076923077,0.1739111538461538,0.0376515384615384,0.0405642307692307,0.099221923076923,0.1964076923076923,0.604355,0.1992411538461538,0.0028334615384615,260.0
2024-08-16,542.8860473632812,44430700,0.0022420920844279,SPY,0.1963190184049079,0.3619631901840491,0.0920245398773006,0.1840490797546012,0.2453987730061349,0.1717791411042944,0.1288343558282208,0.4969325153374233,0.9693251533742332,0.4233128834355828,0.5460122699386503,0.6351625766871165,0.1959177914110429,0.0371110429447852,0.0426883435582822,0.0891196319018405,0.1209141104294478,0.6957337423312884,0.1833490797546012,0.0624349693251533,163,0.1225806451612903,0.3741935483870968,0.0903225806451612,0.1483870967741935,0.2193548387096774,0.1161290322580645,0.1419354838709677,0.4774193548387097,1.1548387096774193,0.3161290322580645,0.8387096774193549,0.623334193548387,0.2175838709677419,0.0444116129032258,0.0380812903225806,0.0765864516129032,0.109096129032258,0.5818890322580645,0.3090174193548387,0.1999212903225806,155.0
2024-08-19,548.0767822265625,39121800,0.009561370914747,SPY,0.1560975609756097,0.4390243902439024,0.0463414634146341,0.1536585365853658,0.2365853658536585,0.0951219512195122,0.1268292682926829,0.4804878048780487,0.9951219512195122,0.3512195121951219,0.6439024390243903,0.6897046341463415,0.1523726829268292,0.0356187804878048,0.0427363414634146,0.0795709756097561,0.1295207317073171,0.6933787804878049,0.1771014634146341,0.047580731707317,410,0.1963190184049079,0.3619631901840491,0.0920245398773006,0.1840490797546012,0.2453987730061349,0.1717791411042944,0.1288343558282208,0.4969325153374233,0.9693251533742332,0.4233128834355828,0.5460122699386503,0.6351625766871165,0.1959177914110429,0.0371110429447852,0.0426883435582822,0.0891196319018405,0.1209141104294478,0.6957337423312884,0.1833490797546012,0.0624349693251533,163.0
2024-08-20,547.185546875,33732300,-0.0016261140417987,SPY,0.1666666666666666,0.3859649122807017,0.0964912280701754,0.1491228070175438,0.1666666666666666,0.1842105263157894,0.1491228070175438,0.5087719298245614,0.7192982456140351,0.5350877192982456,0.1842105263157894,0.6457333333333334,0.1625649122807017,0.0476114035087719,0.0596008771929824,0.084488596491228,0.1943622807017543,0.6203508771929824,0.1852938596491228,-0.0090684210526315,114,0.1560975609756097,0.4390243902439024,0.0463414634146341,0.1536585365853658,0.2365853658536585,0.0951219512195122,0.1268292682926829,0.4804878048780487,0.9951219512195122,0.3512195121951219,0.6439024390243903,0.6897046341463415,0.1523726829268292,0.0356187804878048,0.0427363414634146,0.0795709756097561,0.1295207317073171,0.6933787804878049,0.1771014634146341,0.047580731707317,410.0
2024-08-21,549.0659790039062,41514600,0.0034365529931217,SPY,0.1769911504424778,0.415929203539823,0.079646017699115,0.1858407079646017,0.3716814159292035,0.1592920353982301,0.0707964601769911,0.6637168141592921,1.1415929203539823,0.3982300884955752,0.7433628318584071,0.7495477876106195,0.1118884955752212,0.0354938053097345,0.0379424778761061,0.0651230088495575,0.0762070796460177,0.7572256637168142,0.1665699115044248,0.090362831858407,113,0.1666666666666666,0.3859649122807017,0.0964912280701754,0.1491228070175438,0.1666666666666666,0.1842105263157894,0.1491228070175438,0.5087719298245614,0.7192982456140351,0.5350877192982456,0.1842105263157894,0.6457333333333334,0.1625649122807017,0.0476114035087719,0.0596008771929824,0.084488596491228,0.1943622807017543,0.6203508771929824,0.1852938596491228,-0.0090684210526315,114.0
2024-08-22,544.7566528320312,56121500,-0.0078484669177515,SPY,0.181159420289855,0.4565217391304347,0.0869565217391304,0.217391304347826,0.1739130434782608,0.1666666666666666,0.181159420289855,0.5144927536231884,1.072463768115942,0.4927536231884058,0.5797101449275363,0.6468688405797102,0.2025239130434782,0.0355608695652173,0.030131884057971,0.0849050724637681,0.2015347826086956,0.6532891304347826,0.1451724637681159,-0.0563623188405797,138,0.1769911504424778,0.415929203539823,0.079646017699115,0.1858407079646017,0.3716814159292035,0.1592920353982301,0.0707964601769911,0.6637168141592921,1.1415929203539823,0.3982300884955752,0.7433628318584071,0.7495477876106195,0.1118884955752212,0.0354938053097345,0.0379424778761061,0.0651230088495575,0.0762070796460177,0.7572256637168142,0.1665699115044248,0.090362831858407,113.0
2024-08-23,550.5448608398438,50639400,0.0106253094436228,SPY,0.1301775147928994,0.4378698224852071,0.0769230769230769,0.165680473372781,0.2248520710059171,0.165680473372781,0.1715976331360946,0.4911242603550296,1.0118343195266273,0.4674556213017751,0.5443786982248521,0.5897497041420118,0.2046266272189349,0.0432591715976331,0.040894674556213,0.121475147928994,0.1416491124260355,0.6792763313609468,0.1790662721893491,0.0374171597633136,169,0.181159420289855,0.4565217391304347,0.0869565217391304,0.217391304347826,0.1739130434782608,0.1666666666666666,0.181159420289855,0.5144927536231884,1.072463768115942,0.4927536231884058,0.5797101449275363,0.6468688405797102,0.2025239130434782,0.0355608695652173,0.030131884057971,0.0849050724637681,0.2015347826086956,0.6532891304347826,0.1451724637681159,-0.0563623188405797,138.0
2024-08-26,549.2324829101562,35788600,-0.0023837801840261,SPY,0.2023809523809523,0.4345238095238095,0.1101190476190476,0.1577380952380952,0.2023809523809523,0.0922619047619047,0.1458333333333333,0.5357142857142857,1.0089285714285714,0.4166666666666667,0.5922619047619048,0.7110869047619047,0.1322583333333333,0.0338622023809523,0.0411339285714285,0.0816553571428571,0.121707738095238,0.6821303571428571,0.1961595238095238,0.0744517857142857,336,0.1301775147928994,0.4378698224852071,0.0769230769230769,0.165680473372781,0.2248520710059171,0.165680473372781,0.1715976331360946,0.4911242603550296,1.0118343195266273,0.4674556213017751,0.5443786982248521,0.5897497041420118,0.2046266272189349,0.0432591715976331,0.040894674556213,0.121475147928994,0.1416491124260355,0.6792763313609468,0.1790662721893491,0.0374171597633136,169.0
2024-08-27,549.9866943359375,32693900,0.0013732097959411,SPY,0.1891891891891892,0.4837837837837838,0.0918918918918919,0.2945945945945946,0.2378378378378378,0.1702702702702702,0.1351351351351351,0.572972972972973,0.9594594594594594,0.4972972972972973,0.4621621621621621,0.6417891891891891,0.1806562162162162,0.0341578378378378,0.0513486486486486,0.0920543243243243,0.2058989189189189,0.495394054054054,0.2987062162162162,0.0928072972972973,370,0.2023809523809523,0.4345238095238095,0.1101190476190476,0.1577380952380952,0.2023809523809523,0.0922619047619047,0.1458333333333333,0.5357142857142857,1.0089285714285714,0.4166666666666667,0.5922619047619048,0.7110869047619047,0.1322583333333333,0.0338622023809523,0.0411339285714285,0.0816553571428571,0.121707738095238,0.6821303571428571,0.1961595238095238,0.0744517857142857,336.0
2024-08-28,546.7938842773438,41066000,-0.0058052496387186,SPY,0.1779359430604982,0.4733096085409252,0.0676156583629893,0.1886120996441281,0.2562277580071174,0.1672597864768683,0.1565836298932384,0.5516014234875445,0.9359430604982206,0.4270462633451957,0.5088967971530249,0.6217594306049823,0.1543217081850534,0.0602281138790035,0.0724487544483985,0.0912427046263345,0.1522181494661921,0.6513654804270463,0.1964113879003558,0.0441932384341637,281,0.1891891891891892,0.4837837837837838,0.0918918918918919,0.2945945945945946,0.2378378378378378,0.1702702702702702,0.1351351351351351,0.572972972972973,0.9594594594594594,0.4972972972972973,0.4621621621621621,0.6417891891891891,0.1806562162162162,0.0341578378378378,0.0513486486486486,0.0920543243243243,0.2058989189189189,0.495394054054054,0.2987062162162162,0.0928072972972973,370.0
2024-08-29,546.8427734375,38715200,8.941058333311602e-05,SPY,0.2149122807017544,0.4912280701754385,0.0701754385964912,0.2105263157894736,0.2982456140350877,0.1710526315789473,0.1359649122807017,0.5131578947368421,0.9429824561403508,0.4605263157894737,0.4824561403508772,0.6382719298245615,0.1619421052631579,0.0358877192982456,0.0625333333333333,0.1013684210526316,0.1756504385964912,0.5628166666666667,0.2615333333333333,0.0858828947368421,228,0.1779359430604982,0.4733096085409252,0.0676156583629893,0.1886120996441281,0.2562277580071174,0.1672597864768683,0.1565836298932384,0.5516014234875445,0.9359430604982206,0.4270462633451957,0.5088967971530249,0.6217594306049823,0.1543217081850534,0.0602281138790035,0.0724487544483985,0.0912427046263345,0.1522181494661921,0.6513654804270463,0.1964113879003558,0.0441932384341637,281.0
2024-08-30,552.0629272460938,62700100,0.0095459866384983,SPY,0.152073732718894,0.3963133640552995,0.0967741935483871,0.2027649769585253,0.1797235023041474,0.1705069124423963,0.1336405529953917,0.5529953917050692,0.9170506912442395,0.3686635944700461,0.5483870967741935,0.6547525345622119,0.180589861751152,0.0393493087557603,0.0369774193548387,0.0883294930875576,0.1469857142857143,0.6533276497695852,0.1996852534562211,0.0526995391705069,217,0.2149122807017544,0.4912280701754385,0.0701754385964912,0.2105263157894736,0.2982456140350877,0.1710526315789473,0.1359649122807017,0.5131578947368421,0.9429824561403508,0.4605263157894737,0.4824561403508772,0.6382719298245615,0.1619421052631579,0.0358877192982456,0.0625333333333333,0.1013684210526316,0.1756504385964912,0.5628166666666667,0.2615333333333333,0.0858828947368421,228.0
2024-09-03,540.7020263671875,60600100,-0.0205789961944716,SPY,0.2082585278276481,0.4272890484739677,0.0951526032315978,0.1956912028725314,0.2082585278276481,0.1741472172351885,0.1202872531418312,0.585278276481149,1.052064631956912,0.5403949730700179,0.5116696588868941,0.6485251346499102,0.1860599640933573,0.0378360861759425,0.0420543985637342,0.0855235188509874,0.1578384201077199,0.6556867145421903,0.1864761220825852,0.0286377019748653,557,0.152073732718894,0.3963133640552995,0.0967741935483871,0.2027649769585253,0.1797235023041474,0.1705069124423963,0.1336405529953917,0.5529953917050692,0.9170506912442395,0.3686635944700461,0.5483870967741935,0.6547525345622119,0.180589861751152,0.0393493087557603,0.0369774193548387,0.0883294930875576,0.1469857142857143,0.6533276497695852,0.1996852534562211,0.0526995391705069,217.0
2024-09-04,539.5953369140625,47224900,-0.0020467640200287,SPY,0.2610169491525423,0.423728813559322,0.0644067796610169,0.2508474576271186,0.2101694915254237,0.2949152542372881,0.1491525423728813,0.4915254237288136,0.8305084745762712,0.6406779661016949,0.1898305084745762,0.643871186440678,0.1810989830508474,0.0556566101694915,0.0451277966101694,0.0742505084745762,0.275157627118644,0.5681586440677966,0.1566816949152542,-0.1184759322033898,295,0.2082585278276481,0.4272890484739677,0.0951526032315978,0.1956912028725314,0.2082585278276481,0.1741472172351885,0.1202872531418312,0.585278276481149,1.052064631956912,0.5403949730700179,0.5116696588868941,0.6485251346499102,0.1860599640933573,0.0378360861759425,0.0420543985637342,0.0855235188509874,0.1578384201077199,0.6556867145421903,0.1864761220825852,0.0286377019748653,557.0
2024-09-05,538.2828979492188,44264300,-0.0024322652088685,SPY,0.1822916666666666,0.46875,0.0989583333333333,0.1875,0.2916666666666667,0.1875,0.1614583333333333,0.6510416666666666,1.0520833333333333,0.3645833333333333,0.6875,0.6556255208333334,0.181925,0.0376192708333333,0.0412854166666666,0.0835390625,0.1660177083333333,0.6598494791666667,0.174128125,0.0081104166666666,192,0.2610169491525423,0.423728813559322,0.0644067796610169,0.2508474576271186,0.2101694915254237,0.2949152542372881,0.1491525423728813,0.4915254237288136,0.8305084745762712,0.6406779661016949,0.1898305084745762,0.643871186440678,0.1810989830508474,0.0556566101694915,0.0451277966101694,0.0742505084745762,0.275157627118644,0.5681586440677966,0.1566816949152542,-0.1184759322033898,295.0
2024-09-06,529.2235107421875,68493800,-0.0168301598314681,SPY,0.1327433628318584,0.4292035398230088,0.0663716814159292,0.1415929203539823,0.2079646017699115,0.1504424778761062,0.1194690265486725,0.5575221238938053,1.092920353982301,0.4247787610619469,0.668141592920354,0.6455314159292035,0.1774402654867256,0.0405013274336283,0.0461349557522123,0.0903907079646017,0.1444446902654867,0.672874778761062,0.1826725663716814,0.0382278761061946,226,0.1822916666666666,0.46875,0.0989583333333333,0.1875,0.2916666666666667,0.1875,0.1614583333333333,0.6510416666666666,1.0520833333333333,0.3645833333333333,0.6875,0.6556255208333334,0.181925,0.0376192708333333,0.0412854166666666,0.0835390625,0.1660177083333333,0.6598494791666667,0.174128125,0.0081104166666666,192.0
2024-09-09,535.14892578125,40445800,0.0111964319777717,SPY,0.2394736842105263,0.4210526315789473,0.1157894736842105,0.2342105263157894,0.2026315789473684,0.1394736842105263,0.1078947368421052,0.4605263157894737,0.9815789473684212,0.3578947368421052,0.6236842105263158,0.5905873684210526,0.2280678947368421,0.0442021052631579,0.0425915789473684,0.0945528947368421,0.146923947368421,0.6141194736842105,0.23896,0.0920360526315789,380,0.1327433628318584,0.4292035398230088,0.0663716814159292,0.1415929203539823,0.2079646017699115,0.1504424778761062,0.1194690265486725,0.5575221238938053,1.092920353982301,0.4247787610619469,0.668141592920354,0.6455314159292035,0.1774402654867256,0.0405013274336283,0.0461349557522123,0.0903907079646017,0.1444446902654867,0.672874778761062,0.1826725663716814,0.0382278761061946,226.0
2024-09-10,537.4798583984375,36394600,0.0043556709261531,SPY,0.1457286432160804,0.5728643216080402,0.1206030150753768,0.2010050251256281,0.3065326633165829,0.1507537688442211,0.185929648241206,0.7286432160804021,1.1658291457286432,0.4472361809045226,0.7185929648241206,0.6672095477386935,0.1562356783919598,0.0449804020100502,0.0471844221105527,0.0843909547738693,0.1436608040201005,0.5928185929648241,0.2635211055276382,0.1198603015075376,199,0.2394736842105263,0.4210526315789473,0.1157894736842105,0.2342105263157894,0.2026315789473684,0.1394736842105263,0.1078947368421052,0.4605263157894737,0.9815789473684212,0.3578947368421052,0.6236842105263158,0.5905873684210526,0.2280678947368421,0.0442021052631579,0.0425915789473684,0.0945528947368421,0.146923947368421,0.6141194736842105,0.23896,0.0920360526315789,380.0
2024-09-11,542.9937133789062,75248600,0.0102587192697765,SPY,0.1818181818181818,0.4545454545454545,0.0952380952380952,0.1991341991341991,0.2424242424242424,0.1515151515151515,0.1471861471861472,0.7705627705627706,1.2987012987012987,0.4025974025974026,0.8961038961038961,0.616425974025974,0.1930103896103896,0.0496095238095238,0.0392069264069264,0.1017441558441558,0.1283090909090909,0.6930450216450217,0.1786445887445887,0.0503354978354978,231,0.1457286432160804,0.5728643216080402,0.1206030150753768,0.2010050251256281,0.3065326633165829,0.1507537688442211,0.185929648241206,0.7286432160804021,1.1658291457286432,0.4472361809045226,0.7185929648241206,0.6672095477386935,0.1562356783919598,0.0449804020100502,0.0471844221105527,0.0843909547738693,0.1436608040201005,0.5928185929648241,0.2635211055276382,0.1198603015075376,199.0
2024-09-12,547.5676879882812,51819600,0.0084236235092158,SPY,0.1831683168316831,0.5841584158415841,0.0742574257425742,0.2227722772277227,0.2475247524752475,0.198019801980198,0.193069306930693,0.6386138613861386,1.0495049504950495,0.5,0.5495049504950495,0.6161178217821782,0.1986262376237623,0.0448886138613861,0.0496168316831683,0.0907490099009901,0.2224836633663366,0.5311564356435643,0.2463613861386138,0.0238777227722772,202,0.1818181818181818,0.4545454545454545,0.0952380952380952,0.1991341991341991,0.2424242424242424,0.1515151515151515,0.1471861471861472,0.7705627705627706,1.2987012987012987,0.4025974025974026,0.8961038961038961,0.616425974025974,0.1930103896103896,0.0496095238095238,0.0392069264069264,0.1017441558441558,0.1283090909090909,0.6930450216450217,0.1786445887445887,0.0503354978354978,231.0
2024-09-13,550.4273681640625,39310500,0.0052225144735758,SPY,0.0943396226415094,0.3396226415094339,0.0943396226415094,0.1981132075471698,0.2169811320754717,0.0660377358490566,0.0471698113207547,0.5754716981132075,1.0754716981132075,0.2830188679245283,0.7924528301886793,0.6940858490566038,0.1527462264150943,0.0276735849056603,0.0402490566037735,0.0852452830188679,0.0821566037735849,0.6842509433962265,0.2335933962264151,0.1514367924528301,106,0.1831683168316831,0.5841584158415841,0.0742574257425742,0.2227722772277227,0.2475247524752475,0.198019801980198,0.193069306930693,0.6386138613861386,1.0495049504950495,0.5,0.5495049504950495,0.6161178217821782,0.1986262376237623,0.0448886138613861,0.0496168316831683,0.0907490099009901,0.2224836633663366,0.5311564356435643,0.2463613861386138,0.0238777227722772,202.0
2024-09-16,551.240234375,36656100,0.0014767910499231,SPY,0.1669505962521294,0.5127768313458262,0.0647359454855195,0.1908006814310051,0.2589437819420783,0.1362862010221465,0.2231686541737649,0.6626916524701874,1.264054514480409,0.4207836456558773,0.8432708688245315,0.6662144804088587,0.156801873935264,0.0336185689948892,0.0507301533219761,0.0926337308347529,0.1299805792163543,0.619480408858603,0.2505385008517887,0.1205579216354344,587,0.0943396226415094,0.3396226415094339,0.0943396226415094,0.1981132075471698,0.2169811320754717,0.0660377358490566,0.0471698113207547,0.5754716981132075,1.0754716981132075,0.2830188679245283,0.7924528301886793,0.6940858490566038,0.1527462264150943,0.0276735849056603,0.0402490566037735,0.0852452830188679,0.0821566037735849,0.6842509433962265,0.2335933962264151,0.1514367924528301,106.0
2024-09-17,551.4655151367188,49321000,0.0004086798235511,SPY,0.1447368421052631,0.5328947368421053,0.0592105263157894,0.1381578947368421,0.3092105263157895,0.1447368421052631,0.1513157894736842,0.6381578947368421,1.2171052631578947,0.2763157894736842,0.9407894736842104,0.6352092105263157,0.1750559210526315,0.0405822368421052,0.0515322368421052,0.0976217105263157,0.1458631578947368,0.6263164473684211,0.2278184210526316,0.0819552631578947,152,0.1669505962521294,0.5127768313458262,0.0647359454855195,0.1908006814310051,0.2589437819420783,0.1362862010221465,0.2231686541737649,0.6626916524701874,1.264054514480409,0.4207836456558773,0.8432708688245315,0.6662144804088587,0.156801873935264,0.0336185689948892,0.0507301533219761,0.0926337308347529,0.1299805792163543,0.619480408858603,0.2505385008517887,0.1205579216354344,587.0
2024-09-18,549.8299560546875,59044900,-0.0029658410855042,SPY,0.320754716981132,0.5974842767295597,0.0566037735849056,0.3018867924528302,0.2893081761006289,0.1761006289308176,0.1257861635220125,0.6540880503144654,1.3647798742138364,0.5534591194968553,0.8113207547169812,0.6460974842767295,0.1579213836477987,0.0322182389937106,0.054203144654088,0.1095584905660377,0.1377911949685534,0.5905301886792453,0.2716798742138365,0.133888679245283,159,0.1447368421052631,0.5328947368421053,0.0592105263157894,0.1381578947368421,0.3092105263157895,0.1447368421052631,0.1513157894736842,0.6381578947368421,1.2171052631578947,0.2763157894736842,0.9407894736842104,0.6352092105263157,0.1750559210526315,0.0405822368421052,0.0515322368421052,0.0976217105263157,0.1458631578947368,0.6263164473684211,0.2278184210526316,0.0819552631578947,152.0
2024-09-19,559.2124633789062,75315500,0.0170643800340437,SPY,0.1214285714285714,0.5214285714285715,0.0428571428571428,0.25,0.35,0.1857142857142857,0.1428571428571428,0.7642857142857142,1.2142857142857142,0.5142857142857142,0.7,0.7203428571428572,0.1187235714285714,0.02625,0.0570635714285714,0.0776257142857142,0.1602521428571428,0.5766128571428571,0.2631335714285714,0.1028814285714285,140,0.320754716981132,0.5974842767295597,0.0566037735849056,0.3018867924528302,0.2893081761006289,0.1761006289308176,0.1257861635220125,0.6540880503144654,1.3647798742138364,0.5534591194968553,0.8113207547169812,0.6460974842767295,0.1579213836477987,0.0322182389937106,0.054203144654088,0.1095584905660377,0.1377911949685534,0.5905301886792453,0.2716798742138365,0.133888679245283,159.0
2024-09-20,558.245849609375,77503100,-0.001728526870969,SPY,0.1159420289855072,0.5217391304347826,0.1521739130434782,0.1956521739130435,0.2681159420289855,0.1956521739130435,0.2101449275362318,0.7971014492753623,1.072463768115942,0.5507246376811594,0.5217391304347826,0.7407,0.1069115942028985,0.0343826086956521,0.0556514492753623,0.0623702898550724,0.1665347826086956,0.6752449275362319,0.1582217391304347,-0.0083130434782608,138,0.1214285714285714,0.5214285714285715,0.0428571428571428,0.25,0.35,0.1857142857142857,0.1428571428571428,0.7642857142857142,1.2142857142857142,0.5142857142857142,0.7,0.7203428571428572,0.1187235714285714,0.02625,0.0570635714285714,0.0776257142857142,0.1602521428571428,0.5766128571428571,0.2631335714285714,0.1028814285714285,140.0
2024-09-23,559.6408081054688,44116900,0.0024988246613384,SPY,0.1626016260162601,0.4498644986449864,0.08130081300813,0.2628726287262872,0.2466124661246612,0.1571815718157181,0.075880758807588,0.5663956639566395,1.2140921409214092,0.4308943089430894,0.7831978319783198,0.69119972899729,0.1538165311653116,0.0370195121951219,0.0375897018970189,0.0803818428184282,0.1343168021680216,0.6170235772357724,0.2486577235772357,0.114340921409214,369,0.1159420289855072,0.5217391304347826,0.1521739130434782,0.1956521739130435,0.2681159420289855,0.1956521739130435,0.2101449275362318,0.7971014492753623,1.072463768115942,0.5507246376811594,0.5217391304347826,0.7407,0.1069115942028985,0.0343826086956521,0.0556514492753623,0.0623702898550724,0.1665347826086956,0.6752449275362319,0.1582217391304347,-0.0083130434782608,138.0
2024-09-24,561.2421264648438,46805700,0.0028613323692314,SPY,0.1746987951807229,0.4216867469879518,0.072289156626506,0.1867469879518072,0.2349397590361445,0.2048192771084337,0.1024096385542168,0.5662650602409639,1.1746987951807228,0.4578313253012048,0.7168674698795181,0.700533734939759,0.1349512048192771,0.0258421686746987,0.0426542168674698,0.0960186746987951,0.1471807228915662,0.6591367469879519,0.1936849397590361,0.0465042168674698,166,0.1626016260162601,0.4498644986449864,0.08130081300813,0.2628726287262872,0.2466124661246612,0.1571815718157181,0.075880758807588,0.5663956639566395,1.2140921409214092,0.4308943089430894,0.7831978319783198,0.69119972899729,0.1538165311653116,0.0370195121951219,0.0375897018970189,0.0803818428184282,0.1343168021680216,0.6170235772357724,0.2486577235772357,0.114340921409214,369.0
2024-09-25,560.0042724609375,38428600,-0.0022055614600836,SPY,0.1521739130434782,0.4927536231884058,0.0652173913043478,0.1739130434782608,0.2971014492753623,0.1231884057971014,0.108695652173913,0.6231884057971014,1.1521739130434785,0.3985507246376811,0.7536231884057971,0.6677710144927537,0.1704644927536232,0.0499405797101449,0.0404673913043478,0.0713695652173913,0.1420572463768115,0.6772101449275362,0.1807297101449275,0.0386724637681159,138,0.1746987951807229,0.4216867469879518,0.072289156626506,0.1867469879518072,0.2349397590361445,0.2048192771084337,0.1024096385542168,0.5662650602409639,1.1746987951807228,0.4578313253012048,0.7168674698795181,0.700533734939759,0.1349512048192771,0.0258421686746987,0.0426542168674698,0.0960186746987951,0.1471807228915662,0.6591367469879519,0.1936849397590361,0.0465042168674698,166.0
2024-09-26,562.2244873046875,48336000,0.0039646391160432,SPY,0.0901639344262295,0.3442622950819672,0.040983606557377,0.1311475409836065,0.1311475409836065,0.1557377049180328,0.1147540983606557,0.4262295081967213,0.8114754098360656,0.4344262295081967,0.3770491803278688,0.6966188524590163,0.1540573770491803,0.0376663934426229,0.0346360655737704,0.0770106557377049,0.1154508196721311,0.6900909836065574,0.194461475409836,0.0790106557377049,122,0.1521739130434782,0.4927536231884058,0.0652173913043478,0.1739130434782608,0.2971014492753623,0.1231884057971014,0.108695652173913,0.6231884057971014,1.1521739130434785,0.3985507246376811,0.7536231884057971,0.6677710144927537,0.1704644927536232,0.0499405797101449,0.0404673913043478,0.0713695652173913,0.1420572463768115,0.6772101449275362,0.1807297101449275,0.0386724637681159,138.0
2024-09-27,561.4091186523438,42100900,-0.0014502546060429,SPY,0.0530973451327433,0.247787610619469,0.0353982300884955,0.0707964601769911,0.1504424778761062,0.0353982300884955,0.0707964601769911,0.3451327433628318,0.7256637168141593,0.2123893805309734,0.5132743362831859,0.6674176991150442,0.1558778761061947,0.0337088495575221,0.0460398230088495,0.0969592920353982,0.0710681415929203,0.8007619469026549,0.1281734513274336,0.0571053097345132,113,0.0901639344262295,0.3442622950819672,0.040983606557377,0.1311475409836065,0.1311475409836065,0.1557377049180328,0.1147540983606557,0.4262295081967213,0.8114754098360656,0.4344262295081967,0.3770491803278688,0.6966188524590163,0.1540573770491803,0.0376663934426229,0.0346360655737704,0.0770106557377049,0.1154508196721311,0.6900909836065574,0.194461475409836,0.0790106557377049,122.0
2024-09-30,563.6588745117188,63557400,0.0040073375807923,SPY,0.1321243523316062,0.4715025906735751,0.0880829015544041,0.1761658031088082,0.199481865284974,0.0932642487046632,0.1269430051813471,0.5906735751295337,1.0829015544041452,0.3808290155440414,0.7020725388601037,0.623040414507772,0.1774841968911917,0.0464487046632124,0.054710621761658,0.0983178756476683,0.0948748704663212,0.7446323834196891,0.1604950777202072,0.065620207253886,386,0.0530973451327433,0.247787610619469,0.0353982300884955,0.0707964601769911,0.1504424778761062,0.0353982300884955,0.0707964601769911,0.3451327433628318,0.7256637168141593,0.2123893805309734,0.5132743362831859,0.6674176991150442,0.1558778761061947,0.0337088495575221,0.0460398230088495,0.0969592920353982,0.0710681415929203,0.8007619469026549,0.1281734513274336,0.0571053097345132,113.0
2024-10-01,558.6092529296875,72668800,-0.0089586482363213,SPY,0.3352941176470588,0.488235294117647,0.0941176470588235,0.4529411764705882,0.2764705882352941,0.2941176470588235,0.1235294117647058,0.6411764705882353,1.2823529411764707,0.6294117647058823,0.6529411764705882,0.6389,0.1881770588235294,0.0473858823529411,0.0363305882352941,0.0892058823529411,0.2251282352941176,0.6096129411764706,0.1652617647058823,-0.0598664705882353,170,0.1321243523316062,0.4715025906735751,0.0880829015544041,0.1761658031088082,0.199481865284974,0.0932642487046632,0.1269430051813471,0.5906735751295337,1.0829015544041452,0.3808290155440414,0.7020725388601037,0.623040414507772,0.1774841968911917,0.0464487046632124,0.054710621761658,0.0983178756476683,0.0948748704663212,0.7446323834196891,0.1604950777202072,0.065620207253886,386.0
2024-10-02,558.8451538085938,38097800,0.000422300342626,SPY,0.2,0.4424242424242424,0.103030303030303,0.2727272727272727,0.2848484848484848,0.2242424242424242,0.1393939393939394,0.5636363636363636,1.0484848484848486,0.4969696969696969,0.5515151515151515,0.6260927272727272,0.1844648484848484,0.0542563636363636,0.0426478787878787,0.092540606060606,0.1155133333333333,0.7073236363636364,0.1771654545454545,0.0616521212121212,165,0.3352941176470588,0.488235294117647,0.0941176470588235,0.4529411764705882,0.2764705882352941,0.2941176470588235,0.1235294117647058,0.6411764705882353,1.2823529411764707,0.6294117647058823,0.6529411764705882,0.6389,0.1881770588235294,0.0473858823529411,0.0363305882352941,0.0892058823529411,0.2251282352941176,0.6096129411764706,0.1652617647058823,-0.0598664705882353,170.0
2024-10-03,557.8234252929688,40846500,-0.0018282855432525,SPY,0.2098765432098765,0.5679012345679012,0.1234567901234567,0.1728395061728395,0.2962962962962963,0.2345679012345679,0.1975308641975308,0.6296296296296297,0.9506172839506172,0.3703703703703703,0.5802469135802469,0.663458024691358,0.1653962962962963,0.0303987654320987,0.0448555555555555,0.095895061728395,0.1065888888888888,0.6956913580246914,0.1977148148148148,0.0911259259259259,81,0.2,0.4424242424242424,0.103030303030303,0.2727272727272727,0.2848484848484848,0.2242424242424242,0.1393939393939394,0.5636363636363636,1.0484848484848486,0.4969696969696969,0.5515151515151515,0.6260927272727272,0.1844648484848484,0.0542563636363636,0.0426478787878787,0.092540606060606,0.1155133333333333,0.7073236363636364,0.1771654545454545,0.0616521212121212,165.0
2024-10-04,562.8925170898438,42939100,0.0090872694961003,SPY,0.2741935483870967,0.4112903225806452,0.1209677419354838,0.1854838709677419,0.3629032258064516,0.1935483870967742,0.2338709677419354,0.6854838709677419,1.1693548387096775,0.4516129032258064,0.717741935483871,0.6430322580645161,0.194375,0.0376008064516129,0.0343725806451612,0.0906193548387096,0.1258475806451613,0.6432951612903226,0.2308629032258064,0.1050153225806451,124,0.2098765432098765,0.5679012345679012,0.1234567901234567,0.1728395061728395,0.2962962962962963,0.2345679012345679,0.1975308641975308,0.6296296296296297,0.9506172839506172,0.3703703703703703,0.5802469135802469,0.663458024691358,0.1653962962962963,0.0303987654320987,0.0448555555555555,0.095895061728395,0.1065888888888888,0.6956913580246914,0.1977148148148148,0.0911259259259259,81.0
2024-10-07,557.8037719726562,49964700,-0.0090403495564238,SPY,0.1548387096774193,0.3709677419354839,0.0516129032258064,0.1741935483870967,0.2,0.1677419354838709,0.1290322580645161,0.5967741935483871,1.132258064516129,0.3709677419354839,0.7612903225806451,0.6336132258064516,0.1803232258064516,0.0421067741935483,0.0442438709677419,0.0997116129032258,0.1530277419354838,0.7010632258064516,0.145906129032258,-0.0071216129032258,310,0.2741935483870967,0.4112903225806452,0.1209677419354838,0.1854838709677419,0.3629032258064516,0.1935483870967742,0.2338709677419354,0.6854838709677419,1.1693548387096775,0.4516129032258064,0.717741935483871,0.6430322580645161,0.194375,0.0376008064516129,0.0343725806451612,0.0906193548387096,0.1258475806451613,0.6432951612903226,0.2308629032258064,0.1050153225806451,124.0
2024-10-08,563.0792236328125,37398700,0.0094575403129666,SPY,0.2455089820359281,0.4131736526946107,0.1257485029940119,0.3053892215568862,0.1916167664670658,0.2514970059880239,0.2934131736526946,0.4850299401197604,0.8083832335329342,0.7604790419161677,0.0479041916167664,0.6067532934131736,0.2028431137724551,0.0649880239520958,0.0415844311377245,0.0838281437125748,0.2279107784431138,0.6314485029940119,0.1406425149700599,-0.0872682634730539,167,0.1548387096774193,0.3709677419354839,0.0516129032258064,0.1741935483870967,0.2,0.1677419354838709,0.1290322580645161,0.5967741935483871,1.132258064516129,0.3709677419354839,0.7612903225806451,0.6336132258064516,0.1803232258064516,0.0421067741935483,0.0442438709677419,0.0997116129032258,0.1530277419354838,0.7010632258064516,0.145906129032258,-0.0071216129032258,310.0
2024-10-09,566.9793090820312,37912200,0.0069263529633656,SPY,0.1420765027322404,0.3278688524590163,0.0546448087431694,0.180327868852459,0.2185792349726776,0.1092896174863388,0.0655737704918032,0.5081967213114754,0.9508196721311476,0.3278688524590163,0.6229508196721312,0.7003612021857923,0.1536415300546448,0.0277825136612021,0.0381169398907103,0.0800994535519125,0.1427939890710382,0.5534049180327869,0.3038010928961748,0.1610071038251366,183,0.2455089820359281,0.4131736526946107,0.1257485029940119,0.3053892215568862,0.1916167664670658,0.2514970059880239,0.2934131736526946,0.4850299401197604,0.8083832335329342,0.7604790419161677,0.0479041916167664,0.6067532934131736,0.2028431137724551,0.0649880239520958,0.0415844311377245,0.0838281437125748,0.2279107784431138,0.6314485029940119,0.1406425149700599,-0.0872682634730539,167.0
2024-10-10,565.987060546875,44138100,-0.0017500612795954,SPY,0.1554770318021201,0.4982332155477031,0.07773851590106,0.2120141342756183,0.2968197879858657,0.1484098939929328,0.1201413427561837,0.7809187279151943,1.3745583038869258,0.4734982332155477,0.901060070671378,0.6431812720848056,0.1493508833922261,0.0286201413427561,0.0585830388692579,0.1202583038869257,0.0922936395759717,0.5992717314487632,0.3084325088339222,0.2161388692579505,283,0.1420765027322404,0.3278688524590163,0.0546448087431694,0.180327868852459,0.2185792349726776,0.1092896174863388,0.0655737704918032,0.5081967213114754,0.9508196721311476,0.3278688524590163,0.6229508196721312,0.7003612021857923,0.1536415300546448,0.0277825136612021,0.0381169398907103,0.0800994535519125,0.1427939890710382,0.5534049180327869,0.3038010928961748,0.1610071038251366,183.0
2024-10-11,569.3762817382812,42268000,0.0059881602030469,SPY,0.1515151515151515,0.4787878787878787,0.0727272727272727,0.206060606060606,0.1696969696969697,0.0969696969696969,0.1515151515151515,0.5393939393939394,0.9575757575757576,0.3878787878787879,0.5696969696969697,0.675009090909091,0.1515684848484848,0.0381412121212121,0.0482333333333333,0.0870436363636363,0.1413442424242424,0.6419672727272727,0.2166884848484848,0.0753442424242424,165,0.1554770318021201,0.4982332155477031,0.07773851590106,0.2120141342756183,0.2968197879858657,0.1484098939929328,0.1201413427561837,0.7809187279151943,1.3745583038869258,0.4734982332155477,0.901060070671378,0.6431812720848056,0.1493508833922261,0.0286201413427561,0.0585830388692579,0.1202583038869257,0.0922936395759717,0.5992717314487632,0.3084325088339222,0.2161388692579505,283.0
2024-10-14,574.0328979492188,36217200,0.0081784513340124,SPY,0.1931540342298288,0.4743276283618582,0.097799511002445,0.3031784841075794,0.3374083129584352,0.1760391198044009,0.1466992665036675,0.7775061124694377,1.276283618581907,0.5207823960880196,0.7555012224938875,0.6480770171149144,0.1987493887530562,0.0320251833740831,0.0348452322738386,0.0862973105134474,0.1313909535452322,0.6688858190709046,0.199721760391198,0.0683308068459657,409,0.1515151515151515,0.4787878787878787,0.0727272727272727,0.206060606060606,0.1696969696969697,0.0969696969696969,0.1515151515151515,0.5393939393939394,0.9575757575757576,0.3878787878787879,0.5696969696969697,0.675009090909091,0.1515684848484848,0.0381412121212121,0.0482333333333333,0.0870436363636363,0.1413442424242424,0.6419672727272727,0.2166884848484848,0.0753442424242424,165.0
2024-10-15,569.5728759765625,54203600,-0.0077696278185275,SPY,0.1655172413793103,0.5586206896551724,0.0758620689655172,0.1517241379310344,0.1793103448275862,0.1448275862068965,0.1724137931034483,0.5379310344827586,0.9103448275862068,0.503448275862069,0.4068965517241379,0.6842186206896551,0.1773344827586206,0.0297710344827586,0.0318579310344827,0.0768179310344827,0.1699331034482758,0.6646186206896552,0.1654496551724138,-0.004483448275862,145,0.1931540342298288,0.4743276283618582,0.097799511002445,0.3031784841075794,0.3374083129584352,0.1760391198044009,0.1466992665036675,0.7775061124694377,1.276283618581907,0.5207823960880196,0.7555012224938875,0.6480770171149144,0.1987493887530562,0.0320251833740831,0.0348452322738386,0.0862973105134474,0.1313909535452322,0.6688858190709046,0.199721760391198,0.0683308068459657,409.0
2024-10-16,572.0485229492188,30725400,0.0043464973089029,SPY,0.2007874015748031,0.4960629921259842,0.0748031496062992,0.2598425196850393,0.2480314960629921,0.2598425196850393,0.1771653543307086,0.6259842519685039,1.0511811023622046,0.6535433070866141,0.3976377952755905,0.6001673228346457,0.2152051181102362,0.034915748031496,0.0420389763779527,0.10766968503937,0.2483929133858267,0.5026964566929134,0.2489110236220472,0.0005181102362204,254,0.1655172413793103,0.5586206896551724,0.0758620689655172,0.1517241379310344,0.1793103448275862,0.1448275862068965,0.1724137931034483,0.5379310344827586,0.9103448275862068,0.503448275862069,0.4068965517241379,0.6842186206896551,0.1773344827586206,0.0297710344827586,0.0318579310344827,0.0768179310344827,0.1699331034482758,0.6646186206896552,0.1654496551724138,-0.004483448275862,145.0
2024-10-17,572.0975341796875,34393700,8.56767013679427e-05,SPY,0.2017543859649122,0.5131578947368421,0.0701754385964912,0.219298245614035,0.25,0.1666666666666666,0.1447368421052631,0.631578947368421,1.1096491228070176,0.5175438596491229,0.5921052631578947,0.6520921052631579,0.1738868421052631,0.0365964912280701,0.0416328947368421,0.0957951754385964,0.1810307017543859,0.6316491228070175,0.187315350877193,0.006284649122807,228,0.2007874015748031,0.4960629921259842,0.0748031496062992,0.2598425196850393,0.2480314960629921,0.2598425196850393,0.1771653543307086,0.6259842519685039,1.0511811023622046,0.6535433070866141,0.3976377952755905,0.6001673228346457,0.2152051181102362,0.034915748031496,0.0420389763779527,0.10766968503937,0.2483929133858267,0.5026964566929134,0.2489110236220472,0.0005181102362204,254.0
2024-10-18,574.2982177734375,37416800,0.0038466930239535,SPY,0.1822033898305084,0.5296610169491526,0.1059322033898305,0.2457627118644068,0.2161016949152542,0.1779661016949152,0.1483050847457627,0.6483050847457628,0.9745762711864406,0.5127118644067796,0.461864406779661,0.5878372881355932,0.2290461864406779,0.0423860169491525,0.0431593220338983,0.0975733050847457,0.1548572033898305,0.6900254237288136,0.155118220338983,0.0002610169491525,236,0.2017543859649122,0.5131578947368421,0.0701754385964912,0.219298245614035,0.25,0.1666666666666666,0.1447368421052631,0.631578947368421,1.1096491228070176,0.5175438596491229,0.5921052631578947,0.6520921052631579,0.1738868421052631,0.0365964912280701,0.0416328947368421,0.0957951754385964,0.1810307017543859,0.6316491228070175,0.187315350877193,0.006284649122807,228.0
2024-10-21,573.3550415039062,36439000,-0.0016423109811971,SPY,0.1712328767123287,0.3732876712328767,0.0993150684931506,0.1643835616438356,0.1643835616438356,0.1232876712328767,0.0856164383561643,0.5034246575342466,0.9383561643835616,0.3424657534246575,0.5958904109589042,0.6581917808219179,0.1589150684931506,0.0314664383561643,0.0478753424657534,0.1035558219178082,0.107292808219178,0.6941424657534248,0.1985647260273972,0.0912719178082191,292,0.1822033898305084,0.5296610169491526,0.1059322033898305,0.2457627118644068,0.2161016949152542,0.1779661016949152,0.1483050847457627,0.6483050847457628,0.9745762711864406,0.5127118644067796,0.461864406779661,0.5878372881355932,0.2290461864406779,0.0423860169491525,0.0431593220338983,0.0975733050847457,0.1548572033898305,0.6900254237288136,0.155118220338983,0.0002610169491525,236.0
2024-10-22,573.0504760742188,34183800,-0.000531198659889,SPY,0.1761006289308176,0.389937106918239,0.0754716981132075,0.2327044025157232,0.2264150943396226,0.1320754716981132,0.1320754716981132,0.6226415094339622,0.9182389937106918,0.4276729559748428,0.490566037735849,0.6669276729559749,0.1793572327044025,0.031766037735849,0.038688679245283,0.083266037735849,0.1527383647798742,0.6449880503144654,0.2022742138364779,0.0495358490566037,159,0.1712328767123287,0.3732876712328767,0.0993150684931506,0.1643835616438356,0.1643835616438356,0.1232876712328767,0.0856164383561643,0.5034246575342466,0.9383561643835616,0.3424657534246575,0.5958904109589042,0.6581917808219179,0.1589150684931506,0.0314664383561643,0.0478753424657534,0.1035558219178082,0.107292808219178,0.6941424657534248,0.1985647260273972,0.0912719178082191,292.0
2024-10-23,567.8143310546875,49314600,-0.0091373190288617,SPY,0.1818181818181818,0.3896103896103896,0.0779220779220779,0.1428571428571428,0.1818181818181818,0.1428571428571428,0.1363636363636363,0.435064935064935,0.9090909090909092,0.4155844155844156,0.4935064935064935,0.698709090909091,0.137564935064935,0.0348123376623376,0.0364785714285714,0.0924292207792207,0.1136928571428571,0.6578162337662338,0.2284850649350649,0.1147922077922077,154,0.1761006289308176,0.389937106918239,0.0754716981132075,0.2327044025157232,0.2264150943396226,0.1320754716981132,0.1320754716981132,0.6226415094339622,0.9182389937106918,0.4276729559748428,0.490566037735849,0.6669276729559749,0.1793572327044025,0.031766037735849,0.038688679245283,0.083266037735849,0.1527383647798742,0.6449880503144654,0.2022742138364779,0.0495358490566037,159.0
2024-10-24,569.0423583984375,34979900,0.0021627269277775,SPY,0.3171806167400881,0.4933920704845815,0.2511013215859031,0.4713656387665198,0.1894273127753304,0.2731277533039647,0.118942731277533,0.5726872246696035,1.171806167400881,0.6960352422907489,0.4757709251101321,0.6755132158590308,0.1521519823788546,0.0345167400881057,0.0567471365638766,0.081074449339207,0.2278678414096916,0.5462555066079295,0.2258775330396475,-0.001990308370044,227,0.1818181818181818,0.3896103896103896,0.0779220779220779,0.1428571428571428,0.1818181818181818,0.1428571428571428,0.1363636363636363,0.435064935064935,0.9090909090909092,0.4155844155844156,0.4935064935064935,0.698709090909091,0.137564935064935,0.0348123376623376,0.0364785714285714,0.0924292207792207,0.1136928571428571,0.6578162337662338,0.2284850649350649,0.1147922077922077,154.0
2024-10-25,568.8458251953125,47268200,-0.0003453753489953,SPY,0.1731843575418994,0.4581005586592179,0.0502793296089385,0.1675977653631284,0.1955307262569832,0.1340782122905028,0.1117318435754189,0.5195530726256983,0.994413407821229,0.4301675977653631,0.5642458100558659,0.6238938547486034,0.2023927374301675,0.0370932960893854,0.0438351955307262,0.0927793296089385,0.1500569832402234,0.5677391061452514,0.2822016759776536,0.1321446927374301,179,0.3171806167400881,0.4933920704845815,0.2511013215859031,0.4713656387665198,0.1894273127753304,0.2731277533039647,0.118942731277533,0.5726872246696035,1.171806167400881,0.6960352422907489,0.4757709251101321,0.6755132158590308,0.1521519823788546,0.0345167400881057,0.0567471365638766,0.081074449339207,0.2278678414096916,0.5462555066079295,0.2258775330396475,-0.001990308370044,227.0
2024-10-28,570.6044311523438,30174700,0.0030915335564385,SPY,0.1196581196581196,0.3732193732193732,0.0683760683760683,0.225071225071225,0.1623931623931624,0.1538461538461538,0.1367521367521367,0.5897435897435898,0.9971509971509972,0.376068376068376,0.6210826210826211,0.6340980056980057,0.2065951566951566,0.0328820512820512,0.0365527065527065,0.0898678062678062,0.122411396011396,0.7197458689458689,0.1578407407407407,0.0354293447293447,351,0.1731843575418994,0.4581005586592179,0.0502793296089385,0.1675977653631284,0.1955307262569832,0.1340782122905028,0.1117318435754189,0.5195530726256983,0.994413407821229,0.4301675977653631,0.5642458100558659,0.6238938547486034,0.2023927374301675,0.0370932960893854,0.0438351955307262,0.0927793296089385,0.1500569832402234,0.5677391061452514,0.2822016759776536,0.1321446927374301,179.0
2024-10-29,571.52783203125,42899700,0.0016182855030435,SPY,0.1616766467065868,0.5808383233532934,0.0538922155688622,0.2035928143712574,0.2574850299401197,0.1137724550898203,0.1377245508982036,0.5089820359281437,0.844311377245509,0.4251497005988024,0.4191616766467065,0.6268850299401197,0.166414371257485,0.0430706586826347,0.0572748502994011,0.1063538922155688,0.1172526946107784,0.6166107784431138,0.2661371257485029,0.1488844311377245,167,0.1196581196581196,0.3732193732193732,0.0683760683760683,0.225071225071225,0.1623931623931624,0.1538461538461538,0.1367521367521367,0.5897435897435898,0.9971509971509972,0.376068376068376,0.6210826210826211,0.6340980056980057,0.2065951566951566,0.0328820512820512,0.0365527065527065,0.0898678062678062,0.122411396011396,0.7197458689458689,0.1578407407407407,0.0354293447293447,351.0
2024-10-30,569.7988891601562,41435800,-0.0030251245419649,SPY,0.1256830601092896,0.4207650273224044,0.0546448087431694,0.1420765027322404,0.2404371584699453,0.1038251366120218,0.087431693989071,0.6721311475409836,1.2076502732240435,0.3278688524590163,0.8797814207650273,0.6032142076502732,0.1924928961748633,0.0362453551912568,0.0564054644808743,0.1116420765027322,0.1535191256830601,0.6343890710382514,0.2120863387978142,0.0585672131147541,183,0.1616766467065868,0.5808383233532934,0.0538922155688622,0.2035928143712574,0.2574850299401197,0.1137724550898203,0.1377245508982036,0.5089820359281437,0.844311377245509,0.4251497005988024,0.4191616766467065,0.6268850299401197,0.166414371257485,0.0430706586826347,0.0572748502994011,0.1063538922155688,0.1172526946107784,0.6166107784431138,0.2661371257485029,0.1488844311377245,167.0
2024-10-31,558.6289672851562,60182500,-0.019603270710941,SPY,0.1875,0.4375,0.0454545454545454,0.1420454545454545,0.1875,0.1647727272727272,0.1193181818181818,0.4204545454545454,0.9545454545454546,0.4034090909090909,0.5511363636363636,0.7149482954545454,0.1420602272727272,0.0359795454545454,0.0339329545454545,0.0730846590909091,0.17095625,0.6294693181818182,0.1995710227272727,0.0286147727272727,176,0.1256830601092896,0.4207650273224044,0.0546448087431694,0.1420765027322404,0.2404371584699453,0.1038251366120218,0.087431693989071,0.6721311475409836,1.2076502732240435,0.3278688524590163,0.8797814207650273,0.6032142076502732,0.1924928961748633,0.0362453551912568,0.0564054644808743,0.1116420765027322,0.1535191256830601,0.6343890710382514,0.2120863387978142,0.0585672131147541,183.0
2024-11-01,560.9866333007812,45667500,0.0042204506992948,SPY,0.0748031496062992,0.4133858267716535,0.0748031496062992,0.1811023622047244,0.2165354330708661,0.1653543307086614,0.1141732283464567,0.610236220472441,1.15748031496063,0.3779527559055118,0.7795275590551181,0.6800944881889763,0.1462956692913385,0.0392724409448818,0.044317716535433,0.090021653543307,0.1287759842519685,0.6950464566929133,0.1761736220472441,0.0473976377952755,254,0.1875,0.4375,0.0454545454545454,0.1420454545454545,0.1875,0.1647727272727272,0.1193181818181818,0.4204545454545454,0.9545454545454546,0.4034090909090909,0.5511363636363636,0.7149482954545454,0.1420602272727272,0.0359795454545454,0.0339329545454545,0.0730846590909091,0.17095625,0.6294693181818182,0.1995710227272727,0.0286147727272727,176.0
2024-11-04,559.7783203125,38217000,-0.0021539069142729,SPY,0.1972157772621809,0.4709976798143852,0.0580046403712296,0.2993039443155452,0.2412993039443155,0.1670533642691415,0.1044083526682134,0.6241299303944315,1.2691415313225058,0.5336426914153132,0.7354988399071926,0.6302299303944315,0.1982290023201856,0.0343677494199535,0.0451245939675174,0.092045475638051,0.1548733178654292,0.6540399071925754,0.1910860788863108,0.0362127610208816,431,0.0748031496062992,0.4133858267716535,0.0748031496062992,0.1811023622047244,0.2165354330708661,0.1653543307086614,0.1141732283464567,0.610236220472441,1.15748031496063,0.3779527559055118,0.7795275590551181,0.6800944881889763,0.1462956692913385,0.0392724409448818,0.044317716535433,0.090021653543307,0.1287759842519685,0.6950464566929133,0.1761736220472441,0.0473976377952755,254.0
2024-11-05,566.5470581054688,39478300,0.0120918183990941,SPY,0.1842105263157894,0.5964912280701754,0.043859649122807,0.1842105263157894,0.2368421052631578,0.131578947368421,0.087719298245614,0.4385964912280701,1.1228070175438596,0.3596491228070175,0.7631578947368421,0.6348350877192983,0.1902675438596491,0.0432175438596491,0.0366807017543859,0.0949921052631578,0.1244114035087719,0.6914815789473685,0.184109649122807,0.059698245614035,114,0.1972157772621809,0.4709976798143852,0.0580046403712296,0.2993039443155452,0.2412993039443155,0.1670533642691415,0.1044083526682134,0.6241299303944315,1.2691415313225058,0.5336426914153132,0.7354988399071926,0.6302299303944315,0.1982290023201856,0.0343677494199535,0.0451245939675174,0.092045475638051,0.1548733178654292,0.6540399071925754,0.1910860788863108,0.0362127610208816,431.0
2024-11-06,580.6345825195312,68182000,0.0248655856782156,SPY,0.2012195121951219,0.5426829268292683,0.1097560975609756,0.2347560975609756,0.3506097560975609,0.1920731707317073,0.2682926829268293,0.6554878048780488,1.195121951219512,0.4359756097560975,0.7591463414634146,0.5838835365853658,0.2138137195121951,0.0422359756097561,0.0434112804878048,0.1166545731707317,0.1448713414634146,0.6565381097560976,0.1985911585365853,0.0537198170731707,328,0.1842105263157894,0.5964912280701754,0.043859649122807,0.1842105263157894,0.2368421052631578,0.131578947368421,0.087719298245614,0.4385964912280701,1.1228070175438596,0.3596491228070175,0.7631578947368421,0.6348350877192983,0.1902675438596491,0.0432175438596491,0.0366807017543859,0.0949921052631578,0.1244114035087719,0.6914815789473685,0.184109649122807,0.059698245614035,114.0
2024-11-07,585.1242065429688,47233200,0.0077322711367893,SPY,0.1914893617021276,0.3882978723404255,0.0957446808510638,0.2234042553191489,0.2234042553191489,0.1117021276595744,0.202127659574468,0.4468085106382978,0.8191489361702128,0.4095744680851064,0.4095744680851064,0.6428494680851063,0.1922829787234042,0.0313159574468085,0.0420941489361702,0.0914531914893617,0.1293904255319148,0.6895696808510638,0.1810361702127659,0.051645744680851,188,0.2012195121951219,0.5426829268292683,0.1097560975609756,0.2347560975609756,0.3506097560975609,0.1920731707317073,0.2682926829268293,0.6554878048780488,1.195121951219512,0.4359756097560975,0.7591463414634146,0.5838835365853658,0.2138137195121951,0.0422359756097561,0.0434112804878048,0.1166545731707317,0.1448713414634146,0.6565381097560976,0.1985911585365853,0.0537198170731707,328.0
2024-11-08,587.6587524414062,46444900,0.0043316374029578,SPY,0.1576763485477178,0.3568464730290456,0.0788381742738589,0.2946058091286307,0.2157676348547718,0.1950207468879668,0.1825726141078838,0.5311203319502075,0.979253112033195,0.5394190871369294,0.4398340248962655,0.6510141078838174,0.1784248962655601,0.0399443983402489,0.0426975103734439,0.0879253112033195,0.1935141078838174,0.5923356846473029,0.2141464730290456,0.0206323651452282,241,0.1914893617021276,0.3882978723404255,0.0957446808510638,0.2234042553191489,0.2234042553191489,0.1117021276595744,0.202127659574468,0.4468085106382978,0.8191489361702128,0.4095744680851064,0.4095744680851064,0.6428494680851063,0.1922829787234042,0.0313159574468085,0.0420941489361702,0.0914531914893617,0.1293904255319148,0.6895696808510638,0.1810361702127659,0.051645744680851,188.0
2024-11-11,588.21875,37586800,0.0009529298360098,SPY,0.1569892473118279,0.3569892473118279,0.0924731182795698,0.1612903225806451,0.1806451612903225,0.1612903225806451,0.1763440860215053,0.5225806451612903,0.8559139784946237,0.4408602150537634,0.4150537634408602,0.6715064516129032,0.1737881720430107,0.0403658064516129,0.0339870967741935,0.0803595698924731,0.1600817204301075,0.7042606451612903,0.1356595698924731,-0.0244221505376344,465,0.1576763485477178,0.3568464730290456,0.0788381742738589,0.2946058091286307,0.2157676348547718,0.1950207468879668,0.1825726141078838,0.5311203319502075,0.979253112033195,0.5394190871369294,0.4398340248962655,0.6510141078838174,0.1784248962655601,0.0399443983402489,0.0426975103734439,0.0879253112033195,0.1935141078838174,0.5923356846473029,0.2141464730290456,0.0206323651452282,241.0
2024-11-12,586.3914794921875,43006100,-0.0031064472321096,SPY,0.1904761904761904,0.4805194805194805,0.0692640692640692,0.1904761904761904,0.2943722943722944,0.1948051948051948,0.1774891774891775,0.645021645021645,1.2034632034632036,0.4415584415584415,0.7619047619047619,0.6600177489177489,0.1531207792207792,0.0424904761904761,0.0495887445887445,0.0947770562770562,0.1455748917748917,0.6437419913419913,0.2106909090909091,0.0651160173160173,231,0.1569892473118279,0.3569892473118279,0.0924731182795698,0.1612903225806451,0.1806451612903225,0.1612903225806451,0.1763440860215053,0.5225806451612903,0.8559139784946237,0.4408602150537634,0.4150537634408602,0.6715064516129032,0.1737881720430107,0.0403658064516129,0.0339870967741935,0.0803595698924731,0.1600817204301075,0.7042606451612903,0.1356595698924731,-0.0244221505376344,465.0
2024-11-13,586.6763305664062,47388600,0.0004857694632012,SPY,0.1495726495726495,0.3418803418803419,0.0854700854700854,0.1965811965811965,0.2179487179487179,0.1581196581196581,0.1111111111111111,0.5555555555555556,1.0427350427350428,0.4102564102564102,0.6324786324786325,0.6850192307692308,0.1579952991452991,0.0359747863247863,0.0404346153846153,0.0805803418803418,0.1696662393162393,0.6621106837606837,0.1682230769230769,-0.0014431623931623,234,0.1904761904761904,0.4805194805194805,0.0692640692640692,0.1904761904761904,0.2943722943722944,0.1948051948051948,0.1774891774891775,0.645021645021645,1.2034632034632036,0.4415584415584415,0.7619047619047619,0.6600177489177489,0.1531207792207792,0.0424904761904761,0.0495887445887445,0.0947770562770562,0.1455748917748917,0.6437419913419913,0.2106909090909091,0.0651160173160173,231.0
2024-11-14,582.9039306640625,38904100,-0.006430121185734,SPY,0.1854304635761589,0.4370860927152318,0.0794701986754966,0.2450331125827814,0.2052980132450331,0.1721854304635761,0.152317880794702,0.5960264900662252,1.225165562913907,0.5099337748344371,0.7152317880794702,0.6587615894039736,0.1694245033112582,0.0409582781456953,0.0426086092715231,0.0882384105960265,0.1645880794701986,0.5971880794701987,0.2382245033112582,0.0736364238410596,151,0.1495726495726495,0.3418803418803419,0.0854700854700854,0.1965811965811965,0.2179487179487179,0.1581196581196581,0.1111111111111111,0.5555555555555556,1.0427350427350428,0.4102564102564102,0.6324786324786325,0.6850192307692308,0.1579952991452991,0.0359747863247863,0.0404346153846153,0.0805803418803418,0.1696662393162393,0.6621106837606837,0.1682230769230769,-0.0014431623931623,234.0
2024-11-15,575.437744140625,75988800,-0.0128086055534601,SPY,0.1164021164021164,0.544973544973545,0.0529100529100529,0.1534391534391534,0.3174603174603174,0.0793650793650793,0.1322751322751322,0.6931216931216931,1.2962962962962965,0.3227513227513227,0.9735449735449736,0.6277962962962963,0.1627449735449735,0.0331222222222222,0.0441730158730158,0.1321719576719576,0.0870857142857142,0.6019079365079365,0.3110042328042328,0.2239185185185185,189,0.1854304635761589,0.4370860927152318,0.0794701986754966,0.2450331125827814,0.2052980132450331,0.1721854304635761,0.152317880794702,0.5960264900662252,1.225165562913907,0.5099337748344371,0.7152317880794702,0.6587615894039736,0.1694245033112582,0.0409582781456953,0.0426086092715231,0.0882384105960265,0.1645880794701986,0.5971880794701987,0.2382245033112582,0.0736364238410596,151.0
2024-11-18,577.7955322265625,37001700,0.0040973817062672,SPY,0.1454545454545454,0.4454545454545454,0.0477272727272727,0.1681818181818181,0.2318181818181818,0.125,0.15,0.6068181818181818,0.9659090909090908,0.4568181818181818,0.509090909090909,0.6667220454545455,0.1683695454545454,0.0319372727272727,0.0451618181818181,0.0878086363636363,0.1400829545454545,0.6844793181818182,0.1754390909090909,0.0353561363636363,440,0.1164021164021164,0.544973544973545,0.0529100529100529,0.1534391534391534,0.3174603174603174,0.0793650793650793,0.1322751322751322,0.6931216931216931,1.2962962962962965,0.3227513227513227,0.9735449735449736,0.6277962962962963,0.1627449735449735,0.0331222222222222,0.0441730158730158,0.1321719576719576,0.0870857142857142,0.6019079365079365,0.3110042328042328,0.2239185185185185,189.0
2024-11-19,579.9076538085938,49412000,0.0036554827170298,SPY,0.1977611940298507,0.5485074626865671,0.0708955223880597,0.1940298507462686,0.3134328358208955,0.1828358208955224,0.1082089552238805,0.6604477611940298,1.2761194029850746,0.503731343283582,0.7723880597014925,0.6402011194029851,0.1784697761194029,0.0321238805970149,0.0398891791044776,0.1093149253731343,0.0984548507462686,0.5866832089552239,0.3148608208955223,0.2164059701492537,268,0.1454545454545454,0.4454545454545454,0.0477272727272727,0.1681818181818181,0.2318181818181818,0.125,0.15,0.6068181818181818,0.9659090909090908,0.4568181818181818,0.509090909090909,0.6667220454545455,0.1683695454545454,0.0319372727272727,0.0451618181818181,0.0878086363636363,0.1400829545454545,0.6844793181818182,0.1754390909090909,0.0353561363636363,440.0
2024-11-20,580.1041259765625,50032600,0.000338799059951,SPY,0.1245136186770428,0.424124513618677,0.0311284046692607,0.1050583657587548,0.2101167315175097,0.0778210116731517,0.1984435797665369,0.5408560311284046,1.1245136186770428,0.2879377431906614,0.8365758754863813,0.6924322957198443,0.1227455252918287,0.0327276264591439,0.0501105058365758,0.1019824902723735,0.074944747081712,0.5905509727626459,0.3345019455252918,0.2595571984435798,257,0.1977611940298507,0.5485074626865671,0.0708955223880597,0.1940298507462686,0.3134328358208955,0.1828358208955224,0.1082089552238805,0.6604477611940298,1.2761194029850746,0.503731343283582,0.7723880597014925,0.6402011194029851,0.1784697761194029,0.0321238805970149,0.0398891791044776,0.1093149253731343,0.0984548507462686,0.5866832089552239,0.3148608208955223,0.2164059701492537,268.0
2024-11-21,583.21826171875,46750300,0.0053682358092956,SPY,0.2176165803108808,0.5181347150259067,0.0932642487046632,0.2072538860103626,0.2590673575129533,0.1347150259067357,0.1450777202072538,0.772020725388601,1.450777202072539,0.3626943005181347,1.0880829015544042,0.6679134715025906,0.1527937823834197,0.0330362694300518,0.0557875647668393,0.0904663212435233,0.1205419689119171,0.6627559585492229,0.2166968911917098,0.0961549222797927,193,0.1245136186770428,0.424124513618677,0.0311284046692607,0.1050583657587548,0.2101167315175097,0.0778210116731517,0.1984435797665369,0.5408560311284046,1.1245136186770428,0.2879377431906614,0.8365758754863813,0.6924322957198443,0.1227455252918287,0.0327276264591439,0.0501105058365758,0.1019824902723735,0.074944747081712,0.5905509727626459,0.3345019455252918,0.2595571984435798,257.0
2024-11-22,585.0260009765625,38226400,0.0030995930279773,SPY,0.1871921182266009,0.4285714285714285,0.083743842364532,0.2266009852216748,0.2610837438423645,0.1625615763546798,0.1527093596059113,0.6157635467980296,1.0689655172413792,0.4975369458128079,0.5714285714285714,0.6493448275862069,0.1761586206896551,0.0343733990147783,0.0426019704433497,0.0975290640394088,0.1613044334975369,0.6269591133004926,0.2117403940886699,0.050435960591133,203,0.2176165803108808,0.5181347150259067,0.0932642487046632,0.2072538860103626,0.2590673575129533,0.1347150259067357,0.1450777202072538,0.772020725388601,1.450777202072539,0.3626943005181347,1.0880829015544042,0.6679134715025906,0.1527937823834197,0.0330362694300518,0.0557875647668393,0.0904663212435233,0.1205419689119171,0.6627559585492229,0.2166968911917098,0.0961549222797927,193.0
2024-11-25,587.0103149414062,42441400,0.0033918389294345,SPY,0.2058252427184466,0.4466019417475728,0.0990291262135922,0.2213592233009708,0.2213592233009708,0.1631067961165048,0.2058252427184466,0.6077669902912621,1.137864077669903,0.574757281553398,0.5631067961165048,0.6406064077669903,0.1830784466019417,0.0404108737864077,0.043649708737864,0.0922532038834951,0.1515578640776699,0.6225633009708738,0.2258809708737864,0.0743231067961165,515,0.1871921182266009,0.4285714285714285,0.083743842364532,0.2266009852216748,0.2610837438423645,0.1625615763546798,0.1527093596059113,0.6157635467980296,1.0689655172413792,0.4975369458128079,0.5714285714285714,0.6493448275862069,0.1761586206896551,0.0343733990147783,0.0426019704433497,0.0975290640394088,0.1613044334975369,0.6269591133004926,0.2117403940886699,0.050435960591133,203.0
2024-11-26,590.0753784179688,45621300,0.0052214814604552,SPY,0.2564102564102564,0.4249084249084249,0.1575091575091575,0.2234432234432234,0.2234432234432234,0.1355311355311355,0.2637362637362637,0.5604395604395604,1.0402930402930404,0.5531135531135531,0.4871794871794871,0.6757831501831502,0.1374794871794872,0.0446739926739926,0.0463351648351648,0.0957263736263736,0.1758032967032967,0.6239417582417582,0.2002538461538461,0.0244505494505494,273,0.2058252427184466,0.4466019417475728,0.0990291262135922,0.2213592233009708,0.2213592233009708,0.1631067961165048,0.2058252427184466,0.6077669902912621,1.137864077669903,0.574757281553398,0.5631067961165048,0.6406064077669903,0.1830784466019417,0.0404108737864077,0.043649708737864,0.0922532038834951,0.1515578640776699,0.6225633009708738,0.2258809708737864,0.0743231067961165,515.0
2024-11-27,588.2874145507812,34000200,-0.0030300601119489,SPY,0.373134328358209,0.681592039800995,0.1691542288557214,0.3233830845771144,0.2935323383084577,0.1840796019900497,0.2736318407960199,0.6069651741293532,1.044776119402985,0.6766169154228856,0.3681592039800995,0.6767746268656717,0.1661935323383084,0.0396044776119402,0.0393870646766169,0.0780407960199005,0.1783935323383084,0.6582447761194029,0.1633592039800995,-0.0150343283582089,201,0.2564102564102564,0.4249084249084249,0.1575091575091575,0.2234432234432234,0.2234432234432234,0.1355311355311355,0.2637362637362637,0.5604395604395604,1.0402930402930404,0.5531135531135531,0.4871794871794871,0.6757831501831502,0.1374794871794872,0.0446739926739926,0.0463351648351648,0.0957263736263736,0.1758032967032967,0.6239417582417582,0.2002538461538461,0.0244505494505494,273.0
2024-11-29,591.9419555664062,30177400,0.0062121692989396,SPY,0.2215189873417721,0.3829113924050633,0.0854430379746835,0.1329113924050632,0.1455696202531645,0.1234177215189873,0.1740506329113924,0.4082278481012658,0.8765822784810127,0.4208860759493671,0.4556962025316455,0.6588101265822784,0.1775433544303797,0.0375117088607594,0.0357588607594936,0.0903784810126582,0.0892424050632911,0.7470389240506329,0.1637193037974683,0.0744768987341772,316,0.373134328358209,0.681592039800995,0.1691542288557214,0.3233830845771144,0.2935323383084577,0.1840796019900497,0.2736318407960199,0.6069651741293532,1.044776119402985,0.6766169154228856,0.3681592039800995,0.6767746268656717,0.1661935323383084,0.0396044776119402,0.0393870646766169,0.0780407960199005,0.1783935323383084,0.6582447761194029,0.1633592039800995,-0.0150343283582089,201.0
2024-12-02,593.0029296875,31746000,0.0017923617528994,SPY,0.2198473282442748,0.5190839694656488,0.099236641221374,0.2519083969465648,0.2106870229007633,0.1648854961832061,0.1740458015267175,0.5786259541984733,1.0641221374045802,0.5847328244274809,0.4793893129770992,0.637324427480916,0.1583520610687023,0.0353367938931297,0.0537981679389312,0.1151931297709923,0.1401323664122137,0.6079938931297709,0.2518703816793893,0.1117380152671755,655,0.2215189873417721,0.3829113924050633,0.0854430379746835,0.1329113924050632,0.1455696202531645,0.1234177215189873,0.1740506329113924,0.4082278481012658,0.8765822784810127,0.4208860759493671,0.4556962025316455,0.6588101265822784,0.1775433544303797,0.0375117088607594,0.0357588607594936,0.0903784810126582,0.0892424050632911,0.7470389240506329,0.1637193037974683,0.0744768987341772,316.0
2024-12-03,593.2780151367188,26906600,0.0004638854809093,SPY,0.2754491017964072,0.4251497005988024,0.1437125748502994,0.2095808383233532,0.2335329341317365,0.1197604790419161,0.2155688622754491,0.5449101796407185,1.0239520958083832,0.562874251497006,0.4610778443113772,0.6755215568862275,0.1462994011976048,0.0304245508982035,0.0599467065868263,0.0878107784431137,0.1600988023952095,0.6082562874251497,0.2316449101796407,0.0715461077844311,167,0.2198473282442748,0.5190839694656488,0.099236641221374,0.2519083969465648,0.2106870229007633,0.1648854961832061,0.1740458015267175,0.5786259541984733,1.0641221374045802,0.5847328244274809,0.4793893129770992,0.637324427480916,0.1583520610687023,0.0353367938931297,0.0537981679389312,0.1151931297709923,0.1401323664122137,0.6079938931297709,0.2518703816793893,0.1117380152671755,655.0
2024-12-04,596.9619140625,42787600,0.0062093973344559,SPY,0.2486187845303867,0.4917127071823204,0.1049723756906077,0.2762430939226519,0.1878453038674033,0.2486187845303867,0.2707182320441988,0.7458563535911602,1.1933701657458564,0.4861878453038674,0.7071823204419889,0.6304193370165746,0.2085933701657458,0.0463817679558011,0.0436441988950276,0.0709629834254143,0.2049524861878453,0.6320845303867404,0.16296408839779,-0.0419883977900552,181,0.2754491017964072,0.4251497005988024,0.1437125748502994,0.2095808383233532,0.2335329341317365,0.1197604790419161,0.2155688622754491,0.5449101796407185,1.0239520958083832,0.562874251497006,0.4610778443113772,0.6755215568862275,0.1462994011976048,0.0304245508982035,0.0599467065868263,0.0878107784431137,0.1600988023952095,0.6082562874251497,0.2316449101796407,0.0715461077844311,167.0
2024-12-05,595.9796142578125,28762200,-0.001645498283136,SPY,0.1478599221789883,0.6264591439688716,0.0817120622568093,0.1284046692607003,0.2879377431906614,0.1206225680933852,0.1361867704280155,0.622568093385214,1.1867704280155642,0.4085603112840467,0.7782101167315175,0.643272373540856,0.1814696498054474,0.0368276264591439,0.0513918287937743,0.0870424124513618,0.143008560311284,0.6932867704280156,0.1637070038910505,0.0206984435797665,257,0.2486187845303867,0.4917127071823204,0.1049723756906077,0.2762430939226519,0.1878453038674033,0.2486187845303867,0.2707182320441988,0.7458563535911602,1.1933701657458564,0.4861878453038674,0.7071823204419889,0.6304193370165746,0.2085933701657458,0.0463817679558011,0.0436441988950276,0.0709629834254143,0.2049524861878453,0.6320845303867404,0.16296408839779,-0.0419883977900552,181.0
2024-12-06,597.109375,31241500,0.0018956365539355,SPY,0.1658031088082901,0.5077720207253886,0.1036269430051813,0.2590673575129533,0.2487046632124352,0.1865284974093264,0.1709844559585492,0.7668393782383419,1.5595854922279793,0.5751295336787565,0.9844559585492229,0.7086088082901555,0.1297248704663212,0.0293943005181347,0.0497621761658031,0.0825191709844559,0.0923077720207253,0.5815839378238342,0.3261077720207254,0.2338,193,0.1478599221789883,0.6264591439688716,0.0817120622568093,0.1284046692607003,0.2879377431906614,0.1206225680933852,0.1361867704280155,0.622568093385214,1.1867704280155642,0.4085603112840467,0.7782101167315175,0.643272373540856,0.1814696498054474,0.0368276264591439,0.0513918287937743,0.0870424124513618,0.143008560311284,0.6932867704280156,0.1637070038910505,0.0206984435797665,257.0
2024-12-09,594.034423828125,34742700,-0.0051497285097474,SPY,0.1423220973782771,0.4138576779026217,0.0898876404494382,0.2059925093632958,0.1910112359550561,0.1779026217228464,0.099250936329588,0.5056179775280899,0.99250936329588,0.4925093632958801,0.5,0.5866951310861424,0.2026803370786516,0.0470724719101123,0.0472297752808988,0.1163243445692883,0.1685584269662921,0.6275181647940075,0.2039260299625468,0.0353676029962546,534,0.1658031088082901,0.5077720207253886,0.1036269430051813,0.2590673575129533,0.2487046632124352,0.1865284974093264,0.1709844559585492,0.7668393782383419,1.5595854922279793,0.5751295336787565,0.9844559585492229,0.7086088082901555,0.1297248704663212,0.0293943005181347,0.0497621761658031,0.0825191709844559,0.0923077720207253,0.5815839378238342,0.3261077720207254,0.2338,193.0
2024-12-10,592.1876220703125,37234500,-0.0031089136988243,SPY,0.1826086956521739,0.3347826086956522,0.0521739130434782,0.1782608695652174,0.2130434782608695,0.1304347826086956,0.1304347826086956,0.4869565217391304,1.0608695652173914,0.3826086956521739,0.6782608695652174,0.6707039130434782,0.1555782608695652,0.0359026086956521,0.0545008695652173,0.083315652173913,0.1643547826086956,0.6025273913043478,0.2331221739130434,0.0687673913043478,230,0.1423220973782771,0.4138576779026217,0.0898876404494382,0.2059925093632958,0.1910112359550561,0.1779026217228464,0.099250936329588,0.5056179775280899,0.99250936329588,0.4925093632958801,0.5,0.5866951310861424,0.2026803370786516,0.0470724719101123,0.0472297752808988,0.1163243445692883,0.1685584269662921,0.6275181647940075,0.2039260299625468,0.0353676029962546,534.0
2024-12-11,596.7655639648438,28677700,0.0077305599170185,SPY,0.1496598639455782,0.5306122448979592,0.0476190476190476,0.1768707482993197,0.2312925170068027,0.1292517006802721,0.1632653061224489,0.564625850340136,1.2585034013605445,0.4285714285714285,0.8299319727891157,0.6796918367346938,0.1473095238095238,0.0323333333333333,0.0498510204081632,0.0908034013605442,0.1417537414965986,0.6206659863945578,0.2375789115646258,0.0958251700680272,147,0.1826086956521739,0.3347826086956522,0.0521739130434782,0.1782608695652174,0.2130434782608695,0.1304347826086956,0.1304347826086956,0.4869565217391304,1.0608695652173914,0.3826086956521739,0.6782608695652174,0.6707039130434782,0.1555782608695652,0.0359026086956521,0.0545008695652173,0.083315652173913,0.1643547826086956,0.6025273913043478,0.2331221739130434,0.0687673913043478,230.0
2024-12-12,593.690673828125,31543800,-0.0051525931159457,SPY,0.1536050156739812,0.445141065830721,0.0752351097178683,0.2507836990595611,0.225705329153605,0.1630094043887147,0.1661442006269592,0.5391849529780565,1.09717868338558,0.5172413793103449,0.5799373040752351,0.5618915360501567,0.2199673981191222,0.0435721003134796,0.0489115987460815,0.125657053291536,0.1816043887147335,0.5623263322884012,0.2560689655172413,0.0744645768025078,319,0.1496598639455782,0.5306122448979592,0.0476190476190476,0.1768707482993197,0.2312925170068027,0.1292517006802721,0.1632653061224489,0.564625850340136,1.2585034013605445,0.4285714285714285,0.8299319727891157,0.6796918367346938,0.1473095238095238,0.0323333333333333,0.0498510204081632,0.0908034013605442,0.1417537414965986,0.6206659863945578,0.2375789115646258,0.0958251700680272,147.0
2024-12-13,593.57275390625,35904700,-0.0001986218195321,SPY,0.1610738255033557,0.4496644295302013,0.1140939597315436,0.2281879194630872,0.2684563758389262,0.1409395973154362,0.1409395973154362,0.5973154362416108,1.140939597315436,0.4093959731543624,0.7315436241610739,0.6568536912751678,0.1551758389261745,0.0367093959731543,0.0374288590604026,0.113838255033557,0.1454060402684563,0.5878295302013423,0.2667624161073825,0.1213563758389261,149,0.1536050156739812,0.445141065830721,0.0752351097178683,0.2507836990595611,0.225705329153605,0.1630094043887147,0.1661442006269592,0.5391849529780565,1.09717868338558,0.5172413793103449,0.5799373040752351,0.5618915360501567,0.2199673981191222,0.0435721003134796,0.0489115987460815,0.125657053291536,0.1816043887147335,0.5623263322884012,0.2560689655172413,0.0744645768025078,319.0
2024-12-16,596.1072998046875,43695200,0.0042699835559463,SPY,0.205,0.4466666666666666,0.0716666666666666,0.23,0.2533333333333333,0.1816666666666666,0.15,0.5316666666666666,1.01,0.4566666666666666,0.5533333333333333,0.6303658333333333,0.1709548333333333,0.028823,0.045573,0.1242771666666666,0.1509868333333333,0.6174913333333333,0.2315236666666666,0.0805368333333333,600,0.1610738255033557,0.4496644295302013,0.1140939597315436,0.2281879194630872,0.2684563758389262,0.1409395973154362,0.1409395973154362,0.5973154362416108,1.140939597315436,0.4093959731543624,0.7315436241610739,0.6568536912751678,0.1551758389261745,0.0367093959731543,0.0374288590604026,0.113838255033557,0.1454060402684563,0.5878295302013423,0.2667624161073825,0.1213563758389261,149.0
2024-12-17,593.6513061523438,55773500,-0.0041200529722559,SPY,0.1659574468085106,0.4808510638297872,0.0553191489361702,0.2,0.2340425531914893,0.1446808510638297,0.1063829787234042,0.548936170212766,1.153191489361702,0.5276595744680851,0.625531914893617,0.6494327659574468,0.1702817021276595,0.0303497872340425,0.0496974468085106,0.1002353191489361,0.1250629787234042,0.6797395744680851,0.1952004255319149,0.0701374468085106,235,0.205,0.4466666666666666,0.0716666666666666,0.23,0.2533333333333333,0.1816666666666666,0.15,0.5316666666666666,1.01,0.4566666666666666,0.5533333333333333,0.6303658333333333,0.1709548333333333,0.028823,0.045573,0.1242771666666666,0.1509868333333333,0.6174913333333333,0.2315236666666666,0.0805368333333333,600.0
2024-12-18,575.9584350585938,108248700,-0.0298034737065155,SPY,0.1533101045296167,0.4285714285714285,0.0905923344947735,0.2578397212543554,0.2752613240418118,0.1777003484320557,0.1080139372822299,0.6689895470383276,1.3379790940766552,0.4320557491289198,0.9059233449477352,0.6461494773519163,0.1411975609756097,0.0418031358885017,0.0602592334494773,0.1105912891986062,0.1748226480836237,0.5167324041811847,0.3084421602787456,0.1336195121951219,287,0.1659574468085106,0.4808510638297872,0.0553191489361702,0.2,0.2340425531914893,0.1446808510638297,0.1063829787234042,0.548936170212766,1.153191489361702,0.5276595744680851,0.625531914893617,0.6494327659574468,0.1702817021276595,0.0303497872340425,0.0496974468085106,0.1002353191489361,0.1250629787234042,0.6797395744680851,0.1952004255319149,0.0701374468085106,235.0
2024-12-19,575.781494140625,85919500,-0.0003072112624772,SPY,0.2105263157894736,0.3947368421052631,0.0723684210526315,0.2105263157894736,0.1513157894736842,0.1644736842105263,0.131578947368421,0.5328947368421053,0.868421052631579,0.4276315789473684,0.4407894736842105,0.6116717105263157,0.1676697368421052,0.0436105263157894,0.0520322368421052,0.1250072368421052,0.1964625,0.6093999999999999,0.1941361842105263,-0.0023263157894736,152,0.1533101045296167,0.4285714285714285,0.0905923344947735,0.2578397212543554,0.2752613240418118,0.1777003484320557,0.1080139372822299,0.6689895470383276,1.3379790940766552,0.4320557491289198,0.9059233449477352,0.6461494773519163,0.1411975609756097,0.0418031358885017,0.0602592334494773,0.1105912891986062,0.1748226480836237,0.5167324041811847,0.3084421602787456,0.1336195121951219,287.0
2024-12-20,582.697265625,125716700,0.0120111041336905,SPY,0.3384615384615385,0.6307692307692307,0.082051282051282,0.2717948717948718,0.3333333333333333,0.2307692307692307,0.1538461538461538,0.6307692307692307,1.353846153846154,0.4717948717948718,0.882051282051282,0.6224774358974359,0.1479271794871794,0.0322276923076923,0.0597441025641025,0.1376179487179487,0.1114128205128205,0.5681020512820513,0.3204882051282051,0.2090753846153846,195,0.2105263157894736,0.3947368421052631,0.0723684210526315,0.2105263157894736,0.1513157894736842,0.1644736842105263,0.131578947368421,0.5328947368421053,0.868421052631579,0.4276315789473684,0.4407894736842105,0.6116717105263157,0.1676697368421052,0.0436105263157894,0.0520322368421052,0.1250072368421052,0.1964625,0.6093999999999999,0.1941361842105263,-0.0023263157894736,152.0
2024-12-23,586.1865844726562,57635800,0.0059882190178353,SPY,0.1976284584980237,0.492094861660079,0.0790513833992094,0.2292490118577075,0.2766798418972332,0.1719367588932806,0.1581027667984189,0.6897233201581028,1.134387351778656,0.4822134387351778,0.6521739130434783,0.621655928853755,0.1873197628458498,0.0336622529644268,0.0458037549407114,0.1115620553359683,0.1612974308300395,0.5804875494071147,0.2582164031620553,0.0969189723320158,506,0.3384615384615385,0.6307692307692307,0.082051282051282,0.2717948717948718,0.3333333333333333,0.2307692307692307,0.1538461538461538,0.6307692307692307,1.353846153846154,0.4717948717948718,0.882051282051282,0.6224774358974359,0.1479271794871794,0.0322276923076923,0.0597441025641025,0.1376179487179487,0.1114128205128205,0.5681020512820513,0.3204882051282051,0.2090753846153846,195.0
2024-12-24,592.7020874023438,33160100,0.0111150666055399,SPY,0.1733870967741935,0.4758064516129032,0.064516129032258,0.2701612903225806,0.1935483870967742,0.189516129032258,0.1129032258064516,0.5,0.9274193548387096,0.5161290322580645,0.4112903225806452,0.6849987903225807,0.168641129032258,0.0284697580645161,0.0333310483870967,0.0845600806451613,0.177116129032258,0.5427443548387098,0.2801391129032258,0.1030229838709677,248,0.1976284584980237,0.492094861660079,0.0790513833992094,0.2292490118577075,0.2766798418972332,0.1719367588932806,0.1581027667984189,0.6897233201581028,1.134387351778656,0.4822134387351778,0.6521739130434783,0.621655928853755,0.1873197628458498,0.0336622529644268,0.0458037549407114,0.1115620553359683,0.1612974308300395,0.5804875494071147,0.2582164031620553,0.0969189723320158,506.0
2024-12-26,592.7415771484375,41219100,6.662663576362249e-05,SPY,0.202572347266881,0.5401929260450161,0.0546623794212218,0.1736334405144694,0.2508038585209003,0.135048231511254,0.1543408360128617,0.7266881028938906,1.2668810289389068,0.472668810289389,0.7942122186495176,0.6884427652733119,0.1602405144694534,0.0273823151125401,0.0369437299035369,0.0869858520900321,0.105504501607717,0.5785012861736335,0.3159938906752412,0.2104893890675241,311,0.1733870967741935,0.4758064516129032,0.064516129032258,0.2701612903225806,0.1935483870967742,0.189516129032258,0.1129032258064516,0.5,0.9274193548387096,0.5161290322580645,0.4112903225806452,0.6849987903225807,0.168641129032258,0.0284697580645161,0.0333310483870967,0.0845600806451613,0.177116129032258,0.5427443548387098,0.2801391129032258,0.1030229838709677,248.0
2024-12-27,586.5020751953125,64969300,-0.0105265130601129,SPY,0.0931372549019607,0.4313725490196078,0.0735294117647058,0.1323529411764706,0.2598039215686274,0.1225490196078431,0.1617647058823529,0.5882352941176471,1.142156862745098,0.3088235294117647,0.8333333333333334,0.6224470588235295,0.1979455882352941,0.0306553921568627,0.033013725490196,0.1159382352941176,0.1451147058823529,0.5681637254901961,0.2867240196078431,0.1416093137254902,204,0.202572347266881,0.5401929260450161,0.0546623794212218,0.1736334405144694,0.2508038585209003,0.135048231511254,0.1543408360128617,0.7266881028938906,1.2668810289389068,0.472668810289389,0.7942122186495176,0.6884427652733119,0.1602405144694534,0.0273823151125401,0.0369437299035369,0.0869858520900321,0.105504501607717,0.5785012861736335,0.3159938906752412,0.2104893890675241,311.0
2024-12-30,579.80908203125,56578800,-0.0114117126726851,SPY,0.1770682148040638,0.432510885341074,0.0798258345428156,0.1944847605224963,0.2220609579100145,0.1683599419448476,0.1552975326560232,0.7198838896952104,1.161103047895501,0.4891146589259796,0.6719883889695211,0.655677793904209,0.1643743105950653,0.0365333817126269,0.0425097242380261,0.1009033381712627,0.1102692307692307,0.6344568940493469,0.2552748911465892,0.1450056603773585,689,0.0931372549019607,0.4313725490196078,0.0735294117647058,0.1323529411764706,0.2598039215686274,0.1225490196078431,0.1617647058823529,0.5882352941176471,1.142156862745098,0.3088235294117647,0.8333333333333334,0.6224470588235295,0.1979455882352941,0.0306553921568627,0.033013725490196,0.1159382352941176,0.1451147058823529,0.5681637254901961,0.2867240196078431,0.1416093137254902,204.0
2024-12-31,577.6997680664062,57052700,-0.003637945713879,SPY,0.2098765432098765,0.5679012345679012,0.0864197530864197,0.242798353909465,0.3868312757201646,0.176954732510288,0.2222222222222222,0.8024691358024691,1.1934156378600822,0.5473251028806584,0.6460905349794238,0.6434559670781893,0.1519654320987654,0.0276407407407407,0.052653086419753,0.1242810699588477,0.0811917695473251,0.610335390946502,0.3084744855967078,0.2272827160493827,243,0.1770682148040638,0.432510885341074,0.0798258345428156,0.1944847605224963,0.2220609579100145,0.1683599419448476,0.1552975326560232,0.7198838896952104,1.161103047895501,0.4891146589259796,0.6719883889695211,0.655677793904209,0.1643743105950653,0.0365333817126269,0.0425097242380261,0.1009033381712627,0.1102692307692307,0.6344568940493469,0.2552748911465892,0.1450056603773585,689.0
2025-01-02,576.2803344726562,50204000,-0.0024570437313847,SPY,0.1786666666666666,0.4453333333333333,0.048,0.1813333333333333,0.2426666666666666,0.1706666666666666,0.152,0.5546666666666666,1.0,0.6373333333333333,0.3626666666666667,0.6562088,0.1759797333333333,0.0304176,0.0403954666666666,0.0969992,0.1362096,0.5999005333333334,0.2638882666666666,0.1276786666666666,375,0.2098765432098765,0.5679012345679012,0.0864197530864197,0.242798353909465,0.3868312757201646,0.176954732510288,0.2222222222222222,0.8024691358024691,1.1934156378600822,0.5473251028806584,0.6460905349794238,0.6434559670781893,0.1519654320987654,0.0276407407407407,0.052653086419753,0.1242810699588477,0.0811917695473251,0.610335390946502,0.3084744855967078,0.2272827160493827,243.0
2025-01-03,583.4857788085938,37888500,0.0125033666861651,SPY,0.1657754010695187,0.3957219251336898,0.0962566844919786,0.1978609625668449,0.2245989304812834,0.160427807486631,0.1176470588235294,0.4385026737967914,0.9518716577540108,0.4491978609625668,0.5026737967914439,0.6545026737967914,0.1663962566844919,0.0383443850267379,0.0451828877005347,0.0955754010695187,0.1525786096256684,0.5766438502673796,0.2707780748663101,0.1181994652406417,187,0.1786666666666666,0.4453333333333333,0.048,0.1813333333333333,0.2426666666666666,0.1706666666666666,0.152,0.5546666666666666,1.0,0.6373333333333333,0.3626666666666667,0.6562088,0.1759797333333333,0.0304176,0.0403954666666666,0.0969992,0.1362096,0.5999005333333334,0.2638882666666666,0.1276786666666666,375.0
2025-01-06,586.8469848632812,47679400,0.0057605620852503,SPY,0.1714659685863874,0.4280104712041885,0.0759162303664921,0.2382198952879581,0.2277486910994764,0.175392670157068,0.1570680628272251,0.5798429319371727,1.0732984293193717,0.5130890052356021,0.5602094240837696,0.6526513089005236,0.1762030104712041,0.0358920157068062,0.0441844240837696,0.0910704188481675,0.1404670157068062,0.6131869109947644,0.2463464659685864,0.1058794502617801,764,0.1657754010695187,0.3957219251336898,0.0962566844919786,0.1978609625668449,0.2245989304812834,0.160427807486631,0.1176470588235294,0.4385026737967914,0.9518716577540108,0.4491978609625668,0.5026737967914439,0.6545026737967914,0.1663962566844919,0.0383443850267379,0.0451828877005347,0.0955754010695187,0.1525786096256684,0.5766438502673796,0.2707780748663101,0.1181994652406417,187.0
2025-01-07,580.2133178710938,60393100,-0.0113039125415851,SPY,0.2195540308747856,0.5608919382504288,0.111492281303602,0.2229845626072041,0.3241852487135506,0.1578044596912521,0.2281303602058319,0.6415094339622641,1.1475128644939965,0.5849056603773585,0.5626072041166381,0.640141166380789,0.1663749571183533,0.0387514579759862,0.0527493996569468,0.1019838765008576,0.1278041166380789,0.5714511149228131,0.3007447684391081,0.1729406518010291,583,0.1714659685863874,0.4280104712041885,0.0759162303664921,0.2382198952879581,0.2277486910994764,0.175392670157068,0.1570680628272251,0.5798429319371727,1.0732984293193717,0.5130890052356021,0.5602094240837696,0.6526513089005236,0.1762030104712041,0.0358920157068062,0.0441844240837696,0.0910704188481675,0.1404670157068062,0.6131869109947644,0.2463464659685864,0.1058794502617801,764.0
2025-01-08,581.0609130859375,47304700,0.0014608337808474,SPY,0.2087378640776699,0.4902912621359223,0.0703883495145631,0.2597087378640776,0.220873786407767,0.1893203883495145,0.1359223300970873,0.6674757281553398,1.1480582524271843,0.5072815533980582,0.6407766990291263,0.641697572815534,0.1815461165048543,0.0335966019417475,0.0485796116504854,0.0945842233009708,0.1709366504854368,0.5776849514563107,0.2513808252427184,0.0804441747572815,412,0.2195540308747856,0.5608919382504288,0.111492281303602,0.2229845626072041,0.3241852487135506,0.1578044596912521,0.2281303602058319,0.6415094339622641,1.1475128644939965,0.5849056603773585,0.5626072041166381,0.640141166380789,0.1663749571183533,0.0387514579759862,0.0527493996569468,0.1019838765008576,0.1278041166380789,0.5714511149228131,0.3007447684391081,0.1729406518010291,583.0
2025-01-10,572.189697265625,73105000,-0.0152672733968606,SPY,0.2430939226519337,0.4088397790055249,0.1068139963167587,0.2394106813996316,0.2025782688766114,0.156537753222836,0.151012891344383,0.5303867403314917,1.0662983425414363,0.576427255985267,0.4898710865561694,0.6682955801104973,0.15777605893186,0.0352580110497237,0.0491243093922652,0.0895467771639042,0.1700025782688766,0.5376193370165746,0.2923764272559853,0.1223738489871086,543,0.2087378640776699,0.4902912621359223,0.0703883495145631,0.2597087378640776,0.220873786407767,0.1893203883495145,0.1359223300970873,0.6674757281553398,1.1480582524271843,0.5072815533980582,0.6407766990291263,0.641697572815534,0.1815461165048543,0.0335966019417475,0.0485796116504854,0.0945842233009708,0.1709366504854368,0.5776849514563107,0.2513808252427184,0.0804441747572815,412.0
2025-01-13,573.0768432617188,47910100,0.0015504403527941,SPY,0.1430745814307458,0.4459665144596651,0.0669710806697108,0.1780821917808219,0.213089802130898,0.1308980213089802,0.1324200913242009,0.5357686453576864,1.0837138508371384,0.4596651445966514,0.624048706240487,0.6253287671232877,0.1883611872146118,0.0349948249619482,0.0492881278538812,0.1020234398782344,0.163582800608828,0.6290009132420091,0.2074156773211567,0.0438328767123287,657,0.2430939226519337,0.4088397790055249,0.1068139963167587,0.2394106813996316,0.2025782688766114,0.156537753222836,0.151012891344383,0.5303867403314917,1.0662983425414363,0.576427255985267,0.4898710865561694,0.6682955801104973,0.15777605893186,0.0352580110497237,0.0491243093922652,0.0895467771639042,0.1700025782688766,0.5376193370165746,0.2923764272559853,0.1223738489871086,543.0
2025-01-14,573.8653564453125,48420600,0.0013759292368293,SPY,0.1506410256410256,0.4743589743589743,0.048076923076923,0.1506410256410256,0.2243589743589743,0.0961538461538461,0.1442307692307692,0.6282051282051282,1.1730769230769231,0.4551282051282051,0.717948717948718,0.6111067307692307,0.2043166666666666,0.0335846153846153,0.0462884615384615,0.1047032051282051,0.1324759615384615,0.6265942307692308,0.2409285256410256,0.1084525641025641,312,0.1430745814307458,0.4459665144596651,0.0669710806697108,0.1780821917808219,0.213089802130898,0.1308980213089802,0.1324200913242009,0.5357686453576864,1.0837138508371384,0.4596651445966514,0.624048706240487,0.6253287671232877,0.1883611872146118,0.0349948249619482,0.0492881278538812,0.1020234398782344,0.163582800608828,0.6290009132420091,0.2074156773211567,0.0438328767123287,657.0
2025-01-15,584.3040161132812,56900200,0.0181900850970144,SPY,0.1275720164609053,0.5679012345679012,0.074074074074074,0.2510288065843621,0.3251028806584362,0.1152263374485596,0.1728395061728395,0.6995884773662552,1.127572016460905,0.4567901234567901,0.6707818930041153,0.6716728395061728,0.1515506172839506,0.0324765432098765,0.0444991769547325,0.0998041152263374,0.135119341563786,0.6638925925925926,0.2009888888888888,0.0658695473251028,243,0.1506410256410256,0.4743589743589743,0.048076923076923,0.1506410256410256,0.2243589743589743,0.0961538461538461,0.1442307692307692,0.6282051282051282,1.1730769230769231,0.4551282051282051,0.717948717948718,0.6111067307692307,0.2043166666666666,0.0335846153846153,0.0462884615384615,0.1047032051282051,0.1324759615384615,0.6265942307692308,0.2409285256410256,0.1084525641025641,312.0
2025-01-16,583.1802368164062,43319700,-0.0019232784062486,SPY,0.1834862385321101,0.4770642201834862,0.055045871559633,0.1972477064220183,0.2660550458715596,0.128440366972477,0.2889908256880734,0.7660550458715596,1.408256880733945,0.4954128440366973,0.9128440366972476,0.6349678899082569,0.1687348623853211,0.0424564220183486,0.0522215596330275,0.1016284403669724,0.1493357798165137,0.5725912844036697,0.2780697247706422,0.1287339449541284,218,0.1275720164609053,0.5679012345679012,0.074074074074074,0.2510288065843621,0.3251028806584362,0.1152263374485596,0.1728395061728395,0.6995884773662552,1.127572016460905,0.4567901234567901,0.6707818930041153,0.6716728395061728,0.1515506172839506,0.0324765432098765,0.0444991769547325,0.0998041152263374,0.135119341563786,0.6638925925925926,0.2009888888888888,0.0658695473251028,243.0
2025-01-17,589.0353393554688,58070600,0.01003995363599,SPY,0.2292682926829268,0.4048780487804878,0.1219512195121951,0.1853658536585365,0.1951219512195122,0.1414634146341463,0.1219512195121951,0.526829268292683,0.848780487804878,0.5170731707317073,0.3317073170731707,0.6353039024390245,0.1461878048780487,0.0414775609756097,0.05404,0.1230029268292682,0.1417756097560975,0.5336653658536585,0.3245541463414634,0.1827785365853658,205,0.1834862385321101,0.4770642201834862,0.055045871559633,0.1972477064220183,0.2660550458715596,0.128440366972477,0.2889908256880734,0.7660550458715596,1.408256880733945,0.4954128440366973,0.9128440366972476,0.6349678899082569,0.1687348623853211,0.0424564220183486,0.0522215596330275,0.1016284403669724,0.1493357798165137,0.5725912844036697,0.2780697247706422,0.1287339449541284,218.0
2025-01-21,594.4270629882812,42532900,0.0091534807380355,SPY,0.2087042532146389,0.4886251236399604,0.0969337289812067,0.2611275964391691,0.2393669634025717,0.1562809099901088,0.2096933728981206,0.6399604352126608,1.218595450049456,0.5291790306627102,0.6894164193867458,0.6324328387734915,0.1995971315529179,0.0312438180019782,0.037998021760633,0.0987282888229475,0.1655657764589515,0.5813403560830861,0.2530913946587537,0.0875256181998021,1011,0.2292682926829268,0.4048780487804878,0.1219512195121951,0.1853658536585365,0.1951219512195122,0.1414634146341463,0.1219512195121951,0.526829268292683,0.848780487804878,0.5170731707317073,0.3317073170731707,0.6353039024390245,0.1461878048780487,0.0414775609756097,0.05404,0.1230029268292682,0.1417756097560975,0.5336653658536585,0.3245541463414634,0.1827785365853658,205.0
2025-01-22,597.7686157226562,48196000,0.005621468036089,SPY,0.1633466135458167,0.4900398406374502,0.1155378486055776,0.199203187250996,0.2071713147410358,0.1354581673306772,0.2749003984063745,0.5418326693227091,1.1713147410358566,0.4860557768924303,0.6852589641434262,0.6455450199203188,0.1775486055776892,0.034619123505976,0.043901593625498,0.0983896414342629,0.1352760956175299,0.7079035856573704,0.1568247011952191,0.0215486055776892,251,0.2087042532146389,0.4886251236399604,0.0969337289812067,0.2611275964391691,0.2393669634025717,0.1562809099901088,0.2096933728981206,0.6399604352126608,1.218595450049456,0.5291790306627102,0.6894164193867458,0.6324328387734915,0.1995971315529179,0.0312438180019782,0.037998021760633,0.0987282888229475,0.1655657764589515,0.5813403560830861,0.2530913946587537,0.0875256181998021,1011.0
2025-01-23,601.0313110351562,41152100,0.0054581241414886,SPY,0.1877729257641921,0.3537117903930131,0.1091703056768559,0.148471615720524,0.2096069868995633,0.1441048034934497,0.1572052401746725,0.5283842794759825,0.9563318777292577,0.4585152838427948,0.4978165938864629,0.6514323144104803,0.1756039301310043,0.0361257641921397,0.0451244541484716,0.0917139737991266,0.1067288209606986,0.7117899563318777,0.181486462882096,0.0747576419213973,229,0.1633466135458167,0.4900398406374502,0.1155378486055776,0.199203187250996,0.2071713147410358,0.1354581673306772,0.2749003984063745,0.5418326693227091,1.1713147410358566,0.4860557768924303,0.6852589641434262,0.6455450199203188,0.1775486055776892,0.034619123505976,0.043901593625498,0.0983896414342629,0.1352760956175299,0.7079035856573704,0.1568247011952191,0.0215486055776892,251.0
2025-01-24,599.2767333984375,34604700,-0.0029192782547332,SPY,0.1923076923076923,0.4395604395604395,0.0329670329670329,0.2087912087912088,0.2417582417582417,0.0934065934065934,0.1923076923076923,0.6098901098901099,1.1318681318681318,0.2912087912087912,0.8406593406593407,0.6001714285714286,0.194815934065934,0.039393956043956,0.0559560439560439,0.1096615384615384,0.1208373626373626,0.6027483516483516,0.2764120879120879,0.1555747252747252,182,0.1877729257641921,0.3537117903930131,0.1091703056768559,0.148471615720524,0.2096069868995633,0.1441048034934497,0.1572052401746725,0.5283842794759825,0.9563318777292577,0.4585152838427948,0.4978165938864629,0.6514323144104803,0.1756039301310043,0.0361257641921397,0.0451244541484716,0.0917139737991266,0.1067288209606986,0.7117899563318777,0.181486462882096,0.0747576419213973,229.0
2025-01-27,590.7996826171875,70361100,-0.014145469544892,SPY,0.2357723577235772,0.39320029563932,0.090169992609017,0.237250554323725,0.1995565410199556,0.1929046563192904,0.1847745750184774,0.499630450849963,1.0598669623059866,0.5291943828529194,0.5306725794530672,0.6166366592756837,0.1992971914264597,0.044530968218773,0.0464451589061345,0.0930915003695491,0.2229486326681448,0.5296055432372505,0.2474464153732446,0.0244977827050997,1353,0.1923076923076923,0.4395604395604395,0.0329670329670329,0.2087912087912088,0.2417582417582417,0.0934065934065934,0.1923076923076923,0.6098901098901099,1.1318681318681318,0.2912087912087912,0.8406593406593407,0.6001714285714286,0.194815934065934,0.039393956043956,0.0559560439560439,0.1096615384615384,0.1208373626373626,0.6027483516483516,0.2764120879120879,0.1555747252747252,182.0
2025-01-28,595.8760375976562,44433300,0.0085923454765259,SPY,0.208041958041958,0.5472027972027972,0.1171328671328671,0.2395104895104895,0.2674825174825175,0.2255244755244755,0.222027972027972,0.7674825174825175,1.2132867132867131,0.6381118881118881,0.5751748251748252,0.5883468531468532,0.221323951048951,0.0476232517482517,0.0481510489510489,0.0945541958041958,0.2133068181818181,0.570408041958042,0.2162847902097902,0.002977972027972,572,0.2357723577235772,0.39320029563932,0.090169992609017,0.237250554323725,0.1995565410199556,0.1929046563192904,0.1847745750184774,0.499630450849963,1.0598669623059866,0.5291943828529194,0.5306725794530672,0.6166366592756837,0.1992971914264597,0.044530968218773,0.0464451589061345,0.0930915003695491,0.2229486326681448,0.5296055432372505,0.2474464153732446,0.0244977827050997,1353.0
2025-01-29,593.2047729492188,37177400,-0.0044829200704344,SPY,0.185336048879837,0.4439918533604888,0.0631364562118126,0.2097759674134419,0.219959266802444,0.1934826883910387,0.1446028513238289,0.5661914460285132,0.9042769857433808,0.5539714867617108,0.35030549898167,0.6217209775967413,0.2014124236252545,0.0417765784114052,0.0448633401221995,0.0902246435845213,0.188350916496945,0.5882077393075357,0.2234393075356415,0.0350883910386965,491,0.208041958041958,0.5472027972027972,0.1171328671328671,0.2395104895104895,0.2674825174825175,0.2255244755244755,0.222027972027972,0.7674825174825175,1.2132867132867131,0.6381118881118881,0.5751748251748252,0.5883468531468532,0.221323951048951,0.0476232517482517,0.0481510489510489,0.0945541958041958,0.2133068181818181,0.570408041958042,0.2162847902097902,0.002977972027972,572.0
2025-01-30,596.3886108398438,39281300,0.0053671818498628,SPY,0.2029850746268656,0.5253731343283582,0.0791044776119403,0.2119402985074626,0.2373134328358209,0.2104477611940298,0.2164179104477611,0.6835820895522388,1.0701492537313433,0.5776119402985075,0.4925373134328358,0.587185223880597,0.2288062686567164,0.0488182089552238,0.0480965671641791,0.0870940298507462,0.2437619402985074,0.5609280597014925,0.1953105970149254,-0.048451343283582,670,0.185336048879837,0.4439918533604888,0.0631364562118126,0.2097759674134419,0.219959266802444,0.1934826883910387,0.1446028513238289,0.5661914460285132,0.9042769857433808,0.5539714867617108,0.35030549898167,0.6217209775967413,0.2014124236252545,0.0417765784114052,0.0448633401221995,0.0902246435845213,0.188350916496945,0.5882077393075357,0.2234393075356415,0.0350883910386965,491.0
2025-01-31,593.2146606445312,66566900,-0.0053219497113515,SPY,0.2256317689530685,0.3844765342960289,0.1281588447653429,0.2129963898916967,0.1606498194945848,0.1570397111913357,0.1768953068592057,0.4963898916967509,0.9314079422382672,0.483754512635379,0.447653429602888,0.6151951263537906,0.2042339350180505,0.041453429602888,0.0414519855595667,0.0976680505415162,0.1592362815884476,0.6323306859205776,0.2084339350180505,0.0491976534296028,554,0.2029850746268656,0.5253731343283582,0.0791044776119403,0.2119402985074626,0.2373134328358209,0.2104477611940298,0.2164179104477611,0.6835820895522388,1.0701492537313433,0.5776119402985075,0.4925373134328358,0.587185223880597,0.2288062686567164,0.0488182089552238,0.0480965671641791,0.0870940298507462,0.2437619402985074,0.5609280597014925,0.1953105970149254,-0.048451343283582,670.0
2025-02-03,589.22265625,65857200,-0.0067294432511055,SPY,0.3236621534493875,0.4210186976144422,0.1727917472598323,0.3036750483558994,0.1676337846550612,0.1856866537717601,0.329464861379755,0.5467440361057382,0.980012894906512,0.6847195357833655,0.2952933591231463,0.6426306898774984,0.2057502901353965,0.0429350096711798,0.0384597034171502,0.0702283043197936,0.2248404255319149,0.573172469374597,0.2019876853642811,-0.0228527401676337,1551,0.2256317689530685,0.3844765342960289,0.1281588447653429,0.2129963898916967,0.1606498194945848,0.1570397111913357,0.1768953068592057,0.4963898916967509,0.9314079422382672,0.483754512635379,0.447653429602888,0.6151951263537906,0.2042339350180505,0.041453429602888,0.0414519855595667,0.0976680505415162,0.1592362815884476,0.6323306859205776,0.2084339350180505,0.0491976534296028,554.0
2025-02-04,593.17529296875,33457800,0.0067082225654828,SPY,0.2939866369710467,0.5077951002227171,0.1180400890868596,0.2160356347438752,0.2160356347438752,0.1714922048997773,0.2293986636971046,0.6681514476614699,1.086859688195991,0.5389755011135857,0.5478841870824054,0.6619195991091315,0.1800625835189309,0.0427628062360801,0.036661692650334,0.078586859688196,0.2145665924276169,0.5493082405345211,0.2361253897550111,0.0215587973273942,449,0.3236621534493875,0.4210186976144422,0.1727917472598323,0.3036750483558994,0.1676337846550612,0.1856866537717601,0.329464861379755,0.5467440361057382,0.980012894906512,0.6847195357833655,0.2952933591231463,0.6426306898774984,0.2057502901353965,0.0429350096711798,0.0384597034171502,0.0702283043197936,0.2248404255319149,0.573172469374597,0.2019876853642811,-0.0228527401676337,1551.0
2025-02-05,595.5803833007812,30653100,0.0040546030162418,SPY,0.1843434343434343,0.5075757575757576,0.106060606060606,0.1994949494949495,0.2449494949494949,0.1641414141414141,0.1919191919191919,0.5656565656565656,1.0353535353535352,0.5202020202020202,0.5151515151515151,0.6019558080808081,0.2124585858585858,0.040635606060606,0.0439345959595959,0.1010131313131313,0.1891027777777777,0.5584825757575758,0.2524108585858586,0.0633080808080808,396,0.2939866369710467,0.5077951002227171,0.1180400890868596,0.2160356347438752,0.2160356347438752,0.1714922048997773,0.2293986636971046,0.6681514476614699,1.086859688195991,0.5389755011135857,0.5478841870824054,0.6619195991091315,0.1800625835189309,0.0427628062360801,0.036661692650334,0.078586859688196,0.2145665924276169,0.5493082405345211,0.2361253897550111,0.0215587973273942,449.0
2025-02-06,597.650390625,35771500,0.0034756136740878,SPY,0.1904761904761904,0.4652014652014652,0.0952380952380952,0.1941391941391941,0.2124542124542124,0.1465201465201465,0.1355311355311355,0.5531135531135531,0.7802197802197802,0.4761904761904761,0.304029304029304,0.5929128205128205,0.2226556776556776,0.0426157509157509,0.0440498168498168,0.0977681318681318,0.221195238095238,0.5914835164835165,0.1873241758241758,-0.0338710622710622,273,0.1843434343434343,0.5075757575757576,0.106060606060606,0.1994949494949495,0.2449494949494949,0.1641414141414141,0.1919191919191919,0.5656565656565656,1.0353535353535352,0.5202020202020202,0.5151515151515151,0.6019558080808081,0.2124585858585858,0.040635606060606,0.0439345959595959,0.1010131313131313,0.1891027777777777,0.5584825757575758,0.2524108585858586,0.0633080808080808,396.0
2025-02-07,592.1796875,50788500,-0.0091536845132468,SPY,0.2404371584699453,0.4453551912568306,0.0737704918032786,0.2950819672131147,0.2103825136612022,0.1912568306010929,0.1857923497267759,0.6420765027322405,1.1174863387978142,0.5273224043715847,0.5901639344262295,0.628422131147541,0.1805584699453552,0.0399909836065573,0.0498721311475409,0.1011581967213114,0.1594467213114754,0.5344475409836066,0.306105737704918,0.1466590163934426,366,0.1904761904761904,0.4652014652014652,0.0952380952380952,0.1941391941391941,0.2124542124542124,0.1465201465201465,0.1355311355311355,0.5531135531135531,0.7802197802197802,0.4761904761904761,0.304029304029304,0.5929128205128205,0.2226556776556776,0.0426157509157509,0.0440498168498168,0.0977681318681318,0.221195238095238,0.5914835164835165,0.1873241758241758,-0.0338710622710622,273.0
2025-02-10,596.2013549804688,26048700,0.0067912958944049,SPY,0.2216981132075471,0.4327830188679245,0.1073113207547169,0.1898584905660377,0.1945754716981132,0.142688679245283,0.2040094339622641,0.5731132075471698,1.0235849056603774,0.5542452830188679,0.4693396226415094,0.6380018867924528,0.2016834905660377,0.0340902122641509,0.0390902122641509,0.0871356132075471,0.1574049528301886,0.6007084905660377,0.2418916273584905,0.0844866745283018,848,0.2404371584699453,0.4453551912568306,0.0737704918032786,0.2950819672131147,0.2103825136612022,0.1912568306010929,0.1857923497267759,0.6420765027322405,1.1174863387978142,0.5273224043715847,0.5901639344262295,0.628422131147541,0.1805584699453552,0.0399909836065573,0.0498721311475409,0.1011581967213114,0.1594467213114754,0.5344475409836066,0.306105737704918,0.1466590163934426,366.0
2025-02-11,596.6547241210938,30056700,0.0007604295710461,SPY,0.1540880503144654,0.4371069182389937,0.0849056603773584,0.1792452830188679,0.2264150943396226,0.1446540880503144,0.2232704402515723,0.550314465408805,0.7641509433962265,0.4968553459119497,0.2672955974842767,0.6744698113207548,0.1697009433962264,0.0441751572327044,0.0398512578616352,0.0718,0.1958820754716981,0.6092327044025156,0.1948899371069182,-0.0009921383647798,318,0.2216981132075471,0.4327830188679245,0.1073113207547169,0.1898584905660377,0.1945754716981132,0.142688679245283,0.2040094339622641,0.5731132075471698,1.0235849056603774,0.5542452830188679,0.4693396226415094,0.6380018867924528,0.2016834905660377,0.0340902122641509,0.0390902122641509,0.0871356132075471,0.1574049528301886,0.6007084905660377,0.2418916273584905,0.0844866745283018,848.0
2025-02-12,594.7326049804688,45076100,-0.0032214932069069,SPY,0.1497975708502024,0.4817813765182186,0.097165991902834,0.2064777327935222,0.3076923076923077,0.2348178137651821,0.1700404858299595,0.5465587044534413,0.931174089068826,0.5020242914979757,0.4291497975708502,0.6264336032388663,0.1707943319838056,0.0438761133603238,0.0435364372469635,0.1153668016194331,0.1753894736842105,0.6512866396761133,0.1733246963562753,-0.0020647773279352,247,0.1540880503144654,0.4371069182389937,0.0849056603773584,0.1792452830188679,0.2264150943396226,0.1446540880503144,0.2232704402515723,0.550314465408805,0.7641509433962265,0.4968553459119497,0.2672955974842767,0.6744698113207548,0.1697009433962264,0.0441751572327044,0.0398512578616352,0.0718,0.1958820754716981,0.6092327044025156,0.1948899371069182,-0.0009921383647798,318.0
2025-02-13,601.0115356445312,40921300,0.0105575692529396,SPY,0.1903323262839879,0.43202416918429,0.1148036253776435,0.2084592145015106,0.1963746223564954,0.1842900302114803,0.2688821752265861,0.4833836858006042,0.824773413897281,0.5075528700906344,0.3172205438066465,0.6440435045317221,0.186316918429003,0.0381105740181268,0.0391389728096676,0.0923879154078549,0.1359734138972809,0.644578247734139,0.2194543806646525,0.0834809667673716,331,0.1497975708502024,0.4817813765182186,0.097165991902834,0.2064777327935222,0.3076923076923077,0.2348178137651821,0.1700404858299595,0.5465587044534413,0.931174089068826,0.5020242914979757,0.4291497975708502,0.6264336032388663,0.1707943319838056,0.0438761133603238,0.0435364372469635,0.1153668016194331,0.1753894736842105,0.6512866396761133,0.1733246963562753,-0.0020647773279352,247.0
2025-02-14,600.9819946289062,26910400,-4.9152160770615794e-05,SPY,0.1841155234657039,0.4332129963898917,0.0974729241877256,0.1841155234657039,0.2310469314079422,0.1371841155234657,0.2129963898916967,0.5595667870036101,1.032490974729242,0.3935018050541516,0.6389891696750902,0.6072812274368231,0.2101418772563177,0.0380963898916967,0.0446342960288808,0.0998389891696751,0.1508602888086642,0.6437490974729242,0.2053938628158844,0.0545335740072202,277,0.1903323262839879,0.43202416918429,0.1148036253776435,0.2084592145015106,0.1963746223564954,0.1842900302114803,0.2688821752265861,0.4833836858006042,0.824773413897281,0.5075528700906344,0.3172205438066465,0.6440435045317221,0.186316918429003,0.0381105740181268,0.0391389728096676,0.0923879154078549,0.1359734138972809,0.644578247734139,0.2194543806646525,0.0834809667673716,331.0
2025-02-18,602.746337890625,26749000,0.0029357672567349,SPY,0.1710887465690759,0.404391582799634,0.0860018298261665,0.2433668801463861,0.1838975297346752,0.1509606587374199,0.1884720951509606,0.546203110704483,1.0018298261665142,0.5105215004574566,0.4913083257090576,0.6440051235132662,0.1963130832570905,0.0335035681610247,0.0393907593778591,0.0867878316559926,0.1744463860933211,0.6131231473010064,0.2124305580969807,0.0379841720036596,1093,0.1841155234657039,0.4332129963898917,0.0974729241877256,0.1841155234657039,0.2310469314079422,0.1371841155234657,0.2129963898916967,0.5595667870036101,1.032490974729242,0.3935018050541516,0.6389891696750902,0.6072812274368231,0.2101418772563177,0.0380963898916967,0.0446342960288808,0.0998389891696751,0.1508602888086642,0.6437490974729242,0.2053938628158844,0.0545335740072202,277.0
2025-02-19,604.165771484375,31011100,0.0023549435384666,SPY,0.1138790035587188,0.3131672597864768,0.0782918149466192,0.2135231316725978,0.1459074733096085,0.1459074733096085,0.1245551601423487,0.4306049822064057,0.8505338078291815,0.3736654804270463,0.4768683274021352,0.6199562277580071,0.2219526690391459,0.0377327402135231,0.0418024911032028,0.0785601423487544,0.1429864768683274,0.6540832740213524,0.2029334519572954,0.0599469750889679,281,0.1710887465690759,0.404391582799634,0.0860018298261665,0.2433668801463861,0.1838975297346752,0.1509606587374199,0.1884720951509606,0.546203110704483,1.0018298261665142,0.5105215004574566,0.4913083257090576,0.6440051235132662,0.1963130832570905,0.0335035681610247,0.0393907593778591,0.0867878316559926,0.1744463860933211,0.6131231473010064,0.2124305580969807,0.0379841720036596,1093.0
2025-02-20,601.6522827148438,36554000,-0.0041602634378903,SPY,0.25,0.6612903225806451,0.1370967741935483,0.3669354838709677,0.2580645161290322,0.3266129032258064,0.2338709677419354,0.7459677419354839,1.1129032258064515,0.782258064516129,0.3306451612903225,0.6260020161290323,0.1935100806451613,0.0427262096774193,0.053553629032258,0.0842004032258064,0.2432358870967741,0.5541681451612903,0.2025967741935483,-0.0406391129032258,248,0.1138790035587188,0.3131672597864768,0.0782918149466192,0.2135231316725978,0.1459074733096085,0.1459074733096085,0.1245551601423487,0.4306049822064057,0.8505338078291815,0.3736654804270463,0.4768683274021352,0.6199562277580071,0.2219526690391459,0.0377327402135231,0.0418024911032028,0.0785601423487544,0.1429864768683274,0.6540832740213524,0.2029334519572954,0.0599469750889679,281.0
2025-02-21,591.361572265625,76519800,-0.0171040827814761,SPY,0.1739130434782608,0.3719806763285024,0.1062801932367149,0.178743961352657,0.2367149758454106,0.1835748792270531,0.1594202898550724,0.6473429951690821,0.855072463768116,0.4396135265700483,0.4154589371980676,0.6352231884057971,0.1954062801932367,0.0468763285024154,0.0399323671497584,0.0825676328502415,0.1598753623188405,0.6488980676328502,0.191227536231884,0.0313521739130434,207,0.25,0.6612903225806451,0.1370967741935483,0.3669354838709677,0.2580645161290322,0.3266129032258064,0.2338709677419354,0.7459677419354839,1.1129032258064515,0.782258064516129,0.3306451612903225,0.6260020161290323,0.1935100806451613,0.0427262096774193,0.053553629032258,0.0842004032258064,0.2432358870967741,0.5541681451612903,0.2025967741935483,-0.0406391129032258,248.0
2025-02-24,588.6707153320312,50737200,-0.0045502735716906,SPY,0.2208480565371024,0.4752650176678445,0.1201413427561837,0.2632508833922261,0.2137809187279152,0.2190812720848056,0.1819787985865724,0.5618374558303887,0.991166077738516,0.6148409893992933,0.3763250883392226,0.6076812720848057,0.2205809187279152,0.0438634275618374,0.039410070671378,0.0884630742049469,0.1643667844522968,0.6651941696113075,0.1704416961130742,0.0060749116607773,566,0.1739130434782608,0.3719806763285024,0.1062801932367149,0.178743961352657,0.2367149758454106,0.1835748792270531,0.1594202898550724,0.6473429951690821,0.855072463768116,0.4396135265700483,0.4154589371980676,0.6352231884057971,0.1954062801932367,0.0468763285024154,0.0399323671497584,0.0825676328502415,0.1598753623188405,0.6488980676328502,0.191227536231884,0.0313521739130434,207.0
2025-02-25,585.7431030273438,58266500,-0.004973259631297,SPY,0.2619542619542619,0.5488565488565489,0.1143451143451143,0.3305613305613306,0.2723492723492723,0.2307692307692307,0.2432432432432432,0.577962577962578,1.1039501039501038,0.6756756756756757,0.4282744282744283,0.610387525987526,0.2093548856548856,0.0465754677754677,0.040339501039501,0.0933442827442827,0.2637176715176715,0.501949896049896,0.234331185031185,-0.0293864864864864,481,0.2208480565371024,0.4752650176678445,0.1201413427561837,0.2632508833922261,0.2137809187279152,0.2190812720848056,0.1819787985865724,0.5618374558303887,0.991166077738516,0.6148409893992933,0.3763250883392226,0.6076812720848057,0.2205809187279152,0.0438634275618374,0.039410070671378,0.0884630742049469,0.1643667844522968,0.6651941696113075,0.1704416961130742,0.0060749116607773,566.0
2025-02-26,586.0387573242188,43321600,0.0005047507949251,SPY,0.1918103448275862,0.5711206896551724,0.0883620689655172,0.2284482758620689,0.2564655172413793,0.146551724137931,0.2176724137931034,0.5991379310344828,0.9202586206896552,0.5689655172413793,0.3512931034482758,0.6556209051724138,0.1517663793103448,0.040578448275862,0.0557071120689655,0.0963232758620689,0.187764224137931,0.5418739224137931,0.2703599137931035,0.0825956896551724,464,0.2619542619542619,0.5488565488565489,0.1143451143451143,0.3305613305613306,0.2723492723492723,0.2307692307692307,0.2432432432432432,0.577962577962578,1.1039501039501038,0.6756756756756757,0.4282744282744283,0.610387525987526,0.2093548856548856,0.0465754677754677,0.040339501039501,0.0933442827442827,0.2637176715176715,0.501949896049896,0.234331185031185,-0.0293864864864864,481.0
2025-02-27,576.6843872070312,74196700,-0.0159620332277994,SPY,0.243362831858407,0.5,0.1194690265486725,0.25,0.1969026548672566,0.1725663716814159,0.245575221238938,0.5221238938053098,0.9557522123893806,0.5376106194690266,0.4181415929203539,0.5748878318584072,0.2176391592920354,0.0481513274336283,0.0532577433628318,0.1060599557522124,0.209287831858407,0.5089601769911505,0.281750221238938,0.0724623893805309,452,0.1918103448275862,0.5711206896551724,0.0883620689655172,0.2284482758620689,0.2564655172413793,0.146551724137931,0.2176724137931034,0.5991379310344828,0.9202586206896552,0.5689655172413793,0.3512931034482758,0.6556209051724138,0.1517663793103448,0.040578448275862,0.0557071120689655,0.0963232758620689,0.187764224137931,0.5418739224137931,0.2703599137931035,0.0825956896551724,464.0
2025-02-28,585.6838989257812,88744100,0.0156056101368307,SPY,0.3283582089552239,0.5485074626865671,0.1567164179104477,0.3470149253731343,0.2574626865671642,0.2052238805970149,0.1716417910447761,0.75,1.25,0.6716417910447762,0.5783582089552238,0.6597432835820896,0.1664929104477611,0.0408175373134328,0.0468951492537313,0.0860548507462686,0.1909891791044776,0.5405652985074627,0.268444776119403,0.0774555970149253,268,0.243362831858407,0.5,0.1194690265486725,0.25,0.1969026548672566,0.1725663716814159,0.245575221238938,0.5221238938053098,0.9557522123893806,0.5376106194690266,0.4181415929203539,0.5748878318584072,0.2176391592920354,0.0481513274336283,0.0532577433628318,0.1060599557522124,0.209287831858407,0.5089601769911505,0.281750221238938,0.0724623893805309,452.0
2025-03-03,575.4227905273438,74249200,-0.0175198744873432,SPY,0.2386363636363636,0.4835858585858585,0.1085858585858585,0.3257575757575757,0.2424242424242424,0.1982323232323232,0.2651515151515151,0.6565656565656566,1.176767676767677,0.6477272727272727,0.5290404040404041,0.6658419191919193,0.1685965909090909,0.0356747474747474,0.0413333333333333,0.0885510101010101,0.1852083333333333,0.5811306818181818,0.2336621212121211,0.0484537878787878,792,0.3283582089552239,0.5485074626865671,0.1567164179104477,0.3470149253731343,0.2574626865671642,0.2052238805970149,0.1716417910447761,0.75,1.25,0.6716417910447762,0.5783582089552238,0.6597432835820896,0.1664929104477611,0.0408175373134328,0.0468951492537313,0.0860548507462686,0.1909891791044776,0.5405652985074627,0.268444776119403,0.0774555970149253,268.0
2025-03-04,568.611572265625,109648200,-0.0118368934526847,SPY,0.3493975903614458,0.4561101549053356,0.1497418244406196,0.3321858864027538,0.225473321858864,0.216867469879518,0.2753872633390705,0.6592082616179001,1.0567986230636832,0.7779690189328744,0.2788296041308089,0.6129148020654045,0.221046643717728,0.0490969018932874,0.0431392426850258,0.0738030981067125,0.2598943201376936,0.5442289156626506,0.1958760757314974,-0.0640182444061962,581,0.2386363636363636,0.4835858585858585,0.1085858585858585,0.3257575757575757,0.2424242424242424,0.1982323232323232,0.2651515151515151,0.6565656565656566,1.176767676767677,0.6477272727272727,0.5290404040404041,0.6658419191919193,0.1685965909090909,0.0356747474747474,0.0413333333333333,0.0885510101010101,0.1852083333333333,0.5811306818181818,0.2336621212121211,0.0484537878787878,792.0
2025-03-05,574.722900390625,71230500,0.0107478082105321,SPY,0.2853333333333333,0.4533333333333333,0.1813333333333333,0.344,0.2533333333333333,0.232,0.2906666666666667,0.6853333333333333,1.056,0.712,0.344,0.6635992000000001,0.1685221333333333,0.04482,0.0410933333333333,0.0819653333333333,0.2362098666666666,0.5736490666666667,0.1901464,-0.0460634666666666,375,0.3493975903614458,0.4561101549053356,0.1497418244406196,0.3321858864027538,0.225473321858864,0.216867469879518,0.2753872633390705,0.6592082616179001,1.0567986230636832,0.7779690189328744,0.2788296041308089,0.6129148020654045,0.221046643717728,0.0490969018932874,0.0431392426850258,0.0738030981067125,0.2598943201376936,0.5442289156626506,0.1958760757314974,-0.0640182444061962,581.0
2025-03-06,564.5209350585938,80094900,-0.0177511028794872,SPY,0.3873873873873873,0.4564564564564564,0.2012012012012012,0.4474474474474474,0.1801801801801801,0.2402402402402402,0.3033033033033033,0.5975975975975976,0.8468468468468469,0.8888888888888888,-0.042042042042042,0.5926354354354354,0.2251291291291291,0.0533792792792792,0.0454675675675675,0.083390990990991,0.2871357357357357,0.5089420420420421,0.2039222222222222,-0.0832135135135135,333,0.2853333333333333,0.4533333333333333,0.1813333333333333,0.344,0.2533333333333333,0.232,0.2906666666666667,0.6853333333333333,1.056,0.712,0.344,0.6635992000000001,0.1685221333333333,0.04482,0.0410933333333333,0.0819653333333333,0.2362098666666666,0.5736490666666667,0.1901464,-0.0460634666666666,375.0
2025-03-07,567.6849975585938,81158800,0.0056048629971032,SPY,0.2821670428893905,0.4650112866817156,0.146726862302483,0.3544018058690745,0.2212189616252821,0.1963882618510158,0.2325056433408578,0.636568848758465,1.0270880361173815,0.6297968397291196,0.3972911963882618,0.6279559819413093,0.2015961625282167,0.0463162528216704,0.0401469525959367,0.0839900677200903,0.2712609480812641,0.5078683972911964,0.2208690744920993,-0.0503918735891647,443,0.3873873873873873,0.4564564564564564,0.2012012012012012,0.4474474474474474,0.1801801801801801,0.2402402402402402,0.3033033033033033,0.5975975975975976,0.8468468468468469,0.8888888888888888,-0.042042042042042,0.5926354354354354,0.2251291291291291,0.0533792792792792,0.0454675675675675,0.083390990990991,0.2871357357357357,0.5089420420420421,0.2039222222222222,-0.0832135135135135,333.0
2025-03-10,552.5643920898438,99326600,-0.0266355558695019,SPY,0.3322295805739514,0.5209713024282561,0.1666666666666666,0.3686534216335541,0.2306843267108168,0.2163355408388521,0.2373068432671081,0.5607064017660044,0.9845474613686536,0.7130242825607064,0.271523178807947,0.6047072847682119,0.2130604856512141,0.0460136865342163,0.0465614790286975,0.0896609271523178,0.2738815673289183,0.4971575055187637,0.2289602649006622,-0.044921302428256,906,0.2821670428893905,0.4650112866817156,0.146726862302483,0.3544018058690745,0.2212189616252821,0.1963882618510158,0.2325056433408578,0.636568848758465,1.0270880361173815,0.6297968397291196,0.3972911963882618,0.6279559819413093,0.2015961625282167,0.0463162528216704,0.0401469525959367,0.0839900677200903,0.2712609480812641,0.5078683972911964,0.2208690744920993,-0.0503918735891647,443.0
2025-03-11,547.970947265625,88102100,-0.0083129584352078,SPY,0.3664596273291925,0.4513457556935817,0.175983436853002,0.3664596273291925,0.1884057971014492,0.2712215320910973,0.3954451345755693,0.6356107660455487,1.0351966873706004,0.7515527950310559,0.2836438923395445,0.6387795031055901,0.1967368530020704,0.0467062111801242,0.0453360248447205,0.0724424430641822,0.2696420289855072,0.5359142857142858,0.1944443064182194,-0.0751977225672878,483,0.3322295805739514,0.5209713024282561,0.1666666666666666,0.3686534216335541,0.2306843267108168,0.2163355408388521,0.2373068432671081,0.5607064017660044,0.9845474613686536,0.7130242825607064,0.271523178807947,0.6047072847682119,0.2130604856512141,0.0460136865342163,0.0465614790286975,0.0896609271523178,0.2738815673289183,0.4971575055187637,0.2289602649006622,-0.044921302428256,906.0
2025-03-12,550.8787841796875,69588200,0.0053065530728819,SPY,0.2695852534562212,0.3870967741935484,0.1313364055299539,0.2073732718894009,0.1267281105990783,0.1359447004608295,0.3387096774193548,0.5898617511520737,0.9539170506912442,0.5161290322580645,0.4377880184331797,0.6447027649769584,0.1899550691244239,0.0376716589861751,0.0358221198156682,0.0918479262672811,0.2277426267281106,0.5522366359447005,0.2200170506912442,-0.0077255760368663,434,0.3664596273291925,0.4513457556935817,0.175983436853002,0.3664596273291925,0.1884057971014492,0.2712215320910973,0.3954451345755693,0.6356107660455487,1.0351966873706004,0.7515527950310559,0.2836438923395445,0.6387795031055901,0.1967368530020704,0.0467062111801242,0.0453360248447205,0.0724424430641822,0.2696420289855072,0.5359142857142858,0.1944443064182194,-0.0751977225672878,483.0
2025-03-13,543.5353393554688,74079400,-0.013330418660348,SPY,0.3643835616438356,0.4054794520547945,0.1972602739726027,0.3342465753424657,0.1589041095890411,0.2712328767123287,0.2356164383561644,0.5534246575342465,1.0136986301369864,0.7534246575342466,0.2602739726027397,0.6179821917808219,0.2138367123287671,0.0502465753424657,0.0409731506849315,0.0769657534246575,0.2710619178082192,0.5448219178082192,0.1841191780821918,-0.0869427397260274,365,0.2695852534562212,0.3870967741935484,0.1313364055299539,0.2073732718894009,0.1267281105990783,0.1359447004608295,0.3387096774193548,0.5898617511520737,0.9539170506912442,0.5161290322580645,0.4377880184331797,0.6447027649769584,0.1899550691244239,0.0376716589861751,0.0358221198156682,0.0918479262672811,0.2277426267281106,0.5522366359447005,0.2200170506912442,-0.0077255760368663,434.0
2025-03-14,554.7625122070312,62660300,0.0206558286805709,SPY,0.3248081841432225,0.4680306905370844,0.1841432225063938,0.3427109974424552,0.2071611253196931,0.278772378516624,0.2608695652173913,0.639386189258312,1.0690537084398977,0.7851662404092071,0.2838874680306905,0.6221255754475703,0.2188373401534527,0.0435007672634271,0.0386427109974424,0.0768941176470588,0.2167335038363171,0.5434854219948849,0.2397890025575447,0.0230554987212276,391,0.3643835616438356,0.4054794520547945,0.1972602739726027,0.3342465753424657,0.1589041095890411,0.2712328767123287,0.2356164383561644,0.5534246575342465,1.0136986301369864,0.7534246575342466,0.2602739726027397,0.6179821917808219,0.2138367123287671,0.0502465753424657,0.0409731506849315,0.0769657534246575,0.2710619178082192,0.5448219178082192,0.1841191780821918,-0.0869427397260274,365.0
2025-03-17,559.0404052734375,49008700,0.0077112151096643,SPY,0.2931276297335203,0.4950911640953717,0.1514726507713885,0.3534361851332398,0.2370266479663394,0.305750350631136,0.1767180925666199,0.6704067321178121,1.1388499298737729,0.788218793828892,0.3506311360448808,0.5764398316970547,0.2479900420757363,0.0467625525946704,0.0331388499298737,0.0956733520336606,0.2410429172510518,0.529309396914446,0.2296461430575035,-0.0113967741935483,713,0.3248081841432225,0.4680306905370844,0.1841432225063938,0.3427109974424552,0.2071611253196931,0.278772378516624,0.2608695652173913,0.639386189258312,1.0690537084398977,0.7851662404092071,0.2838874680306905,0.6221255754475703,0.2188373401534527,0.0435007672634271,0.0386427109974424,0.0768941176470588,0.2167335038363171,0.5434854219948849,0.2397890025575447,0.0230554987212276,391.0
2025-03-18,552.998046875,66041400,-0.0108084466550893,SPY,0.1464285714285714,0.3535714285714286,0.0571428571428571,0.175,0.1607142857142857,0.0821428571428571,0.1714285714285714,0.4642857142857143,0.9107142857142856,0.3928571428571428,0.5178571428571429,0.7019875,0.1325264285714285,0.0309007142857142,0.0364028571428571,0.0981917857142857,0.1070996428571428,0.6441539285714286,0.2487414285714285,0.1416417857142857,280,0.2931276297335203,0.4950911640953717,0.1514726507713885,0.3534361851332398,0.2370266479663394,0.305750350631136,0.1767180925666199,0.6704067321178121,1.1388499298737729,0.788218793828892,0.3506311360448808,0.5764398316970547,0.2479900420757363,0.0467625525946704,0.0331388499298737,0.0956733520336606,0.2410429172510518,0.529309396914446,0.2296461430575035,-0.0113967741935483,713.0
2025-03-19,559.0206909179688,66556000,0.0108908956858035,SPY,0.2422680412371134,0.4278350515463917,0.1237113402061855,0.3247422680412371,0.2164948453608247,0.211340206185567,0.2654639175257732,0.6030927835051546,0.9458762886597938,0.6881443298969072,0.2577319587628865,0.5588453608247422,0.2522974226804124,0.0496925257731958,0.048086855670103,0.0910783505154639,0.2202538659793814,0.5652170103092784,0.2145296391752577,-0.0057242268041237,388,0.1464285714285714,0.3535714285714286,0.0571428571428571,0.175,0.1607142857142857,0.0821428571428571,0.1714285714285714,0.4642857142857143,0.9107142857142856,0.3928571428571428,0.5178571428571429,0.7019875,0.1325264285714285,0.0309007142857142,0.0364028571428571,0.0981917857142857,0.1070996428571428,0.6441539285714286,0.2487414285714285,0.1416417857142857,280.0
2025-03-20,557.4041137695312,62958200,-0.0028918019935593,SPY,0.2561576354679803,0.3743842364532019,0.1231527093596059,0.2906403940886699,0.2266009852216748,0.1921182266009852,0.2167487684729064,0.6305418719211823,1.0541871921182266,0.6009852216748769,0.4532019704433497,0.6334394088669951,0.207283251231527,0.0486965517241379,0.0360960591133004,0.0744758620689655,0.2281024630541872,0.6137147783251232,0.1581837438423645,-0.0699187192118226,203,0.2422680412371134,0.4278350515463917,0.1237113402061855,0.3247422680412371,0.2164948453608247,0.211340206185567,0.2654639175257732,0.6030927835051546,0.9458762886597938,0.6881443298969072,0.2577319587628865,0.5588453608247422,0.2522974226804124,0.0496925257731958,0.048086855670103,0.0910783505154639,0.2202538659793814,0.5652170103092784,0.2145296391752577,-0.0057242268041237,388.0
2025-03-21,557.5880126953125,83763000,0.0003299202880611,SPY,0.2549019607843137,0.434640522875817,0.1437908496732026,0.2516339869281045,0.2745098039215686,0.1830065359477124,0.2320261437908496,0.6764705882352942,1.065359477124183,0.673202614379085,0.392156862745098,0.5344604575163399,0.2659238562091503,0.0464176470588235,0.0456356209150326,0.1075683006535947,0.2409411764705882,0.5946205882352942,0.1644385620915032,-0.0765026143790849,306,0.2561576354679803,0.3743842364532019,0.1231527093596059,0.2906403940886699,0.2266009852216748,0.1921182266009852,0.2167487684729064,0.6305418719211823,1.0541871921182266,0.6009852216748769,0.4532019704433497,0.6334394088669951,0.207283251231527,0.0486965517241379,0.0360960591133004,0.0744758620689655,0.2281024630541872,0.6137147783251232,0.1581837438423645,-0.0699187192118226,203.0
2025-03-24,567.5736083984375,58766800,0.01790855519805,SPY,0.2778603268945022,0.5557206537890045,0.1872213967310549,0.3268945022288261,0.3105497771173848,0.2555720653789004,0.3164933135215453,0.6760772659732541,1.0713224368499257,0.7265973254086181,0.3447251114413076,0.5997838038632987,0.2119946508172362,0.0417037147102526,0.046674294205052,0.0998378900445765,0.2150117384843982,0.5798811292719168,0.2051056463595839,-0.0099060921248142,673,0.2549019607843137,0.434640522875817,0.1437908496732026,0.2516339869281045,0.2745098039215686,0.1830065359477124,0.2320261437908496,0.6764705882352942,1.065359477124183,0.673202614379085,0.392156862745098,0.5344604575163399,0.2659238562091503,0.0464176470588235,0.0456356209150326,0.1075683006535947,0.2409411764705882,0.5946205882352942,0.1644385620915032,-0.0765026143790849,306.0
2025-03-25,568.93798828125,38355700,0.0024038818271738,SPY,0.3333333333333333,0.430379746835443,0.2151898734177215,0.3375527426160337,0.240506329113924,0.2320675105485232,0.2447257383966244,0.6624472573839663,0.9957805907172996,0.729957805907173,0.2658227848101265,0.6304924050632912,0.2110586497890295,0.0371097046413502,0.0433426160337552,0.0779940928270042,0.240695358649789,0.5690805907172996,0.1902177215189873,-0.0504776371308016,237,0.2778603268945022,0.5557206537890045,0.1872213967310549,0.3268945022288261,0.3105497771173848,0.2555720653789004,0.3164933135215453,0.6760772659732541,1.0713224368499257,0.7265973254086181,0.3447251114413076,0.5997838038632987,0.2119946508172362,0.0417037147102526,0.046674294205052,0.0998378900445765,0.2150117384843982,0.5798811292719168,0.2051056463595839,-0.0099060921248142,673.0
2025-03-26,562.1458129882812,51848300,-0.0119383402635633,SPY,0.3309352517985611,0.407673860911271,0.211031175059952,0.302158273381295,0.1726618705035971,0.2134292565947242,0.3117505995203837,0.5491606714628298,0.8848920863309353,0.6618705035971223,0.2230215827338129,0.6168906474820144,0.203099520383693,0.0481961630695443,0.0427791366906474,0.0890304556354916,0.2782978417266187,0.5267122302158274,0.1949935251798561,-0.0833043165467625,417,0.3333333333333333,0.430379746835443,0.2151898734177215,0.3375527426160337,0.240506329113924,0.2320675105485232,0.2447257383966244,0.6624472573839663,0.9957805907172996,0.729957805907173,0.2658227848101265,0.6304924050632912,0.2110586497890295,0.0371097046413502,0.0433426160337552,0.0779940928270042,0.240695358649789,0.5690805907172996,0.1902177215189873,-0.0504776371308016,237.0
2025-03-27,560.6529541015625,42164200,-0.0026556435220658,SPY,0.3242105263157894,0.4063157894736842,0.1242105263157894,0.3052631578947368,0.231578947368421,0.1894736842105263,0.3073684210526315,0.5242105263157895,1.0547368421052632,0.6421052631578947,0.4126315789473684,0.6291915789473684,0.1928423157894736,0.0447427368421052,0.0461953684210526,0.0870305263157894,0.2343818947368421,0.5693981052631578,0.1962202105263157,-0.0381616842105263,475,0.3309352517985611,0.407673860911271,0.211031175059952,0.302158273381295,0.1726618705035971,0.2134292565947242,0.3117505995203837,0.5491606714628298,0.8848920863309353,0.6618705035971223,0.2230215827338129,0.6168906474820144,0.203099520383693,0.0481961630695443,0.0427791366906474,0.0890304556354916,0.2782978417266187,0.5267122302158274,0.1949935251798561,-0.0833043165467625,417.0
2025-03-28,549.3623657226562,71662700,-0.0201382839353789,SPY,0.2883895131086142,0.4906367041198501,0.1647940074906367,0.3033707865168539,0.2322097378277153,0.2172284644194756,0.3071161048689138,0.5580524344569289,0.9662921348314608,0.6928838951310862,0.2734082397003745,0.5625314606741573,0.2554850187265917,0.0541550561797752,0.0355565543071161,0.0922696629213483,0.2026176029962546,0.6482543071161049,0.1491329588014981,-0.0534846441947565,267,0.3242105263157894,0.4063157894736842,0.1242105263157894,0.3052631578947368,0.231578947368421,0.1894736842105263,0.3073684210526315,0.5242105263157895,1.0547368421052632,0.6421052631578947,0.4126315789473684,0.6291915789473684,0.1928423157894736,0.0447427368421052,0.0461953684210526,0.0870305263157894,0.2343818947368421,0.5693981052631578,0.1962202105263157,-0.0381616842105263,475.0
2025-03-31,553.0501098632812,95328200,0.0067127716981012,SPY,0.3098434004474273,0.4530201342281879,0.1890380313199105,0.2964205816554809,0.2136465324384787,0.2192393736017897,0.3389261744966443,0.685682326621924,1.0827740492170022,0.7550335570469798,0.3277404921700224,0.6358704697986578,0.2055692393736017,0.0392361297539149,0.0389144295302013,0.0804097315436241,0.2557706935123042,0.5407671140939597,0.2034619686800895,-0.0523087248322147,894,0.2883895131086142,0.4906367041198501,0.1647940074906367,0.3033707865168539,0.2322097378277153,0.2172284644194756,0.3071161048689138,0.5580524344569289,0.9662921348314608,0.6928838951310862,0.2734082397003745,0.5625314606741573,0.2554850187265917,0.0541550561797752,0.0355565543071161,0.0922696629213483,0.2026176029962546,0.6482543071161049,0.1491329588014981,-0.0534846441947565,267.0
2025-04-01,554.6121826171875,54609600,0.0028244687525555,SPY,0.2840909090909091,0.4772727272727273,0.1022727272727272,0.3238636363636363,0.2159090909090909,0.1988636363636363,0.1590909090909091,0.5681818181818182,1.068181818181818,0.5795454545454546,0.4886363636363636,0.6374142045454545,0.1758517045454545,0.0392119318181818,0.043028409090909,0.1044926136363636,0.1439375,0.5826159090909091,0.2734380681818182,0.1295005681818181,176,0.3098434004474273,0.4530201342281879,0.1890380313199105,0.2964205816554809,0.2136465324384787,0.2192393736017897,0.3389261744966443,0.685682326621924,1.0827740492170022,0.7550335570469798,0.3277404921700224,0.6358704697986578,0.2055692393736017,0.0392361297539149,0.0389144295302013,0.0804097315436241,0.2557706935123042,0.5407671140939597,0.2034619686800895,-0.0523087248322147,894.0
2025-04-02,558.1219482421875,76014500,0.0063283240704119,SPY,0.3487394957983193,0.4453781512605042,0.1638655462184874,0.3403361344537815,0.1890756302521008,0.2142857142857142,0.3697478991596639,0.5546218487394958,0.7899159663865546,0.680672268907563,0.1092436974789916,0.6608058823529412,0.1823138655462185,0.0429499999999999,0.0376743697478991,0.0762584033613445,0.2456974789915966,0.5733789915966386,0.1809214285714285,-0.064776050420168,238,0.2840909090909091,0.4772727272727273,0.1022727272727272,0.3238636363636363,0.2159090909090909,0.1988636363636363,0.1590909090909091,0.5681818181818182,1.068181818181818,0.5795454545454546,0.4886363636363636,0.6374142045454545,0.1758517045454545,0.0392119318181818,0.043028409090909,0.1044926136363636,0.1439375,0.5826159090909091,0.2734380681818182,0.1295005681818181,176.0
2025-04-03,530.6173095703125,125986000,-0.0492806970922774,SPY,0.42143906020558,0.4669603524229075,0.2496328928046989,0.3729809104258443,0.2187958883994126,0.2555066079295154,0.3509544787077827,0.6270190895741556,0.973568281938326,0.9632892804698971,0.0102790014684287,0.5733869309838473,0.2333801762114537,0.0615314243759177,0.0418681350954478,0.0898349486049926,0.2815882525697503,0.500851248164464,0.2175587371512481,-0.0640295154185022,681,0.3487394957983193,0.4453781512605042,0.1638655462184874,0.3403361344537815,0.1890756302521008,0.2142857142857142,0.3697478991596639,0.5546218487394958,0.7899159663865546,0.680672268907563,0.1092436974789916,0.6608058823529412,0.1823138655462185,0.0429499999999999,0.0376743697478991,0.0762584033613445,0.2456974789915966,0.5733789915966386,0.1809214285714285,-0.064776050420168,238.0
2025-04-04,499.5533447265625,217965100,-0.0585430672604805,SPY,0.4532520325203252,0.4349593495934959,0.2967479674796748,0.3577235772357723,0.2032520325203252,0.2398373983739837,0.3008130081300813,0.676829268292683,0.8638211382113821,0.8719512195121951,-0.008130081300813,0.5878617886178862,0.238805081300813,0.0573778455284552,0.0380321138211382,0.0779274390243902,0.2920973577235772,0.5199762195121952,0.1879247967479675,-0.1041725609756097,492,0.42143906020558,0.4669603524229075,0.2496328928046989,0.3729809104258443,0.2187958883994126,0.2555066079295154,0.3509544787077827,0.6270190895741556,0.973568281938326,0.9632892804698971,0.0102790014684287,0.5733869309838473,0.2333801762114537,0.0615314243759177,0.0418681350954478,0.0898349486049926,0.2815882525697503,0.500851248164464,0.2175587371512481,-0.0640295154185022,681.0
2025-04-07,498.6635437011719,256611400,-0.0017811932094612,SPY,0.386890487609912,0.5019984012789768,0.1878497202238209,0.3573141486810551,0.2446043165467626,0.2589928057553957,0.2757793764988009,0.5851318944844125,1.0639488409272582,0.7466027178257394,0.3173461231015188,0.5574104716227019,0.2509882494004796,0.0607260591526778,0.0431088729016786,0.0877682653876898,0.2440482813749,0.5804003996802558,0.1755509192645883,-0.0684973621103117,1251,0.4532520325203252,0.4349593495934959,0.2967479674796748,0.3577235772357723,0.2032520325203252,0.2398373983739837,0.3008130081300813,0.676829268292683,0.8638211382113821,0.8719512195121951,-0.008130081300813,0.5878617886178862,0.238805081300813,0.0573778455284552,0.0380321138211382,0.0779274390243902,0.2920973577235772,0.5199762195121952,0.1879247967479675,-0.1041725609756097,492.0
2025-04-08,490.8531188964844,165816600,-0.0156627146767479,SPY,0.3883847549909255,0.5245009074410163,0.1796733212341197,0.397459165154265,0.2068965517241379,0.3303085299455535,0.2994555353901996,0.5716878402903811,1.0036297640653358,0.8747731397459165,0.1288566243194192,0.6297450090744102,0.1960729582577132,0.0481030852994555,0.0440219600725952,0.0820560798548094,0.2675578947368421,0.5488234119782214,0.1836176043557168,-0.0839402903811252,551,0.386890487609912,0.5019984012789768,0.1878497202238209,0.3573141486810551,0.2446043165467626,0.2589928057553957,0.2757793764988009,0.5851318944844125,1.0639488409272582,0.7466027178257394,0.3173461231015188,0.5574104716227019,0.2509882494004796,0.0607260591526778,0.0431088729016786,0.0877682653876898,0.2440482813749,0.5804003996802558,0.1755509192645883,-0.0684973621103117,1251.0
2025-04-09,542.4021606445312,241867300,0.1050192812545172,SPY,0.4711656441717791,0.4723926380368098,0.2503067484662576,0.3619631901840491,0.2282208588957055,0.2208588957055214,0.3386503067484662,0.6515337423312884,0.9668711656441716,0.8723926380368098,0.0944785276073619,0.613243190184049,0.2205311656441717,0.0571068711656441,0.0394538650306748,0.0696656441717791,0.2571474846625767,0.5364856441717791,0.2063680981595092,-0.0507793865030674,815,0.3883847549909255,0.5245009074410163,0.1796733212341197,0.397459165154265,0.2068965517241379,0.3303085299455535,0.2994555353901996,0.5716878402903811,1.0036297640653358,0.8747731397459165,0.1288566243194192,0.6297450090744102,0.1960729582577132,0.0481030852994555,0.0440219600725952,0.0820560798548094,0.2675578947368421,0.5488234119782214,0.1836176043557168,-0.0839402903811252,551.0
2025-04-10,518.6346435546875,162331200,-0.0438189941234766,SPY,0.4279123414071511,0.4256055363321799,0.2502883506343714,0.3633217993079585,0.2076124567474048,0.2041522491349481,0.4267589388696655,0.6228373702422145,0.8696655132641292,0.817762399077278,0.0519031141868512,0.5929234140715111,0.2288734717416378,0.0634472895040369,0.0375720876585928,0.0771832756632064,0.297479815455594,0.48829723183391,0.2142237600922722,-0.0832560553633217,867,0.4711656441717791,0.4723926380368098,0.2503067484662576,0.3619631901840491,0.2282208588957055,0.2208588957055214,0.3386503067484662,0.6515337423312884,0.9668711656441716,0.8723926380368098,0.0944785276073619,0.613243190184049,0.2205311656441717,0.0571068711656441,0.0394538650306748,0.0696656441717791,0.2571474846625767,0.5364856441717791,0.2063680981595092,-0.0507793865030674,815.0
2025-04-11,527.8884887695312,97866300,0.0178427055150394,SPY,0.3936170212765957,0.4078014184397163,0.2340425531914893,0.4060283687943262,0.2092198581560283,0.2464539007092198,0.3209219858156028,0.6613475177304965,0.9787234042553192,0.900709219858156,0.0780141843971631,0.5958930851063831,0.2248171985815602,0.0614560283687943,0.0369423758865248,0.0808927304964539,0.2890881205673759,0.4811657801418439,0.2297468085106383,-0.0593413120567375,564,0.4279123414071511,0.4256055363321799,0.2502883506343714,0.3633217993079585,0.2076124567474048,0.2041522491349481,0.4267589388696655,0.6228373702422145,0.8696655132641292,0.817762399077278,0.0519031141868512,0.5929234140715111,0.2288734717416378,0.0634472895040369,0.0375720876585928,0.0771832756632064,0.297479815455594,0.48829723183391,0.2142237600922722,-0.0832560553633217,867.0
2025-04-14,533.0098266601562,68034000,0.00970155250508,SPY,0.3765841882920941,0.4152082076041038,0.28002414001207,0.304164152082076,0.1804465902232951,0.2070006035003017,0.3675316837658419,0.6131563065781533,0.9058539529269763,0.7833433916716959,0.1225105612552806,0.6120025347012674,0.2205015691007845,0.0590899215449607,0.0393917923958962,0.0690165962582981,0.2480548581774291,0.5507640313820157,0.2011811707905854,-0.0468736873868437,1657,0.3936170212765957,0.4078014184397163,0.2340425531914893,0.4060283687943262,0.2092198581560283,0.2464539007092198,0.3209219858156028,0.6613475177304965,0.9787234042553192,0.900709219858156,0.0780141843971631,0.5958930851063831,0.2248171985815602,0.0614560283687943,0.0369423758865248,0.0808927304964539,0.2890881205673759,0.4811657801418439,0.2297468085106383,-0.0593413120567375,564.0
2025-04-15,531.5169067382812,56892900,-0.0028009238239182,SPY,0.3222453222453222,0.422037422037422,0.1891891891891892,0.3264033264033264,0.212058212058212,0.1829521829521829,0.2993762993762994,0.5239085239085239,0.9916839916839916,0.6652806652806653,0.3264033264033264,0.6564033264033264,0.176329106029106,0.0428923076923076,0.0417405405405405,0.0826397089397089,0.2350933471933471,0.6002945945945946,0.164616632016632,-0.0704767151767151,481,0.3765841882920941,0.4152082076041038,0.28002414001207,0.304164152082076,0.1804465902232951,0.2070006035003017,0.3675316837658419,0.6131563065781533,0.9058539529269763,0.7833433916716959,0.1225105612552806,0.6120025347012674,0.2205015691007845,0.0590899215449607,0.0393917923958962,0.0690165962582981,0.2480548581774291,0.5507640313820157,0.2011811707905854,-0.0468736873868437,1657.0
2025-04-16,519.7022705078125,83484800,-0.0222281475540838,SPY,0.3981981981981982,0.4828828828828829,0.2234234234234234,0.4072072072072072,0.2234234234234234,0.2378378378378378,0.3549549549549549,0.7333333333333333,1.1153153153153152,0.8306306306306306,0.2846846846846846,0.641241981981982,0.1982711711711711,0.0475781981981981,0.0433227027027027,0.0695909909909909,0.3061695495495495,0.4967176576576576,0.1971073873873874,-0.1090621621621621,555,0.3222453222453222,0.422037422037422,0.1891891891891892,0.3264033264033264,0.212058212058212,0.1829521829521829,0.2993762993762994,0.5239085239085239,0.9916839916839916,0.6652806652806653,0.3264033264033264,0.6564033264033264,0.176329106029106,0.0428923076923076,0.0417405405405405,0.0826397089397089,0.2350933471933471,0.6002945945945946,0.164616632016632,-0.0704767151767151,481.0
2025-04-17,520.44384765625,79868100,0.0014269268974194,SPY,0.3803921568627451,0.5862745098039216,0.1843137254901961,0.3823529411764705,0.2941176470588235,0.2705882352941176,0.3274509803921568,0.807843137254902,1.3352941176470587,0.8725490196078431,0.4627450980392157,0.6510370588235295,0.1947464705882353,0.0386531372549019,0.0394962745098039,0.07607,0.2832741176470588,0.4702286274509804,0.246493725490196,-0.0367803921568627,510,0.3981981981981982,0.4828828828828829,0.2234234234234234,0.4072072072072072,0.2234234234234234,0.2378378378378378,0.3549549549549549,0.7333333333333333,1.1153153153153152,0.8306306306306306,0.2846846846846846,0.641241981981982,0.1982711711711711,0.0475781981981981,0.0433227027027027,0.0695909909909909,0.3061695495495495,0.4967176576576576,0.1971073873873874,-0.1090621621621621,555.0
2025-04-21,508.0558776855469,69368100,-0.0238027023020652,SPY,0.3531420765027322,0.5,0.2158469945355191,0.3831967213114754,0.2342896174863388,0.2349726775956284,0.319672131147541,0.7185792349726776,1.1127049180327868,0.8025956284153005,0.3101092896174863,0.5909068989071039,0.2335157786885245,0.0474145491803278,0.0419340163934426,0.0862304644808743,0.284128825136612,0.4980871584699454,0.2177849726775956,-0.0663438524590163,1464,0.3803921568627451,0.5862745098039216,0.1843137254901961,0.3823529411764705,0.2941176470588235,0.2705882352941176,0.3274509803921568,0.807843137254902,1.3352941176470587,0.8725490196078431,0.4627450980392157,0.6510370588235295,0.1947464705882353,0.0386531372549019,0.0394962745098039,0.07607,0.2832741176470588,0.4702286274509804,0.246493725490196,-0.0367803921568627,510.0
2025-04-22,521.2743530273438,75948100,0.026017758916625,SPY,0.3778705636743215,0.4718162839248434,0.2171189979123173,0.2881002087682672,0.2546972860125261,0.2400835073068893,0.3590814196242171,0.6555323590814196,0.9665970772442588,0.7891440501043842,0.1774530271398747,0.6019830897703549,0.2234624217118997,0.0503828810020876,0.043189770354906,0.0809843423799582,0.3118770354906054,0.4799588726513569,0.2081630480167014,-0.1037139874739039,479,0.3531420765027322,0.5,0.2158469945355191,0.3831967213114754,0.2342896174863388,0.2349726775956284,0.319672131147541,0.7185792349726776,1.1127049180327868,0.8025956284153005,0.3101092896174863,0.5909068989071039,0.2335157786885245,0.0474145491803278,0.0419340163934426,0.0862304644808743,0.284128825136612,0.4980871584699454,0.2177849726775956,-0.0663438524590163,1464.0
2025-04-23,529.3516845703125,90590700,0.0154953557489621,SPY,0.3641404805914972,0.4972273567467652,0.2070240295748613,0.3271719038817005,0.2273567467652495,0.2680221811460259,0.432532347504621,0.8022181146025879,1.0258780036968578,0.7781885397412199,0.2476894639556377,0.5766881700554528,0.228652865064695,0.0665284658040665,0.0439463955637707,0.0841861367837338,0.3023974121996303,0.4990201478743068,0.1985822550831793,-0.103815157116451,541,0.3778705636743215,0.4718162839248434,0.2171189979123173,0.2881002087682672,0.2546972860125261,0.2400835073068893,0.3590814196242171,0.6555323590814196,0.9665970772442588,0.7891440501043842,0.1774530271398747,0.6019830897703549,0.2234624217118997,0.0503828810020876,0.043189770354906,0.0809843423799582,0.3118770354906054,0.4799588726513569,0.2081630480167014,-0.1037139874739039,479.0
2025-04-24,540.4940185546875,64150400,0.0210490196010606,SPY,0.4222222222222222,0.4787878787878787,0.2707070707070707,0.3313131313131313,0.2181818181818181,0.2828282828282828,0.3353535353535353,0.6787878787878788,0.9676767676767676,0.8666666666666667,0.101010101010101,0.6028848484848485,0.2316507070707071,0.0555620202020202,0.0374783838383838,0.0724246464646464,0.3145529292929293,0.4839086868686868,0.2015389898989898,-0.1130139393939393,495,0.3641404805914972,0.4972273567467652,0.2070240295748613,0.3271719038817005,0.2273567467652495,0.2680221811460259,0.432532347504621,0.8022181146025879,1.0258780036968578,0.7781885397412199,0.2476894639556377,0.5766881700554528,0.228652865064695,0.0665284658040665,0.0439463955637707,0.0841861367837338,0.3023974121996303,0.4990201478743068,0.1985822550831793,-0.103815157116451,541.0
2025-04-25,544.3992919921875,61119600,0.0072253777163768,SPY,0.361878453038674,0.4447513812154696,0.2651933701657458,0.3287292817679558,0.2430939226519337,0.2403314917127071,0.3535911602209944,0.919889502762431,1.2348066298342542,0.7430939226519337,0.4917127071823204,0.5756801104972376,0.2632930939226519,0.0453983425414364,0.0343693370165745,0.0812566298342541,0.2573759668508287,0.5165991712707183,0.2260218232044199,-0.0313541436464088,362,0.4222222222222222,0.4787878787878787,0.2707070707070707,0.3313131313131313,0.2181818181818181,0.2828282828282828,0.3353535353535353,0.6787878787878788,0.9676767676767676,0.8666666666666667,0.101010101010101,0.6028848484848485,0.2316507070707071,0.0555620202020202,0.0374783838383838,0.0724246464646464,0.3145529292929293,0.4839086868686868,0.2015389898989898,-0.1130139393939393,495.0
2025-04-28,544.6068115234375,47613800,0.0003811899359578,SPY,0.3258706467661691,0.5696517412935324,0.2064676616915423,0.3606965174129353,0.2661691542288557,0.2587064676616915,0.3196517412935323,0.8022388059701493,1.2077114427860696,0.7860696517412935,0.4216417910447761,0.580903855721393,0.2276631840796019,0.0524824626865671,0.0457190298507462,0.093231343283582,0.2612328358208955,0.5280767412935323,0.2106907960199004,-0.050542039800995,804,0.361878453038674,0.4447513812154696,0.2651933701657458,0.3287292817679558,0.2430939226519337,0.2403314917127071,0.3535911602209944,0.919889502762431,1.2348066298342542,0.7430939226519337,0.4917127071823204,0.5756801104972376,0.2632930939226519,0.0453983425414364,0.0343693370165745,0.0812566298342541,0.2573759668508287,0.5165991712707183,0.2260218232044199,-0.0313541436464088,362.0
2025-04-29,548.0375366210938,47775100,0.0062994531560474,SPY,0.3811881188118812,0.5066006600660066,0.2442244224422442,0.3712871287128713,0.2359735973597359,0.2194719471947194,0.400990099009901,0.6551155115511551,1.0825082508250825,0.7607260726072608,0.3217821782178218,0.5942722772277228,0.2360924092409241,0.0507800330033003,0.0371,0.0817575907590759,0.2943085808580858,0.4634270627062706,0.2422623762376237,-0.052046204620462,606,0.3258706467661691,0.5696517412935324,0.2064676616915423,0.3606965174129353,0.2661691542288557,0.2587064676616915,0.3196517412935323,0.8022388059701493,1.2077114427860696,0.7860696517412935,0.4216417910447761,0.580903855721393,0.2276631840796019,0.0524824626865671,0.0457190298507462,0.093231343283582,0.2612328358208955,0.5280767412935323,0.2106907960199004,-0.050542039800995,804.0
2025-04-30,548.2550659179688,93101500,0.0003969240833687,SPY,0.3518518518518518,0.4444444444444444,0.1748971193415638,0.3004115226337449,0.2160493827160493,0.2222222222222222,0.3148148148148148,0.6975308641975309,0.9691358024691358,0.7119341563786008,0.257201646090535,0.5854952674897119,0.2439703703703703,0.0491067901234567,0.0399427983539094,0.0814866255144032,0.3366393004115226,0.4382849794238683,0.225070987654321,-0.1115683127572016,486,0.3811881188118812,0.5066006600660066,0.2442244224422442,0.3712871287128713,0.2359735973597359,0.2194719471947194,0.400990099009901,0.6551155115511551,1.0825082508250825,0.7607260726072608,0.3217821782178218,0.5942722772277228,0.2360924092409241,0.0507800330033003,0.0371,0.0817575907590759,0.2943085808580858,0.4634270627062706,0.2422623762376237,-0.052046204620462,606.0
2025-05-01,552.1404418945312,63186100,0.0070868036030948,SPY,0.3515901060070671,0.549469964664311,0.1978798586572438,0.3374558303886926,0.2685512367491166,0.2809187279151943,0.3215547703180212,0.7049469964664311,1.0759717314487631,0.726148409893993,0.3498233215547703,0.5988141342756185,0.2297051236749116,0.0503901060070671,0.0383445229681978,0.0827411660777385,0.2405219081272085,0.5091712014134275,0.2503114840989399,0.0097895759717314,566,0.3518518518518518,0.4444444444444444,0.1748971193415638,0.3004115226337449,0.2160493827160493,0.2222222222222222,0.3148148148148148,0.6975308641975309,0.9691358024691358,0.7119341563786008,0.257201646090535,0.5854952674897119,0.2439703703703703,0.0491067901234567,0.0399427983539094,0.0814866255144032,0.3366393004115226,0.4382849794238683,0.225070987654321,-0.1115683127572016,486.0
2025-05-02,560.3365478515625,60717300,0.0148442413109757,SPY,0.3550561797752809,0.447191011235955,0.2786516853932584,0.3415730337078652,0.2449438202247191,0.2314606741573033,0.3123595505617977,0.7235955056179775,1.1595505617977528,0.701123595505618,0.4584269662921348,0.5954471910112359,0.2133224719101123,0.0562357303370786,0.0483507865168539,0.0866469662921348,0.2552116853932584,0.5091283146067416,0.2356611235955056,-0.0195505617977528,445,0.3515901060070671,0.549469964664311,0.1978798586572438,0.3374558303886926,0.2685512367491166,0.2809187279151943,0.3215547703180212,0.7049469964664311,1.0759717314487631,0.726148409893993,0.3498233215547703,0.5988141342756185,0.2297051236749116,0.0503901060070671,0.0383445229681978,0.0827411660777385,0.2405219081272085,0.5091712014134275,0.2503114840989399,0.0097895759717314,566.0
2025-05-05,557.1234130859375,38659200,-0.0057342944663252,SPY,0.3736689254598258,0.5556631171345595,0.1848983543078412,0.2797676669893514,0.3223620522749273,0.2139399806389157,0.3746369796708615,0.6669893514036787,1.1771539206195547,0.712487899322362,0.4646660212971926,0.6203363020329139,0.2032883833494675,0.0456753146176185,0.0400222652468538,0.0906784123910939,0.2411831558567279,0.5340279767666989,0.2247895450145208,-0.0163936108422071,1033,0.3550561797752809,0.447191011235955,0.2786516853932584,0.3415730337078652,0.2449438202247191,0.2314606741573033,0.3123595505617977,0.7235955056179775,1.1595505617977528,0.701123595505618,0.4584269662921348,0.5954471910112359,0.2133224719101123,0.0562357303370786,0.0483507865168539,0.0866469662921348,0.2552116853932584,0.5091283146067416,0.2356611235955056,-0.0195505617977528,445.0
2025-05-06,552.4667358398438,48264700,-0.0083584303526218,SPY,0.3429602888086642,0.4151624548736462,0.1949458483754512,0.2166064981949458,0.1624548736462094,0.1732851985559566,0.2310469314079422,0.5487364620938628,0.7833935018050542,0.6570397111913358,0.1263537906137184,0.6243256317689531,0.2099339350180505,0.0399628158844765,0.0348296028880866,0.0909472924187725,0.2167202166064982,0.5611552346570396,0.2221285198555956,0.0054083032490974,277,0.3736689254598258,0.5556631171345595,0.1848983543078412,0.2797676669893514,0.3223620522749273,0.2139399806389157,0.3746369796708615,0.6669893514036787,1.1771539206195547,0.712487899322362,0.4646660212971926,0.6203363020329139,0.2032883833494675,0.0456753146176185,0.0400222652468538,0.0906784123910939,0.2411831558567279,0.5340279767666989,0.2247895450145208,-0.0163936108422071,1033.0
2025-05-07,554.7901611328125,55588000,0.0042055478497484,SPY,0.2140921409214092,0.4037940379403794,0.1327913279132791,0.2439024390243902,0.1788617886178861,0.1300813008130081,0.2303523035230352,0.5582655826558266,0.913279132791328,0.5691056910569106,0.3441734417344173,0.6167008130081301,0.2088197831978319,0.0481647696476964,0.0369972899728997,0.0893227642276422,0.2122471544715447,0.5930165311653117,0.194740379403794,-0.0175067750677506,369,0.3429602888086642,0.4151624548736462,0.1949458483754512,0.2166064981949458,0.1624548736462094,0.1732851985559566,0.2310469314079422,0.5487364620938628,0.7833935018050542,0.6570397111913358,0.1263537906137184,0.6243256317689531,0.2099339350180505,0.0399628158844765,0.0348296028880866,0.0909472924187725,0.2167202166064982,0.5611552346570396,0.2221285198555956,0.0054083032490974,277.0
2025-05-08,558.6558227539062,65130800,0.0069677905123632,SPY,0.3218390804597701,0.5977011494252874,0.2270114942528735,0.3017241379310345,0.2701149425287356,0.2126436781609195,0.3160919540229885,0.7212643678160919,1.1206896551724137,0.6522988505747126,0.4683908045977011,0.5990876436781609,0.2307181034482758,0.0415885057471264,0.0416114942528735,0.0869985632183908,0.237878448275862,0.4873456896551724,0.2747689655172414,0.0368905172413793,348,0.2140921409214092,0.4037940379403794,0.1327913279132791,0.2439024390243902,0.1788617886178861,0.1300813008130081,0.2303523035230352,0.5582655826558266,0.913279132791328,0.5691056910569106,0.3441734417344173,0.6167008130081301,0.2088197831978319,0.0481647696476964,0.0369972899728997,0.0893227642276422,0.2122471544715447,0.5930165311653117,0.194740379403794,-0.0175067750677506,369.0
2025-05-09,557.9439697265625,37603400,-0.0012742246627532,SPY,0.2307692307692307,0.6346153846153846,0.0961538461538461,0.3846153846153846,0.3461538461538461,0.2115384615384615,0.2307692307692307,0.6153846153846154,1.0769230769230769,0.5961538461538461,0.4807692307692308,0.6753673076923078,0.191976923076923,0.0324076923076923,0.0393653846153846,0.0608788461538461,0.2964461538461538,0.448325,0.2552326923076923,-0.0412134615384615,52,0.3218390804597701,0.5977011494252874,0.2270114942528735,0.3017241379310345,0.2701149425287356,0.2126436781609195,0.3160919540229885,0.7212643678160919,1.1206896551724137,0.6522988505747126,0.4683908045977011,0.5990876436781609,0.2307181034482758,0.0415885057471264,0.0416114942528735,0.0869985632183908,0.237878448275862,0.4873456896551724,0.2747689655172414,0.0368905172413793,348.0
2025-05-12,576.382568359375,78993600,0.0330474019494266,SPY,0.44,0.26,0.26,0.22,0.14,0.2,0.26,0.4,0.72,0.7,0.02,0.601754,0.229982,0.05894,0.030768,0.078552,0.188018,0.52618,0.285794,0.097776,50,0.2307692307692307,0.6346153846153846,0.0961538461538461,0.3846153846153846,0.3461538461538461,0.2115384615384615,0.2307692307692307,0.6153846153846154,1.0769230769230769,0.5961538461538461,0.4807692307692308,0.6753673076923078,0.191976923076923,0.0324076923076923,0.0393653846153846,0.0608788461538461,0.2964461538461538,0.448325,0.2552326923076923,-0.0412134615384615,52.0
2025-05-13,580.18896484375,67947200,0.0066039410164842,SPY,0.1428571428571428,0.0714285714285714,0.2142857142857142,0.2142857142857142,0.1428571428571428,0.1428571428571428,0.0714285714285714,0.3571428571428571,0.7142857142857143,0.5714285714285714,0.1428571428571428,0.7109142857142857,0.1245142857142857,0.0400357142857142,0.0526214285714285,0.0719357142857142,0.4069,0.2417214285714286,0.3514,-0.0555,14,0.44,0.26,0.26,0.22,0.14,0.2,0.26,0.4,0.72,0.7,0.02,0.601754,0.229982,0.05894,0.030768,0.078552,0.188018,0.52618,0.285794,0.097776,50.0
2025-05-14,580.9304809570312,66283500,0.0012780596636838,SPY,0.3333333333333333,0.375,0.1666666666666666,0.2916666666666667,0.125,0.1666666666666666,0.3333333333333333,0.625,0.7083333333333334,0.5,0.2083333333333333,0.68975,0.1938541666666666,0.0297041666666666,0.0299625,0.056725,0.3300625,0.520675,0.1492666666666666,-0.1807958333333333,24,0.1428571428571428,0.0714285714285714,0.2142857142857142,0.2142857142857142,0.1428571428571428,0.1428571428571428,0.0714285714285714,0.3571428571428571,0.7142857142857143,0.5714285714285714,0.1428571428571428,0.7109142857142857,0.1245142857142857,0.0400357142857142,0.0526214285714285,0.0719357142857142,0.4069,0.2417214285714286,0.3514,-0.0555,14.0
2025-05-15,583.7680053710938,71268100,0.0048844474632969,SPY,0.1,0.45,0.05,0.25,0.25,0.15,0.35,0.5,1.15,0.35,0.8,0.586315,0.2658399999999999,0.04242,0.036945,0.06847,0.273425,0.550025,0.17656,-0.0968649999999999,20,0.3333333333333333,0.375,0.1666666666666666,0.2916666666666667,0.125,0.1666666666666666,0.3333333333333333,0.625,0.7083333333333334,0.5,0.2083333333333333,0.68975,0.1938541666666666,0.0297041666666666,0.0299625,0.056725,0.3300625,0.520675,0.1492666666666666,-0.1807958333333333,24.0
2025-05-16,587.4655151367188,76052100,0.0063338684744713,SPY,0.4,0.3,0.3,0.4,0.1,0.15,0.25,0.3,0.8,0.8,0.0,0.6290950000000001,0.1633899999999999,0.054165,0.074175,0.079175,0.197185,0.4054299999999999,0.397385,0.2002,20,0.1,0.45,0.05,0.25,0.25,0.15,0.35,0.5,1.15,0.35,0.8,0.586315,0.2658399999999999,0.04242,0.036945,0.06847,0.273425,0.550025,0.17656,-0.0968649999999999,20.0
2025-05-19,588.108154296875,68168500,0.001093918100038,SPY,0.1428571428571428,0.4285714285714285,0.2857142857142857,0.1428571428571428,0.2857142857142857,0.1428571428571428,0.7142857142857143,0.5714285714285714,0.7142857142857143,0.4285714285714285,0.2857142857142857,0.7555857142857143,0.0972714285714285,0.0245,0.0234571428571428,0.0992142857142857,0.1183142857142857,0.6408142857142857,0.2408571428571428,0.1225428571428571,7,0.4,0.3,0.3,0.4,0.1,0.15,0.25,0.3,0.8,0.8,0.0,0.6290950000000001,0.1633899999999999,0.054165,0.074175,0.079175,0.197185,0.4054299999999999,0.397385,0.2002,20.0
