date,nrc_anger_mean,nrc_anticipation_mean,nrc_disgust_mean,nrc_fear_mean,nrc_joy_mean,nrc_sadness_mean,nrc_surprise_mean,nrc_trust_mean,nrc_positive_mean,nrc_negative_mean,nrc_net_sentiment_mean,hf_neutral_score_mean,hf_negative_score_mean,hf_very_negative_score_mean,hf_very_positive_score_mean,hf_positive_score_mean,fb_negative_score_mean,fb_neutral_score_mean,fb_positive_score_mean,fb_net_sentiment_mean
2023-01-01,0.21212121212121213,0.2727272727272727,0.19696969696969696,0.45454545454545453,0.18181818181818182,0.24242424242424243,0.09090909090909091,0.5909090909090909,0.7424242424242424,0.5,0.24242424242424243,0.6745878787878788,0.19830151515151515,0.036589393939393935,0.026,0.0645121212121212,0.19381363636363638,0.6957515151515152,0.11043636363636364,-0.08337727272727273
2023-01-02,0.13114754098360656,0.38524590163934425,0.06557377049180328,0.2459016393442623,0.22131147540983606,0.23770491803278687,0.16393442622950818,0.48360655737704916,1.0655737704918034,0.45081967213114754,0.6147540983606558,0.6629549180327868,0.18888114754098362,0.03789098360655738,0.031031967213114752,0.07925573770491803,0.10040901639344263,0.759939344262295,0.13965081967213114,0.03924180327868852
2023-01-03,0.16417910447761194,0.29850746268656714,0.11940298507462686,0.1791044776119403,0.13432835820895522,0.13432835820895522,0.11194029850746269,0.35074626865671643,0.6044776119402985,0.39552238805970147,0.208955223880597,0.6546835820895522,0.17370223880597013,0.030797014925373137,0.05546417910447761,0.08535223880597015,0.13437910447761195,0.6882820895522388,0.17733731343283582,0.042958208955223884
2023-01-04,0.1258741258741259,0.3146853146853147,0.09090909090909091,0.17482517482517482,0.11188811188811189,0.15384615384615385,0.11188811188811189,0.4405594405594406,0.6433566433566433,0.3986013986013986,0.24475524475524477,0.689472027972028,0.14421748251748254,0.039004195804195806,0.042355244755244756,0.08495174825174825,0.12500489510489513,0.7568713286713287,0.11813006993006991,-0.006874825174825174
2023-01-05,0.125,0.33695652173913043,0.05434782608695652,0.19021739130434784,0.13043478260869565,0.1793478260869565,0.07065217391304347,0.32065217391304346,0.6847826086956522,0.33695652173913043,0.34782608695652173,0.6819027173913044,0.17916684782608697,0.0371304347826087,0.032582608695652174,0.06922554347826088,0.12800489130434783,0.7418809782608696,0.13011684782608696,0.0021119565217391297
2023-01-06,0.16071428571428573,0.29464285714285715,0.07142857142857142,0.1875,0.044642857142857144,0.14285714285714285,0.07142857142857142,0.3392857142857143,0.5714285714285714,0.35714285714285715,0.21428571428571427,0.6782660714285714,0.17590714285714285,0.032172321428571425,0.03328482142857143,0.08036785714285714,0.15132589285714285,0.7241580357142857,0.12452053571428572,-0.026805357142857145
2023-01-07,0.15384615384615385,0.3,0.09230769230769231,0.14615384615384616,0.14615384615384616,0.13846153846153847,0.13076923076923078,0.4076923076923077,0.7230769230769231,0.3,0.4230769230769231,0.6156915384615385,0.21173615384615385,0.04359692307692308,0.04481692307692308,0.0841623076923077,0.1500569230769231,0.7214153846153847,0.12852769230769232,-0.02152923076923077
2023-01-08,0.07142857142857142,0.35064935064935066,0.07142857142857142,0.09090909090909091,0.11038961038961038,0.11038961038961038,0.09740259740259741,0.3246753246753247,0.6883116883116883,0.2857142857142857,0.4025974025974026,0.6382,0.17802142857142855,0.03663311688311688,0.03948181818181819,0.10766558441558442,0.09689805194805194,0.7806194805194805,0.12248116883116884,0.02558311688311688
2023-01-09,0.09523809523809523,0.2857142857142857,0.047619047619047616,0.12698412698412698,0.12698412698412698,0.12698412698412698,0.1111111111111111,0.373015873015873,0.6587301587301587,0.3333333333333333,0.3253968253968254,0.6266841269841269,0.19455793650793649,0.049371428571428566,0.03760793650793651,0.09178015873015873,0.1538293650793651,0.7304150793650794,0.11575555555555556,-0.038073809523809524
2023-01-10,0.1897810218978102,0.24817518248175183,0.058394160583941604,0.19708029197080293,0.08029197080291971,0.15328467153284672,0.06569343065693431,0.17518248175182483,0.4744525547445255,0.35766423357664234,0.11678832116788321,0.6523481751824818,0.16906788321167882,0.03476496350364964,0.05015328467153284,0.09366277372262773,0.13966642335766424,0.7436635036496351,0.11666934306569343,-0.022997080291970805
2023-01-11,0.1610738255033557,0.33557046979865773,0.087248322147651,0.1610738255033557,0.10067114093959731,0.18120805369127516,0.10067114093959731,0.3624161073825503,0.5302013422818792,0.37583892617449666,0.15436241610738255,0.653926845637584,0.18460738255033557,0.0453751677852349,0.031490604026845635,0.08459731543624162,0.15720805369127516,0.7384040268456376,0.10438993288590603,-0.05281812080536913
2023-01-12,0.10071942446043165,0.2517985611510791,0.09352517985611511,0.14388489208633093,0.10071942446043165,0.1510791366906475,0.09352517985611511,0.2949640287769784,0.6115107913669064,0.2733812949640288,0.3381294964028777,0.6443071942446044,0.19504676258992806,0.0416158273381295,0.03692302158273381,0.08211654676258992,0.14843741007194244,0.7245057553956834,0.12705827338129497,-0.02137913669064748
2023-01-13,0.10810810810810811,0.38513513513513514,0.07432432432432433,0.22297297297297297,0.11486486486486487,0.22297297297297297,0.0945945945945946,0.39864864864864863,0.6013513513513513,0.44594594594594594,0.1554054054054054,0.6472554054054054,0.20277567567567567,0.035827027027027024,0.03394256756756757,0.08020945945945947,0.15378243243243242,0.7399331081081081,0.10628581081081082,-0.04749662162162162
2023-01-14,0.14432989690721648,0.25773195876288657,0.041237113402061855,0.18556701030927836,0.13402061855670103,0.1134020618556701,0.13402061855670103,0.30927835051546393,0.4536082474226804,0.29896907216494845,0.15463917525773196,0.6642773195876288,0.1735618556701031,0.0467639175257732,0.04782268041237113,0.06756494845360825,0.1524824742268041,0.7068659793814434,0.14064742268041236,-0.011835051546391754
2023-01-15,0.11711711711711711,0.34234234234234234,0.12612612612612611,0.2072072072072072,0.10810810810810811,0.2702702702702703,0.10810810810810811,0.2882882882882883,0.5765765765765766,0.35135135135135137,0.22522522522522523,0.6760873873873874,0.18703063063063063,0.046881081081081084,0.03779189189189189,0.05221261261261261,0.20773783783783786,0.6659432432432433,0.12632252252252252,-0.08141531531531532
2023-01-16,0.13071895424836602,0.41830065359477125,0.0718954248366013,0.19607843137254902,0.1568627450980392,0.21568627450980393,0.11764705882352941,0.5163398692810458,0.738562091503268,0.37254901960784315,0.3660130718954248,0.6337666666666667,0.19269738562091504,0.03940653594771242,0.045222222222222226,0.08889803921568627,0.16482156862745098,0.688237908496732,0.14693921568627452,-0.01788235294117647
2023-01-17,0.18705035971223022,0.381294964028777,0.05755395683453238,0.14388489208633093,0.15827338129496402,0.17985611510791366,0.06474820143884892,0.30935251798561153,0.5827338129496403,0.35251798561151076,0.2302158273381295,0.6367669064748201,0.20370503597122303,0.03831438848920864,0.03336258992805756,0.08784604316546762,0.1557043165467626,0.7405841726618705,0.10371438848920864,-0.05198992805755396
2023-01-18,0.22580645161290322,0.27419354838709675,0.0967741935483871,0.1532258064516129,0.1774193548387097,0.12903225806451613,0.0967741935483871,0.5564516129032258,0.8951612903225806,0.45161290322580644,0.4435483870967742,0.6414637096774194,0.17874274193548387,0.04536935483870968,0.04605725806451613,0.08836935483870968,0.11544596774193548,0.7424532258064516,0.14210645161290325,0.02666048387096774
2023-01-19,0.11650485436893204,0.20388349514563106,0.038834951456310676,0.17475728155339806,0.0970873786407767,0.13592233009708737,0.05825242718446602,0.3106796116504854,0.5339805825242718,0.2912621359223301,0.24271844660194175,0.6676019417475728,0.17375436893203883,0.04151165048543689,0.036824271844660195,0.08031747572815534,0.17631844660194176,0.723368932038835,0.10031067961165048,-0.07600776699029127
2023-01-20,0.1553398058252427,0.30097087378640774,0.07766990291262135,0.1650485436893204,0.1650485436893204,0.11650485436893204,0.10679611650485436,0.4368932038834951,0.6504854368932039,0.32038834951456313,0.3300970873786408,0.6541281553398058,0.17834368932038833,0.03656893203883495,0.036978640776699025,0.09397766990291262,0.15279126213592234,0.7120446601941747,0.13516019417475728,-0.01763106796116505
2023-01-21,0.13333333333333333,0.38333333333333336,0.06666666666666667,0.21666666666666667,0.18333333333333332,0.18333333333333332,0.13333333333333333,0.4083333333333333,0.825,0.35833333333333334,0.4666666666666667,0.6698325,0.17948999999999998,0.045179166666666666,0.03586916666666666,0.06963083333333334,0.1394075,0.72627,0.1343225,-0.005084999999999998
2023-01-22,0.16666666666666666,0.2916666666666667,0.08333333333333333,0.125,0.14166666666666666,0.16666666666666666,0.08333333333333333,0.325,0.49166666666666664,0.30833333333333335,0.18333333333333332,0.6105241666666666,0.2033425,0.04398166666666667,0.0467725,0.0953825,0.1083525,0.7199233333333334,0.17172916666666668,0.06337666666666666
2023-01-23,0.017241379310344827,0.29310344827586204,0.10344827586206896,0.15517241379310345,0.15517241379310345,0.22413793103448276,0.1724137931034483,0.39655172413793105,0.5517241379310345,0.29310344827586204,0.25862068965517243,0.7033137931034483,0.1391741379310345,0.028746551724137932,0.04878793103448276,0.07996206896551725,0.17386551724137933,0.6884706896551724,0.13765862068965518,-0.036206896551724134
2023-01-24,0.1484375,0.265625,0.0625,0.2109375,0.140625,0.1875,0.109375,0.3671875,0.6640625,0.375,0.2890625,0.63610546875,0.1899078125,0.0409640625,0.0423890625,0.0906375,0.1817921875,0.70749609375,0.1107140625,-0.07107812499999999
2023-01-25,0.14814814814814814,0.3148148148148148,0.10185185185185185,0.21296296296296297,0.14814814814814814,0.17592592592592593,0.07407407407407407,0.42592592592592593,0.7777777777777778,0.4074074074074074,0.37037037037037035,0.6874175925925926,0.15055648148148149,0.05458425925925926,0.04167407407407407,0.06576851851851852,0.13411851851851853,0.7677194444444445,0.09816388888888888,-0.03595462962962963
2023-01-26,0.125,0.23076923076923078,0.0673076923076923,0.23076923076923078,0.125,0.15384615384615385,0.07692307692307693,0.3269230769230769,0.5192307692307693,0.38461538461538464,0.1346153846153846,0.6713201923076924,0.17421634615384615,0.047676923076923075,0.030725000000000002,0.07605769230769231,0.22007115384615383,0.656739423076923,0.12318942307692307,-0.09688173076923076
2023-01-27,0.2543859649122807,0.2982456140350877,0.06140350877192982,0.34210526315789475,0.14035087719298245,0.2631578947368421,0.12280701754385964,0.37719298245614036,0.7368421052631579,0.543859649122807,0.19298245614035087,0.6880008771929825,0.16577982456140353,0.05777456140350877,0.031413157894736844,0.057021929824561404,0.2314842105263158,0.6340508771929825,0.1344622807017544,-0.0970219298245614
2023-01-28,0.0898876404494382,0.3146067415730337,0.1348314606741573,0.23595505617977527,0.2247191011235955,0.21348314606741572,0.20224719101123595,0.4943820224719101,0.651685393258427,0.4606741573033708,0.19101123595505617,0.5671202247191012,0.24137191011235953,0.05271123595505618,0.049270786516853925,0.08952359550561798,0.22027191011235953,0.6730426966292135,0.1066808988764045,-0.11359101123595507
2023-01-29,0.1485148514851485,0.2871287128712871,0.0297029702970297,0.13861386138613863,0.06930693069306931,0.1485148514851485,0.06930693069306931,0.1782178217821782,0.5247524752475248,0.3069306930693069,0.21782178217821782,0.6868960396039605,0.17756534653465347,0.03250594059405941,0.03140792079207921,0.07162376237623762,0.16484455445544555,0.6902138613861386,0.14494059405940593,-0.019903960396039602
2023-01-30,0.17708333333333334,0.4166666666666667,0.0625,0.11458333333333333,0.21875,0.15625,0.10416666666666667,0.40625,0.6354166666666666,0.4166666666666667,0.21875,0.6441270833333334,0.16056041666666668,0.04690833333333333,0.049559374999999996,0.09883645833333334,0.14061041666666665,0.7181354166666667,0.14125520833333333,0.0006447916666666686
2023-01-31,0.03333333333333333,0.3,0.016666666666666666,0.13333333333333333,0.13333333333333333,0.06666666666666667,0.06666666666666667,0.4,0.7166666666666667,0.2,0.5166666666666667,0.7176100000000001,0.11633166666666667,0.038998333333333336,0.03663,0.09044500000000001,0.11841499999999999,0.7615999999999999,0.11998833333333334,0.0015733333333333333
2023-02-01,0.1598984771573604,0.44416243654822335,0.04568527918781726,0.14720812182741116,0.21573604060913706,0.1218274111675127,0.1116751269035533,0.5482233502538071,0.9060913705583756,0.4137055837563452,0.49238578680203043,0.6605060913705584,0.1669218274111675,0.03391751269035533,0.045798223350253804,0.09286395939086295,0.20748502538071065,0.5606540609137055,0.23186446700507615,0.024379441624365485
2023-02-02,0.23448275862068965,0.38620689655172413,0.09655172413793103,0.19310344827586207,0.2,0.1724137931034483,0.11724137931034483,0.43448275862068964,0.6482758620689655,0.4689655172413793,0.1793103448275862,0.6936882758620689,0.17238482758620688,0.04234551724137931,0.030248275862068966,0.061332413793103446,0.2062951724137931,0.6665937931034482,0.12711241379310345,-0.07918275862068966
2023-02-03,0.1130952380952381,0.31547619047619047,0.07738095238095238,0.2619047619047619,0.13095238095238096,0.17857142857142858,0.08928571428571429,0.36904761904761907,0.7440476190476191,0.36904761904761907,0.375,0.6705363095238095,0.16903511904761906,0.045976190476190476,0.03990892857142857,0.0745452380952381,0.18660654761904763,0.6658261904761905,0.14756309523809524,-0.03904345238095238
2023-02-04,0.12,0.26,0.1,0.16,0.11,0.1,0.11,0.25,0.57,0.34,0.23,0.683055,0.146984,0.029623,0.041934000000000006,0.098405,0.184686,0.671369,0.143953,-0.040733
2023-02-05,0.125,0.34210526315789475,0.046052631578947366,0.2236842105263158,0.13815789473684212,0.19078947368421054,0.13157894736842105,0.4407894736842105,0.8092105263157895,0.34868421052631576,0.4605263157894737,0.6658822368421052,0.18543421052631578,0.030679605263157893,0.03460986842105263,0.0833861842105263,0.13493355263157897,0.7455993421052632,0.11946052631578948,-0.015473026315789477
2023-02-06,0.16551724137931034,0.2689655172413793,0.04827586206896552,0.2206896551724138,0.1724137931034483,0.2,0.09655172413793103,0.41379310344827586,0.8275862068965517,0.47586206896551725,0.35172413793103446,0.7010875862068966,0.16073448275862068,0.035773793103448276,0.037308965517241374,0.06509310344827586,0.15669862068965518,0.7285662068965517,0.11473172413793102,-0.04196689655172414
2023-02-07,0.1037037037037037,0.5777777777777777,0.025925925925925925,0.11481481481481481,0.2777777777777778,0.1259259259259259,0.2037037037037037,0.6888888888888889,0.9518518518518518,0.40370370370370373,0.5481481481481482,0.6605477777777778,0.17394777777777776,0.03465740740740741,0.05509555555555556,0.0757485185185185,0.18376481481481483,0.6214596296296295,0.1947751851851852,0.011010370370370372
2023-02-08,0.1921182266009852,0.4088669950738916,0.08866995073891626,0.20689655172413793,0.12807881773399016,0.17733990147783252,0.12807881773399016,0.45320197044334976,0.7487684729064039,0.32019704433497537,0.42857142857142855,0.6362842364532019,0.1775305418719212,0.05016206896551724,0.04667635467980296,0.08935615763546798,0.1274295566502463,0.7455004926108375,0.12707142857142859,-0.0003581280788177345
2023-02-09,0.11186440677966102,0.2745762711864407,0.05084745762711865,0.21016949152542372,0.15593220338983052,0.13898305084745763,0.08135593220338982,0.4542372881355932,0.8677966101694915,0.3728813559322034,0.49491525423728816,0.6977525423728813,0.16641762711864408,0.03429525423728814,0.03252474576271186,0.06900983050847458,0.13428677966101696,0.6979166101694916,0.16779830508474577,0.03351152542372881
2023-02-10,0.16,0.275,0.065,0.2,0.1,0.125,0.07,0.33,0.57,0.35,0.22,0.660627,0.15956599999999999,0.037299,0.04935,0.09316,0.16268000000000002,0.664002,0.1733125,0.010632500000000003
2023-02-11,0.17543859649122806,0.3157894736842105,0.07017543859649122,0.20175438596491227,0.14912280701754385,0.24561403508771928,0.08771929824561403,0.2543859649122807,0.5789473684210527,0.4473684210526316,0.13157894736842105,0.6525570175438596,0.1877298245614035,0.04769210526315789,0.047324561403508776,0.06470526315789474,0.14824122807017542,0.7078078947368421,0.14395526315789475,-0.004285964912280701
2023-02-12,0.147239263803681,0.38650306748466257,0.10429447852760736,0.1901840490797546,0.1411042944785276,0.15337423312883436,0.06748466257668712,0.5030674846625767,0.8834355828220859,0.3803680981595092,0.5030674846625767,0.6016969325153374,0.19395705521472392,0.04457975460122699,0.04459447852760737,0.11517116564417178,0.09426932515337423,0.7335932515337423,0.17214478527607363,0.07787546012269939
2023-02-13,0.1111111111111111,0.28104575163398693,0.05228758169934641,0.1503267973856209,0.12418300653594772,0.09803921568627451,0.0915032679738562,0.35294117647058826,0.6993464052287581,0.28104575163398693,0.41830065359477125,0.666997385620915,0.17477124183006534,0.04407058823529412,0.040194117647058825,0.0739640522875817,0.16771830065359478,0.7003235294117647,0.13195751633986927,-0.035760784313725494
2023-02-14,0.07633587786259542,0.5267175572519084,0.06870229007633588,0.2099236641221374,0.2480916030534351,0.14122137404580154,0.19083969465648856,0.7862595419847328,0.9312977099236641,0.4580152671755725,0.4732824427480916,0.7356725190839695,0.10630267175572519,0.028640839694656486,0.05371984732824427,0.0756675572519084,0.1826175572519084,0.6100648854961832,0.20732099236641222,0.02470343511450382
2023-02-15,0.11282051282051282,0.36923076923076925,0.035897435897435895,0.12307692307692308,0.1641025641025641,0.11794871794871795,0.08717948717948718,0.5076923076923077,0.8666666666666667,0.3333333333333333,0.5333333333333333,0.7017697435897436,0.15355846153846153,0.03357076923076923,0.039735897435897435,0.07135794871794872,0.1334148717948718,0.708448717948718,0.15813948717948717,0.024724615384615383
2023-02-16,0.10211267605633803,0.3626760563380282,0.02464788732394366,0.176056338028169,0.16549295774647887,0.1443661971830986,0.13380281690140844,0.4295774647887324,0.7464788732394366,0.3274647887323944,0.41901408450704225,0.6728514084507042,0.1557031690140845,0.032599647887323946,0.04301654929577465,0.09583063380281691,0.13996725352112677,0.6731468309859154,0.18688204225352112,0.046914788732394366
2023-02-17,0.15822784810126583,0.3037974683544304,0.06962025316455696,0.26582278481012656,0.13924050632911392,0.20253164556962025,0.0949367088607595,0.36075949367088606,0.7974683544303798,0.3987341772151899,0.3987341772151899,0.6765803797468354,0.1517284810126582,0.04012784810126582,0.04937215189873417,0.08218987341772152,0.14833417721518988,0.7088993670886076,0.1427645569620253,-0.005569620253164559
2023-02-18,0.2184873949579832,0.453781512605042,0.058823529411764705,0.17647058823529413,0.17647058823529413,0.10084033613445378,0.10084033613445378,0.48739495798319327,0.7226890756302521,0.453781512605042,0.2689075630252101,0.6644142857142856,0.17457394957983194,0.035869747899159664,0.051591596638655465,0.07354033613445378,0.13337899159663866,0.7351647058823529,0.1314579831932773,-0.0019210084033613494
2023-02-19,0.21717171717171718,0.29797979797979796,0.11616161616161616,0.31313131313131315,0.1717171717171717,0.2222222222222222,0.12121212121212122,0.43434343434343436,0.8282828282828283,0.4595959595959596,0.3686868686868687,0.6475070707070707,0.1948141414141414,0.03891262626262626,0.03345606060606061,0.08529545454545455,0.18368686868686868,0.7107808080808081,0.10552626262626263,-0.07816060606060606
2023-02-20,0.17937219730941703,0.4260089686098655,0.11210762331838565,0.24663677130044842,0.18834080717488788,0.23318385650224216,0.13452914798206278,0.45739910313901344,0.726457399103139,0.484304932735426,0.242152466367713,0.5840614349775785,0.19837130044843052,0.03555470852017937,0.04657757847533632,0.13543991031390135,0.20636816143497758,0.6324434977578475,0.1611816143497758,-0.0451865470852018
2023-02-21,0.13513513513513514,0.3891891891891892,0.07027027027027027,0.17297297297297298,0.24324324324324326,0.21081081081081082,0.1783783783783784,0.5297297297297298,0.8540540540540541,0.4,0.4540540540540541,0.6467891891891893,0.19361405405405405,0.03534702702702703,0.03833027027027027,0.08591405405405406,0.20474702702702702,0.6208729729729731,0.17438,-0.030367027027027024
2023-02-22,0.16972477064220184,0.3738532110091743,0.08027522935779817,0.1720183486238532,0.19036697247706422,0.1651376146788991,0.11238532110091744,0.4701834862385321,0.7912844036697247,0.4013761467889908,0.38990825688073394,0.7260302752293578,0.12950848623853212,0.030037385321100916,0.04237087155963303,0.0720538990825688,0.23214655963302752,0.5565855504587156,0.21126880733944955,-0.020877752293577977
2023-02-23,0.14749262536873156,0.5191740412979351,0.07374631268436578,0.22418879056047197,0.25958702064896755,0.22123893805309736,0.15634218289085547,0.7197640117994101,0.9616519174041298,0.5545722713864307,0.40707964601769914,0.714976401179941,0.12343185840707965,0.03333834808259587,0.047649852507374635,0.08060353982300884,0.19596076696165193,0.542976401179941,0.26106401179941,0.06510324483775812
2023-02-24,0.24352331606217617,0.30569948186528495,0.07253886010362694,0.24870466321243523,0.16062176165803108,0.20725388601036268,0.07772020725388601,0.41450777202072536,0.7461139896373057,0.41450777202072536,0.3316062176165803,0.717401554404145,0.14502538860103625,0.034998445595854924,0.0337020725388601,0.06886528497409326,0.18235647668393784,0.6366347150259067,0.18100466321243525,-0.0013518134715025931
2023-02-25,0.13432835820895522,0.3208955223880597,0.07462686567164178,0.1044776119402985,0.1417910447761194,0.1044776119402985,0.1044776119402985,0.3582089552238806,0.6119402985074627,0.3283582089552239,0.2835820895522388,0.6039746268656716,0.23998955223880597,0.03727761194029851,0.043482089552238805,0.07526865671641791,0.1588179104477612,0.6698798507462687,0.17130746268656719,0.012489552238805969
2023-02-26,0.19548872180451127,0.3082706766917293,0.12781954887218044,0.2631578947368421,0.18045112781954886,0.20300751879699247,0.14285714285714285,0.42105263157894735,0.8721804511278195,0.49624060150375937,0.37593984962406013,0.6453887218045113,0.21253533834586466,0.04469248120300752,0.030266165413533837,0.06710676691729324,0.18203383458646616,0.7003218045112781,0.1176406015037594,-0.06439323308270677
2023-02-27,0.10909090909090909,0.38181818181818183,0.00909090909090909,0.10909090909090909,0.15454545454545454,0.1,0.10909090909090909,0.23636363636363636,0.5272727272727272,0.24545454545454545,0.2818181818181818,0.7106554545454545,0.14605545454545454,0.03673909090909091,0.042081818181818186,0.06446363636363636,0.1615190909090909,0.7019363636363636,0.13654454545454545,-0.024974545454545458
2023-02-28,0.08571428571428572,0.4057142857142857,0.09714285714285714,0.17714285714285713,0.14285714285714285,0.14285714285714285,0.14285714285714285,0.4742857142857143,0.8571428571428571,0.28,0.5771428571428572,0.7027291428571428,0.13883257142857142,0.032249714285714284,0.04607085714285714,0.08011657142857143,0.15236857142857144,0.7081611428571429,0.13947600000000002,-0.012892571428571427
2023-03-01,0.1774193548387097,0.3911290322580645,0.0846774193548387,0.1935483870967742,0.17338709677419356,0.18548387096774194,0.07258064516129033,0.46774193548387094,0.7983870967741935,0.5040322580645161,0.29435483870967744,0.6639358870967742,0.17226612903225808,0.0343233870967742,0.038185887096774195,0.09129314516129032,0.1885959677419355,0.632858064516129,0.1785467741935484,-0.010049193548387096
2023-03-02,0.14388489208633093,0.5863309352517986,0.07913669064748201,0.2014388489208633,0.26618705035971224,0.1366906474820144,0.17625899280575538,0.7877697841726619,0.9712230215827338,0.4676258992805755,0.5035971223021583,0.6491532374100719,0.17374208633093524,0.03446978417266187,0.05421654676258993,0.08842374100719425,0.2265820143884892,0.5549165467625898,0.21849964028776978,-0.008082374100719426
2023-03-03,0.13194444444444445,0.5555555555555556,0.052083333333333336,0.21180555555555555,0.2638888888888889,0.1875,0.16666666666666666,0.7395833333333334,0.9201388888888888,0.4583333333333333,0.4618055555555556,0.7178868055555555,0.11731909722222222,0.030597569444444448,0.05162083333333333,0.08256631944444444,0.19227152777777778,0.5822513888888889,0.2254809027777778,0.033209375
2023-03-04,0.09352517985611511,0.3381294964028777,0.11510791366906475,0.1510791366906475,0.14388489208633093,0.14388489208633093,0.1079136690647482,0.4892086330935252,0.762589928057554,0.33093525179856115,0.4316546762589928,0.6506525179856115,0.18425107913669064,0.0408136690647482,0.03794748201438849,0.08633165467625899,0.15432661870503597,0.6473007194244604,0.1983705035971223,0.044043884892086334
2023-03-05,0.15151515151515152,0.38181818181818183,0.07878787878787878,0.19393939393939394,0.18787878787878787,0.12727272727272726,0.11515151515151516,0.4121212121212121,0.7333333333333333,0.30303030303030304,0.4303030303030303,0.5995169696969697,0.22069212121212123,0.04394909090909091,0.042096969696969695,0.09374363636363636,0.13693151515151517,0.7509527272727273,0.11211212121212122,-0.02481939393939394
2023-03-06,0.12560386473429952,0.40096618357487923,0.033816425120772944,0.1932367149758454,0.13526570048309178,0.07729468599033816,0.057971014492753624,0.4927536231884058,1.0434782608695652,0.3140096618357488,0.7294685990338164,0.6794507246376812,0.15800048309178744,0.03006570048309179,0.03499033816425121,0.09749855072463769,0.10483671497584542,0.7134289855072464,0.18173236714975846,0.07689565217391305
2023-03-07,0.11023622047244094,0.36220472440944884,0.07086614173228346,0.16535433070866143,0.2440944881889764,0.16535433070866143,0.16535433070866143,0.3543307086614173,0.8582677165354331,0.3464566929133858,0.5118110236220472,0.6817960629921259,0.17131574803149607,0.03133070866141732,0.0470488188976378,0.06851574803149606,0.2203023622047244,0.6393582677165354,0.14034488188976377,-0.07995748031496064
2023-03-08,0.11363636363636363,0.3712121212121212,0.06060606060606061,0.18181818181818182,0.18181818181818182,0.10606060606060606,0.09848484848484848,0.4090909090909091,0.7045454545454546,0.3409090909090909,0.36363636363636365,0.6684568181818182,0.1741659090909091,0.03489924242424242,0.04792348484848485,0.07454545454545454,0.10603257575757576,0.7454333333333333,0.14854090909090908,0.042508333333333335
2023-03-09,0.27976190476190477,0.2916666666666667,0.125,0.2916666666666667,0.16666666666666666,0.21428571428571427,0.17857142857142858,0.4880952380952381,0.8214285714285714,0.6130952380952381,0.20833333333333334,0.64555,0.16757202380952382,0.03932976190476191,0.049498214285714284,0.09805119047619047,0.14908630952380952,0.7235511904761905,0.12736071428571427,-0.02172559523809524
2023-03-10,0.13815789473684212,0.29605263157894735,0.08552631578947369,0.2236842105263158,0.14473684210526316,0.2565789473684211,0.19078947368421054,0.4342105263157895,0.631578947368421,0.4144736842105263,0.21710526315789475,0.6433046052631579,0.19557105263157895,0.03559342105263158,0.032113815789473685,0.09341315789473685,0.1541782894736842,0.7064203947368421,0.13940263157894736,-0.014775657894736841
2023-03-11,0.13917525773195877,0.3711340206185567,0.061855670103092786,0.14432989690721648,0.14948453608247422,0.12371134020618557,0.10309278350515463,0.39690721649484534,0.7061855670103093,0.36082474226804123,0.34536082474226804,0.6635814432989691,0.17365051546391755,0.04221185567010309,0.03704639175257732,0.0835180412371134,0.15589278350515465,0.734309793814433,0.10979845360824741,-0.04609432989690721
2023-03-12,0.1568627450980392,0.35947712418300654,0.1111111111111111,0.24183006535947713,0.1568627450980392,0.20915032679738563,0.0915032679738562,0.28104575163398693,0.7320261437908496,0.45098039215686275,0.28104575163398693,0.641935294117647,0.18733267973856207,0.03925816993464052,0.049181699346405226,0.08228496732026143,0.1404013071895425,0.6784771241830065,0.18111764705882352,0.04071633986928104
2023-03-13,0.17575757575757575,0.3151515151515151,0.05454545454545454,0.18181818181818182,0.15151515151515152,0.17575757575757575,0.14545454545454545,0.34545454545454546,0.6545454545454545,0.4,0.2545454545454545,0.6807218181818182,0.15925757575757576,0.03729515151515151,0.03351454545454545,0.08920484848484848,0.15914666666666666,0.7358587878787879,0.1049878787878788,-0.054158787878787876
2023-03-14,0.13253012048192772,0.3493975903614458,0.05421686746987952,0.1746987951807229,0.13253012048192772,0.14457831325301204,0.10240963855421686,0.43373493975903615,0.8975903614457831,0.30120481927710846,0.5963855421686747,0.730043373493976,0.13522048192771086,0.033392771084337344,0.03832409638554217,0.06301686746987953,0.13044638554216867,0.7264397590361446,0.14311144578313253,0.012665060240963854
2023-03-15,0.12389380530973451,0.24336283185840707,0.061946902654867256,0.19911504424778761,0.11061946902654868,0.1415929203539823,0.11504424778761062,0.39823008849557523,0.5707964601769911,0.39823008849557523,0.17256637168141592,0.7021517699115044,0.14538716814159292,0.03558185840707964,0.04044513274336284,0.07643893805309736,0.1341721238938053,0.7264212389380531,0.13940442477876105,0.005232300884955752
2023-03-16,0.16939890710382513,0.40437158469945356,0.07650273224043716,0.17486338797814208,0.12021857923497267,0.19672131147540983,0.15300546448087432,0.46994535519125685,0.9617486338797814,0.4098360655737705,0.5519125683060109,0.6875639344262295,0.1503846994535519,0.03829945355191257,0.04421803278688525,0.07952677595628416,0.1236087431693989,0.6945956284153005,0.18179344262295083,0.05818469945355191
2023-03-17,0.15789473684210525,0.3742690058479532,0.08187134502923976,0.1871345029239766,0.14035087719298245,0.2222222222222222,0.07602339181286549,0.4152046783625731,0.8538011695906432,0.49122807017543857,0.36257309941520466,0.7080812865497076,0.15520818713450293,0.03644736842105263,0.038796491228070176,0.06147485380116959,0.18349181286549707,0.664838596491228,0.15167134502923976,-0.03182046783625731
2023-03-18,0.16111111111111112,0.3055555555555556,0.027777777777777776,0.2111111111111111,0.1,0.12222222222222222,0.1,0.35555555555555557,0.6444444444444445,0.31666666666666665,0.3277777777777778,0.7110183333333333,0.158525,0.031110000000000002,0.03135333333333334,0.06799277777777778,0.1544977777777778,0.7511188888888889,0.09437833333333333,-0.06011944444444445
2023-03-19,0.11949685534591195,0.2893081761006289,0.050314465408805034,0.16981132075471697,0.1320754716981132,0.14465408805031446,0.1069182389937107,0.3836477987421384,0.710691823899371,0.27672955974842767,0.4339622641509434,0.6150792452830189,0.19555534591194967,0.042820125786163524,0.04699685534591195,0.09955534591194969,0.10270125786163521,0.747811320754717,0.1494811320754717,0.046779874213836475
2023-03-20,0.13716814159292035,0.3141592920353982,0.07079646017699115,0.13716814159292035,0.13274336283185842,0.2079646017699115,0.07964601769911504,0.4424778761061947,0.8407079646017699,0.3805309734513274,0.46017699115044247,0.6670247787610619,0.16685929203539823,0.04011238938053097,0.04720132743362832,0.07880088495575222,0.13545575221238937,0.7463924778761062,0.1181575221238938,-0.017298230088495577
2023-03-21,0.14545454545454545,0.5318181818181819,0.05454545454545454,0.21363636363636362,0.18636363636363637,0.12272727272727273,0.09090909090909091,0.4863636363636364,1.231818181818182,0.3181818181818182,0.9136363636363637,0.6830313636363636,0.14099272727272727,0.035295,0.06609863636363636,0.07458454545454546,0.12500727272727272,0.7130381818181819,0.16195045454545456,0.03694318181818181
2023-03-22,0.14423076923076922,0.3894230769230769,0.10576923076923077,0.1875,0.19230769230769232,0.21634615384615385,0.11057692307692307,0.41346153846153844,0.7403846153846154,0.41346153846153844,0.3269230769230769,0.7241466346153846,0.13719711538461538,0.030148076923076923,0.04093317307692308,0.06757211538461538,0.1512341346153846,0.7168870192307693,0.13188413461538462,-0.019349999999999996
2023-03-23,0.18316831683168316,0.3613861386138614,0.10891089108910891,0.32673267326732675,0.15346534653465346,0.26732673267326734,0.11386138613861387,0.5148514851485149,0.8960396039603961,0.48514851485148514,0.41089108910891087,0.680910891089109,0.15693168316831682,0.042597524752475247,0.038713861386138616,0.08084554455445545,0.1420430693069307,0.7086633663366337,0.14929257425742573,0.007249504950495053
2023-03-24,0.15987460815047022,0.46394984326018807,0.08463949843260188,0.329153605015674,0.2664576802507837,0.23510971786833856,0.21630094043887146,0.8714733542319749,1.141065830721003,0.6394984326018809,0.5015673981191222,0.6367131661442006,0.18575799373040752,0.03007680250783699,0.0457705329153605,0.10167868338557993,0.23113793103448277,0.5328012539184952,0.2360614420062696,0.004923510971786832
2023-03-25,0.08648648648648649,0.31351351351351353,0.04864864864864865,0.14054054054054055,0.16756756756756758,0.10270270270270271,0.0918918918918919,0.42162162162162165,0.7189189189189189,0.3027027027027027,0.41621621621621624,0.6398578378378378,0.18812972972972974,0.04704648648648649,0.04036810810810811,0.08460378378378379,0.1415756756756757,0.7109027027027027,0.14751351351351352,0.0059378378378378395
2023-03-26,0.15606936416184972,0.41040462427745666,0.023121387283236993,0.17341040462427745,0.17341040462427745,0.10404624277456648,0.12716763005780346,0.4277456647398844,0.9421965317919075,0.2254335260115607,0.7167630057803468,0.6481445086705203,0.1684815028901734,0.040263583815028904,0.04579942196531792,0.09731098265895954,0.12287514450867053,0.7194965317919075,0.1576236994219653,0.034748554913294795
2023-03-27,0.21691176470588236,0.5367647058823529,0.09191176470588236,0.28308823529411764,0.2867647058823529,0.21323529411764705,0.13602941176470587,0.6838235294117647,1.338235294117647,0.5772058823529411,0.7610294117647058,0.6959617647058823,0.14432830882352943,0.034827573529411765,0.03907205882352941,0.0858125,0.10058566176470589,0.6776036764705883,0.22180551470588236,0.12121985294117647
2023-03-28,0.16568047337278108,0.3431952662721893,0.07100591715976332,0.22485207100591717,0.20710059171597633,0.1893491124260355,0.13609467455621302,0.4319526627218935,0.8284023668639053,0.4319526627218935,0.39644970414201186,0.686431952662722,0.16864615384615386,0.03689644970414201,0.03282130177514793,0.07520059171597633,0.15118165680473375,0.7143757396449705,0.13444378698224851,-0.016737869822485207
2023-03-29,0.07947019867549669,0.31788079470198677,0.052980132450331126,0.24503311258278146,0.13245033112582782,0.15894039735099338,0.07947019867549669,0.4966887417218543,0.7549668874172185,0.36423841059602646,0.39072847682119205,0.6781543046357617,0.16506490066225166,0.03489867549668874,0.03819867549668874,0.08369271523178809,0.14068543046357618,0.7053927152317881,0.15392582781456954,0.013240397350993376
2023-03-30,0.205607476635514,0.29906542056074764,0.07476635514018691,0.22897196261682243,0.10747663551401869,0.1822429906542056,0.08878504672897196,0.29906542056074764,0.6121495327102804,0.4953271028037383,0.11682242990654206,0.6876317757009346,0.17009485981308411,0.03937056074766355,0.04181308411214953,0.061083177570093454,0.1569565420560748,0.6958060747663551,0.14724018691588786,-0.009716355140186915
2023-03-31,0.17732558139534885,0.48255813953488375,0.07848837209302326,0.3023255813953488,0.29069767441860467,0.2238372093023256,0.18313953488372092,0.7965116279069767,1.055232558139535,0.6773255813953488,0.37790697674418605,0.6447061046511627,0.15041424418604651,0.036489534883720934,0.06703401162790698,0.10136918604651163,0.18126104651162792,0.5588627906976744,0.2598718023255814,0.07861075581395349
2023-04-01,0.20994475138121546,0.4972375690607735,0.13259668508287292,0.2596685082872928,0.2983425414364641,0.22099447513812154,0.2265193370165746,0.6961325966850829,1.1546961325966851,0.5027624309392266,0.6519337016574586,0.6847220994475138,0.15734475138121548,0.04343093922651933,0.04881049723756906,0.06568950276243093,0.13439005524861877,0.7435309392265194,0.1220806629834254,-0.01230939226519337
2023-04-02,0.1595744680851064,0.3723404255319149,0.0851063829787234,0.1702127659574468,0.23404255319148937,0.13829787234042554,0.13829787234042554,0.5957446808510638,0.9468085106382979,0.3723404255319149,0.574468085106383,0.5990734042553192,0.2174,0.0351,0.029082978723404256,0.11933404255319148,0.11797553191489363,0.710118085106383,0.17189468085106385,0.05391914893617022
2023-04-03,0.1686746987951807,0.42771084337349397,0.06626506024096386,0.3614457831325301,0.21686746987951808,0.18674698795180722,0.07228915662650602,0.572289156626506,1.108433734939759,0.6867469879518072,0.42168674698795183,0.7452198795180723,0.12064397590361446,0.029633132530120482,0.03438072289156627,0.07012409638554216,0.11571144578313254,0.6741867469879519,0.21009819277108435,0.09438674698795181
2023-04-04,0.2064516129032258,0.38064516129032255,0.05161290322580645,0.2064516129032258,0.2,0.15483870967741936,0.11612903225806452,0.5290322580645161,1.1225806451612903,0.432258064516129,0.6903225806451613,0.66878,0.16790709677419355,0.03819225806451613,0.03484967741935484,0.09027032258064516,0.17199870967741937,0.6303335483870968,0.19766516129032258,0.025666451612903225
2023-04-05,0.11764705882352941,0.4215686274509804,0.0392156862745098,0.16176470588235295,0.2107843137254902,0.12254901960784313,0.13725490196078433,0.44607843137254904,0.7450980392156863,0.3284313725490196,0.4166666666666667,0.5519352941176471,0.2252098039215686,0.033215686274509805,0.05188382352941177,0.1377593137254902,0.12101617647058824,0.7066225490196079,0.17236470588235292,0.0513485294117647
2023-04-06,0.21902017291066284,0.42939481268011526,0.06340057636887608,0.3631123919308357,0.3170028818443804,0.1988472622478386,0.16714697406340057,0.7521613832853026,1.1412103746397695,0.6311239193083573,0.5100864553314121,0.548564265129683,0.25256195965417866,0.05038991354466858,0.06134985590778098,0.0871400576368876,0.2647792507204611,0.5453023054755043,0.1899227665706052,-0.0748564841498559
2023-04-07,0.16822429906542055,0.3411214953271028,0.11682242990654206,0.2383177570093458,0.19158878504672897,0.205607476635514,0.1261682242990654,0.5046728971962616,0.9252336448598131,0.4532710280373832,0.4719626168224299,0.6298635514018691,0.19588317757009344,0.04535046728971963,0.03748738317757009,0.09141682242990654,0.17530887850467292,0.6833,0.14138504672897195,-0.033923831775700936
2023-04-08,0.13793103448275862,0.3563218390804598,0.11494252873563218,0.19540229885057472,0.13793103448275862,0.09195402298850575,0.11494252873563218,0.5057471264367817,0.8275862068965517,0.3793103448275862,0.4482758620689655,0.6644954022988506,0.17391609195402297,0.054087356321839086,0.038863218390804595,0.06863563218390804,0.088616091954023,0.8313436781609195,0.0800367816091954,-0.008579310344827586
2023-04-09,0.19607843137254902,0.4803921568627451,0.16666666666666666,0.4215686274509804,0.18627450980392157,0.23529411764705882,0.18627450980392157,0.5,0.8235294117647058,0.5490196078431373,0.27450980392156865,0.6464980392156864,0.2051901960784314,0.04444411764705882,0.031204901960784313,0.07265686274509804,0.1984549019607843,0.6862401960784313,0.1153049019607843,-0.08314999999999999
2023-04-10,0.14007782101167315,0.5291828793774319,0.08560311284046693,0.245136186770428,0.21011673151750973,0.19455252918287938,0.20622568093385213,0.5953307392996109,1.0155642023346303,0.556420233463035,0.4591439688715953,0.6346186770428016,0.19238249027237356,0.0467579766536965,0.05020505836575875,0.07603346303501946,0.25594435797665366,0.6044634241245137,0.13959027237354085,-0.11635408560311283
2023-04-11,0.0962566844919786,0.2994652406417112,0.06417112299465241,0.22459893048128343,0.0962566844919786,0.12834224598930483,0.0374331550802139,0.41711229946524064,0.9625668449197861,0.44385026737967914,0.5187165775401069,0.6832080213903743,0.17059732620320855,0.04259679144385027,0.03015561497326203,0.07344385026737968,0.15237326203208557,0.6801352941176471,0.1674903743315508,0.015117112299465246
2023-04-12,0.185378590078329,0.5169712793733682,0.1122715404699739,0.23759791122715404,0.26370757180156656,0.15926892950391644,0.14360313315926893,0.660574412532637,0.9843342036553525,0.38642297650130547,0.597911227154047,0.632401044386423,0.18528720626631856,0.035925848563968674,0.04302167101827676,0.1033710182767624,0.1493342036553525,0.6405514360313316,0.2101135770234987,0.06077937336814622
2023-04-13,0.13028169014084506,0.4154929577464789,0.08450704225352113,0.19718309859154928,0.176056338028169,0.11619718309859155,0.11971830985915492,0.4154929577464789,0.7746478873239436,0.4084507042253521,0.36619718309859156,0.6778954225352113,0.15674154929577466,0.036267957746478875,0.04760211267605634,0.08148767605633803,0.13581901408450706,0.7351461267605633,0.1290316901408451,-0.006787323943661974
2023-04-14,0.12912087912087913,0.42032967032967034,0.08516483516483517,0.21978021978021978,0.21703296703296704,0.16483516483516483,0.16483516483516483,0.6043956043956044,1.098901098901099,0.5082417582417582,0.5906593406593407,0.6038590659340659,0.21558406593406593,0.033302747252747254,0.044863186813186816,0.10239203296703296,0.15803653846153848,0.7066967032967033,0.13527032967032968,-0.02276620879120879
2023-04-15,0.16317991631799164,0.35564853556485354,0.06276150627615062,0.16736401673640167,0.18410041841004185,0.20502092050209206,0.13389121338912133,0.4100418410041841,0.6903765690376569,0.3723849372384937,0.3179916317991632,0.6403179916317991,0.17309079497907948,0.036512552301255226,0.04328619246861925,0.10679246861924686,0.1228347280334728,0.7262179916317992,0.1509468619246862,0.02811213389121339
2023-04-16,0.1940928270042194,0.46835443037974683,0.05907172995780591,0.22784810126582278,0.22362869198312235,0.20675105485232068,0.18565400843881857,0.46835443037974683,0.8143459915611815,0.4050632911392405,0.4092827004219409,0.6171535864978903,0.18753881856540083,0.04762025316455696,0.039128270042194095,0.10856413502109705,0.12604556962025318,0.7563502109704641,0.1176042194092827,-0.008441350210970465
2023-04-17,0.1662921348314607,0.47191011235955055,0.09662921348314607,0.1842696629213483,0.25842696629213485,0.16404494382022472,0.19101123595505617,0.6966292134831461,1.296629213483146,0.41797752808988764,0.8786516853932584,0.6725550561797752,0.1773444943820225,0.03538988764044944,0.03621011235955056,0.07850044943820225,0.12476044943820225,0.6985321348314606,0.1767076404494382,0.05194719101123595
2023-04-18,0.13782051282051283,0.4423076923076923,0.057692307692307696,0.1891025641025641,0.1987179487179487,0.17307692307692307,0.12179487179487179,0.5160256410256411,0.9198717948717948,0.41025641025641024,0.5096153846153846,0.6612820512820513,0.1732150641025641,0.04092532051282051,0.04669839743589744,0.07787724358974359,0.13421474358974358,0.6766878205128205,0.18909807692307692,0.05488333333333333
2023-04-19,0.18411552346570398,0.33574007220216606,0.05776173285198556,0.16606498194945848,0.1444043321299639,0.17328519855595667,0.1263537906137184,0.4223826714801444,0.8158844765342961,0.33212996389891697,0.48375451263537905,0.6177140794223827,0.1989115523465704,0.04601768953068592,0.050182310469314075,0.0871783393501805,0.15494259927797835,0.7182635379061372,0.12679602888086644,-0.028146570397111912
2023-04-20,0.15267175572519084,0.31297709923664124,0.08396946564885496,0.1450381679389313,0.16030534351145037,0.15648854961832062,0.08778625954198473,0.45038167938931295,0.7099236641221374,0.38549618320610685,0.3244274809160305,0.6002877862595419,0.2519011450381679,0.0416618320610687,0.033768702290076336,0.07238053435114504,0.2276354961832061,0.5887263358778626,0.18363854961832063,-0.0439969465648855
2023-04-21,0.09465020576131687,0.3374485596707819,0.0823045267489712,0.16872427983539096,0.1522633744855967,0.1646090534979424,0.14814814814814814,0.5061728395061729,0.8806584362139918,0.43209876543209874,0.448559670781893,0.662040329218107,0.19089506172839507,0.03503333333333333,0.035408230452674896,0.07662962962962963,0.1522679012345679,0.6929024691358026,0.15483004115226337,0.002562139917695472
2023-04-22,0.18099547511312217,0.2986425339366516,0.14027149321266968,0.2171945701357466,0.167420814479638,0.20361990950226244,0.16289592760180996,0.3936651583710407,0.7873303167420814,0.5067873303167421,0.28054298642533937,0.6090733031674208,0.1916524886877828,0.05392307692307692,0.06004389140271493,0.08531447963800905,0.19443710407239817,0.6856054298642534,0.11995927601809954,-0.07447782805429863
2023-04-23,0.1471698113207547,0.33962264150943394,0.08679245283018867,0.13962264150943396,0.1811320754716981,0.1320754716981132,0.1509433962264151,0.49056603773584906,1.1132075471698113,0.3320754716981132,0.7811320754716982,0.653611320754717,0.19172,0.03389018867924529,0.03394301886792453,0.0868354716981132,0.14354603773584904,0.7299509433962265,0.12650716981132076,-0.017038867924528297
2023-04-24,0.24054982817869416,0.436426116838488,0.09621993127147767,0.21305841924398625,0.16838487972508592,0.19931271477663232,0.1134020618556701,0.44673539518900346,0.738831615120275,0.44673539518900346,0.2920962199312715,0.6390013745704467,0.1863979381443299,0.04539553264604811,0.04246288659793814,0.0867360824742268,0.1598295532646048,0.6826261168384881,0.1575426116838488,-0.002286941580756014
2023-04-25,0.14583333333333334,0.4409722222222222,0.11458333333333333,0.18055555555555555,0.22916666666666666,0.14583333333333334,0.11805555555555555,0.7152777777777778,1.0659722222222223,0.4027777777777778,0.6631944444444444,0.7028680555555555,0.1373798611111111,0.03875833333333333,0.048661805555555555,0.07233645833333333,0.17951979166666668,0.6248885416666667,0.195596875,0.016077083333333332
2023-04-26,0.17378048780487804,0.40853658536585363,0.10365853658536585,0.21951219512195122,0.20426829268292682,0.19817073170731708,0.12804878048780488,0.5060975609756098,0.9115853658536586,0.4603658536585366,0.45121951219512196,0.632309756097561,0.18118841463414634,0.03380091463414634,0.047157926829268296,0.10554176829268293,0.1676548780487805,0.6347185975609756,0.19762073170731706,0.029965853658536584
2023-04-27,0.17559523809523808,0.5386904761904762,0.08928571428571429,0.23214285714285715,0.27976190476190477,0.22023809523809523,0.15773809523809523,0.7708333333333334,1.1071428571428572,0.5267857142857143,0.5803571428571429,0.683522619047619,0.15850625,0.04175,0.047051190476190476,0.0691717261904762,0.1947559523809524,0.60730625,0.19793750000000002,0.003181547619047619
2023-04-28,0.1404494382022472,0.45786516853932585,0.033707865168539325,0.17134831460674158,0.20224719101123595,0.19101123595505617,0.14606741573033707,0.6432584269662921,0.848314606741573,0.5168539325842697,0.33146067415730335,0.638939606741573,0.1746247191011236,0.040094943820224715,0.0532620786516854,0.0930752808988764,0.21884831460674156,0.5963441011235955,0.18480814606741575,-0.034040168539325844
2023-04-29,0.13526570048309178,0.30434782608695654,0.05314009661835749,0.15458937198067632,0.11594202898550725,0.12077294685990338,0.10144927536231885,0.28019323671497587,0.5700483091787439,0.33816425120772947,0.2318840579710145,0.6081275362318841,0.22463236714975846,0.03956521739130434,0.04208937198067633,0.08558599033816425,0.15161014492753622,0.7140135265700484,0.13437342995169083,-0.01723671497584541
2023-04-30,0.23376623376623376,0.329004329004329,0.07792207792207792,0.24242424242424243,0.14285714285714285,0.24242424242424243,0.11688311688311688,0.4069264069264069,0.6623376623376623,0.4458874458874459,0.21645021645021645,0.6252493506493507,0.20847619047619048,0.046129437229437235,0.036950216450216455,0.0831952380952381,0.189304329004329,0.7110268398268398,0.09966666666666667,-0.08963766233766234
2023-05-01,0.2007168458781362,0.4982078853046595,0.06451612903225806,0.22580645161290322,0.24014336917562723,0.16487455197132617,0.16129032258064516,0.5878136200716846,1.064516129032258,0.41935483870967744,0.6451612903225806,0.6773956989247312,0.16575448028673834,0.03574014336917563,0.04209605734767025,0.07901290322580645,0.17949928315412186,0.6466182795698925,0.1738874551971326,-0.005611827956989246
2023-05-02,0.19318181818181818,0.48863636363636365,0.10795454545454546,0.2784090909090909,0.2727272727272727,0.1875,0.1534090909090909,0.5056818181818182,1.2386363636363635,0.4715909090909091,0.7670454545454546,0.6776477272727273,0.17087045454545455,0.032598295454545456,0.045747159090909095,0.07313238636363636,0.14847556818181817,0.6591585227272727,0.19236704545454544,0.04389147727272727
2023-05-03,0.08333333333333333,0.4019607843137255,0.049019607843137254,0.13725490196078433,0.18137254901960784,0.12254901960784313,0.09313725490196079,0.5735294117647058,0.8088235294117647,0.31862745098039214,0.49019607843137253,0.6694872549019608,0.14306323529411763,0.03331764705882353,0.06856617647058824,0.08556127450980391,0.17855343137254903,0.648378431372549,0.17307254901960786,-0.005480882352941174
2023-05-04,0.1910569105691057,0.34552845528455284,0.08943089430894309,0.21138211382113822,0.15040650406504066,0.11382113821138211,0.11382113821138211,0.44308943089430897,0.8414634146341463,0.3699186991869919,0.4715447154471545,0.687161382113821,0.16165528455284553,0.03179430894308943,0.04257804878048781,0.07681219512195123,0.15761666666666665,0.6325626016260163,0.2098260162601626,0.052209349593495935
2023-05-05,0.13705583756345177,0.40609137055837563,0.06598984771573604,0.13705583756345177,0.16751269035532995,0.08629441624365482,0.07106598984771574,0.4416243654822335,0.7969543147208121,0.27411167512690354,0.5228426395939086,0.6820177664974618,0.15188071065989847,0.0368248730964467,0.04331472081218274,0.08595888324873097,0.09650355329949238,0.7603969543147209,0.1430954314720812,0.04659187817258883
2023-05-06,0.1683673469387755,0.4030612244897959,0.05612244897959184,0.23469387755102042,0.1836734693877551,0.16326530612244897,0.11734693877551021,0.6326530612244898,0.8622448979591837,0.45408163265306123,0.40816326530612246,0.6200673469387755,0.1827887755102041,0.033579591836734694,0.061767857142857145,0.10179336734693878,0.20430204081632652,0.6064989795918367,0.18919591836734695,-0.01510612244897959
2023-05-07,0.08609271523178808,0.23841059602649006,0.09933774834437085,0.13245033112582782,0.1456953642384106,0.10596026490066225,0.07947019867549669,0.423841059602649,0.7152317880794702,0.2582781456953642,0.45695364238410596,0.6763993377483444,0.17167880794701987,0.027341721854304633,0.03557019867549669,0.08900993377483443,0.07937086092715231,0.796535761589404,0.12409205298013246,0.044721192052980134
2023-05-08,0.21153846153846154,0.3974358974358974,0.10897435897435898,0.23717948717948717,0.19230769230769232,0.16666666666666666,0.11538461538461539,0.4935897435897436,0.7307692307692307,0.4358974358974359,0.2948717948717949,0.6055108974358975,0.20195384615384615,0.045455128205128204,0.04829294871794872,0.09879166666666667,0.18941666666666665,0.6914032051282052,0.11917692307692307,-0.0702397435897436
2023-05-09,0.2491349480968858,0.4083044982698962,0.09688581314878893,0.24567474048442905,0.22837370242214533,0.17993079584775087,0.1695501730103806,0.7474048442906575,1.0795847750865053,0.5363321799307958,0.5432525951557093,0.7325332179930796,0.11325328719723182,0.02944705882352941,0.04451487889273357,0.08025467128027682,0.13998927335640138,0.6976768166089966,0.1623325259515571,0.02234325259515571
2023-05-10,0.125,0.4166666666666667,0.057291666666666664,0.1875,0.203125,0.14583333333333334,0.14583333333333334,0.5364583333333334,0.9322916666666666,0.3489583333333333,0.5833333333333334,0.5834223958333333,0.2362578125,0.03702864583333333,0.04236822916666667,0.10091822916666666,0.12296510416666667,0.7410942708333333,0.13593854166666666,0.012973437499999999
2023-05-11,0.1390728476821192,0.33774834437086093,0.059602649006622516,0.2119205298013245,0.17218543046357615,0.17218543046357615,0.1390728476821192,0.423841059602649,0.8741721854304636,0.3509933774834437,0.5231788079470199,0.647453642384106,0.20282251655629138,0.042680794701986755,0.03657748344370861,0.07046092715231787,0.1372682119205298,0.723541059602649,0.13918807947019868,0.0019198675496688738
2023-05-12,0.12337662337662338,0.4090909090909091,0.12337662337662338,0.24025974025974026,0.2012987012987013,0.2597402597402597,0.17532467532467533,0.5974025974025974,0.7077922077922078,0.5714285714285714,0.13636363636363635,0.6324785714285714,0.18535909090909092,0.05132662337662338,0.049444805194805194,0.08139870129870129,0.18451298701298702,0.673824025974026,0.14166883116883117,-0.042844155844155844
2023-05-13,0.11475409836065574,0.3770491803278688,0.09016393442622951,0.22131147540983606,0.1885245901639344,0.11475409836065574,0.13114754098360656,0.4180327868852459,0.819672131147541,0.319672131147541,0.5,0.5847844262295082,0.23670000000000002,0.04549918032786885,0.044664754098360654,0.08835409836065573,0.09821557377049181,0.7768401639344262,0.12494098360655737,0.026725409836065573
2023-05-14,0.17073170731707318,0.4451219512195122,0.09146341463414634,0.14634146341463414,0.1402439024390244,0.18292682926829268,0.16463414634146342,0.3231707317073171,0.6219512195121951,0.32926829268292684,0.2926829268292683,0.6598957317073171,0.1885780487804878,0.031940243902439026,0.033822560975609754,0.08576951219512195,0.11830914634146342,0.7615060975609756,0.12017012195121951,0.0018609756097560984
2023-05-15,0.06134969325153374,0.4110429447852761,0.05521472392638037,0.1411042944785276,0.17177914110429449,0.15950920245398773,0.17791411042944785,0.4294478527607362,0.8650306748466258,0.32515337423312884,0.5398773006134969,0.6597993865030676,0.15085828220858896,0.0376319018404908,0.04194846625766871,0.10977668711656441,0.13725644171779142,0.7367386503067485,0.1260128834355828,-0.011243558282208589
2023-05-16,0.1437125748502994,0.2994011976047904,0.08383233532934131,0.1437125748502994,0.1377245508982036,0.15568862275449102,0.11976047904191617,0.39520958083832336,0.6706586826347305,0.32335329341317365,0.3473053892215569,0.7062988023952096,0.1611808383233533,0.03484431137724551,0.030329341317365272,0.06734850299401197,0.12321077844311377,0.7696053892215569,0.10719041916167665,-0.01602035928143713
2023-05-17,0.14792899408284024,0.3727810650887574,0.0650887573964497,0.1301775147928994,0.22485207100591717,0.1242603550295858,0.11834319526627218,0.3254437869822485,0.7928994082840237,0.28402366863905326,0.5088757396449705,0.6545715976331361,0.18886863905325443,0.03324733727810651,0.03429585798816568,0.08901834319526628,0.1122473372781065,0.7202786982248521,0.16747041420118342,0.05522307692307693
2023-05-18,0.06511627906976744,0.26976744186046514,0.037209302325581395,0.12558139534883722,0.14883720930232558,0.09302325581395349,0.05116279069767442,0.5209302325581395,0.8511627906976744,0.23255813953488372,0.6186046511627907,0.6699474418604652,0.18161069767441862,0.033630697674418605,0.04112837209302325,0.07369348837209302,0.1386706976744186,0.7186544186046512,0.14267581395348838,0.004005116279069765
2023-05-19,0.14860681114551083,0.3684210526315789,0.08668730650154799,0.15170278637770898,0.2043343653250774,0.1393188854489164,0.11764705882352941,0.46439628482972134,0.7554179566563467,0.3281733746130031,0.42724458204334365,0.5434891640866873,0.23851764705882353,0.05600247678018576,0.04890030959752322,0.11309287925696596,0.15138637770897834,0.6623374613003096,0.1862752321981424,0.03488885448916409
2023-05-20,0.17903930131004367,0.462882096069869,0.07860262008733625,0.18777292576419213,0.21397379912663755,0.1091703056768559,0.08296943231441048,0.6157205240174672,1.1615720524017468,0.3799126637554585,0.7816593886462883,0.6847235807860262,0.14395458515283843,0.030792576419213975,0.04065240174672489,0.09987816593886463,0.1431873362445415,0.6853698689956332,0.1714419213973799,0.028254585152838428
2023-05-21,0.125,0.1875,0.0625,0.1640625,0.09375,0.1484375,0.1015625,0.34375,0.6328125,0.328125,0.3046875,0.6772453125,0.1640375,0.04554140625,0.035107031250000004,0.0780734375,0.1735265625,0.7290296875,0.0974390625,-0.0760875
2023-05-22,0.1453287197231834,0.2837370242214533,0.03806228373702422,0.2179930795847751,0.16262975778546712,0.13494809688581316,0.08304498269896193,0.42560553633217996,0.7577854671280276,0.3633217993079585,0.3944636678200692,0.6823370242214533,0.16431695501730104,0.04361107266435986,0.033521799307958476,0.07620622837370243,0.1608955017301038,0.7121993079584775,0.12689792387543253,-0.03399757785467127
2023-05-23,0.140893470790378,0.42955326460481097,0.061855670103092786,0.18900343642611683,0.18556701030927836,0.13058419243986255,0.17525773195876287,0.48109965635738833,0.8797250859106529,0.32646048109965636,0.5532646048109966,0.5885577319587628,0.20904570446735393,0.040974226804123715,0.04883814432989691,0.11258659793814434,0.13159415807560138,0.6846,0.18380721649484538,0.052213058419243986
2023-05-24,0.2171945701357466,0.5542986425339367,0.1085972850678733,0.248868778280543,0.23529411764705882,0.18099547511312217,0.1493212669683258,0.6515837104072398,1.0995475113122173,0.5090497737556561,0.5904977375565611,0.6438719457013575,0.16113099547511311,0.04888981900452489,0.052730542986425336,0.09338235294117647,0.16150158371040724,0.6348509049773756,0.20364570135746604,0.042144117647058825
2023-05-25,0.14942528735632185,0.3850574712643678,0.06321839080459771,0.14942528735632185,0.20402298850574713,0.1206896551724138,0.13218390804597702,0.49137931034482757,0.7614942528735632,0.35344827586206895,0.40804597701149425,0.6590514367816092,0.17523333333333332,0.04058074712643678,0.04239454022988506,0.0827367816091954,0.1653985632183908,0.6143212643678161,0.2202807471264368,0.05488218390804598
2023-05-26,0.12043795620437957,0.33211678832116787,0.11313868613138686,0.17153284671532848,0.2116788321167883,0.16423357664233576,0.1678832116788321,0.3722627737226277,0.7883211678832117,0.38321167883211676,0.4051094890510949,0.6080335766423358,0.18693576642335766,0.04129817518248175,0.05370547445255474,0.11003029197080291,0.13154963503649636,0.6570762773722628,0.21136459854014597,0.07981496350364964
2023-05-27,0.13725490196078433,0.4869281045751634,0.0718954248366013,0.1437908496732026,0.2679738562091503,0.1568627450980392,0.16666666666666666,0.5555555555555556,0.8790849673202614,0.46078431372549017,0.41830065359477125,0.5902173202614379,0.22291339869281046,0.03884771241830065,0.045075490196078434,0.10295130718954248,0.1499996732026144,0.6648245098039215,0.18517549019607843,0.03517581699346405
2023-05-28,0.1686046511627907,0.25,0.0755813953488372,0.1511627906976744,0.1686046511627907,0.1686046511627907,0.0872093023255814,0.3953488372093023,0.7267441860465116,0.3488372093023256,0.37790697674418605,0.6460773255813953,0.1899970930232558,0.042890116279069766,0.037694186046511625,0.08334418604651163,0.1331936046511628,0.7644348837209303,0.10236802325581394,-0.030825581395348835
2023-05-29,0.09230769230769231,0.3435897435897436,0.03076923076923077,0.1641025641025641,0.13333333333333333,0.06153846153846154,0.09743589743589744,0.4205128205128205,0.9794871794871794,0.2923076923076923,0.6871794871794872,0.6346584615384615,0.1741051282051282,0.033444615384615385,0.05994615384615385,0.09784307692307692,0.10606717948717949,0.7277435897435898,0.1661876923076923,0.06012051282051282
2023-05-30,0.0997229916897507,0.40166204986149584,0.055401662049861494,0.13850415512465375,0.19390581717451524,0.13850415512465375,0.1745152354570637,0.4930747922437673,0.8587257617728532,0.3379501385041551,0.5207756232686981,0.6123684210526316,0.18013628808864265,0.03292326869806094,0.054357894736842105,0.12021717451523546,0.10458476454293629,0.6328069252077562,0.2626072022160665,0.1580224376731302
2023-05-31,0.1223021582733813,0.4712230215827338,0.04316546762589928,0.20503597122302158,0.22661870503597123,0.19424460431654678,0.12949640287769784,0.5359712230215827,0.8669064748201439,0.4352517985611511,0.4316546762589928,0.6740190647482014,0.16305719424460433,0.034839928057553954,0.05281438848920863,0.07527086330935252,0.1849431654676259,0.6340226618705036,0.1810298561151079,-0.003913309352517985
2023-06-01,0.16666666666666666,0.5357142857142857,0.06349206349206349,0.1746031746031746,0.24206349206349206,0.20238095238095238,0.1984126984126984,0.6785714285714286,1.0119047619047619,0.503968253968254,0.5079365079365079,0.7050726190476191,0.14360873015873016,0.032805158730158726,0.04391587301587302,0.07459761904761905,0.16986071428571428,0.6634738095238095,0.16666785714285715,-0.0031928571428571422
2023-06-02,0.13565891472868216,0.49224806201550386,0.12015503875968993,0.21705426356589147,0.29844961240310075,0.17829457364341086,0.21705426356589147,0.6782945736434108,1.0465116279069768,0.43023255813953487,0.6162790697674418,0.6173170542635659,0.17373875968992247,0.039794961240310074,0.05770271317829457,0.11144457364341086,0.12609496124031008,0.6851457364341085,0.18875891472868217,0.0626639534883721
2023-06-03,0.18888888888888888,0.31666666666666665,0.06111111111111111,0.17222222222222222,0.22777777777777777,0.18333333333333332,0.1388888888888889,0.4888888888888889,0.9555555555555556,0.3611111111111111,0.5944444444444444,0.6385850000000001,0.1724111111111111,0.03679,0.05102388888888889,0.10119055555555556,0.12350111111111112,0.7087222222222221,0.16777722222222222,0.04427611111111111
2023-06-04,0.11055276381909548,0.18090452261306533,0.06532663316582915,0.08542713567839195,0.07537688442211055,0.12562814070351758,0.07035175879396985,0.3065326633165829,0.628140703517588,0.3015075376884422,0.32663316582914576,0.6729608040201005,0.16324472361809045,0.03431005025125628,0.03095929648241206,0.09853115577889447,0.09592060301507538,0.7227577889447236,0.1813211055276382,0.08540050251256283
2023-06-05,0.16666666666666666,0.43333333333333335,0.08,0.2,0.17333333333333334,0.12666666666666668,0.16,0.3933333333333333,0.7533333333333333,0.3466666666666667,0.4066666666666667,0.6195626666666666,0.18881733333333334,0.03514266666666666,0.04094066666666667,0.11553866666666666,0.12925133333333333,0.7131406666666668,0.15760733333333335,0.028356
2023-06-06,0.12690355329949238,0.28426395939086296,0.08629441624365482,0.19796954314720813,0.17258883248730963,0.16243654822335024,0.12690355329949238,0.4263959390862944,0.700507614213198,0.350253807106599,0.350253807106599,0.677271573604061,0.13440609137055837,0.04493451776649746,0.0523253807106599,0.09106802030456854,0.14383096446700508,0.7109715736040608,0.14519390862944162,0.0013629441624365452
2023-06-07,0.09937888198757763,0.30434782608695654,0.049689440993788817,0.11180124223602485,0.14906832298136646,0.14906832298136646,0.08074534161490683,0.4782608695652174,0.8074534161490683,0.2608695652173913,0.546583850931677,0.6872850931677019,0.15888012422360248,0.03470807453416149,0.036298136645962736,0.082827950310559,0.11645279503105589,0.7191291925465838,0.1644167701863354,0.047963975155279504
2023-06-08,0.08527131782945736,0.27906976744186046,0.03875968992248062,0.05426356589147287,0.13953488372093023,0.10077519379844961,0.10077519379844961,0.3643410852713178,0.7674418604651163,0.1937984496124031,0.5736434108527132,0.6496333333333334,0.18169302325581396,0.04671782945736434,0.03622015503875969,0.08573255813953488,0.09655891472868217,0.7634372093023256,0.14000155038759687,0.04344263565891473
2023-06-09,0.17333333333333334,0.43333333333333335,0.07,0.23333333333333334,0.17666666666666667,0.14333333333333334,0.12,0.4266666666666667,0.8066666666666666,0.4,0.4066666666666667,0.649794,0.20087933333333335,0.036813000000000005,0.03793,0.07458200000000001,0.13643033333333332,0.6983956666666666,0.165174,0.02874366666666667
2023-06-10,0.1164021164021164,0.31216931216931215,0.031746031746031744,0.0582010582010582,0.09523809523809523,0.06878306878306878,0.06349206349206349,0.3968253968253968,0.671957671957672,0.24867724867724866,0.42328042328042326,0.635894708994709,0.18155132275132277,0.039374074074074075,0.037212169312169315,0.10596931216931216,0.10832751322751323,0.7369021164021163,0.15477248677248676,0.046444973544973546
2023-06-11,0.15168539325842698,0.5449438202247191,0.07303370786516854,0.1853932584269663,0.23595505617977527,0.12921348314606743,0.1348314606741573,0.5955056179775281,1.2191011235955056,0.4101123595505618,0.8089887640449438,0.6450696629213484,0.1799556179775281,0.036027528089887635,0.045864606741573034,0.0930747191011236,0.14527078651685393,0.7052803370786517,0.14944719101123596,0.004176404494382019
2023-06-12,0.1896551724137931,0.3793103448275862,0.06896551724137931,0.13793103448275862,0.1896551724137931,0.1896551724137931,0.08620689655172414,0.43103448275862066,0.8103448275862069,0.4482758620689655,0.3620689655172414,0.5818741379310345,0.28794655172413797,0.03959655172413794,0.027308620689655175,0.06326724137931035,0.1451844827586207,0.7244051724137932,0.13040344827586206,-0.014781034482758616
2023-06-13,0.14942528735632185,0.3793103448275862,0.022988505747126436,0.10344827586206896,0.10344827586206896,0.05747126436781609,0.09195402298850575,0.4482758620689655,0.8620689655172413,0.22988505747126436,0.632183908045977,0.6500540229885057,0.18174367816091955,0.03545977011494253,0.03455977011494253,0.09817816091954022,0.0831816091954023,0.6763793103448276,0.24043563218390804,0.15725402298850574
2023-06-14,0.11564625850340136,0.46258503401360546,0.10884353741496598,0.14285714285714285,0.14965986394557823,0.10204081632653061,0.17006802721088435,0.6190476190476191,0.9795918367346939,0.3401360544217687,0.6394557823129252,0.6296251700680272,0.1720809523809524,0.03500068027210884,0.061457142857142856,0.10183605442176871,0.06664557823129251,0.723395918367347,0.2099625850340136,0.14331700680272108
2023-06-15,0.16883116883116883,0.38961038961038963,0.07792207792207792,0.22077922077922077,0.19480519480519481,0.23376623376623376,0.18181818181818182,0.4675324675324675,1.0389610389610389,0.4025974025974026,0.6363636363636364,0.6837311688311688,0.16075194805194806,0.03420649350649351,0.03412727272727273,0.08717532467532467,0.10118441558441559,0.7107168831168831,0.18810000000000002,0.08691558441558442
2023-06-16,0.21755725190839695,0.42366412213740456,0.09541984732824428,0.27099236641221375,0.18702290076335878,0.16793893129770993,0.13740458015267176,0.5343511450381679,0.8206106870229007,0.5534351145038168,0.26717557251908397,0.616385496183206,0.19953396946564886,0.03741526717557252,0.05411526717557252,0.09255610687022901,0.15115343511450383,0.6491614503816794,0.19968435114503819,0.04853091603053435
2023-06-17,0.1507537688442211,0.2914572864321608,0.07537688442211055,0.19597989949748743,0.135678391959799,0.20603015075376885,0.06030150753768844,0.36683417085427134,0.6180904522613065,0.4020100502512563,0.21608040201005024,0.6292753768844221,0.18755276381909547,0.042501005025125625,0.039276381909547735,0.1013929648241206,0.13553316582914574,0.6980693467336683,0.16639447236180904,0.03086130653266332
2023-06-18,0.23157894736842105,0.42105263157894735,0.11578947368421053,0.22105263157894736,0.20526315789473684,0.14736842105263157,0.20526315789473684,0.4052631578947368,0.8052631578947368,0.4473684210526316,0.35789473684210527,0.5902694736842106,0.2273784210526316,0.04671842105263158,0.04159526315789474,0.09404526315789474,0.13651157894736843,0.7370678947368421,0.12642526315789474,-0.010086315789473683
2023-06-19,0.21532846715328466,0.4343065693430657,0.08759124087591241,0.23722627737226276,0.21897810218978103,0.18248175182481752,0.14963503649635038,0.4489051094890511,0.8065693430656934,0.4306569343065693,0.3759124087591241,0.6317,0.2108890510948905,0.050414963503649636,0.03759014598540146,0.06939744525547445,0.16611715328467153,0.5885835766423357,0.2452934306569343,0.07917627737226277
2023-06-20,0.14642857142857144,0.37857142857142856,0.08214285714285714,0.21428571428571427,0.15357142857142858,0.18214285714285713,0.11428571428571428,0.4785714285714286,0.7642857142857142,0.48928571428571427,0.275,0.6885100000000001,0.16120428571428572,0.037535,0.03583321428571429,0.07691714285714285,0.18091464285714287,0.6235367857142857,0.19554607142857142,0.014631428571428571
2023-06-21,0.10380622837370242,0.28719723183391005,0.0726643598615917,0.14186851211072665,0.10726643598615918,0.1314878892733564,0.0726643598615917,0.45674740484429066,0.7577854671280276,0.33217993079584773,0.42560553633217996,0.6924449826989619,0.15880519031141868,0.0385515570934256,0.034074048442906575,0.07611695501730105,0.1318560553633218,0.7080906574394464,0.16005640138408306,0.028200346020761248
2023-06-22,0.1595744680851064,0.3882978723404255,0.09574468085106383,0.2872340425531915,0.1702127659574468,0.2765957446808511,0.17553191489361702,0.44148936170212766,0.6702127659574468,0.5372340425531915,0.13297872340425532,0.6519196808510639,0.19607978723404254,0.04025265957446809,0.03860372340425532,0.07313882978723404,0.1900218085106383,0.6405196808510638,0.16946010638297873,-0.020561702127659575
2023-06-23,0.11616161616161616,0.25757575757575757,0.050505050505050504,0.15151515151515152,0.1111111111111111,0.14646464646464646,0.09090909090909091,0.3838383838383838,0.7373737373737373,0.31313131313131315,0.42424242424242425,0.6375535353535354,0.19332575757575757,0.038053030303030304,0.04052828282828282,0.09053939393939393,0.11287626262626262,0.7457520202020201,0.14137424242424243,0.028497979797979796
2023-06-24,0.17098445595854922,0.34196891191709844,0.06735751295336788,0.24352331606217617,0.15025906735751296,0.19689119170984457,0.10362694300518134,0.39896373056994816,0.6787564766839378,0.5181347150259067,0.16062176165803108,0.6015730569948187,0.239299481865285,0.038934196891191715,0.03586476683937824,0.0843357512953368,0.2046678756476684,0.6160932642487047,0.17924041450777203,-0.02542746113989637
2023-06-25,0.10240963855421686,0.3493975903614458,0.0963855421686747,0.10240963855421686,0.18072289156626506,0.13855421686746988,0.15060240963855423,0.37349397590361444,0.9397590361445783,0.30120481927710846,0.6385542168674698,0.6246777108433735,0.2240789156626506,0.03474457831325301,0.03458734939759036,0.08190722891566266,0.1161578313253012,0.7591813253012049,0.12466506024096384,0.008507228915662652
2023-06-26,0.1437125748502994,0.2994011976047904,0.07784431137724551,0.16766467065868262,0.10778443113772455,0.1377245508982036,0.11976047904191617,0.3532934131736527,0.6107784431137725,0.31736526946107785,0.2934131736526946,0.6023413173652694,0.21422275449101796,0.04678622754491018,0.03675868263473054,0.09989999999999999,0.128437125748503,0.746162874251497,0.12539520958083833,-0.0030419161676646695
2023-06-27,0.14624505928853754,0.31225296442687744,0.09090909090909091,0.21739130434782608,0.17786561264822134,0.2490118577075099,0.1225296442687747,0.4268774703557312,0.9565217391304348,0.4268774703557312,0.5296442687747036,0.6218415019762845,0.19199328063241108,0.03776679841897233,0.04162411067193676,0.10677549407114624,0.16106600790513834,0.6714798418972332,0.16745098814229248,0.006384980237154152
2023-06-28,0.18421052631578946,0.40131578947368424,0.0756578947368421,0.16776315789473684,0.20065789473684212,0.19736842105263158,0.12828947368421054,0.46710526315789475,0.8947368421052632,0.3881578947368421,0.506578947368421,0.6280509868421053,0.1901703947368421,0.03754506578947368,0.04641480263157895,0.09781907894736841,0.18607467105263156,0.6267286184210527,0.1871970394736842,0.0011223684210526315
2023-06-29,0.14832535885167464,0.4019138755980861,0.07177033492822966,0.22966507177033493,0.11961722488038277,0.11961722488038277,0.09569377990430622,0.42105263157894735,0.7655502392344498,0.2631578947368421,0.5023923444976076,0.7007153110047847,0.12735980861244017,0.03512822966507177,0.05651148325358852,0.0802952153110048,0.11907894736842105,0.7409497607655502,0.13997272727272728,0.02089377990430622
2023-06-30,0.15833333333333333,0.4722222222222222,0.07222222222222222,0.20555555555555555,0.2638888888888889,0.16666666666666666,0.16944444444444445,0.6416666666666667,0.975,0.3972222222222222,0.5777777777777777,0.6458455555555556,0.17350388888888887,0.04877916666666667,0.046288611111111114,0.08558361111111111,0.17412694444444443,0.6781683333333334,0.14770527777777778,-0.02642166666666667
2023-07-01,0.24277456647398843,0.4797687861271676,0.09826589595375723,0.2023121387283237,0.19653179190751446,0.1676300578034682,0.12138728323699421,0.5260115606936416,0.930635838150289,0.48554913294797686,0.44508670520231214,0.67858612716763,0.16317572254335258,0.0384514450867052,0.03286300578034682,0.08693063583815029,0.11705895953757225,0.7185543352601156,0.1643878612716763,0.04732890173410404
2023-07-02,0.175,0.43125,0.1125,0.2625,0.23125,0.29375,0.10625,0.68125,1.10625,0.54375,0.5625,0.62908125,0.212375625,0.046358125,0.033594374999999996,0.078595625,0.18648625000000002,0.628385,0.185125,-0.0013612499999999985
2023-07-03,0.19753086419753085,0.38271604938271603,0.030864197530864196,0.1728395061728395,0.1419753086419753,0.09876543209876543,0.06790123456790123,0.345679012345679,0.7716049382716049,0.3888888888888889,0.38271604938271603,0.671141975308642,0.18019691358024692,0.050804938271604934,0.03192469135802469,0.06593024691358025,0.20896604938271604,0.6562388888888888,0.13479320987654322,-0.07417283950617284
2023-07-04,0.13690476190476192,0.2976190476190476,0.05357142857142857,0.21428571428571427,0.14285714285714285,0.16666666666666666,0.06547619047619048,0.4226190476190476,0.8214285714285714,0.4226190476190476,0.39880952380952384,0.6904738095238095,0.1829922619047619,0.033169642857142856,0.02984107142857143,0.06351904761904763,0.13704107142857141,0.7369285714285715,0.12602559523809523,-0.01101547619047619
2023-07-05,0.13559322033898305,0.24293785310734464,0.022598870056497175,0.1807909604519774,0.10734463276836158,0.14124293785310735,0.07344632768361582,0.3728813559322034,0.8813559322033898,0.4067796610169492,0.4745762711864407,0.6886361581920903,0.17625706214689266,0.03080282485875706,0.03414915254237288,0.07014971751412429,0.1422491525423729,0.7302101694915254,0.12753954802259887,-0.014709604519774011
2023-07-06,0.1506849315068493,0.3698630136986301,0.0684931506849315,0.27671232876712326,0.2219178082191781,0.16164383561643836,0.12602739726027398,0.5753424657534246,1.158904109589041,0.5013698630136987,0.6575342465753424,0.6929241095890412,0.16617972602739725,0.03167013698630137,0.034130136986301365,0.07509232876712328,0.14837780821917806,0.6752350684931507,0.17638602739726025,0.028008219178082192
2023-07-07,0.2564102564102564,0.34615384615384615,0.08974358974358974,0.17307692307692307,0.1282051282051282,0.19230769230769232,0.05128205128205128,0.5,0.7435897435897436,0.4358974358974359,0.3076923076923077,0.6774102564102564,0.15549294871794872,0.032372435897435894,0.04117820512820513,0.09354679487179486,0.0909551282051282,0.7433230769230769,0.16572115384615385,0.07476602564102564
2023-07-08,0.17796610169491525,0.2711864406779661,0.06779661016949153,0.211864406779661,0.11016949152542373,0.1694915254237288,0.059322033898305086,0.3389830508474576,0.9576271186440678,0.4152542372881356,0.5423728813559322,0.6894093220338984,0.1631093220338983,0.03159915254237288,0.035677966101694915,0.08019915254237288,0.13499745762711865,0.6948516949152543,0.17015,0.03515254237288136
2023-07-09,0.09482758620689655,0.3017241379310345,0.0603448275862069,0.1724137931034483,0.14655172413793102,0.13793103448275862,0.09482758620689655,0.5172413793103449,0.8879310344827587,0.31896551724137934,0.5689655172413793,0.6734094827586207,0.1662801724137931,0.04661982758620689,0.03604655172413793,0.07763879310344828,0.1315112068965517,0.7305594827586207,0.13793103448275862,0.0064198275862068985
2023-07-10,0.1523809523809524,0.4523809523809524,0.13333333333333333,0.21904761904761905,0.2,0.1619047619047619,0.1761904761904762,0.4095238095238095,0.7047619047619048,0.44761904761904764,0.2571428571428571,0.6536757142857142,0.19930523809523812,0.036691428571428576,0.03534095238095238,0.07498857142857143,0.19952761904761904,0.6459038095238095,0.15457238095238096,-0.0449552380952381
2023-07-11,0.15918367346938775,0.4326530612244898,0.09387755102040816,0.18775510204081633,0.24081632653061225,0.13877551020408163,0.19591836734693877,0.46938775510204084,0.9102040816326531,0.39591836734693875,0.5142857142857142,0.5804310204081633,0.21134367346938776,0.041507755102040814,0.043282857142857144,0.1234342857142857,0.15441836734693878,0.6345057142857143,0.21107142857142858,0.0566530612244898
2023-07-12,0.19696969696969696,0.4583333333333333,0.08712121212121213,0.25,0.24242424242424243,0.1856060606060606,0.17045454545454544,0.5757575757575758,0.9583333333333334,0.4810606060606061,0.4772727272727273,0.5918465909090909,0.22082007575757576,0.046253030303030296,0.035324242424242425,0.10575530303030303,0.152092803030303,0.6912621212121213,0.1566401515151515,0.004547348484848488
2023-07-13,0.1065989847715736,0.4010152284263959,0.07614213197969544,0.16751269035532995,0.13705583756345177,0.12690355329949238,0.08629441624365482,0.30456852791878175,0.7106598984771574,0.3401015228426396,0.37055837563451777,0.6875842639593909,0.18274365482233504,0.0348010152284264,0.02966345177664975,0.06520862944162437,0.16514213197969543,0.6911065989847716,0.14375634517766497,-0.021385786802030456
2023-07-14,0.11891891891891893,0.2972972972972973,0.03783783783783784,0.10270270270270271,0.17297297297297298,0.12432432432432433,0.08108108108108109,0.41621621621621624,0.9243243243243243,0.3081081081081081,0.6162162162162163,0.6654027027027027,0.17887729729729732,0.035926486486486484,0.0364572972972973,0.08333783783783784,0.1187627027027027,0.7321102702702703,0.14912756756756756,0.03036486486486487
2023-07-15,0.18025751072961374,0.48497854077253216,0.11587982832618025,0.19742489270386265,0.22746781115879827,0.18025751072961374,0.15450643776824036,0.5579399141630901,0.8540772532188842,0.4978540772532189,0.3562231759656652,0.6131364806866954,0.20675579399141633,0.04515407725321889,0.03557725321888412,0.09937296137339056,0.1239381974248927,0.7303772532188841,0.14569055793991417,0.021752360515021458
2023-07-16,0.20634920634920634,0.48148148148148145,0.0582010582010582,0.26455026455026454,0.2751322751322751,0.164021164021164,0.14285714285714285,0.5502645502645502,1.0264550264550265,0.4074074074074074,0.6190476190476191,0.6219179894179895,0.21152380952380953,0.03859312169312169,0.042344973544973546,0.08562328042328042,0.14205873015873016,0.6820761904761904,0.17586031746031747,0.0338015873015873
2023-07-17,0.18823529411764706,0.45098039215686275,0.0784313725490196,0.23529411764705882,0.23921568627450981,0.12941176470588237,0.16862745098039217,0.5294117647058824,0.9882352941176471,0.396078431372549,0.592156862745098,0.6523015686274509,0.17219058823529412,0.030419607843137252,0.041382352941176474,0.10370588235294118,0.12686117647058825,0.6910011764705882,0.1821443137254902,0.055283137254901964
2023-07-18,0.134185303514377,0.5079872204472844,0.06070287539936102,0.1757188498402556,0.20766773162939298,0.134185303514377,0.12779552715654952,0.5878594249201278,1.012779552715655,0.34185303514376997,0.670926517571885,0.6827047923322683,0.1730076677316294,0.03303610223642172,0.03550990415335463,0.07574153354632589,0.12371214057507987,0.6987808306709266,0.17750926517571886,0.05379712460063898
2023-07-19,0.0989010989010989,0.37362637362637363,0.04395604395604396,0.18315018315018314,0.20512820512820512,0.12454212454212454,0.08791208791208792,0.6007326007326007,0.8974358974358975,0.326007326007326,0.5714285714285714,0.6532619047619047,0.17324578754578757,0.0329040293040293,0.03420952380952381,0.10637289377289377,0.0806919413919414,0.7790432234432234,0.14026739926739926,0.05957545787545787
2023-07-20,0.11371237458193979,0.4180602006688963,0.056856187290969896,0.13377926421404682,0.16722408026755853,0.11036789297658862,0.11036789297658862,0.4882943143812709,0.842809364548495,0.27759197324414714,0.5652173913043478,0.6447779264214047,0.1999849498327759,0.038699665551839464,0.03562040133779264,0.08091772575250837,0.15117558528428093,0.7065588628762541,0.14226655518394649,-0.00890903010033445
2023-07-21,0.17410714285714285,0.38839285714285715,0.10714285714285714,0.21875,0.17857142857142858,0.14732142857142858,0.09375,0.39732142857142855,0.9955357142857143,0.38392857142857145,0.6116071428571429,0.6507330357142856,0.16297098214285713,0.040356249999999996,0.046041517857142854,0.09989553571428571,0.17449017857142857,0.6905616071428572,0.13495401785714287,-0.039536160714285715
2023-07-22,0.20105820105820105,0.42857142857142855,0.14285714285714285,0.30687830687830686,0.20105820105820105,0.30158730158730157,0.12698412698412698,0.4074074074074074,0.6984126984126984,0.47619047619047616,0.2222222222222222,0.5794227513227513,0.25144867724867725,0.06024338624338624,0.02920846560846561,0.07966878306878307,0.17778042328042326,0.7078,0.11441534391534393,-0.06336507936507936
2023-07-23,0.15151515151515152,0.2474747474747475,0.08080808080808081,0.15151515151515152,0.1717171717171717,0.12626262626262627,0.06565656565656566,0.4494949494949495,0.7727272727272727,0.4090909090909091,0.36363636363636365,0.6333873737373737,0.2029409090909091,0.03999646464646465,0.03540959595959596,0.08827373737373738,0.11780252525252526,0.7567303030303031,0.12546717171717173,0.007664646464646466
2023-07-24,0.1111111111111111,0.35353535353535354,0.06060606060606061,0.18518518518518517,0.24915824915824916,0.1111111111111111,0.09427609427609428,0.4713804713804714,1.0437710437710437,0.3838383838383838,0.6599326599326599,0.6327979797979798,0.19013838383838383,0.03175555555555556,0.038345791245791246,0.10696161616161616,0.18128383838383838,0.6542771043771044,0.16444713804713806,-0.016836700336700337
2023-07-25,0.14644351464435146,0.24686192468619247,0.07531380753138076,0.20502092050209206,0.1589958158995816,0.18828451882845187,0.09205020920502092,0.45188284518828453,0.7447698744769874,0.3891213389121339,0.35564853556485354,0.6538489539748954,0.17142928870292887,0.03507071129707113,0.03908661087866108,0.10056234309623431,0.10836987447698745,0.7557778242677824,0.1358581589958159,0.02748828451882845
2023-07-26,0.1198501872659176,0.35580524344569286,0.06741573033707865,0.14232209737827714,0.149812734082397,0.10486891385767791,0.09363295880149813,0.4606741573033708,0.9737827715355806,0.27340823970037453,0.700374531835206,0.7053977528089888,0.15079550561797753,0.03163632958801498,0.0331003745318352,0.07907303370786517,0.12005168539325843,0.7141265917602996,0.16582134831460674,0.04576966292134831
2023-07-27,0.136,0.3,0.092,0.244,0.14,0.228,0.128,0.452,0.708,0.38,0.328,0.6760668,0.17652359999999997,0.0340768,0.033525599999999996,0.07980200000000001,0.14532319999999999,0.6990008,0.1556768,0.010353600000000003
2023-07-28,0.18867924528301888,0.4276729559748428,0.06918238993710692,0.24528301886792453,0.24528301886792453,0.1792452830188679,0.16352201257861634,0.5691823899371069,0.8867924528301887,0.4276729559748428,0.4591194968553459,0.5963238993710692,0.1922374213836478,0.04265314465408805,0.05736635220125786,0.11142452830188679,0.1688053459119497,0.6277584905660377,0.20343333333333333,0.03462798742138365
2023-07-29,0.16730038022813687,0.33840304182509506,0.10646387832699619,0.23954372623574144,0.17490494296577946,0.22813688212927757,0.155893536121673,0.43346007604562736,0.7490494296577946,0.5057034220532319,0.24334600760456274,0.6337532319391634,0.21173346007604563,0.03486692015209125,0.03267908745247148,0.08696730038022814,0.12795437262357415,0.7017764258555134,0.17026692015209124,0.04231254752851711
2023-07-30,0.12269938650306748,0.3803680981595092,0.04294478527607362,0.11042944785276074,0.12883435582822086,0.07975460122699386,0.06748466257668712,0.39263803680981596,0.7668711656441718,0.3067484662576687,0.4601226993865031,0.705680981595092,0.14039263803680982,0.037906134969325156,0.03672208588957056,0.0793,0.11265030674846625,0.7795546012269939,0.10779877300613498,-0.004851533742331288
2023-07-31,0.19909502262443438,0.36199095022624433,0.13122171945701358,0.2398190045248869,0.2171945701357466,0.20361990950226244,0.18099547511312217,0.5384615384615384,1.0542986425339367,0.5113122171945701,0.5429864253393665,0.640116742081448,0.19242941176470588,0.038004977375565616,0.03279185520361991,0.09665294117647058,0.12741447963800906,0.7413502262443439,0.13123574660633483,0.0038212669683257905
2023-08-01,0.16140350877192983,0.3719298245614035,0.07719298245614035,0.34035087719298246,0.1824561403508772,0.11228070175438597,0.11578947368421053,0.5789473684210527,1.024561403508772,0.49473684210526314,0.5298245614035088,0.6690456140350877,0.14961263157894739,0.026145964912280703,0.04551684210526316,0.10967719298245614,0.11895087719298247,0.6707284210526316,0.2103217543859649,0.09137087719298247
2023-08-02,0.14746543778801843,0.5207373271889401,0.07373271889400922,0.16589861751152074,0.22580645161290322,0.19815668202764977,0.10599078341013825,0.5483870967741935,0.9769585253456221,0.4792626728110599,0.4976958525345622,0.6705967741935484,0.17509723502304148,0.036931797235023045,0.046,0.07138202764976959,0.1660115207373272,0.6699239631336406,0.16406359447004606,-0.0019479262672811068
2023-08-03,0.17378048780487804,0.4176829268292683,0.06707317073170732,0.21951219512195122,0.18597560975609756,0.11890243902439024,0.10060975609756098,0.7103658536585366,1.7225609756097562,0.3871951219512195,1.3353658536585367,0.7424993902439024,0.14064420731707317,0.027135670731707313,0.02931158536585366,0.06041219512195122,0.0984533536585366,0.7366033536585366,0.1649405487804878,0.06648719512195123
2023-08-04,0.15656565656565657,0.4797979797979798,0.06565656565656566,0.15151515151515152,0.30303030303030304,0.15151515151515152,0.18686868686868688,0.6919191919191919,1.0707070707070707,0.4292929292929293,0.6414141414141414,0.593060101010101,0.19515,0.03677020202020202,0.06937272727272727,0.10564343434343434,0.1580388888888889,0.5862338383838384,0.2557287878787879,0.097689898989899
2023-08-05,0.11724137931034483,0.32413793103448274,0.04827586206896552,0.16551724137931034,0.0896551724137931,0.2,0.06896551724137931,0.496551724137931,0.9172413793103448,0.30344827586206896,0.6137931034482759,0.6504786206896552,0.18047655172413793,0.04867931034482759,0.03458758620689655,0.08578344827586207,0.11632068965517241,0.7525255172413794,0.13114965517241378,0.014828965517241378
2023-08-06,0.15217391304347827,0.3115942028985507,0.036231884057971016,0.07246376811594203,0.15217391304347827,0.10144927536231885,0.14492753623188406,0.391304347826087,0.7318840579710145,0.427536231884058,0.30434782608695654,0.6530260869565218,0.1920144927536232,0.04679710144927536,0.03273478260869565,0.07543043478260869,0.10505652173913044,0.7324478260869565,0.16249347826086957,0.057436956521739135
2023-08-07,0.14,0.42,0.09333333333333334,0.24666666666666667,0.20666666666666667,0.16666666666666666,0.14,0.4066666666666667,0.8866666666666667,0.42,0.4666666666666667,0.6750913333333334,0.17847000000000002,0.03126,0.039044666666666665,0.076124,0.114182,0.7053546666666667,0.18046133333333333,0.06627933333333334
2023-08-08,0.13945578231292516,0.3979591836734694,0.05442176870748299,0.2108843537414966,0.1598639455782313,0.1870748299319728,0.08843537414965986,0.41836734693877553,0.9455782312925171,0.3843537414965986,0.5612244897959183,0.697687074829932,0.1614329931972789,0.028562585034013602,0.03305068027210885,0.07926292517006803,0.14154999999999998,0.6871452380952381,0.17130578231292518,0.029755782312925173
2023-08-09,0.14423076923076922,0.39903846153846156,0.09134615384615384,0.27403846153846156,0.16826923076923078,0.1971153846153846,0.14903846153846154,0.42788461538461536,0.7451923076923077,0.42788461538461536,0.3173076923076923,0.6164639423076923,0.21071971153846156,0.041717307692307685,0.040190384615384614,0.09091153846153846,0.1616653846153846,0.6955432692307693,0.14279375,-0.018871634615384617
2023-08-10,0.1336206896551724,0.25,0.06465517241379311,0.14224137931034483,0.10344827586206896,0.13793103448275862,0.07327586206896551,0.38362068965517243,0.9051724137931034,0.33189655172413796,0.5732758620689655,0.6782344827586207,0.16961853448275863,0.03272672413793103,0.032098706896551726,0.08732758620689655,0.10705646551724138,0.7456469827586207,0.1472913793103448,0.04023491379310345
2023-08-11,0.1857707509881423,0.4189723320158103,0.04743083003952569,0.2134387351778656,0.22924901185770752,0.1541501976284585,0.16996047430830039,0.541501976284585,0.9723320158102767,0.4426877470355731,0.5296442687747036,0.6227794466403161,0.20723201581027667,0.0343703557312253,0.04200158102766798,0.09361620553359683,0.18247509881422927,0.6553509881422924,0.16217509881422923,-0.0203
2023-08-12,0.11290322580645161,0.3064516129032258,0.08602150537634409,0.12365591397849462,0.1827956989247312,0.12365591397849462,0.11290322580645161,0.43548387096774194,0.8064516129032258,0.26881720430107525,0.5376344086021505,0.639860752688172,0.17838870967741938,0.03611612903225807,0.05676236559139785,0.0888736559139785,0.11818387096774192,0.7395629032258064,0.14225000000000002,0.024066129032258066
2023-08-13,0.10460251046025104,0.4100418410041841,0.0502092050209205,0.16736401673640167,0.200836820083682,0.17154811715481172,0.10460251046025104,0.3807531380753138,0.7322175732217573,0.3263598326359833,0.40585774058577406,0.6025619246861925,0.22447573221757322,0.036593305439330544,0.03289539748953975,0.10347615062761506,0.1307121338912134,0.6844066945606694,0.1848794979079498,0.0541673640167364
2023-08-14,0.23043478260869565,0.32608695652173914,0.09130434782608696,0.2217391304347826,0.17391304347826086,0.20869565217391303,0.12173913043478261,0.46956521739130436,0.8434782608695652,0.43043478260869567,0.41304347826086957,0.5697134782608696,0.2398186956521739,0.04080521739130435,0.04396,0.10570521739130435,0.1553821739130435,0.6966517391304349,0.14796782608695652,-0.007414347826086956
2023-08-15,0.14925373134328357,0.39925373134328357,0.05970149253731343,0.19402985074626866,0.208955223880597,0.1828358208955224,0.09701492537313433,0.4626865671641791,0.9552238805970149,0.39925373134328357,0.5559701492537313,0.6212440298507463,0.19312985074626865,0.04137089552238806,0.053649999999999996,0.09060783582089553,0.09728432835820895,0.7473208955223881,0.15539365671641792,0.05810932835820896
2023-08-16,0.15151515151515152,0.4006734006734007,0.05723905723905724,0.21212121212121213,0.18518518518518517,0.20202020202020202,0.13468013468013468,0.494949494949495,0.9158249158249159,0.5387205387205387,0.3771043771043771,0.6683956228956228,0.16806195286195286,0.033086868686868685,0.038043434343434344,0.09241380471380471,0.13152424242424243,0.7452585858585858,0.12321717171717173,-0.008307070707070707
2023-08-17,0.11068702290076336,0.3282442748091603,0.05343511450381679,0.14122137404580154,0.15267175572519084,0.13740458015267176,0.07633587786259542,0.3931297709923664,0.6793893129770993,0.33969465648854963,0.33969465648854963,0.6695870229007634,0.17913396946564886,0.03384236641221374,0.035977862595419845,0.08145648854961832,0.13458282442748093,0.7246587786259542,0.14075763358778626,0.0061748091603053435
2023-08-18,0.16517857142857142,0.3080357142857143,0.044642857142857144,0.13839285714285715,0.16517857142857142,0.12946428571428573,0.11160714285714286,0.39285714285714285,0.8571428571428571,0.375,0.48214285714285715,0.668909375,0.17829330357142856,0.04516473214285714,0.030200892857142857,0.077428125,0.17164464285714284,0.6830616071428571,0.1452888392857143,-0.02635580357142857
2023-08-19,0.15384615384615385,0.2980769230769231,0.0673076923076923,0.20673076923076922,0.16346153846153846,0.15384615384615385,0.125,0.3557692307692308,0.6634615384615384,0.41346153846153844,0.25,0.6255211538461538,0.22717403846153847,0.04507932692307692,0.03439807692307692,0.06783173076923077,0.16129134615384616,0.7558009615384615,0.08290865384615385,-0.0783826923076923
2023-08-20,0.13636363636363635,0.24242424242424243,0.03535353535353535,0.16666666666666666,0.09090909090909091,0.1414141414141414,0.08585858585858586,0.29797979797979796,0.5505050505050505,0.3434343434343434,0.20707070707070707,0.674319696969697,0.1783939393939394,0.03516161616161616,0.03108030303030303,0.0810469696969697,0.14875858585858587,0.7525121212121212,0.09872727272727273,-0.050031313131313135
2023-08-21,0.18055555555555555,0.3263888888888889,0.06944444444444445,0.2708333333333333,0.19444444444444445,0.2534722222222222,0.09375,0.5347222222222222,1.0034722222222223,0.4444444444444444,0.5590277777777778,0.6590354166666667,0.1869576388888889,0.03980034722222223,0.041765972222222225,0.0724357638888889,0.19203958333333335,0.6064937499999999,0.2014701388888889,0.009430555555555557
2023-08-22,0.12202380952380952,0.5684523809523809,0.05357142857142857,0.17559523809523808,0.19940476190476192,0.18452380952380953,0.15476190476190477,0.5476190476190477,0.9345238095238095,0.3869047619047619,0.5476190476190477,0.6445627976190477,0.15830178571428571,0.038516666666666664,0.05167232142857142,0.10694910714285714,0.1394,0.6883630952380952,0.17223839285714287,0.03283839285714286
2023-08-23,0.20679012345679013,0.4228395061728395,0.046296296296296294,0.13271604938271606,0.2222222222222222,0.16666666666666666,0.07407407407407407,0.5092592592592593,0.8549382716049383,0.404320987654321,0.4506172839506173,0.6515216049382716,0.18452685185185186,0.03536543209876543,0.0468574074074074,0.08172067901234567,0.1423675925925926,0.6411990740740741,0.21643487654320986,0.07406728395061729
2023-08-24,0.13565891472868216,0.3023255813953488,0.04263565891472868,0.20155038759689922,0.12790697674418605,0.15503875968992248,0.08914728682170543,0.3798449612403101,0.6782945736434108,0.3372093023255814,0.34108527131782945,0.6383968992248062,0.1967437984496124,0.04219457364341085,0.03503100775193799,0.08763139534883721,0.14316356589147286,0.7133395348837209,0.1434953488372093,0.00033178294573643115
2023-08-25,0.2099644128113879,0.505338078291815,0.05338078291814947,0.2597864768683274,0.19572953736654805,0.199288256227758,0.18505338078291814,0.35231316725978645,0.8291814946619217,0.40569395017793597,0.4234875444839858,0.6427637010676157,0.1767658362989324,0.04698007117437722,0.047719572953736654,0.08577758007117438,0.13566334519572953,0.7222580071174377,0.1420761565836299,0.006412811387900356
2023-08-26,0.14516129032258066,0.4,0.07419354838709677,0.17096774193548386,0.17419354838709677,0.18064516129032257,0.11290322580645161,0.44193548387096776,0.8290322580645161,0.36774193548387096,0.4612903225806452,0.6424683870967742,0.1774874193548387,0.03820290322580645,0.04627483870967742,0.09556806451612904,0.1395832258064516,0.687506129032258,0.17290806451612903,0.03332483870967742
2023-08-27,0.10699588477366255,0.3168724279835391,0.06172839506172839,0.1522633744855967,0.15637860082304528,0.1522633744855967,0.11934156378600823,0.4403292181069959,0.7901234567901234,0.3045267489711934,0.48559670781893005,0.622528806584362,0.2299576131687243,0.044272427983539094,0.03335761316872428,0.06988888888888889,0.12810864197530863,0.7527703703703704,0.11911975308641976,-0.008988888888888887
2023-08-28,0.1392757660167131,0.37047353760445684,0.09192200557103064,0.181058495821727,0.22562674094707522,0.1671309192200557,0.19220055710306408,0.5041782729805014,1.0389972144846797,0.37047353760445684,0.6685236768802229,0.6137403899721449,0.19332033426183845,0.047339275766016715,0.041266295264623956,0.10434150417827297,0.11424401114206127,0.741457938718663,0.14429442896935932,0.03005041782729805
2023-08-29,0.09252669039145907,0.3701067615658363,0.05693950177935943,0.199288256227758,0.21708185053380782,0.16725978647686832,0.099644128113879,0.5409252669039146,0.9252669039145908,0.37722419928825623,0.5480427046263345,0.6481341637010676,0.18990925266903916,0.03713451957295373,0.04092419928825623,0.08389252669039145,0.16340142348754447,0.6657412811387899,0.17085693950177938,0.007455516014234874
2023-08-30,0.16376306620209058,0.3519163763066202,0.07317073170731707,0.1254355400696864,0.18118466898954705,0.1289198606271777,0.1254355400696864,0.42160278745644597,0.794425087108014,0.24041811846689895,0.554006968641115,0.627911149825784,0.16644006968641117,0.0356609756097561,0.047494076655052266,0.12248675958188153,0.10403797909407665,0.7203766550522648,0.1755787456445993,0.07154076655052265
2023-08-31,0.1223021582733813,0.33093525179856115,0.0539568345323741,0.1510791366906475,0.17266187050359713,0.1474820143884892,0.1079136690647482,0.4460431654676259,0.7697841726618705,0.2805755395683453,0.4892086330935252,0.6530089928057553,0.1894794964028777,0.052837769784172664,0.03510251798561151,0.06957086330935253,0.15760791366906474,0.7177758992805755,0.12461654676258993,-0.03299136690647482
2023-09-01,0.23863636363636365,0.3522727272727273,0.07954545454545454,0.17045454545454544,0.16477272727272727,0.19886363636363635,0.10227272727272728,0.4034090909090909,0.9715909090909091,0.4375,0.5340909090909091,0.66291875,0.16480625000000002,0.03806022727272727,0.042060795454545455,0.09215113636363635,0.15241647727272725,0.7179409090909091,0.12964545454545454,-0.022771022727272727
2023-09-02,0.16346153846153846,0.4423076923076923,0.07211538461538461,0.28846153846153844,0.23557692307692307,0.16346153846153846,0.14903846153846154,0.5432692307692307,1.1298076923076923,0.4182692307692308,0.7115384615384616,0.6252177884615384,0.1774875,0.03524951923076923,0.07883846153846154,0.08320913461538462,0.11412788461538462,0.7136600961538462,0.17221682692307694,0.05808894230769231
2023-09-03,0.09243697478991597,0.37815126050420167,0.05042016806722689,0.13445378151260504,0.14285714285714285,0.11764705882352941,0.08403361344537816,0.4117647058823529,0.8067226890756303,0.23529411764705882,0.5714285714285714,0.657955462184874,0.17522268907563027,0.03873865546218487,0.032692436974789914,0.09539243697478991,0.07581008403361345,0.7595773109243698,0.16461596638655462,0.08880588235294118
2023-09-04,0.24776119402985075,0.4835820895522388,0.08059701492537313,0.2298507462686567,0.2,0.23880597014925373,0.18208955223880596,0.6417910447761194,1.164179104477612,0.5223880597014925,0.6417910447761194,0.6557426865671642,0.15545044776119402,0.03158626865671642,0.04699313432835821,0.1102310447761194,0.15099074626865672,0.6148002985074627,0.23420686567164178,0.08321611940298508
2023-09-05,0.11336032388663968,0.38866396761133604,0.10121457489878542,0.16194331983805668,0.1902834008097166,0.09716599190283401,0.10526315789473684,0.562753036437247,1.0445344129554657,0.3805668016194332,0.6639676113360324,0.6587068825910931,0.18680121457489876,0.029784210526315788,0.03753441295546559,0.08717044534412954,0.12886842105263158,0.6531275303643724,0.2180072874493927,0.08913886639676113
2023-09-06,0.16,0.3709090909090909,0.09090909090909091,0.14181818181818182,0.18181818181818182,0.15636363636363637,0.07636363636363637,0.3709090909090909,0.9454545454545454,0.4218181818181818,0.5236363636363637,0.6806305454545454,0.1546930909090909,0.03717781818181818,0.03712109090909091,0.09037781818181818,0.15107818181818183,0.6840301818181818,0.16488872727272727,0.013810545454545456
2023-09-07,0.1978021978021978,0.3443223443223443,0.08058608058608059,0.24175824175824176,0.1282051282051282,0.2271062271062271,0.13186813186813187,0.358974358974359,0.7032967032967034,0.4249084249084249,0.2783882783882784,0.6327586080586081,0.21407142857142855,0.041157875457875456,0.032958608058608056,0.07905347985347987,0.13165494505494504,0.7366483516483516,0.1316901098901099,3.516483516483414e-05
2023-09-08,0.1407942238267148,0.30685920577617326,0.061371841155234655,0.1624548736462094,0.16967509025270758,0.12274368231046931,0.08303249097472924,0.4981949458483754,0.8483754512635379,0.36101083032490977,0.48736462093862815,0.651303249097473,0.1986606498194946,0.03647653429602889,0.032535018050541514,0.08103104693140793,0.12957184115523465,0.6948194945848376,0.1756115523465704,0.04603971119133574
2023-09-09,0.10703363914373089,0.29357798165137616,0.07951070336391437,0.1712538226299694,0.14678899082568808,0.13149847094801223,0.09174311926605505,0.39755351681957185,0.7247706422018348,0.27522935779816515,0.44954128440366975,0.6351226299694189,0.19749357798165137,0.042024770642201836,0.03342140672782875,0.09193302752293578,0.11748562691131498,0.7389348623853211,0.14357859327217126,0.02609296636085627
2023-09-10,0.1,0.2318181818181818,0.03636363636363636,0.09545454545454546,0.14545454545454545,0.14545454545454545,0.11363636363636363,0.35454545454545455,0.6954545454545454,0.36363636363636365,0.33181818181818185,0.6426504545454546,0.21393681818181817,0.03941,0.029089545454545455,0.07491409090909092,0.1268618181818182,0.7724477272727273,0.10068636363636363,-0.026175454545454543
2023-09-11,0.17777777777777778,0.2814814814814815,0.10740740740740741,0.23333333333333334,0.15555555555555556,0.1962962962962963,0.07037037037037037,0.37407407407407406,0.8185185185185185,0.37037037037037035,0.44814814814814813,0.676547037037037,0.1577562962962963,0.03362037037037037,0.03636666666666667,0.09570592592592592,0.10507851851851853,0.7326640740740741,0.16225444444444445,0.05717592592592593
2023-09-12,0.07264957264957266,0.3162393162393162,0.05128205128205128,0.0811965811965812,0.13675213675213677,0.08547008547008547,0.1111111111111111,0.37606837606837606,0.7564102564102564,0.21367521367521367,0.5427350427350427,0.6590055555555556,0.18453333333333333,0.040183760683760686,0.04097735042735042,0.07530213675213675,0.1038034188034188,0.7425970085470085,0.15359615384615383,0.04979273504273504
2023-09-13,0.17063492063492064,0.3888888888888889,0.07142857142857142,0.1388888888888889,0.1626984126984127,0.12301587301587301,0.11904761904761904,0.3888888888888889,0.8134920634920635,0.3373015873015873,0.47619047619047616,0.682661111111111,0.17355873015873016,0.03141309523809524,0.03459404761904762,0.07777420634920634,0.11682698412698413,0.7383150793650793,0.14486190476190478,0.028034920634920635
2023-09-14,0.15760869565217392,0.20108695652173914,0.043478260869565216,0.10869565217391304,0.06521739130434782,0.10326086956521739,0.10326086956521739,0.2717391304347826,0.625,0.29891304347826086,0.32608695652173914,0.6913451086956521,0.17321521739130435,0.03468641304347826,0.03499619565217391,0.06575217391304347,0.15497771739130434,0.7077249999999999,0.1372913043478261,-0.01768641304347826
2023-09-15,0.1111111111111111,0.35947712418300654,0.08823529411764706,0.13725490196078433,0.22875816993464052,0.14705882352941177,0.10130718954248366,0.4477124183006536,0.7875816993464052,0.29411764705882354,0.4934640522875817,0.6116800653594772,0.21583823529411764,0.037163398692810455,0.03848267973856209,0.09683333333333334,0.11898496732026143,0.7653248366013072,0.11568986928104576,-0.0032950980392156856
2023-09-16,0.19796954314720813,0.3401015228426396,0.06598984771573604,0.2131979695431472,0.12690355329949238,0.19289340101522842,0.06598984771573604,0.3096446700507614,0.7563451776649747,0.4213197969543147,0.3350253807106599,0.6778989847715736,0.17476142131979694,0.03463604060913705,0.039279187817258886,0.0734233502538071,0.16989796954314723,0.7223137055837563,0.10778527918781726,-0.06211269035532995
2023-09-17,0.14285714285714285,0.341991341991342,0.06926406926406926,0.1774891774891775,0.1341991341991342,0.18181818181818182,0.08658008658008658,0.3203463203463203,0.6190476190476191,0.33766233766233766,0.2813852813852814,0.6549298701298701,0.19183549783549783,0.04214242424242424,0.03029134199134199,0.0808004329004329,0.1807051948051948,0.6985670995670996,0.12072207792207792,-0.05998311688311688
2023-09-18,0.10566037735849057,0.3622641509433962,0.04150943396226415,0.1509433962264151,0.19245283018867926,0.11320754716981132,0.06037735849056604,0.4716981132075472,0.879245283018868,0.2943396226415094,0.5849056603773585,0.6605599999999999,0.16246075471698115,0.03496830188679245,0.045327169811320754,0.09668339622641509,0.11373547169811321,0.7475022641509433,0.13876113207547172,0.025025660377358486
2023-09-19,0.15163934426229508,0.44672131147540983,0.0778688524590164,0.18032786885245902,0.19672131147540983,0.15163934426229508,0.11885245901639344,0.48770491803278687,0.9549180327868853,0.3729508196721312,0.5819672131147541,0.6205622950819673,0.18527459016393444,0.041012295081967215,0.048490983606557375,0.10465901639344262,0.12470573770491804,0.7233303278688525,0.1519622950819672,0.02725655737704918
2023-09-20,0.10344827586206896,0.31527093596059114,0.054187192118226604,0.08866995073891626,0.18226600985221675,0.15270935960591134,0.12315270935960591,0.39408866995073893,0.7536945812807881,0.2512315270935961,0.5024630541871922,0.6918349753694581,0.15730492610837438,0.03705467980295567,0.0344,0.07941083743842364,0.13104581280788177,0.7285950738916256,0.14035812807881773,0.009312315270935963
2023-09-21,0.14935064935064934,0.42207792207792205,0.05519480519480519,0.19480519480519481,0.20454545454545456,0.1461038961038961,0.14285714285714285,0.4090909090909091,0.7824675324675324,0.36038961038961037,0.42207792207792205,0.6310116883116883,0.1847194805194805,0.04156785714285714,0.04575746753246753,0.09694058441558442,0.15295194805194806,0.6858172077922078,0.16122824675324673,0.008276298701298701
2023-09-22,0.10232558139534884,0.25116279069767444,0.06046511627906977,0.22325581395348837,0.13953488372093023,0.19534883720930232,0.08372093023255814,0.2744186046511628,0.5953488372093023,0.3674418604651163,0.22790697674418606,0.6394781395348836,0.19470279069767443,0.04422418604651163,0.035393488372093024,0.08619767441860464,0.16230279069767442,0.7331795348837209,0.10451534883720931,-0.05778744186046512
2023-09-23,0.16104868913857678,0.299625468164794,0.07865168539325842,0.15355805243445692,0.149812734082397,0.13108614232209737,0.10112359550561797,0.41198501872659177,0.7565543071161048,0.3595505617977528,0.3970037453183521,0.6432591760299625,0.1916059925093633,0.046112734082397,0.03110187265917603,0.08791498127340823,0.1786116104868914,0.6939468164794008,0.12744157303370784,-0.05117003745318352
2023-09-24,0.17222222222222222,0.29444444444444445,0.08333333333333333,0.17777777777777778,0.2,0.21666666666666667,0.11666666666666667,0.45555555555555555,0.8944444444444445,0.40555555555555556,0.4888888888888889,0.5843588888888889,0.23585166666666665,0.04632777777777778,0.041049444444444444,0.0924088888888889,0.12627722222222224,0.7436916666666666,0.13002944444444445,0.0037522222222222228
2023-09-25,0.2,0.3541666666666667,0.08333333333333333,0.25416666666666665,0.1875,0.17083333333333334,0.125,0.4666666666666667,0.9041666666666667,0.44166666666666665,0.4625,0.6396658333333334,0.16574875,0.049562916666666665,0.051209583333333336,0.09381375,0.12950166666666668,0.7074633333333333,0.16303958333333332,0.03353791666666666
2023-09-26,0.11282051282051282,0.2923076923076923,0.041025641025641026,0.13846153846153847,0.1641025641025641,0.12307692307692308,0.046153846153846156,0.441025641025641,0.7128205128205128,0.31794871794871793,0.39487179487179486,0.6579066666666666,0.17741743589743592,0.03526615384615384,0.039086666666666665,0.09032102564102565,0.12376153846153846,0.7385005128205128,0.1377394871794872,0.013977948717948717
2023-09-27,0.13229571984435798,0.36186770428015563,0.04669260700389105,0.1828793774319066,0.16731517509727625,0.11673151750972763,0.13229571984435798,0.4280155642023346,0.9027237354085603,0.3035019455252918,0.5992217898832685,0.6805175097276265,0.17000272373540856,0.03090622568093385,0.038652140077821015,0.07991556420233463,0.12353735408560311,0.7179077821011672,0.15855330739299608,0.035015953307392995
2023-09-28,0.1422924901185771,0.383399209486166,0.039525691699604744,0.19367588932806323,0.1067193675889328,0.16600790513833993,0.10276679841897234,0.4150197628458498,0.7154150197628458,0.4189723320158103,0.2964426877470356,0.6847407114624505,0.1640217391304348,0.03833517786561265,0.041787351778656126,0.07111422924901187,0.1661608695652174,0.7253094861660079,0.1085288537549407,-0.05763201581027668
2023-09-29,0.13382899628252787,0.35687732342007433,0.07434944237918216,0.18587360594795538,0.12639405204460966,0.17100371747211895,0.12639405204460966,0.37174721189591076,0.7286245353159851,0.34944237918215615,0.379182156133829,0.636582156133829,0.17636691449814126,0.03986617100371747,0.04292825278810409,0.10426282527881041,0.11794386617100372,0.7431263940520446,0.13893308550185873,0.020989219330855017
2023-09-30,0.2318840579710145,0.41304347826086957,0.06884057971014493,0.2427536231884058,0.17391304347826086,0.16304347826086957,0.12318840579710146,0.5036231884057971,0.782608695652174,0.463768115942029,0.3188405797101449,0.6488811594202899,0.17909746376811594,0.05023188405797101,0.03998188405797101,0.0818072463768116,0.15409347826086958,0.7443753623188406,0.10152789855072464,-0.05256557971014493
2023-10-01,0.12244897959183673,0.2857142857142857,0.05442176870748299,0.08163265306122448,0.14965986394557823,0.14965986394557823,0.06802721088435375,0.3469387755102041,0.7346938775510204,0.3129251700680272,0.4217687074829932,0.6663142857142857,0.171656462585034,0.04235442176870748,0.04029319727891156,0.07938435374149659,0.1380326530612245,0.7390585034013605,0.1229122448979592,-0.015120408163265304
2023-10-02,0.3391812865497076,0.4269005847953216,0.0935672514619883,0.2807017543859649,0.23391812865497075,0.17543859649122806,0.2046783625730994,0.42105263157894735,0.8538011695906432,0.47368421052631576,0.38011695906432746,0.6532187134502924,0.16989005847953217,0.04470292397660818,0.047876023391812864,0.08431169590643275,0.14545204678362572,0.708754970760234,0.145793567251462,0.0003415204678362584
2023-10-03,0.16666666666666666,0.30128205128205127,0.0641025641025641,0.08333333333333333,0.16666666666666666,0.14102564102564102,0.07051282051282051,0.5,0.8141025641025641,0.34615384615384615,0.46794871794871795,0.6640852564102564,0.177175641025641,0.05178461538461539,0.034396794871794874,0.07255192307692307,0.11831474358974359,0.7567326923076922,0.12495384615384615,0.006639102564102564
2023-10-04,0.144,0.344,0.048,0.144,0.096,0.16,0.064,0.368,0.664,0.272,0.392,0.6584632,0.1632448,0.0384584,0.0396152,0.1002128,0.12177760000000001,0.73698,0.14124879999999998,0.019471200000000004
2023-10-05,0.19626168224299065,0.27102803738317754,0.07476635514018691,0.16822429906542055,0.14953271028037382,0.07476635514018691,0.07476635514018691,0.4766355140186916,0.9532710280373832,0.308411214953271,0.6448598130841121,0.6987186915887851,0.13411121495327102,0.03359906542056075,0.03224392523364486,0.10132056074766356,0.09862803738317757,0.8055065420560747,0.0958588785046729,-0.0027691588785046725
2023-10-06,0.24752475247524752,0.3118811881188119,0.0891089108910891,0.2376237623762376,0.12376237623762376,0.22277227722772278,0.12376237623762376,0.39603960396039606,0.6881188118811881,0.4158415841584158,0.2722772277227723,0.6015742574257426,0.20881980198019803,0.05937920792079208,0.03872970297029703,0.0914980198019802,0.20249554455445545,0.645808910891089,0.1516920792079208,-0.050803465346534654
2023-10-07,0.208,0.352,0.024,0.152,0.2,0.072,0.072,0.464,0.832,0.24,0.592,0.7242504,0.12952639999999999,0.03296,0.03412,0.0791496,0.0941352,0.7923896,0.1134752,0.019340000000000003
2023-10-08,0.19642857142857142,0.3869047619047619,0.08928571428571429,0.20238095238095238,0.17857142857142858,0.15476190476190477,0.125,0.4107142857142857,0.8511904761904762,0.4166666666666667,0.43452380952380953,0.6458220238095238,0.18400892857142856,0.042930357142857145,0.033813690476190476,0.09342202380952382,0.10980297619047619,0.7624744047619048,0.12772261904761906,0.01791964285714286
2023-10-09,0.18518518518518517,0.3888888888888889,0.05555555555555555,0.25308641975308643,0.13580246913580246,0.11728395061728394,0.09259259259259259,0.4691358024691358,0.7283950617283951,0.47530864197530864,0.25308641975308643,0.6846543209876543,0.16461604938271604,0.0373037037037037,0.04156913580246913,0.07185555555555555,0.15972160493827162,0.711453086419753,0.12882345679012344,-0.03089814814814815
2023-10-10,0.18503937007874016,0.38188976377952755,0.06299212598425197,0.21653543307086615,0.14960629921259844,0.15354330708661418,0.11811023622047244,0.37401574803149606,0.7913385826771654,0.38188976377952755,0.4094488188976378,0.6486055118110237,0.1973240157480315,0.0395507874015748,0.04157795275590551,0.07293740157480315,0.15613858267716535,0.712142125984252,0.13172283464566928,-0.024415748031496064
2023-10-11,0.15121951219512195,0.35121951219512193,0.07317073170731707,0.16585365853658537,0.11219512195121951,0.14146341463414633,0.1073170731707317,0.43414634146341463,0.8585365853658536,0.3463414634146341,0.5121951219512195,0.6584814634146341,0.19045365853658536,0.04144975609756097,0.033732682926829266,0.07587512195121951,0.12106341463414635,0.7519331707317073,0.1270058536585366,0.005942439024390244
2023-10-12,0.20833333333333334,0.4166666666666667,0.07291666666666667,0.234375,0.19270833333333334,0.21875,0.11458333333333333,0.4583333333333333,0.984375,0.46875,0.515625,0.6500203125,0.18586979166666664,0.0357375,0.045342708333333336,0.08302760416666667,0.113559375,0.7841515625,0.10228541666666667,-0.011273958333333332
2023-10-13,0.1935483870967742,0.38306451612903225,0.11693548387096774,0.25806451612903225,0.17338709677419356,0.1693548387096774,0.07661290322580645,0.45161290322580644,0.75,0.45161290322580644,0.29838709677419356,0.632016935483871,0.2014532258064516,0.046412903225806455,0.03555685483870968,0.08455806451612904,0.14917741935483872,0.7262084677419355,0.12460967741935483,-0.024567741935483868
2023-10-14,0.12149532710280374,0.32242990654205606,0.06074766355140187,0.16355140186915887,0.14953271028037382,0.14018691588785046,0.14018691588785046,0.4719626168224299,0.8785046728971962,0.3364485981308411,0.5420560747663551,0.6481864485981309,0.18085654205607476,0.034251869158878505,0.03742663551401869,0.09927990654205607,0.11697196261682243,0.7758883177570093,0.10714205607476636,-0.009829906542056075
2023-10-15,0.1968503937007874,0.37401574803149606,0.07480314960629922,0.25984251968503935,0.1968503937007874,0.18110236220472442,0.11023622047244094,0.39763779527559057,0.7716535433070866,0.4015748031496063,0.3700787401574803,0.6202842519685039,0.20836771653543307,0.043528346456692915,0.03860669291338583,0.08921614173228347,0.14671141732283463,0.7001133858267716,0.15318307086614175,0.006471653543307085
2023-10-16,0.12653061224489795,0.4,0.08163265306122448,0.19183673469387755,0.1510204081632653,0.10612244897959183,0.11428571428571428,0.37142857142857144,0.7673469387755102,0.2571428571428571,0.5102040816326531,0.6910257142857142,0.14189551020408164,0.03038408163265306,0.04807061224489796,0.08861795918367348,0.1382669387755102,0.7165575510204082,0.14517428571428573,0.006907346938775511
2023-10-17,0.10493827160493827,0.2962962962962963,0.043209876543209874,0.12962962962962962,0.12654320987654322,0.12962962962962962,0.08950617283950617,0.39197530864197533,0.8950617283950617,0.2839506172839506,0.6111111111111112,0.6944888888888888,0.14083796296296297,0.03287901234567901,0.0429679012345679,0.08881851851851852,0.14516820987654322,0.6852212962962962,0.1696138888888889,0.02444567901234568
2023-10-18,0.13618677042801555,0.31906614785992216,0.06614785992217899,0.14007782101167315,0.14007782101167315,0.12062256809338522,0.10116731517509728,0.311284046692607,0.7198443579766537,0.33852140077821014,0.38132295719844356,0.6250548638132296,0.1809591439688716,0.049197665369649805,0.0440875486381323,0.10070038910505837,0.1551747081712062,0.6723132295719845,0.1725167315175097,0.0173420233463035
2023-10-19,0.17421602787456447,0.3902439024390244,0.06968641114982578,0.2264808362369338,0.14634146341463414,0.2613240418118467,0.15331010452961671,0.37630662020905925,0.6968641114982579,0.47735191637630664,0.21951219512195122,0.6880334494773519,0.1481682926829268,0.03486655052264809,0.04042334494773519,0.08851010452961673,0.18108432055749127,0.6773365853658536,0.14157491289198607,-0.039509407665505224
2023-10-20,0.20425531914893616,0.28085106382978725,0.06382978723404255,0.2553191489361702,0.14042553191489363,0.20851063829787234,0.11914893617021277,0.4,0.8042553191489362,0.451063829787234,0.35319148936170214,0.6377612765957447,0.1739327659574468,0.05670851063829787,0.03980340425531915,0.09179702127659574,0.1664931914893617,0.6957685106382978,0.13773617021276596,-0.028757021276595747
2023-10-21,0.18811881188118812,0.3613861386138614,0.054455445544554455,0.22772277227722773,0.14356435643564355,0.15841584158415842,0.13366336633663367,0.4207920792079208,0.7178217821782178,0.3613861386138614,0.3564356435643564,0.6430851485148514,0.19446039603960397,0.055092079207920794,0.03281534653465347,0.07454306930693069,0.16923069306930694,0.7227089108910891,0.10806831683168316,-0.06116237623762376
2023-10-22,0.11960132890365449,0.26245847176079734,0.06312292358803986,0.1461794019933555,0.11295681063122924,0.14285714285714285,0.10631229235880399,0.34551495016611294,0.9966777408637874,0.29900332225913623,0.6976744186046512,0.6849714285714286,0.16502724252491696,0.032893355481727574,0.03377308970099668,0.08333787375415283,0.12616677740863788,0.7648963455149502,0.10893687707641196,-0.017229900332225916
2023-10-23,0.13636363636363635,0.44214876033057854,0.05785123966942149,0.13636363636363635,0.2024793388429752,0.128099173553719,0.12396694214876033,0.45867768595041325,0.9380165289256198,0.3140495867768595,0.6239669421487604,0.667798347107438,0.18771694214876034,0.030715702479338844,0.028164462809917357,0.08560495867768596,0.12388099173553718,0.7340582644628099,0.14205743801652893,0.018176446280991736
2023-10-24,0.14646464646464646,0.42424242424242425,0.07575757575757576,0.2828282828282828,0.21212121212121213,0.18686868686868688,0.14646464646464646,0.494949494949495,0.8939393939393939,0.3333333333333333,0.5606060606060606,0.6670833333333334,0.1746313131313131,0.032984848484848485,0.04291717171717172,0.08238484848484849,0.13007020202020203,0.705489898989899,0.16443737373737374,0.03436717171717171
2023-10-25,0.15469613259668508,0.36464088397790057,0.06077348066298342,0.22099447513812154,0.20441988950276244,0.1878453038674033,0.143646408839779,0.430939226519337,0.7790055248618785,0.3756906077348066,0.40331491712707185,0.6416906077348067,0.18334088397790055,0.04064696132596685,0.04269558011049724,0.09162541436464088,0.12876906077348066,0.6854563535911602,0.1857740331491713,0.057004972375690605
2023-10-26,0.152317880794702,0.4503311258278146,0.056291390728476824,0.17218543046357615,0.10264900662251655,0.16556291390728478,0.10596026490066225,0.44039735099337746,0.8774834437086093,0.3675496688741722,0.5099337748344371,0.6557062913907284,0.1971814569536424,0.038610927152317884,0.03681953642384106,0.07169072847682119,0.16868973509933774,0.710676821192053,0.12063245033112582,-0.048057284768211916
2023-10-27,0.1263537906137184,0.38267148014440433,0.05415162454873646,0.19494584837545126,0.20577617328519857,0.17689530685920576,0.12274368231046931,0.4296028880866426,0.9711191335740073,0.33574007220216606,0.6353790613718412,0.629954512635379,0.1981490974729242,0.038545487364620934,0.03722635379061372,0.09613176895306859,0.15069675090252707,0.7005530685920578,0.14875054151624548,-0.0019462093862815902
2023-10-28,0.16521739130434782,0.24782608695652175,0.07391304347826087,0.15217391304347827,0.1391304347826087,0.14782608695652175,0.08695652173913043,0.44782608695652176,0.7782608695652173,0.34347826086956523,0.43478260869565216,0.6347891304347826,0.2020491304347826,0.04814565217391305,0.03858260869565218,0.07643,0.14532739130434782,0.7144821739130436,0.1401913043478261,-0.005136086956521738
2023-10-29,0.11504424778761062,0.3407079646017699,0.03982300884955752,0.11504424778761062,0.061946902654867256,0.12389380530973451,0.05752212389380531,0.3584070796460177,0.5265486725663717,0.24778761061946902,0.27876106194690264,0.658775221238938,0.17711902654867256,0.0355787610619469,0.036523451327433634,0.09200176991150442,0.10821637168141593,0.7888190265486725,0.10296814159292036,-0.005248230088495576
2023-10-30,0.11386138613861387,0.297029702970297,0.054455445544554455,0.16336633663366337,0.13366336633663367,0.10891089108910891,0.10891089108910891,0.31683168316831684,0.7326732673267327,0.29207920792079206,0.4405940594059406,0.6838925742574258,0.1644990099009901,0.03773712871287129,0.03180792079207921,0.08206633663366338,0.11992920792079208,0.7577608910891089,0.12231287128712871,0.0023836633663366353
2023-10-31,0.17898832684824903,0.43190661478599224,0.0622568093385214,0.1517509727626459,0.14396887159533073,0.1556420233463035,0.10894941634241245,0.5175097276264592,0.9377431906614786,0.38132295719844356,0.556420233463035,0.7101147859922179,0.1418568093385214,0.032394941634241246,0.0368431906614786,0.07879182879377432,0.16655097276264594,0.663288326848249,0.1701568093385214,0.0036058365758754873
2023-11-01,0.15873015873015872,0.328042328042328,0.10582010582010581,0.17989417989417988,0.20634920634920634,0.21693121693121692,0.12698412698412698,0.5185185185185185,1.0105820105820107,0.4444444444444444,0.5661375661375662,0.6489116402116403,0.18421904761904762,0.03899312169312169,0.036476190476190475,0.09140582010582012,0.16985502645502648,0.6672015873015873,0.16294074074074075,-0.006914285714285714
2023-11-02,0.20398009950248755,0.5074626865671642,0.05472636815920398,0.22885572139303484,0.26865671641791045,0.17412935323383086,0.12935323383084577,0.7761194029850746,1.2686567164179106,0.5373134328358209,0.7313432835820896,0.6090701492537314,0.204118407960199,0.04841592039800995,0.04029751243781095,0.09809203980099503,0.17705621890547263,0.6745587064676617,0.14838557213930348,-0.028670646766169157
2023-11-03,0.20512820512820512,0.3384615384615385,0.06153846153846154,0.1641025641025641,0.2153846153846154,0.17435897435897435,0.07692307692307693,0.4512820512820513,0.8153846153846154,0.40512820512820513,0.41025641025641024,0.6798641025641026,0.16033641025641024,0.04058358974358974,0.038141025641025644,0.0810723076923077,0.11082102564102564,0.7221799999999999,0.16699897435897434,0.05617794871794872
2023-11-04,0.13953488372093023,0.38953488372093026,0.0755813953488372,0.13372093023255813,0.11627906976744186,0.11046511627906977,0.0872093023255814,0.436046511627907,0.9302325581395349,0.23255813953488372,0.6976744186046512,0.6198081395348837,0.194821511627907,0.03722383720930233,0.0417453488372093,0.10641279069767443,0.10396802325581396,0.7775377906976745,0.11848895348837209,0.01452093023255814
2023-11-05,0.13286713286713286,0.35664335664335667,0.027972027972027972,0.1888111888111888,0.23076923076923078,0.17482517482517482,0.0979020979020979,0.5104895104895105,0.986013986013986,0.46153846153846156,0.5244755244755245,0.651941958041958,0.20165314685314686,0.032523076923076925,0.029610489510489512,0.08427342657342657,0.07293986013986015,0.8145314685314685,0.11253076923076923,0.03959090909090909
2023-11-06,0.14619883040935672,0.38011695906432746,0.05847953216374269,0.21052631578947367,0.24561403508771928,0.1871345029239766,0.14035087719298245,0.5672514619883041,0.9883040935672515,0.3684210526315789,0.6198830409356725,0.6702327485380116,0.1605561403508772,0.048863742690058484,0.036471929824561405,0.08388304093567252,0.09339707602339181,0.7448514619883041,0.16174795321637425,0.06835087719298245
2023-11-07,0.23228346456692914,0.4251968503937008,0.047244094488188976,0.2637795275590551,0.16535433070866143,0.08267716535433071,0.08267716535433071,0.4330708661417323,1.0,0.3228346456692913,0.6771653543307087,0.703582283464567,0.15919566929133858,0.03536811023622047,0.035001968503937005,0.0668531496062992,0.09085590551181102,0.745244094488189,0.16389921259842521,0.07304330708661418
2023-11-08,0.10638297872340426,0.26063829787234044,0.03723404255319149,0.10106382978723404,0.17553191489361702,0.10638297872340426,0.09574468085106383,0.425531914893617,1.0159574468085106,0.2872340425531915,0.7287234042553191,0.720058510638298,0.12826702127659576,0.03088191489361702,0.040275,0.0805122340425532,0.12270106382978722,0.6988159574468085,0.1784808510638298,0.05577978723404255
2023-11-09,0.1232876712328767,0.3082191780821918,0.0410958904109589,0.1506849315068493,0.136986301369863,0.10273972602739725,0.1232876712328767,0.3493150684931507,0.726027397260274,0.2945205479452055,0.4315068493150685,0.6908616438356164,0.15793287671232875,0.04003356164383562,0.037092465753424654,0.07407191780821919,0.12309657534246576,0.7130308219178083,0.16387123287671232,0.040774657534246576
2023-11-10,0.11931818181818182,0.375,0.0625,0.24431818181818182,0.1590909090909091,0.20454545454545456,0.14204545454545456,0.38636363636363635,0.6704545454545454,0.42613636363636365,0.24431818181818182,0.6720732954545454,0.17551136363636363,0.04730113636363636,0.03599943181818182,0.06911534090909091,0.15655852272727275,0.68793125,0.1555096590909091,-0.0010488636363636368
2023-11-11,0.1452513966480447,0.31843575418994413,0.055865921787709494,0.12290502793296089,0.15083798882681565,0.11173184357541899,0.11173184357541899,0.4134078212290503,0.8938547486033519,0.2346368715083799,0.659217877094972,0.6830340782122905,0.1616027932960894,0.03206368715083799,0.031803351955307264,0.09149553072625699,0.1110268156424581,0.7875843575418994,0.10138994413407822,-0.009636871508379889
2023-11-12,0.2775330396475771,0.33480176211453744,0.1277533039647577,0.2422907488986784,0.14977973568281938,0.28193832599118945,0.09251101321585903,0.4185022026431718,0.7665198237885462,0.6079295154185022,0.15859030837004406,0.679115859030837,0.16854757709251103,0.03400352422907489,0.03593215859030836,0.0824,0.1563273127753304,0.7341973568281939,0.1094770925110132,-0.04685022026431718
2023-11-13,0.11400651465798045,0.33876221498371334,0.06840390879478828,0.18566775244299674,0.18566775244299674,0.17263843648208468,0.10097719869706841,0.41042345276872966,0.8990228013029316,0.3127035830618892,0.5863192182410424,0.6288983713355049,0.20832899022801304,0.03380977198697068,0.03828338762214984,0.09067654723127036,0.11594104234527687,0.697457980456026,0.186600325732899,0.07065928338762215
2023-11-14,0.1935483870967742,0.36917562724014336,0.06810035842293907,0.2616487455197133,0.15770609318996415,0.1827956989247312,0.2222222222222222,0.5591397849462365,0.8673835125448028,0.4050179211469534,0.46236559139784944,0.6717275985663083,0.15225304659498207,0.04429462365591398,0.04524480286738351,0.08648028673835126,0.12030967741935485,0.7090132616487455,0.17067813620071684,0.05036845878136201
2023-11-15,0.11737089201877934,0.352112676056338,0.06572769953051644,0.1784037558685446,0.18309859154929578,0.13615023474178403,0.18779342723004694,0.37089201877934275,0.704225352112676,0.3427230046948357,0.3615023474178404,0.6354492957746478,0.15552910798122063,0.03403615023474178,0.056939906103286385,0.1180469483568075,0.08015962441314554,0.7522896713615023,0.16755023474178404,0.0873906103286385
2023-11-16,0.0970873786407767,0.313915857605178,0.032362459546925564,0.16181229773462782,0.1262135922330097,0.08090614886731391,0.08737864077669903,0.517799352750809,0.8770226537216829,0.2686084142394822,0.6084142394822006,0.6772016181229774,0.15547443365695793,0.030360841423948216,0.05046440129449838,0.08650550161812298,0.11478317152103559,0.7276627831715211,0.15755501618122977,0.042771844660194173
2023-11-17,0.14334470989761092,0.3174061433447099,0.06143344709897611,0.13993174061433447,0.12627986348122866,0.16723549488054607,0.09556313993174062,0.3993174061433447,0.78839590443686,0.36177474402730375,0.42662116040955633,0.641278156996587,0.19598976109215016,0.03290716723549488,0.03485153583617747,0.0949716723549488,0.11275255972696245,0.6914515358361775,0.1958,0.08304744027303754
2023-11-18,0.1651376146788991,0.3577981651376147,0.07339449541284404,0.14220183486238533,0.17889908256880735,0.11926605504587157,0.09174311926605505,0.3623853211009174,0.7477064220183486,0.3302752293577982,0.41743119266055045,0.6610073394495414,0.1844559633027523,0.04133853211009174,0.041316972477064215,0.07188348623853211,0.12211284403669724,0.7201495412844037,0.1577348623853211,0.03562201834862385
2023-11-19,0.09248554913294797,0.2658959537572254,0.06358381502890173,0.16184971098265896,0.10982658959537572,0.16184971098265896,0.06936416184971098,0.3699421965317919,0.6936416184971098,0.36416184971098264,0.32947976878612717,0.6854630057803468,0.17779479768786127,0.03367456647398844,0.027046820809248556,0.0760242774566474,0.14047341040462427,0.7608838150289018,0.0986450867052023,-0.041828323699421965
2023-11-20,0.14798206278026907,0.3452914798206278,0.08520179372197309,0.17488789237668162,0.17040358744394618,0.16143497757847533,0.1031390134529148,0.4349775784753363,0.7085201793721974,0.3094170403587444,0.3991031390134529,0.6605470852017937,0.1679695067264574,0.04205784753363229,0.04005739910313901,0.0893677130044843,0.09383049327354259,0.7739291479820627,0.13224215246636772,0.03841165919282512
2023-11-21,0.1524390243902439,0.4024390243902439,0.08536585365853659,0.18902439024390244,0.18902439024390244,0.10060975609756098,0.08841463414634146,0.49085365853658536,0.9085365853658537,0.2865853658536585,0.6219512195121951,0.6929274390243902,0.15643689024390245,0.03244024390243902,0.041754268292682924,0.07644451219512195,0.12860670731707316,0.6582317073170731,0.21315853658536585,0.08455182926829269
2023-11-22,0.16610169491525423,0.34576271186440677,0.07457627118644068,0.13898305084745763,0.17966101694915254,0.17966101694915254,0.11864406779661017,0.4067796610169492,0.8440677966101695,0.36610169491525424,0.47796610169491527,0.642624406779661,0.18711118644067798,0.03529016949152543,0.03419694915254238,0.10077389830508475,0.11120542372881355,0.6950271186440677,0.19377423728813561,0.08256881355932204
2023-11-23,0.0967741935483871,0.27956989247311825,0.05017921146953405,0.1935483870967742,0.16487455197132617,0.2007168458781362,0.0931899641577061,0.4121863799283154,0.7813620071684588,0.31899641577060933,0.46236559139784944,0.6478541218637992,0.1929810035842294,0.04094659498207885,0.03827777777777777,0.07994336917562725,0.12781254480286738,0.755463082437276,0.1167225806451613,-0.011089964157706092
2023-11-24,0.13658536585365855,0.3463414634146341,0.09268292682926829,0.17073170731707318,0.1073170731707317,0.13170731707317074,0.08292682926829269,0.2926829268292683,0.624390243902439,0.33170731707317075,0.2926829268292683,0.6888048780487805,0.16151024390243904,0.034872195121951215,0.03394634146341463,0.08086048780487805,0.1343990243902439,0.7536526829268292,0.11194878048780488,-0.022450243902439028
2023-11-25,0.17928286852589642,0.3784860557768924,0.099601593625498,0.21115537848605578,0.14741035856573706,0.21912350597609562,0.10358565737051793,0.3705179282868526,0.8087649402390438,0.38645418326693226,0.42231075697211157,0.6246768924302789,0.2098402390438247,0.04231673306772908,0.03676812749003984,0.08639760956175299,0.1293414342629482,0.7433282868525897,0.12733187250996017,-0.002009561752988047
2023-11-26,0.12857142857142856,0.37142857142857144,0.0380952380952381,0.17142857142857143,0.14285714285714285,0.12857142857142856,0.10952380952380952,0.35714285714285715,0.6523809523809524,0.319047619047619,0.3333333333333333,0.6701128571428572,0.16686857142857142,0.03414476190476191,0.03493047619047619,0.09394238095238096,0.12570904761904764,0.7360190476190476,0.13827285714285714,0.012563809523809526
2023-11-27,0.1836734693877551,0.42857142857142855,0.10204081632653061,0.20068027210884354,0.2687074829931973,0.1292517006802721,0.19727891156462585,0.6428571428571429,1.272108843537415,0.36394557823129253,0.9081632653061225,0.6239758503401361,0.16714149659863947,0.035580612244897954,0.05888299319727891,0.11441802721088436,0.10452823129251701,0.7630044217687074,0.1324683673469388,0.027940136054421767
2023-11-28,0.1497175141242938,0.4265536723163842,0.05084745762711865,0.2288135593220339,0.23163841807909605,0.14124293785310735,0.1384180790960452,0.5706214689265536,1.0169491525423728,0.3785310734463277,0.6384180790960452,0.6536031073446328,0.18083022598870058,0.035735310734463274,0.04628531073446328,0.08354915254237288,0.13746581920903955,0.7075084745762712,0.15502146892655366,0.017555649717514128
2023-11-29,0.14754098360655737,0.4098360655737705,0.05327868852459016,0.15163934426229508,0.1762295081967213,0.1598360655737705,0.10655737704918032,0.4713114754098361,0.7581967213114754,0.36885245901639346,0.38934426229508196,0.6594975409836065,0.17359590163934427,0.033336065573770494,0.04301926229508197,0.09055696721311475,0.11169467213114753,0.7624627049180328,0.12584467213114753,0.01415
2023-11-30,0.14622641509433962,0.30660377358490565,0.10377358490566038,0.15566037735849056,0.14622641509433962,0.15566037735849056,0.12264150943396226,0.45754716981132076,0.7358490566037735,0.32075471698113206,0.41509433962264153,0.6774929245283019,0.16249245283018868,0.03428632075471698,0.039085849056603776,0.08664150943396226,0.10260471698113206,0.7103301886792452,0.18706415094339623,0.08445943396226416
2023-12-01,0.25,0.31756756756756754,0.04054054054054054,0.18243243243243243,0.14864864864864866,0.14189189189189189,0.06756756756756757,0.3310810810810811,0.8378378378378378,0.41216216216216217,0.42567567567567566,0.7180222972972974,0.12948513513513515,0.027362837837837835,0.039812837837837844,0.08532364864864865,0.13227770270270273,0.7193472972972973,0.14837094594594594,0.01609324324324324
2023-12-02,0.2,0.4,0.10476190476190476,0.20952380952380953,0.2857142857142857,0.14285714285714285,0.19047619047619047,0.5619047619047619,1.0952380952380953,0.4,0.6952380952380952,0.6829380952380952,0.1559057142857143,0.037636190476190476,0.042620000000000005,0.08089619047619047,0.09321809523809524,0.7678266666666668,0.13895333333333332,0.04573523809523809
2023-12-03,0.145748987854251,0.3319838056680162,0.05263157894736842,0.15384615384615385,0.23481781376518218,0.19433198380566802,0.10526315789473684,0.5870445344129555,1.0931174089068827,0.4089068825910931,0.6842105263157895,0.5753846153846154,0.20569554655870445,0.035072874493927125,0.05825222672064777,0.12559676113360324,0.10880161943319838,0.7187611336032388,0.17243805668016193,0.06363643724696356
2023-12-04,0.12355212355212356,0.33204633204633205,0.05405405405405406,0.2084942084942085,0.11969111969111969,0.11196911196911197,0.09266409266409266,0.4517374517374517,0.9613899613899614,0.3474903474903475,0.6138996138996139,0.6280216216216217,0.18832355212355212,0.03973590733590734,0.038141312741312744,0.10577528957528957,0.12977567567567566,0.7206297297297297,0.14959227799227798,0.019816602316602316
2023-12-05,0.18867924528301888,0.3867924528301887,0.11320754716981132,0.16981132075471697,0.1792452830188679,0.07547169811320754,0.05660377358490566,0.41509433962264153,0.7452830188679245,0.3113207547169811,0.4339622641509434,0.6197594339622642,0.17253962264150943,0.04857452830188679,0.04738679245283019,0.11172924528301886,0.1312245283018868,0.7443415094339623,0.12443584905660378,-0.006788679245283019
2023-12-06,0.17318435754189945,0.33519553072625696,0.11173184357541899,0.2737430167597765,0.19553072625698323,0.1340782122905028,0.11731843575418995,0.3854748603351955,0.7430167597765364,0.40782122905027934,0.33519553072625696,0.6415189944134079,0.12849329608938548,0.07560167597765363,0.059929050279329606,0.09446368715083799,0.11973296089385475,0.7192279329608939,0.16104301675977653,0.041310055865921784
2023-12-07,0.12837837837837837,0.47635135135135137,0.08108108108108109,0.10810810810810811,0.16216216216216217,0.12162162162162163,0.11824324324324324,0.5202702702702703,0.9391891891891891,0.3108108108108108,0.6283783783783784,0.7078641891891893,0.13410608108108107,0.028525675675675675,0.042328716216216214,0.08717972972972973,0.07337972972972974,0.7869273648648648,0.13968986486486487,0.06631013513513513
2023-12-08,0.18617021276595744,0.35106382978723405,0.0797872340425532,0.15425531914893617,0.17553191489361702,0.11170212765957446,0.13829787234042554,0.40425531914893614,0.9095744680851063,0.324468085106383,0.5851063829787234,0.6811569148936171,0.1512627659574468,0.029782978723404255,0.034792021276595746,0.10300744680851065,0.10897712765957447,0.6623239361702128,0.22869468085106381,0.11971755319148936
2023-12-09,0.11616161616161616,0.36363636363636365,0.045454545454545456,0.1414141414141414,0.19696969696969696,0.12121212121212122,0.10606060606060606,0.3787878787878788,0.8434343434343434,0.2727272727272727,0.5707070707070707,0.6546833333333333,0.18547474747474746,0.04373383838383838,0.033952020202020206,0.08215858585858585,0.1085080808080808,0.7706969696969698,0.12079090909090909,0.012282828282828282
2023-12-10,0.11864406779661017,0.24858757062146894,0.07344632768361582,0.1694915254237288,0.12994350282485875,0.11864406779661017,0.0903954802259887,0.3446327683615819,0.559322033898305,0.4067796610169492,0.15254237288135594,0.6857508474576272,0.15691016949152542,0.03830169491525424,0.03437457627118644,0.08466553672316383,0.1295593220338983,0.744797175141243,0.12565084745762714,-0.003908474576271188
2023-12-11,0.15246636771300448,0.4304932735426009,0.03587443946188341,0.13004484304932734,0.17488789237668162,0.07623318385650224,0.08520179372197309,0.45739910313901344,0.8789237668161435,0.4304932735426009,0.4484304932735426,0.7145780269058296,0.13744573991031392,0.03701121076233184,0.0386322869955157,0.07233452914798207,0.08617488789237668,0.7001206278026906,0.21370089686098653,0.12752600896860988
2023-12-12,0.15234375,0.37109375,0.1015625,0.1875,0.12890625,0.15234375,0.109375,0.39453125,0.9609375,0.296875,0.6640625,0.64820546875,0.18320546875,0.03562890625,0.04005703125,0.092903515625,0.10117578125,0.72751015625,0.171313671875,0.070137890625
2023-12-13,0.15873015873015872,0.35714285714285715,0.10317460317460317,0.18253968253968253,0.15873015873015872,0.11904761904761904,0.10714285714285714,0.4801587301587302,0.9523809523809523,0.3055555555555556,0.6468253968253969,0.6143289682539683,0.20148214285714286,0.036269444444444444,0.04149206349206349,0.10642579365079365,0.13179761904761905,0.7256301587301588,0.14257380952380955,0.01077619047619048
2023-12-14,0.11065573770491803,0.4098360655737705,0.045081967213114756,0.1721311475409836,0.1762295081967213,0.13934426229508196,0.11885245901639344,0.5122950819672131,1.0,0.3155737704918033,0.6844262295081968,0.6848987704918033,0.1494016393442623,0.03854918032786885,0.045892622950819674,0.08127377049180327,0.12758360655737705,0.716202868852459,0.15621352459016394,0.028629918032786885
2023-12-15,0.12166172106824925,0.34718100890207715,0.04747774480712166,0.18991097922848665,0.19584569732937684,0.13056379821958458,0.11572700296735905,0.4362017804154303,0.8456973293768546,0.34718100890207715,0.49851632047477745,0.6509821958456973,0.17018071216617212,0.03312403560830861,0.03761721068249258,0.10809376854599406,0.1232620178041543,0.6748679525222552,0.20187299703264094,0.07861097922848664
2023-12-16,0.17667844522968199,0.45229681978798586,0.06007067137809187,0.22614840989399293,0.3392226148409894,0.37809187279151946,0.1978798586572438,0.6360424028268551,1.2756183745583038,0.5724381625441696,0.7031802120141343,0.6479257950530035,0.1895381625441696,0.03338833922261484,0.035442402826855124,0.0937017667844523,0.13802438162544167,0.6542,0.20778233215547703,0.06975795053003535
2023-12-17,0.09836065573770492,0.2786885245901639,0.04918032786885246,0.1366120218579235,0.1366120218579235,0.07650273224043716,0.11475409836065574,0.37158469945355194,0.7103825136612022,0.23497267759562843,0.47540983606557374,0.6502387978142077,0.1620775956284153,0.03751147540983607,0.04435956284153006,0.10580710382513661,0.13521748633879782,0.7441207650273225,0.12066174863387978,-0.014555737704918033
2023-12-18,0.18579234972677597,0.3743169398907104,0.09562841530054644,0.2540983606557377,0.1885245901639344,0.1994535519125683,0.14207650273224043,0.42349726775956287,0.8661202185792349,0.48633879781420764,0.3797814207650273,0.6499054644808743,0.18869754098360655,0.03680437158469945,0.046885245901639346,0.07771010928961748,0.18842459016393445,0.6380557377049181,0.17351693989071038,-0.014907650273224044
2023-12-19,0.1721311475409836,0.35655737704918034,0.0860655737704918,0.24180327868852458,0.19672131147540983,0.1885245901639344,0.11065573770491803,0.5655737704918032,0.9713114754098361,0.46311475409836067,0.5081967213114754,0.6238213114754099,0.20829836065573773,0.043854918032786884,0.04265286885245902,0.08136926229508196,0.19010122950819672,0.662735655737705,0.1471655737704918,-0.04293565573770492
2023-12-20,0.17708333333333334,0.3723958333333333,0.0390625,0.15364583333333334,0.18489583333333334,0.140625,0.11979166666666667,0.4427083333333333,0.8255208333333334,0.4583333333333333,0.3671875,0.6126630208333333,0.21520390625,0.04041927083333333,0.04147083333333333,0.09023802083333334,0.16842057291666668,0.64751171875,0.18407057291666665,0.01565
2023-12-21,0.21739130434782608,0.3739130434782609,0.10144927536231885,0.23478260869565218,0.1681159420289855,0.17681159420289855,0.1391304347826087,0.3884057971014493,0.7681159420289855,0.46956521739130436,0.2985507246376812,0.6394385507246377,0.1926049275362319,0.03357130434782609,0.03454463768115942,0.09984202898550726,0.17673999999999998,0.6563773913043478,0.16688492753623188,-0.009855072463768119
2023-12-22,0.14468085106382977,0.2553191489361702,0.05106382978723404,0.16595744680851063,0.1148936170212766,0.17446808510638298,0.10638297872340426,0.43829787234042555,0.7191489361702128,0.3702127659574468,0.34893617021276596,0.6721340425531915,0.16813617021276597,0.034486382978723404,0.035134893617021275,0.0901063829787234,0.08339106382978724,0.7643289361702128,0.1522808510638298,0.06888978723404256
2023-12-23,0.12,0.3511111111111111,0.06222222222222222,0.12,0.20444444444444446,0.14222222222222222,0.12,0.5111111111111111,0.9644444444444444,0.3111111111111111,0.6533333333333333,0.6343884444444445,0.20341377777777778,0.03472888888888889,0.032938666666666665,0.09453511111111113,0.12359244444444444,0.7191884444444444,0.15722444444444444,0.033631999999999995
2023-12-24,0.1625,0.32083333333333336,0.029166666666666667,0.14583333333333334,0.175,0.15416666666666667,0.13333333333333333,0.48333333333333334,0.9083333333333333,0.31666666666666665,0.5916666666666667,0.6473370833333333,0.18587416666666667,0.034514583333333335,0.03559291666666667,0.09668583333333333,0.10015083333333334,0.7835158333333333,0.11633208333333332,0.016181249999999998
2023-12-25,0.17467248908296942,0.314410480349345,0.08296943231441048,0.20087336244541484,0.15283842794759825,0.2183406113537118,0.08733624454148471,0.3624454148471616,0.7030567685589519,0.34934497816593885,0.3537117903930131,0.6128969432314411,0.21361441048034935,0.04350829694323144,0.03393886462882096,0.09603755458515284,0.12299082969432314,0.7367698689956332,0.1402414847161572,0.01725065502183406
2023-12-26,0.16733067729083664,0.3745019920318725,0.055776892430278883,0.21912350597609562,0.17928286852589642,0.12350597609561753,0.11553784860557768,0.2948207171314741,0.6294820717131474,0.41832669322709165,0.21115537848605578,0.607488844621514,0.2408617529880478,0.034213147410358566,0.03283147410358566,0.08461394422310757,0.20921633466135459,0.6083374501992032,0.18244820717131474,-0.02676812749003984
2023-12-27,0.10242587601078167,0.3638814016172507,0.05660377358490566,0.1509433962264151,0.1347708894878706,0.1347708894878706,0.09703504043126684,0.42048517520215634,0.784366576819407,0.3477088948787062,0.4366576819407008,0.6753167115902965,0.17919649595687331,0.03334177897574124,0.031798921832884096,0.08034339622641509,0.15058274932614554,0.6543288409703504,0.19508517520215632,0.04450242587601078
2023-12-28,0.13666666666666666,0.3566666666666667,0.06666666666666667,0.20333333333333334,0.2,0.13333333333333333,0.1,0.42,0.8533333333333334,0.35,0.5033333333333333,0.645907,0.19997800000000002,0.04094833333333333,0.037019333333333335,0.07614,0.12852,0.718099,0.153384,0.024864
2023-12-29,0.1678082191780822,0.3801369863013699,0.07876712328767123,0.18493150684931506,0.19863013698630136,0.1952054794520548,0.10273972602739725,0.5376712328767124,0.9417808219178082,0.3698630136986301,0.571917808219178,0.6407924657534246,0.17785924657534247,0.04210821917808219,0.038769863013698634,0.10047157534246576,0.12413321917808218,0.6953530821917808,0.18051130136986301,0.056378082191780816
2023-12-30,0.15789473684210525,0.3538011695906433,0.07017543859649122,0.18421052631578946,0.18421052631578946,0.13157894736842105,0.14327485380116958,0.4298245614035088,0.8391812865497076,0.37719298245614036,0.4619883040935672,0.6153397660818714,0.1878733918128655,0.04438362573099415,0.04392134502923977,0.10848011695906433,0.1333076023391813,0.7001046783625731,0.1665842105263158,0.0332766081871345
2023-12-31,0.1553030303030303,0.4015151515151515,0.06818181818181818,0.14015151515151514,0.20833333333333334,0.14015151515151514,0.14772727272727273,0.4696969696969697,0.9166666666666666,0.44696969696969696,0.4696969696969697,0.624969696969697,0.21439962121212122,0.044734090909090904,0.033170454545454545,0.0827280303030303,0.11867765151515151,0.7436159090909091,0.1377064393939394,0.019028787878787878
2024-01-01,0.09322033898305085,0.3771186440677966,0.07627118644067797,0.1271186440677966,0.25,0.13559322033898305,0.1483050847457627,0.6483050847457628,1.2161016949152543,0.3559322033898305,0.8601694915254238,0.6556622881355932,0.1842728813559322,0.037563559322033896,0.03910635593220339,0.08339364406779662,0.11815296610169491,0.7481677966101695,0.1336822033898305,0.015529237288135593
2024-01-02,0.10900473933649289,0.3175355450236967,0.023696682464454975,0.16113744075829384,0.10900473933649289,0.13270142180094788,0.07109004739336493,0.3886255924170616,0.7867298578199052,0.36018957345971564,0.4265402843601896,0.6417834123222749,0.211878672985782,0.03403649289099526,0.031038862559241705,0.08125734597156398,0.18683222748815165,0.5893587677725118,0.22381090047393365,0.036978672985781995
2024-01-03,0.13178294573643412,0.3333333333333333,0.046511627906976744,0.20155038759689922,0.24806201550387597,0.13178294573643412,0.08527131782945736,0.46511627906976744,1.1007751937984496,0.3333333333333333,0.7674418604651163,0.7181426356589147,0.13917054263565892,0.035171317829457364,0.029290697674418602,0.07822558139534883,0.10831007751937984,0.7744751937984496,0.11722790697674419,0.00891782945736434
2024-01-04,0.16,0.2577777777777778,0.06666666666666667,0.2311111111111111,0.1688888888888889,0.21333333333333335,0.13333333333333333,0.43555555555555553,0.8933333333333333,0.4177777777777778,0.47555555555555556,0.6081253333333334,0.22283155555555553,0.036677777777777774,0.04405155555555555,0.08831866666666667,0.18228177777777776,0.5760457777777778,0.24167333333333332,0.05939155555555555
2024-01-05,0.20812182741116753,0.3401015228426396,0.07614213197969544,0.27918781725888325,0.14720812182741116,0.26903553299492383,0.1218274111675127,0.41624365482233505,1.0406091370558375,0.5634517766497462,0.47715736040609136,0.6377842639593909,0.21883045685279187,0.04179746192893401,0.034847208121827414,0.06674416243654822,0.1982472081218274,0.6465934010152284,0.15516497461928933,-0.04308223350253807
2024-01-06,0.1503267973856209,0.42483660130718953,0.11764705882352941,0.1830065359477124,0.16993464052287582,0.13071895424836602,0.1830065359477124,0.5816993464052288,1.0,0.45751633986928103,0.5424836601307189,0.5987450980392157,0.20736470588235295,0.03398169934640523,0.042869934640522876,0.11703464052287581,0.1285732026143791,0.7035745098039216,0.16784901960784315,0.03927581699346405
2024-01-07,0.16342412451361868,0.4669260700389105,0.08560311284046693,0.1517509727626459,0.26848249027237353,0.13229571984435798,0.19844357976653695,0.6575875486381323,1.3424124513618676,0.3657587548638132,0.9766536964980544,0.6499482490272374,0.1571988326848249,0.028512451361867704,0.0493875486381323,0.11495564202334631,0.08511050583657588,0.7167727626459144,0.19811945525291827,0.1130089494163424
2024-01-08,0.17892156862745098,0.4681372549019608,0.07598039215686274,0.24754901960784315,0.1715686274509804,0.12745098039215685,0.1053921568627451,0.5441176470588235,1.0808823529411764,0.4068627450980392,0.6740196078431373,0.7082558823529411,0.14514387254901961,0.03112549019607843,0.04397205882352941,0.07150196078431373,0.13913823529411765,0.6478080882352941,0.21305392156862746,0.0739156862745098
2024-01-09,0.1504424778761062,0.3421828908554572,0.06489675516224189,0.1887905604719764,0.14454277286135694,0.0943952802359882,0.15339233038348082,0.5752212389380531,0.8820058997050148,0.3333333333333333,0.5486725663716814,0.6907309734513275,0.15526106194690265,0.03155486725663717,0.038386725663716814,0.08405929203539823,0.1609203539823009,0.6155300884955752,0.22354542772861355,0.06262507374631268
2024-01-10,0.1624548736462094,0.516245487364621,0.07942238267148015,0.23465703971119134,0.20216606498194944,0.13357400722021662,0.1552346570397112,0.49458483754512633,0.9602888086642599,0.38267148014440433,0.5776173285198556,0.6742054151624548,0.15536245487364622,0.03444620938628159,0.03908844765342961,0.09689530685920578,0.19968303249097472,0.6089602888086643,0.19136281588447654,-0.008320216606498194
2024-01-11,0.2376237623762376,0.43564356435643564,0.07590759075907591,0.3465346534653465,0.16831683168316833,0.2376237623762376,0.10891089108910891,0.504950495049505,0.966996699669967,0.5478547854785478,0.41914191419141916,0.6294465346534653,0.21671320132013203,0.03562409240924092,0.034714521452145215,0.0835013201320132,0.14315082508250823,0.6682435643564356,0.1886039603960396,0.04545313531353136
2024-01-12,0.18487394957983194,0.36554621848739494,0.10084033613445378,0.19747899159663865,0.18067226890756302,0.1722689075630252,0.12184873949579832,0.5462184873949579,1.050420168067227,0.41596638655462187,0.634453781512605,0.6467071428571429,0.18169873949579832,0.03768319327731093,0.04208319327731093,0.09183403361344537,0.16542058823529412,0.6339525210084033,0.20062899159663863,0.03520840336134454
2024-01-13,0.1895424836601307,0.49673202614379086,0.05228758169934641,0.1437908496732026,0.21568627450980393,0.16993464052287582,0.11764705882352941,0.5751633986928104,1.1895424836601307,0.41830065359477125,0.7712418300653595,0.640654248366013,0.20624640522875817,0.03983790849673203,0.036823529411764706,0.0764359477124183,0.10945816993464053,0.6995823529411765,0.19095882352941176,0.08150065359477124
2024-01-14,0.18421052631578946,0.3881578947368421,0.07894736842105263,0.14473684210526316,0.16447368421052633,0.17105263157894737,0.125,0.6118421052631579,1.0723684210526316,0.40131578947368424,0.6710526315789473,0.6619796052631579,0.1795467105263158,0.03919078947368421,0.032176315789473685,0.08709671052631579,0.1035,0.7739434210526316,0.12255394736842105,0.01905394736842105
2024-01-15,0.08403361344537816,0.3025210084033613,0.058823529411764705,0.17647058823529413,0.14285714285714285,0.05042016806722689,0.07563025210084033,0.3277310924369748,0.7815126050420168,0.3025210084033613,0.4789915966386555,0.6031327731092437,0.19515546218487395,0.04087310924369748,0.0587781512605042,0.10205882352941176,0.07370588235294116,0.7452344537815127,0.1810613445378151,0.10735546218487395
2024-01-16,0.13227513227513227,0.4973544973544973,0.0873015873015873,0.2619047619047619,0.25132275132275134,0.18253968253968253,0.12962962962962962,0.6190476190476191,1.119047619047619,0.4444444444444444,0.6746031746031746,0.619899470899471,0.17944338624338624,0.02969232804232804,0.05400978835978836,0.1169457671957672,0.16206402116402116,0.5890330687830688,0.24890396825396827,0.08683994708994708
2024-01-17,0.17041800643086816,0.5273311897106109,0.06752411575562701,0.17363344051446947,0.15755627009646303,0.12540192926045016,0.15434083601286175,0.47266881028938906,0.9292604501607717,0.3858520900321543,0.5434083601286174,0.6628604501607717,0.16340225080385853,0.03066881028938907,0.04713183279742765,0.09593344051446945,0.16354469453376205,0.6211826366559486,0.21526881028938907,0.051724115755627006
2024-01-18,0.17094017094017094,0.3817663817663818,0.07692307692307693,0.1225071225071225,0.16524216524216523,0.1225071225071225,0.13675213675213677,0.4843304843304843,0.8717948717948718,0.3418803418803419,0.5299145299145299,0.6529860398860399,0.18596467236467237,0.03418860398860399,0.035424216524216526,0.09143960113960115,0.1193934472934473,0.691265527065527,0.18934131054131054,0.06994786324786324
2024-01-19,0.16715542521994134,0.44868035190615835,0.07038123167155426,0.1935483870967742,0.15542521994134897,0.1906158357771261,0.11730205278592376,0.4574780058651026,0.8533724340175953,0.4281524926686217,0.4252199413489736,0.6207448680351907,0.21466451612903223,0.040359824046920824,0.03667859237536657,0.08755337243401759,0.15900733137829912,0.6706073313782991,0.17038680351906157,0.011379472140762462
2024-01-20,0.12140575079872204,0.4057507987220447,0.07348242811501597,0.15654952076677317,0.2012779552715655,0.14376996805111822,0.1597444089456869,0.5654952076677316,0.9776357827476039,0.3993610223642173,0.5782747603833865,0.6070492012779554,0.22798977635782747,0.038412460063897765,0.03536070287539936,0.09118402555910543,0.13056453674121407,0.7082766773162938,0.161155910543131,0.030591373801916937
2024-01-21,0.17803030303030304,0.3409090909090909,0.06439393939393939,0.16287878787878787,0.125,0.16287878787878787,0.09848484848484848,0.35984848484848486,0.6666666666666666,0.35984848484848486,0.3068181818181818,0.6357340909090909,0.2015003787878788,0.04646363636363637,0.029601515151515153,0.08670454545454545,0.12214772727272727,0.7355882575757576,0.14226439393939394,0.020116666666666668
2024-01-22,0.12130177514792899,0.4349112426035503,0.06804733727810651,0.15384615384615385,0.22781065088757396,0.14497041420118342,0.19230769230769232,0.4467455621301775,0.8017751479289941,0.40828402366863903,0.39349112426035504,0.655598224852071,0.17738550295857988,0.039189053254437875,0.03532041420118343,0.09250207100591716,0.11357988165680473,0.72181775147929,0.1645973372781065,0.05101745562130178
2024-01-23,0.14080459770114942,0.3735632183908046,0.08045977011494253,0.21264367816091953,0.15804597701149425,0.1724137931034483,0.12931034482758622,0.5316091954022989,1.0517241379310345,0.3879310344827586,0.6637931034482759,0.626028735632184,0.19211867816091951,0.029817528735632183,0.044128735632183905,0.10790660919540229,0.15139597701149426,0.5973172413793103,0.2512896551724138,0.09989367816091954
2024-01-24,0.08008658008658008,0.41125541125541126,0.06493506493506493,0.1277056277056277,0.1471861471861472,0.12121212121212122,0.1038961038961039,0.4004329004329004,0.7142857142857143,0.2943722943722944,0.4199134199134199,0.6793383116883117,0.15711233766233765,0.0329443722943723,0.03904025974025974,0.09156558441558442,0.12488138528138529,0.6630573593073593,0.21206125541125542,0.08717987012987014
2024-01-25,0.1566579634464752,0.4151436031331593,0.04960835509138381,0.15404699738903394,0.17232375979112272,0.14360313315926893,0.12532637075718014,0.3733681462140992,0.7728459530026109,0.39425587467362927,0.3785900783289817,0.6482595300261097,0.18103707571801567,0.03169086161879896,0.03671331592689295,0.10229738903394257,0.16801827676240208,0.6295125326370757,0.20247127937336815,0.03445300261096606
2024-01-26,0.19480519480519481,0.4025974025974026,0.06926406926406926,0.18614718614718614,0.1645021645021645,0.17316017316017315,0.06493506493506493,0.3852813852813853,0.7575757575757576,0.4329004329004329,0.3246753246753247,0.5809471861471862,0.2389731601731602,0.04396926406926407,0.03640259740259741,0.09970389610389611,0.2271792207792208,0.5652151515151514,0.2076064935064935,-0.019572727272727273
2024-01-27,0.1878453038674033,0.26519337016574585,0.08839779005524862,0.16574585635359115,0.1270718232044199,0.11602209944751381,0.07734806629834254,0.3812154696132597,0.6519337016574586,0.281767955801105,0.3701657458563536,0.6953281767955801,0.15260497237569062,0.037792265193370166,0.035735911602209944,0.07854309392265194,0.10378729281767955,0.7774077348066298,0.11880718232044199,0.015019889502762432
2024-01-28,0.13438735177865613,0.3438735177865613,0.08695652173913043,0.17786561264822134,0.18972332015810275,0.16205533596837945,0.1422924901185771,0.4505928853754941,0.9130434782608695,0.3675889328063241,0.5454545454545454,0.6386450592885375,0.1942727272727273,0.03838221343873518,0.033812648221343874,0.09489367588932805,0.10419920948616601,0.7547162055335968,0.14108181818181817,0.03688260869565218
2024-01-29,0.12804878048780488,0.3597560975609756,0.07926829268292683,0.2073170731707317,0.18292682926829268,0.18597560975609756,0.10365853658536585,0.551829268292683,0.9725609756097561,0.4054878048780488,0.5670731707317073,0.5868253048780487,0.21505213414634144,0.04619481707317073,0.04708506097560975,0.10484725609756097,0.13546798780487807,0.6557731707317074,0.20876310975609755,0.07329512195121951
2024-01-30,0.15608465608465608,0.32275132275132273,0.05291005291005291,0.164021164021164,0.1455026455026455,0.12169312169312169,0.09259259259259259,0.3915343915343915,0.701058201058201,0.36243386243386244,0.3386243386243386,0.6557343915343916,0.18978624338624336,0.03693677248677248,0.03477989417989418,0.08276349206349207,0.18356851851851855,0.6197851851851851,0.19664867724867727,0.01308015873015873
2024-01-31,0.19090909090909092,0.42727272727272725,0.08409090909090909,0.2318181818181818,0.16136363636363638,0.18181818181818182,0.11136363636363636,0.4636363636363636,0.8636363636363636,0.43863636363636366,0.425,0.5970988636363637,0.21760318181818183,0.04166227272727272,0.04119090909090909,0.10244681818181818,0.2002759090909091,0.5619686363636364,0.23775386363636364,0.03747795454545455
2024-02-01,0.13777777777777778,0.3333333333333333,0.05333333333333334,0.16,0.14666666666666667,0.1511111111111111,0.07111111111111111,0.4177777777777778,0.88,0.3244444444444444,0.5555555555555556,0.7018715555555556,0.1586831111111111,0.025408,0.03568933333333334,0.07834133333333333,0.12902444444444444,0.7027271111111111,0.1682488888888889,0.039224444444444444
2024-02-02,0.17313432835820897,0.34626865671641793,0.06865671641791045,0.16716417910447762,0.17313432835820897,0.11641791044776119,0.08656716417910448,0.4626865671641791,0.764179104477612,0.31044776119402984,0.4537313432835821,0.6268319402985074,0.20036597014925375,0.030435820895522388,0.03451044776119403,0.10785910447761195,0.18187432835820896,0.5703937313432835,0.2477241791044776,0.06584985074626866
2024-02-03,0.10256410256410256,0.3269230769230769,0.02564102564102564,0.1346153846153846,0.20512820512820512,0.16025641025641027,0.10256410256410256,0.46794871794871795,0.7948717948717948,0.34615384615384615,0.44871794871794873,0.6590352564102564,0.1568448717948718,0.03264551282051282,0.049933333333333337,0.10153269230769231,0.11541346153846153,0.7287333333333333,0.1558429487179487,0.04042948717948718
2024-02-04,0.1875,0.5,0.0673076923076923,0.125,0.1971153846153846,0.1201923076923077,0.18269230769230768,0.4326923076923077,0.8317307692307693,0.41346153846153844,0.4182692307692308,0.5839764423076923,0.2291625,0.02981201923076923,0.03145913461538462,0.1255908653846154,0.10363653846153846,0.7707427884615385,0.12562259615384616,0.021986057692307694
2024-02-05,0.2,0.4,0.07804878048780488,0.1951219512195122,0.16097560975609757,0.16097560975609757,0.09268292682926829,0.47317073170731705,0.9512195121951219,0.375609756097561,0.5756097560975609,0.6664639024390244,0.18050975609756098,0.03882439024390244,0.033212682926829266,0.08098731707317072,0.11086926829268293,0.7299985365853658,0.15913219512195123,0.0482629268292683
2024-02-06,0.16666666666666666,0.46111111111111114,0.03333333333333333,0.12222222222222222,0.2,0.09444444444444444,0.08333333333333333,0.5222222222222223,0.8777777777777778,0.3277777777777778,0.55,0.6934916666666667,0.13698944444444444,0.030336666666666668,0.04467166666666667,0.09451166666666667,0.09545444444444444,0.7445494444444445,0.15999333333333332,0.0645388888888889
2024-02-07,0.15163934426229508,0.38934426229508196,0.04918032786885246,0.10245901639344263,0.16393442622950818,0.10655737704918032,0.10245901639344263,0.4262295081967213,0.860655737704918,0.3442622950819672,0.5163934426229508,0.6844766393442623,0.16195860655737704,0.02829426229508197,0.042410655737704916,0.08285327868852459,0.10206065573770491,0.7171118852459016,0.18082704918032788,0.07876639344262296
2024-02-08,0.09770114942528736,0.2988505747126437,0.040229885057471264,0.09195402298850575,0.15517241379310345,0.09770114942528736,0.05172413793103448,0.3735632183908046,0.8793103448275862,0.2413793103448276,0.6379310344827587,0.6793385057471264,0.14645344827586207,0.03664425287356322,0.04968563218390805,0.08788045977011494,0.10912931034482758,0.6733816091954024,0.2174890804597701,0.10835977011494254
2024-02-09,0.13829787234042554,0.4175531914893617,0.07180851063829788,0.13297872340425532,0.22074468085106383,0.1622340425531915,0.10638297872340426,0.5718085106382979,1.0292553191489362,0.5292553191489362,0.5,0.6692606382978723,0.15152420212765957,0.03514601063829787,0.043611436170212764,0.10046143617021276,0.11708164893617021,0.7036864361702128,0.17923351063829787,0.06215186170212766
2024-02-10,0.14516129032258066,0.39919354838709675,0.06048387096774194,0.16129032258064516,0.22983870967741934,0.1532258064516129,0.14112903225806453,0.4274193548387097,1.1370967741935485,0.3951612903225806,0.7419354838709677,0.6638181451612903,0.17421209677419355,0.03194112903225806,0.0427516129032258,0.08727459677419354,0.09425564516129031,0.7176491935483871,0.1880883064516129,0.09383266129032257
2024-02-11,0.20765027322404372,0.45901639344262296,0.08196721311475409,0.17486338797814208,0.20765027322404372,0.1366120218579235,0.12568306010928962,0.5191256830601093,1.0601092896174864,0.4098360655737705,0.6502732240437158,0.6828054644808743,0.16308907103825135,0.04160546448087432,0.03745846994535519,0.07504754098360657,0.11124262295081966,0.7532792349726776,0.13547868852459016,0.02423606557377049
2024-02-12,0.21283783783783783,0.3108108108108108,0.125,0.22297297297297297,0.14864864864864866,0.19256756756756757,0.10810810810810811,0.49324324324324326,0.8885135135135135,0.46621621621621623,0.4222972972972973,0.6816726351351352,0.15412027027027025,0.037515540540540536,0.036054054054054055,0.09063783783783784,0.14397871621621622,0.6897182432432433,0.16630405405405405,0.022325337837837838
2024-02-13,0.20376175548589343,0.4200626959247649,0.08463949843260188,0.19435736677115986,0.21316614420062696,0.15673981191222572,0.11912225705329153,0.445141065830721,0.8307210031347962,0.4263322884012539,0.4043887147335423,0.6221808777429467,0.17984326018808777,0.04692131661442006,0.041640438871473354,0.10941191222570533,0.1638115987460815,0.6854122257053291,0.15077617554858935,-0.013035423197492162
2024-02-14,0.21455938697318008,0.34099616858237547,0.07279693486590039,0.2222222222222222,0.20689655172413793,0.14942528735632185,0.08812260536398467,0.5517241379310345,0.9157088122605364,0.36398467432950193,0.5517241379310345,0.6362429118773947,0.19415900383141763,0.03573869731800766,0.03874099616858238,0.09511034482758621,0.15656436781609195,0.7042896551724138,0.13914904214559387,-0.017415325670498083
2024-02-15,0.15634218289085547,0.3421828908554572,0.07079646017699115,0.1504424778761062,0.17994100294985252,0.14749262536873156,0.11799410029498525,0.5162241887905604,0.8141592920353983,0.3303834808259587,0.4837758112094395,0.6333241887905605,0.20529498525073747,0.043978171091445424,0.0348212389380531,0.08258702064896756,0.10982595870206491,0.7244852507374632,0.1656867256637168,0.05586076696165191
2024-02-16,0.1111111111111111,0.38011695906432746,0.07602339181286549,0.1608187134502924,0.21637426900584794,0.16374269005847952,0.1111111111111111,0.4649122807017544,0.8070175438596491,0.34502923976608185,0.4619883040935672,0.6130888888888889,0.21883362573099416,0.04586228070175439,0.03588684210526316,0.08633011695906433,0.16273362573099415,0.7216988304093567,0.11556491228070176,-0.0471687134502924
2024-02-17,0.1828793774319066,0.4163424124513619,0.0311284046692607,0.1517509727626459,0.17509727626459143,0.13618677042801555,0.07003891050583658,0.3968871595330739,0.6614785992217899,0.46303501945525294,0.19844357976653695,0.637991439688716,0.20901906614785992,0.03290972762645915,0.034865369649805446,0.08521984435797665,0.11341634241245135,0.7365793774319067,0.1500066147859922,0.03659027237354086
2024-02-18,0.18974358974358974,0.4307692307692308,0.07692307692307693,0.19487179487179487,0.16923076923076924,0.1282051282051282,0.13333333333333333,0.3487179487179487,0.8102564102564103,0.3641025641025641,0.4461538461538462,0.6663317948717948,0.1915225641025641,0.037059487179487184,0.031428717948717946,0.07366153846153846,0.1265830769230769,0.7349646153846153,0.13844564102564103,0.011862564102564104
2024-02-19,0.12203389830508475,0.3152542372881356,0.10847457627118644,0.15593220338983052,0.1423728813559322,0.1694915254237288,0.13220338983050847,0.4067796610169492,0.8338983050847457,0.4101694915254237,0.423728813559322,0.6656969491525423,0.16908067796610168,0.03570271186440678,0.04165864406779661,0.0878528813559322,0.09837118644067797,0.7441108474576271,0.1575206779661017,0.05914949152542373
2024-02-20,0.1422924901185771,0.308300395256917,0.08695652173913043,0.15019762845849802,0.11067193675889328,0.17786561264822134,0.13043478260869565,0.3794466403162055,0.7549407114624506,0.36363636363636365,0.391304347826087,0.6676260869565218,0.17192727272727273,0.02710474308300395,0.0359098814229249,0.09743083003952568,0.12047351778656126,0.740201976284585,0.13932569169960474,0.018852173913043477
2024-02-21,0.125,0.4034090909090909,0.054924242424242424,0.1534090909090909,0.1856060606060606,0.13825757575757575,0.10984848484848485,0.5,0.9375,0.3465909090909091,0.5909090909090909,0.670198106060606,0.15668371212121213,0.03339412878787879,0.041044696969696974,0.09867537878787878,0.1357039772727273,0.6000155303030303,0.2642780303030303,0.12857405303030303
2024-02-22,0.13529411764705881,0.42745098039215684,0.060784313725490195,0.12352941176470589,0.18627450980392157,0.1,0.14705882352941177,0.5098039215686274,0.8509803921568627,0.3411764705882353,0.5098039215686274,0.6326333333333333,0.1932886274509804,0.04665,0.04230784313725491,0.08512411764705882,0.14423960784313727,0.6530974509803922,0.20266352941176471,0.05842392156862745
2024-02-23,0.168,0.4416,0.0896,0.192,0.1952,0.1696,0.1456,0.4704,0.8976,0.3776,0.52,0.6260720000000001,0.17858224,0.040813600000000005,0.046474720000000004,0.10805632000000001,0.1239416,0.68093008,0.19513104,0.07118944
2024-02-24,0.13609467455621302,0.363905325443787,0.05621301775147929,0.1804733727810651,0.17455621301775148,0.16863905325443787,0.11242603550295859,0.3816568047337278,0.7514792899408284,0.35502958579881655,0.39644970414201186,0.5985233727810652,0.2189147928994083,0.045114497041420114,0.037721597633136095,0.09972307692307693,0.13453136094674556,0.7339085798816568,0.13156360946745563,-0.0029677514792899417
2024-02-25,0.11801242236024845,0.3944099378881988,0.06521739130434782,0.14285714285714285,0.2546583850931677,0.12732919254658384,0.13043478260869565,0.5807453416149069,1.2080745341614907,0.2857142857142857,0.922360248447205,0.6403863354037267,0.18610062111801243,0.03832857142857143,0.039243167701863355,0.09594099378881987,0.08498571428571429,0.73607950310559,0.17893571428571428,0.09394999999999999
2024-02-26,0.12561576354679804,0.3399014778325123,0.06403940886699508,0.19950738916256158,0.1724137931034483,0.2019704433497537,0.11330049261083744,0.4408866995073892,0.7536945812807881,0.3916256157635468,0.3620689655172414,0.637316748768473,0.20243694581280788,0.03969802955665025,0.03852192118226601,0.08202586206896552,0.13947068965517243,0.70945,0.15107758620689654,0.011606896551724139
2024-02-27,0.1298342541436464,0.3674033149171271,0.07458563535911603,0.17955801104972377,0.20165745856353592,0.143646408839779,0.12430939226519337,0.3812154696132597,0.7790055248618785,0.39226519337016574,0.3867403314917127,0.6129190607734807,0.21140828729281766,0.04855911602209945,0.03473839779005525,0.0923756906077348,0.15328922651933702,0.7167638121546962,0.12994475138121547,-0.023344475138121545
2024-02-28,0.17261904761904762,0.3005952380952381,0.08035714285714286,0.21726190476190477,0.1488095238095238,0.1488095238095238,0.13988095238095238,0.43154761904761907,0.8392857142857143,0.37797619047619047,0.46130952380952384,0.6115166666666666,0.21708125,0.03784345238095238,0.04228065476190476,0.09127767857142857,0.15280089285714285,0.6720282738095238,0.1751654761904762,0.022364583333333334
2024-02-29,0.1092436974789916,0.27310924369747897,0.07563025210084033,0.13445378151260504,0.14705882352941177,0.10504201680672269,0.10504201680672269,0.3907563025210084,0.8235294117647058,0.3025210084033613,0.5210084033613446,0.6654827731092436,0.18011974789915966,0.03714033613445378,0.0399390756302521,0.0773281512605042,0.11937605042016806,0.7529054621848739,0.12771932773109243,0.00834327731092437
2024-03-01,0.16205533596837945,0.3675889328063241,0.03557312252964427,0.11067193675889328,0.16205533596837945,0.11857707509881422,0.10276679841897234,0.43873517786561267,0.924901185770751,0.32806324110671936,0.5968379446640316,0.6562521739130435,0.1597885375494071,0.037058498023715414,0.048603557312252965,0.09829644268774704,0.09710790513833992,0.7719083003952569,0.13098893280632412,0.03388102766798419
2024-03-02,0.08695652173913043,0.2318840579710145,0.050724637681159424,0.14492753623188406,0.16666666666666666,0.07971014492753623,0.11594202898550725,0.38405797101449274,0.6014492753623188,0.3333333333333333,0.26811594202898553,0.6346007246376811,0.18388695652173914,0.03841521739130435,0.04062826086956522,0.10247246376811595,0.11746014492753622,0.7389942028985508,0.1435391304347826,0.026078985507246376
2024-03-03,0.1796116504854369,0.5728155339805825,0.06796116504854369,0.2087378640776699,0.35436893203883496,0.20388349514563106,0.17475728155339806,0.6747572815533981,1.2864077669902914,0.4029126213592233,0.883495145631068,0.590254854368932,0.19232184466019417,0.03815582524271845,0.0489247572815534,0.1303504854368932,0.10571941747572815,0.765597572815534,0.12868300970873786,0.02296359223300971
2024-03-04,0.17518248175182483,0.3722627737226277,0.072992700729927,0.18248175182481752,0.1897810218978102,0.20437956204379562,0.12408759124087591,0.44525547445255476,0.9635036496350365,0.48175182481751827,0.48175182481751827,0.6283635036496351,0.18977372262773723,0.0410029197080292,0.0501992700729927,0.09066204379562044,0.12252481751824816,0.6787905109489051,0.198685401459854,0.07616058394160585
2024-03-05,0.18502202643171806,0.4185022026431718,0.07048458149779736,0.21145374449339208,0.15418502202643172,0.12334801762114538,0.09691629955947137,0.4977973568281938,0.8105726872246696,0.3876651982378855,0.42290748898678415,0.6487744493392071,0.17926784140969165,0.03938061674008811,0.039867841409691636,0.09270528634361233,0.13951321585903084,0.6943969162995595,0.16609162995594712,0.026578414096916303
2024-03-06,0.14728682170542637,0.32558139534883723,0.023255813953488372,0.13953488372093023,0.15503875968992248,0.08527131782945736,0.12403100775193798,0.40310077519379844,0.7751937984496124,0.27906976744186046,0.49612403100775193,0.6323178294573644,0.1954046511627907,0.03466434108527132,0.03259302325581396,0.10502015503875968,0.15743720930232558,0.7193248062015504,0.12323875968992248,-0.0341984496124031
2024-03-07,0.12149532710280374,0.4953271028037383,0.06230529595015576,0.1838006230529595,0.24610591900311526,0.13707165109034267,0.12461059190031153,0.719626168224299,1.1651090342679127,0.40186915887850466,0.7632398753894081,0.6893348909657321,0.1444828660436137,0.031980996884735206,0.04884299065420561,0.0853576323987539,0.15485545171339563,0.6193323987538941,0.22581339563862926,0.07095794392523365
2024-03-08,0.22535211267605634,0.39436619718309857,0.107981220657277,0.215962441314554,0.18309859154929578,0.19248826291079812,0.15023474178403756,0.4413145539906103,0.6995305164319249,0.4225352112676056,0.27699530516431925,0.6518544600938967,0.19204131455399062,0.04740469483568076,0.03914366197183099,0.06956009389671361,0.1425887323943662,0.7392483568075118,0.11816103286384975,-0.024427699530516434
2024-03-09,0.18471337579617833,0.3630573248407643,0.03184713375796178,0.12738853503184713,0.19745222929936307,0.050955414012738856,0.12101910828025478,0.4012738853503185,0.7898089171974523,0.3630573248407643,0.4267515923566879,0.6818165605095541,0.1589299363057325,0.03209044585987261,0.03906624203821656,0.08810382165605096,0.11760509554140126,0.7090019108280254,0.17339299363057326,0.05578789808917198
2024-03-10,0.13496932515337423,0.3312883435582822,0.04294478527607362,0.17177914110429449,0.1656441717791411,0.17791411042944785,0.09202453987730061,0.4049079754601227,0.7423312883435583,0.44785276073619634,0.294478527607362,0.6988809815950919,0.16503312883435584,0.042608588957055216,0.03633128834355828,0.057142331288343555,0.12598588957055215,0.7573993865030675,0.11661349693251533,-0.00937239263803681
2024-03-11,0.17475728155339806,0.3786407766990291,0.0970873786407767,0.1553398058252427,0.18932038834951456,0.1650485436893204,0.13106796116504854,0.49029126213592233,0.9271844660194175,0.38349514563106796,0.5436893203883495,0.5926917475728155,0.20758203883495144,0.036698543689320386,0.05378009708737864,0.10924805825242719,0.11979223300970873,0.712771359223301,0.16743300970873787,0.04764077669902913
2024-03-12,0.12299465240641712,0.4304812834224599,0.05080213903743316,0.13101604278074866,0.20855614973262032,0.1711229946524064,0.11764705882352941,0.5855614973262032,0.9545454545454546,0.37433155080213903,0.5802139037433155,0.6412270053475936,0.17492593582887703,0.043508556149732626,0.05098048128342246,0.08936363636363635,0.17803556149732622,0.6691326203208556,0.15283288770053477,-0.02520267379679144
2024-03-13,0.1875,0.35,0.07083333333333333,0.15833333333333333,0.2,0.18333333333333332,0.13333333333333333,0.49583333333333335,0.9625,0.39166666666666666,0.5708333333333333,0.6928320833333333,0.16615,0.03817625,0.0379075,0.06494208333333333,0.14843083333333332,0.6914183333333334,0.16014625,0.011715416666666667
2024-03-14,0.11152416356877323,0.3680297397769517,0.07806691449814127,0.16728624535315986,0.241635687732342,0.18587360594795538,0.12639405204460966,0.4721189591078067,0.9814126394052045,0.3382899628252788,0.6431226765799256,0.6640055762081785,0.1697342007434944,0.04771672862453532,0.03802156133828996,0.08051970260223049,0.1209460966542751,0.7160773234200744,0.16297881040892193,0.042032713754646844
2024-03-15,0.12844036697247707,0.3211009174311927,0.07339449541284404,0.14678899082568808,0.1559633027522936,0.11926605504587157,0.08256880733944955,0.42201834862385323,0.8486238532110092,0.29357798165137616,0.555045871559633,0.6328866972477064,0.19808394495412843,0.0369651376146789,0.03677201834862385,0.09529311926605505,0.14671284403669724,0.6908532110091743,0.16243440366972475,0.01572155963302752
2024-03-16,0.1728395061728395,0.3395061728395062,0.09876543209876543,0.13580246913580246,0.12345679012345678,0.1419753086419753,0.08024691358024691,0.3765432098765432,0.7592592592592593,0.2962962962962963,0.46296296296296297,0.6547462962962963,0.17554012345679013,0.03589814814814815,0.035585185185185185,0.09823086419753085,0.0919962962962963,0.7718469135802469,0.13615802469135804,0.044161728395061724
2024-03-17,0.08888888888888889,0.3277777777777778,0.06666666666666667,0.15,0.17222222222222222,0.1388888888888889,0.1111111111111111,0.3388888888888889,0.8,0.2388888888888889,0.5611111111111111,0.6727461111111112,0.15595444444444445,0.029316666666666668,0.04099666666666667,0.10098333333333333,0.06986388888888889,0.7852277777777779,0.14490666666666668,0.07504277777777778
2024-03-18,0.10884353741496598,0.2755102040816326,0.0782312925170068,0.22789115646258504,0.14625850340136054,0.14965986394557823,0.08843537414965986,0.43537414965986393,0.8435374149659864,0.29591836734693877,0.5476190476190477,0.6505268707482993,0.17548571428571427,0.03284761904761905,0.03915442176870748,0.10198571428571428,0.0912329931972789,0.7280690476190477,0.18069659863945578,0.08946360544217687
2024-03-19,0.13819095477386933,0.39949748743718594,0.10804020100502512,0.19597989949748743,0.20100502512562815,0.18592964824120603,0.1407035175879397,0.4472361809045226,0.8994974874371859,0.33668341708542715,0.5628140703517588,0.6577836683417086,0.1572670854271357,0.03846155778894472,0.05930854271356784,0.08717738693467336,0.11410226130653267,0.6932291457286431,0.19267035175879396,0.0785680904522613
2024-03-20,0.1350210970464135,0.350210970464135,0.05063291139240506,0.12236286919831224,0.1308016877637131,0.0970464135021097,0.10126582278481013,0.4345991561181435,0.7383966244725738,0.3037974683544304,0.4345991561181435,0.699737552742616,0.1419704641350211,0.028900843881856538,0.03958438818565401,0.0898042194092827,0.09109704641350211,0.6939350210970464,0.21495949367088607,0.12386244725738396
2024-03-21,0.12087912087912088,0.3956043956043956,0.05860805860805861,0.14285714285714285,0.21245421245421245,0.15384615384615385,0.1282051282051282,0.4725274725274725,0.8461538461538461,0.326007326007326,0.5201465201465202,0.6855915750915751,0.14484285714285713,0.03808644688644689,0.044292673992673996,0.08717912087912089,0.10913992673992674,0.7200571428571428,0.1708018315018315,0.061661904761904765
2024-03-22,0.14285714285714285,0.28125,0.08035714285714286,0.18303571428571427,0.13392857142857142,0.15178571428571427,0.11607142857142858,0.4330357142857143,0.8482142857142857,0.29910714285714285,0.5491071428571429,0.6276794642857143,0.19823258928571427,0.04233660714285714,0.031399553571428575,0.10034866071428572,0.13289508928571428,0.7547357142857143,0.1123767857142857,-0.02051830357142857
2024-03-23,0.13524590163934427,0.4016393442622951,0.05327868852459016,0.14754098360655737,0.19262295081967212,0.1557377049180328,0.16393442622950818,0.5532786885245902,0.9959016393442623,0.3237704918032787,0.6721311475409836,0.6000668032786886,0.22511680327868852,0.04700819672131148,0.03583688524590164,0.09197909836065575,0.11380368852459016,0.7349602459016393,0.15123483606557378,0.03743114754098361
2024-03-24,0.14465408805031446,0.34591194968553457,0.03773584905660377,0.16981132075471697,0.14150943396226415,0.1289308176100629,0.11006289308176101,0.3584905660377358,0.7421383647798742,0.330188679245283,0.4119496855345912,0.6210374213836478,0.19319150943396227,0.042658176100628935,0.036314150943396226,0.10679496855345912,0.1213682389937107,0.7590971698113207,0.1195383647798742,-0.0018298742138364793
2024-03-25,0.047872340425531915,0.2872340425531915,0.05319148936170213,0.19148936170212766,0.1702127659574468,0.1276595744680851,0.06914893617021277,0.48404255319148937,0.7659574468085106,0.3404255319148936,0.425531914893617,0.6652329787234043,0.17759999999999998,0.033765425531914896,0.0323345744680851,0.09106968085106382,0.1604505319148936,0.7029345744680852,0.13662287234042553,-0.02382765957446809
2024-03-26,0.10652920962199312,0.3711340206185567,0.058419243986254296,0.140893470790378,0.16838487972508592,0.09278350515463918,0.10652920962199312,0.5979381443298969,1.0446735395189004,0.28865979381443296,0.7560137457044673,0.6822903780068729,0.15821786941580757,0.03863676975945017,0.03623161512027492,0.08462096219931271,0.08063780068728522,0.7474099656357388,0.17194879725085913,0.09131099656357389
2024-03-27,0.1474820143884892,0.3237410071942446,0.07553956834532374,0.2158273381294964,0.15827338129496402,0.11870503597122302,0.1366906474820144,0.4028776978417266,0.9100719424460432,0.33093525179856115,0.579136690647482,0.6431392086330935,0.19861762589928056,0.03814856115107913,0.0405205035971223,0.07957194244604317,0.1211589928057554,0.7157244604316546,0.16311474820143884,0.041955755395683456
2024-03-28,0.1864406779661017,0.4406779661016949,0.10847457627118644,0.29491525423728815,0.25084745762711863,0.2305084745762712,0.17288135593220338,0.6067796610169491,1.0847457627118644,0.5966101694915255,0.488135593220339,0.6229322033898305,0.21435627118644068,0.041143050847457625,0.03611220338983051,0.08546203389830509,0.17885050847457626,0.6489596610169491,0.1721894915254237,-0.006661016949152541
2024-03-29,0.1413427561837456,0.3498233215547703,0.0636042402826855,0.2049469964664311,0.18021201413427562,0.17314487632508835,0.14487632508833923,0.43462897526501765,0.8056537102473498,0.4275618374558304,0.37809187279151946,0.6183915194346289,0.20648127208480566,0.04799469964664311,0.037407420494699646,0.08972049469964664,0.138326148409894,0.6998303886925795,0.161839222614841,0.023513074204946995
2024-03-30,0.1064516129032258,0.25483870967741934,0.05161290322580645,0.11935483870967742,0.13548387096774195,0.11290322580645161,0.1064516129032258,0.4258064516129032,0.8354838709677419,0.27419354838709675,0.5612903225806452,0.6352258064516129,0.18834612903225809,0.04022,0.034185161290322584,0.1020158064516129,0.1064083870967742,0.7574235483870968,0.13616516129032258,0.02975677419354839
2024-03-31,0.08415841584158416,0.3069306930693069,0.07425742574257425,0.15841584158415842,0.15346534653465346,0.20297029702970298,0.11386138613861387,0.38613861386138615,0.7772277227722773,0.35148514851485146,0.42574257425742573,0.6298465346534653,0.21588465346534652,0.03701089108910891,0.03486089108910891,0.0823920792079208,0.10935841584158415,0.7732475247524753,0.11739801980198021,0.008039603960396038
2024-04-01,0.15141955835962145,0.42902208201892744,0.07255520504731862,0.1608832807570978,0.24290220820189273,0.14195583596214512,0.1167192429022082,0.7129337539432177,1.2050473186119874,0.47318611987381703,0.7318611987381703,0.6750801261829653,0.1622179810725552,0.03471545741324921,0.04145047318611987,0.08653406940063092,0.09553059936908517,0.722827760252366,0.18164731861198738,0.0861167192429022
2024-04-02,0.17964071856287425,0.31736526946107785,0.07784431137724551,0.17365269461077845,0.2215568862275449,0.17964071856287425,0.09580838323353294,0.48502994011976047,1.0239520958083832,0.3712574850299401,0.6526946107784432,0.6482532934131737,0.17915269461077843,0.03462395209580839,0.04640059880239521,0.09157065868263474,0.12125329341317366,0.7164287425149701,0.16232095808383232,0.041067664670658685
2024-04-03,0.3157894736842105,0.32748538011695905,0.07602339181286549,0.34502923976608185,0.18128654970760233,0.2631578947368421,0.21637426900584794,0.5497076023391813,0.8362573099415205,0.4269005847953216,0.4093567251461988,0.6356888888888889,0.18074152046783626,0.04648713450292398,0.04664502923976608,0.090446783625731,0.17126198830409356,0.6874461988304094,0.14129649122807017,-0.029965497076023393
2024-04-04,0.1962025316455696,0.569620253164557,0.06962025316455696,0.1962025316455696,0.23417721518987342,0.1518987341772152,0.17088607594936708,0.6582278481012658,1.2658227848101267,0.3987341772151899,0.8670886075949367,0.6609943037974684,0.1613645569620253,0.040312025316455696,0.04243101265822785,0.09490189873417722,0.14885443037974683,0.6704993670886076,0.18064430379746835,0.03178987341772152
2024-04-05,0.15315315315315314,0.35135135135135137,0.05405405405405406,0.21171171171171171,0.16216216216216217,0.16216216216216217,0.10810810810810811,0.5585585585585585,0.9819819819819819,0.4099099099099099,0.5720720720720721,0.6740117117117117,0.16523063063063062,0.03347027027027027,0.04208558558558559,0.08519774774774776,0.17643243243243242,0.6055243243243243,0.21804684684684683,0.041614414414414415
2024-04-06,0.06486486486486487,0.3783783783783784,0.05945945945945946,0.1945945945945946,0.1945945945945946,0.14054054054054055,0.07567567567567568,0.4702702702702703,0.8702702702702703,0.2864864864864865,0.5837837837837838,0.5901027027027027,0.21847189189189187,0.046897297297297295,0.049163783783783783,0.09537027027027027,0.09691621621621622,0.7317070270270271,0.17137675675675676,0.07446054054054053
2024-04-07,0.14601769911504425,0.35398230088495575,0.09734513274336283,0.1504424778761062,0.25663716814159293,0.15486725663716813,0.13274336283185842,0.49557522123893805,0.9336283185840708,0.3938053097345133,0.5398230088495575,0.623783628318584,0.19443008849557522,0.036577433628318584,0.044837610619469025,0.10037477876106195,0.09796946902654868,0.769046017699115,0.1329858407079646,0.03501637168141593
2024-04-08,0.1540880503144654,0.4308176100628931,0.11320754716981132,0.20754716981132076,0.1918238993710692,0.20125786163522014,0.12578616352201258,0.5251572327044025,0.9182389937106918,0.4559748427672956,0.46226415094339623,0.607135534591195,0.20457547169811324,0.045647169811320755,0.04504716981132076,0.09760534591194968,0.12967861635220126,0.6718871069182389,0.19842735849056603,0.06874874213836478
2024-04-09,0.09404388714733543,0.4482758620689655,0.06896551724137931,0.11285266457680251,0.2476489028213166,0.11285266457680251,0.12539184952978055,0.542319749216301,0.9498432601880877,0.29780564263322884,0.6520376175548589,0.6701310344827587,0.16074827586206897,0.0353037617554859,0.04258652037617555,0.09123040752351097,0.11157993730407524,0.7092905956112853,0.17913134796238245,0.0675514106583072
2024-04-10,0.144,0.356,0.084,0.212,0.136,0.18,0.08,0.4,0.844,0.352,0.492,0.6730552,0.17855959999999998,0.035642,0.0389736,0.073772,0.1500648,0.7167528,0.1331812,-0.0168836
2024-04-11,0.09022556390977443,0.4323308270676692,0.018796992481203006,0.14285714285714285,0.12781954887218044,0.09398496240601503,0.09774436090225563,0.38345864661654133,0.7969924812030075,0.3082706766917293,0.48872180451127817,0.6544462406015037,0.19053609022556392,0.035863533834586465,0.036511278195488724,0.08263947368421053,0.15978082706766916,0.7307917293233083,0.10942368421052631,-0.05035714285714286
2024-04-12,0.09090909090909091,0.36363636363636365,0.056818181818181816,0.11363636363636363,0.16477272727272727,0.13636363636363635,0.10227272727272728,0.42045454545454547,0.8409090909090909,0.3522727272727273,0.48863636363636365,0.7131659090909092,0.1332005681818182,0.036661931818181816,0.044877272727272724,0.07209204545454545,0.10842954545454546,0.7624142045454545,0.12915681818181818,0.02072727272727273
2024-04-13,0.0851063829787234,0.3404255319148936,0.0425531914893617,0.09929078014184398,0.14893617021276595,0.1347517730496454,0.0851063829787234,0.41843971631205673,0.6524822695035462,0.2978723404255319,0.3546099290780142,0.6725617021276595,0.16809503546099291,0.036541843971631204,0.036713475177304965,0.08608297872340426,0.1613872340425532,0.712504255319149,0.12610921985815604,-0.03527801418439716
2024-04-14,0.176,0.336,0.06,0.192,0.156,0.128,0.092,0.504,0.836,0.36,0.476,0.6434264000000001,0.1828868,0.0432996,0.0412588,0.0891276,0.1282896,0.7010516,0.1706584,0.0423688
2024-04-15,0.14092140921409213,0.43089430894308944,0.0921409214092141,0.17344173441734417,0.2086720867208672,0.1111111111111111,0.11382113821138211,0.5826558265582655,1.1761517615176151,0.45528455284552843,0.7208672086720868,0.6453728997289973,0.19821084010840107,0.03213468834688347,0.031146883468834687,0.0931360433604336,0.11305311653116532,0.6662894308943089,0.22065067750677508,0.10759756097560975
2024-04-16,0.12355212355212356,0.4015444015444015,0.04633204633204633,0.1274131274131274,0.14285714285714285,0.1583011583011583,0.09266409266409266,0.555984555984556,0.7606177606177607,0.444015444015444,0.3166023166023166,0.6530830115830116,0.18301196911196912,0.03665907335907336,0.05012200772200772,0.07712471042471043,0.12736370656370657,0.7111864864864865,0.16144826254826256,0.03408455598455599
2024-04-17,0.18618618618618618,0.3063063063063063,0.05105105105105105,0.23423423423423423,0.15315315315315314,0.18018018018018017,0.08108108108108109,0.42342342342342343,0.8138138138138138,0.42342342342342343,0.39039039039039036,0.6534471471471471,0.1960993993993994,0.03404564564564564,0.03908978978978979,0.07731681681681682,0.2160036036036036,0.5782,0.20579969969969972,-0.010203903903903905
2024-04-18,0.18960244648318042,0.41896024464831805,0.07339449541284404,0.1651376146788991,0.1437308868501529,0.1620795107033639,0.10703363914373089,0.4648318042813456,0.7767584097859327,0.44648318042813456,0.3302752293577982,0.6575131498470947,0.1782125382262997,0.03573333333333333,0.035557798165137613,0.09298899082568807,0.13154342507645259,0.7007954128440367,0.167665749235474,0.036122324159021404
2024-04-19,0.17343173431734318,0.3800738007380074,0.07011070110701106,0.1881918819188192,0.12177121771217712,0.18081180811808117,0.16605166051660517,0.46494464944649444,0.9446494464944649,0.5055350553505535,0.43911439114391143,0.6459623616236162,0.1864420664206642,0.04064169741697417,0.04219852398523986,0.08475350553505535,0.19667785977859778,0.6168712177121771,0.1864531365313653,-0.010224723247232472
2024-04-20,0.1962962962962963,0.4,0.1,0.26666666666666666,0.1962962962962963,0.17407407407407408,0.15555555555555556,0.5925925925925926,1.025925925925926,0.4148148148148148,0.6111111111111112,0.6569,0.20587962962962963,0.0361162962962963,0.03237518518518519,0.06873407407407407,0.1566751851851852,0.6788407407407407,0.16448888888888888,0.007813703703703701
2024-04-21,0.175,0.275,0.065,0.135,0.155,0.13,0.085,0.37,0.75,0.355,0.395,0.656684,0.1800835,0.041805,0.036003,0.085431,0.1220295,0.780116,0.0978515,-0.024178
2024-04-22,0.12813370473537605,0.3565459610027855,0.07799442896935933,0.14206128133704735,0.181058495821727,0.1532033426183844,0.13370473537604458,0.6295264623955432,1.0139275766016713,0.2841225626740947,0.7298050139275766,0.6712961002785515,0.15289860724233983,0.0297983286908078,0.040078830083565456,0.10593398328690808,0.10000473537604457,0.7397793871866296,0.16021225626740945,0.0602075208913649
2024-04-23,0.12280701754385964,0.3333333333333333,0.07368421052631578,0.18947368421052632,0.21403508771929824,0.19298245614035087,0.10526315789473684,0.5403508771929825,1.0315789473684212,0.32280701754385965,0.7087719298245614,0.6502382456140351,0.17031298245614035,0.04184526315789474,0.043444912280701756,0.0941621052631579,0.12686105263157896,0.7409280701754386,0.13221263157894736,0.00535157894736842
2024-04-24,0.21551724137931033,0.40086206896551724,0.12931034482758622,0.2801724137931034,0.21982758620689655,0.23706896551724138,0.13793103448275862,0.4827586206896552,1.0646551724137931,0.47844827586206895,0.5862068965517241,0.6586741379310345,0.17552155172413794,0.0451551724137931,0.04664784482758621,0.07401034482758621,0.15930517241379308,0.7271612068965517,0.1135353448275862,-0.0457698275862069
2024-04-25,0.09578544061302682,0.37547892720306514,0.05363984674329502,0.14559386973180077,0.19923371647509577,0.12643678160919541,0.1111111111111111,0.4482758620689655,0.8275862068965517,0.2988505747126437,0.5287356321839081,0.6509038314176245,0.16952375478927204,0.0409360153256705,0.044290804597701156,0.09434521072796934,0.13913256704980842,0.6599272030651341,0.20093716475095785,0.061804597701149426
2024-04-26,0.10396039603960396,0.35148514851485146,0.039603960396039604,0.12871287128712872,0.21782178217821782,0.14356435643564355,0.11386138613861387,0.40594059405940597,0.905940594059406,0.35148514851485146,0.5544554455445545,0.6276673267326732,0.20153960396039602,0.03913712871287129,0.035453960396039604,0.09620049504950495,0.14008366336633662,0.6802821782178218,0.17962821782178218,0.039544554455445545
2024-04-27,0.2254335260115607,0.34104046242774566,0.09248554913294797,0.1791907514450867,0.14450867052023122,0.15606936416184972,0.11560693641618497,0.3988439306358382,0.8786127167630058,0.3815028901734104,0.49710982658959535,0.6096341040462427,0.20802601156069364,0.03458150289017341,0.03978265895953757,0.1079728323699422,0.11939190751445088,0.7520236994219653,0.12858323699421967,0.009191329479768782
2024-04-28,0.2727272727272727,0.3951048951048951,0.13286713286713286,0.3041958041958042,0.24825174825174826,0.24125874125874125,0.1048951048951049,0.7517482517482518,1.1713286713286712,0.6608391608391608,0.5104895104895105,0.6988604895104895,0.1571020979020979,0.03470839160839161,0.039122727272727274,0.07020314685314685,0.14646188811188812,0.6911244755244755,0.16241783216783218,0.015955944055944055
2024-04-29,0.1297709923664122,0.36259541984732824,0.05725190839694656,0.13740458015267176,0.1450381679389313,0.1946564885496183,0.11068702290076336,0.4618320610687023,0.9961832061068703,0.3969465648854962,0.5992366412213741,0.6317209923664122,0.19741946564885496,0.04020801526717557,0.039411832061068706,0.09123435114503817,0.12613702290076334,0.7117236641221374,0.1621404580152672,0.036003435114503816
2024-04-30,0.16161616161616163,0.45454545454545453,0.0707070707070707,0.13804713804713806,0.18518518518518517,0.12794612794612795,0.13468013468013468,0.5353535353535354,0.8754208754208754,0.38047138047138046,0.494949494949495,0.641404377104377,0.1870808080808081,0.037537037037037035,0.03628215488215488,0.0977013468013468,0.13388383838383838,0.665323569023569,0.20079427609427608,0.06691043771043771
2024-05-01,0.14871794871794872,0.4153846153846154,0.035897435897435895,0.1076923076923077,0.18461538461538463,0.09743589743589744,0.06153846153846154,0.5897435897435898,0.9743589743589743,0.441025641025641,0.5333333333333333,0.705708717948718,0.1404851282051282,0.02754153846153846,0.034473846153846154,0.0918051282051282,0.13189846153846155,0.705854358974359,0.16224102564102563,0.030342564102564105
2024-05-02,0.16770186335403728,0.391304347826087,0.037267080745341616,0.18012422360248448,0.13664596273291926,0.17391304347826086,0.07453416149068323,0.40993788819875776,0.8198757763975155,0.40993788819875776,0.40993788819875776,0.722444099378882,0.13689813664596273,0.024327950310559007,0.03553540372670807,0.08079689440993788,0.13016273291925465,0.7160888198757764,0.15374596273291927,0.023583229813664595
2024-05-03,0.2014388489208633,0.37410071942446044,0.04316546762589928,0.1223021582733813,0.26618705035971224,0.10071942446043165,0.1223021582733813,0.5035971223021583,0.9568345323741008,0.2733812949640288,0.6834532374100719,0.6453748201438849,0.1531812949640288,0.03580503597122302,0.053971223021582734,0.11166043165467626,0.09550575539568346,0.7626741007194245,0.14181726618705034,0.0463115107913669
2024-05-04,0.06818181818181818,0.4431818181818182,0.056818181818181816,0.13636363636363635,0.11363636363636363,0.125,0.09090909090909091,0.4431818181818182,0.8977272727272727,0.2159090909090909,0.6818181818181818,0.6832511363636363,0.1491284090909091,0.033786363636363635,0.031048863636363635,0.10278863636363637,0.07576477272727272,0.7627522727272728,0.16148181818181817,0.08571704545454545
2024-05-05,0.09868421052631579,0.3815789473684211,0.06578947368421052,0.1513157894736842,0.15789473684210525,0.07894736842105263,0.10526315789473684,0.32894736842105265,0.756578947368421,0.29605263157894735,0.4605263157894737,0.6125960526315789,0.24266644736842105,0.03934605263157895,0.029605921052631577,0.07578947368421052,0.12437697368421052,0.749941447368421,0.1256828947368421,0.0013059210526315784
2024-05-06,0.1652892561983471,0.3305785123966942,0.08264462809917356,0.18181818181818182,0.11570247933884298,0.15702479338842976,0.09917355371900827,0.33884297520661155,0.743801652892562,0.39669421487603307,0.34710743801652894,0.7103628099173555,0.15389090909090908,0.027645454545454546,0.03302644628099174,0.07507024793388431,0.1217793388429752,0.7358190082644628,0.142400826446281,0.020621487603305785
2024-05-07,0.22183098591549297,0.27816901408450706,0.09859154929577464,0.2007042253521127,0.14084507042253522,0.16901408450704225,0.09507042253521127,0.5105633802816901,0.9049295774647887,0.4225352112676056,0.4823943661971831,0.6675169014084508,0.15538169014084507,0.0434112676056338,0.04065669014084507,0.09303415492957746,0.1214725352112676,0.7279359154929578,0.15058943661971833,0.029116901408450704
2024-05-08,0.1590909090909091,0.3409090909090909,0.045454545454545456,0.21022727272727273,0.125,0.19318181818181818,0.056818181818181816,0.3181818181818182,0.7272727272727273,0.39204545454545453,0.3352272727272727,0.6563125,0.1853028409090909,0.04355965909090909,0.033235795454545455,0.08159034090909091,0.1180653409090909,0.7372875,0.1446465909090909,0.026581249999999997
2024-05-09,0.14545454545454545,0.4954545454545455,0.12272727272727273,0.20454545454545456,0.2,0.16363636363636364,0.18181818181818182,0.6318181818181818,1.1090909090909091,0.35454545454545455,0.7545454545454545,0.6991418181818182,0.13540545454545455,0.032157727272727275,0.04200227272727273,0.09128909090909092,0.11754863636363637,0.6373886363636364,0.2450618181818182,0.12751318181818183
2024-05-10,0.15878378378378377,0.3952702702702703,0.05405405405405406,0.17229729729729729,0.22635135135135134,0.13175675675675674,0.15878378378378377,0.4864864864864865,0.8885135135135135,0.3918918918918919,0.4966216216216216,0.6255101351351352,0.20971689189189188,0.03766621621621622,0.04266554054054054,0.0844418918918919,0.1263570945945946,0.6827915540540541,0.19085067567567568,0.06449358108108108
2024-05-11,0.2088888888888889,0.23555555555555555,0.12444444444444444,0.25333333333333335,0.09777777777777778,0.20444444444444446,0.1111111111111111,0.4666666666666667,0.64,0.4311111111111111,0.2088888888888889,0.6383782222222222,0.2031288888888889,0.04683333333333333,0.03735955555555556,0.07429422222222222,0.1386448888888889,0.7060413333333333,0.15531822222222222,0.01667333333333333
2024-05-12,0.11538461538461539,0.33516483516483514,0.07692307692307693,0.21978021978021978,0.17032967032967034,0.15384615384615385,0.08791208791208792,0.489010989010989,0.8626373626373627,0.3626373626373626,0.5,0.6666692307692308,0.1749230769230769,0.029609340659340656,0.042142307692307694,0.0866489010989011,0.06536703296703297,0.8388835164835166,0.09575384615384615,0.03038681318681319
2024-05-13,0.2066869300911854,0.5623100303951368,0.0668693009118541,0.23708206686930092,0.2796352583586626,0.13677811550151975,0.1276595744680851,0.7629179331306991,1.1458966565349544,0.40425531914893614,0.7416413373860182,0.6765206686930091,0.15960121580547112,0.030491185410334343,0.03750364741641337,0.09588844984802432,0.11121519756838905,0.6613951367781155,0.22739148936170214,0.11617629179331307
2024-05-14,0.20175438596491227,0.4166666666666667,0.08771929824561403,0.18421052631578946,0.2149122807017544,0.13596491228070176,0.17543859649122806,0.4649122807017544,0.9517543859649122,0.4166666666666667,0.5350877192982456,0.6809337719298246,0.1715201754385965,0.03482894736842105,0.04045657894736842,0.07226578947368421,0.1791964912280702,0.657203947368421,0.1636061403508772,-0.015590350877192983
2024-05-15,0.1524163568773234,0.2899628252788104,0.048327137546468404,0.13382899628252787,0.16728624535315986,0.13382899628252787,0.11524163568773234,0.35687732342007433,0.8810408921933085,0.37174721189591076,0.5092936802973977,0.6275460966542751,0.1966171003717472,0.03688475836431227,0.04007472118959107,0.09887695167286245,0.11651486988847584,0.6941669144981413,0.18932267657992563,0.07280780669144982
2024-05-16,0.1559633027522936,0.3532110091743119,0.05963302752293578,0.18807339449541285,0.1743119266055046,0.11467889908256881,0.12844036697247707,0.5091743119266054,0.9128440366972477,0.3302752293577982,0.5825688073394495,0.6347788990825688,0.20251284403669723,0.04063394495412844,0.03481146788990826,0.08727293577981651,0.1463559633027523,0.6724325688073395,0.18120825688073394,0.034852293577981655
2024-05-17,0.2023121387283237,0.2947976878612717,0.10982658959537572,0.24277456647398843,0.16184971098265896,0.17341040462427745,0.13872832369942195,0.35260115606936415,0.7861271676300579,0.3815028901734104,0.4046242774566474,0.6239936416184971,0.18368150289017343,0.05285549132947977,0.044765895953757226,0.09470520231213873,0.14593930635838148,0.7366606936416186,0.11740173410404625,-0.028537572254335255
2024-05-18,0.1896551724137931,0.3505747126436782,0.04597701149425287,0.1839080459770115,0.21264367816091953,0.09770114942528736,0.11494252873563218,0.43103448275862066,0.7011494252873564,0.40229885057471265,0.2988505747126437,0.601917816091954,0.2113103448275862,0.047695402298850574,0.037260919540229885,0.10182356321839081,0.12659367816091954,0.7788247126436781,0.09458620689655171,-0.032007471264367815
2024-05-19,0.12083333333333333,0.3541666666666667,0.0625,0.125,0.22083333333333333,0.1125,0.125,0.4791666666666667,1.2125,0.29583333333333334,0.9166666666666666,0.678445,0.1493020833333333,0.031024583333333335,0.04141958333333333,0.09981458333333333,0.09107916666666666,0.6401779166666667,0.26873916666666664,0.17765999999999998
2024-05-20,0.11261261261261261,0.44144144144144143,0.06306306306306306,0.14864864864864866,0.18468468468468469,0.14414414414414414,0.12162162162162163,0.4774774774774775,0.9234234234234234,0.34684684684684686,0.5765765765765766,0.6614531531531532,0.17237792792792792,0.03386171171171171,0.03579774774774775,0.09651126126126126,0.1477536036036036,0.6770509009009008,0.175190990990991,0.02743738738738739
2024-05-21,0.10638297872340426,0.4326241134751773,0.05319148936170213,0.18085106382978725,0.20567375886524822,0.13120567375886524,0.1702127659574468,0.46808510638297873,0.7624113475177305,0.3404255319148936,0.4219858156028369,0.6917393617021277,0.140795390070922,0.030977659574468082,0.039955673758865246,0.09652517730496453,0.11379113475177306,0.7128152482269504,0.1733936170212766,0.05960248226950355
2024-05-22,0.08108108108108109,0.35735735735735735,0.057057057057057055,0.14114114114114115,0.1921921921921922,0.13213213213213212,0.11411411411411411,0.5045045045045045,0.9429429429429429,0.32432432432432434,0.6186186186186187,0.6784366366366367,0.14996456456456458,0.032999699699699694,0.040491291291291295,0.09809939939939939,0.11622072072072073,0.6499504504504505,0.23383453453453454,0.1176138138138138
2024-05-23,0.11987381703470032,0.4195583596214511,0.08517350157728706,0.1640378548895899,0.13564668769716087,0.15457413249211358,0.11041009463722397,0.444794952681388,0.7034700315457413,0.47003154574132494,0.2334384858044164,0.6078463722397476,0.21294447949526812,0.047910094637223975,0.047192429022082025,0.08411167192429021,0.13312018927444796,0.6805580441640379,0.1863186119873817,0.053198422712933756
2024-05-24,0.27472527472527475,0.38461538461538464,0.05714285714285714,0.35604395604395606,0.18021978021978022,0.2153846153846154,0.14285714285714285,0.5142857142857142,0.8835164835164835,0.5934065934065934,0.29010989010989013,0.5204195604395604,0.2890657142857143,0.051345494505494506,0.04286703296703297,0.09630241758241757,0.1876046153846154,0.6487303296703297,0.16366813186813187,-0.023936483516483517
2024-05-25,0.12796208530805686,0.35071090047393366,0.07109004739336493,0.1990521327014218,0.1848341232227488,0.12322274881516587,0.14218009478672985,0.5355450236966824,0.8815165876777251,0.3696682464454976,0.5118483412322274,0.6526165876777251,0.15014454976303318,0.04428815165876777,0.04612985781990521,0.10681658767772512,0.1007914691943128,0.7610805687203791,0.13812369668246446,0.037332227488151654
2024-05-26,0.13291139240506328,0.4430379746835443,0.0759493670886076,0.16455696202531644,0.14556962025316456,0.16455696202531644,0.10126582278481013,0.41139240506329117,0.8417721518987342,0.4810126582278481,0.36075949367088606,0.6121329113924051,0.2093879746835443,0.041600632911392404,0.04103481012658228,0.09584873417721519,0.14185696202531645,0.6767677215189873,0.181373417721519,0.03951645569620253
2024-05-27,0.1091703056768559,0.3930131004366812,0.06550218340611354,0.18340611353711792,0.2183406113537118,0.1572052401746725,0.12663755458515283,0.5065502183406113,1.074235807860262,0.3318777292576419,0.74235807860262,0.6787013100436681,0.156028384279476,0.03326768558951965,0.03982489082969432,0.09217947598253276,0.09396593886462883,0.7842152838427947,0.12181703056768559,0.02785109170305677
2024-05-28,0.14035087719298245,0.42543859649122806,0.09868421052631579,0.15570175438596492,0.18421052631578946,0.15570175438596492,0.17324561403508773,0.5087719298245614,1.0548245614035088,0.38596491228070173,0.668859649122807,0.6620921052631579,0.1529214912280702,0.031131798245614035,0.05516820175438596,0.09869100877192982,0.11446929824561404,0.6681671052631578,0.21736140350877192,0.1028921052631579
2024-05-29,0.17647058823529413,0.4411764705882353,0.08823529411764706,0.19747899159663865,0.2184873949579832,0.15126050420168066,0.15546218487394958,0.5378151260504201,1.0,0.40756302521008403,0.592436974789916,0.694218487394958,0.17079117647058822,0.03527857142857143,0.026601260504201682,0.07311596638655461,0.1310361344537815,0.7143831932773109,0.15458403361344536,0.023547899159663866
2024-05-30,0.10526315789473684,0.2819548872180451,0.05639097744360902,0.16165413533834586,0.16917293233082706,0.12030075187969924,0.08646616541353383,0.462406015037594,1.0676691729323309,0.3082706766917293,0.7593984962406015,0.7084857142857143,0.14022406015037595,0.03459548872180451,0.03180037593984962,0.08489022556390978,0.10533721804511278,0.665566917293233,0.22909624060150374,0.12375902255639097
2024-05-31,0.10714285714285714,0.39285714285714285,0.07142857142857142,0.19196428571428573,0.19196428571428573,0.125,0.12053571428571429,0.47767857142857145,0.6607142857142857,0.39285714285714285,0.26785714285714285,0.5999749999999999,0.22162901785714287,0.04990491071428571,0.037844642857142854,0.090653125,0.16507098214285715,0.7160191964285714,0.118909375,-0.04616160714285714
2024-06-01,0.15384615384615385,0.2867132867132867,0.06993006993006994,0.11888111888111888,0.1888111888111888,0.0979020979020979,0.04195804195804196,0.5804195804195804,0.9790209790209791,0.3706293706293706,0.6083916083916084,0.7508076923076923,0.09143706293706294,0.02755944055944056,0.04347622377622378,0.08671818181818182,0.10461258741258742,0.726765034965035,0.16863356643356642,0.06402097902097902
2024-06-02,0.08152173913043478,0.41304347826086957,0.043478260869565216,0.1358695652173913,0.18478260869565216,0.15760869565217392,0.11413043478260869,0.4076086956521739,0.9021739130434783,0.33152173913043476,0.5706521739130435,0.6591815217391305,0.16832771739130434,0.03979836956521739,0.05169782608695652,0.08098804347826087,0.10575923913043479,0.7316451086956522,0.16259347826086956,0.05683423913043478
2024-06-03,0.07860262008733625,0.38427947598253276,0.05240174672489083,0.1091703056768559,0.18777292576419213,0.08733624454148471,0.11790393013100436,0.49344978165938863,0.9563318777292577,0.3056768558951965,0.6506550218340611,0.7488353711790393,0.11025982532751093,0.03153930131004367,0.04061397379912664,0.0687524017467249,0.056351965065502184,0.7655978165938865,0.17805152838427948,0.12169956331877729
2024-06-04,0.1352112676056338,0.4225352112676056,0.05352112676056338,0.14647887323943662,0.19436619718309858,0.10704225352112676,0.08169014084507042,0.5380281690140845,0.9549295774647887,0.3408450704225352,0.6140845070422535,0.6438481690140845,0.1587774647887324,0.03518760563380282,0.04992140845070423,0.11226028169014085,0.10340985915492959,0.717630985915493,0.1789594366197183,0.07554957746478873
2024-06-05,0.15606936416184972,0.35260115606936415,0.06936416184971098,0.1791907514450867,0.1676300578034682,0.09248554913294797,0.06358381502890173,0.44508670520231214,0.8092485549132948,0.32947976878612717,0.4797687861271676,0.7135416184971098,0.13449595375722545,0.032853179190751446,0.035507514450867056,0.08360520231213872,0.10319421965317918,0.644993063583815,0.25181387283236994,0.14861965317919076
2024-06-06,0.125,0.3567073170731707,0.042682926829268296,0.1676829268292683,0.1798780487804878,0.12804878048780488,0.09451219512195122,0.5152439024390244,0.9207317073170732,0.38414634146341464,0.5365853658536586,0.7102856707317073,0.13649847560975611,0.028739329268292684,0.039926219512195125,0.08454847560975609,0.14676371951219513,0.6047411585365854,0.24849878048780485,0.10173506097560976
2024-06-07,0.18983050847457628,0.3389830508474576,0.09152542372881356,0.2271186440677966,0.2440677966101695,0.15932203389830507,0.10847457627118644,0.5254237288135594,1.0,0.3593220338983051,0.6406779661016949,0.654766779661017,0.16327322033898303,0.03371694915254237,0.03942949152542373,0.10880915254237289,0.11492677966101694,0.7032793220338983,0.18179389830508474,0.06686711864406779
2024-06-08,0.09444444444444444,0.35,0.06111111111111111,0.15,0.18888888888888888,0.12222222222222222,0.15,0.4388888888888889,0.6444444444444445,0.37777777777777777,0.26666666666666666,0.64135,0.17913444444444443,0.04417666666666667,0.04120555555555556,0.09414,0.13434055555555555,0.7398644444444444,0.12579555555555555,-0.008545
2024-06-09,0.1598173515981735,0.3013698630136986,0.0958904109589041,0.1780821917808219,0.1552511415525114,0.1689497716894977,0.1050228310502283,0.3789954337899543,0.7808219178082192,0.3333333333333333,0.4474885844748858,0.6393520547945206,0.22353013698630136,0.03881232876712329,0.02835159817351598,0.06994566210045662,0.11424611872146119,0.7685584474885845,0.1172013698630137,0.002955251141552512
2024-06-10,0.12544802867383512,0.43010752688172044,0.06810035842293907,0.15053763440860216,0.2078853046594982,0.12903225806451613,0.11827956989247312,0.4946236559139785,0.9175627240143369,0.45878136200716846,0.45878136200716846,0.6315007168458782,0.17631397849462366,0.03239605734767025,0.05789498207885305,0.1019010752688172,0.1000505376344086,0.6760426523297491,0.22391541218637992,0.12386487455197133
2024-06-11,0.11413043478260869,0.38315217391304346,0.07880434782608696,0.23097826086956522,0.17391304347826086,0.21195652173913043,0.10326086956521739,0.44565217391304346,0.8668478260869565,0.4320652173913043,0.43478260869565216,0.6365119565217391,0.19138260869565216,0.037294021739130434,0.04637391304347826,0.08843233695652175,0.14804864130434783,0.6802122282608696,0.17173722826086957,0.023688586956521738
2024-06-12,0.1503267973856209,0.4019607843137255,0.03594771241830065,0.16666666666666666,0.19934640522875818,0.16013071895424835,0.09803921568627451,0.5620915032679739,0.9019607843137255,0.43790849673202614,0.46405228758169936,0.6650813725490197,0.17964084967320262,0.041171895424836596,0.036722222222222226,0.07737941176470589,0.15263692810457516,0.6488503267973856,0.1985062091503268,0.04586928104575163
2024-06-13,0.13513513513513514,0.40202702702702703,0.0777027027027027,0.1858108108108108,0.19932432432432431,0.125,0.14527027027027026,0.4831081081081081,0.6790540540540541,0.3918918918918919,0.28716216216216217,0.6520712837837838,0.17369020270270272,0.043141216216216215,0.0442070945945946,0.08689189189189189,0.16266993243243244,0.6896905405405406,0.14763682432432432,-0.015033108108108107
2024-06-14,0.12158054711246201,0.3890577507598784,0.08206686930091185,0.1458966565349544,0.2006079027355623,0.12158054711246201,0.11550151975683891,0.45288753799392095,0.9574468085106383,0.364741641337386,0.5927051671732523,0.6874772036474164,0.1720741641337386,0.03334468085106383,0.03272370820668693,0.07438541033434651,0.13327781155015198,0.7026495440729483,0.1640723404255319,0.030794528875379937
2024-06-15,0.14634146341463414,0.3463414634146341,0.04878048780487805,0.2146341463414634,0.17073170731707318,0.15609756097560976,0.15609756097560976,0.44878048780487806,0.7707317073170732,0.4097560975609756,0.36097560975609755,0.6510073170731707,0.16459463414634146,0.050421463414634146,0.04276195121951219,0.09120390243902439,0.15458926829268294,0.719330731707317,0.12608634146341463,-0.02850292682926829
2024-06-16,0.215962441314554,0.29107981220657275,0.09859154929577464,0.18779342723004694,0.16901408450704225,0.1643192488262911,0.07042253521126761,0.4131455399061033,0.8450704225352113,0.4272300469483568,0.41784037558685444,0.6297507042253521,0.20387230046948357,0.036366666666666665,0.036649295774647886,0.09335446009389671,0.15122300469483568,0.6541215962441315,0.19465633802816903,0.04343333333333334
2024-06-17,0.16428571428571428,0.4714285714285714,0.08214285714285714,0.175,0.19642857142857142,0.17857142857142858,0.12142857142857143,0.4392857142857143,0.725,0.44642857142857145,0.2785714285714286,0.65071,0.19408750000000002,0.036165357142857145,0.035562142857142855,0.08348035714285715,0.14621214285714285,0.6876946428571428,0.16609249999999998,0.01988035714285714
2024-06-18,0.13043478260869565,0.4178743961352657,0.07971014492753623,0.18115942028985507,0.17391304347826086,0.15458937198067632,0.15458937198067632,0.4613526570048309,1.0072463768115942,0.4033816425120773,0.6038647342995169,0.6420282608695651,0.161237922705314,0.03419033816425121,0.05806280193236715,0.10448188405797101,0.1250533816425121,0.5920635265700482,0.2828828502415459,0.1578294685990338
2024-06-19,0.1870748299319728,0.41156462585034015,0.09183673469387756,0.22448979591836735,0.1870748299319728,0.17006802721088435,0.14285714285714285,0.4965986394557823,0.8877551020408163,0.4557823129251701,0.43197278911564624,0.5860469387755102,0.21994149659863946,0.04222108843537415,0.047313605442176866,0.10447108843537416,0.14686156462585034,0.6739710884353741,0.17916802721088437,0.032306462585034015
2024-06-20,0.24074074074074073,0.337037037037037,0.1,0.37037037037037035,0.17407407407407408,0.25555555555555554,0.09259259259259259,0.3851851851851852,0.6407407407407407,0.5444444444444444,0.0962962962962963,0.6119574074074074,0.19037703703703704,0.04290666666666666,0.04926037037037037,0.10549666666666667,0.18142111111111112,0.6491577777777778,0.16942148148148148,-0.01199962962962963
2024-06-21,0.15021459227467812,0.3776824034334764,0.05150214592274678,0.15021459227467812,0.2017167381974249,0.14163090128755365,0.09871244635193133,0.48497854077253216,0.9141630901287554,0.3776824034334764,0.5364806866952789,0.6265000000000001,0.20471416309012874,0.04440944206008584,0.03873690987124464,0.08564763948497854,0.1275412017167382,0.7151858369098711,0.15727296137339056,0.02973175965665236
2024-06-22,0.15706806282722513,0.3298429319371728,0.04712041884816754,0.16753926701570682,0.14659685863874344,0.17277486910994763,0.11518324607329843,0.4712041884816754,0.7696335078534031,0.33507853403141363,0.43455497382198954,0.704159162303665,0.14095759162303664,0.026941361256544505,0.05243664921465968,0.07550680628272251,0.1477759162303665,0.7390052356020943,0.11322251308900523,-0.03455340314136126
2024-06-23,0.14166666666666666,0.26666666666666666,0.06666666666666667,0.2,0.10833333333333334,0.1375,0.10833333333333334,0.475,0.8625,0.3458333333333333,0.5166666666666667,0.6448462500000001,0.2082325,0.03229208333333333,0.03414875,0.08048374999999999,0.1416925,0.67069625,0.18761291666666666,0.04592041666666667
2024-06-24,0.12048192771084337,0.28313253012048195,0.05421686746987952,0.12048192771084337,0.1686746987951807,0.12650602409638553,0.09036144578313253,0.3674698795180723,0.7409638554216867,0.2891566265060241,0.45180722891566266,0.6521638554216868,0.1930379518072289,0.03283795180722892,0.04316987951807229,0.07877590361445784,0.18074156626506024,0.6627277108433735,0.15653253012048193,-0.024209036144578307
2024-06-25,0.17560975609756097,0.3024390243902439,0.07804878048780488,0.16585365853658537,0.17073170731707318,0.15121951219512195,0.1073170731707317,0.34146341463414637,0.7268292682926829,0.375609756097561,0.35121951219512193,0.6697312195121952,0.19034780487804875,0.043500000000000004,0.03129707317073171,0.06512146341463415,0.15033951219512195,0.7074560975609756,0.14220926829268293,-0.008130243902439023
2024-06-26,0.1322314049586777,0.38016528925619836,0.049586776859504134,0.16942148760330578,0.2024793388429752,0.1115702479338843,0.15289256198347106,0.4628099173553719,0.8347107438016529,0.4297520661157025,0.4049586776859504,0.6466309917355372,0.17411735537190084,0.0389297520661157,0.049354958677685946,0.09097561983471075,0.09760289256198347,0.7209061983471075,0.18148760330578514,0.08388471074380166
2024-06-27,0.12828947368421054,0.39144736842105265,0.07894736842105263,0.14802631578947367,0.14144736842105263,0.11842105263157894,0.09868421052631579,0.3980263157894737,0.8651315789473685,0.3256578947368421,0.5394736842105263,0.6915763157894738,0.15512434210526316,0.0329703947368421,0.03802105263157895,0.08230723684210527,0.08449111842105264,0.7579417763157895,0.15756776315789472,0.0730766447368421
2024-06-28,0.14814814814814814,0.4305555555555556,0.0787037037037037,0.12962962962962962,0.2037037037037037,0.1111111111111111,0.09722222222222222,0.49074074074074076,0.7777777777777778,0.3425925925925926,0.4351851851851852,0.6335537037037037,0.17348240740740742,0.04276666666666667,0.060911574074074076,0.08928055555555556,0.1487013888888889,0.683361574074074,0.16793796296296296,0.01923657407407408
2024-06-29,0.16304347826086957,0.3423913043478261,0.043478260869565216,0.21195652173913043,0.20108695652173914,0.19021739130434784,0.11413043478260869,0.5217391304347826,0.8586956521739131,0.3804347826086957,0.4782608695652174,0.610316304347826,0.19822989130434782,0.04504076086956522,0.045122282608695656,0.10129456521739132,0.0906195652173913,0.7602733695652174,0.14911358695652174,0.05849402173913044
2024-06-30,0.15315315315315314,0.44594594594594594,0.07207207207207207,0.1981981981981982,0.2747747747747748,0.20270270270270271,0.23873873873873874,0.5585585585585585,0.8558558558558559,0.35135135135135137,0.5045045045045045,0.5959558558558559,0.22297747747747745,0.05178378378378379,0.04294234234234234,0.08633558558558559,0.14894234234234233,0.7251774774774774,0.12588423423423423,-0.023058108108108103
2024-07-01,0.20599250936329588,0.3595505617977528,0.10486891385767791,0.22846441947565543,0.20224719101123595,0.1797752808988764,0.10861423220973783,0.6367041198501873,1.1273408239700375,0.4756554307116105,0.651685393258427,0.6456153558052434,0.1928303370786517,0.04327790262172285,0.030796254681647938,0.08748239700374533,0.1488805243445693,0.7096970037453184,0.1414198501872659,-0.007460674157303372
2024-07-02,0.06206896551724138,0.5586206896551724,0.034482758620689655,0.08275862068965517,0.1724137931034483,0.06206896551724138,0.08275862068965517,0.5103448275862069,0.7862068965517242,0.1793103448275862,0.6068965517241379,0.6774393103448276,0.15645103448275863,0.041121379310344826,0.03020206896551724,0.0947848275862069,0.07798068965517241,0.5767682758620689,0.34525724137931035,0.26727655172413795
2024-07-03,0.18235294117647058,0.3764705882352941,0.06470588235294118,0.19411764705882353,0.23529411764705882,0.1411764705882353,0.08235294117647059,0.48823529411764705,0.8823529411764706,0.40588235294117647,0.4764705882352941,0.7352564705882353,0.14264588235294118,0.031994117647058826,0.030031176470588235,0.06007529411764706,0.11597411764705881,0.6688623529411765,0.21516529411764707,0.09919117647058824
2024-07-04,0.13529411764705881,0.4294117647058823,0.041176470588235294,0.17058823529411765,0.20588235294117646,0.13529411764705881,0.1,0.5058823529411764,1.0588235294117647,0.38235294117647056,0.6764705882352942,0.6542105882352941,0.1651070588235294,0.02916529411764706,0.043511176470588234,0.10801352941176472,0.10073882352941176,0.6726394117647059,0.2266129411764706,0.12587411764705883
2024-07-05,0.1962025316455696,0.34810126582278483,0.15822784810126583,0.2468354430379747,0.23417721518987342,0.17088607594936708,0.08860759493670886,0.47468354430379744,0.9556962025316456,0.34177215189873417,0.6139240506329114,0.6963449367088608,0.14159430379746835,0.03125189873417722,0.04310379746835443,0.08770949367088608,0.09516835443037974,0.6449981012658228,0.2598354430379747,0.16466708860759494
2024-07-06,0.07692307692307693,0.358974358974359,0.02564102564102564,0.14102564102564102,0.11538461538461539,0.15384615384615385,0.05128205128205128,0.2948717948717949,0.5256410256410257,0.358974358974359,0.16666666666666666,0.6959282051282052,0.15204102564102565,0.028557692307692308,0.033069230769230774,0.09038589743589744,0.1348871794871795,0.7010269230769232,0.16408974358974357,0.029202564102564103
2024-07-07,0.13705583756345177,0.29949238578680204,0.06598984771573604,0.17766497461928935,0.17258883248730963,0.1319796954314721,0.15736040609137056,0.5532994923857868,0.9746192893401016,0.29441624365482233,0.6802030456852792,0.697815228426396,0.16602741116751268,0.02746446700507614,0.027416751269035537,0.0812776649746193,0.1361020304568528,0.6500121827411168,0.21388223350253807,0.07778020304568528
2024-07-08,0.14285714285714285,0.42142857142857143,0.06428571428571428,0.19285714285714287,0.12142857142857143,0.16428571428571428,0.07857142857142857,0.34285714285714286,0.7928571428571428,0.4142857142857143,0.37857142857142856,0.6413935714285715,0.19653785714285715,0.029510714285714286,0.03999285714285714,0.0925557142857143,0.12807142857142856,0.6366035714285714,0.235325,0.10725357142857142
2024-07-09,0.14285714285714285,0.413265306122449,0.0663265306122449,0.17857142857142858,0.20918367346938777,0.12755102040816327,0.11224489795918367,0.47959183673469385,1.1479591836734695,0.336734693877551,0.8112244897959183,0.6839020408163266,0.16111989795918366,0.031006122448979594,0.03568214285714286,0.08828418367346938,0.11026071428571428,0.6172785714285715,0.27245867346938774,0.16219795918367347
2024-07-10,0.15555555555555556,0.3288888888888889,0.07555555555555556,0.2088888888888889,0.22666666666666666,0.16,0.15555555555555556,0.38666666666666666,0.8311111111111111,0.48444444444444446,0.3466666666666667,0.6521124444444445,0.1552208888888889,0.040424,0.04621822222222222,0.10602577777777777,0.13756888888888888,0.6379995555555555,0.224436,0.0868671111111111
2024-07-11,0.14871794871794872,0.35384615384615387,0.05641025641025641,0.2,0.19487179487179487,0.10256410256410256,0.13846153846153847,0.47692307692307695,0.958974358974359,0.41025641025641024,0.5487179487179488,0.6529148717948717,0.17776358974358974,0.03661333333333333,0.0404625641025641,0.09225384615384616,0.1682830769230769,0.667851282051282,0.16386358974358975,-0.004419487179487181
2024-07-12,0.124,0.376,0.088,0.168,0.2,0.176,0.148,0.4,0.856,0.308,0.548,0.6416296,0.1902588,0.0353648,0.038237600000000004,0.0945116,0.1264024,0.6620507999999999,0.2115488,0.0851464
2024-07-13,0.10294117647058823,0.34558823529411764,0.0661764705882353,0.16176470588235295,0.14705882352941177,0.14705882352941177,0.10294117647058823,0.4117647058823529,0.7867647058823529,0.34558823529411764,0.4411764705882353,0.6634110294117647,0.16419558823529412,0.05094558823529412,0.04911691176470588,0.07233455882352942,0.15804117647058824,0.6742669117647059,0.16769558823529412,0.009654411764705882
2024-07-14,0.08376963350785341,0.3403141361256545,0.06282722513089005,0.10471204188481675,0.18324607329842932,0.11518324607329843,0.11518324607329843,0.38219895287958117,0.7539267015706806,0.2931937172774869,0.4607329842931937,0.6649471204188482,0.1685282722513089,0.03193089005235602,0.03790994764397906,0.09668062827225131,0.11475497382198953,0.7325020942408378,0.15274659685863873,0.037991623036649214
2024-07-15,0.15867158671586715,0.35793357933579334,0.05904059040590406,0.12177121771217712,0.17343173431734318,0.13653136531365315,0.14391143911439114,0.4095940959409594,0.7896678966789668,0.33210332103321033,0.4575645756457565,0.6440490774907749,0.19033468634686346,0.04328376383763838,0.04251623616236162,0.07981734317343174,0.13482804428044282,0.6970014760147601,0.16817527675276753,0.033347232472324725
2024-07-16,0.16546762589928057,0.4316546762589928,0.11510791366906475,0.29136690647482016,0.19784172661870503,0.17625899280575538,0.1510791366906475,0.5323741007194245,0.9784172661870504,0.4676258992805755,0.5107913669064749,0.6383118705035972,0.19138309352517988,0.0430794964028777,0.03923812949640288,0.08798812949640288,0.17003776978417265,0.6265377697841727,0.2034251798561151,0.03338741007194245
2024-07-17,0.11888111888111888,0.4160839160839161,0.055944055944055944,0.17132867132867133,0.1958041958041958,0.15384615384615385,0.24125874125874125,0.44405594405594406,0.7482517482517482,0.458041958041958,0.2902097902097902,0.6393132867132868,0.19108006993006993,0.038041258741258736,0.0402020979020979,0.09136783216783216,0.19652237762237762,0.6461923076923077,0.1572867132867133,-0.03923566433566434
2024-07-18,0.16845878136200718,0.44086021505376344,0.08960573476702509,0.17921146953405018,0.13978494623655913,0.16845878136200718,0.1971326164874552,0.3835125448028674,0.7096774193548387,0.45161290322580644,0.25806451612903225,0.6458250896057348,0.18142437275985665,0.03754372759856631,0.03611541218637993,0.09908709677419354,0.1714652329749104,0.6234218637992831,0.20511290322580647,0.03364767025089606
2024-07-19,0.13402061855670103,0.32989690721649484,0.07216494845360824,0.18556701030927836,0.18213058419243985,0.13402061855670103,0.13745704467353953,0.422680412371134,0.7835051546391752,0.3539518900343643,0.42955326460481097,0.6148872852233677,0.19737525773195877,0.04055670103092783,0.039095532646048106,0.10808281786941581,0.10644364261168385,0.7533546391752578,0.14020549828178694,0.03376185567010309
2024-07-20,0.07441860465116279,0.31627906976744186,0.06976744186046512,0.16744186046511628,0.17674418604651163,0.12558139534883722,0.13953488372093023,0.413953488372093,0.7813953488372093,0.3302325581395349,0.4511627906976744,0.5931451162790697,0.21481674418604652,0.03994279069767442,0.03769906976744186,0.11439162790697675,0.09877023255813955,0.752899534883721,0.14834046511627907,0.04957023255813953
2024-07-21,0.07720588235294118,0.3897058823529412,0.04779411764705882,0.20220588235294118,0.1948529411764706,0.19852941176470587,0.15808823529411764,0.4632352941176471,0.8713235294117647,0.375,0.4963235294117647,0.5827841911764706,0.23791801470588236,0.03467683823529412,0.03544485294117647,0.10917977941176471,0.11530551470588235,0.7119095588235294,0.17278970588235296,0.057484191176470585
2024-07-22,0.14342629482071714,0.32270916334661354,0.10756972111553785,0.1952191235059761,0.15139442231075698,0.1394422310756972,0.10358565737051793,0.4342629482071713,0.796812749003984,0.4302788844621514,0.3665338645418327,0.6519617529880478,0.1640179282868526,0.03839800796812749,0.03956733067729084,0.10604900398406375,0.1287466135458167,0.7075338645418326,0.1637207171314741,0.03497410358565737
2024-07-23,0.16216216216216217,0.4594594594594595,0.13513513513513514,0.25868725868725867,0.23938223938223938,0.22393822393822393,0.14671814671814673,0.4671814671814672,0.8725868725868726,0.416988416988417,0.4555984555984556,0.6484579150579151,0.18766988416988417,0.0344984555984556,0.03565289575289575,0.09371969111969111,0.18714864864864864,0.6106243243243243,0.20222857142857142,0.015079922779922782
2024-07-24,0.1183206106870229,0.3931297709923664,0.11450381679389313,0.22137404580152673,0.1450381679389313,0.16793893129770993,0.0916030534351145,0.4198473282442748,0.8091603053435115,0.3244274809160305,0.4847328244274809,0.663420610687023,0.15941106870229008,0.04182175572519084,0.04317824427480916,0.09216603053435114,0.19659198473282444,0.6343896946564886,0.16902022900763358,-0.027571755725190838
2024-07-25,0.18285714285714286,0.28,0.07142857142857142,0.23714285714285716,0.1657142857142857,0.19142857142857142,0.11428571428571428,0.38,0.7428571428571429,0.4342857142857143,0.30857142857142855,0.6365534285714286,0.20574,0.04641257142857143,0.034554857142857144,0.07674628571428571,0.19006114285714285,0.6115320000000001,0.19840942857142854,0.008348285714285716
2024-07-26,0.20361990950226244,0.2986425339366516,0.08144796380090498,0.15384615384615385,0.15384615384615385,0.19457013574660634,0.1085972850678733,0.39819004524886875,0.6153846153846154,0.4298642533936652,0.18552036199095023,0.6802420814479637,0.18385113122171948,0.03834660633484163,0.03097239819004525,0.06658597285067873,0.17608642533936653,0.7065796380090498,0.11733393665158372,-0.05875248868778281
2024-07-27,0.09375,0.20833333333333334,0.057291666666666664,0.14583333333333334,0.15625,0.19791666666666666,0.08854166666666667,0.3854166666666667,0.703125,0.4166666666666667,0.2864583333333333,0.6713640625,0.16126197916666665,0.040486458333333336,0.032253125,0.09463020833333334,0.16552239583333334,0.7187286458333334,0.1157515625,-0.04977083333333334
2024-07-28,0.184,0.312,0.12,0.176,0.192,0.184,0.112,0.428,0.756,0.408,0.348,0.6901688,0.1586512,0.036584000000000005,0.0365852,0.078016,0.1127932,0.7459872000000001,0.1412192,0.028426000000000003
2024-07-29,0.19601328903654486,0.5614617940199336,0.07641196013289037,0.17940199335548174,0.2724252491694352,0.14950166112956811,0.14285714285714285,0.5083056478405316,0.9800664451827242,0.43853820598006643,0.5415282392026578,0.6146647840531562,0.2104906976744186,0.0451734219269103,0.0360375415282392,0.09363621262458471,0.1716591362126246,0.6352172757475083,0.19312524916943521,0.021466112956810633
2024-07-30,0.15873015873015872,0.4365079365079365,0.07142857142857142,0.1746031746031746,0.20634920634920634,0.14682539682539683,0.13095238095238096,0.5158730158730159,0.7698412698412699,0.47619047619047616,0.29365079365079366,0.6542702380952381,0.17640674603174605,0.04021904761904762,0.043668650793650794,0.08543174603174604,0.22748809523809524,0.5578761904761905,0.21463769841269842,-0.012850396825396824
2024-07-31,0.1864864864864865,0.44594594594594594,0.04864864864864865,0.1810810810810811,0.1783783783783784,0.12972972972972974,0.1,0.372972972972973,0.7243243243243244,0.41621621621621624,0.3081081081081081,0.6781654054054054,0.1798427027027027,0.04475837837837838,0.036131621621621625,0.061103513513513515,0.1577045945945946,0.6575635135135135,0.18473567567567567,0.02703108108108108
2024-08-01,0.2317596566523605,0.45064377682403434,0.11587982832618025,0.2017167381974249,0.18454935622317598,0.1759656652360515,0.14163090128755365,0.7081545064377682,1.1030042918454936,0.463519313304721,0.6394849785407726,0.6784605150214592,0.1580420600858369,0.040303862660944205,0.03455236051502146,0.0886381974248927,0.21684549356223176,0.5992579399141631,0.18389356223175965,-0.032951931330472105
2024-08-02,0.1781609195402299,0.40804597701149425,0.07183908045977011,0.1810344827586207,0.1810344827586207,0.1724137931034483,0.10057471264367816,0.5086206896551724,0.9339080459770115,0.47413793103448276,0.45977011494252873,0.5964836206896552,0.22181724137931036,0.05083994252873563,0.04241293103448276,0.08845,0.2602824712643678,0.5875272988505746,0.1521844827586207,-0.10809798850574712
2024-08-03,0.17061611374407584,0.23696682464454977,0.15639810426540285,0.2796208530805687,0.13270142180094788,0.26540284360189575,0.08056872037914692,0.36492890995260663,0.7014218009478673,0.4928909952606635,0.20853080568720378,0.640132701421801,0.19190521327014218,0.060470142180094784,0.03843744075829384,0.06905734597156397,0.21291421800947868,0.6668791469194313,0.12020473933649288,-0.09270947867298578
2024-08-04,0.17088607594936708,0.47468354430379744,0.10126582278481013,0.2088607594936709,0.23417721518987342,0.16455696202531644,0.15822784810126583,0.569620253164557,1.0,0.4873417721518987,0.5126582278481012,0.626186075949367,0.18954240506329115,0.04995063291139241,0.03681518987341772,0.09751329113924051,0.1756974683544304,0.6538981012658228,0.17041455696202532,-0.00528291139240506
2024-08-05,0.20973782771535582,0.5056179775280899,0.10486891385767791,0.25842696629213485,0.27715355805243447,0.23595505617977527,0.1797752808988764,0.5580524344569289,0.8651685393258427,0.5655430711610487,0.299625468164794,0.5872820224719102,0.22362022471910112,0.046570411985018725,0.045001123595505614,0.0975243445692884,0.2661014981273408,0.5759258426966292,0.1579794007490637,-0.10812209737827716
2024-08-06,0.19932432432432431,0.4391891891891892,0.08783783783783784,0.17905405405405406,0.17567567567567569,0.15202702702702703,0.16554054054054054,0.5067567567567568,0.8952702702702703,0.4527027027027027,0.44256756756756754,0.6546060810810811,0.1794993243243243,0.04078918918918919,0.03986013513513514,0.08524628378378378,0.1639560810810811,0.6758226351351351,0.16022398648648647,-0.0037320945945945963
2024-08-07,0.15824915824915825,0.3939393939393939,0.08417508417508418,0.15488215488215487,0.1447811447811448,0.15151515151515152,0.08417508417508418,0.3164983164983165,0.67003367003367,0.4074074074074074,0.26262626262626265,0.6456296296296297,0.17723569023569025,0.04292895622895623,0.03404983164983165,0.10015656565656567,0.1642885521885522,0.6771794612794613,0.15853097643097644,-0.0057575757575757565
2024-08-08,0.24916943521594684,0.38205980066445183,0.1362126245847176,0.292358803986711,0.16279069767441862,0.15946843853820597,0.13953488372093023,0.3920265780730897,0.7641196013289037,0.5382059800664452,0.22591362126245848,0.6435212624584719,0.1748764119601329,0.04565747508305648,0.04406079734219269,0.09188305647840532,0.18086976744186048,0.6455631229235881,0.17356644518272424,-0.007303322259136212
2024-08-09,0.1872791519434629,0.37809187279151946,0.09187279151943463,0.21554770318021202,0.18021201413427562,0.1625441696113074,0.13427561837455831,0.4381625441696113,0.7950530035335689,0.4169611307420495,0.37809187279151946,0.6939102473498233,0.1414904593639576,0.04236643109540636,0.036857950530035336,0.08537385159010602,0.1608512367491166,0.6322681978798587,0.20687703180212014,0.04602579505300353
2024-08-10,0.1836734693877551,0.25170068027210885,0.08163265306122448,0.23809523809523808,0.20408163265306123,0.14965986394557823,0.1360544217687075,0.3945578231292517,0.7687074829931972,0.3469387755102041,0.4217687074829932,0.6514836734693877,0.15294081632653062,0.04370068027210885,0.03876734693877551,0.11311292517006803,0.15933877551020406,0.7307503401360544,0.10991768707482995,-0.04942108843537415
2024-08-11,0.22440944881889763,0.3425196850393701,0.1062992125984252,0.23622047244094488,0.13385826771653545,0.2283464566929134,0.11811023622047244,0.5275590551181102,0.8543307086614174,0.4921259842519685,0.36220472440944884,0.6781507874015749,0.16648740157480313,0.03809763779527559,0.043244488188976374,0.0740240157480315,0.18328188976377954,0.6598220472440944,0.15689763779527557,-0.02638425196850394
2024-08-12,0.12749003984063745,0.4103585657370518,0.08366533864541832,0.14741035856573706,0.21115537848605578,0.1752988047808765,0.11952191235059761,0.5258964143426295,0.8007968127490039,0.3545816733067729,0.44621513944223107,0.627130278884462,0.19014661354581672,0.03535657370517928,0.0376398406374502,0.10972350597609562,0.1333964143426295,0.72731593625498,0.13929003984063743,0.005893625498007968
2024-08-13,0.16129032258064516,0.4377880184331797,0.07373271889400922,0.2488479262672811,0.19815668202764977,0.22119815668202766,0.10138248847926268,0.6267281105990783,1.1889400921658986,0.47465437788018433,0.7142857142857143,0.7075571428571428,0.13238525345622118,0.03570506912442396,0.04955483870967742,0.07480092165898618,0.09856405529953917,0.7854815668202765,0.11595668202764978,0.0173926267281106
2024-08-14,0.11369509043927649,0.34366925064599485,0.06201550387596899,0.14987080103359174,0.19638242894056848,0.1343669250645995,0.10335917312661498,0.4754521963824289,0.8578811369509044,0.4160206718346253,0.4418604651162791,0.6694855297157623,0.17050826873385014,0.03787312661498708,0.037269509043927646,0.08485607235142119,0.17715426356589148,0.6415824289405685,0.18126640826873383,0.004112144702842376
2024-08-15,0.11297071129707113,0.3263598326359833,0.06694560669456066,0.1589958158995816,0.16736401673640167,0.12133891213389121,0.13807531380753138,0.34309623430962344,0.8786610878661087,0.301255230125523,0.5774058577405857,0.6663694560669456,0.19053138075313808,0.03497112970711297,0.03994016736401674,0.06818870292887029,0.12933096234309624,0.6376146443514645,0.2330560669456067,0.10372510460251046
2024-08-16,0.14615384615384616,0.2846153846153846,0.09230769230769231,0.17692307692307693,0.18076923076923077,0.14615384615384616,0.10384615384615385,0.39615384615384613,0.8538461538461538,0.36538461538461536,0.48846153846153845,0.6096392307692308,0.22664692307692305,0.04169384615384616,0.042157307692307695,0.07985769230769231,0.17133115384615386,0.6798684615384616,0.14880000000000002,-0.022531153846153847
2024-08-17,0.09836065573770492,0.3224043715846995,0.03825136612021858,0.15300546448087432,0.12021857923497267,0.09289617486338798,0.08196721311475409,0.26229508196721313,0.6229508196721312,0.26229508196721313,0.36065573770491804,0.6707049180327869,0.1565879781420765,0.0422672131147541,0.04621912568306011,0.08421420765027322,0.1458262295081967,0.7218229508196722,0.13234207650273222,-0.013484153005464482
2024-08-18,0.1359773371104816,0.38243626062322944,0.10198300283286119,0.18413597733711048,0.22946175637393768,0.1359773371104816,0.09631728045325778,0.47592067988668557,1.1699716713881019,0.3909348441926346,0.7790368271954674,0.6800957507082153,0.17759773371104817,0.03502351274787536,0.038510481586402266,0.06877110481586401,0.13312917847025496,0.6380949008498583,0.22877620396600565,0.0956470254957507
2024-08-19,0.16783216783216784,0.3881118881118881,0.04195804195804196,0.15384615384615385,0.1888111888111888,0.1048951048951049,0.13636363636363635,0.4230769230769231,0.8461538461538461,0.32167832167832167,0.5244755244755245,0.7024433566433567,0.1485548951048951,0.03448111888111888,0.03809440559440559,0.07643006993006994,0.11946328671328671,0.7186262237762238,0.16191083916083915,0.042447552447552446
2024-08-20,0.11153846153846154,0.4,0.07692307692307693,0.14615384615384616,0.16538461538461538,0.15384615384615385,0.16538461538461538,0.4230769230769231,0.7346153846153847,0.36153846153846153,0.3730769230769231,0.6420411538461539,0.17844153846153846,0.039439230769230775,0.059830769230769236,0.08025076923076924,0.14501846153846154,0.6928723076923078,0.16211576923076923,0.017097307692307693
2024-08-21,0.13004484304932734,0.35874439461883406,0.04932735426008968,0.13901345291479822,0.21524663677130046,0.11659192825112108,0.08071748878923767,0.5201793721973094,0.7802690582959642,0.3004484304932735,0.4798206278026906,0.7008686098654708,0.1623982062780269,0.03651121076233184,0.03656233183856502,0.06366143497757848,0.1031713004484305,0.758227802690583,0.13859775784753364,0.03542645739910314
2024-08-22,0.1596958174904943,0.38783269961977185,0.07984790874524715,0.17490494296577946,0.19011406844106463,0.155893536121673,0.155893536121673,0.4524714828897338,0.8859315589353612,0.41825095057034223,0.467680608365019,0.6593631178707224,0.18419885931558935,0.03787300380228137,0.029512547528517112,0.08904372623574146,0.17560722433460077,0.6795057034220533,0.1448874524714829,-0.03071977186311787
2024-08-23,0.11583011583011583,0.32432432432432434,0.08494208494208494,0.1583011583011583,0.18146718146718147,0.16602316602316602,0.15444015444015444,0.3938223938223938,0.7953667953667953,0.41312741312741313,0.38223938223938225,0.5828706563706564,0.22465212355212355,0.04378764478764478,0.040154054054054054,0.10853397683397682,0.14191853281853284,0.7106463320463321,0.14742895752895754,0.005510424710424709
2024-08-24,0.11052631578947368,0.35789473684210527,0.07894736842105263,0.15789473684210525,0.15263157894736842,0.12631578947368421,0.09473684210526316,0.45263157894736844,0.7578947368421053,0.34210526315789475,0.41578947368421054,0.6999547368421053,0.17026315789473684,0.03073368421052632,0.03311578947368421,0.06593842105263158,0.19087263157894735,0.6620842105263158,0.14704947368421054,-0.04382315789473684
2024-08-25,0.14634146341463414,0.33170731707317075,0.1073170731707317,0.14146341463414633,0.17073170731707318,0.12682926829268293,0.1024390243902439,0.5317073170731708,0.9024390243902439,0.36585365853658536,0.5365853658536586,0.6328136585365853,0.19176634146341465,0.042664390243902436,0.043019512195121956,0.08973902439024391,0.13349073170731707,0.7458873170731708,0.12061902439024391,-0.01287170731707317
2024-08-26,0.20224719101123595,0.3333333333333333,0.0898876404494382,0.18352059925093633,0.15355805243445692,0.1198501872659176,0.14606741573033707,0.33707865168539325,0.7677902621722846,0.3857677902621723,0.38202247191011235,0.7109932584269663,0.14917078651685395,0.0349434456928839,0.03208389513108614,0.07280936329588016,0.12116853932584268,0.7180153558052434,0.16081685393258427,0.03964831460674157
2024-08-27,0.18008474576271186,0.4258474576271186,0.08050847457627118,0.2669491525423729,0.211864406779661,0.1652542372881356,0.1292372881355932,0.5127118644067796,0.8707627118644068,0.4555084745762712,0.4152542372881356,0.6636338983050848,0.16910762711864405,0.035429872881355934,0.04711228813559322,0.0847177966101695,0.18389851694915255,0.5554849576271186,0.26061694915254235,0.07671843220338984
2024-08-28,0.17006802721088435,0.42630385487528344,0.06802721088435375,0.17006802721088435,0.23582766439909297,0.1564625850340136,0.13151927437641722,0.5487528344671202,0.8775510204081632,0.35600907029478457,0.5215419501133787,0.6479780045351474,0.15044603174603174,0.05474920634920635,0.06090657596371882,0.08591814058956916,0.14041179138321996,0.6428834467120181,0.21670136054421768,0.07628956916099774
2024-08-29,0.19186046511627908,0.3953488372093023,0.06395348837209303,0.18895348837209303,0.22093023255813954,0.1569767441860465,0.11627906976744186,0.40988372093023256,0.8284883720930233,0.4127906976744186,0.41569767441860467,0.6581869186046512,0.16797093023255816,0.034402034883720935,0.04942936046511628,0.09001250000000001,0.1613313953488372,0.615177034883721,0.2234918604651163,0.06216046511627907
2024-08-30,0.1396103896103896,0.32792207792207795,0.08116883116883117,0.17207792207792208,0.14935064935064934,0.15584415584415584,0.11363636363636363,0.461038961038961,0.7987012987012987,0.32792207792207795,0.4707792207792208,0.6863162337662337,0.1575551948051948,0.034100649350649354,0.03739155844155844,0.08463733766233766,0.1458211038961039,0.6791340909090909,0.17504285714285717,0.029221753246753246
2024-08-31,0.15719063545150502,0.4280936454849498,0.06354515050167224,0.21739130434782608,0.2040133779264214,0.1605351170568562,0.14381270903010032,0.5083612040133779,0.8996655518394648,0.45484949832775917,0.44481605351170567,0.6456959866220735,0.18763177257525085,0.043346822742474915,0.03572073578595318,0.08760535117056856,0.13517826086956522,0.7111086956521739,0.15371471571906356,0.018536454849498327
2024-09-01,0.2,0.42962962962962964,0.1037037037037037,0.24444444444444444,0.2518518518518518,0.21481481481481482,0.15555555555555556,0.5555555555555556,1.037037037037037,0.48148148148148145,0.5555555555555556,0.7424192592592593,0.13902962962962961,0.034987407407407405,0.02692,0.05665185185185185,0.14891555555555555,0.712014074074074,0.13907925925925926,-0.009836296296296296
2024-09-02,0.19591836734693877,0.37142857142857144,0.09387755102040816,0.2,0.11428571428571428,0.17142857142857143,0.07755102040816327,0.4448979591836735,0.8204081632653061,0.45714285714285713,0.363265306122449,0.692524081632653,0.15743714285714286,0.03315551020408164,0.03284448979591837,0.08402816326530613,0.1354126530612245,0.6846995918367347,0.1798865306122449,0.04447387755102041
2024-09-03,0.15808823529411764,0.4007352941176471,0.08823529411764706,0.11764705882352941,0.1948529411764706,0.09558823529411764,0.11397058823529412,0.5625,0.9705882352941176,0.4227941176470588,0.5477941176470589,0.6540838235294117,0.1777158088235294,0.03529448529411765,0.047646691176470586,0.08526286764705883,0.1252639705882353,0.6955963235294118,0.1791448529411765,0.053880882352941174
2024-09-04,0.22897196261682243,0.3925233644859813,0.07242990654205607,0.2336448598130841,0.19158878504672897,0.25,0.13551401869158877,0.42757009345794394,0.7336448598130841,0.5700934579439252,0.16355140186915887,0.641251168224299,0.19056308411214956,0.05156331775700934,0.045880373831775706,0.07074532710280373,0.2727855140186916,0.5834901869158878,0.14372102803738318,-0.12906448598130843
2024-09-05,0.14015151515151514,0.42803030303030304,0.06439393939393939,0.16287878787878787,0.2196969696969697,0.17803030303030304,0.14015151515151514,0.5454545454545454,0.8939393939393939,0.3181818181818182,0.5757575757575758,0.6313136363636364,0.1985727272727273,0.0393405303030303,0.03955075757575757,0.09122537878787879,0.14582954545454546,0.7173397727272728,0.13682992424242424,-0.008999621212121212
2024-09-06,0.17559523809523808,0.4642857142857143,0.08928571428571429,0.13690476190476192,0.23214285714285715,0.1875,0.14285714285714285,0.5297619047619048,0.9523809523809523,0.4732142857142857,0.4791666666666667,0.6404294642857143,0.17635267857142858,0.045760714285714287,0.04237261904761905,0.09508392857142857,0.17418809523809525,0.656353869047619,0.16945595238095237,-0.004732142857142859
2024-09-07,0.16216216216216217,0.2882882882882883,0.10810810810810811,0.17567567567567569,0.2072072072072072,0.13963963963963963,0.13063063063063063,0.36936936936936937,0.7297297297297297,0.2972972972972973,0.43243243243243246,0.6110121621621621,0.22162207207207207,0.04426396396396397,0.031405855855855855,0.0916990990990991,0.12641441441441442,0.7194801801801802,0.15410675675675675,0.027692342342342344
2024-09-08,0.18627450980392157,0.27941176470588236,0.10784313725490197,0.25980392156862747,0.11764705882352941,0.2549019607843137,0.08823529411764706,0.37254901960784315,0.6911764705882353,0.4215686274509804,0.2696078431372549,0.5994406862745097,0.22754264705882354,0.045367156862745096,0.044419607843137254,0.08322892156862745,0.13797696078431373,0.7180186274509803,0.14400637254901963,0.006029411764705882
2024-09-09,0.19424460431654678,0.3920863309352518,0.0683453237410072,0.19784172661870503,0.18705035971223022,0.10431654676258993,0.09712230215827339,0.4172661870503597,0.89568345323741,0.33093525179856115,0.564748201438849,0.5893888489208633,0.2397064748201439,0.048144244604316544,0.03996402877697842,0.0827974820143885,0.17444352517985612,0.588939928057554,0.23661654676258992,0.06217302158273381
2024-09-10,0.1366906474820144,0.4712230215827338,0.10431654676258993,0.18705035971223022,0.2446043165467626,0.1618705035971223,0.14028776978417265,0.6258992805755396,1.0107913669064748,0.42805755395683454,0.5827338129496403,0.6727687050359712,0.1621230215827338,0.044351438848920864,0.04272194244604317,0.07803561151079136,0.14078525179856116,0.6477539568345324,0.21146115107913668,0.07067589928057554
2024-09-11,0.1393188854489164,0.3931888544891641,0.09907120743034056,0.17956656346749225,0.18575851393188855,0.13622291021671826,0.16408668730650156,0.5263157894736842,0.9752321981424149,0.34055727554179566,0.6346749226006192,0.6433489164086688,0.19544365325077398,0.03951269349845201,0.03612167182662539,0.08556996904024768,0.13426037151702788,0.7320708978328173,0.13366996904024767,-0.0005904024767801846
2024-09-12,0.16834170854271358,0.5276381909547738,0.0829145728643216,0.20100502512562815,0.23618090452261306,0.21105527638190955,0.1658291457286432,0.628140703517588,1.020100502512563,0.4648241206030151,0.5552763819095478,0.622561055276382,0.1849532663316583,0.044127386934673364,0.044637688442211054,0.10371934673366834,0.21755000000000002,0.5635042713567839,0.2189467336683417,0.0013967336683417093
2024-09-13,0.13855421686746988,0.3253012048192771,0.0963855421686747,0.18072289156626506,0.18072289156626506,0.0783132530120482,0.0783132530120482,0.4879518072289157,0.8313253012048193,0.30120481927710846,0.5301204819277109,0.6872542168674699,0.17377710843373495,0.030399397590361442,0.03386566265060241,0.07470481927710844,0.11279457831325301,0.7201084337349397,0.16709879518072288,0.054304216867469876
2024-09-14,0.17365269461077845,0.4161676646706587,0.08982035928143713,0.24251497005988024,0.25149700598802394,0.1437125748502994,0.19461077844311378,0.5568862275449101,0.9730538922155688,0.3712574850299401,0.6017964071856288,0.6205041916167665,0.20491796407185628,0.03948892215568862,0.05254221556886227,0.08254491017964072,0.16467964071856286,0.6263511976047904,0.2089694610778443,0.04428982035928144
2024-09-15,0.1282051282051282,0.3333333333333333,0.05128205128205128,0.1346153846153846,0.12179487179487179,0.11538461538461539,0.07051282051282051,0.36538461538461536,0.9294871794871795,0.32051282051282054,0.6089743589743589,0.6280141025641026,0.20802307692307692,0.034069871794871795,0.03679487179487179,0.09309230769230768,0.13149102564102563,0.7235256410256411,0.1449801282051282,0.013489102564102563
2024-09-16,0.1415929203539823,0.5103244837758112,0.038348082595870206,0.17404129793510326,0.24778761061946902,0.1504424778761062,0.2153392330383481,0.6194690265486725,1.1651917404129795,0.4218289085545723,0.7433628318584071,0.6842672566371681,0.13941799410029498,0.03350117994100295,0.044272566371681414,0.0985410029498525,0.12187728613569322,0.6101988200589971,0.2679256637168142,0.14604837758112094
2024-09-17,0.1314878892733564,0.45674740484429066,0.06920415224913495,0.1522491349480969,0.2768166089965398,0.14878892733564014,0.16608996539792387,0.5882352941176471,1.0311418685121108,0.3460207612456747,0.6851211072664359,0.6501162629757785,0.17164221453287196,0.04057301038062284,0.04339792387543252,0.09426851211072665,0.14939723183391004,0.6646456747404845,0.18595536332179932,0.03655813148788928
2024-09-18,0.2818181818181818,0.4636363636363636,0.06818181818181818,0.25,0.23636363636363636,0.16818181818181818,0.10454545454545454,0.5818181818181818,1.1,0.4681818181818182,0.6318181818181818,0.6607022727272728,0.14837318181818182,0.03839909090909091,0.05373772727272728,0.09878999999999999,0.14346,0.6280168181818182,0.22852545454545453,0.08506545454545454
2024-09-19,0.11666666666666667,0.49444444444444446,0.05555555555555555,0.2222222222222222,0.3111111111111111,0.19444444444444445,0.15,0.7111111111111111,1.0611111111111111,0.48333333333333334,0.5777777777777777,0.7121316666666666,0.11668833333333334,0.028485,0.05487888888888889,0.087825,0.14561666666666667,0.6125338888888889,0.2418477777777778,0.09623111111111111
2024-09-20,0.08056872037914692,0.41232227488151657,0.0995260663507109,0.18009478672985782,0.2132701421800948,0.13744075829383887,0.1895734597156398,0.6303317535545023,1.0,0.3744075829383886,0.6255924170616114,0.7249507109004739,0.12251848341232228,0.03064218009478673,0.053036966824644545,0.0688611374407583,0.151178672985782,0.7095725118483412,0.1392516587677725,-0.011927014218009478
2024-09-21,0.19424460431654678,0.460431654676259,0.1079136690647482,0.19424460431654678,0.2014388489208633,0.17985611510791366,0.14388489208633093,0.3237410071942446,0.6474820143884892,0.460431654676259,0.18705035971223022,0.6758726618705035,0.17808776978417268,0.0439726618705036,0.031146762589928056,0.07091654676258993,0.17507553956834532,0.7232877697841728,0.101631654676259,-0.07344388489208634
2024-09-22,0.061068702290076333,0.24427480916030533,0.1297709923664122,0.2824427480916031,0.12213740458015267,0.16793893129770993,0.061068702290076333,0.35877862595419846,0.7862595419847328,0.32061068702290074,0.46564885496183206,0.6639251908396946,0.16921145038167937,0.05708396946564885,0.03399618320610687,0.07578473282442748,0.15990152671755725,0.6903816793893129,0.14971679389312978,-0.01018473282442748
2024-09-23,0.15753424657534246,0.3801369863013699,0.06164383561643835,0.2568493150684932,0.21575342465753425,0.1506849315068493,0.06506849315068493,0.6335616438356164,1.2123287671232876,0.4075342465753425,0.8047945205479452,0.7119575342465754,0.13621438356164384,0.0353791095890411,0.03865171232876712,0.07780513698630137,0.11931678082191781,0.6024325342465754,0.2782496575342466,0.15893287671232878
2024-09-24,0.18009478672985782,0.33175355450236965,0.0995260663507109,0.1848341232227488,0.22748815165876776,0.14218009478672985,0.13744075829383887,0.5497630331753555,1.1090047393364928,0.38388625592417064,0.7251184834123223,0.6947900473933649,0.1298862559241706,0.029736018957345973,0.04497203791469195,0.10061848341232227,0.08941232227488151,0.7275644549763033,0.18302464454976305,0.0936123222748815
2024-09-25,0.16908212560386474,0.5217391304347826,0.10144927536231885,0.22705314009661837,0.2318840579710145,0.1642512077294686,0.08695652173913043,0.5217391304347826,0.9855072463768116,0.4782608695652174,0.5072463768115942,0.6839299516908213,0.1649816425120773,0.04396763285024154,0.03822222222222222,0.06890676328502415,0.1907342995169082,0.6393541062801933,0.1699096618357488,-0.02082463768115942
2024-09-26,0.09183673469387756,0.336734693877551,0.04081632653061224,0.12755102040816327,0.15306122448979592,0.14285714285714285,0.10204081632653061,0.41836734693877553,0.8061224489795918,0.34183673469387754,0.4642857142857143,0.720929081632653,0.14150255102040818,0.03130714285714286,0.03255255102040816,0.07370102040816326,0.11281836734693879,0.6966857142857142,0.19049438775510205,0.07767602040816327
2024-09-27,0.04878048780487805,0.22439024390243903,0.03902439024390244,0.05853658536585366,0.11707317073170732,0.04390243902439024,0.07804878048780488,0.2975609756097561,0.6439024390243903,0.18536585365853658,0.4585365853658537,0.689698536585366,0.14759121951219512,0.033376097560975614,0.04383219512195122,0.08551024390243901,0.08418829268292684,0.791240487804878,0.12458048780487806,0.04039219512195122
2024-09-28,0.1645021645021645,0.4199134199134199,0.08658008658008658,0.19047619047619047,0.20346320346320346,0.11255411255411256,0.12554112554112554,0.5194805194805194,1.0562770562770563,0.35064935064935066,0.7056277056277056,0.6177259740259741,0.19086883116883116,0.05366103896103896,0.049984848484848486,0.08776190476190476,0.10732294372294372,0.7372484848484848,0.15542943722943725,0.04810649350649351
2024-09-29,0.07874015748031496,0.36220472440944884,0.07874015748031496,0.11811023622047244,0.1732283464566929,0.11811023622047244,0.08661417322834646,0.48031496062992124,0.7952755905511811,0.30708661417322836,0.4881889763779528,0.6620244094488189,0.16926850393700787,0.03616141732283465,0.046454330708661416,0.08608976377952757,0.08074094488188976,0.7873708661417322,0.13189291338582676,0.05115196850393701
2024-09-30,0.09134615384615384,0.375,0.07692307692307693,0.1778846153846154,0.14423076923076922,0.08653846153846154,0.09134615384615384,0.4423076923076923,0.7884615384615384,0.3557692307692308,0.4326923076923077,0.6584721153846154,0.14822163461538462,0.03675865384615385,0.05266923076923077,0.10387596153846154,0.08785048076923077,0.7581331730769231,0.15401490384615385,0.06616442307692308
2024-10-01,0.25092250922509224,0.46863468634686345,0.08118081180811808,0.31365313653136534,0.22878228782287824,0.22509225092250923,0.12546125461254612,0.5608856088560885,1.099630996309963,0.5092250922509225,0.5904059040590406,0.6771619926199262,0.1626741697416974,0.03836789667896679,0.03856383763837639,0.08323321033210332,0.19234686346863467,0.6591789667896678,0.14848007380073802,-0.04386678966789668
2024-10-02,0.18421052631578946,0.42105263157894735,0.08771929824561403,0.19736842105263158,0.24561403508771928,0.16228070175438597,0.14035087719298245,0.6403508771929824,1.0789473684210527,0.4166666666666667,0.6622807017543859,0.691403947368421,0.1469078947368421,0.04544473684210526,0.03990219298245614,0.07634342105263159,0.1032951754385965,0.7448293859649123,0.15187850877192985,0.04858333333333333
2024-10-03,0.16666666666666666,0.48412698412698413,0.09523809523809523,0.19047619047619047,0.23809523809523808,0.23015873015873015,0.16666666666666666,0.5476190476190477,0.8174603174603174,0.3492063492063492,0.46825396825396826,0.7067253968253968,0.13215476190476189,0.034152380952380955,0.038125396825396826,0.08884603174603174,0.08796349206349206,0.7321253968253968,0.17990555555555554,0.09194206349206349
2024-10-04,0.23870967741935484,0.4,0.0967741935483871,0.16129032258064516,0.2967741935483871,0.17419354838709677,0.21935483870967742,0.632258064516129,1.032258064516129,0.4129032258064516,0.6193548387096774,0.6548464516129032,0.1777858064516129,0.035961935483870965,0.03985612903225806,0.09154774193548387,0.1261348387096774,0.6491883870967742,0.22468129032258066,0.09854645161290322
2024-10-05,0.12578616352201258,0.3270440251572327,0.06918238993710692,0.1761006289308176,0.18867924528301888,0.11949685534591195,0.09433962264150944,0.5031446540880503,1.1886792452830188,0.2893081761006289,0.89937106918239,0.6531528301886792,0.18118553459119496,0.03523018867924529,0.043336477987421386,0.08709056603773585,0.1523301886792453,0.7079150943396226,0.13975471698113207,-0.012575471698113206
2024-10-06,0.16494845360824742,0.32989690721649484,0.030927835051546393,0.12371134020618557,0.20618556701030927,0.12371134020618557,0.1134020618556701,0.6288659793814433,0.9587628865979382,0.29896907216494845,0.6597938144329897,0.6953402061855669,0.13107113402061857,0.04006082474226804,0.048222680412371134,0.0853,0.09872268041237113,0.7756814432989692,0.1256,0.026877319587628866
2024-10-07,0.128,0.408,0.04,0.168,0.184,0.192,0.152,0.56,0.976,0.408,0.568,0.64002,0.17328559999999998,0.0445224,0.045248800000000006,0.0969272,0.12900319999999998,0.7516688,0.1193224,-0.009680800000000002
2024-10-08,0.21160409556313994,0.3651877133105802,0.09897610921501707,0.27303754266211605,0.15017064846416384,0.23890784982935154,0.20477815699658702,0.37542662116040953,0.7337883959044369,0.6348122866894198,0.09897610921501707,0.6158194539249147,0.1960976109215017,0.05411160409556314,0.045980887372013654,0.08798566552901023,0.21171331058020476,0.6397453924914676,0.14853924914675767,-0.0631740614334471
2024-10-09,0.14785992217898833,0.36964980544747084,0.05058365758754864,0.1556420233463035,0.17509727626459143,0.11284046692607004,0.058365758754863814,0.4163424124513619,0.77431906614786,0.3463035019455253,0.4280155642023346,0.6757217898832685,0.17496653696498055,0.029611284046692606,0.03648677042801557,0.08321517509727626,0.16047937743190663,0.6248832684824903,0.21463929961089495,0.05415992217898833
2024-10-10,0.14698162729658792,0.4199475065616798,0.07874015748031496,0.2152230971128609,0.27296587926509186,0.14698162729658792,0.11023622047244094,0.6902887139107612,1.2257217847769029,0.4015748031496063,0.8241469816272966,0.6543207349081365,0.15446089238845145,0.031693438320209974,0.05353543307086614,0.10598451443569554,0.10275065616797902,0.6086695538057743,0.2885787401574803,0.18582808398950132
2024-10-11,0.16551724137931034,0.4517241379310345,0.06206896551724138,0.16206896551724137,0.16551724137931034,0.13793103448275862,0.1206896551724138,0.5620689655172414,0.9758620689655172,0.3724137931034483,0.603448275862069,0.6707493103448277,0.14054241379310345,0.042206206896551725,0.05160103448275862,0.09489724137931034,0.11450034482758621,0.6959920689655172,0.1895065517241379,0.07500620689655173
2024-10-12,0.1262135922330097,0.23786407766990292,0.043689320388349516,0.18932038834951456,0.15048543689320387,0.12135922330097088,0.0825242718446602,0.3786407766990291,0.7135922330097088,0.3155339805825243,0.39805825242718446,0.6523694174757282,0.17985776699029127,0.041104854368932034,0.03387621359223301,0.09278009708737864,0.11538252427184466,0.7445941747572816,0.14002233009708737,0.02463980582524272
2024-10-13,0.11952191235059761,0.29880478087649404,0.099601593625498,0.29880478087649404,0.3386454183266932,0.11553784860557768,0.1593625498007968,0.7131474103585658,1.155378486055777,0.350597609561753,0.8047808764940239,0.6611490039840637,0.17807250996015936,0.030758964143426295,0.03597211155378486,0.09404262948207172,0.11795577689243028,0.7266741035856573,0.15537051792828685,0.037414741035856576
2024-10-14,0.21739130434782608,0.5731225296442688,0.10276679841897234,0.22529644268774704,0.2924901185770751,0.20553359683794467,0.1225296442687747,0.5375494071146245,1.0395256916996047,0.5889328063241107,0.4505928853754941,0.5959308300395257,0.23635217391304347,0.04900592885375494,0.03486719367588933,0.08384268774703557,0.1682324110671937,0.6462,0.18556482213438735,0.017332411067193677
2024-10-15,0.14444444444444443,0.43333333333333335,0.06111111111111111,0.16666666666666666,0.10555555555555556,0.15555555555555556,0.1,0.4,0.6944444444444444,0.4388888888888889,0.25555555555555554,0.6889627777777778,0.17721666666666666,0.03082888888888889,0.03160166666666667,0.07139555555555556,0.14375055555555555,0.6917644444444444,0.16448944444444444,0.02073888888888889
2024-10-16,0.16161616161616163,0.43434343434343436,0.0707070707070707,0.20707070707070707,0.2222222222222222,0.20707070707070707,0.1590909090909091,0.5909090909090909,0.9823232323232324,0.5252525252525253,0.45707070707070707,0.6100111111111112,0.21063914141414142,0.04141691919191919,0.03880707070707071,0.09912272727272728,0.2096540404040404,0.5797131313131313,0.2106333333333333,0.0009792929292929294
2024-10-17,0.19736842105263158,0.4440789473684211,0.08223684210526316,0.22039473684210525,0.19736842105263158,0.19407894736842105,0.12828947368421054,0.5,0.9013157894736842,0.47039473684210525,0.4309210526315789,0.6556786184210527,0.160475,0.040960855263157896,0.047315789473684214,0.09557269736842104,0.17286973684210527,0.6633430921052631,0.16378157894736842,-0.009088157894736843
2024-10-18,0.1040268456375839,0.412751677852349,0.07046979865771812,0.15771812080536912,0.20469798657718122,0.13087248322147652,0.09060402684563758,0.5637583892617449,0.8859060402684564,0.3724832214765101,0.5134228187919463,0.6016486577181208,0.22064832214765104,0.0402748322147651,0.04263355704697987,0.09479463087248322,0.15268624161073827,0.6775805369127517,0.16973187919463087,0.017045637583892617
2024-10-19,0.21634615384615385,0.40384615384615385,0.11538461538461539,0.25961538461538464,0.15384615384615385,0.23557692307692307,0.15384615384615385,0.4326923076923077,0.6442307692307693,0.47115384615384615,0.17307692307692307,0.5939033653846153,0.24557596153846153,0.03631346153846154,0.029213461538461535,0.09499326923076924,0.15342403846153846,0.7215947115384616,0.12498461538461539,-0.028439423076923077
2024-10-20,0.21645021645021645,0.39826839826839827,0.05627705627705628,0.16883116883116883,0.15584415584415584,0.15584415584415584,0.09090909090909091,0.44155844155844154,0.7662337662337663,0.36363636363636365,0.4025974025974026,0.6615731601731601,0.16777575757575758,0.03581861471861472,0.04406277056277056,0.09077056277056277,0.13870692640692642,0.7107705627705627,0.15052164502164503,0.011814718614718613
2024-10-21,0.08121827411167512,0.28426395939086296,0.07614213197969544,0.15736040609137056,0.1116751269035533,0.09137055837563451,0.07106598984771574,0.36548223350253806,0.6802030456852792,0.26903553299492383,0.41116751269035534,0.6443187817258883,0.17043401015228427,0.039279187817258886,0.05019238578680203,0.09578020304568528,0.121151269035533,0.7014477157360407,0.1774,0.056248730964467
2024-10-22,0.1423487544483986,0.3594306049822064,0.06405693950177936,0.18149466192170818,0.18149466192170818,0.11387900355871886,0.10320284697508897,0.49466192170818507,0.7793594306049823,0.33807829181494664,0.4412811387900356,0.6728935943060498,0.16006120996441284,0.034512811387900355,0.041182918149466195,0.09135053380782918,0.1341437722419929,0.6805846975088968,0.18527188612099643,0.05112811387900356
2024-10-23,0.13574660633484162,0.28054298642533937,0.07239819004524888,0.1085972850678733,0.13122171945701358,0.14479638009049775,0.09954751131221719,0.37104072398190047,0.7285067873303167,0.31221719457013575,0.416289592760181,0.671366515837104,0.17836515837104072,0.0352972850678733,0.03326153846153846,0.0817049773755656,0.12607963800904978,0.7247457013574661,0.1491683257918552,0.023088687782805428
2024-10-24,0.23796791443850268,0.42245989304812837,0.17914438502673796,0.36363636363636365,0.17647058823529413,0.2192513368983957,0.12566844919786097,0.516042780748663,1.018716577540107,0.5561497326203209,0.4625668449197861,0.6679114973262033,0.16753155080213902,0.037628877005347595,0.0483403743315508,0.07858850267379679,0.20585160427807486,0.5848909090909091,0.20926256684491978,0.0034109625668449213
2024-10-25,0.16666666666666666,0.39147286821705424,0.06589147286821706,0.1744186046511628,0.17829457364341086,0.14728682170542637,0.10465116279069768,0.44573643410852715,0.8992248062015504,0.3953488372093023,0.5038759689922481,0.6381112403100775,0.20024418604651162,0.039271317829457364,0.04114263565891473,0.08122829457364342,0.14334883720930233,0.6267748062015503,0.2298767441860465,0.08652790697674419
2024-10-26,0.09411764705882353,0.18823529411764706,0.047058823529411764,0.12352941176470589,0.09411764705882353,0.12941176470588237,0.10588235294117647,0.3941176470588235,0.6823529411764706,0.3058823529411765,0.3764705882352941,0.6670264705882353,0.18010882352941177,0.035786470588235295,0.03663294117647059,0.08044176470588235,0.15778117647058823,0.7174147058823529,0.12480235294117648,-0.03297882352941176
2024-10-27,0.1276595744680851,0.4148936170212766,0.047872340425531915,0.22872340425531915,0.18085106382978725,0.20212765957446807,0.13297872340425532,0.44148936170212766,0.7606382978723404,0.39893617021276595,0.3617021276595745,0.6168186170212766,0.2223973404255319,0.04253510638297872,0.03687712765957447,0.08137234042553192,0.13747978723404256,0.7306957446808511,0.1318186170212766,-0.005661170212765959
2024-10-28,0.11149825783972125,0.3588850174216028,0.06968641114982578,0.17073170731707318,0.10801393728222997,0.11846689895470383,0.09407665505226481,0.47038327526132406,0.8257839721254355,0.3170731707317073,0.5087108013937283,0.6530445993031359,0.17980278745644598,0.034531707317073175,0.0385020905923345,0.09411881533101045,0.134091637630662,0.7095390243902439,0.15636829268292682,0.022276655052264806
2024-10-29,0.12345679012345678,0.5102880658436214,0.04938271604938271,0.18930041152263374,0.22633744855967078,0.13580246913580246,0.1440329218106996,0.4444444444444444,0.757201646090535,0.37037037037037035,0.3868312757201646,0.6476794238683128,0.17004979423868313,0.03973950617283951,0.050162962962962965,0.09236460905349794,0.13843991769547326,0.6299514403292181,0.23161234567901234,0.09317242798353909
2024-10-30,0.12301587301587301,0.3888888888888889,0.05555555555555555,0.11904761904761904,0.20238095238095238,0.0992063492063492,0.0873015873015873,0.5714285714285714,1.0158730158730158,0.3134920634920635,0.7023809523809523,0.6168297619047619,0.18771587301587303,0.04230992063492064,0.05111190476190476,0.10202936507936508,0.15728095238095238,0.6553928571428571,0.1873218253968254,0.030040873015873014
2024-10-31,0.16387959866220736,0.36789297658862874,0.06354515050167224,0.13043478260869565,0.1505016722408027,0.14715719063545152,0.10702341137123746,0.431438127090301,0.7625418060200669,0.35785953177257523,0.40468227424749165,0.6635434782608696,0.1795066889632107,0.04065083612040134,0.03776421404682274,0.07854214046822743,0.1604227424749164,0.6829943143812709,0.15657926421404683,-0.003843478260869565
2024-11-01,0.10443037974683544,0.3860759493670886,0.060126582278481014,0.13291139240506328,0.18670886075949367,0.13291139240506328,0.10126582278481013,0.560126582278481,1.0949367088607596,0.3512658227848101,0.7436708860759493,0.6902132911392406,0.14448639240506328,0.036577848101265825,0.042301898734177217,0.08642246835443038,0.12693449367088608,0.7196332278481012,0.15343037974683546,0.026495886075949368
2024-11-02,0.15286624203821655,0.40764331210191085,0.050955414012738856,0.22929936305732485,0.19745222929936307,0.16560509554140126,0.08280254777070063,0.535031847133758,0.9426751592356688,0.43312101910828027,0.5095541401273885,0.644203821656051,0.20625668789808918,0.03793312101910828,0.03948407643312102,0.07211337579617834,0.18039936305732485,0.6835713375796179,0.13602738853503185,-0.044371974522292995
2024-11-03,0.18699186991869918,0.5040650406504065,0.07317073170731707,0.15447154471544716,0.16260162601626016,0.1951219512195122,0.0975609756097561,0.5121951219512195,1.056910569105691,0.4634146341463415,0.5934959349593496,0.6433243902439024,0.1932739837398374,0.040075609756097565,0.043765040650406505,0.0795569105691057,0.11991138211382114,0.736250406504065,0.1438349593495935,0.023923577235772358
2024-11-04,0.27413127413127414,0.4594594594594595,0.05405405405405406,0.32432432432432434,0.21621621621621623,0.15444015444015444,0.10810810810810811,0.5366795366795367,1.1737451737451738,0.6216216216216216,0.5521235521235521,0.6548660231660232,0.17864208494208492,0.032894980694980695,0.041597683397683397,0.0919992277992278,0.13127297297297297,0.6315791505791506,0.23715096525096524,0.10587799227799227
2024-11-05,0.14124293785310735,0.5310734463276836,0.05649717514124294,0.1751412429378531,0.23728813559322035,0.12994350282485875,0.07909604519774012,0.4463276836158192,1.11864406779661,0.3559322033898305,0.7627118644067796,0.6561870056497175,0.1679,0.03877457627118644,0.04277175141242938,0.09436666666666667,0.10401355932203389,0.7202564971751413,0.17573502824858758,0.07172146892655368
2024-11-06,0.25961538461538464,0.5608974358974359,0.09615384615384616,0.22435897435897437,0.3141025641025641,0.1891025641025641,0.2532051282051282,0.5865384615384616,0.9839743589743589,0.4807692307692308,0.5032051282051282,0.6025538461538462,0.20667788461538464,0.04042179487179487,0.04961121794871795,0.10073653846153846,0.14644903846153845,0.631538141025641,0.22201506410256408,0.07556602564102564
2024-11-07,0.125,0.3719512195121951,0.0701219512195122,0.18597560975609756,0.2225609756097561,0.10060975609756098,0.17378048780487804,0.4634146341463415,0.9451219512195121,0.3079268292682927,0.6371951219512195,0.6471341463414634,0.17220945121951217,0.030660060975609756,0.044613414634146344,0.10538048780487805,0.10079298780487804,0.7421746951219512,0.157027743902439,0.05623475609756098
2024-11-08,0.13978494623655913,0.3548387096774194,0.07168458781362007,0.26523297491039427,0.1827956989247312,0.1827956989247312,0.1827956989247312,0.4659498207885305,0.8566308243727598,0.48028673835125446,0.3763440860215054,0.6517587813620072,0.1807817204301075,0.04532688172043011,0.040911469534050185,0.08122508960573477,0.2031326164874552,0.5950777777777778,0.20178673835125446,-0.0013458781362007135
2024-11-09,0.1407035175879397,0.2864321608040201,0.09547738693467336,0.2613065326633166,0.18090452261306533,0.22613065326633167,0.19095477386934673,0.507537688442211,0.8793969849246231,0.3969849246231156,0.4824120603015075,0.6155241206030151,0.21140804020100504,0.0505356783919598,0.0379321608040201,0.08460301507537688,0.13549396984924622,0.7483366834170855,0.11616984924623115,-0.019324120603015076
2024-11-10,0.12244897959183673,0.3112244897959184,0.07653061224489796,0.15306122448979592,0.16326530612244897,0.15816326530612246,0.14285714285714285,0.39285714285714285,0.7908163265306123,0.3979591836734694,0.39285714285714285,0.7101877551020408,0.14853979591836736,0.03930816326530612,0.03575408163265306,0.0662158163265306,0.19921989795918368,0.705538775510204,0.09524438775510204,-0.10397551020408163
2024-11-11,0.20093457943925233,0.3037383177570093,0.102803738317757,0.14953271028037382,0.1542056074766355,0.16355140186915887,0.17289719626168223,0.4532710280373832,0.6495327102803738,0.42990654205607476,0.21962616822429906,0.662957476635514,0.1856677570093458,0.037952336448598134,0.0310696261682243,0.08235420560747664,0.1651018691588785,0.6554915887850468,0.17941074766355142,0.0143088785046729
2024-11-12,0.1495601173020528,0.4750733137829912,0.04398826979472141,0.16129032258064516,0.21700879765395895,0.16422287390029325,0.1348973607038123,0.6158357771260997,1.0586510263929618,0.4252199413489736,0.6334310850439883,0.6784533724340176,0.14335366568914956,0.0389058651026393,0.04937478005865103,0.08990762463343109,0.1196882697947214,0.6952108504398827,0.18510615835777128,0.06541788856304985
2024-11-13,0.1526479750778816,0.3707165109034268,0.08411214953271028,0.16510903426791276,0.1838006230529595,0.14953271028037382,0.1308411214953271,0.4766355140186916,0.9532710280373832,0.3644859813084112,0.5887850467289719,0.6529411214953271,0.1769286604361371,0.039111838006230526,0.04368598130841121,0.08733146417445482,0.17041962616822431,0.6528239875389408,0.1767526479750779,0.006333021806853583
2024-11-14,0.16379310344827586,0.3620689655172414,0.07327586206896551,0.22413793103448276,0.17672413793103448,0.1853448275862069,0.125,0.4525862068965517,0.9051724137931034,0.49137931034482757,0.41379310344827586,0.6550905172413792,0.18541120689655172,0.0413125,0.03995560344827586,0.07822413793103448,0.178575,0.638175,0.18325129310344826,0.004676293103448274
2024-11-15,0.12786885245901639,0.46229508196721314,0.04918032786885246,0.1540983606557377,0.2459016393442623,0.09836065573770492,0.1180327868852459,0.6098360655737705,1.0491803278688525,0.3344262295081967,0.7147540983606557,0.6255940983606557,0.18428491803278688,0.043361967213114756,0.040262950819672134,0.10650426229508198,0.11143639344262296,0.6419006557377049,0.24666393442622953,0.13522754098360656
2024-11-16,0.16990291262135923,0.39805825242718446,0.07766990291262135,0.1796116504854369,0.18932038834951456,0.1262135922330097,0.12135922330097088,0.470873786407767,0.7378640776699029,0.36893203883495146,0.36893203883495146,0.6513936893203883,0.16892572815533982,0.03830776699029126,0.05119077669902912,0.09017961165048545,0.14559660194174756,0.6889388349514564,0.16546165048543687,0.019865048543689326
2024-11-17,0.09090909090909091,0.2636363636363636,0.031818181818181815,0.12272727272727273,0.10909090909090909,0.1,0.10454545454545454,0.41363636363636364,0.6,0.32727272727272727,0.2727272727272727,0.6318504545454546,0.22036318181818182,0.03746363636363636,0.029587272727272726,0.08073818181818182,0.1348918181818182,0.7482886363636364,0.11681863636363636,-0.018073181818181818
2024-11-18,0.15358361774744028,0.4061433447098976,0.06143344709897611,0.19112627986348124,0.20136518771331058,0.14334470989761092,0.13651877133105803,0.4778156996587031,0.8225255972696246,0.40955631399317405,0.4129692832764505,0.6238491467576792,0.20713617747440272,0.04265665529010239,0.04069044368600683,0.08566860068259385,0.155560409556314,0.6901112627986348,0.15432935153583618,-0.0012310580204778169
2024-11-19,0.12259615384615384,0.44711538461538464,0.04567307692307692,0.1658653846153846,0.24519230769230768,0.14182692307692307,0.08653846153846154,0.5480769230769231,1.0841346153846154,0.3894230769230769,0.6947115384615384,0.6591478365384614,0.17144831730769233,0.03593389423076923,0.03772235576923077,0.09574495192307693,0.11076658653846153,0.6636786057692308,0.22555456730769233,0.11478798076923077
2024-11-20,0.1388888888888889,0.39316239316239315,0.06196581196581197,0.13034188034188035,0.19230769230769232,0.1388888888888889,0.14743589743589744,0.5,1.017094017094017,0.3504273504273504,0.6666666666666666,0.6730685897435897,0.14795470085470086,0.03750149572649573,0.04996559829059829,0.09151068376068376,0.08075705128205128,0.6004826923076922,0.318759829059829,0.23800277777777779
2024-11-21,0.1786833855799373,0.4012539184952978,0.08150470219435736,0.19435736677115986,0.19122257053291536,0.15987460815047022,0.12852664576802508,0.5517241379310345,1.0940438871473355,0.322884012539185,0.7711598746081505,0.6549310344827586,0.16695423197492162,0.036447962382445145,0.050069592476489025,0.09159561128526646,0.12047836990595612,0.7078921630094044,0.17162884012539184,0.05115047021943574
2024-11-22,0.18430034129692832,0.3856655290102389,0.09215017064846416,0.24914675767918087,0.2150170648464164,0.20819112627986347,0.13651877133105803,0.5324232081911263,0.9146757679180887,0.49829351535836175,0.41638225255972694,0.6048351535836177,0.21005972696245734,0.043409215017064844,0.04419692832764505,0.09750273037542663,0.159919795221843,0.6615662116040956,0.17851535836177473,0.01859556313993174
2024-11-23,0.12195121951219512,0.2804878048780488,0.07317073170731707,0.16260162601626016,0.16666666666666666,0.13821138211382114,0.13414634146341464,0.44308943089430897,0.7967479674796748,0.4065040650406504,0.3902439024390244,0.6456971544715447,0.17790691056910568,0.039840650406504065,0.037311788617886185,0.09923780487804879,0.13825731707317074,0.7113024390243903,0.15044065040650406,0.012183333333333334
2024-11-24,0.10273972602739725,0.3732876712328767,0.04794520547945205,0.1232876712328767,0.17465753424657535,0.1267123287671233,0.1643835616438356,0.5102739726027398,0.8801369863013698,0.4212328767123288,0.4589041095890411,0.6203630136986301,0.19348869863013698,0.040682876712328765,0.04603869863013699,0.09942945205479452,0.14872020547945206,0.6600082191780822,0.1912708904109589,0.04255068493150685
2024-11-25,0.19571865443425077,0.41590214067278286,0.08868501529051988,0.2599388379204893,0.2324159021406728,0.1529051987767584,0.16819571865443425,0.5137614678899083,1.0611620795107033,0.45871559633027525,0.6024464831804281,0.6077828746177371,0.19565137614678899,0.0423651376146789,0.04761926605504587,0.10657828746177371,0.14930703363914372,0.6685813455657492,0.18211681957186543,0.03280978593272171
2024-11-26,0.2413793103448276,0.4323607427055703,0.129973474801061,0.19363395225464192,0.21485411140583555,0.13262599469496023,0.27055702917771884,0.5305039787798409,0.9442970822281167,0.53315649867374,0.41114058355437666,0.6672283819628647,0.1433838196286472,0.04707586206896551,0.047599999999999996,0.09471299734748011,0.15382201591511938,0.6478212201591512,0.1983557029177719,0.04453368700265252
2024-11-27,0.27303754266211605,0.5085324232081911,0.13310580204778158,0.24573378839590443,0.23208191126279865,0.17747440273037543,0.17406143344709898,0.552901023890785,0.8771331058020477,0.5563139931740614,0.32081911262798635,0.6616003412969282,0.185,0.04201092150170649,0.04068532423208191,0.07070307167235496,0.163460409556314,0.7113679180887372,0.12516825938566553,-0.038292150170648465
2024-11-28,0.25263157894736843,0.43157894736842106,0.09473684210526316,0.20350877192982456,0.17192982456140352,0.14035087719298245,0.1649122807017544,0.3929824561403509,0.7929824561403509,0.45964912280701753,0.3333333333333333,0.6281329824561404,0.19725964912280702,0.040323157894736845,0.03682280701754386,0.09746140350877193,0.11112070175438596,0.7300684210526316,0.15881087719298245,0.04769017543859649
2024-11-29,0.23880597014925373,0.40298507462686567,0.07960199004975124,0.15920398009950248,0.15422885572139303,0.1691542288557214,0.16417910447761194,0.4228855721393035,0.7164179104477612,0.417910447761194,0.29850746268656714,0.6867736318407961,0.16023781094527362,0.04205870646766169,0.03172636815920398,0.07920298507462686,0.09632437810945274,0.7599432835820896,0.14372985074626865,0.04740547263681592
2024-11-30,0.22857142857142856,0.34285714285714286,0.10285714285714286,0.2742857142857143,0.17714285714285713,0.2057142857142857,0.22857142857142856,0.4857142857142857,0.92,0.49714285714285716,0.4228571428571429,0.6505657142857143,0.18326399999999998,0.03603828571428572,0.04130914285714286,0.08883028571428571,0.17028628571428572,0.6790262857142857,0.15068685714285715,-0.01959942857142857
2024-12-01,0.145985401459854,0.45255474452554745,0.06934306569343066,0.12408759124087591,0.17518248175182483,0.10948905109489052,0.11678832116788321,0.48175182481751827,1.0,0.38686131386861317,0.6131386861313869,0.6909624087591241,0.12761642335766424,0.03133576642335766,0.03946824817518248,0.11061532846715327,0.09775291970802918,0.7070740875912409,0.195170802919708,0.09741788321167882
2024-12-02,0.22872340425531915,0.550531914893617,0.09840425531914894,0.2925531914893617,0.22340425531914893,0.18882978723404256,0.14893617021276595,0.5851063829787234,1.0691489361702127,0.6648936170212766,0.40425531914893614,0.6125571808510638,0.17620771276595742,0.04196595744680851,0.05414840425531915,0.11512499999999999,0.15810478723404256,0.5558696808510638,0.2860220744680851,0.12791728723404255
2024-12-03,0.216,0.376,0.104,0.204,0.208,0.128,0.184,0.432,0.78,0.424,0.356,0.6787072000000001,0.12567,0.0300896,0.0661992,0.0993384,0.1309092,0.6809708000000001,0.1881256,0.0572164
2024-12-04,0.23770491803278687,0.45491803278688525,0.12295081967213115,0.2336065573770492,0.1598360655737705,0.20491803278688525,0.22950819672131148,0.6680327868852459,1.1024590163934427,0.47950819672131145,0.6229508196721312,0.6092180327868852,0.22050081967213114,0.046276639344262294,0.04370450819672131,0.0803,0.21278360655737705,0.6312463114754099,0.1559704918032787,-0.05681311475409836
2024-12-05,0.1563517915309446,0.6058631921824105,0.09446254071661238,0.16612377850162866,0.250814332247557,0.13680781758957655,0.1270358306188925,0.5830618892508144,1.0879478827361564,0.40390879478827363,0.6840390879478827,0.6572133550488599,0.1800840390879479,0.03688762214983714,0.050763192182410426,0.07505635179153095,0.15186254071661237,0.7010576547231271,0.14708110749185668,-0.004781433224755699
2024-12-06,0.18181818181818182,0.44545454545454544,0.10909090909090909,0.22272727272727272,0.2409090909090909,0.18636363636363637,0.16818181818181818,0.7045454545454546,1.3818181818181818,0.4909090909090909,0.8909090909090909,0.6827704545454545,0.14259363636363637,0.033724090909090905,0.04790181818181818,0.0930159090909091,0.09772954545454544,0.6275636363636363,0.27470727272727274,0.17697772727272726
2024-12-07,0.1111111111111111,0.4126984126984127,0.07936507936507936,0.19047619047619047,0.14285714285714285,0.14814814814814814,0.10582010582010581,0.4126984126984127,0.8095238095238095,0.455026455026455,0.3544973544973545,0.5979740740740741,0.22983068783068783,0.04084021164021164,0.03748888888888889,0.09386931216931216,0.121294708994709,0.6809105820105821,0.19779682539682542,0.0765021164021164
2024-12-08,0.1510204081632653,0.3673469387755102,0.07346938775510205,0.17551020408163265,0.2163265306122449,0.2163265306122449,0.10204081632653061,0.49795918367346936,1.0612244897959184,0.4897959183673469,0.5714285714285714,0.6060906122448979,0.17244938775510205,0.04746081632653061,0.05435387755102041,0.11964408163265305,0.1376151020408163,0.6223208163265307,0.24006693877551022,0.10245183673469388
2024-12-09,0.1643835616438356,0.4429223744292237,0.0867579908675799,0.2557077625570776,0.2009132420091324,0.1552511415525114,0.1141552511415525,0.4885844748858447,0.8995433789954338,0.4703196347031963,0.4292237442922374,0.6119812785388128,0.1894077625570776,0.047636529680365296,0.04074383561643836,0.11022557077625571,0.23567488584474885,0.603303196347032,0.16102283105022833,-0.07465205479452056
2024-12-10,0.13653136531365315,0.31365313653136534,0.03690036900369004,0.12177121771217712,0.1881918819188192,0.11070110701107011,0.0996309963099631,0.4797047970479705,1.022140221402214,0.3284132841328413,0.6937269372693727,0.6801014760147601,0.15551955719557195,0.03384870848708487,0.05139409594095941,0.07913837638376384,0.12371365313653138,0.6595081180811808,0.2167819188191882,0.09306826568265682
2024-12-11,0.20276497695852536,0.43317972350230416,0.0967741935483871,0.24423963133640553,0.17972350230414746,0.16589861751152074,0.16589861751152074,0.41935483870967744,0.8525345622119815,0.4838709677419355,0.3686635944700461,0.676463594470046,0.161463133640553,0.03755069124423963,0.05009815668202765,0.07442534562211982,0.18965391705069123,0.6323663594470046,0.17798018433179721,-0.011673732718894011
2024-12-12,0.1407766990291262,0.4053398058252427,0.05825242718446602,0.19902912621359223,0.1941747572815534,0.14320388349514562,0.15776699029126215,0.5266990291262136,1.0266990291262137,0.46601941747572817,0.5606796116504854,0.5727468446601942,0.21267694174757282,0.04285728155339806,0.05111868932038835,0.120598786407767,0.1720152912621359,0.5953446601941748,0.2326415048543689,0.06062621359223301
2024-12-13,0.16363636363636364,0.3781818181818182,0.10545454545454545,0.21454545454545454,0.23272727272727273,0.16727272727272727,0.12727272727272726,0.5527272727272727,0.9527272727272728,0.38545454545454544,0.5672727272727273,0.6246363636363637,0.19664800000000002,0.035710181818181815,0.036443636363636366,0.10656472727272727,0.163576,0.6349363636363636,0.20148618181818184,0.037910181818181815
2024-12-14,0.1783783783783784,0.32432432432432434,0.04864864864864865,0.1891891891891892,0.1783783783783784,0.12972972972972974,0.11891891891891893,0.3945945945945946,0.6702702702702703,0.3837837837837838,0.2864864864864865,0.6420837837837837,0.15477675675675676,0.027686486486486486,0.043645945945945945,0.13180594594594594,0.1815210810810811,0.6669232432432433,0.15155081081081082,-0.02997027027027027
2024-12-15,0.16733067729083664,0.4063745019920319,0.09163346613545817,0.21115537848605578,0.22709163346613545,0.18326693227091634,0.11952191235059761,0.5219123505976095,0.896414342629482,0.3904382470119522,0.5059760956175299,0.6249490039840637,0.19252709163346615,0.04111673306772908,0.04075258964143426,0.10065059760956176,0.14587370517928286,0.6772243027888446,0.17690956175298805,0.03103585657370518
2024-12-16,0.18660287081339713,0.423444976076555,0.07416267942583732,0.20813397129186603,0.21052631578947367,0.19856459330143542,0.13157894736842105,0.47129186602870815,0.9449760765550239,0.45454545454545453,0.4904306220095694,0.6189222488038277,0.1848358851674641,0.03658564593301435,0.044034210526315794,0.1156188995215311,0.15788325358851674,0.6048406698564593,0.23727894736842103,0.0793956937799043
2024-12-17,0.12844036697247707,0.290519877675841,0.04892966360856269,0.16819571865443425,0.1651376146788991,0.14067278287461774,0.1162079510703364,0.4831804281345566,0.8440366972477065,0.37920489296636084,0.4648318042813456,0.6566996941896025,0.16917553516819572,0.0344256880733945,0.04961590214067278,0.0900782874617737,0.14556024464831804,0.6903360856269113,0.1641039755351682,0.01854373088685015
2024-12-18,0.14824797843665768,0.41778975741239893,0.07277628032345014,0.22371967654986524,0.23180592991913745,0.14285714285714285,0.09433962264150944,0.568733153638814,1.1428571428571428,0.40970350404312667,0.7331536388140162,0.6576485175202157,0.14201536388140162,0.03713773584905661,0.05563315363881402,0.10756549865229109,0.13151752021563343,0.6110622641509434,0.2574188679245283,0.12590134770889488
2024-12-19,0.1390728476821192,0.3741721854304636,0.059602649006622516,0.19205298013245034,0.17880794701986755,0.17549668874172186,0.12251655629139073,0.44039735099337746,0.8410596026490066,0.33112582781456956,0.5099337748344371,0.5737854304635761,0.2059543046357616,0.05057152317880795,0.04871026490066225,0.12098046357615894,0.18062317880794704,0.6390837748344371,0.18029139072847683,-0.0003317880794701989
2024-12-20,0.2702702702702703,0.527027027027027,0.07432432432432433,0.22635135135135134,0.25675675675675674,0.19594594594594594,0.13513513513513514,0.5405405405405406,1.1081081081081081,0.4222972972972973,0.6858108108108109,0.6276956081081081,0.16915,0.037659459459459456,0.05632297297297298,0.10916452702702703,0.15670675675675674,0.5845266891891893,0.25877195945945947,0.10206520270270271
2024-12-21,0.1925925925925926,0.34814814814814815,0.07407407407407407,0.2111111111111111,0.1962962962962963,0.14444444444444443,0.13333333333333333,0.5296296296296297,0.9703703703703703,0.48148148148148145,0.4888888888888889,0.5903981481481482,0.21931962962962961,0.036852222222222224,0.03240148148148148,0.12103333333333334,0.1681285185185185,0.6286688888888889,0.20320296296296297,0.03507444444444444
2024-12-22,0.14901960784313725,0.45098039215686275,0.06666666666666667,0.19215686274509805,0.21176470588235294,0.15294117647058825,0.13725490196078433,0.5372549019607843,0.9058823529411765,0.38823529411764707,0.5176470588235295,0.6292227450980392,0.19552,0.04402117647058824,0.04653607843137255,0.08470392156862745,0.13974039215686274,0.6629788235294117,0.19728117647058824,0.057540784313725495
2024-12-23,0.15546218487394958,0.3907563025210084,0.10084033613445378,0.23529411764705882,0.21428571428571427,0.23109243697478993,0.12184873949579832,0.5336134453781513,0.9201680672268907,0.4327731092436975,0.48739495798319327,0.6365138655462185,0.18972773109243699,0.04014915966386555,0.042004621848739494,0.0916029411764706,0.18586344537815128,0.6152903361344537,0.19884663865546218,0.012983193277310926
2024-12-24,0.19230769230769232,0.43356643356643354,0.045454545454545456,0.2727272727272727,0.15734265734265734,0.1993006993006993,0.1048951048951049,0.4370629370629371,0.7237762237762237,0.479020979020979,0.24475524475524477,0.6615863636363636,0.18649475524475523,0.0361951048951049,0.03515559440559441,0.08057482517482517,0.16428986013986013,0.6419356643356644,0.19377412587412587,0.029484265734265738
2024-12-25,0.12177121771217712,0.3837638376383764,0.07011070110701106,0.14391143911439114,0.22878228782287824,0.13284132841328414,0.11439114391143912,0.5276752767527675,0.966789667896679,0.43911439114391143,0.5276752767527675,0.691649077490775,0.15331697416974172,0.027719926199261995,0.03756125461254613,0.08974870848708487,0.12295461254612547,0.6383520295202952,0.23868929889298893,0.11573468634686347
2024-12-26,0.18503937007874016,0.49606299212598426,0.06692913385826772,0.18110236220472442,0.1732283464566929,0.15748031496062992,0.13385826771653545,0.594488188976378,1.015748031496063,0.4015748031496063,0.6141732283464567,0.6495897637795276,0.19741417322834645,0.03831850393700788,0.03239763779527559,0.0822744094488189,0.13641062992125985,0.6071307086614173,0.25645748031496063,0.12004685039370079
2024-12-27,0.1253731343283582,0.408955223880597,0.06865671641791045,0.16119402985074627,0.20298507462686566,0.14925373134328357,0.13432835820895522,0.5343283582089552,0.9253731343283582,0.3164179104477612,0.608955223880597,0.6416080597014926,0.19698835820895524,0.03691731343283582,0.028355223880597018,0.09613462686567165,0.1510955223880597,0.6082298507462687,0.24067940298507462,0.08958388059701493
2024-12-28,0.11614730878186968,0.32011331444759206,0.08498583569405099,0.12181303116147309,0.1954674220963173,0.11898016997167139,0.14447592067988668,0.6543909348441926,1.065155807365439,0.3654390934844193,0.6997167138810199,0.693628611898017,0.1487844192634561,0.029633994334277623,0.038186968838526916,0.08976685552407931,0.10487223796033994,0.678271954674221,0.21685835694050992,0.11198611898016998
2024-12-29,0.1753846153846154,0.4338461538461538,0.10461538461538461,0.23692307692307693,0.19692307692307692,0.2153846153846154,0.13230769230769232,0.6307692307692307,1.0553846153846154,0.48923076923076925,0.5661538461538461,0.6306713846153846,0.17845323076923078,0.04845969230769231,0.04020738461538461,0.102212,0.12797353846153847,0.6598003076923077,0.21222215384615384,0.08424861538461538
2024-12-30,0.1529051987767584,0.3944954128440367,0.04892966360856269,0.20489296636085627,0.18654434250764526,0.1529051987767584,0.1345565749235474,0.5229357798165137,0.8654434250764526,0.37920489296636084,0.48623853211009177,0.6385321100917432,0.19223241590214066,0.032043730886850155,0.040435779816513764,0.09675259938837921,0.10682813455657493,0.706743119266055,0.18642844036697248,0.07960030581039755
2024-12-31,0.18421052631578946,0.48830409356725146,0.06432748538011696,0.20175438596491227,0.29239766081871343,0.15497076023391812,0.17251461988304093,0.6491228070175439,0.9912280701754386,0.4824561403508772,0.5087719298245614,0.6654976608187134,0.14424122807017545,0.031202923976608187,0.04936228070175439,0.1096953216374269,0.113706432748538,0.6334964912280702,0.2527973684210526,0.13909093567251463
2025-01-01,0.16470588235294117,0.4176470588235294,0.052941176470588235,0.16470588235294117,0.16470588235294117,0.12941176470588237,0.08235294117647059,0.5352941176470588,0.9647058823529412,0.4470588235294118,0.5176470588235295,0.6801029411764705,0.15413176470588236,0.036085882352941176,0.035282941176470586,0.09439647058823529,0.12212647058823531,0.7394264705882353,0.1384464705882353,0.01632
2025-01-02,0.19272727272727272,0.4254545454545455,0.05090909090909091,0.19636363636363635,0.23272727272727273,0.1890909090909091,0.17454545454545456,0.5418181818181819,0.9636363636363636,0.6436363636363637,0.32,0.6408294545454546,0.18478836363636364,0.03152945454545455,0.044792,0.09806181818181818,0.14704763636363635,0.5747061818181818,0.2782447272727273,0.1311970909090909
2025-01-03,0.183206106870229,0.38549618320610685,0.0916030534351145,0.16793893129770993,0.20229007633587787,0.15267175572519084,0.1183206106870229,0.5648854961832062,1.0763358778625953,0.4198473282442748,0.6564885496183206,0.6902583969465649,0.14531335877862595,0.03310992366412213,0.04154656488549618,0.08977557251908397,0.14486717557251907,0.6153332061068703,0.2397996183206107,0.0949324427480916
2025-01-04,0.19066147859922178,0.45136186770428016,0.08949416342412451,0.21011673151750973,0.2723735408560311,0.17898832684824903,0.19844357976653695,0.48638132295719844,0.9182879377431906,0.5914396887159533,0.32684824902723736,0.6449054474708171,0.17761322957198444,0.03809494163424124,0.04286225680933853,0.09652684824902724,0.12560739299610896,0.6850809338521401,0.18931245136186772,0.06370505836575875
2025-01-05,0.1337579617834395,0.3057324840764331,0.05732484076433121,0.22929936305732485,0.12738853503184713,0.15286624203821655,0.050955414012738856,0.46496815286624205,0.8152866242038217,0.3630573248407643,0.45222929936305734,0.6229076433121019,0.1898484076433121,0.030956050955414014,0.04752420382165606,0.10875987261146496,0.10595732484076434,0.753187898089172,0.14085414012738853,0.0348968152866242
2025-01-06,0.16666666666666666,0.4318181818181818,0.07575757575757576,0.25,0.23106060606060605,0.17803030303030304,0.1534090909090909,0.6041666666666666,1.0738636363636365,0.4981060606060606,0.5757575757575758,0.6701621212121212,0.17470208333333334,0.0373155303030303,0.03915568181818182,0.07866439393939394,0.14887064393939395,0.5800429924242424,0.27108674242424247,0.12221609848484849
2025-01-07,0.19210977701543738,0.483704974271012,0.09605488850771869,0.1955403087478559,0.2538593481989708,0.13893653516295026,0.19039451114922812,0.5711835334476844,1.0291595197255574,0.46826758147512865,0.5608919382504288,0.6798871355060034,0.13437084048027445,0.03301612349914237,0.052842195540308744,0.09988490566037736,0.11400497427101201,0.5873799313893654,0.2986156089193825,0.1846106346483705
2025-01-08,0.20741989881956155,0.4772344013490725,0.0775716694772344,0.25295109612141653,0.25463743676222594,0.17200674536256325,0.1433389544688027,0.6323777403035413,1.0623946037099494,0.5531197301854974,0.5092748735244519,0.6056988195615514,0.2114726812816189,0.04055446880269815,0.04723912310286678,0.09503929173693086,0.1667549747048904,0.6051910623946037,0.2280566610455312,0.06130168634064081
2025-01-09,0.2426470588235294,0.4117647058823529,0.08823529411764706,0.24509803921568626,0.22794117647058823,0.17647058823529413,0.14950980392156862,0.5098039215686274,1.107843137254902,0.6225490196078431,0.4852941176470588,0.6767487745098039,0.14653799019607844,0.03507745098039216,0.05263161764705883,0.08900539215686275,0.15966053921568626,0.5246330882352941,0.3157017156862745,0.15604117647058824
2025-01-10,0.17142857142857143,0.325,0.08214285714285714,0.16071428571428573,0.11785714285714285,0.13214285714285715,0.12142857142857143,0.5035714285714286,0.8035714285714286,0.3607142857142857,0.44285714285714284,0.6762725,0.16438035714285715,0.03306214285714286,0.03992928571428571,0.08635821428571429,0.13962714285714284,0.6397325,0.22063928571428573,0.08101214285714285
2025-01-11,0.1735159817351598,0.4611872146118721,0.0684931506849315,0.136986301369863,0.228310502283105,0.1004566210045662,0.0958904109589041,0.4840182648401826,1.0410958904109588,0.4246575342465753,0.6164383561643836,0.6350447488584475,0.20322283105022831,0.03085799086757991,0.03551689497716895,0.09535068493150683,0.14781050228310502,0.684855707762557,0.16733470319634705,0.019524200913242012
2025-01-12,0.16483516483516483,0.4175824175824176,0.06043956043956044,0.2087912087912088,0.2032967032967033,0.19230769230769232,0.13736263736263737,0.5439560439560439,0.9340659340659341,0.44505494505494503,0.489010989010989,0.6482587912087913,0.1846824175824176,0.037769780219780225,0.049438461538461535,0.0798532967032967,0.16915164835164834,0.6485340659340659,0.18231868131868134,0.013167032967032968
2025-01-13,0.11490683229813664,0.4192546583850932,0.08695652173913043,0.17080745341614906,0.17080745341614906,0.10559006211180125,0.13975155279503104,0.4503105590062112,1.0186335403726707,0.4254658385093168,0.593167701863354,0.6275512422360248,0.174022049689441,0.039509316770186334,0.05065745341614907,0.1082555900621118,0.1454925465838509,0.6126322981366459,0.24187236024844722,0.09637981366459628
2025-01-14,0.14860681114551083,0.44272445820433437,0.05263157894736842,0.16408668730650156,0.23529411764705882,0.10526315789473684,0.13312693498452013,0.6780185758513931,1.1795665634674923,0.4582043343653251,0.7213622291021672,0.608302786377709,0.18984086687306503,0.034004643962848295,0.05533095975232198,0.11251733746130031,0.15624334365325077,0.6108315789473684,0.23292136222910215,0.0766780185758514
2025-01-15,0.12921348314606743,0.5112359550561798,0.08146067415730338,0.21629213483146068,0.300561797752809,0.11797752808988764,0.15730337078651685,0.6544943820224719,1.1179775280898876,0.45224719101123595,0.6657303370786517,0.652285393258427,0.168586797752809,0.035606179775280904,0.04261938202247191,0.10090308988764045,0.1382176966292135,0.6691682584269663,0.19261432584269664,0.05439662921348315
2025-01-16,0.14457831325301204,0.39357429718875503,0.04819277108433735,0.1646586345381526,0.20481927710843373,0.10843373493975904,0.23694779116465864,0.6104417670682731,1.1485943775100402,0.42971887550200805,0.7188755020080321,0.6462373493975903,0.17561044176706825,0.03877028112449799,0.04526546184738956,0.09412409638554217,0.15453413654618472,0.6187823293172691,0.22667991967871487,0.07214578313253013
2025-01-17,0.18902439024390244,0.35365853658536583,0.10365853658536585,0.17378048780487804,0.17073170731707318,0.16158536585365854,0.11280487804878049,0.5121951219512195,0.8384146341463414,0.4176829268292683,0.42073170731707316,0.6781079268292682,0.14150609756097562,0.03547835365853659,0.05031798780487805,0.09459756097560976,0.12172560975609757,0.6001844512195122,0.2780878048780488,0.1563621951219512
2025-01-18,0.17149758454106281,0.4057971014492754,0.0748792270531401,0.2463768115942029,0.2028985507246377,0.16666666666666666,0.12077294685990338,0.5096618357487923,1.038647342995169,0.6014492753623188,0.43719806763285024,0.5902243961352657,0.2187719806763285,0.041436956521739135,0.044692753623188405,0.10487342995169083,0.18675724637681157,0.588540579710145,0.22470072463768115,0.037943478260869565
2025-01-19,0.13240418118466898,0.49825783972125437,0.05226480836236934,0.18815331010452963,0.21602787456445993,0.1602787456445993,0.15331010452961671,0.6306620209059234,1.0104529616724738,0.34494773519163763,0.6655052264808362,0.5882581881533101,0.23830940766550524,0.040193031358885016,0.03465574912891986,0.09858432055749129,0.13660104529616726,0.6805878048780488,0.18281045296167248,0.04620940766550523
2025-01-20,0.23052959501557632,0.4735202492211838,0.11214953271028037,0.29595015576323985,0.24610591900311526,0.17133956386292834,0.2523364485981308,0.5950155763239875,1.0498442367601246,0.48598130841121495,0.5638629283489096,0.6196105919003115,0.22615077881619935,0.03391370716510903,0.03391121495327103,0.0864202492211838,0.18495046728971964,0.625088785046729,0.18995856697819316,0.005008099688473521
2025-01-21,0.19327731092436976,0.4369747899159664,0.09803921568627451,0.19327731092436976,0.20728291316526612,0.12885154061624648,0.21568627450980393,0.5630252100840336,1.022408963585434,0.4173669467787115,0.6050420168067226,0.6632134453781513,0.168796918767507,0.03140672268907563,0.03495546218487395,0.10162436974789915,0.13961176470588235,0.617029131652661,0.2433565826330532,0.10374481792717087
2025-01-22,0.1717171717171717,0.4175084175084175,0.11447811447811448,0.19528619528619529,0.16498316498316498,0.13468013468013468,0.2356902356902357,0.43434343434343436,1.026936026936027,0.494949494949495,0.531986531986532,0.6670545454545455,0.1615892255892256,0.038370370370370374,0.04443299663299664,0.08855521885521885,0.11954074074074074,0.7198632996632996,0.1605976430976431,0.04105690235690236
2025-01-23,0.15815085158150852,0.49148418491484186,0.10218978102189781,0.1630170316301703,0.23357664233576642,0.12895377128953772,0.15815085158150852,0.5401459854014599,1.0681265206812651,0.3819951338199513,0.6861313868613139,0.6098321167883212,0.1985294403892944,0.03641824817518248,0.04816958637469586,0.10705182481751825,0.10116082725060828,0.6785905109489052,0.22025377128953771,0.11909294403892945
2025-01-24,0.20496894409937888,0.4254658385093168,0.040372670807453416,0.18944099378881987,0.21428571428571427,0.12732919254658384,0.14596273291925466,0.5403726708074534,0.9565217391304348,0.33229813664596275,0.6242236024844721,0.5882776397515528,0.22337795031055901,0.04017732919254658,0.04584906832298137,0.1023164596273292,0.12400124223602485,0.651939751552795,0.22405745341614908,0.10005621118012423
2025-01-25,0.17266187050359713,0.3776978417266187,0.11870503597122302,0.17266187050359713,0.17625899280575538,0.16546762589928057,0.11510791366906475,0.5251798561151079,0.9640287769784173,0.39928057553956836,0.564748201438849,0.6215410071942445,0.21501007194244606,0.04766978417266187,0.03463129496402877,0.08114244604316546,0.11833956834532375,0.6986701438848921,0.18298453237410073,0.06464496402877698
2025-01-26,0.21348314606741572,0.32865168539325845,0.06460674157303371,0.23876404494382023,0.17415730337078653,0.20786516853932585,0.21629213483146068,0.42696629213483145,0.75,0.45786516853932585,0.29213483146067415,0.6516314606741572,0.18160280898876405,0.043167415730337076,0.03891376404494382,0.08468904494382022,0.16121123595505618,0.6618303370786517,0.17695617977528091,0.01574494382022472
2025-01-27,0.2227626459143969,0.36964980544747084,0.08852140077821012,0.24027237354085604,0.17509727626459143,0.19747081712062256,0.14591439688715954,0.4727626459143969,0.9902723735408561,0.5107003891050583,0.4795719844357977,0.6064755836575876,0.19853482490272373,0.049430836575875485,0.04970603112840467,0.09585544747081712,0.23106556420233465,0.5522251945525292,0.21671108949416343,-0.014354474708171206
2025-01-28,0.18247298919567828,0.47058823529411764,0.0936374549819928,0.18247298919567828,0.22208883553421369,0.16806722689075632,0.16566626650660263,0.6014405762304922,1.034813925570228,0.5102040816326531,0.524609843937575,0.6266810324129652,0.19403841536614647,0.04283289315726291,0.04542857142857143,0.09102004801920768,0.1979546218487395,0.5780183673469388,0.22402797118847537,0.026073349339735895
2025-01-29,0.20126582278481012,0.45569620253164556,0.09240506329113925,0.24050632911392406,0.21518987341772153,0.20126582278481012,0.1810126582278481,0.5987341772151898,0.9240506329113924,0.5443037974683544,0.379746835443038,0.5914672151898734,0.22374886075949366,0.04607493670886076,0.04690227848101265,0.09180645569620254,0.19011493670886076,0.5996915189873417,0.21019303797468356,0.020078101265822785
2025-01-30,0.16041666666666668,0.4875,0.07916666666666666,0.20208333333333334,0.19583333333333333,0.19583333333333333,0.184375,0.6291666666666667,1.053125,0.51875,0.534375,0.6138612499999999,0.206285,0.04640864583333334,0.04683520833333333,0.0866125,0.2191171875,0.5833721875,0.19751135416666665,-0.02160583333333333
2025-01-31,0.18940248027057496,0.36302142051860203,0.11724915445321307,0.1995490417136415,0.1544532130777903,0.16347237880496054,0.13416009019165728,0.4295377677564825,0.8320180383314544,0.4227733934611049,0.4092446448703495,0.6119142051860204,0.21366381059751974,0.04679627959413754,0.03833866967305524,0.08928759864712514,0.1708378804960541,0.6686471251409245,0.1605152198421646,-0.010322660653889515
2025-02-01,0.21875,0.39338235294117646,0.09375,0.24448529411764705,0.15992647058823528,0.22426470588235295,0.20772058823529413,0.4834558823529412,0.8382352941176471,0.5110294117647058,0.3272058823529412,0.6194564338235294,0.21785257352941176,0.051188235294117646,0.03634025735294118,0.07516525735294118,0.16571709558823527,0.6663233455882352,0.16796102941176472,0.0022439338235294105
2025-02-02,0.31239935587761675,0.42995169082125606,0.17391304347826086,0.30434782608695654,0.15619967793880837,0.18518518518518517,0.3075684380032206,0.5958132045088567,1.0289855072463767,0.7085346215780999,0.32045088566827695,0.6174056360708535,0.22637826086956525,0.04059371980676329,0.0431573268921095,0.07247020933977455,0.20491916264090176,0.587250885668277,0.20783140096618358,0.002912238325281806
2025-02-03,0.33240611961057026,0.41307371349095967,0.1780250347705146,0.30737134909596664,0.1627260083449235,0.19193324061196107,0.3379694019471488,0.48817802503477054,0.9040333796940194,0.7260083449235049,0.1780250347705146,0.6399282336578581,0.2025527121001391,0.04425827538247566,0.040043115438108484,0.07322322670375522,0.2618278164116829,0.5461077885952712,0.19206314325452017,-0.06976467315716273
2025-02-04,0.302771855010661,0.4584221748400853,0.11940298507462686,0.24307036247334754,0.2260127931769723,0.1791044776119403,0.2345415778251599,0.6140724946695096,0.9957356076759062,0.5607675906183369,0.4349680170575693,0.6767607675906183,0.16437377398720684,0.04588464818763326,0.03659765458422175,0.07637910447761195,0.21685138592750533,0.5697439232409381,0.21340362473347546,-0.00344776119402985
2025-02-05,0.1843220338983051,0.527542372881356,0.09322033898305085,0.1673728813559322,0.2330508474576271,0.16101694915254236,0.19703389830508475,0.5826271186440678,1.055084745762712,0.4915254237288136,0.5635593220338984,0.6092213983050848,0.20840656779661018,0.04170381355932203,0.04258347457627119,0.0980832627118644,0.18234343220338983,0.5633300847457627,0.25432351694915256,0.07198008474576272
2025-02-06,0.1710914454277286,0.4218289085545723,0.0943952802359882,0.1887905604719764,0.18584070796460178,0.14454277286135694,0.12094395280235988,0.5073746312684366,0.7256637168141593,0.4424778761061947,0.2831858407079646,0.5979887905604719,0.2207663716814159,0.043302359882005904,0.04322979351032448,0.09471179941002951,0.2089448377581121,0.6199058997050148,0.171152802359882,-0.03779203539823009
2025-02-07,0.2421875,0.41796875,0.083984375,0.3046875,0.201171875,0.19921875,0.177734375,0.57421875,1.046875,0.57421875,0.47265625,0.635383203125,0.173980859375,0.0447564453125,0.049000390625,0.096880859375,0.1670169921875,0.564252734375,0.2687306640625,0.101713671875
2025-02-08,0.20224719101123595,0.4756554307116105,0.0599250936329588,0.24344569288389514,0.23220973782771537,0.13857677902621723,0.21722846441947566,0.704119850187266,0.9588014981273408,0.5280898876404494,0.4307116104868914,0.6532666666666667,0.20870149812734082,0.031507865168539324,0.030835205992509364,0.07568014981273408,0.16147752808988763,0.6432059925093633,0.19531685393258427,0.03383932584269663
2025-02-09,0.23381294964028776,0.38489208633093525,0.09352517985611511,0.18345323741007194,0.14388489208633093,0.15827338129496402,0.16906474820143885,0.46402877697841727,0.9316546762589928,0.5035971223021583,0.42805755395683454,0.6590453237410071,0.19535143884892084,0.03442985611510792,0.03754928057553957,0.07362661870503596,0.15358705035971223,0.6521784172661871,0.19423956834532372,0.040652517985611515
2025-02-10,0.1971153846153846,0.3870192307692308,0.11538461538461539,0.1346153846153846,0.1875,0.12980769230769232,0.17548076923076922,0.5192307692307693,0.9735576923076923,0.5048076923076923,0.46875,0.6335555288461538,0.18659254807692308,0.03511346153846154,0.04692475961538462,0.09781995192307692,0.1426514423076923,0.5813932692307693,0.27596177884615386,0.13331033653846153
2025-02-11,0.14285714285714285,0.40970350404312667,0.0862533692722372,0.16981132075471697,0.21024258760107817,0.13746630727762804,0.2183288409703504,0.5121293800539084,0.7358490566037735,0.4797843665768194,0.2560646900269542,0.6736789757412399,0.16879407008086253,0.044676280323450134,0.040497574123989216,0.07235067385444743,0.18904043126684636,0.6269283018867924,0.1840366576819407,-0.005003773584905661
2025-02-12,0.15151515151515152,0.43434343434343436,0.1111111111111111,0.2053872053872054,0.25252525252525254,0.2053872053872054,0.1414141414141414,0.44107744107744107,0.7946127946127947,0.4882154882154882,0.3063973063973064,0.6230380471380472,0.17817710437710438,0.050385185185185186,0.04171043771043771,0.10669259259259259,0.17372727272727273,0.6580138047138048,0.16826127946127944,-0.0054659932659932645
2025-02-13,0.19,0.445,0.1,0.2,0.17,0.145,0.25,0.48,0.8075,0.4675,0.34,0.659958,0.1700975,0.037554500000000005,0.03991525,0.092472,0.1340875,0.6631295,0.2027905,0.068703
2025-02-14,0.19557195571955718,0.44649446494464945,0.11439114391143912,0.19557195571955718,0.24354243542435425,0.16236162361623616,0.22878228782287824,0.5608856088560885,0.977859778597786,0.44280442804428044,0.5350553505535055,0.6163313653136532,0.21403763837638376,0.041156457564575644,0.04094169741697417,0.0875309963099631,0.17068671586715867,0.6414051660516605,0.1879059040590406,0.01721918819188192
2025-02-15,0.0948905109489051,0.2518248175182482,0.051094890510948905,0.12043795620437957,0.1386861313868613,0.13138686131386862,0.14233576642335766,0.4635036496350365,0.8138686131386861,0.29927007299270075,0.5145985401459854,0.6469875912408759,0.17424598540145986,0.03578175182481752,0.04592627737226277,0.09705401459854014,0.12419452554744526,0.6654080291970803,0.21039963503649636,0.0862051094890511
2025-02-16,0.21413721413721415,0.4656964656964657,0.079002079002079,0.24740124740124741,0.18295218295218296,0.17463617463617465,0.18711018711018712,0.49272349272349275,0.8877338877338877,0.5613305613305614,0.3264033264033264,0.6259981288981289,0.22348981288981287,0.03510852390852391,0.035294178794178795,0.08011185031185031,0.2051135135135135,0.5900093555093555,0.2048806652806653,-0.00023284823284823374
2025-02-17,0.11983471074380166,0.32644628099173556,0.09504132231404959,0.21487603305785125,0.19421487603305784,0.1446280991735537,0.15289256198347106,0.5330578512396694,0.9793388429752066,0.3884297520661157,0.5909090909090909,0.6672979338842975,0.15591404958677688,0.03884504132231405,0.039336363636363635,0.09860495867768596,0.13574917355371902,0.6958760330578512,0.16837603305785123,0.03262685950413224
2025-02-18,0.16442048517520216,0.4716981132075472,0.0862533692722372,0.22641509433962265,0.19946091644204852,0.14285714285714285,0.18867924528301888,0.5336927223719676,0.9919137466307277,0.48247978436657685,0.5094339622641509,0.6289714285714285,0.19609002695417788,0.036822911051212937,0.043976549865229114,0.09413611859838275,0.14551159029649596,0.6557053908355795,0.198778167115903,0.05326657681940701
2025-02-19,0.1279826464208243,0.3318872017353579,0.0737527114967462,0.24511930585683298,0.15184381778741865,0.16052060737527116,0.12364425162689804,0.46203904555314534,0.8763557483731019,0.3969631236442516,0.4793926247288503,0.622448590021692,0.20185336225596529,0.03957570498915401,0.04336898047722342,0.09275770065075922,0.13172082429501086,0.631143600867679,0.23713882863340563,0.1054180043383948
2025-02-20,0.2100238663484487,0.5847255369928401,0.13842482100238662,0.2863961813842482,0.22195704057279236,0.2649164677804296,0.20047732696897375,0.5894988066825776,0.9928400954653938,0.6085918854415274,0.38424821002386633,0.6045164677804297,0.20640047732696898,0.044086157517899766,0.04905107398568019,0.09594152744630072,0.19993651551312647,0.5994016706443914,0.20066443914081147,0.0007279236276849654
2025-02-21,0.15472779369627507,0.28653295128939826,0.07736389684813753,0.1833810888252149,0.16045845272206305,0.17191977077363896,0.11174785100286533,0.5157593123209169,0.7535816618911175,0.37822349570200575,0.3753581661891118,0.6216091690544412,0.20966647564469912,0.049156733524355296,0.039248137535816616,0.08032378223495702,0.1688349570200573,0.6598051575931232,0.171365329512894,0.0025303724928366755
2025-02-22,0.20776255707762556,0.4452054794520548,0.11187214611872145,0.2762557077625571,0.18036529680365296,0.2625570776255708,0.20319634703196346,0.4634703196347032,0.7853881278538812,0.54337899543379,0.2420091324200913,0.5627963470319635,0.24586004566210046,0.05805639269406392,0.045135159817351604,0.08814977168949772,0.18102328767123288,0.6770059360730594,0.14197168949771688,-0.039051598173515986
2025-02-23,0.18873239436619718,0.428169014084507,0.11549295774647887,0.22253521126760564,0.19436619718309858,0.2112676056338028,0.11830985915492957,0.48169014084507045,0.8366197183098592,0.49014084507042255,0.3464788732394366,0.6282915492957747,0.20802169014084507,0.04819408450704225,0.031707605633802816,0.0837805633802817,0.17900845070422536,0.6821704225352113,0.138823661971831,-0.040184788732394366
2025-02-24,0.14214463840399003,0.3491271820448878,0.0798004987531172,0.19451371571072318,0.1546134663341646,0.16209476309226933,0.14214463840399003,0.39900249376558605,0.773067331670823,0.4114713216957606,0.36159600997506236,0.6242099750623441,0.21348653366583542,0.04240748129675811,0.03543491271820449,0.08446334164588529,0.16017331670822943,0.7065718204488779,0.13325361596009974,-0.026919700748129678
2025-02-25,0.21846153846153846,0.48307692307692307,0.11076923076923077,0.3,0.2276923076923077,0.20461538461538462,0.2,0.5107692307692308,0.92,0.5876923076923077,0.3323076923076923,0.6048009230769231,0.21516876923076925,0.04984276923076924,0.04035615384615385,0.08983246153846154,0.23010661538461538,0.5695847692307692,0.20030692307692308,-0.02979969230769231
2025-02-26,0.1856925418569254,0.4916286149162861,0.0882800608828006,0.2191780821917808,0.2146118721461187,0.1659056316590563,0.2024353120243531,0.5403348554033486,0.908675799086758,0.5053272450532724,0.4033485540334855,0.667034398782344,0.16063211567732116,0.040835464231354646,0.05047869101978691,0.08101841704718417,0.19242313546423134,0.5561640791476409,0.25141278538812784,0.0589896499238965
2025-02-27,0.20280811232449297,0.43681747269890797,0.0904836193447738,0.23088923556942278,0.19032761310452417,0.1669266770670827,0.20436817472698907,0.500780031201248,0.8658346333853354,0.46957878315132606,0.3962558502340094,0.5949502340093603,0.20442262090483618,0.047262090483619346,0.05006723868954758,0.10329703588143527,0.19391684867394696,0.5770051482059282,0.22907909516380653,0.0351622464898596
2025-02-28,0.2344582593250444,0.44404973357015987,0.12966252220248667,0.2682060390763766,0.19182948490230906,0.17939609236234458,0.13854351687388988,0.5577264653641207,0.8987566607460036,0.5204262877442274,0.3783303730017762,0.6163833037300177,0.1996367673179396,0.04924262877442274,0.04629076376554175,0.08844884547069272,0.19680497335701597,0.6013944937833038,0.20179928952042628,0.004994316163410302
2025-03-01,0.18404907975460122,0.4447852760736196,0.08282208588957055,0.26380368098159507,0.25766871165644173,0.21779141104294478,0.15950920245398773,0.5736196319018405,1.1042944785276074,0.5705521472392638,0.5337423312883436,0.6603696319018405,0.1681868098159509,0.04036073619631902,0.039468098159509205,0.09161134969325153,0.19570030674846625,0.6147996932515337,0.18949969325153374,-0.006200613496932515
2025-03-02,0.19718309859154928,0.3591549295774648,0.09154929577464789,0.2323943661971831,0.18309859154929578,0.2112676056338028,0.09154929577464789,0.5,0.7676056338028169,0.4225352112676056,0.34507042253521125,0.6042577464788732,0.2293852112676056,0.04181549295774648,0.043214788732394364,0.08133239436619719,0.16863591549295776,0.6677781690140845,0.16358661971830984,-0.005049295774647888
2025-03-03,0.26609442060085836,0.5021459227467812,0.1223175965665236,0.34549356223175964,0.20386266094420602,0.19527896995708155,0.3369098712446352,0.6416309012875536,1.1223175965665235,0.6824034334763949,0.43991416309012876,0.6840899141630902,0.15208454935622318,0.03383047210300429,0.042580257510729615,0.08741609442060086,0.1580431330472103,0.587212017167382,0.2547472103004292,0.09670407725321888
2025-03-04,0.29901269393511987,0.461212976022567,0.1311706629055007,0.3018335684062059,0.21861777150916784,0.18758815232722145,0.2468265162200282,0.6417489421720733,1.0818053596614952,0.6967559943582511,0.385049365303244,0.6052062059238364,0.22156995768688292,0.04651227080394922,0.04357291960507757,0.08314062059238364,0.2479397743300423,0.5464097320169252,0.20565035260930886,-0.042289421720733425
2025-03-05,0.2676659528907923,0.4860813704496788,0.1777301927194861,0.32762312633832974,0.2334047109207709,0.23126338329764454,0.2762312633832976,0.6466809421841542,1.0085653104925054,0.6745182012847966,0.3340471092077088,0.6425051391862955,0.18032933618843686,0.048922698072805144,0.04492505353319058,0.08331820128479657,0.21516338329764456,0.587997858672377,0.19684304068522485,-0.0183203426124197
2025-03-06,0.3222748815165877,0.4549763033175355,0.17535545023696683,0.36018957345971564,0.18009478672985782,0.2037914691943128,0.26303317535545023,0.542654028436019,0.7725118483412322,0.7464454976303317,0.026066350710900472,0.6135381516587678,0.2036398104265403,0.05041161137440758,0.04567890995260663,0.0867345971563981,0.2575708530805687,0.5513810426540284,0.1910488151658768,-0.06652203791469194
2025-03-07,0.27697841726618705,0.43345323741007197,0.12769784172661872,0.329136690647482,0.19964028776978418,0.19784172661870503,0.19784172661870503,0.5719424460431655,0.9532374100719424,0.6079136690647482,0.34532374100719426,0.6291023381294963,0.1956320143884892,0.04428723021582734,0.040642266187050365,0.09034028776978417,0.23153471223021585,0.5625557553956835,0.20590791366906477,-0.02562679856115108
2025-03-08,0.21352313167259787,0.46619217081850534,0.11387900355871886,0.20284697508896798,0.26334519572953735,0.16370106761565836,0.17437722419928825,0.594306049822064,1.1281138790035588,0.43416370106761565,0.693950177935943,0.6017868327402135,0.16163487544483987,0.04066797153024911,0.06434733096085408,0.13156512455516015,0.15342811387900357,0.5797120996441282,0.26686192170818507,0.1134338078291815
2025-03-09,0.2182410423452769,0.4820846905537459,0.1465798045602606,0.2899022801302932,0.14332247557003258,0.19543973941368079,0.2182410423452769,0.4723127035830619,0.7231270358306189,0.5700325732899023,0.15309446254071662,0.6064022801302932,0.23446514657980458,0.038724755700325734,0.04485667752442997,0.07555407166123779,0.2241276872964169,0.6234117263843648,0.15246058631921824,-0.0716671009771987
2025-03-10,0.3722943722943723,0.4653679653679654,0.14935064935064934,0.3787878787878788,0.24025974025974026,0.22294372294372294,0.23160173160173161,0.5281385281385281,0.8744588744588745,0.7424242424242424,0.13203463203463203,0.6252601731601732,0.19880281385281387,0.04731796536796537,0.0403008658008658,0.08832316017316018,0.30593982683982685,0.47612424242424245,0.21793549783549784,-0.088004329004329
2025-03-11,0.3393739703459638,0.443163097199341,0.1630971993410214,0.3542009884678748,0.1812191103789127,0.257001647446458,0.34596375617792424,0.5996705107084019,0.9752883031301482,0.7166392092257001,0.2586490939044481,0.6227355848434926,0.20960131795716638,0.049437397034596375,0.04558780889621088,0.07263542009884678,0.26524151565074133,0.5448093904448106,0.1899471169686985,-0.07529439868204282
2025-03-12,0.2539964476021314,0.34991119005328597,0.12255772646536411,0.2202486678507993,0.11900532859680284,0.15630550621669628,0.2753108348134991,0.5204262877442274,0.8880994671403197,0.4955595026642984,0.3925399644760213,0.6550467140319716,0.17380976909413853,0.041424333925399646,0.04033126110124333,0.08938650088809946,0.21167424511545294,0.5820126110124334,0.20630994671403197,-0.005364298401420959
2025-03-13,0.29577464788732394,0.38967136150234744,0.17136150234741784,0.3028169014084507,0.17136150234741784,0.24647887323943662,0.2323943661971831,0.5352112676056338,0.903755868544601,0.6408450704225352,0.26291079812206575,0.6187166666666667,0.2038744131455399,0.04897417840375587,0.04164953051643192,0.0867887323943662,0.24518075117370894,0.5758415492957747,0.17897863849765258,-0.06620211267605634
2025-03-14,0.317351598173516,0.4589041095890411,0.1780821917808219,0.3242009132420091,0.182648401826484,0.2579908675799087,0.23972602739726026,0.6141552511415526,1.0182648401826484,0.730593607305936,0.2876712328767123,0.6300561643835617,0.2161997716894977,0.04384269406392694,0.03705091324200913,0.07285068493150684,0.20651187214611874,0.5717933789954338,0.2217011415525114,0.015189269406392692
2025-03-15,0.28212290502793297,0.41620111731843573,0.12849162011173185,0.3128491620111732,0.20949720670391062,0.2849162011173184,0.17597765363128492,0.6368715083798883,0.9860335195530726,0.8044692737430168,0.18156424581005587,0.5769164804469273,0.2525030726256983,0.05181452513966481,0.03481368715083799,0.08395782122905028,0.2575108938547486,0.5291265363128491,0.21336480446927375,-0.04414608938547486
2025-03-16,0.28,0.5377777777777778,0.13333333333333333,0.38666666666666666,0.2088888888888889,0.29333333333333333,0.17777777777777778,0.6266666666666667,1.2,0.7555555555555555,0.4444444444444444,0.5901733333333333,0.24592311111111112,0.039227111111111115,0.03688444444444444,0.08779999999999999,0.2079671111111111,0.589903111111111,0.20212355555555556,-0.005843555555555557
2025-03-17,0.23443223443223443,0.48717948717948717,0.12454212454212454,0.25274725274725274,0.27106227106227104,0.23443223443223443,0.1282051282051282,0.5860805860805861,1.0476190476190477,0.5201465201465202,0.5274725274725275,0.6210205128205128,0.18318681318681318,0.040730402930402934,0.03777728937728938,0.11728608058608059,0.15132124542124542,0.6082446886446887,0.2404326007326007,0.08911135531135532
2025-03-18,0.163855421686747,0.3927710843373494,0.07951807228915662,0.22650602409638554,0.16626506024096385,0.1686746987951807,0.17590361445783131,0.4819277108433735,0.8843373493975903,0.46987951807228917,0.41445783132530123,0.675221204819277,0.151464578313253,0.034862168674698796,0.039022650602409635,0.09943253012048192,0.12861783132530122,0.6652812048192771,0.2060987951807229,0.07748096385542169
2025-03-19,0.21839080459770116,0.4099616858237548,0.09386973180076628,0.28735632183908044,0.19540229885057472,0.18199233716475097,0.21839080459770116,0.5306513409961686,0.8505747126436781,0.6149425287356322,0.23563218390804597,0.581961877394636,0.2363051724137931,0.04479980842911877,0.04554597701149425,0.09138888888888888,0.20243141762452108,0.5977065134099616,0.19986245210727968,-0.002568965517241378
2025-03-20,0.20679012345679013,0.3611111111111111,0.10493827160493827,0.25,0.1728395061728395,0.2006172839506173,0.21296296296296297,0.5370370370370371,0.9228395061728395,0.48148148148148145,0.44135802469135804,0.6365648148148148,0.19450154320987656,0.04491975308641975,0.040407407407407406,0.08360123456790124,0.18167006172839506,0.6752003086419753,0.14312932098765432,-0.038540740740740737
2025-03-21,0.2222222222222222,0.36961451247165533,0.12244897959183673,0.23582766439909297,0.20634920634920634,0.18594104308390022,0.19727891156462585,0.5510204081632653,0.873015873015873,0.5759637188208617,0.29705215419501135,0.5946020408163265,0.22802698412698413,0.04467551020408163,0.03875895691609978,0.09393968253968253,0.2389875283446712,0.6087802721088436,0.15223514739229024,-0.08675238095238096
2025-03-22,0.24504950495049505,0.48267326732673266,0.13366336633663367,0.25742574257425743,0.24752475247524752,0.24752475247524752,0.2747524752475248,0.6311881188118812,1.0074257425742574,0.6064356435643564,0.400990099009901,0.5529757425742574,0.22492326732673268,0.04838613861386139,0.05446584158415842,0.11924653465346535,0.20295148514851485,0.6054982673267326,0.19155099009900992,-0.01140049504950495
2025-03-23,0.18862275449101795,0.4251497005988024,0.1377245508982036,0.2994011976047904,0.25149700598802394,0.25748502994011974,0.20958083832335328,0.5748502994011976,0.9461077844311377,0.6107784431137725,0.33532934131736525,0.632461377245509,0.19626497005988022,0.042821556886227546,0.04764431137724551,0.08080149700598803,0.2038631736526946,0.6792464071856288,0.11688832335329341,-0.0869748502994012
2025-03-24,0.21643835616438356,0.4657534246575342,0.12602739726027398,0.2493150684931507,0.20821917808219179,0.18356164383561643,0.2328767123287671,0.4904109589041096,0.6821917808219178,0.5643835616438356,0.1178082191780822,0.626678904109589,0.20689068493150686,0.04957452054794521,0.03634027397260274,0.08051643835616439,0.18030520547945209,0.6504810958904109,0.1692123287671233,-0.011092876712328763
2025-03-25,0.19948186528497408,0.34974093264248707,0.11658031088082901,0.22538860103626943,0.17875647668393782,0.17616580310880828,0.17616580310880828,0.5440414507772021,0.844559585492228,0.4792746113989637,0.36528497409326427,0.6170183937823834,0.21571062176165803,0.03783886010362694,0.04651554404145078,0.08291347150259067,0.1818782383419689,0.6756531088082901,0.1424655440414508,-0.039412694300518136
2025-03-26,0.2883895131086142,0.35767790262172283,0.17415730337078653,0.25842696629213485,0.14794007490636704,0.20224719101123595,0.26217228464419473,0.4943820224719101,0.8033707865168539,0.5711610486891385,0.23220973782771537,0.6440430711610486,0.19604719101123597,0.04409138576779026,0.03724194756554307,0.07857565543071161,0.22584681647940075,0.5850496254681647,0.18910449438202248,-0.03674232209737828
2025-03-27,0.2620232172470978,0.36650082918739635,0.11940298507462686,0.28689883913764513,0.2023217247097844,0.19734660033167495,0.26865671641791045,0.4759535655058043,0.9353233830845771,0.5588723051409619,0.37645107794361526,0.6076441127694859,0.20344991708126037,0.04813980099502488,0.04617064676616916,0.09459485903814262,0.23130082918739636,0.6108784411276948,0.15781990049751243,-0.07348092868988391
2025-03-28,0.262,0.43,0.136,0.28,0.202,0.192,0.244,0.508,0.898,0.626,0.272,0.5997336,0.2299354,0.051973599999999995,0.0342434,0.0841186,0.209239,0.618254,0.1725064,-0.0367326
2025-03-29,0.2546583850931677,0.391304347826087,0.13975155279503104,0.19875776397515527,0.2329192546583851,0.2546583850931677,0.16149068322981366,0.4937888198757764,0.7391304347826086,0.6086956521739131,0.13043478260869565,0.6342124223602484,0.199666149068323,0.03910683229813664,0.04277950310559006,0.0842335403726708,0.17066677018633541,0.6764037267080745,0.15293105590062112,-0.01773571428571429
2025-03-30,0.22278481012658227,0.34430379746835443,0.1670886075949367,0.21265822784810126,0.15949367088607594,0.17721518987341772,0.25063291139240507,0.5265822784810127,0.8202531645569621,0.5063291139240507,0.3139240506329114,0.6004339240506329,0.23246481012658227,0.04742784810126582,0.03392683544303798,0.08574227848101267,0.1954184810126582,0.6543078481012657,0.15027316455696202,-0.0451453164556962
2025-03-31,0.2775800711743772,0.43238434163701067,0.16370106761565836,0.2793594306049822,0.19395017793594305,0.2099644128113879,0.30604982206405695,0.6227758007117438,1.0800711743772242,0.7064056939501779,0.3736654804270463,0.6440026690391459,0.19783629893238433,0.03748202846975089,0.0398720640569395,0.08080818505338079,0.24717722419928825,0.5539135231316726,0.198908896797153,-0.04826832740213523
2025-04-01,0.27246376811594203,0.5043478260869565,0.13623188405797101,0.33043478260869563,0.2289855072463768,0.17101449275362318,0.2289855072463768,0.7855072463768116,1.2521739130434784,0.5971014492753624,0.6550724637681159,0.6466852173913044,0.18034898550724637,0.037886666666666666,0.04082666666666667,0.09425362318840579,0.2042327536231884,0.5935301449275362,0.20223333333333332,-0.001999420289855073
2025-04-02,0.3054393305439331,0.4225941422594142,0.13807531380753138,0.3054393305439331,0.15481171548117154,0.16736401673640167,0.28870292887029286,0.5104602510460251,0.7405857740585774,0.5648535564853556,0.17573221757322174,0.6300422594142259,0.19781924686192467,0.04638410041841004,0.040116317991631796,0.08563933054393305,0.20454686192468619,0.6151602510460251,0.1802907949790795,-0.024256066945606693
2025-04-03,0.39509954058192953,0.4793261868300153,0.21745788667687596,0.32006125574272587,0.22664624808575803,0.23889739663093415,0.3001531393568147,0.5681470137825421,0.9617151607963247,0.8284839203675345,0.1332312404287902,0.5850947932618683,0.22727120980091883,0.05766860643185299,0.04039908116385911,0.08956784073506892,0.2596113323124043,0.5328320061255742,0.20755467075038284,-0.05205666156202144
2025-04-04,0.40850277264325324,0.4232902033271719,0.2587800369685767,0.4029574861367837,0.19593345656192238,0.2476894639556377,0.3456561922365989,0.5748613678373382,0.833641404805915,0.9519408502772643,-0.11829944547134935,0.5894493530499075,0.23222310536044363,0.06169001848428835,0.04002994454713493,0.07661238447319778,0.30450443622920514,0.5031796672828096,0.19231423290203328,-0.11219020332717192
2025-04-05,0.3944020356234097,0.43256997455470736,0.24427480916030533,0.2926208651399491,0.17302798982188294,0.21119592875318066,0.27989821882951654,0.638676844783715,0.8295165394402035,0.7073791348600509,0.12213740458015267,0.6107549618320611,0.21522111959287532,0.05596412213740458,0.03740814249363868,0.08065445292620865,0.2231152671755725,0.620730534351145,0.15615496183206107,-0.06696030534351145
2025-04-06,0.3341232227488152,0.5497630331753555,0.15639810426540285,0.31990521327014215,0.3056872037914692,0.22985781990521326,0.19194312796208532,0.5924170616113744,1.2014218009478672,0.6090047393364929,0.5924170616113744,0.5530590047393364,0.2418637440758294,0.055663033175355446,0.04714478672985782,0.1022696682464455,0.1979654028436019,0.5969509478672985,0.20508483412322276,0.007119431279620852
2025-04-07,0.40765391014975044,0.44093178036605657,0.20632279534109818,0.36938435940099834,0.19966722129783693,0.3011647254575707,0.3144758735440932,0.5956738768718802,1.0249584026622296,0.8236272878535774,0.20133111480865223,0.5513653910149751,0.26604425956738764,0.06453111480865224,0.04143976705490849,0.07662179700499168,0.2759009983361065,0.563567554076539,0.16052828618968387,-0.11537271214642263
2025-04-08,0.3634651600753296,0.5103578154425612,0.16760828625235405,0.3879472693032015,0.19962335216572505,0.3088512241054614,0.2598870056497175,0.5235404896421846,0.9340866290018832,0.8060263653483992,0.128060263653484,0.6472608286252354,0.18281035781544255,0.04391676082862524,0.04141864406779661,0.08459378531073446,0.2569001883239171,0.5475352165725047,0.19556459510357815,-0.061335593220338984
2025-04-09,0.44394110985277463,0.46206115515288787,0.22310305775764439,0.36579841449603623,0.2276330690826727,0.2287655719139298,0.3352208380520951,0.6511891279728199,0.9875424688561721,0.8674971687429218,0.12004530011325028,0.6037073612684032,0.22803544733861836,0.05781257078142695,0.039996262740656846,0.07044949037372593,0.25281087202718006,0.5480211778029445,0.19916896942242354,-0.053641902604756514
2025-04-10,0.42229367631296894,0.42979635584137194,0.25616291532690244,0.3397642015005359,0.19935691318327975,0.20793140407288319,0.3879957127545552,0.5905680600214362,0.8553054662379421,0.7952840300107181,0.06002143622722401,0.6085501607717041,0.21528542336548767,0.06141103965702037,0.037704608788853164,0.07704855305466239,0.2728773847802787,0.5204967845659164,0.20662550911039657,-0.06625187566988211
2025-04-11,0.4076923076923077,0.3892307692307692,0.22615384615384615,0.40923076923076923,0.20615384615384616,0.2353846153846154,0.3292307692307692,0.6553846153846153,0.9507692307692308,0.8969230769230769,0.05384615384615385,0.6015121538461538,0.22698584615384615,0.05817246153846154,0.03685307692307692,0.07647707692307693,0.30876861538461536,0.4638098461538462,0.22742323076923077,-0.08134538461538461
2025-04-12,0.2917647058823529,0.2823529411764706,0.2541176470588235,0.24,0.17882352941176471,0.18823529411764706,0.4023529411764706,0.5976470588235294,0.7835294117647059,0.6705882352941176,0.11294117647058824,0.6560185882352941,0.18740376470588238,0.05309011764705883,0.036171764705882355,0.06732235294117647,0.22812282352941177,0.6193465882352942,0.15252752941176473,-0.07559529411764705
2025-04-13,0.4214417744916821,0.3678373382624769,0.3290203327171904,0.2698706099815157,0.13493530499075784,0.2144177449168207,0.3068391866913124,0.5822550831792976,0.8262476894639557,0.8133086876155268,0.012939001848428836,0.5829975970425139,0.25117985212569316,0.06045563770794824,0.03870332717190388,0.06666635859519408,0.2194663585951941,0.5939767097966728,0.18655914972273568,-0.032907208872458404
2025-04-14,0.35336194563662376,0.5293276108726752,0.24034334763948498,0.37052932761087265,0.21745350500715308,0.2246065808297568,0.37625178826895567,0.6194563662374821,0.9985693848354793,0.7896995708154506,0.2088698140200286,0.6128788268955652,0.20844721030042918,0.06158755364806867,0.041210443490701,0.07587625178826896,0.2634134477825465,0.52629556509299,0.21029098712446354,-0.05312246065808297
2025-04-15,0.31891891891891894,0.3981981981981982,0.18018018018018017,0.2918918918918919,0.21081081081081082,0.18198198198198198,0.28468468468468466,0.5513513513513514,1.0162162162162163,0.6468468468468469,0.36936936936936937,0.6380466666666667,0.18924612612612612,0.04549315315315315,0.04178810810810811,0.08542864864864864,0.21526648648648647,0.5765488288288289,0.20818594594594594,-0.007080540540540541
2025-04-16,0.31203931203931207,0.4520884520884521,0.18058968058968058,0.3574938574938575,0.19164619164619165,0.22113022113022113,0.300982800982801,0.6277641277641277,0.9877149877149877,0.6842751842751843,0.3034398034398034,0.6527323095823097,0.19046216216216216,0.04184987714987715,0.041501719901719906,0.0734590909090909,0.2691040540540541,0.5408711302211302,0.1900248157248157,-0.07907923832923833
2025-04-17,0.314878892733564,0.5311418685121108,0.157439446366782,0.2975778546712803,0.25432525951557095,0.24740484429065743,0.31314878892733566,0.7179930795847751,1.1453287197231834,0.7612456747404844,0.38408304498269896,0.6305034602076124,0.2117780276816609,0.04911038062283737,0.039685121107266436,0.06892508650519032,0.26982525951557096,0.5484301038062284,0.18173996539792386,-0.08808529411764705
2025-04-18,0.2544570502431118,0.4505672609400324,0.15235008103727715,0.34683954619124796,0.22690437601296595,0.23500810372771475,0.22852512155591573,0.6239870340356564,1.087520259319287,0.6693679092382496,0.4181523500810373,0.5813158833063209,0.22525299837925444,0.04488249594813614,0.0430643435980551,0.1054836304700162,0.2226384116693679,0.5650397082658023,0.21232431118314424,-0.010314100486223662
2025-04-19,0.45271629778672035,0.4688128772635815,0.25553319919517103,0.4104627766599598,0.2052313883299799,0.27565392354124746,0.3501006036217304,0.6800804828973843,0.8651911468812877,0.9255533199195171,-0.060362173038229376,0.5482581488933602,0.2766010060362173,0.049735211267605633,0.03687042253521127,0.08853822937625755,0.32460824949698186,0.49002595573440644,0.185364185110664,-0.13924406438631792
2025-04-20,0.25277777777777777,0.5194444444444445,0.14166666666666666,0.26666666666666666,0.2611111111111111,0.19722222222222222,0.23055555555555557,0.6833333333333333,1.0555555555555556,0.5444444444444444,0.5111111111111111,0.6045991666666667,0.23068277777777776,0.043486666666666667,0.03899888888888889,0.08223777777777777,0.1999936111111111,0.6214347222222222,0.17857111111111112,-0.021422499999999997
2025-04-21,0.254416961130742,0.4416961130742049,0.1696113074204947,0.31095406360424027,0.21908127208480566,0.1696113074204947,0.26148409893992935,0.6095406360424028,1.0353356890459364,0.588339222614841,0.4469964664310954,0.6421978798586572,0.20061272084805654,0.04344964664310954,0.040242932862190814,0.07349575971731448,0.2572362190812721,0.5392408127208481,0.2035236749116608,-0.053712544169611305
2025-04-22,0.3207236842105263,0.43256578947368424,0.17927631578947367,0.25493421052631576,0.23684210526315788,0.20888157894736842,0.3059210526315789,0.6299342105263158,0.96875,0.6858552631578947,0.28289473684210525,0.6184491776315789,0.20834391447368422,0.047884539473684214,0.040424342105263154,0.0848985197368421,0.2550092105263158,0.5372868421052632,0.2077019736842105,-0.04730723684210526
2025-04-23,0.3314285714285714,0.4257142857142857,0.20285714285714285,0.28714285714285714,0.20285714285714285,0.23285714285714285,0.38571428571428573,0.6671428571428571,0.9028571428571428,0.6942857142857143,0.20857142857142857,0.5724595714285714,0.22438457142857143,0.06411728571428571,0.04385857142857143,0.09518142857142857,0.303956,0.5240371428571429,0.172009,-0.13194699999999998
2025-04-24,0.3315972222222222,0.4809027777777778,0.2048611111111111,0.3333333333333333,0.2326388888888889,0.2777777777777778,0.3211805555555556,0.6892361111111112,0.9305555555555556,0.7517361111111112,0.17881944444444445,0.6044126736111112,0.22951944444444447,0.05162482638888889,0.03847152777777778,0.07597083333333333,0.2897401041666667,0.5206477430555556,0.18961354166666666,-0.1001265625
2025-04-25,0.36346153846153845,0.3730769230769231,0.24423076923076922,0.3,0.19423076923076923,0.22115384615384615,0.25769230769230766,0.7557692307692307,1.05,0.6884615384615385,0.36153846153846153,0.6255361538461538,0.22160365384615385,0.04369365384615385,0.035311730769230776,0.07385807692307692,0.2505542307692307,0.5517525,0.19769096153846155,-0.052863269230769235
2025-04-26,0.2289156626506024,0.41566265060240964,0.1144578313253012,0.25903614457831325,0.20180722891566266,0.1686746987951807,0.2560240963855422,0.5602409638554217,0.822289156626506,0.4578313253012048,0.3644578313253012,0.609746686746988,0.20594909638554218,0.045175903614457835,0.033853614457831326,0.10527168674698796,0.21756265060240965,0.5830135542168674,0.19942500000000002,-0.018137650602409638
2025-04-27,0.25257731958762886,0.49742268041237114,0.14175257731958762,0.3402061855670103,0.2706185567010309,0.30412371134020616,0.21391752577319587,0.7422680412371134,1.1314432989690721,0.6752577319587629,0.45618556701030927,0.5873317010309279,0.2127234536082474,0.053419587628865985,0.05129639175257732,0.09523376288659793,0.21559432989690722,0.6129368556701031,0.17146726804123713,-0.0441270618556701
2025-04-28,0.2793427230046948,0.47417840375586856,0.2112676056338028,0.3215962441314554,0.1596244131455399,0.24647887323943662,0.2652582159624413,0.6314553990610329,0.9366197183098591,0.7676056338028169,0.16901408450704225,0.6086169014084507,0.22894929577464787,0.0440612676056338,0.040939671361502346,0.07743239436619717,0.25741971830985916,0.5895746478873239,0.1530075117370892,-0.10441220657276995
2025-04-29,0.3659305993690852,0.4589905362776025,0.23817034700315456,0.35962145110410093,0.23659305993690852,0.2192429022082019,0.3627760252365931,0.6482649842271293,1.026813880126183,0.6908517350157729,0.3359621451104101,0.6050941640378549,0.2193585173501577,0.047968454258675075,0.038659621451104104,0.0889205047318612,0.25780883280757094,0.5017148264984227,0.24047665615141955,-0.01733217665615142
2025-04-30,0.2812051649928264,0.43185078909612623,0.13629842180774748,0.30272596843615496,0.1678622668579627,0.2109038737446198,0.242467718794835,0.5451936872309899,0.8751793400286944,0.6614060258249641,0.21377331420373027,0.6080616929698709,0.23008938307030127,0.0484519368723099,0.038260975609756095,0.07513830703012912,0.2999899569583931,0.5065517934002869,0.1934571018651363,-0.10653285509325681
2025-05-01,0.3240611961057024,0.4728789986091794,0.1599443671766342,0.2726008344923505,0.21279554937413073,0.22948539638386647,0.2753824756606398,0.6300417246175244,0.9902642559109874,0.6161335187760779,0.3741307371349096,0.606761752433936,0.22392364394993047,0.050083588317107096,0.03660152990264256,0.0826258692628651,0.2202753824756606,0.5701125173852574,0.20961668984700976,-0.010658692628650906
2025-05-02,0.30716723549488056,0.48464163822525597,0.23037542662116042,0.3378839590443686,0.2764505119453925,0.24744027303754265,0.28498293515358364,0.7150170648464164,1.1092150170648465,0.6860068259385665,0.4232081911262799,0.5996781569965871,0.2064,0.05531058020477816,0.04701689419795222,0.09159402730375427,0.22810443686006823,0.5408970989761093,0.23100051194539248,0.0028960750853242326
2025-05-03,0.2668112798264642,0.3796095444685466,0.16052060737527116,0.2646420824295011,0.18655097613882862,0.19088937093275488,0.227765726681128,0.4685466377440347,0.8741865509761388,0.4967462039045553,0.3774403470715835,0.5913819956616052,0.21811496746203904,0.04242863340563991,0.044022993492407805,0.10405054229934925,0.2093468546637744,0.5821603036876356,0.20849479392624728,-0.0008520607375271145
2025-05-04,0.35,0.6108695652173913,0.12608695652173912,0.27391304347826084,0.4043478260869565,0.20652173913043478,0.45652173913043476,0.7978260869565217,1.3521739130434782,0.6369565217391304,0.7152173913043478,0.6350447826086957,0.20131782608695653,0.04637260869565217,0.03696673913043478,0.0802967391304348,0.21606913043478262,0.5827473913043478,0.20118369565217392,-0.014885434782608694
2025-05-05,0.3161290322580645,0.4645161290322581,0.20430107526881722,0.2623655913978495,0.2645161290322581,0.2129032258064516,0.24731182795698925,0.546236559139785,0.9354838709677419,0.7010752688172043,0.23440860215053763,0.6222324731182796,0.2077101075268817,0.04567161290322581,0.03971849462365592,0.0846716129032258,0.24777763440860215,0.5762890322580645,0.17593311827956987,-0.07184451612903225
2025-05-06,0.3046683046683047,0.36855036855036855,0.1769041769041769,0.26044226044226043,0.14742014742014742,0.20638820638820637,0.25061425061425063,0.4914004914004914,0.6683046683046683,0.5995085995085995,0.0687960687960688,0.6255734643734644,0.2103985257985258,0.04300712530712531,0.03526265356265356,0.08575651105651107,0.21957321867321866,0.59577542997543,0.18465061425061424,-0.03492260442260442
2025-05-07,0.1837160751565762,0.3757828810020877,0.11691022964509394,0.21920668058455114,0.13987473903966596,0.12108559498956159,0.19206680584551147,0.49269311064718163,0.8663883089770354,0.5052192066805845,0.36116910229645094,0.6376586638830897,0.19875281837160752,0.04455198329853862,0.0351713987473904,0.08386951983298538,0.1973661795407098,0.6245956158663883,0.17804175365344466,-0.019324425887265136
2025-05-08,0.2887323943661972,0.5305164319248826,0.19014084507042253,0.2746478873239437,0.2347417840375587,0.2112676056338028,0.26291079812206575,0.6173708920187794,0.9835680751173709,0.6032863849765259,0.38028169014084506,0.6284049295774647,0.20018521126760566,0.04190281690140845,0.041669014084507044,0.08784107981220657,0.2205244131455399,0.5443884976525821,0.23508169014084507,0.014557276995305164
2025-05-09,0.2565789473684211,0.5723684210526315,0.1513157894736842,0.3157894736842105,0.3355263157894737,0.18421052631578946,0.26973684210526316,0.6842105263157895,1.006578947368421,0.4868421052631579,0.5197368421052632,0.6277874999999999,0.21732302631578945,0.038337500000000004,0.040579605263157896,0.07597368421052632,0.21347828947368422,0.5628934210526315,0.2236236842105263,0.010145394736842107
2025-05-10,0.2857142857142857,0.2857142857142857,0.14285714285714285,0.2857142857142857,0.14285714285714285,0.0,0.2857142857142857,0.42857142857142855,0.7142857142857143,0.2857142857142857,0.42857142857142855,0.7749571428571428,0.14759999999999998,0.02162857142857143,0.022757142857142858,0.03307142857142857,0.2815857142857143,0.6576000000000001,0.06080000000000001,-0.2207857142857143
2025-05-11,0.5,0.16666666666666666,0.16666666666666666,0.16666666666666666,0.3333333333333333,0.0,0.16666666666666666,0.8333333333333334,1.1666666666666667,1.0,0.16666666666666666,0.62125,0.15363333333333332,0.01995,0.03195,0.17320000000000002,0.0164,0.7200833333333333,0.2635,0.2471
2025-05-12,0.425,0.25,0.275,0.2,0.1,0.25,0.25,0.325,0.625,0.675,-0.05,0.5699675,0.259605,0.070745,0.03125,0.0684275,0.19707,0.493675,0.30925250000000004,0.11218249999999999
2025-05-13,0.18181818181818182,0.09090909090909091,0.2727272727272727,0.2727272727272727,0.18181818181818182,0.18181818181818182,0.09090909090909091,0.45454545454545453,0.8181818181818182,0.7272727272727273,0.09090909090909091,0.6853454545454546,0.1338,0.041999999999999996,0.05966363636363636,0.07922727272727272,0.38022727272727275,0.26786363636363636,0.3519272727272727,-0.028300000000000013
2025-05-14,0.26666666666666666,0.3,0.16666666666666666,0.26666666666666666,0.1,0.16666666666666666,0.26666666666666666,0.5333333333333333,0.6666666666666666,0.43333333333333335,0.23333333333333334,0.71269,0.17525666666666667,0.029003333333333332,0.029426666666666667,0.05361666666666667,0.3810333333333334,0.46249,0.15648,-0.22455333333333333
2025-05-15,0.10526315789473684,0.47368421052631576,0.05263157894736842,0.2631578947368421,0.2631578947368421,0.15789473684210525,0.3684210526315789,0.5263157894736842,1.2105263157894737,0.3684210526315789,0.8421052631578947,0.5698736842105263,0.2778631578947368,0.04390526315789473,0.03777894736842105,0.07056842105263157,0.23863684210526317,0.5760368421052631,0.18533684210526316,-0.053299999999999986
2025-05-16,0.35,0.3,0.25,0.4,0.1,0.15,0.25,0.3,0.8,0.75,0.05,0.6299,0.16355999999999998,0.05369,0.073765,0.079085,0.242495,0.400065,0.35744000000000004,0.11494499999999999
2025-05-17,0.2,0.4,0.2,0.0,0.4,0.2,0.6,0.6,1.0,0.4,0.6,0.8365,0.0856,0.02904,0.0227,0.026139999999999997,0.08012,0.64864,0.2712,0.19108
2025-05-18,0.0,0.0,0.0,0.0,0.0,0.0,0.0,0.0,0.6666666666666666,0.0,0.6666666666666666,0.8353333333333334,0.0739,0.018600000000000002,0.03013333333333333,0.04213333333333333,0.3136666666666667,0.6312,0.05513333333333333,-0.25853333333333334
2025-05-19,0.5,0.5,1.0,0.5,0.0,0.0,1.0,0.5,0.0,1.0,-1.0,0.5455,0.1211,0.01815,0.0329,0.28240000000000004,0.21075,0.23785,0.55145,0.3407
