date,nrc_anger,nrc_anticipation,nrc_disgust,nrc_fear,nrc_joy,nrc_sadness,nrc_surprise,nrc_trust,nrc_positive,nrc_negative,nrc_net_sentiment,hf_neutral_score,hf_negative_score,hf_very_negative_score,hf_very_positive_score,hf_positive_score,fb_negative_score,fb_neutral_score,fb_positive_score,fb_net_sentiment,n_posts
2023-01-03,0.11627906976744186,0.2558139534883721,0.11627906976744186,0.16279069767441862,0.13953488372093023,0.13953488372093023,0.16279069767441862,0.4418604651162791,0.4418604651162791,0.5116279069767442,-0.06976744186046512,0.5840302325581395,0.1897279069767442,0.03272558139534884,0.060041860465116274,0.13346046511627907,0.11325348837209304,0.703186046511628,0.18356279069767442,0.0703093023255814,43
2023-01-04,0.06666666666666667,0.2,0.08888888888888889,0.2222222222222222,0.022222222222222223,0.2,0.08888888888888889,0.26666666666666666,0.4666666666666667,0.4444444444444444,0.022222222222222223,0.76472,0.08889999999999999,0.020424444444444446,0.043735555555555555,0.08222888888888889,0.15858444444444444,0.7554888888888889,0.08593111111111111,-0.07265333333333333,45
2023-01-05,0.125,0.375,0.08333333333333333,0.16666666666666666,0.10416666666666667,0.16666666666666666,0.041666666666666664,0.20833333333333334,0.5625,0.3125,0.25,0.6804541666666667,0.17228541666666666,0.0411125,0.028754166666666667,0.07740416666666666,0.15969791666666666,0.7408083333333333,0.09949791666666667,-0.060200000000000004,48
2023-01-06,0.15555555555555556,0.2,0.06666666666666667,0.17777777777777778,0.022222222222222223,0.06666666666666667,0.1111111111111111,0.24444444444444444,0.4888888888888889,0.2222222222222222,0.26666666666666666,0.6775644444444444,0.1803511111111111,0.04223777777777778,0.03333333333333333,0.06651777777777777,0.13663555555555557,0.7562733333333334,0.10709111111111111,-0.029544444444444446,45
2023-01-09,0.0390625,0.2421875,0.0625,0.0859375,0.078125,0.0703125,0.078125,0.2109375,0.4921875,0.2578125,0.234375,0.6506875,0.17148359375,0.03517734375,0.038753125,0.1039046875,0.1092890625,0.78975,0.10096328125,-0.00832578125,128
2023-01-10,0.07272727272727272,0.16363636363636364,0.03636363636363636,0.09090909090909091,0.07272727272727272,0.09090909090909091,0.05454545454545454,0.21818181818181817,0.41818181818181815,0.2545454545454545,0.16363636363636364,0.5644145454545455,0.20268545454545456,0.03725454545454545,0.0521290909090909,0.14351818181818182,0.13276181818181818,0.7202090909090909,0.14702181818181817,0.014259999999999998,55
2023-01-11,0.16666666666666666,0.35185185185185186,0.14814814814814814,0.09259259259259259,0.09259259259259259,0.12962962962962962,0.05555555555555555,0.2037037037037037,0.3148148148148148,0.2962962962962963,0.018518518518518517,0.6308351851851852,0.1905037037037037,0.07259074074074075,0.025087037037037036,0.08097407407407407,0.14205925925925925,0.764375925925926,0.09356111111111111,-0.04849814814814815,54
2023-01-12,0.025,0.15,0.05,0.05,0.075,0.125,0.1,0.25,0.5,0.175,0.325,0.601485,0.26167250000000003,0.0353025,0.026979999999999997,0.0745625,0.15903499999999998,0.767075,0.0738925,-0.0851425,40
2023-01-13,0.09090909090909091,0.3409090909090909,0.022727272727272728,0.20454545454545456,0.11363636363636363,0.22727272727272727,0.11363636363636363,0.29545454545454547,0.5,0.3409090909090909,0.1590909090909091,0.6104545454545455,0.23181136363636365,0.03559318181818182,0.04516136363636364,0.07697727272727273,0.23297272727272728,0.68645,0.08057954545454546,-0.15239318181818182,44
2023-01-17,0.09259259259259259,0.4444444444444444,0.09259259259259259,0.2222222222222222,0.12962962962962962,0.2222222222222222,0.12962962962962962,0.24074074074074073,0.5740740740740741,0.37037037037037035,0.2037037037037037,0.6060592592592593,0.20038703703703703,0.036540740740740735,0.04596111111111111,0.1110462962962963,0.14802592592592592,0.7284796296296295,0.12348148148148148,-0.02454444444444445,54
2023-01-18,0.0,0.20833333333333334,0.041666666666666664,0.0,0.041666666666666664,0.0,0.041666666666666664,0.125,0.2916666666666667,0.041666666666666664,0.25,0.7264541666666666,0.15850416666666667,0.021062499999999998,0.029891666666666667,0.06408333333333334,0.06672916666666666,0.8242208333333334,0.10906666666666666,0.0423375,24
2023-01-19,0.08333333333333333,0.16666666666666666,0.0,0.16666666666666666,0.08333333333333333,0.08333333333333333,0.0,0.25,0.3333333333333333,0.25,0.08333333333333333,0.8115583333333333,0.06560833333333334,0.022525,0.06680833333333333,0.0335,0.09484999999999999,0.8118833333333333,0.09325833333333333,-0.0015916666666666655,12
2023-01-20,0.16666666666666666,0.3888888888888889,0.05555555555555555,0.1111111111111111,0.16666666666666666,0.05555555555555555,0.1111111111111111,0.3888888888888889,0.5555555555555556,0.3888888888888889,0.16666666666666666,0.7206555555555556,0.14622777777777776,0.041311111111111104,0.036311111111111107,0.05548888888888889,0.08416666666666667,0.8031,0.11273333333333332,0.028566666666666667,18
2023-01-23,0.06666666666666667,0.2,0.06666666666666667,0.1,0.06666666666666667,0.06666666666666667,0.03333333333333333,0.13333333333333333,0.3333333333333333,0.1,0.23333333333333334,0.6488499999999999,0.20042666666666667,0.04853333333333333,0.025723333333333334,0.07647666666666667,0.10182333333333334,0.7578266666666666,0.14035999999999998,0.038536666666666664,30
2023-01-24,0.0,0.0625,0.0,0.0625,0.0625,0.0625,0.0,0.25,0.375,0.0625,0.3125,0.69375,0.10644375,0.02154375,0.04320625,0.1350625,0.0298,0.8985562500000001,0.07165625,0.04185625,16
2023-01-31,0.2,0.2,0.0,0.0,0.0,0.0,0.0,0.4,0.0,0.4,-0.4,0.9033,0.0436,0.01584,0.01808,0.019219999999999998,0.17631999999999998,0.7844599999999999,0.03926,-0.13706000000000002,5
2023-02-01,0.1935483870967742,0.3387096774193548,0.0967741935483871,0.1774193548387097,0.1935483870967742,0.14516129032258066,0.0967741935483871,0.41935483870967744,0.9032258064516129,0.3709677419354839,0.532258064516129,0.7598338709677419,0.13091451612903227,0.026780645161290324,0.028920967741935484,0.05355806451612903,0.09501129032258064,0.8075774193548387,0.09741290322580645,0.0024016129032258062,62
2023-02-02,0.26666666666666666,0.3333333333333333,0.1,0.13333333333333333,0.16666666666666666,0.2,0.16666666666666666,0.4,0.43333333333333335,0.3333333333333333,0.1,0.6881666666666667,0.12817,0.054963333333333336,0.02987333333333333,0.09882333333333333,0.16981000000000002,0.7748233333333334,0.05537333333333334,-0.11443666666666667,30
2023-02-03,0.061224489795918366,0.22448979591836735,0.061224489795918366,0.10204081632653061,0.02040816326530612,0.061224489795918366,0.10204081632653061,0.14285714285714285,0.40816326530612246,0.20408163265306123,0.20408163265306123,0.658669387755102,0.1915408163265306,0.030373469387755102,0.02775102040816327,0.09168163265306123,0.09169999999999999,0.8260326530612245,0.0822795918367347,-0.009420408163265304,49
2023-02-06,0.13725490196078433,0.19607843137254902,0.0784313725490196,0.23529411764705882,0.11764705882352941,0.22549019607843138,0.10784313725490197,0.3431372549019608,0.5098039215686274,0.4215686274509804,0.08823529411764706,0.6791921568627451,0.17102745098039215,0.034041176470588234,0.03356862745098039,0.08216862745098039,0.13287254901960785,0.7708274509803921,0.09629901960784314,-0.036573529411764706,102
2023-02-07,0.10714285714285714,0.375,0.03571428571428571,0.14285714285714285,0.16071428571428573,0.10714285714285714,0.19642857142857142,0.23214285714285715,0.42857142857142855,0.30357142857142855,0.125,0.6136517857142857,0.2209125,0.04214285714285714,0.044901785714285714,0.07838749999999998,0.1332910714285714,0.8053821428571428,0.061326785714285716,-0.07196428571428572,56
2023-02-08,0.07692307692307693,0.3974358974358974,0.1282051282051282,0.21794871794871795,0.08974358974358974,0.16666666666666666,0.08974358974358974,0.48717948717948717,0.782051282051282,0.28205128205128205,0.5,0.6367538461538462,0.15937179487179487,0.04154230769230769,0.05716538461538461,0.10517051282051283,0.1165923076923077,0.7560346153846154,0.12736666666666666,0.010774358974358977,78
2023-02-09,0.044444444444444446,0.1111111111111111,0.022222222222222223,0.13333333333333333,0.1111111111111111,0.15555555555555556,0.022222222222222223,0.35555555555555557,0.5555555555555556,0.17777777777777778,0.37777777777777777,0.5804244444444444,0.23824888888888887,0.04209555555555556,0.025455555555555554,0.11377777777777778,0.05418666666666667,0.8610066666666667,0.0848,0.030613333333333336,45
2023-02-10,0.05714285714285714,0.17142857142857143,0.05714285714285714,0.11428571428571428,0.02857142857142857,0.22857142857142856,0.0,0.17142857142857143,0.4,0.2857142857142857,0.11428571428571428,0.6794514285714286,0.18942285714285712,0.029891428571428572,0.043691428571428576,0.05753714285714285,0.19277142857142857,0.6449714285714286,0.16226,-0.030511428571428568,35
2023-02-13,0.12037037037037036,0.2222222222222222,0.046296296296296294,0.12962962962962962,0.12037037037037036,0.1388888888888889,0.07407407407407407,0.2777777777777778,0.5092592592592593,0.3055555555555556,0.2037037037037037,0.5872962962962963,0.21298518518518517,0.05447222222222222,0.058581481481481484,0.08666574074074074,0.13249166666666665,0.7600694444444445,0.10744722222222222,-0.025044444444444442,108
2023-02-14,0.125,0.15625,0.03125,0.1875,0.09375,0.15625,0.125,0.21875,0.40625,0.375,0.03125,0.626728125,0.2227375,0.029578125,0.03768125,0.083284375,0.1762,0.750015625,0.0738,-0.1024,32
2023-02-15,0.025,0.475,0.05,0.05,0.3,0.175,0.1,0.575,0.875,0.225,0.65,0.5937925,0.187825,0.059455,0.043717500000000006,0.115205,0.150945,0.704815,0.1442525,-0.006692499999999999,40
2023-02-16,0.13513513513513514,0.24324324324324326,0.0,0.1891891891891892,0.10810810810810811,0.13513513513513514,0.13513513513513514,0.2972972972972973,0.4864864864864865,0.32432432432432434,0.16216216216216217,0.687927027027027,0.13855135135135135,0.026743243243243245,0.06235405405405406,0.0844027027027027,0.07702702702702703,0.8412513513513513,0.08172702702702703,0.0046999999999999984,37
2023-02-17,0.2222222222222222,0.2222222222222222,0.027777777777777776,0.25,0.027777777777777776,0.16666666666666666,0.027777777777777776,0.19444444444444445,0.6388888888888888,0.4444444444444444,0.19444444444444445,0.7061277777777778,0.1521388888888889,0.02826388888888889,0.043755555555555554,0.06971666666666666,0.14403888888888888,0.7313333333333333,0.12462777777777778,-0.019411111111111115,36
2023-02-21,0.20967741935483872,0.22580645161290322,0.14516129032258066,0.20161290322580644,0.10483870967741936,0.20161290322580644,0.08870967741935484,0.2903225806451613,0.6048387096774194,0.3790322580645161,0.22580645161290322,0.6478112903225806,0.19770403225806452,0.03551290322580645,0.04447741935483871,0.07449193548387097,0.20173467741935483,0.6784620967741936,0.1197991935483871,-0.08193548387096775,124
2023-02-22,0.10714285714285714,0.375,0.03571428571428571,0.09821428571428571,0.13392857142857142,0.13392857142857142,0.07142857142857142,0.38392857142857145,0.7410714285714286,0.23214285714285715,0.5089285714285714,0.7753732142857144,0.09901696428571428,0.02367857142857143,0.042999107142857144,0.058936607142857145,0.22776875000000002,0.4946401785714286,0.27758571428571427,0.04981696428571429,112
2023-02-23,0.11764705882352941,0.14705882352941177,0.029411764705882353,0.08823529411764706,0.029411764705882353,0.058823529411764705,0.08823529411764706,0.11764705882352941,0.35294117647058826,0.17647058823529413,0.17647058823529413,0.6724117647058823,0.1938705882352941,0.02769705882352941,0.02305294117647059,0.0829764705882353,0.058123529411764706,0.8449911764705883,0.09687941176470588,0.038755882352941175,34
2023-02-24,0.07142857142857142,0.35714285714285715,0.07142857142857142,0.16666666666666666,0.23809523809523808,0.07142857142857142,0.14285714285714285,0.47619047619047616,0.7142857142857143,0.21428571428571427,0.5,0.7039857142857142,0.14703809523809522,0.024254761904761904,0.03546428571428571,0.0892452380952381,0.1135809523809524,0.7540261904761905,0.1324,0.018819047619047624,42
2023-02-27,0.17525773195876287,0.38144329896907214,0.08247422680412371,0.15463917525773196,0.15463917525773196,0.12371134020618557,0.15463917525773196,0.30927835051546393,0.7835051546391752,0.38144329896907214,0.4020618556701031,0.603179381443299,0.26536701030927834,0.04365773195876289,0.02418041237113402,0.06361340206185567,0.1630381443298969,0.7489618556701031,0.0880082474226804,-0.0750298969072165,97
2023-02-28,0.05128205128205128,0.5641025641025641,0.10256410256410256,0.23076923076923078,0.1282051282051282,0.15384615384615385,0.3333333333333333,0.38461538461538464,0.8461538461538461,0.23076923076923078,0.6153846153846154,0.6970282051282052,0.10733846153846152,0.026820512820512822,0.048541025641025644,0.12028461538461538,0.12088974358974358,0.7469230769230769,0.1322076923076923,0.01131794871794872,39
2023-03-01,0.22972972972972974,0.33783783783783783,0.0945945945945946,0.12162162162162163,0.17567567567567569,0.12162162162162163,0.04054054054054054,0.44594594594594594,0.7837837837837838,0.3783783783783784,0.40540540540540543,0.6268243243243243,0.21506216216216217,0.038206756756756756,0.0349,0.08501621621621622,0.11839594594594595,0.7597945945945946,0.12181351351351352,0.003417567567567566,74
2023-03-02,0.0,0.0967741935483871,0.03225806451612903,0.12903225806451613,0.03225806451612903,0.12903225806451613,0.03225806451612903,0.0967741935483871,0.16129032258064516,0.16129032258064516,0.0,0.6708967741935483,0.2119806451612903,0.02567741935483871,0.025309677419354838,0.06614516129032258,0.10561290322580645,0.7946709677419355,0.09971612903225807,-0.005896774193548391,31
2023-03-03,0.14893617021276595,0.2978723404255319,0.0851063829787234,0.10638297872340426,0.10638297872340426,0.14893617021276595,0.10638297872340426,0.2553191489361702,0.5319148936170213,0.19148936170212766,0.3404255319148936,0.6097425531914894,0.20495957446808508,0.03355106382978723,0.03657872340425532,0.1151659574468085,0.12405744680851065,0.7888106382978723,0.08713404255319149,-0.03692340425531915,47
2023-03-06,0.08403361344537816,0.5546218487394958,0.05042016806722689,0.16806722689075632,0.20168067226890757,0.11764705882352941,0.13445378151260504,0.4369747899159664,0.8991596638655462,0.3277310924369748,0.5714285714285714,0.6072058823529413,0.2438638655462185,0.040042857142857144,0.03192941176470588,0.07695630252100841,0.1879470588235294,0.7187201680672268,0.09332773109243697,-0.09461932773109243,119
2023-03-07,0.058823529411764705,0.14705882352941177,0.0,0.17647058823529413,0.29411764705882354,0.058823529411764705,0.11764705882352941,0.35294117647058826,0.5294117647058824,0.29411764705882354,0.23529411764705882,0.7091558823529411,0.15716470588235296,0.030150000000000003,0.02605,0.07748235294117646,0.1471,0.7857705882352941,0.0671264705882353,-0.07997352941176471,34
2023-03-08,0.1346153846153846,0.2692307692307692,0.15384615384615385,0.19230769230769232,0.11538461538461539,0.25,0.07692307692307693,0.23076923076923078,0.5961538461538461,0.40384615384615385,0.19230769230769232,0.6731692307692309,0.14104423076923076,0.03784807692307692,0.057232692307692304,0.0907,0.1116269230769231,0.7643884615384615,0.12399423076923077,0.012367307692307695,52
2023-03-09,0.05,0.15,0.05,0.05,0.1,0.05,0.05,0.3,0.6,0.3,0.3,0.69755,0.20051999999999998,0.029935,0.031855,0.040145,0.13618999999999998,0.7654449999999999,0.09838,-0.037809999999999996,20
2023-03-10,0.18421052631578946,0.18421052631578946,0.07894736842105263,0.34210526315789475,0.05263157894736842,0.42105263157894735,0.39473684210526316,0.15789473684210525,0.5789473684210527,0.5,0.07894736842105263,0.61445,0.20573684210526316,0.05049473684210526,0.027892105263157895,0.10142631578947368,0.19755,0.7102315789473684,0.09222631578947368,-0.10532368421052632,38
2023-03-13,0.15,0.2125,0.0875,0.2125,0.1125,0.2125,0.075,0.25,0.65,0.3625,0.2875,0.6355537499999999,0.22228750000000003,0.04639125,0.029320000000000002,0.06645375,0.10298125,0.8163375,0.080675,-0.02230625,80
2023-03-14,0.09090909090909091,0.4772727272727273,0.06818181818181818,0.18181818181818182,0.09090909090909091,0.13636363636363635,0.18181818181818182,0.29545454545454547,0.5681818181818182,0.3181818181818182,0.25,0.735565909090909,0.1267431818181818,0.03756818181818182,0.046686363636363644,0.05343409090909091,0.1782272727272727,0.7220045454545455,0.09976818181818183,-0.07845909090909091,44
2023-03-15,0.11320754716981132,0.37735849056603776,0.05660377358490566,0.1320754716981132,0.1509433962264151,0.11320754716981132,0.20754716981132076,0.39622641509433965,0.5660377358490566,0.20754716981132076,0.3584905660377358,0.6940603773584906,0.12369245283018868,0.03315283018867925,0.04133584905660378,0.10776226415094341,0.07803396226415094,0.7676773584905661,0.15428490566037734,0.07625094339622641,53
2023-03-16,0.18,0.58,0.1,0.28,0.1,0.34,0.24,0.36,1.06,0.5,0.56,0.787192,0.047744,0.033142,0.065484,0.066436,0.056938,0.762818,0.180244,0.123306,50
2023-03-17,0.11764705882352941,0.20588235294117646,0.0,0.029411764705882353,0.11764705882352941,0.11764705882352941,0.058823529411764705,0.2647058823529412,0.35294117647058826,0.29411764705882354,0.058823529411764705,0.7210588235294118,0.15956176470588235,0.026120588235294118,0.03541176470588235,0.05783529411764706,0.0783970588235294,0.8099411764705883,0.11166176470588235,0.03326470588235294,34
2023-03-20,0.10236220472440945,0.3543307086614173,0.047244094488188976,0.12598425196850394,0.10236220472440945,0.10236220472440945,0.09448818897637795,0.48031496062992124,0.8503937007874016,0.1889763779527559,0.6614173228346457,0.6415929133858267,0.17448582677165356,0.03193543307086614,0.05601653543307086,0.09596771653543308,0.07989842519685039,0.8017251968503938,0.11837244094488189,0.03847401574803149,127
2023-03-21,0.10909090909090909,0.9090909090909091,0.03636363636363636,0.41818181818181815,0.23636363636363636,0.09090909090909091,0.12727272727272726,0.5818181818181818,1.8545454545454545,0.23636363636363636,1.6181818181818182,0.6732163636363636,0.15073636363636364,0.04808909090909091,0.055439999999999996,0.07251636363636363,0.1342909090909091,0.7802836363636363,0.08542181818181818,-0.04886909090909091,55
2023-03-22,0.125,0.1875,0.125,0.22916666666666666,0.08333333333333333,0.1875,0.08333333333333333,0.16666666666666666,0.4166666666666667,0.3958333333333333,0.020833333333333332,0.6739916666666667,0.17648958333333334,0.03518958333333334,0.04723125,0.06709791666666666,0.07152916666666666,0.8212395833333334,0.10723958333333333,0.03571041666666667,48
2023-03-23,0.16279069767441862,0.5116279069767442,0.11627906976744186,0.2558139534883721,0.16279069767441862,0.3023255813953488,0.16279069767441862,0.3953488372093023,1.0930232558139534,0.46511627906976744,0.627906976744186,0.6816790697674419,0.13160697674418603,0.037774418604651167,0.05772790697674419,0.09119534883720931,0.14256511627906976,0.6933883720930233,0.16405348837209302,0.021488372093023258,43
2023-03-24,0.07142857142857142,0.23809523809523808,0.09523809523809523,0.19047619047619047,0.14285714285714285,0.09523809523809523,0.11904761904761904,0.21428571428571427,0.42857142857142855,0.2619047619047619,0.16666666666666666,0.5864952380952381,0.25885,0.03982857142857143,0.03939047619047619,0.07544999999999999,0.16916190476190476,0.7233404761904763,0.10747619047619048,-0.06168571428571428,42
2023-03-27,0.1417910447761194,0.27611940298507465,0.05223880597014925,0.1791044776119403,0.14925373134328357,0.208955223880597,0.1044776119402985,0.40298507462686567,0.8432835820895522,0.3283582089552239,0.5149253731343284,0.6288171641791045,0.19044850746268657,0.040063432835820895,0.030441044776119405,0.11023358208955224,0.10889477611940299,0.7546589552238806,0.1364410447761194,0.02754626865671642,134
2023-03-28,0.027777777777777776,0.1388888888888889,0.0,0.027777777777777776,0.08333333333333333,0.0,0.08333333333333333,0.2222222222222222,0.3888888888888889,0.08333333333333333,0.3055555555555556,0.7200611111111112,0.17275000000000001,0.046,0.022280555555555557,0.038908333333333336,0.14276388888888888,0.8050999999999999,0.05215,-0.09061388888888888,36
2023-03-29,0.08163265306122448,0.3469387755102041,0.061224489795918366,0.24489795918367346,0.1836734693877551,0.16326530612244897,0.10204081632653061,0.4489795918367347,0.7142857142857143,0.3673469387755102,0.3469387755102041,0.7774632653061224,0.11338775510204081,0.03514489795918368,0.024624489795918365,0.049379591836734696,0.09612040816326531,0.8147857142857143,0.08909795918367347,-0.007022448979591838,49
2023-03-30,0.21052631578947367,0.22807017543859648,0.08771929824561403,0.19298245614035087,0.08771929824561403,0.08771929824561403,0.03508771929824561,0.21052631578947367,0.5614035087719298,0.3333333333333333,0.22807017543859648,0.6474052631578947,0.2124017543859649,0.044428070175438594,0.032878947368421056,0.06287017543859649,0.14796842105263158,0.7629456140350878,0.08908947368421052,-0.05887894736842105,57
2023-03-31,0.18421052631578946,0.34210526315789475,0.05263157894736842,0.15789473684210525,0.02631578947368421,0.15789473684210525,0.02631578947368421,0.15789473684210525,0.3157894736842105,0.5,-0.18421052631578946,0.5204763157894736,0.24182894736842106,0.06481578947368422,0.07642368421052632,0.09645526315789474,0.15817368421052633,0.7370052631578947,0.10481052631578948,-0.05336315789473684,38
2023-04-03,0.21428571428571427,0.4642857142857143,0.08928571428571429,0.16071428571428573,0.25,0.16071428571428573,0.07142857142857142,0.5178571428571429,0.9821428571428571,0.4642857142857143,0.5178571428571429,0.6294428571428572,0.2316482142857143,0.045625000000000006,0.024464285714285716,0.0688125,0.12559464285714286,0.7692696428571428,0.10513392857142857,-0.020460714285714283,56
2023-04-04,0.20833333333333334,0.2916666666666667,0.0,0.16666666666666666,0.041666666666666664,0.125,0.041666666666666664,0.4583333333333333,1.1666666666666667,0.5,0.6666666666666666,0.6002208333333333,0.24365,0.048916666666666664,0.034529166666666666,0.072675,0.2251375,0.6441291666666666,0.13071666666666668,-0.09442083333333333,24
2023-04-05,0.21052631578947367,0.47368421052631576,0.15789473684210525,0.2631578947368421,0.2631578947368421,0.21052631578947367,0.10526315789473684,0.5789473684210527,0.6842105263157895,0.5263157894736842,0.15789473684210525,0.5025578947368421,0.33293684210526314,0.08315263157894737,0.03354736842105263,0.047821052631578945,0.21463157894736842,0.7214,0.0639578947368421,-0.15067368421052632,19
2023-04-06,0.18181818181818182,0.2727272727272727,0.0,0.18181818181818182,0.18181818181818182,0.09090909090909091,0.09090909090909091,0.45454545454545453,0.45454545454545453,0.2727272727272727,0.18181818181818182,0.48461818181818184,0.39131818181818184,0.02400909090909091,0.018872727272727274,0.08117272727272727,0.06643636363636364,0.7007636363636364,0.23279090909090908,0.16635454545454545,11
2023-04-10,0.17142857142857143,0.5142857142857142,0.08571428571428572,0.2571428571428571,0.11428571428571428,0.17142857142857143,0.08571428571428572,0.42857142857142855,0.7142857142857143,0.5142857142857142,0.2,0.5533771428571429,0.23596857142857144,0.06864,0.02200857142857143,0.1199942857142857,0.18157714285714285,0.7494857142857143,0.06894285714285714,-0.11263428571428571,35
2023-04-11,0.17647058823529413,0.29411764705882354,0.17647058823529413,0.4117647058823529,0.11764705882352941,0.17647058823529413,0.058823529411764705,0.4117647058823529,0.7058823529411765,0.6470588235294118,0.058823529411764705,0.5746470588235294,0.2861294117647059,0.03923529411764706,0.020588235294117647,0.07940000000000001,0.18767058823529412,0.7675588235294118,0.04477058823529412,-0.1429,17
2023-04-12,0.22535211267605634,0.6197183098591549,0.13380281690140844,0.21830985915492956,0.34507042253521125,0.2112676056338028,0.22535211267605634,0.8028169014084507,1.1971830985915493,0.3873239436619718,0.8098591549295775,0.5526584507042254,0.24206830985915492,0.03985774647887324,0.05071197183098592,0.11470422535211268,0.09197253521126761,0.6207133802816901,0.28730985915492957,0.19533732394366196,142
2023-04-13,0.1619047619047619,0.5047619047619047,0.12380952380952381,0.2,0.18095238095238095,0.1619047619047619,0.19047619047619047,0.3619047619047619,0.8380952380952381,0.4,0.4380952380952381,0.6415390476190476,0.17512380952380951,0.05194190476190476,0.054451428571428574,0.07694095238095237,0.12970666666666666,0.7619285714285714,0.10837047619047618,-0.021336190476190477,105
2023-04-14,0.0851063829787234,0.43617021276595747,0.0851063829787234,0.2978723404255319,0.20212765957446807,0.23404255319148937,0.1702127659574468,0.5851063829787234,0.9361702127659575,0.43617021276595747,0.5,0.5915234042553191,0.2386191489361702,0.034382978723404255,0.04283510638297873,0.0926436170212766,0.17211808510638296,0.6806287234042554,0.14725744680851063,-0.024860638297872346,94
2023-04-17,0.15705128205128205,0.358974358974359,0.08974358974358974,0.2403846153846154,0.14743589743589744,0.22435897435897437,0.1955128205128205,0.40384615384615385,0.6538461538461539,0.47435897435897434,0.1794871794871795,0.6353272435897436,0.2018875,0.048960576923076926,0.03134807692307692,0.08247916666666666,0.1704246794871795,0.7237214743589744,0.10585480769230769,-0.0645698717948718,312
2023-04-18,0.15384615384615385,0.3516483516483517,0.04395604395604396,0.15384615384615385,0.054945054945054944,0.14285714285714285,0.06593406593406594,0.3076923076923077,0.6043956043956044,0.34065934065934067,0.26373626373626374,0.6580813186813187,0.20680769230769233,0.03332417582417582,0.035478021978021974,0.06629010989010989,0.09558461538461538,0.7811736263736263,0.12325274725274725,0.027668131868131867,91
2023-04-19,0.14634146341463414,0.2804878048780488,0.04878048780487805,0.25609756097560976,0.04878048780487805,0.2073170731707317,0.14634146341463414,0.36585365853658536,0.7073170731707317,0.36585365853658536,0.34146341463414637,0.660720731707317,0.2059170731707317,0.05251585365853659,0.027596341463414636,0.05324390243902439,0.14826219512195124,0.7578256097560976,0.09392439024390245,-0.05433780487804878,82
2023-04-20,0.23214285714285715,0.32142857142857145,0.08928571428571429,0.19642857142857142,0.14285714285714285,0.16071428571428573,0.07142857142857142,0.44642857142857145,0.6964285714285714,0.2857142857142857,0.4107142857142857,0.5062803571428571,0.3145232142857143,0.03785892857142857,0.049367857142857144,0.09195357142857143,0.15195,0.7489821428571428,0.09907142857142857,-0.05287857142857143,56
2023-04-21,0.12048192771084337,0.26506024096385544,0.060240963855421686,0.24096385542168675,0.12048192771084337,0.26506024096385544,0.12048192771084337,0.4578313253012048,0.6987951807228916,0.4819277108433735,0.21686746987951808,0.6356987951807229,0.22732650602409638,0.03429277108433735,0.026512048192771084,0.07618554216867471,0.19092409638554217,0.7179698795180723,0.09110602409638555,-0.09981807228915664,83
2023-04-24,0.17801047120418848,0.34554973821989526,0.13089005235602094,0.19895287958115182,0.17277486910994763,0.19895287958115182,0.18324607329842932,0.418848167539267,0.7015706806282722,0.418848167539267,0.28272251308900526,0.5600774869109948,0.25116806282722515,0.04994031413612566,0.03700314136125654,0.10180575916230367,0.15007382198952882,0.7294534031413613,0.12047172774869111,-0.029602094240837692,191
2023-04-25,0.08196721311475409,0.4426229508196721,0.11475409836065574,0.19672131147540983,0.22950819672131148,0.14754098360655737,0.14754098360655737,0.3442622950819672,0.7049180327868853,0.39344262295081966,0.3114754098360656,0.6285901639344262,0.19477704918032784,0.04501967213114754,0.043706557377049184,0.0879049180327869,0.10685901639344261,0.7434213114754098,0.14973934426229507,0.04288032786885246,61
2023-04-26,0.17105263157894737,0.47368421052631576,0.11842105263157894,0.19736842105263158,0.2631578947368421,0.3815789473684211,0.15789473684210525,0.5921052631578947,0.7894736842105263,0.5789473684210527,0.21052631578947367,0.5481276315789474,0.1982592105263158,0.05251710526315789,0.05294605263157895,0.14815,0.18328815789473685,0.7428671052631579,0.07383947368421052,-0.10944868421052631,76
2023-04-27,0.17647058823529413,0.2647058823529412,0.08823529411764706,0.20588235294117646,0.058823529411764705,0.11764705882352941,0.058823529411764705,0.2647058823529412,0.47058823529411764,0.4117647058823529,0.058823529411764705,0.6410647058823529,0.19608823529411765,0.03457058823529412,0.030529411764705885,0.0977264705882353,0.14101764705882353,0.722785294117647,0.1362,-0.00481764705882353,34
2023-04-28,0.16363636363636364,0.3090909090909091,0.01818181818181818,0.18181818181818182,0.12727272727272726,0.12727272727272726,0.07272727272727272,0.36363636363636365,0.45454545454545453,0.23636363636363636,0.21818181818181817,0.6842981818181818,0.20491818181818183,0.03194545454545454,0.021618181818181818,0.057216363636363635,0.1740763636363636,0.7507418181818182,0.07519454545454546,-0.09888181818181818,55
2023-05-01,0.1921182266009852,0.27586206896551724,0.059113300492610835,0.2019704433497537,0.10837438423645321,0.21182266009852216,0.07389162561576355,0.33497536945812806,0.625615763546798,0.3793103448275862,0.24630541871921183,0.6081541871921182,0.24924729064039408,0.04596551724137931,0.031144827586206895,0.06548620689655173,0.18212660098522165,0.7417423645320197,0.07612906403940886,-0.1059975369458128,203
2023-05-02,0.20408163265306123,0.6122448979591837,0.16326530612244897,0.3877551020408163,0.1836734693877551,0.22448979591836735,0.2653061224489796,0.40816326530612246,0.8775510204081632,0.5510204081632653,0.32653061224489793,0.6691122448979591,0.16519591836734693,0.03535918367346939,0.05208979591836735,0.07823469387755101,0.14733061224489796,0.6917551020408164,0.1609061224489796,0.013575510204081636,49
2023-05-03,0.10714285714285714,0.21428571428571427,0.07142857142857142,0.10714285714285714,0.07142857142857142,0.10714285714285714,0.0,0.21428571428571427,0.5357142857142857,0.32142857142857145,0.21428571428571427,0.5900571428571428,0.20938571428571429,0.05117142857142857,0.046925,0.10244642857142858,0.22907499999999997,0.6675892857142857,0.10335357142857142,-0.12572142857142857,28
2023-05-04,0.1,0.1,0.15,0.15,0.05,0.0,0.2,0.3,0.55,0.35,0.2,0.646335,0.217125,0.026865,0.02741,0.082295,0.171255,0.7195199999999999,0.10924,-0.06201500000000001,20
2023-05-05,0.05263157894736842,0.3684210526315789,0.05263157894736842,0.10526315789473684,0.18421052631578946,0.07894736842105263,0.15789473684210525,0.5526315789473685,0.6842105263157895,0.13157894736842105,0.5526315789473685,0.6496131578947368,0.1940578947368421,0.05251578947368422,0.03410789473684211,0.06968947368421052,0.10372105263157894,0.8064684210526316,0.08981052631578947,-0.013910526315789472,38
2023-05-08,0.0898876404494382,0.23595505617977527,0.11235955056179775,0.16853932584269662,0.07865168539325842,0.1797752808988764,0.0449438202247191,0.2808988764044944,0.6179775280898876,0.2696629213483146,0.34831460674157305,0.6615977528089887,0.15934831460674156,0.03269775280898876,0.049171910112359545,0.09717865168539325,0.1302438202247191,0.7562280898876405,0.11352584269662921,-0.016717977528089886,89
2023-05-09,0.47058823529411764,0.38235294117647056,0.08823529411764706,0.4117647058823529,0.11764705882352941,0.14705882352941177,0.4411764705882353,0.4411764705882353,0.6470588235294118,0.6176470588235294,0.029411764705882353,0.7064382352941176,0.07669705882352941,0.018908823529411766,0.053479411764705886,0.14449117647058823,0.040379411764705886,0.7881235294117647,0.17149117647058823,0.13111176470588234,34
2023-05-10,0.1566265060240964,0.5180722891566265,0.0963855421686747,0.2289156626506024,0.3493975903614458,0.1927710843373494,0.27710843373493976,0.7108433734939759,1.1686746987951808,0.37349397590361444,0.7951807228915663,0.43360602409638554,0.3806722891566265,0.04063975903614458,0.0345987951807229,0.1104867469879518,0.13002168674698797,0.7211481927710843,0.1488289156626506,0.01880722891566265,83
2023-05-11,0.1111111111111111,0.3888888888888889,0.1111111111111111,0.2777777777777778,0.16666666666666666,0.2222222222222222,0.0,0.2222222222222222,1.0555555555555556,0.3333333333333333,0.7222222222222222,0.5480055555555556,0.2660444444444445,0.09025,0.024399999999999998,0.0713111111111111,0.22647222222222224,0.6912444444444444,0.0822888888888889,-0.14418333333333333,18
2023-05-12,0.0,0.23076923076923078,0.0,0.23076923076923078,0.07692307692307693,0.23076923076923078,0.07692307692307693,0.4230769230769231,0.38461538461538464,0.4230769230769231,-0.038461538461538464,0.6290807692307693,0.19721923076923076,0.04514230769230769,0.03674230769230769,0.09183076923076923,0.13692692307692306,0.7010653846153846,0.16201153846153846,0.02508461538461539,26
2023-05-15,0.08235294117647059,0.4117647058823529,0.08235294117647059,0.10588235294117647,0.08235294117647059,0.12941176470588237,0.17647058823529413,0.18823529411764706,0.5058823529411764,0.2823529411764706,0.2235294117647059,0.6354588235294119,0.21529647058823528,0.04012,0.031809411764705885,0.07732588235294117,0.1416505882352941,0.7746788235294118,0.08367058823529412,-0.057980000000000004,85
2023-05-16,0.025,0.15,0.0,0.05,0.075,0.075,0.15,0.275,0.475,0.2,0.275,0.7267825,0.16351,0.0283125,0.030775000000000004,0.050615,0.13879,0.78305,0.078165,-0.060625,40
2023-05-17,0.1875,0.4375,0.0625,0.1875,0.0,0.1875,0.0,0.125,0.25,0.25,0.0,0.69449375,0.1769625,0.027612499999999998,0.02654375,0.07440625000000001,0.244225,0.68586875,0.0699,-0.174325,16
2023-05-18,0.021739130434782608,0.34782608695652173,0.0,0.10869565217391304,0.021739130434782608,0.13043478260869565,0.0,0.5217391304347826,0.7608695652173914,0.13043478260869565,0.6304347826086957,0.7167195652173912,0.1351804347826087,0.027849999999999996,0.04877173913043478,0.07150434782608696,0.09221739130434782,0.7771347826086956,0.13064782608695652,0.03843043478260869,46
2023-05-19,0.08571428571428572,0.2857142857142857,0.02857142857142857,0.08571428571428572,0.17142857142857143,0.2,0.02857142857142857,0.42857142857142855,0.6285714285714286,0.2,0.42857142857142855,0.6625285714285715,0.17476857142857144,0.03343714285714285,0.055099999999999996,0.0741742857142857,0.11852,0.7212485714285715,0.16022285714285714,0.041702857142857146,35
2023-05-22,0.12121212121212122,0.29292929292929293,0.06060606060606061,0.24242424242424243,0.16161616161616163,0.1717171717171717,0.10101010101010101,0.40404040404040403,0.6767676767676768,0.3333333333333333,0.3434343434343434,0.5868141414141415,0.23526565656565657,0.05475454545454546,0.03440909090909091,0.08874747474747474,0.13643636363636363,0.7387414141414141,0.12481515151515152,-0.011621212121212119,99
2023-05-23,0.14285714285714285,0.5378151260504201,0.09243697478991597,0.21008403361344538,0.2184873949579832,0.14285714285714285,0.17647058823529413,0.5882352941176471,0.9327731092436975,0.3697478991596639,0.5630252100840336,0.4810302521008404,0.2885260504201681,0.045223529411764704,0.05911848739495798,0.12609747899159662,0.1280420168067227,0.606938655462185,0.2650159663865546,0.13697394957983194,119
2023-05-24,0.17355371900826447,0.5289256198347108,0.11570247933884298,0.19008264462809918,0.17355371900826447,0.17355371900826447,0.10743801652892562,0.5371900826446281,1.0495867768595042,0.371900826446281,0.6776859504132231,0.7104652892561983,0.121,0.05162644628099173,0.04872727272727272,0.06818264462809917,0.18623223140495868,0.5772264462809917,0.2365413223140496,0.050309090909090914,121
2023-05-25,0.22950819672131148,0.29508196721311475,0.08196721311475409,0.18032786885245902,0.09836065573770492,0.18032786885245902,0.13114754098360656,0.36065573770491804,0.6557377049180327,0.3442622950819672,0.3114754098360656,0.7527377049180328,0.10695901639344262,0.03804918032786885,0.04042131147540984,0.0618327868852459,0.10213606557377049,0.7408573770491804,0.1570065573770492,0.054870491803278694,61
2023-05-26,0.0784313725490196,0.29411764705882354,0.09803921568627451,0.0392156862745098,0.09803921568627451,0.0196078431372549,0.17647058823529413,0.35294117647058826,0.45098039215686275,0.21568627450980393,0.23529411764705882,0.6318411764705882,0.20663529411764706,0.05183725490196078,0.03440392156862745,0.07528627450980392,0.1157078431372549,0.7415588235294117,0.14273529411764704,0.027027450980392154,51
2023-05-30,0.0962566844919786,0.4117647058823529,0.06951871657754011,0.18716577540106952,0.11764705882352941,0.10160427807486631,0.10695187165775401,0.37967914438502676,0.7219251336898396,0.22459893048128343,0.49732620320855614,0.6305374331550803,0.16625401069518717,0.045916577540106945,0.062249197860962564,0.09504331550802139,0.11699465240641711,0.7409021390374332,0.14210641711229946,0.025111764705882354,187
2023-05-31,0.22,0.18,0.04,0.16,0.14,0.12,0.06,0.24,0.52,0.32,0.2,0.551076,0.242306,0.05394,0.061040000000000004,0.091624,0.166954,0.7112479999999999,0.12179000000000001,-0.045164,50
2023-06-01,0.22058823529411764,0.5,0.07352941176470588,0.1323529411764706,0.23529411764705882,0.25,0.25,0.4411764705882353,0.8382352941176471,0.5,0.3382352941176471,0.67,0.18054705882352942,0.030477941176470586,0.031619117647058825,0.08736323529411764,0.1530029411764706,0.7560441176470588,0.09095735294117648,-0.062045588235294116,68
2023-06-02,0.0425531914893617,0.3829787234042553,0.0851063829787234,0.1702127659574468,0.1276595744680851,0.19148936170212766,0.1276595744680851,0.3617021276595745,0.7446808510638298,0.2553191489361702,0.48936170212765956,0.6344340425531915,0.20589574468085106,0.031031914893617018,0.02754255319148936,0.10108085106382979,0.14432127659574467,0.7321255319148936,0.12355106382978723,-0.02077021276595744,47
2023-06-05,0.08235294117647059,0.18823529411764706,0.047058823529411764,0.15294117647058825,0.15294117647058825,0.18823529411764706,0.09411764705882353,0.2823529411764706,0.4235294117647059,0.27058823529411763,0.15294117647058825,0.6418141176470589,0.16921764705882353,0.035896470588235294,0.03615294117647059,0.11691411764705882,0.16834588235294118,0.729015294117647,0.10263529411764706,-0.06571058823529412,85
2023-06-06,0.10638297872340426,0.1702127659574468,0.0851063829787234,0.0425531914893617,0.1276595744680851,0.0425531914893617,0.10638297872340426,0.3617021276595745,0.5319148936170213,0.19148936170212766,0.3404255319148936,0.7146914893617021,0.13104893617021277,0.026291489361702128,0.041880851063829785,0.08609148936170212,0.10483617021276595,0.7902446808510638,0.10492340425531915,8.723404255319221e-05,47
2023-06-07,0.08888888888888889,0.24444444444444444,0.044444444444444446,0.022222222222222223,0.044444444444444446,0.17777777777777778,0.06666666666666667,0.15555555555555556,0.4,0.3111111111111111,0.08888888888888889,0.68296,0.19019555555555556,0.02646888888888889,0.022773333333333333,0.07760666666666667,0.14129555555555556,0.7574044444444444,0.10130222222222222,-0.03999333333333333,45
2023-06-08,0.06666666666666667,0.13333333333333333,0.03333333333333333,0.06666666666666667,0.03333333333333333,0.16666666666666666,0.06666666666666667,0.1,0.3333333333333333,0.3,0.03333333333333333,0.6598566666666666,0.13895333333333332,0.07329000000000001,0.041063333333333334,0.08684333333333334,0.10874333333333334,0.7628900000000001,0.12836333333333333,0.019620000000000002,30
2023-06-09,0.16216216216216217,0.40540540540540543,0.05405405405405406,0.05405405405405406,0.16216216216216217,0.1891891891891892,0.05405405405405406,0.4594594594594595,0.6216216216216216,0.5135135135135135,0.10810810810810811,0.6612135135135135,0.20826756756756756,0.029951351351351352,0.03476756756756757,0.06578918918918918,0.1346837837837838,0.7311351351351352,0.1341837837837838,-0.0004999999999999989,37
2023-06-12,0.14150943396226415,0.2830188679245283,0.04716981132075472,0.12264150943396226,0.11320754716981132,0.09433962264150944,0.0660377358490566,0.19811320754716982,0.4339622641509434,0.25471698113207547,0.1792452830188679,0.6173367924528302,0.24057641509433964,0.041364150943396225,0.029184905660377358,0.0715245283018868,0.14972735849056604,0.7533415094339623,0.09692735849056604,-0.0528,106
2023-06-14,0.0,1.125,0.1875,0.3125,0.1875,0.125,0.25,0.6875,1.3125,0.3125,1.0,0.66348125,0.08551874999999999,0.037137500000000004,0.115375,0.0984875,0.10084375,0.77396875,0.1252,0.02435625,16
2023-06-16,0.10344827586206896,0.5517241379310345,0.06896551724137931,0.10344827586206896,0.27586206896551724,0.1724137931034483,0.1724137931034483,0.5517241379310345,0.896551724137931,0.3793103448275862,0.5172413793103449,0.5202724137931034,0.2752551724137931,0.04626206896551724,0.04184137931034483,0.11637931034482758,0.07470344827586206,0.7421137931034483,0.18317586206896552,0.10847241379310345,29
2023-06-20,0.1271186440677966,0.2457627118644068,0.11440677966101695,0.2330508474576271,0.11016949152542373,0.211864406779661,0.11864406779661017,0.2796610169491525,0.5169491525423728,0.423728813559322,0.09322033898305085,0.645972033898305,0.20166822033898305,0.051305508474576274,0.0292114406779661,0.07184067796610169,0.1793415254237288,0.7305055084745763,0.09015254237288135,-0.08918898305084746,236
2023-06-21,0.08,0.24,0.06666666666666667,0.12,0.09333333333333334,0.10666666666666667,0.05333333333333334,0.3466666666666667,0.5333333333333333,0.25333333333333335,0.28,0.7003933333333333,0.16283733333333333,0.038112,0.02928266666666667,0.06937333333333334,0.08542266666666666,0.7979533333333333,0.11663066666666666,0.031207999999999996,75
2023-06-22,0.19642857142857142,0.39285714285714285,0.08928571428571429,0.32142857142857145,0.23214285714285715,0.2857142857142857,0.19642857142857142,0.375,0.75,0.5178571428571429,0.23214285714285715,0.6938607142857143,0.14650357142857143,0.03264821428571429,0.04405357142857143,0.08293392857142858,0.08718035714285714,0.77225,0.14056964285714285,0.05338928571428571,56
2023-06-23,0.07692307692307693,0.34615384615384615,0.019230769230769232,0.1346153846153846,0.11538461538461539,0.21153846153846154,0.17307692307692307,0.3269230769230769,0.5192307692307693,0.34615384615384615,0.17307692307692307,0.5834942307692308,0.19660576923076922,0.03886346153846154,0.046759615384615386,0.13426538461538462,0.08593269230769231,0.7912673076923077,0.12280576923076923,0.03687307692307692,52
2023-06-26,0.13636363636363635,0.2532467532467532,0.08441558441558442,0.16233766233766234,0.11688311688311688,0.14285714285714285,0.12987012987012986,0.33116883116883117,0.551948051948052,0.33116883116883117,0.22077922077922077,0.5471454545454546,0.28925,0.04413766233766234,0.029012337662337663,0.09045844155844156,0.14913766233766235,0.7469551948051948,0.10390584415584415,-0.04523181818181818,154
2023-06-27,0.08163265306122448,0.2857142857142857,0.061224489795918366,0.20408163265306123,0.10204081632653061,0.24489795918367346,0.16326530612244897,0.42857142857142855,0.5306122448979592,0.32653061224489793,0.20408163265306123,0.5360714285714285,0.2664836734693878,0.06375918367346939,0.03844081632653061,0.09523469387755103,0.18426122448979593,0.7221102040816327,0.09363061224489796,-0.09063061224489796,49
2023-06-28,0.1111111111111111,0.36507936507936506,0.07142857142857142,0.15873015873015872,0.2222222222222222,0.1984126984126984,0.16666666666666666,0.47619047619047616,0.8968253968253969,0.29365079365079366,0.6031746031746031,0.5308587301587301,0.26512380952380954,0.03945396825396825,0.05536984126984127,0.1091968253968254,0.14348333333333335,0.6639190476190476,0.19259603174603174,0.04911269841269841,126
2023-06-29,0.12857142857142856,0.44285714285714284,0.07142857142857142,0.2,0.11428571428571428,0.2,0.1,0.34285714285714286,0.7428571428571429,0.3,0.44285714285714284,0.68071,0.14090142857142857,0.039092857142857144,0.042994285714285714,0.09629714285714286,0.10903571428571429,0.7711642857142856,0.11980857142857142,0.010772857142857147,70
2023-06-30,0.19480519480519481,0.3246753246753247,0.03896103896103896,0.14285714285714285,0.12987012987012986,0.1038961038961039,0.07792207792207792,0.4025974025974026,0.5714285714285714,0.3116883116883117,0.2597402597402597,0.5785142857142858,0.23287922077922077,0.07993116883116883,0.029357142857142856,0.07932077922077922,0.17181558441558442,0.7296350649350649,0.09855844155844155,-0.07325714285714287,77
2023-07-03,0.36666666666666664,0.5833333333333334,0.1,0.23333333333333334,0.21666666666666667,0.15,0.13333333333333333,0.55,1.05,0.5833333333333334,0.4666666666666667,0.76133,0.142325,0.026401666666666667,0.02537,0.04457666666666667,0.09916666666666667,0.7947299999999999,0.10610499999999999,0.0069383333333333345,60
2023-07-05,0.2391304347826087,0.391304347826087,0.13043478260869565,0.1956521739130435,0.10869565217391304,0.17391304347826086,0.043478260869565216,0.45652173913043476,0.9565217391304348,0.4782608695652174,0.4782608695652174,0.6049543478260869,0.25399782608695654,0.05520652173913043,0.026828260869565218,0.05900652173913044,0.08358260869565216,0.8326565217391304,0.0837608695652174,0.00017826086956521645,46
2023-07-06,0.2,0.3333333333333333,0.1,0.13333333333333333,0.2,0.1,0.06666666666666667,0.5,0.7,0.26666666666666666,0.43333333333333335,0.6637666666666667,0.21740333333333334,0.03049,0.023733333333333332,0.06460333333333333,0.1557366666666667,0.7663766666666666,0.07787333333333332,-0.07786333333333333,30
2023-07-07,0.32142857142857145,0.42857142857142855,0.14285714285714285,0.21428571428571427,0.10714285714285714,0.35714285714285715,0.03571428571428571,0.39285714285714285,0.9285714285714286,0.4642857142857143,0.4642857142857143,0.6532714285714285,0.18742857142857144,0.027042857142857143,0.034675,0.09759285714285715,0.05933928571428571,0.8178821428571429,0.12279285714285715,0.06345357142857143,28
2023-07-10,0.18867924528301888,0.2641509433962264,0.11320754716981132,0.1509433962264151,0.03773584905660377,0.11320754716981132,0.03773584905660377,0.2641509433962264,0.6981132075471698,0.3584905660377358,0.33962264150943394,0.7035056603773585,0.1887132075471698,0.02664339622641509,0.025369811320754717,0.055762264150943396,0.17372641509433961,0.7261603773584906,0.10009811320754718,-0.07362830188679245,53
2023-07-11,0.07317073170731707,0.24390243902439024,0.07317073170731707,0.04878048780487805,0.14634146341463414,0.07317073170731707,0.14634146341463414,0.2682926829268293,0.6829268292682927,0.17073170731707318,0.5121951219512195,0.6008048780487805,0.2694463414634146,0.024029268292682926,0.0215,0.08419268292682926,0.1606829268292683,0.6799487804878049,0.1593658536585366,-0.0013170731707317085,41
2023-07-12,0.11267605633802817,0.19718309859154928,0.08450704225352113,0.1267605633802817,0.08450704225352113,0.14084507042253522,0.08450704225352113,0.38028169014084506,0.5211267605633803,0.2676056338028169,0.2535211267605634,0.5891647887323944,0.23248309859154928,0.060950704225352106,0.03055915492957747,0.08684366197183098,0.11035211267605634,0.7908774647887323,0.09876478873239436,-0.011587323943661966,71
2023-07-13,0.12,0.3,0.02,0.14,0.14,0.16,0.12,0.28,0.58,0.38,0.2,0.612254,0.265524,0.031806,0.025619999999999997,0.06480000000000001,0.161916,0.752124,0.085968,-0.075948,50
2023-07-14,0.2153846153846154,0.3230769230769231,0.046153846153846156,0.1076923076923077,0.13846153846153847,0.12307692307692308,0.09230769230769231,0.4153846153846154,0.7384615384615385,0.36923076923076925,0.36923076923076925,0.6496430769230769,0.19916461538461538,0.04485230769230769,0.027395384615384613,0.07894615384615385,0.09680461538461538,0.8054276923076923,0.09777692307692308,0.0009723076923076928,65
2023-07-17,0.12941176470588237,0.3,0.047058823529411764,0.16470588235294117,0.14705882352941177,0.13529411764705881,0.11176470588235295,0.31176470588235294,0.5352941176470588,0.3058823529411765,0.22941176470588234,0.6526341176470588,0.20485823529411762,0.03792470588235294,0.031026470588235294,0.07355647058823529,0.12482235294117647,0.7891799999999999,0.08600058823529412,-0.038821764705882354,170
2023-07-18,0.1511627906976744,0.43023255813953487,0.08139534883720931,0.2558139534883721,0.16279069767441862,0.18604651162790697,0.18604651162790697,0.3953488372093023,0.8488372093023255,0.3953488372093023,0.45348837209302323,0.6963313953488373,0.16916046511627908,0.030263953488372092,0.03357674418604651,0.07066046511627908,0.11684883720930232,0.7597127906976745,0.1234406976744186,0.0065918604651162786,86
2023-07-19,0.10810810810810811,0.28378378378378377,0.0,0.14864864864864866,0.0945945945945946,0.13513513513513514,0.06756756756756757,0.32432432432432434,0.35135135135135137,0.2702702702702703,0.08108108108108109,0.6512378378378378,0.18956216216216215,0.03680540540540541,0.03283513513513514,0.08955405405405405,0.10156351351351352,0.7714783783783783,0.12695405405405405,0.02539054054054054,74
2023-07-20,0.12698412698412698,0.2698412698412698,0.047619047619047616,0.14285714285714285,0.1746031746031746,0.1746031746031746,0.09523809523809523,0.3492063492063492,0.5396825396825397,0.3333333333333333,0.20634920634920634,0.6336650793650793,0.2170777777777778,0.04476507936507936,0.02870793650793651,0.07577619047619048,0.14032539682539683,0.7576507936507937,0.10202063492063491,-0.038304761904761904,63
2023-07-21,0.19642857142857142,0.375,0.16071428571428573,0.125,0.21428571428571427,0.125,0.07142857142857142,0.39285714285714285,0.8214285714285714,0.30357142857142855,0.5178571428571429,0.6671517857142858,0.1781267857142857,0.039289285714285714,0.030969642857142855,0.08446607142857143,0.11009107142857143,0.7603196428571428,0.12959285714285715,0.019501785714285715,56
2023-07-24,0.18085106382978725,0.35638297872340424,0.09574468085106383,0.18617021276595744,0.13829787234042554,0.18085106382978725,0.09042553191489362,0.4095744680851064,0.526595744680851,0.4148936170212766,0.11170212765957446,0.5860186170212766,0.2645909574468085,0.04935531914893617,0.029759574468085106,0.07027021276595745,0.15129521276595745,0.7631920212765957,0.0855159574468085,-0.06577925531914894,188
2023-07-25,0.16176470588235295,0.2647058823529412,0.014705882352941176,0.19117647058823528,0.19117647058823528,0.16176470588235295,0.1323529411764706,0.35294117647058826,0.6029411764705882,0.3235294117647059,0.27941176470588236,0.5905014705882353,0.2212705882352941,0.04111617647058824,0.03146911764705882,0.11564411764705883,0.08514264705882353,0.7903058823529412,0.12456764705882352,0.039425,68
2023-07-26,0.07142857142857142,0.21428571428571427,0.014285714285714285,0.05714285714285714,0.12857142857142856,0.08571428571428572,0.07142857142857142,0.2714285714285714,0.5571428571428572,0.21428571428571427,0.34285714285714286,0.6101228571428571,0.24244285714285715,0.04149142857142857,0.026652857142857145,0.0793,0.16710571428571427,0.7550614285714286,0.07782857142857143,-0.08927714285714285,70
2023-07-27,0.06944444444444445,0.3055555555555556,0.0,0.09722222222222222,0.027777777777777776,0.16666666666666666,0.05555555555555555,0.20833333333333334,0.5416666666666666,0.3055555555555556,0.2361111111111111,0.6887402777777778,0.1831875,0.02875972222222222,0.03176388888888889,0.0675375,0.15381111111111112,0.7551208333333332,0.09106388888888889,-0.06274722222222223,72
2023-07-28,0.1864406779661017,0.3559322033898305,0.05084745762711865,0.11864406779661017,0.2033898305084746,0.05084745762711865,0.1694915254237288,0.3389830508474576,0.6610169491525424,0.3389830508474576,0.3220338983050847,0.6134440677966101,0.2155864406779661,0.032045762711864406,0.02522542372881356,0.11371186440677966,0.14931186440677965,0.7483305084745763,0.10235423728813559,-0.04695762711864406,59
2023-07-31,0.15228426395939088,0.34517766497461927,0.07106598984771574,0.17258883248730963,0.17258883248730963,0.14720812182741116,0.15736040609137056,0.350253807106599,0.6802030456852792,0.38578680203045684,0.29441624365482233,0.6643918781725888,0.20599238578680204,0.03189390862944162,0.03261776649746193,0.06510304568527919,0.13066192893401016,0.754997461928934,0.11434517766497462,-0.016316751269035534,197
2023-08-01,0.3448275862068966,0.43103448275862066,0.20689655172413793,0.3275862068965517,0.2413793103448276,0.2413793103448276,0.06896551724137931,0.4827586206896552,0.9827586206896551,0.6896551724137931,0.29310344827586204,0.6288862068965517,0.17705172413793105,0.026751724137931032,0.03392068965517241,0.13337931034482758,0.15279310344827587,0.7222310344827586,0.12497758620689656,-0.02781551724137931,58
2023-08-02,0.0,0.0,0.0,0.0,0.0,0.0,0.0,0.0,2.0,0.0,2.0,0.1487,0.7604,0.0481,0.0194,0.0234,0.0959,0.8787,0.0254,-0.0705,1
2023-08-03,0.07692307692307693,0.6923076923076923,0.07692307692307693,0.07692307692307693,0.38461538461538464,0.07692307692307693,0.07692307692307693,0.7692307692307693,1.3076923076923077,0.46153846153846156,0.8461538461538461,0.7345,0.1769769230769231,0.034969230769230766,0.02340769230769231,0.030161538461538462,0.46552307692307693,0.4021230769230769,0.13233076923076922,-0.3331923076923077,13
2023-08-04,0.3076923076923077,0.38461538461538464,0.0,0.15384615384615385,0.07692307692307693,0.23076923076923078,0.07692307692307693,0.3076923076923077,0.5384615384615384,0.46153846153846156,0.07692307692307693,0.6205307692307692,0.2946846153846154,0.02196153846153846,0.025315384615384615,0.03748461538461539,0.058638461538461535,0.7750846153846154,0.16628461538461536,0.10764615384615385,13
2023-08-07,0.2553191489361702,0.3191489361702128,0.0425531914893617,0.2127659574468085,0.06382978723404255,0.14893617021276595,0.10638297872340426,0.3829787234042553,0.851063829787234,0.5106382978723404,0.3404255319148936,0.6501468085106382,0.2182744680851064,0.04283617021276596,0.026106382978723405,0.06262765957446809,0.0942744680851064,0.8039489361702128,0.10177872340425531,0.007504255319148938,47
2023-08-08,0.125,0.46875,0.125,0.25,0.1875,0.21875,0.0625,0.53125,1.34375,0.25,1.09375,0.5675375,0.25977812499999997,0.031478125,0.051759375,0.08945,0.149709375,0.644359375,0.205940625,0.05623125000000001,32
2023-08-09,0.05555555555555555,0.3333333333333333,0.08333333333333333,0.19444444444444445,0.16666666666666666,0.19444444444444445,0.1388888888888889,0.5,0.8611111111111112,0.3055555555555556,0.5555555555555556,0.6135222222222222,0.24932222222222222,0.039636111111111115,0.04372777777777778,0.05380277777777778,0.14534166666666667,0.7672055555555555,0.08745,-0.057891666666666675,36
2023-08-10,0.08,0.16,0.0,0.04,0.04,0.0,0.08,0.28,0.6,0.12,0.48,0.711584,0.18319600000000003,0.021832000000000004,0.039692,0.043704,0.073652,0.8281440000000001,0.098188,0.024536000000000002,25
2023-08-11,0.1864406779661017,0.5084745762711864,0.03389830508474576,0.288135593220339,0.1016949152542373,0.1864406779661017,0.1694915254237288,0.4745762711864407,0.7627118644067796,0.3559322033898305,0.4067796610169492,0.6083440677966101,0.22586779661016948,0.042455932203389835,0.046788135593220335,0.0765542372881356,0.07703728813559323,0.7986966101694916,0.12427966101694916,0.04724237288135594,59
2023-08-14,0.1330049261083744,0.2413793103448276,0.06896551724137931,0.18226600985221675,0.10837438423645321,0.15763546798029557,0.12807881773399016,0.30049261083743845,0.4729064039408867,0.32019704433497537,0.15270935960591134,0.5914389162561576,0.24701625615763548,0.03972709359605912,0.029286206896551724,0.09253645320197044,0.1556551724137931,0.7455615763546798,0.09878275862068966,-0.05687241379310345,203
2023-08-15,0.08333333333333333,0.2222222222222222,0.013888888888888888,0.1388888888888889,0.16666666666666666,0.16666666666666666,0.06944444444444445,0.375,0.7638888888888888,0.3194444444444444,0.4444444444444444,0.5992138888888889,0.2200986111111111,0.031095833333333336,0.038766666666666665,0.11084583333333334,0.0908625,0.8033291666666666,0.10579722222222222,0.014934722222222228,72
2023-08-16,0.1935483870967742,0.43548387096774194,0.06451612903225806,0.22580645161290322,0.16129032258064516,0.25806451612903225,0.11290322580645161,0.41935483870967744,0.5645161290322581,0.5161290322580645,0.04838709677419355,0.6654096774193549,0.17901290322580646,0.041770967741935484,0.0378241935483871,0.07597903225806452,0.11290967741935484,0.7821854838709678,0.10490322580645162,-0.008006451612903224,62
2023-08-17,0.12857142857142856,0.2857142857142857,0.04285714285714286,0.14285714285714285,0.12857142857142856,0.15714285714285714,0.08571428571428572,0.32857142857142857,0.5428571428571428,0.4142857142857143,0.12857142857142856,0.6710957142857144,0.16893571428571427,0.030471428571428573,0.039158571428571425,0.09033714285714285,0.12515428571428572,0.7594985714285715,0.11535285714285715,-0.009801428571428569,70
2023-08-18,0.15555555555555556,0.37777777777777777,0.044444444444444446,0.13333333333333333,0.08888888888888889,0.13333333333333333,0.1111111111111111,0.28888888888888886,0.6,0.28888888888888886,0.3111111111111111,0.6279066666666667,0.24606222222222224,0.04982222222222222,0.030555555555555555,0.04565555555555555,0.2500222222222222,0.6650488888888889,0.08492444444444444,-0.1650977777777778,45
2023-08-21,0.1256544502617801,0.21465968586387435,0.05235602094240838,0.193717277486911,0.08900523560209424,0.16753926701570682,0.08900523560209424,0.2879581151832461,0.4973821989528796,0.3403141361256545,0.15706806282722513,0.6334130890052356,0.22084031413612568,0.04090471204188482,0.028772774869109945,0.07607120418848168,0.13741465968586386,0.7528685863874346,0.10971413612565445,-0.02770052356020943,191
2023-08-22,0.10526315789473684,0.4298245614035088,0.07894736842105263,0.24561403508771928,0.14912280701754385,0.21052631578947367,0.18421052631578946,0.38596491228070173,0.7105263157894737,0.3508771929824561,0.35964912280701755,0.6038842105263158,0.19283157894736844,0.03678421052631579,0.041953508771929826,0.12454824561403507,0.12163421052631579,0.7439447368421053,0.13442719298245615,0.012792982456140353,114
2023-08-23,0.16666666666666666,0.36363636363636365,0.06060606060606061,0.11363636363636363,0.25,0.17424242424242425,0.05303030303030303,0.5909090909090909,1.0227272727272727,0.3484848484848485,0.6742424242424242,0.6524249999999999,0.15968181818181817,0.03499015151515151,0.052481818181818185,0.10042121212121212,0.14550530303030304,0.6028863636363636,0.2516113636363636,0.1061060606060606,132
2023-08-24,0.16470588235294117,0.4470588235294118,0.03529411764705882,0.27058823529411763,0.07058823529411765,0.2235294117647059,0.023529411764705882,0.2823529411764706,0.5647058823529412,0.38823529411764707,0.17647058823529413,0.6860023529411765,0.19778823529411765,0.036642352941176466,0.02618470588235294,0.053378823529411756,0.17499294117647057,0.7273552941176471,0.09766117647058824,-0.07733176470588235,85
2023-08-25,0.33695652173913043,0.6304347826086957,0.043478260869565216,0.41304347826086957,0.2717391304347826,0.32608695652173914,0.30434782608695654,0.32608695652173914,0.8369565217391305,0.5217391304347826,0.31521739130434784,0.5499923913043478,0.23251086956521738,0.05159130434782609,0.06236304347826087,0.10355978260869565,0.13995760869565216,0.7547576086956522,0.10528260869565217,-0.034675,92
2023-08-28,0.13178294573643412,0.313953488372093,0.08914728682170543,0.16279069767441862,0.16279069767441862,0.18992248062015504,0.15503875968992248,0.3333333333333333,0.5426356589147286,0.3372093023255814,0.2054263565891473,0.5600143410852713,0.26694922480620153,0.05131744186046512,0.03513139534883721,0.08658992248062015,0.1343298449612403,0.7475941860465116,0.11807325581395349,-0.01625658914728682,258
2023-08-29,0.01639344262295082,0.3114754098360656,0.01639344262295082,0.21311475409836064,0.14754098360655737,0.21311475409836064,0.11475409836065574,0.2459016393442623,0.6885245901639344,0.26229508196721313,0.4262295081967213,0.6436016393442623,0.23354754098360656,0.02789672131147541,0.02676065573770492,0.0682016393442623,0.14687704918032787,0.7283836065573771,0.1247360655737705,-0.02214098360655738,61
2023-08-30,0.12371134020618557,0.36082474226804123,0.07216494845360824,0.1134020618556701,0.12371134020618557,0.15463917525773196,0.15463917525773196,0.38144329896907214,0.6597938144329897,0.24742268041237114,0.41237113402061853,0.6568298969072165,0.1938360824742268,0.034376288659793815,0.03062061855670103,0.08432886597938144,0.1319340206185567,0.7488278350515465,0.11923092783505156,-0.012703092783505154,97
2023-08-31,0.13,0.29,0.06,0.18,0.17,0.17,0.11,0.39,0.78,0.31,0.47,0.61471,0.252446,0.054993999999999994,0.02732,0.050532,0.19036999999999998,0.7124719999999999,0.097154,-0.09321600000000001,100
2023-09-01,0.3225806451612903,0.41935483870967744,0.12903225806451613,0.25806451612903225,0.1935483870967742,0.2903225806451613,0.03225806451612903,0.6774193548387096,1.2903225806451613,0.6129032258064516,0.6774193548387096,0.8706838709677419,0.05390645161290323,0.020893548387096776,0.0228,0.0317258064516129,0.0977032258064516,0.7911935483870968,0.11111612903225808,0.013412903225806449,31
2023-09-05,0.3218390804597701,0.367816091954023,0.05747126436781609,0.26436781609195403,0.19540229885057472,0.19540229885057472,0.27586206896551724,0.5747126436781609,0.7241379310344828,0.4942528735632184,0.22988505747126436,0.6617356321839081,0.19285747126436784,0.03141954022988506,0.04013448275862069,0.07385287356321839,0.15987931034482758,0.6950195402298851,0.14510459770114942,-0.014774712643678162,87
2023-09-06,0.22727272727272727,0.3181818181818182,0.06060606060606061,0.13636363636363635,0.10606060606060606,0.13636363636363635,0.07575757575757576,0.19696969696969696,0.4696969696969697,0.3484848484848485,0.12121212121212122,0.6070484848484848,0.22904242424242424,0.045454545454545456,0.03348030303030303,0.08496666666666666,0.2344560606060606,0.6775227272727273,0.08802575757575758,-0.14643030303030305,66
2023-09-07,0.075,0.2125,0.025,0.125,0.075,0.3,0.1625,0.25,0.4375,0.375,0.0625,0.62002,0.24618,0.039942500000000006,0.03098875,0.06287125,0.18059,0.7450187500000001,0.07437875,-0.10621125000000001,80
2023-09-08,0.1,0.3333333333333333,0.07777777777777778,0.1,0.15555555555555556,0.14444444444444443,0.14444444444444443,0.4666666666666667,0.6888888888888889,0.3333333333333333,0.35555555555555557,0.6212044444444444,0.22363888888888891,0.03572111111111111,0.03371777777777778,0.08571222222222222,0.1316,0.7046988888888889,0.1637088888888889,0.03210888888888889,90
2023-09-11,0.17525773195876287,0.24742268041237114,0.08247422680412371,0.21649484536082475,0.12371134020618557,0.19072164948453607,0.0979381443298969,0.3402061855670103,0.520618556701031,0.3865979381443299,0.13402061855670103,0.5816268041237114,0.244169587628866,0.04639896907216495,0.03422061855670103,0.0935860824742268,0.16602938144329896,0.7206216494845361,0.11335206185567011,-0.05267731958762887,194
2023-09-12,0.1125,0.3625,0.075,0.15,0.1375,0.175,0.1375,0.4,0.65,0.425,0.225,0.65035875,0.193585,0.0565875,0.0276125,0.07187125,0.14358500000000002,0.7138925,0.14252875,-0.001056250000000001,80
2023-09-13,0.12987012987012986,0.22077922077922077,0.14285714285714285,0.12987012987012986,0.07792207792207792,0.2077922077922078,0.1038961038961039,0.23376623376623376,0.5454545454545454,0.38961038961038963,0.15584415584415584,0.6539532467532467,0.21993246753246753,0.03232597402597403,0.02295844155844156,0.07084935064935065,0.19204935064935064,0.6969896103896104,0.11095714285714285,-0.0810922077922078,77
2023-09-14,0.1506849315068493,0.1917808219178082,0.0547945205479452,0.0547945205479452,0.1095890410958904,0.0821917808219178,0.1506849315068493,0.3287671232876712,0.6575342465753424,0.2876712328767123,0.3698630136986301,0.7111767123287671,0.16656027397260273,0.03195616438356165,0.03632739726027397,0.05397397260273973,0.10354246575342466,0.8052246575342465,0.09123013698630138,-0.012312328767123288,73
2023-09-15,0.11688311688311688,0.38961038961038963,0.09090909090909091,0.2597402597402597,0.11688311688311688,0.19480519480519481,0.14285714285714285,0.2987012987012987,0.6103896103896104,0.4025974025974026,0.2077922077922078,0.5878363636363636,0.23008831168831168,0.042775324675324675,0.045546753246753245,0.09375454545454545,0.11880129870129871,0.7900012987012988,0.0911974025974026,-0.0276038961038961,77
2023-09-18,0.12380952380952381,0.3047619047619048,0.047619047619047616,0.12380952380952381,0.11428571428571428,0.11904761904761904,0.05238095238095238,0.3333333333333333,0.5666666666666667,0.3,0.26666666666666666,0.6323671428571429,0.2123142857142857,0.039752857142857145,0.028698571428571427,0.08686333333333333,0.1396842857142857,0.7564342857142857,0.10388000000000001,-0.03580428571428572,210
2023-09-19,0.15254237288135594,0.9661016949152542,0.06779661016949153,0.3559322033898305,0.3559322033898305,0.23728813559322035,0.2542372881355932,0.559322033898305,1.3559322033898304,0.4745762711864407,0.8813559322033898,0.7133915254237289,0.13329661016949151,0.022279661016949153,0.04003559322033898,0.091,0.07786440677966103,0.7533728813559322,0.16875254237288137,0.09088813559322034,59
2023-09-20,0.07352941176470588,0.23529411764705882,0.07352941176470588,0.10294117647058823,0.20588235294117646,0.16176470588235295,0.16176470588235295,0.45588235294117646,0.6029411764705882,0.23529411764705882,0.36764705882352944,0.6116514705882353,0.23268823529411764,0.05012058823529412,0.02676764705882353,0.0787764705882353,0.1859735294117647,0.6870588235294117,0.12696617647058822,-0.05900735294117646,68
2023-09-21,0.12096774193548387,0.5483870967741935,0.056451612903225805,0.18548387096774194,0.24193548387096775,0.20161290322580644,0.1774193548387097,0.46774193548387094,0.9919354838709677,0.3709677419354839,0.6209677419354839,0.5759201612903226,0.22876935483870967,0.048169354838709676,0.039687903225806447,0.10745403225806452,0.1615443548387097,0.6880322580645162,0.15041370967741935,-0.011130645161290323,124
2023-09-22,0.125,0.25,0.0625,0.22916666666666666,0.16666666666666666,0.1875,0.10416666666666667,0.20833333333333334,0.5208333333333334,0.3333333333333333,0.1875,0.5711270833333334,0.23924375,0.06333124999999999,0.031325,0.09497083333333334,0.17593124999999998,0.7069145833333333,0.11715833333333332,-0.05877291666666667,48
2023-09-25,0.16470588235294117,0.3235294117647059,0.11764705882352941,0.21176470588235294,0.17058823529411765,0.25882352941176473,0.11764705882352941,0.3588235294117647,0.611764705882353,0.4470588235294118,0.16470588235294117,0.5926535294117646,0.22834941176470588,0.062185882352941174,0.03109411764705882,0.08571117647058824,0.14514470588235293,0.7397288235294118,0.11512823529411764,-0.030016470588235294,170
2023-09-26,0.1,0.22,0.04,0.22,0.14,0.12,0.06,0.42,0.5,0.24,0.26,0.567936,0.288318,0.050351999999999994,0.025164,0.06822,0.216598,0.701552,0.08184799999999999,-0.13475,50
2023-09-27,0.14492753623188406,0.3188405797101449,0.028985507246376812,0.18840579710144928,0.14492753623188406,0.17391304347826086,0.2463768115942029,0.37681159420289856,0.463768115942029,0.4057971014492754,0.057971014492753624,0.5946956521739131,0.2639666666666667,0.03539855072463768,0.02796231884057971,0.07797246376811594,0.12778695652173913,0.7297318840579711,0.14247246376811595,0.014685507246376807,69
2023-09-28,0.1346153846153846,0.3942307692307692,0.07692307692307693,0.23076923076923078,0.11538461538461539,0.19230769230769232,0.1346153846153846,0.4326923076923077,0.5769230769230769,0.4230769230769231,0.15384615384615385,0.6824413461538461,0.18174423076923077,0.038490384615384614,0.034300000000000004,0.06303173076923077,0.1628298076923077,0.7568028846153846,0.08037115384615384,-0.08245865384615383,104
2023-09-29,0.07272727272727272,0.18181818181818182,0.05454545454545454,0.09090909090909091,0.09090909090909091,0.07272727272727272,0.09090909090909091,0.21818181818181817,0.45454545454545453,0.21818181818181817,0.23636363636363636,0.5927109090909091,0.20443999999999998,0.055630909090909085,0.037689090909090915,0.10953818181818181,0.1703109090909091,0.7191054545454546,0.11059636363636363,-0.05971454545454546,55
2023-10-02,0.14285714285714285,0.4095238095238095,0.0761904761904762,0.13333333333333333,0.18095238095238095,0.1523809523809524,0.11428571428571428,0.4095238095238095,0.8380952380952381,0.3142857142857143,0.5238095238095238,0.6575485714285714,0.16471238095238094,0.04120571428571428,0.0463447619047619,0.09019619047619047,0.13018476190476191,0.7525780952380953,0.11723714285714286,-0.012947619047619046,105
2023-10-03,0.29411764705882354,0.47058823529411764,0.17647058823529413,0.11764705882352941,0.17647058823529413,0.23529411764705882,0.0,0.8235294117647058,0.9411764705882353,0.6470588235294118,0.29411764705882354,0.44870000000000004,0.30565882352941176,0.07592941176470588,0.03123529411764706,0.13848235294117647,0.2371058823529412,0.6615352941176471,0.10135294117647059,-0.13575294117647058,17
2023-10-04,0.1875,0.25,0.0,0.1875,0.25,0.125,0.125,0.8125,0.9375,0.1875,0.75,0.5165625,0.2212875,0.0297,0.0413875,0.19105,0.104275,0.79859375,0.09713125,-0.007143749999999999,16
2023-10-05,0.38461538461538464,0.3076923076923077,0.23076923076923078,0.3076923076923077,0.0,0.0,0.07692307692307693,0.0,0.3076923076923077,0.9230769230769231,-0.6153846153846154,0.6880846153846154,0.14620769230769232,0.023415384615384616,0.05065384615384615,0.09162307692307693,0.1616846153846154,0.6550307692307692,0.18328461538461538,0.021599999999999994,13
2023-10-06,0.47368421052631576,0.47368421052631576,0.0,0.3684210526315789,0.15789473684210525,0.3684210526315789,0.21052631578947367,0.3157894736842105,0.6842105263157895,0.47368421052631576,0.21052631578947367,0.7115684210526316,0.1276263157894737,0.017373684210526315,0.028800000000000003,0.11461578947368423,0.05953684210526316,0.8293736842105264,0.11106842105263158,0.05153157894736842,19
2023-10-09,0.25,0.4411764705882353,0.04411764705882353,0.22058823529411764,0.17647058823529413,0.17647058823529413,0.029411764705882353,0.5441176470588235,0.7058823529411765,0.5,0.20588235294117646,0.6680235294117648,0.1765779411764706,0.03371029411764706,0.036136764705882354,0.08554117647058823,0.13135882352941175,0.8006632352941176,0.06797941176470589,-0.06337941176470588,68
2023-10-10,0.17346938775510204,0.5204081632653061,0.08163265306122448,0.19387755102040816,0.14285714285714285,0.1836734693877551,0.19387755102040816,0.5408163265306123,0.9795918367346939,0.3469387755102041,0.6326530612244898,0.6622673469387754,0.19922244897959185,0.03429591836734694,0.04303265306122449,0.0611765306122449,0.1666214285714286,0.6903479591836734,0.14303469387755102,-0.02358673469387755,98
2023-10-11,0.1794871794871795,0.3333333333333333,0.02564102564102564,0.07692307692307693,0.15384615384615385,0.07692307692307693,0.10256410256410256,0.48717948717948717,0.8717948717948718,0.28205128205128205,0.5897435897435898,0.6148743589743589,0.21537435897435897,0.04185641025641026,0.04672820512820513,0.08116666666666668,0.13121282051282052,0.7813846153846153,0.08741538461538462,-0.0437974358974359,39
2023-10-12,0.13636363636363635,0.3484848484848485,0.030303030303030304,0.12121212121212122,0.10606060606060606,0.15151515151515152,0.12121212121212122,0.3484848484848485,0.6515151515151515,0.2878787878787879,0.36363636363636365,0.6836742424242425,0.1633621212121212,0.03153333333333333,0.04799090909090909,0.07343787878787879,0.12083333333333333,0.7858939393939394,0.09326515151515151,-0.02756818181818182,66
2023-10-13,0.17073170731707318,0.18292682926829268,0.13414634146341464,0.2682926829268293,0.08536585365853659,0.21951219512195122,0.04878048780487805,0.5609756097560976,0.6829268292682927,0.45121951219512196,0.23170731707317074,0.6178024390243902,0.236440243902439,0.048774390243902434,0.028315853658536585,0.06866951219512196,0.18988414634146342,0.7120073170731707,0.09810731707317073,-0.09177682926829268,82
2023-10-16,0.12757201646090535,0.2962962962962963,0.09465020576131687,0.22633744855967078,0.17695473251028807,0.23045267489711935,0.16872427983539096,0.3497942386831276,0.6419753086419753,0.3991769547325103,0.24279835390946503,0.5976123456790123,0.21135555555555555,0.045912757201646094,0.034740329218107,0.11038230452674898,0.15223251028806584,0.7345008230452675,0.11326707818930042,-0.038965432098765435,243
2023-10-17,0.11428571428571428,0.37142857142857144,0.0761904761904762,0.12380952380952381,0.14285714285714285,0.10476190476190476,0.13333333333333333,0.3619047619047619,0.780952380952381,0.23809523809523808,0.5428571428571428,0.6052495238095238,0.2085257142857143,0.045700952380952384,0.04767238095238095,0.09285047619047619,0.17495714285714287,0.6507114285714285,0.17433904761904762,-0.0006180952380952336,105
2023-10-18,0.18888888888888888,0.3,0.07777777777777778,0.2,0.15555555555555556,0.24444444444444444,0.23333333333333334,0.32222222222222224,0.5777777777777777,0.5777777777777777,0.0,0.5424855555555556,0.28202666666666665,0.05671444444444445,0.03846888888888889,0.08030888888888889,0.18430333333333332,0.6717466666666667,0.14395666666666665,-0.04034666666666667,90
2023-10-19,0.08823529411764706,0.29411764705882354,0.04411764705882353,0.16176470588235295,0.08823529411764706,0.22058823529411764,0.10294117647058823,0.19117647058823528,0.5735294117647058,0.27941176470588236,0.29411764705882354,0.6814544117647059,0.16050735294117646,0.03205294117647058,0.035925,0.09007205882352942,0.13952058823529412,0.7815500000000001,0.07892794117647059,-0.060592647058823536,68
2023-10-20,0.10526315789473684,0.2631578947368421,0.02631578947368421,0.25,0.10526315789473684,0.23684210526315788,0.13157894736842105,0.27631578947368424,0.5789473684210527,0.3157894736842105,0.2631578947368421,0.5524618421052632,0.2117578947368421,0.0676657894736842,0.04229473684210526,0.12582631578947368,0.12776578947368422,0.7542355263157895,0.11799473684210528,-0.009771052631578946,76
2023-10-23,0.09322033898305085,0.288135593220339,0.0423728813559322,0.17796610169491525,0.13559322033898305,0.13135593220338984,0.15677966101694915,0.2754237288135593,0.5720338983050848,0.25,0.3220338983050847,0.6361618644067796,0.21455932203389833,0.04199661016949153,0.02510593220338983,0.082175,0.14141737288135592,0.7567402542372881,0.10184449152542373,-0.039572881355932205,236
2023-10-24,0.13333333333333333,0.52,0.05333333333333334,0.16,0.26666666666666666,0.21333333333333335,0.17333333333333334,0.56,0.9066666666666666,0.3333333333333333,0.5733333333333334,0.6190213333333333,0.17726133333333333,0.04560533333333333,0.047779999999999996,0.11032666666666667,0.10562133333333333,0.725228,0.16914400000000002,0.06352266666666666,75
2023-10-25,0.17543859649122806,0.2631578947368421,0.05263157894736842,0.24561403508771928,0.17543859649122806,0.17543859649122806,0.17543859649122806,0.43859649122807015,0.7719298245614035,0.42105263157894735,0.3508771929824561,0.6403228070175438,0.19337894736842107,0.049798245614035085,0.04327719298245614,0.07323333333333333,0.15247543859649124,0.7331912280701754,0.1143298245614035,-0.03814561403508771,57
2023-10-26,0.13076923076923078,0.46923076923076923,0.07692307692307693,0.2230769230769231,0.13076923076923078,0.18461538461538463,0.13076923076923078,0.4461538461538462,0.8461538461538461,0.4230769230769231,0.4230769230769231,0.6179269230769231,0.21792615384615385,0.04651076923076923,0.03943307692307692,0.07820923076923077,0.2586376923076923,0.638843076923077,0.10251846153846154,-0.15611923076923076,130
2023-10-27,0.07954545454545454,0.3409090909090909,0.045454545454545456,0.14772727272727273,0.10227272727272728,0.13636363636363635,0.125,0.23863636363636365,0.6136363636363636,0.2840909090909091,0.32954545454545453,0.608890909090909,0.23466022727272728,0.038325,0.028884090909090908,0.08924431818181819,0.14946477272727274,0.7545329545454545,0.09599772727272728,-0.053467045454545455,88
2023-10-30,0.10599078341013825,0.271889400921659,0.05069124423963134,0.1889400921658986,0.08755760368663594,0.1336405529953917,0.08755760368663594,0.3271889400921659,0.4792626728110599,0.2857142857142857,0.1935483870967742,0.6191562211981566,0.22137004608294933,0.04575253456221198,0.02736221198156682,0.08635852534562212,0.13497188940092167,0.7598207373271889,0.1052110599078341,-0.029760829493087552,217
2023-10-31,0.26804123711340205,0.4845360824742268,0.13402061855670103,0.29896907216494845,0.13402061855670103,0.24742268041237114,0.12371134020618557,0.5670103092783505,0.8350515463917526,0.4948453608247423,0.3402061855670103,0.6256773195876288,0.17790721649484537,0.05049484536082475,0.04205670103092784,0.10387216494845361,0.2028659793814433,0.5953773195876289,0.20175051546391753,-0.0011154639175257745,97
2023-11-01,0.25925925925925924,0.4444444444444444,0.07407407407407407,0.07407407407407407,0.2222222222222222,0.2222222222222222,0.1111111111111111,0.7407407407407407,1.4814814814814814,0.5925925925925926,0.8888888888888888,0.8209740740740741,0.09429629629629631,0.017644444444444445,0.025074074074074075,0.042025925925925925,0.1263148148148148,0.7752444444444444,0.09845185185185185,-0.02786296296296296,27
2023-11-02,0.21428571428571427,0.7857142857142857,0.07142857142857142,0.07142857142857142,0.2857142857142857,0.14285714285714285,0.21428571428571427,0.42857142857142855,1.1428571428571428,0.35714285714285715,0.7857142857142857,0.7031428571428571,0.20069285714285715,0.02112857142857143,0.027107142857142857,0.047921428571428566,0.09467857142857142,0.7103142857142857,0.195,0.10032142857142856,14
2023-11-03,0.1,0.3,0.0,0.1,0.1,0.1,0.1,0.3,0.5,0.2,0.3,0.71595,0.16336,0.02165,0.0208,0.07824,0.025759999999999998,0.90777,0.06647,0.040709999999999996,10
2023-11-06,0.2037037037037037,0.42592592592592593,0.09259259259259259,0.14814814814814814,0.18518518518518517,0.07407407407407407,0.14814814814814814,0.48148148148148145,0.9444444444444444,0.3148148148148148,0.6296296296296297,0.6944962962962963,0.12649444444444444,0.026409259259259257,0.04600185185185185,0.10659629629629629,0.12349259259259258,0.7904962962962963,0.08601481481481482,-0.037477777777777777,54
2023-11-07,0.16666666666666666,0.2222222222222222,0.1111111111111111,0.2777777777777778,0.2222222222222222,0.2777777777777778,0.2222222222222222,0.4444444444444444,0.4444444444444444,0.5555555555555556,-0.1111111111111111,0.5325333333333333,0.37325555555555556,0.03523333333333333,0.017605555555555555,0.04136111111111111,0.09766666666666667,0.8300055555555556,0.0723388888888889,-0.025327777777777775,18
2023-11-08,0.1111111111111111,0.3333333333333333,0.05555555555555555,0.16666666666666666,0.16666666666666666,0.1111111111111111,0.16666666666666666,0.5555555555555556,0.6111111111111112,0.4444444444444444,0.16666666666666666,0.6787166666666666,0.18838888888888888,0.023316666666666666,0.022116666666666666,0.0874611111111111,0.09660555555555556,0.6175833333333334,0.28583333333333333,0.1892277777777778,18
2023-11-09,0.12,0.24,0.08,0.16,0.08,0.2,0.28,0.16,0.52,0.52,0.0,0.529328,0.304668,0.08117200000000001,0.036315999999999994,0.048524000000000005,0.18985600000000002,0.738916,0.07124,-0.118616,25
2023-11-10,0.06818181818181818,0.22727272727272727,0.06818181818181818,0.3409090909090909,0.09090909090909091,0.25,0.18181818181818182,0.3409090909090909,0.6590909090909091,0.5227272727272727,0.13636363636363635,0.6413454545454546,0.2121090909090909,0.052547727272727274,0.028661363636363638,0.06535,0.2281159090909091,0.7177681818181818,0.05411136363636364,-0.17400454545454547,44
2023-11-13,0.16666666666666666,0.23333333333333334,0.0761904761904762,0.17142857142857143,0.10952380952380952,0.21428571428571427,0.12380952380952381,0.38571428571428573,0.6,0.3904761904761905,0.20952380952380953,0.6219214285714285,0.22885571428571427,0.03922142857142857,0.027224761904761904,0.0827804761904762,0.16152761904761906,0.7302666666666666,0.10821142857142857,-0.05331619047619048,210
2023-11-14,0.18518518518518517,0.42592592592592593,0.07407407407407407,0.26851851851851855,0.1111111111111111,0.2222222222222222,0.3611111111111111,0.37037037037037035,0.7222222222222222,0.39814814814814814,0.32407407407407407,0.6544935185185184,0.16844537037037036,0.03190462962962963,0.05718981481481481,0.0879675925925926,0.10800277777777778,0.7032898148148148,0.18870833333333334,0.08070555555555556,108
2023-11-15,0.10526315789473684,0.38596491228070173,0.05263157894736842,0.10526315789473684,0.17543859649122806,0.07017543859649122,0.17543859649122806,0.3684210526315789,0.5964912280701754,0.21052631578947367,0.38596491228070173,0.6601280701754386,0.14114736842105263,0.027849122807017544,0.037843859649122805,0.13303684210526315,0.07287719298245614,0.7748228070175439,0.15229824561403507,0.07942105263157895,57
2023-11-16,0.12643678160919541,0.3103448275862069,0.034482758620689655,0.11494252873563218,0.06896551724137931,0.14942528735632185,0.06896551724137931,0.367816091954023,0.6551724137931034,0.3103448275862069,0.3448275862068966,0.5505379310344828,0.25373563218390804,0.045206896551724135,0.05327471264367816,0.0972574712643678,0.18490919540229883,0.7323701149425288,0.08273218390804597,-0.10217701149425287,87
2023-11-17,0.16129032258064516,0.3870967741935484,0.06451612903225806,0.16129032258064516,0.16129032258064516,0.20967741935483872,0.16129032258064516,0.3225806451612903,0.41935483870967744,0.4032258064516129,0.016129032258064516,0.5702274193548388,0.2304822580645161,0.03617741935483871,0.04700967741935484,0.11609193548387096,0.13926612903225805,0.7557209677419355,0.10502096774193549,-0.034245161290322575,62
2023-11-20,0.18807339449541285,0.2798165137614679,0.05963302752293578,0.20642201834862386,0.10550458715596331,0.1834862385321101,0.09174311926605505,0.2798165137614679,0.5275229357798165,0.41743119266055045,0.11009174311926606,0.6419339449541284,0.20829036697247705,0.04505,0.02971330275229358,0.07500825688073395,0.12227844036697248,0.7746798165137615,0.10304174311926606,-0.01923669724770642,218
2023-11-21,0.12,0.512,0.064,0.168,0.208,0.12,0.144,0.528,0.92,0.224,0.696,0.6977424,0.1531624,0.027992799999999998,0.0485576,0.072552,0.1033096,0.6201376000000001,0.2765544,0.1732448,125
2023-11-22,0.20689655172413793,0.3563218390804598,0.04597701149425287,0.1839080459770115,0.11494252873563218,0.22988505747126436,0.09195402298850575,0.3448275862068966,0.5287356321839081,0.39080459770114945,0.13793103448275862,0.5921425287356321,0.21933218390804599,0.051535632183908046,0.04432068965517241,0.0926632183908046,0.16577011494252875,0.7313528735632183,0.10288390804597702,-0.06288620689655172,87
2023-11-24,0.14743589743589744,0.30128205128205127,0.04487179487179487,0.20512820512820512,0.07692307692307693,0.23717948717948717,0.12179487179487179,0.21794871794871795,0.5064102564102564,0.3717948717948718,0.1346153846153846,0.6411467948717949,0.19972692307692308,0.0411775641025641,0.029989102564102563,0.08795833333333333,0.1382448717948718,0.7514141025641026,0.11034102564102564,-0.027903846153846158,156
2023-11-27,0.1323529411764706,0.27941176470588236,0.07720588235294118,0.1801470588235294,0.125,0.15808823529411764,0.125,0.3125,0.5477941176470589,0.30514705882352944,0.2426470588235294,0.6403404411764706,0.19569301470588235,0.041029411764705884,0.03567169117647059,0.08726433823529411,0.15620073529411765,0.7484856617647059,0.09531176470588236,-0.0608889705882353,272
2023-11-28,0.07368421052631578,0.42105263157894735,0.031578947368421054,0.21052631578947367,0.18947368421052632,0.14736842105263157,0.11578947368421053,0.4,0.631578947368421,0.25263157894736843,0.37894736842105264,0.5770347368421053,0.20320947368421052,0.040341052631578944,0.07179684210526316,0.1076221052631579,0.13318736842105264,0.7370431578947367,0.12976315789473686,-0.0034242105263157874,95
2023-11-29,0.13978494623655913,0.3763440860215054,0.07526881720430108,0.21505376344086022,0.06451612903225806,0.24731182795698925,0.08602150537634409,0.34408602150537637,0.5161290322580645,0.41935483870967744,0.0967741935483871,0.6292763440860215,0.20461505376344086,0.040815053763440856,0.03619032258064516,0.08911505376344085,0.1499483870967742,0.7678849462365592,0.08216666666666668,-0.06778172043010752,93
2023-11-30,0.13559322033898305,0.2542372881355932,0.11864406779661017,0.15254237288135594,0.15254237288135594,0.1864406779661017,0.11864406779661017,0.4576271186440678,0.4745762711864407,0.3559322033898305,0.11864406779661017,0.5706694915254237,0.26682711864406783,0.039105084745762714,0.03075593220338983,0.09264067796610169,0.15510169491525425,0.6962491525423729,0.14865254237288136,-0.006449152542372879,59
2023-12-01,0.30434782608695654,0.391304347826087,0.08695652173913043,0.13043478260869565,0.21739130434782608,0.17391304347826086,0.043478260869565216,0.6956521739130435,1.4782608695652173,0.6086956521739131,0.8695652173913043,0.8289826086956522,0.035213043478260875,0.015604347826086957,0.052386956521739136,0.0678304347826087,0.11669565217391305,0.8211782608695652,0.06212608695652174,-0.0545695652173913,23
2023-12-04,0.18309859154929578,0.5915492957746479,0.07042253521126761,0.18309859154929578,0.14084507042253522,0.1267605633802817,0.15492957746478872,0.5070422535211268,0.6619718309859155,0.323943661971831,0.3380281690140845,0.6879845070422534,0.15034225352112676,0.03189718309859155,0.05152253521126761,0.07824084507042255,0.14174647887323943,0.6885042253521126,0.16975211267605633,0.028005633802816905,71
2023-12-05,0.1111111111111111,0.1111111111111111,0.0,0.0,0.0,0.1111111111111111,0.0,0.4444444444444444,0.6666666666666666,0.2222222222222222,0.4444444444444444,0.6692111111111111,0.12003333333333334,0.026855555555555556,0.04775555555555556,0.13615555555555556,0.04677777777777778,0.8478,0.1054,0.05862222222222223,9
2023-12-06,0.0,0.4166666666666667,0.0,0.5,0.16666666666666666,0.4166666666666667,0.3333333333333333,0.4166666666666667,0.75,0.5833333333333334,0.16666666666666666,0.7205,0.17365833333333333,0.0404,0.024283333333333334,0.041174999999999996,0.07571666666666667,0.8602416666666667,0.06406666666666666,-0.011650000000000002,12
2023-12-07,0.1,0.2,0.2,0.4,0.0,0.5,0.0,0.4,0.3,0.7,-0.4,0.5380900000000001,0.26078,0.03064,0.0481,0.12242,0.13496999999999998,0.78941,0.07561999999999999,-0.05935,10
2023-12-08,0.09523809523809523,0.3333333333333333,0.047619047619047616,0.09523809523809523,0.19047619047619047,0.09523809523809523,0.11904761904761904,0.3333333333333333,0.6666666666666666,0.19047619047619047,0.47619047619047616,0.6372666666666666,0.20549047619047617,0.035007142857142855,0.03498333333333333,0.08725476190476192,0.055214285714285716,0.8268571428571428,0.11791666666666668,0.06270238095238094,42
2023-12-11,0.10897435897435898,0.2564102564102564,0.04487179487179487,0.11538461538461539,0.07692307692307693,0.09615384615384616,0.0641025641025641,0.2948717948717949,0.391025641025641,0.28846153846153844,0.10256410256410256,0.6374141025641026,0.21412371794871796,0.04328205128205128,0.03147820512820513,0.07370256410256411,0.14657371794871796,0.750475,0.10295064102564104,-0.043623076923076924,156
2023-12-12,0.08333333333333333,0.5138888888888888,0.125,0.2638888888888889,0.1111111111111111,0.20833333333333334,0.18055555555555555,0.4583333333333333,0.9861111111111112,0.3611111111111111,0.625,0.7214486111111111,0.1304861111111111,0.03818472222222222,0.040902777777777774,0.06898333333333334,0.14798055555555556,0.6944458333333334,0.157575,0.009594444444444447,72
2023-12-13,0.16455696202531644,0.26582278481012656,0.10126582278481013,0.21518987341772153,0.12658227848101267,0.189873417721519,0.10126582278481013,0.3670886075949367,0.6455696202531646,0.379746835443038,0.26582278481012656,0.5294683544303798,0.28355949367088606,0.04651898734177215,0.038759493670886075,0.10169493670886078,0.17448354430379748,0.7267759493670887,0.09873544303797469,-0.07574810126582278,79
2023-12-14,0.0875,0.3625,0.05,0.275,0.25,0.1625,0.225,0.3875,0.5625,0.4125,0.15,0.73333625,0.140905,0.029830000000000002,0.028935,0.0670125,0.14665250000000002,0.75085375,0.1024775,-0.044175,80
2023-12-15,0.15789473684210525,0.22807017543859648,0.05263157894736842,0.07017543859649122,0.08771929824561403,0.12280701754385964,0.10526315789473684,0.2982456140350877,0.543859649122807,0.3684210526315789,0.17543859649122806,0.6820929824561404,0.19305438596491226,0.04109473684210527,0.023871929824561405,0.05987719298245614,0.09721754385964913,0.7944087719298246,0.10837017543859649,0.01115263157894737,57
2023-12-18,0.10204081632653061,0.3224489795918367,0.04081632653061224,0.1469387755102041,0.11836734693877551,0.12653061224489795,0.13877551020408163,0.3469387755102041,0.5469387755102041,0.2571428571428571,0.2897959183673469,0.587084081632653,0.24027387755102042,0.042059183673469384,0.030367755102040817,0.10021469387755101,0.15424204081632653,0.7436759183673469,0.10208122448979592,-0.052160816326530614,245
2023-12-19,0.2714285714285714,0.37142857142857144,0.1,0.3,0.14285714285714285,0.24285714285714285,0.14285714285714285,0.37142857142857144,0.6571428571428571,0.5571428571428572,0.1,0.6083542857142857,0.23304,0.06650571428571429,0.025322857142857143,0.06676571428571429,0.21890285714285715,0.7184571428571429,0.06264714285714286,-0.1562557142857143,70
2023-12-20,0.0958904109589041,0.3150684931506849,0.0410958904109589,0.136986301369863,0.1232876712328767,0.1095890410958904,0.1232876712328767,0.3972602739726027,0.6164383561643836,0.3972602739726027,0.2191780821917808,0.5939465753424658,0.2611424657534247,0.04815068493150685,0.030123287671232873,0.06663287671232877,0.16988630136986302,0.7281657534246576,0.10194109589041096,-0.06794520547945206,73
2023-12-21,0.1791044776119403,0.22388059701492538,0.04477611940298507,0.2537313432835821,0.19402985074626866,0.16417910447761194,0.1044776119402985,0.29850746268656714,0.6268656716417911,0.34328358208955223,0.2835820895522388,0.643710447761194,0.18895074626865674,0.03889402985074627,0.026023880597014926,0.1024268656716418,0.1458089552238806,0.7093835820895522,0.14479701492537314,-0.0010119402985074655,67
2023-12-22,0.06779661016949153,0.2711864406779661,0.06779661016949153,0.15254237288135594,0.11864406779661017,0.13559322033898305,0.11864406779661017,0.3220338983050847,0.4915254237288136,0.2711864406779661,0.22033898305084745,0.613935593220339,0.23502881355932204,0.04088305084745763,0.02894406779661017,0.08122033898305084,0.1169271186440678,0.7786338983050848,0.10444406779661018,-0.012483050847457627,59
2023-12-26,0.19407894736842105,0.33223684210526316,0.05263157894736842,0.19078947368421054,0.12828947368421054,0.18092105263157895,0.14802631578947367,0.3618421052631579,0.6151315789473685,0.40460526315789475,0.21052631578947367,0.5965217105263158,0.2434355263157895,0.044171052631578944,0.03049769736842105,0.08537269736842105,0.13325592105263157,0.7753105263157895,0.09143519736842105,-0.041820723684210526,304
2023-12-27,0.12727272727272726,0.2909090909090909,0.1,0.14545454545454545,0.08181818181818182,0.13636363636363635,0.1,0.3,0.5363636363636364,0.2818181818181818,0.2545454545454545,0.6535745454545455,0.21118363636363635,0.04301090909090909,0.03382,0.058410000000000004,0.16134454545454546,0.7248009090909091,0.11384727272727271,-0.04749727272727273,110
2023-12-28,0.13114754098360656,0.3770491803278688,0.04918032786885246,0.14754098360655737,0.09836065573770492,0.06557377049180328,0.11475409836065574,0.14754098360655737,0.6229508196721312,0.21311475409836064,0.4098360655737705,0.5618016393442623,0.2609065573770492,0.050801639344262295,0.025572131147540984,0.10091475409836066,0.11224590163934427,0.7355950819672131,0.15215573770491803,0.039909836065573766,61
2023-12-29,0.15217391304347827,0.41304347826086957,0.021739130434782608,0.18478260869565216,0.10869565217391304,0.18478260869565216,0.09782608695652174,0.31521739130434784,0.7282608695652174,0.32608695652173914,0.40217391304347827,0.6638608695652174,0.17786847826086957,0.04429565217391304,0.03425760869565218,0.07972391304347826,0.13359347826086956,0.7790195652173912,0.08738804347826087,-0.04620543478260869,92
2024-01-02,0.16049382716049382,0.3786008230452675,0.053497942386831275,0.1522633744855967,0.20164609053497942,0.1440329218106996,0.12757201646090535,0.43209876543209874,0.7860082304526749,0.3662551440329218,0.41975308641975306,0.6159246913580247,0.23092181069958848,0.04349917695473251,0.032123456790123454,0.07753786008230452,0.15502674897119342,0.7322502057613169,0.11272757201646091,-0.042299176954732516,243
2024-01-03,0.07142857142857142,0.2857142857142857,0.0,0.14285714285714285,0.14285714285714285,0.0,0.14285714285714285,0.2857142857142857,0.9285714285714286,0.07142857142857142,0.8571428571428571,0.730592857142857,0.09649285714285714,0.03327142857142857,0.03382142857142857,0.10582857142857142,0.018564285714285717,0.8735285714285714,0.10790714285714285,0.08934285714285714,14
2024-01-04,0.0,0.09090909090909091,0.09090909090909091,0.2727272727272727,0.09090909090909091,0.5454545454545454,0.18181818181818182,0.6363636363636364,0.45454545454545453,0.7272727272727273,-0.2727272727272727,0.5270181818181818,0.30175454545454544,0.03412727272727273,0.07187272727272728,0.06521818181818183,0.27582727272727275,0.5773818181818182,0.14680909090909092,-0.1290181818181818,11
2024-01-05,0.17647058823529413,0.23529411764705882,0.0,0.058823529411764705,0.17647058823529413,0.058823529411764705,0.058823529411764705,0.4117647058823529,0.9411764705882353,0.35294117647058826,0.5882352941176471,0.692664705882353,0.1744764705882353,0.023764705882352938,0.04329411764705882,0.06578235294117647,0.13303529411764706,0.8010411764705881,0.06592941176470589,-0.06710588235294118,17
2024-01-08,0.22077922077922077,0.6363636363636364,0.03896103896103896,0.3246753246753247,0.16883116883116883,0.14285714285714285,0.14285714285714285,0.4675324675324675,1.051948051948052,0.42857142857142855,0.6233766233766234,0.704725974025974,0.12838441558441557,0.030009090909090905,0.05892597402597403,0.07795714285714285,0.058254545454545455,0.7631545454545455,0.1785935064935065,0.12033896103896104,77
2024-01-09,0.14285714285714285,0.2857142857142857,0.0,0.0,0.2857142857142857,0.0,0.14285714285714285,0.7142857142857143,1.5714285714285714,0.0,1.5714285714285714,0.6377857142857143,0.20602857142857145,0.053842857142857144,0.035385714285714284,0.06694285714285715,0.031200000000000002,0.8478142857142857,0.12097142857142858,0.08977142857142857,7
2024-01-10,0.0,0.0,0.0,0.14285714285714285,0.0,0.14285714285714285,0.0,0.7142857142857143,0.8571428571428571,0.14285714285714285,0.7142857142857143,0.5422857142857144,0.3036857142857143,0.10762857142857142,0.021614285714285714,0.02475714285714286,0.28582857142857143,0.5297,0.18445714285714285,-0.10137142857142857,7
2024-01-11,0.29411764705882354,0.35294117647058826,0.029411764705882353,0.20588235294117646,0.08823529411764706,0.11764705882352941,0.058823529411764705,0.35294117647058826,0.7058823529411765,0.4411764705882353,0.2647058823529412,0.6207058823529411,0.25559411764705886,0.037108823529411764,0.0334,0.05319705882352941,0.03176176470588236,0.8663411764705883,0.10189411764705882,0.07013235294117648,34
2024-01-12,0.3,0.26666666666666666,0.06666666666666667,0.13333333333333333,0.03333333333333333,0.16666666666666666,0.0,0.23333333333333334,0.4,0.4,0.0,0.6240566666666666,0.21635666666666664,0.06443,0.026626666666666667,0.06855333333333333,0.20957333333333333,0.7197566666666667,0.07067,-0.13890333333333332,30
2024-01-16,0.11057692307692307,0.49038461538461536,0.09615384615384616,0.20192307692307693,0.22115384615384615,0.16826923076923078,0.13942307692307693,0.625,1.0336538461538463,0.32211538461538464,0.7115384615384616,0.5809028846153846,0.18773846153846152,0.03383413461538461,0.05424663461538462,0.14327596153846153,0.09879711538461539,0.6545274038461538,0.24667403846153846,0.14787692307692307,208
2024-01-17,0.14285714285714285,0.673469387755102,0.10204081632653061,0.1836734693877551,0.1326530612244898,0.09183673469387756,0.23469387755102042,0.3877551020408163,0.8469387755102041,0.24489795918367346,0.6020408163265306,0.6428530612244898,0.1477,0.04136530612244898,0.05747142857142857,0.11060612244897959,0.08687653061224489,0.7219836734693877,0.19113979591836736,0.10426326530612245,98
2024-01-18,0.09615384615384616,0.33653846153846156,0.057692307692307696,0.07692307692307693,0.10576923076923077,0.125,0.10576923076923077,0.3173076923076923,0.49038461538461536,0.25961538461538464,0.23076923076923078,0.6422201923076922,0.19958557692307693,0.03564711538461539,0.03346346153846154,0.0890778846153846,0.11346153846153847,0.7988576923076922,0.08768557692307691,-0.025775961538461543,104
2024-01-19,0.19047619047619047,0.3412698412698413,0.09523809523809523,0.1111111111111111,0.09523809523809523,0.1746031746031746,0.09523809523809523,0.2857142857142857,0.6190476190476191,0.373015873015873,0.24603174603174602,0.6228214285714285,0.2201984126984127,0.04016507936507937,0.0393452380952381,0.07747142857142857,0.1446968253968254,0.7432349206349206,0.11207460317460317,-0.032622222222222226,126
2024-01-22,0.17301038062283736,0.3737024221453287,0.10726643598615918,0.15916955017301038,0.1453287197231834,0.2041522491349481,0.1453287197231834,0.3771626297577855,0.6782006920415224,0.4186851211072664,0.25951557093425603,0.6431159169550174,0.2034979238754325,0.04547231833910035,0.02755916955017301,0.08035709342560553,0.11897439446366782,0.7818851211072664,0.09913840830449827,-0.01983598615916955,289
2024-01-23,0.09917355371900827,0.3884297520661157,0.0743801652892562,0.1652892561983471,0.17355371900826447,0.19834710743801653,0.10743801652892562,0.4462809917355372,0.9421487603305785,0.2892561983471074,0.6528925619834711,0.6086652892561983,0.17950661157024794,0.043266942148760326,0.04594380165289256,0.12261239669421488,0.13620826446280992,0.6187900826446281,0.245000826446281,0.10879256198347108,121
2024-01-24,0.06593406593406594,0.5,0.04395604395604396,0.13736263736263737,0.12087912087912088,0.13186813186813187,0.0989010989010989,0.38461538461538464,0.6923076923076923,0.22527472527472528,0.46703296703296704,0.6967769230769231,0.14932692307692308,0.03199175824175824,0.0404478021978022,0.08145494505494505,0.11310604395604396,0.7510890109890109,0.1358076923076923,0.022701648351648354,182
2024-01-25,0.1782178217821782,0.48514851485148514,0.10891089108910891,0.18811881188118812,0.21782178217821782,0.22772277227722773,0.19801980198019803,0.3465346534653465,0.6336633663366337,0.42574257425742573,0.2079207920792079,0.5884029702970297,0.20094554455445546,0.04336435643564357,0.03428811881188119,0.1329920792079208,0.156190099009901,0.6943960396039603,0.14941188118811882,-0.006778217821782174,101
2024-01-26,0.125,0.296875,0.0625,0.15625,0.125,0.15625,0.09375,0.265625,0.609375,0.234375,0.375,0.561978125,0.2480625,0.0434703125,0.02936875,0.117115625,0.13405781249999998,0.7311796875,0.1347640625,0.0007062499999999992,64
2024-01-29,0.13167259786476868,0.34519572953736655,0.08185053380782918,0.1494661921708185,0.16725978647686832,0.1601423487544484,0.09252669039145907,0.37722419928825623,0.7153024911032029,0.33451957295373663,0.3807829181494662,0.5695733096085409,0.22568256227758007,0.05209964412811388,0.03837508896797153,0.1142743772241993,0.11403416370106761,0.7742473309608541,0.1117202846975089,-0.0023138790035587197,281
2024-01-30,0.208,0.344,0.104,0.216,0.192,0.16,0.184,0.328,0.592,0.384,0.208,0.611888,0.2134072,0.0591224,0.034163200000000005,0.08142,0.158296,0.7026424,0.139064,-0.019232,125
2024-01-31,0.13714285714285715,0.5942857142857143,0.06285714285714286,0.16,0.2,0.15428571428571428,0.08571428571428572,0.4514285714285714,0.9142857142857143,0.2914285714285714,0.6228571428571429,0.547384,0.2381937142857143,0.044016,0.047369714285714286,0.12303885714285714,0.1307337142857143,0.6484731428571429,0.22078914285714288,0.09005542857142858,175
2024-02-01,0.29411764705882354,0.38235294117647056,0.058823529411764705,0.11764705882352941,0.17647058823529413,0.17647058823529413,0.029411764705882353,0.7058823529411765,1.2941176470588236,0.5882352941176471,0.7058823529411765,0.7698941176470588,0.12061176470588236,0.01890294117647059,0.02136764705882353,0.06923529411764706,0.12460882352941176,0.8010264705882353,0.07437352941176471,-0.05023529411764706,34
2024-02-02,0.26666666666666666,0.13333333333333333,0.06666666666666667,0.13333333333333333,0.06666666666666667,0.13333333333333333,0.06666666666666667,0.4666666666666667,0.4,0.4,0.0,0.5753933333333333,0.27071999999999996,0.03780000000000001,0.025886666666666665,0.0902,0.12990666666666667,0.7766533333333333,0.09344,-0.03646666666666667,15
2024-02-05,0.17073170731707318,0.34146341463414637,0.036585365853658534,0.08536585365853659,0.15853658536585366,0.14634146341463414,0.13414634146341464,0.36585365853658536,0.5487804878048781,0.4634146341463415,0.08536585365853659,0.6282841463414635,0.18715853658536585,0.034410975609756096,0.03165121951219512,0.11848902439024389,0.11607926829268292,0.7605719512195122,0.12334634146341464,0.007267073170731707,82
2024-02-06,0.08333333333333333,0.5,0.08333333333333333,0.16666666666666666,0.5,0.4166666666666667,0.3333333333333333,0.5833333333333334,1.25,0.3333333333333333,0.9166666666666666,0.6793916666666666,0.22548333333333334,0.032425,0.021591666666666665,0.041133333333333334,0.05993333333333333,0.8820333333333333,0.058025,-0.0019083333333333324,12
2024-02-07,0.3333333333333333,0.5,0.06666666666666667,0.2,0.16666666666666666,0.16666666666666666,0.1,0.4,1.0333333333333334,0.43333333333333335,0.6,0.73458,0.13078,0.022343333333333333,0.023780000000000003,0.08849333333333333,0.08101,0.8271966666666667,0.09179,0.010779999999999994,30
2024-02-08,0.13636363636363635,0.22727272727272727,0.045454545454545456,0.13636363636363635,0.09090909090909091,0.09090909090909091,0.045454545454545456,0.36363636363636365,0.7272727272727273,0.4090909090909091,0.3181818181818182,0.5790454545454545,0.27945454545454546,0.05405454545454546,0.04116818181818182,0.04628181818181818,0.1977318181818182,0.7230863636363636,0.07919545454545454,-0.11853636363636365,22
2024-02-09,0.25925925925925924,0.3333333333333333,0.14814814814814814,0.2222222222222222,0.1111111111111111,0.2222222222222222,0.037037037037037035,0.3333333333333333,0.6296296296296297,0.5925925925925926,0.037037037037037035,0.4773851851851852,0.3620888888888889,0.07482222222222222,0.027392592592592593,0.05831481481481481,0.1672074074074074,0.7517925925925927,0.08099259259259259,-0.08621481481481481,27
2024-02-12,0.29213483146067415,0.38202247191011235,0.056179775280898875,0.19101123595505617,0.07865168539325842,0.21348314606741572,0.15730337078651685,0.2696629213483146,0.6067415730337079,0.5280898876404494,0.07865168539325842,0.652276404494382,0.1757808988764045,0.04315280898876405,0.0316561797752809,0.0971449438202247,0.07250224719101124,0.7916449438202248,0.13585056179775282,0.06334831460674158,89
2024-02-13,0.10989010989010989,0.42857142857142855,0.04395604395604396,0.12087912087912088,0.17582417582417584,0.12087912087912088,0.10989010989010989,0.45054945054945056,0.7692307692307693,0.26373626373626374,0.5054945054945055,0.6507164835164836,0.1770725274725275,0.045441758241758244,0.039299999999999995,0.08747912087912088,0.1569131868131868,0.7398505494505494,0.10323406593406592,-0.05367912087912087,91
2024-02-14,0.16417910447761194,0.29850746268656714,0.08955223880597014,0.22388059701492538,0.19402985074626866,0.23880597014925373,0.1791044776119403,0.40298507462686567,0.6865671641791045,0.31343283582089554,0.373134328358209,0.5631328358208956,0.24865223880597015,0.04074626865671642,0.026674626865671642,0.12078805970149255,0.12124925373134328,0.7420850746268657,0.1366731343283582,0.015423880597014923,67
2024-02-15,0.16417910447761194,0.23880597014925373,0.08955223880597014,0.11940298507462686,0.208955223880597,0.13432835820895522,0.13432835820895522,0.31343283582089554,0.582089552238806,0.31343283582089554,0.26865671641791045,0.5978029850746268,0.23172537313432837,0.05494925373134328,0.024449253731343285,0.09107462686567165,0.152744776119403,0.6338761194029852,0.2133761194029851,0.060631343283582086,67
2024-02-16,0.10810810810810811,0.32432432432432434,0.06756756756756757,0.20270270270270271,0.16216216216216217,0.28378378378378377,0.08108108108108109,0.4189189189189189,0.581081081081081,0.3783783783783784,0.20270270270270271,0.6556918918918919,0.19537027027027026,0.040297297297297294,0.03296216216216216,0.07567702702702701,0.23338378378378377,0.6800581081081081,0.08655945945945946,-0.14682432432432432,74
2024-02-20,0.14497041420118342,0.2869822485207101,0.07988165680473373,0.15088757396449703,0.1242603550295858,0.16272189349112426,0.11834319526627218,0.2988165680473373,0.5325443786982249,0.3343195266272189,0.19822485207100593,0.6152869822485207,0.22088431952662724,0.03592988165680473,0.03288491124260355,0.09501153846153847,0.1251242603550296,0.7464215976331361,0.12845650887573964,0.0033322485207100596,338
2024-02-21,0.09090909090909091,0.4025974025974026,0.07792207792207792,0.12987012987012986,0.17532467532467533,0.17532467532467533,0.11688311688311688,0.4675324675324675,0.974025974025974,0.3116883116883117,0.6623376623376623,0.6922181818181818,0.14262077922077923,0.03255909090909091,0.04791558441558442,0.08468181818181818,0.1076435064935065,0.5938519480519481,0.2985,0.1908564935064935,154
2024-02-22,0.12886597938144329,0.422680412371134,0.08762886597938144,0.13917525773195877,0.22164948453608246,0.12886597938144329,0.15463917525773196,0.5412371134020618,0.7989690721649485,0.27835051546391754,0.520618556701031,0.6694639175257732,0.16293144329896905,0.04730154639175258,0.042558762886597934,0.0777458762886598,0.13404536082474228,0.7114231958762887,0.1545340206185567,0.02048865979381443,194
2024-02-23,0.10526315789473684,0.35789473684210527,0.06315789473684211,0.14210526315789473,0.14736842105263157,0.17894736842105263,0.15263157894736842,0.3,0.7578947368421053,0.3,0.45789473684210524,0.61934,0.20338473684210526,0.038109473684210526,0.03278842105263158,0.10637736842105264,0.10130157894736842,0.7607578947368422,0.13794052631578949,0.03663894736842105,190
2024-02-26,0.125,0.3177083333333333,0.07552083333333333,0.1796875,0.1328125,0.21354166666666666,0.109375,0.3177083333333333,0.5182291666666666,0.3645833333333333,0.15364583333333334,0.5732880208333333,0.25253932291666664,0.04587291666666667,0.03188385416666666,0.09641692708333333,0.1612625,0.74241796875,0.09632005208333333,-0.06494244791666666,384
2024-02-27,0.0989010989010989,0.21978021978021978,0.054945054945054944,0.0989010989010989,0.07692307692307693,0.12087912087912088,0.054945054945054944,0.2087912087912088,0.4065934065934066,0.2857142857142857,0.12087912087912088,0.5552043956043956,0.2784164835164835,0.059205494505494505,0.024554945054945057,0.08262307692307692,0.18493076923076923,0.7530263736263737,0.06204065934065934,-0.12289010989010989,91
2024-02-28,0.13846153846153847,0.2,0.06923076923076923,0.16923076923076924,0.09230769230769231,0.15384615384615385,0.16153846153846155,0.35384615384615387,0.6230769230769231,0.35384615384615387,0.2692307692307692,0.6234384615384615,0.21766384615384615,0.03665538461538462,0.035059230769230766,0.0871823076923077,0.1591176923076923,0.67995,0.16093076923076924,0.0018130769230769207,130
2024-02-29,0.18055555555555555,0.2916666666666667,0.08333333333333333,0.18055555555555555,0.09722222222222222,0.1388888888888889,0.1527777777777778,0.2777777777777778,0.5555555555555556,0.3611111111111111,0.19444444444444445,0.5824402777777777,0.2639472222222222,0.04506388888888889,0.03994166666666667,0.06861527777777778,0.17033611111111113,0.7210388888888889,0.10862638888888888,-0.06170972222222223,72
2024-03-01,0.2564102564102564,0.4358974358974359,0.07692307692307693,0.10256410256410256,0.1282051282051282,0.1794871794871795,0.02564102564102564,0.5641025641025641,1.0769230769230769,0.48717948717948717,0.5897435897435898,0.7716230769230769,0.12074102564102564,0.028969230769230768,0.026133333333333335,0.05252051282051283,0.11487692307692307,0.7876794871794872,0.09745641025641026,-0.017420512820512817,39
2024-03-04,0.24390243902439024,0.36585365853658536,0.0,0.07317073170731707,0.07317073170731707,0.1951219512195122,0.04878048780487805,0.2682926829268293,0.6341463414634146,0.36585365853658536,0.2682926829268293,0.7096658536585365,0.1501219512195122,0.03479756097560976,0.023053658536585368,0.08236585365853659,0.07517317073170732,0.774009756097561,0.15081463414634147,0.07564146341463415,41
2024-03-05,0.06060606060606061,0.5757575757575758,0.06060606060606061,0.15151515151515152,0.09090909090909091,0.06060606060606061,0.12121212121212122,0.45454545454545453,0.7272727272727273,0.21212121212121213,0.5151515151515151,0.6863878787878788,0.1444151515151515,0.03375151515151516,0.05072121212121212,0.08473333333333333,0.12746060606060605,0.6951090909090909,0.17744242424242423,0.049981818181818176,33
2024-03-06,0.13333333333333333,0.2,0.0,0.06666666666666667,0.0,0.06666666666666667,0.06666666666666667,0.26666666666666666,0.4666666666666667,0.13333333333333333,0.3333333333333333,0.5723533333333334,0.23386666666666667,0.039786666666666665,0.029966666666666666,0.12402666666666667,0.08548,0.78874,0.12577999999999998,0.0403,15
2024-03-07,0.08333333333333333,0.08333333333333333,0.08333333333333333,0.16666666666666666,0.0,0.16666666666666666,0.0,0.08333333333333333,0.25,0.3333333333333333,-0.08333333333333333,0.7279749999999999,0.138375,0.06565833333333333,0.022341666666666666,0.045625,0.09275833333333333,0.7901916666666667,0.117025,0.02426666666666667,12
2024-03-08,0.21052631578947367,0.631578947368421,0.05263157894736842,0.15789473684210525,0.10526315789473684,0.21052631578947367,0.10526315789473684,0.21052631578947367,0.42105263157894735,0.5263157894736842,-0.10526315789473684,0.7102947368421052,0.2003736842105263,0.029136842105263155,0.02123157894736842,0.03896315789473684,0.1925578947368421,0.7300894736842105,0.07735263157894737,-0.11520526315789473,19
2024-03-11,0.17391304347826086,0.4057971014492754,0.07246376811594203,0.15942028985507245,0.18840579710144928,0.14492753623188406,0.11594202898550725,0.43478260869565216,0.6376811594202898,0.37681159420289856,0.2608695652173913,0.5816101449275363,0.19115652173913045,0.042217391304347825,0.0744927536231884,0.11052608695652173,0.08486666666666667,0.7944753623188406,0.12065507246376812,0.03578840579710145,69
2024-03-12,0.10975609756097561,0.34146341463414637,0.036585365853658534,0.10975609756097561,0.18292682926829268,0.07317073170731707,0.08536585365853659,0.3780487804878049,0.6829268292682927,0.15853658536585366,0.524390243902439,0.6147951219512195,0.21071829268292683,0.058468292682926824,0.03211463414634146,0.08390609756097561,0.18371341463414634,0.7031768292682927,0.11311463414634146,-0.07059878048780487,82
2024-03-13,0.1917808219178082,0.3150684931506849,0.0958904109589041,0.1095890410958904,0.1506849315068493,0.0821917808219178,0.1095890410958904,0.4520547945205479,0.726027397260274,0.273972602739726,0.4520547945205479,0.6714369863013698,0.17581780821917808,0.0339013698630137,0.044838356164383565,0.07400958904109589,0.13975342465753424,0.7384109589041096,0.12182465753424658,-0.017928767123287673,73
2024-03-14,0.09183673469387756,0.37755102040816324,0.061224489795918366,0.15306122448979592,0.17346938775510204,0.20408163265306123,0.11224489795918367,0.336734693877551,0.8163265306122449,0.2857142857142857,0.5306122448979592,0.6406377551020408,0.20482755102040817,0.053964285714285715,0.030431632653061223,0.07013775510204082,0.14635510204081634,0.7384316326530612,0.11520918367346938,-0.031145918367346936,98
2024-03-15,0.16,0.29333333333333333,0.10666666666666667,0.17333333333333334,0.14666666666666667,0.12,0.06666666666666667,0.29333333333333333,0.8133333333333334,0.26666666666666666,0.5466666666666666,0.5016786666666667,0.268224,0.036088,0.04731733333333333,0.14669066666666666,0.12449066666666667,0.7657613333333333,0.10976,-0.01473066666666667,75
2024-03-18,0.168141592920354,0.3274336283185841,0.12389380530973451,0.2743362831858407,0.18141592920353983,0.24778761061946902,0.13274336283185842,0.33185840707964603,0.7477876106194691,0.42920353982300885,0.3185840707964602,0.5748438053097346,0.2327097345132743,0.04185265486725664,0.03959823008849557,0.11099690265486725,0.1287212389380531,0.7525477876106196,0.11872477876106195,-0.009996460176991151,226
2024-03-19,0.08108108108108109,0.3963963963963964,0.11711711711711711,0.21621621621621623,0.0990990990990991,0.24324324324324326,0.15315315315315314,0.32432432432432434,0.8468468468468469,0.35135135135135137,0.4954954954954955,0.6533081081081081,0.17965855855855856,0.04524234234234235,0.0461936936936937,0.0755846846846847,0.17344954954954955,0.7226585585585587,0.1038891891891892,-0.06956036036036035,111
2024-03-20,0.11764705882352941,0.20588235294117646,0.029411764705882353,0.08823529411764706,0.11764705882352941,0.10294117647058823,0.058823529411764705,0.2647058823529412,0.5441176470588235,0.29411764705882354,0.25,0.6811323529411765,0.16733529411764705,0.025469117647058823,0.0263,0.09976470588235294,0.1272676470588235,0.7810882352941176,0.09164558823529412,-0.035622058823529416,68
2024-03-21,0.06315789473684211,0.18947368421052632,0.042105263157894736,0.14736842105263157,0.11578947368421053,0.08421052631578947,0.05263157894736842,0.30526315789473685,0.5368421052631579,0.24210526315789474,0.29473684210526313,0.666161052631579,0.20036526315789474,0.02791263157894737,0.02676,0.07879684210526317,0.08547473684210527,0.8183915789473685,0.09613789473684212,0.010663157894736843,95
2024-03-22,0.20967741935483872,0.20967741935483872,0.06451612903225806,0.1935483870967742,0.11290322580645161,0.20967741935483872,0.11290322580645161,0.3225806451612903,0.7096774193548387,0.3709677419354839,0.3387096774193548,0.5741403225806452,0.2175516129032258,0.05224677419354839,0.030651612903225805,0.12540483870967742,0.1866274193548387,0.7148032258064516,0.09857096774193548,-0.08805645161290324,62
2024-03-25,0.11702127659574468,0.36524822695035464,0.05673758865248227,0.18439716312056736,0.12056737588652482,0.1595744680851064,0.06028368794326241,0.4326241134751773,0.7801418439716312,0.31560283687943264,0.4645390070921986,0.6392237588652482,0.20334787234042553,0.045791489361702124,0.029097517730496455,0.08253581560283688,0.11035921985815603,0.7487443262411347,0.14089468085106382,0.030535460992907805,282
2024-03-26,0.0967741935483871,0.25806451612903225,0.03225806451612903,0.0967741935483871,0.14516129032258066,0.11290322580645161,0.16129032258064516,0.45161290322580644,0.7580645161290323,0.24193548387096775,0.5161290322580645,0.5742854838709677,0.18563870967741933,0.06624354838709677,0.040866129032258065,0.13295161290322582,0.14081774193548388,0.6810806451612903,0.17809516129032257,0.03727741935483871,62
2024-03-27,0.13793103448275862,0.3333333333333333,0.05747126436781609,0.1839080459770115,0.13793103448275862,0.16091954022988506,0.1839080459770115,0.20689655172413793,0.5977011494252874,0.3103448275862069,0.28735632183908044,0.6255551724137931,0.22241839080459772,0.04827241379310345,0.03681149425287356,0.06693333333333333,0.14973563218390804,0.7582735632183907,0.09198275862068965,-0.057752873563218385,87
2024-03-28,0.11428571428571428,0.2571428571428571,0.15714285714285714,0.2857142857142857,0.18571428571428572,0.3,0.17142857142857143,0.3142857142857143,0.5285714285714286,0.4142857142857143,0.11428571428571428,0.5616028571428571,0.27192571428571427,0.054029999999999995,0.024985714285714288,0.08745142857142857,0.22241,0.69907,0.07852285714285714,-0.14388714285714285,70
2024-04-01,0.13813813813813813,0.3483483483483483,0.06606606606606606,0.15015015015015015,0.17417417417417416,0.2042042042042042,0.17417417417417416,0.42342342342342343,0.6876876876876877,0.3963963963963964,0.2912912912912913,0.587539039039039,0.2371891891891892,0.04714834834834835,0.03114084084084084,0.09697837837837837,0.13602402402402403,0.7541633633633634,0.10980960960960962,-0.026214414414414414,333
2024-04-02,0.22857142857142856,0.3142857142857143,0.11428571428571428,0.22857142857142856,0.37142857142857144,0.2571428571428571,0.2,0.4857142857142857,1.1428571428571428,0.45714285714285713,0.6857142857142857,0.5105885714285714,0.2525,0.04933714285714286,0.06916,0.11841714285714285,0.10307714285714285,0.7629742857142857,0.13395142857142858,0.030874285714285715,35
2024-04-03,0.21052631578947367,0.3157894736842105,0.05263157894736842,0.15789473684210525,0.05263157894736842,0.15789473684210525,0.05263157894736842,0.3157894736842105,0.47368421052631576,0.3684210526315789,0.10526315789473684,0.7068157894736842,0.2050421052631579,0.029978947368421053,0.020921052631578944,0.037226315789473684,0.1404578947368421,0.7896947368421053,0.06986842105263158,-0.07058947368421054,19
2024-04-04,0.0625,1.25,0.125,0.25,0.125,0.1875,0.25,0.75,1.3125,0.3125,1.0,0.7207375,0.0827,0.03411875,0.07795,0.084475,0.1646125,0.67935625,0.1560375,-0.008574999999999992,16
2024-04-05,0.2727272727272727,0.6363636363636364,0.0,0.0,0.09090909090909091,0.18181818181818182,0.0,0.18181818181818182,0.8181818181818182,0.8181818181818182,0.0,0.7160181818181818,0.20054545454545455,0.023445454545454547,0.02060909090909091,0.039372727272727275,0.034209090909090904,0.8851545454545455,0.08065454545454545,0.04644545454545455,11
2024-04-08,0.12,0.28,0.10666666666666667,0.25333333333333335,0.1,0.22666666666666666,0.05333333333333334,0.3333333333333333,0.6466666666666666,0.42,0.22666666666666666,0.5831093333333333,0.2729333333333333,0.038587333333333335,0.027393333333333332,0.077984,0.15043933333333334,0.7530846666666666,0.09646866666666666,-0.05397066666666666,150
2024-04-09,0.1518987341772152,0.26582278481012656,0.08860759493670886,0.16455696202531644,0.12658227848101267,0.22784810126582278,0.08860759493670886,0.3670886075949367,0.6075949367088608,0.3924050632911392,0.21518987341772153,0.6240088607594937,0.1995835443037975,0.04144177215189873,0.03616708860759494,0.09879240506329114,0.17210253164556963,0.7041987341772152,0.1237012658227848,-0.04840126582278481,79
2024-04-10,0.15492957746478872,0.36619718309859156,0.07042253521126761,0.30985915492957744,0.09859154929577464,0.2676056338028169,0.056338028169014086,0.18309859154929578,0.7887323943661971,0.36619718309859156,0.4225352112676056,0.6661845070422535,0.202043661971831,0.053140845070422535,0.03153098591549296,0.047112676056338024,0.13815774647887324,0.7487957746478873,0.11304647887323944,-0.025111267605633807,71
2024-04-11,0.08602150537634409,0.2903225806451613,0.03225806451612903,0.07526881720430108,0.11827956989247312,0.15053763440860216,0.10752688172043011,0.24731182795698925,0.6989247311827957,0.27956989247311825,0.41935483870967744,0.702616129032258,0.1584505376344086,0.037895698924731186,0.03922903225806452,0.06180645161290323,0.1880752688172043,0.7323397849462366,0.07957741935483871,-0.10849784946236558,93
2024-04-12,0.06521739130434782,0.2826086956521739,0.0,0.06521739130434782,0.021739130434782608,0.06521739130434782,0.021739130434782608,0.21739130434782608,0.2608695652173913,0.1956521739130435,0.06521739130434782,0.7197717391304347,0.1377695652173913,0.0514695652173913,0.02472391304347826,0.06625652173913044,0.08395434782608695,0.7664173913043478,0.1496282608695652,0.06567391304347826,46
2024-04-15,0.16,0.3288888888888889,0.09777777777777778,0.15555555555555556,0.18666666666666668,0.16,0.07555555555555556,0.36444444444444446,0.7466666666666667,0.4222222222222222,0.3244444444444444,0.6200204444444445,0.23680400000000001,0.03657244444444444,0.027428,0.07917244444444445,0.14643466666666666,0.7488453333333333,0.10471466666666666,-0.04172,225
2024-04-16,0.14018691588785046,0.5046728971962616,0.06542056074766354,0.18691588785046728,0.1308411214953271,0.2336448598130841,0.12149532710280374,0.5046728971962616,0.794392523364486,0.35514018691588783,0.4392523364485981,0.6436710280373832,0.1913158878504673,0.04720186915887851,0.043804672897196265,0.07400467289719626,0.16310747663551403,0.7027551401869159,0.1341411214953271,-0.028966355140186917,107
2024-04-17,0.12048192771084337,0.24096385542168675,0.024096385542168676,0.10843373493975904,0.12048192771084337,0.25301204819277107,0.08433734939759036,0.2289156626506024,0.42168674698795183,0.3373493975903614,0.08433734939759036,0.5901867469879518,0.2102578313253012,0.03845301204819277,0.05124578313253012,0.10986987951807228,0.15562409638554217,0.7469590361445783,0.09742168674698795,-0.05820240963855422,83
2024-04-18,0.13978494623655913,0.3118279569892473,0.13978494623655913,0.21505376344086022,0.13978494623655913,0.25806451612903225,0.12903225806451613,0.25806451612903225,0.6451612903225806,0.5053763440860215,0.13978494623655913,0.5748978494623656,0.24702365591397848,0.044962365591397845,0.030754838709677417,0.10236559139784945,0.13948602150537634,0.7666774193548387,0.09383870967741936,-0.045647311827957,93
2024-04-19,0.10144927536231885,0.2463768115942029,0.057971014492753624,0.3188405797101449,0.17391304347826086,0.3333333333333333,0.11594202898550725,0.463768115942029,0.7971014492753623,0.4782608695652174,0.3188405797101449,0.6222000000000001,0.2316144927536232,0.056505797101449276,0.02823913043478261,0.06143623188405797,0.1524927536231884,0.7760826086956522,0.0714231884057971,-0.08106956521739131,69
2024-04-22,0.11180124223602485,0.19254658385093168,0.08074534161490683,0.13664596273291926,0.13043478260869565,0.11180124223602485,0.09937888198757763,0.3167701863354037,0.5900621118012422,0.2546583850931677,0.33540372670807456,0.6501826086956521,0.20503788819875776,0.03457577639751553,0.02724472049689441,0.08296583850931677,0.12688571428571427,0.7729223602484472,0.10019254658385093,-0.026693167701863356,161
2024-04-23,0.09411764705882353,0.2,0.058823529411764705,0.08235294117647059,0.058823529411764705,0.1411764705882353,0.08235294117647059,0.23529411764705882,0.4470588235294118,0.25882352941176473,0.18823529411764706,0.6462717647058824,0.18034235294117648,0.042831764705882354,0.03868941176470588,0.09187529411764706,0.15072235294117645,0.7451152941176471,0.1041635294117647,-0.046558823529411764,85
2024-04-24,0.1388888888888889,0.3333333333333333,0.08333333333333333,0.2222222222222222,0.19444444444444445,0.2638888888888889,0.1388888888888889,0.4027777777777778,0.625,0.4166666666666667,0.20833333333333334,0.5581472222222222,0.26139444444444443,0.05508333333333334,0.04456527777777777,0.08081111111111111,0.19048194444444444,0.7111694444444444,0.09835694444444444,-0.092125,72
2024-04-25,0.16279069767441862,0.36046511627906974,0.05813953488372093,0.1744186046511628,0.22093023255813954,0.20930232558139536,0.09302325581395349,0.3488372093023256,0.7674418604651163,0.37209302325581395,0.3953488372093023,0.5767697674418605,0.20498023255813952,0.051309302325581396,0.05752093023255814,0.10941511627906976,0.12052558139534883,0.7413848837209303,0.13808255813953488,0.01755697674418605,86
2024-04-26,0.058823529411764705,0.3382352941176471,0.04411764705882353,0.16176470588235295,0.1323529411764706,0.20588235294117646,0.08823529411764706,0.4264705882352941,0.6617647058823529,0.39705882352941174,0.2647058823529412,0.6281382352941176,0.24170735294117646,0.03460294117647059,0.02553529411764706,0.07000882352941176,0.13211323529411767,0.7762235294117648,0.09165441176470589,-0.04045882352941177,68
2024-04-29,0.18556701030927836,0.26804123711340205,0.08762886597938144,0.15979381443298968,0.09278350515463918,0.1958762886597938,0.0979381443298969,0.30412371134020616,0.6391752577319587,0.4329896907216495,0.20618556701030927,0.6156515463917526,0.21971907216494846,0.04750154639175258,0.0406840206185567,0.07643969072164948,0.12300309278350516,0.7697809278350516,0.10721391752577318,-0.01578917525773196,194
2024-04-30,0.09230769230769231,0.27692307692307694,0.06153846153846154,0.2,0.15384615384615385,0.12307692307692308,0.06153846153846154,0.3384615384615385,0.6615384615384615,0.26153846153846155,0.4,0.6343476923076923,0.2188276923076923,0.03898461538461538,0.027221538461538464,0.08061846153846153,0.10715846153846154,0.7698523076923076,0.12298769230769231,0.01582923076923077,65
2024-05-01,0.4230769230769231,0.6153846153846154,0.11538461538461539,0.11538461538461539,0.23076923076923078,0.19230769230769232,0.07692307692307693,0.7307692307692307,1.5384615384615385,0.6923076923076923,0.8461538461538461,0.8456038461538462,0.06283846153846154,0.019330769230769228,0.024992307692307696,0.04725384615384615,0.10916153846153846,0.8157846153846153,0.07505384615384615,-0.034107692307692304,26
2024-05-02,0.46153846153846156,0.6923076923076923,0.0,0.23076923076923078,0.15384615384615385,0.07692307692307693,0.15384615384615385,0.15384615384615385,0.7692307692307693,0.5384615384615384,0.23076923076923078,0.8245,0.05986153846153846,0.02216923076923077,0.03773076923076923,0.05574615384615385,0.021146153846153846,0.8008153846153847,0.17804615384615385,0.15689999999999998,13
2024-05-03,0.3125,0.25,0.0625,0.125,0.3125,0.0625,0.1875,0.4375,0.875,0.3125,0.5625,0.74413125,0.10735,0.0402875,0.044262499999999996,0.06395624999999999,0.0368875,0.90968125,0.053425,0.016537499999999997,16
2024-05-06,0.0847457627118644,0.288135593220339,0.05084745762711865,0.1864406779661017,0.06779661016949153,0.23728813559322035,0.06779661016949153,0.288135593220339,0.559322033898305,0.3389830508474576,0.22033898305084745,0.6538813559322034,0.19933220338983051,0.03721525423728814,0.03157627118644068,0.07798983050847458,0.15100847457627117,0.7497915254237287,0.09921016949152542,-0.05179830508474576,59
2024-05-07,0.25252525252525254,0.1919191919191919,0.09090909090909091,0.20202020202020202,0.10101010101010101,0.2828282828282828,0.09090909090909091,0.3333333333333333,0.5454545454545454,0.45454545454545453,0.09090909090909091,0.6081909090909091,0.1942010101010101,0.042556565656565654,0.04273333333333333,0.1123080808080808,0.1170969696969697,0.7249808080808081,0.15792626262626264,0.040829292929292924,99
2024-05-08,0.20967741935483872,0.45161290322580644,0.0967741935483871,0.22580645161290322,0.12903225806451613,0.27419354838709675,0.08064516129032258,0.1774193548387097,0.4838709677419355,0.41935483870967744,0.06451612903225806,0.5695677419354839,0.24352419354838709,0.06664032258064517,0.02724032258064516,0.09303387096774193,0.15935483870967743,0.7310532258064516,0.10958870967741936,-0.049766129032258064,62
2024-05-09,0.1919191919191919,0.5656565656565656,0.09090909090909091,0.2222222222222222,0.15151515151515152,0.15151515151515152,0.25252525252525254,0.43434343434343436,0.797979797979798,0.37373737373737376,0.42424242424242425,0.6347656565656565,0.18386565656565657,0.046318181818181814,0.045583838383838386,0.08945959595959596,0.11383737373737374,0.7383434343434344,0.14781919191919193,0.03398181818181818,99
2024-05-10,0.10975609756097561,0.2682926829268293,0.0975609756097561,0.13414634146341464,0.15853658536585366,0.13414634146341464,0.08536585365853659,0.2926829268292683,0.5853658536585366,0.24390243902439024,0.34146341463414637,0.5903329268292683,0.2767707317073171,0.03274390243902439,0.036684146341463414,0.06347073170731707,0.14350487804878048,0.7376670731707318,0.11882682926829269,-0.024678048780487807,82
2024-05-13,0.15151515151515152,0.3151515151515151,0.05454545454545454,0.22424242424242424,0.1393939393939394,0.21818181818181817,0.13333333333333333,0.40606060606060607,0.5515151515151515,0.43636363636363634,0.11515151515151516,0.6199054545454545,0.2218,0.04107090909090909,0.03193696969696969,0.08528242424242424,0.13702727272727272,0.7597466666666667,0.1032260606060606,-0.03380121212121212,165
2024-05-14,0.15555555555555556,0.3333333333333333,0.1111111111111111,0.24444444444444444,0.08888888888888889,0.3111111111111111,0.13333333333333333,0.24444444444444444,0.4666666666666667,0.4,0.06666666666666667,0.5321355555555556,0.27510444444444443,0.07529777777777777,0.03443333333333334,0.08302888888888889,0.3191088888888889,0.6113111111111111,0.06959777777777777,-0.2495111111111111,45
2024-05-15,0.07692307692307693,0.15384615384615385,0.0,0.11538461538461539,0.11538461538461539,0.15384615384615385,0.1346153846153846,0.25,0.46153846153846156,0.3076923076923077,0.15384615384615385,0.6063865384615384,0.23104423076923078,0.03758653846153846,0.03195576923076923,0.09303076923076924,0.15392115384615385,0.7696961538461539,0.07639615384615385,-0.077525,52
2024-05-16,0.14545454545454545,0.32727272727272727,0.09090909090909091,0.2545454545454545,0.16363636363636364,0.2,0.09090909090909091,0.4909090909090909,0.7636363636363637,0.41818181818181815,0.34545454545454546,0.4564181818181818,0.3040872727272727,0.08136727272727273,0.031354545454545454,0.12676545454545454,0.15671636363636365,0.7496036363636364,0.09367636363636363,-0.06304,55
2024-05-17,0.15625,0.328125,0.078125,0.265625,0.15625,0.15625,0.15625,0.3125,0.640625,0.375,0.265625,0.5313984375,0.260340625,0.085346875,0.05016875,0.07275,0.2469703125,0.6930578125,0.059971875,-0.1869984375,64
2024-05-20,0.12138728323699421,0.3063583815028902,0.05202312138728324,0.1676300578034682,0.17341040462427745,0.15028901734104047,0.09248554913294797,0.36416184971098264,0.5086705202312138,0.3699421965317919,0.13872832369942195,0.5750028901734103,0.24380578034682082,0.045039884393063584,0.0319635838150289,0.1041942196531792,0.12863236994219654,0.7847341040462429,0.08662890173410405,-0.04200346820809249,173
2024-05-21,0.11764705882352941,0.5098039215686274,0.08823529411764706,0.21568627450980393,0.12745098039215685,0.14705882352941177,0.19607843137254902,0.3235294117647059,0.7058823529411765,0.3235294117647059,0.38235294117647056,0.7082274509803921,0.12867156862745097,0.03542058823529412,0.03771470588235294,0.08995490196078432,0.1281450980392157,0.7153294117647059,0.15653039215686276,0.028385294117647057,102
2024-05-22,0.08208955223880597,0.3582089552238806,0.04477611940298507,0.14925373134328357,0.20149253731343283,0.17164179104477612,0.1044776119402985,0.44029850746268656,1.0,0.30597014925373134,0.6940298507462687,0.7053358208955224,0.15300223880597014,0.037247014925373134,0.0389634328358209,0.06544626865671642,0.15534925373134328,0.5747029850746268,0.26995223880597013,0.11460298507462686,134
2024-05-23,0.1111111111111111,0.2,0.044444444444444446,0.06666666666666667,0.06666666666666667,0.1111111111111111,0.13333333333333333,0.24444444444444444,0.4666666666666667,0.4666666666666667,0.0,0.6559,0.18153555555555556,0.03702222222222222,0.04187777777777778,0.08366222222222222,0.17431333333333335,0.71812,0.10756666666666667,-0.06674666666666666,45
2024-05-24,0.1320754716981132,0.27358490566037735,0.07547169811320754,0.1792452830188679,0.07547169811320754,0.1792452830188679,0.10377358490566038,0.33962264150943394,0.46226415094339623,0.33962264150943394,0.12264150943396226,0.5869443396226415,0.25272169811320755,0.049786792452830186,0.029416037735849058,0.08113113207547169,0.15666226415094342,0.7200301886792453,0.12331132075471699,-0.033350943396226414,106
2024-05-28,0.10877192982456141,0.3473684210526316,0.08070175438596491,0.2736842105263158,0.12631578947368421,0.20701754385964913,0.12280701754385964,0.3824561403508772,0.6631578947368421,0.4421052631578947,0.22105263157894736,0.6219845614035088,0.2150364912280702,0.04078842105263158,0.03411754385964912,0.08807684210526316,0.17257543859649122,0.7112842105263159,0.11613929824561403,-0.05643614035087719,285
2024-05-29,0.2222222222222222,0.4444444444444444,0.18518518518518517,0.4074074074074074,0.2037037037037037,0.2222222222222222,0.24074074074074073,0.5185185185185185,0.8888888888888888,0.5370370370370371,0.35185185185185186,0.5993555555555555,0.23712222222222223,0.06525555555555555,0.02936666666666667,0.0688962962962963,0.20919444444444443,0.6684907407407408,0.12232407407407407,-0.08687037037037036,54
2024-05-30,0.0821917808219178,0.136986301369863,0.0547945205479452,0.2328767123287671,0.0958904109589041,0.136986301369863,0.0821917808219178,0.1643835616438356,0.3835616438356164,0.2876712328767123,0.0958904109589041,0.601013698630137,0.24574794520547943,0.0529041095890411,0.024845205479452057,0.07548356164383561,0.13238904109589042,0.7446780821917808,0.12293150684931507,-0.009457534246575345,73
2024-05-31,0.12962962962962962,0.2037037037037037,0.05555555555555555,0.2222222222222222,0.2222222222222222,0.14814814814814814,0.018518518518518517,0.3888888888888889,0.5740740740740741,0.25925925925925924,0.3148148148148148,0.6225055555555555,0.21008518518518518,0.03888888888888889,0.0316462962962963,0.09689074074074074,0.15252777777777776,0.7218555555555556,0.12562037037037038,-0.02690740740740741,54
2024-06-03,0.203125,0.46875,0.09375,0.140625,0.25,0.234375,0.0625,0.515625,1.171875,0.515625,0.65625,0.647290625,0.1364046875,0.0470703125,0.0641765625,0.1050515625,0.1028953125,0.790190625,0.10691875,0.0040234375,64
2024-06-04,0.07407407407407407,0.6666666666666666,0.07407407407407407,0.14814814814814814,0.14814814814814814,0.14814814814814814,0.07407407407407407,0.4444444444444444,1.3333333333333333,0.2962962962962963,1.037037037037037,0.6615407407407408,0.14994444444444444,0.03241481481481481,0.06141481481481482,0.09467037037037036,0.15435185185185182,0.6671407407407407,0.17850740740740742,0.02415555555555555,27
2024-06-05,0.42857142857142855,0.5714285714285714,0.0,0.0,0.2857142857142857,0.0,0.0,0.42857142857142855,0.42857142857142855,0.42857142857142855,0.0,0.7731142857142858,0.050257142857142854,0.0172,0.019657142857142856,0.13975714285714286,0.01707142857142857,0.8123571428571428,0.17057142857142857,0.1535,7
2024-06-06,0.13333333333333333,0.2,0.08888888888888889,0.15555555555555556,0.06666666666666667,0.08888888888888889,0.15555555555555556,0.2222222222222222,0.4222222222222222,0.2222222222222222,0.2,0.6675444444444445,0.16823555555555555,0.03278444444444444,0.03863777777777778,0.09278444444444445,0.09039333333333334,0.7995622222222222,0.11005777777777778,0.019664444444444446,45
2024-06-07,0.13043478260869565,0.2391304347826087,0.021739130434782608,0.021739130434782608,0.10869565217391304,0.043478260869565216,0.08695652173913043,0.30434782608695654,0.5217391304347826,0.34782608695652173,0.17391304347826086,0.6228021739130435,0.20529347826086958,0.04924130434782609,0.028354347826086958,0.09430652173913043,0.11164782608695652,0.7793304347826088,0.10902608695652174,-0.002621739130434786,46
2024-06-10,0.11320754716981132,0.2169811320754717,0.08018867924528301,0.12735849056603774,0.1179245283018868,0.1320754716981132,0.10377358490566038,0.2830188679245283,0.4716981132075472,0.2830188679245283,0.18867924528301888,0.6132264150943396,0.24949009433962263,0.04284245283018868,0.0268561320754717,0.06758584905660378,0.13540188679245282,0.7904580188679246,0.07414811320754718,-0.061253773584905656,212
2024-06-11,0.1232876712328767,0.3287671232876712,0.0684931506849315,0.2054794520547945,0.136986301369863,0.1917808219178082,0.136986301369863,0.410958904109589,0.5616438356164384,0.4246575342465753,0.136986301369863,0.5428424657534247,0.23527397260273974,0.036001369863013694,0.05983835616438356,0.12604794520547943,0.1280342465753425,0.7329356164383561,0.1390205479452055,0.010986301369863012,73
2024-06-12,0.1111111111111111,0.37037037037037035,0.0,0.1111111111111111,0.09259259259259259,0.18518518518518517,0.09259259259259259,0.4444444444444444,0.5740740740740741,0.18518518518518517,0.3888888888888889,0.6461018518518519,0.2107851851851852,0.04165,0.027237037037037035,0.07421666666666667,0.17797962962962963,0.7038148148148148,0.1181962962962963,-0.059783333333333334,54
2024-06-13,0.03333333333333333,0.2,0.016666666666666666,0.13333333333333333,0.08333333333333333,0.11666666666666667,0.08333333333333333,0.2833333333333333,0.5,0.21666666666666667,0.2833333333333333,0.5764883333333334,0.2670766666666667,0.04100166666666667,0.03305,0.08237,0.16328833333333334,0.7758566666666666,0.06084666666666667,-0.10244166666666667,60
2024-06-14,0.08695652173913043,0.3695652173913043,0.043478260869565216,0.10869565217391304,0.13043478260869565,0.17391304347826086,0.06521739130434782,0.32608695652173914,0.391304347826087,0.32608695652173914,0.06521739130434782,0.6614065217391305,0.1875826086956522,0.03525869565217392,0.03268913043478261,0.08305652173913043,0.16245434782608695,0.7618086956521739,0.07573260869565217,-0.08672173913043478,46
2024-06-17,0.12105263157894737,0.25263157894736843,0.042105263157894736,0.15789473684210525,0.1,0.15263157894736842,0.06842105263157895,0.2631578947368421,0.5526315789473685,0.3684210526315789,0.18421052631578946,0.6074336842105263,0.24885578947368422,0.03752684210526316,0.02676842105263158,0.07940684210526316,0.13206105263157894,0.7431857894736842,0.12475210526315789,-0.007308947368421054,190
2024-06-18,0.12631578947368421,0.2,0.031578947368421054,0.24210526315789474,0.12631578947368421,0.18947368421052632,0.1368421052631579,0.3157894736842105,0.5684210526315789,0.35789473684210527,0.21052631578947367,0.583141052631579,0.1964715789473684,0.04579368421052631,0.06229578947368421,0.11229894736842105,0.13941894736842106,0.7322810526315789,0.1282978947368421,-0.01112105263157895,95
2024-06-20,0.13385826771653545,0.25984251968503935,0.07086614173228346,0.25984251968503935,0.10236220472440945,0.23622047244094488,0.07086614173228346,0.33070866141732286,0.44881889763779526,0.4094488188976378,0.03937007874015748,0.5982826771653543,0.2300700787401575,0.056348031496062996,0.03566929133858268,0.07961732283464566,0.21198031496062994,0.681175590551181,0.10684566929133858,-0.10513464566929134,127
2024-06-21,0.14285714285714285,0.23809523809523808,0.07142857142857142,0.07142857142857142,0.21428571428571427,0.16666666666666666,0.07142857142857142,0.38095238095238093,0.9285714285714286,0.2619047619047619,0.6666666666666666,0.5758952380952381,0.20417857142857143,0.08464285714285713,0.04894047619047619,0.08635238095238094,0.15744761904761906,0.7327071428571429,0.10983809523809523,-0.04760952380952381,42
2024-06-24,0.10294117647058823,0.22058823529411764,0.06372549019607843,0.15196078431372548,0.13725490196078433,0.12745098039215685,0.12254901960784313,0.3333333333333333,0.5441176470588235,0.25980392156862747,0.28431372549019607,0.5911691176470588,0.24670343137254902,0.04101225490196079,0.03681176470588235,0.08429803921568628,0.15696372549019608,0.746946568627451,0.09609362745098039,-0.06087009803921569,204
2024-06-25,0.22058823529411764,0.25,0.07352941176470588,0.19117647058823528,0.04411764705882353,0.20588235294117646,0.058823529411764705,0.25,0.6911764705882353,0.4117647058823529,0.27941176470588236,0.6506191176470588,0.20141470588235294,0.05256470588235294,0.03303970588235294,0.062357352941176475,0.19947058823529412,0.6677294117647059,0.1328073529411765,-0.06666323529411763,68
2024-06-26,0.12962962962962962,0.2222222222222222,0.0,0.25925925925925924,0.05555555555555555,0.16666666666666666,0.07407407407407407,0.3148148148148148,0.5185185185185185,0.3333333333333333,0.18518518518518517,0.6130296296296296,0.19590740740740742,0.06477777777777777,0.04244814814814815,0.08385555555555556,0.1239,0.7867537037037037,0.08934814814814815,-0.034551851851851854,54
2024-06-27,0.10843373493975904,0.3253012048192771,0.07228915662650602,0.13253012048192772,0.060240963855421686,0.10843373493975904,0.10843373493975904,0.30120481927710846,0.6265060240963856,0.27710843373493976,0.3493975903614458,0.7115325301204819,0.16244096385542167,0.04144819277108434,0.03477710843373494,0.04980843373493976,0.11437951807228915,0.7949361445783132,0.0906855421686747,-0.023693975903614453,83
2024-06-28,0.10638297872340426,0.3617021276595745,0.02127659574468085,0.1702127659574468,0.06382978723404255,0.1702127659574468,0.1702127659574468,0.48936170212765956,0.48936170212765956,0.3191489361702128,0.1702127659574468,0.6477723404255319,0.19308085106382977,0.04920851063829788,0.04162553191489361,0.06831489361702127,0.13295957446808512,0.7795212765957448,0.08752978723404256,-0.04542978723404255,47
2024-07-01,0.1619047619047619,0.2761904761904762,0.0761904761904762,0.19523809523809524,0.15714285714285714,0.19523809523809524,0.11428571428571428,0.44285714285714284,0.719047619047619,0.41904761904761906,0.3,0.5744047619047619,0.24884380952380952,0.04875857142857143,0.030330952380952382,0.09766523809523808,0.1453395238095238,0.742722380952381,0.11194,-0.03339952380952381,210
2024-07-02,0.038461538461538464,0.19230769230769232,0.0,0.0,0.038461538461538464,0.0,0.0,0.15384615384615385,0.38461538461538464,0.11538461538461539,0.2692307692307692,0.6187115384615385,0.22921538461538463,0.05868846153846154,0.020507692307692307,0.07288846153846154,0.08246153846153846,0.7596461538461539,0.1578807692307692,0.07541923076923077,26
2024-07-03,0.08333333333333333,0.25,0.08333333333333333,0.25,0.16666666666666666,0.3333333333333333,0.08333333333333333,0.5,1.0833333333333333,0.5,0.5833333333333334,0.5807666666666667,0.28241666666666665,0.043908333333333334,0.031316666666666666,0.06158333333333333,0.21699166666666667,0.6785583333333333,0.10445,-0.11254166666666666,12
2024-07-05,0.07936507936507936,0.2222222222222222,0.031746031746031744,0.06349206349206349,0.12698412698412698,0.1111111111111111,0.031746031746031744,0.31746031746031744,0.6984126984126984,0.2222222222222222,0.47619047619047616,0.6568412698412699,0.16190634920634922,0.03283650793650794,0.035752380952380945,0.11264603174603174,0.08997936507936509,0.7721761904761905,0.13784444444444446,0.04786507936507936,63
2024-07-08,0.1,0.35,0.05,0.2,0.15,0.15,0.2,0.3,0.5,0.3,0.2,0.7154849999999999,0.10769500000000001,0.031105,0.035504999999999995,0.110205,0.079115,0.707735,0.213165,0.13405,20
2024-07-09,0.09375,0.28125,0.0625,0.125,0.1875,0.125,0.21875,0.3125,0.90625,0.25,0.65625,0.5778125,0.18750624999999999,0.027984375,0.076121875,0.130559375,0.073834375,0.749625,0.17653125,0.102696875,32
2024-07-10,0.0,0.13043478260869565,0.0,0.17391304347826086,0.08695652173913043,0.17391304347826086,0.08695652173913043,0.2608695652173913,0.43478260869565216,0.34782608695652173,0.08695652173913043,0.7075217391304348,0.16920434782608695,0.02618695652173913,0.03505217391304348,0.062052173913043476,0.1382782608695652,0.7814391304347825,0.08029130434782608,-0.05798695652173912,23
2024-07-11,0.0,0.04,0.08,0.0,0.04,0.04,0.0,0.12,0.48,0.08,0.4,0.613416,0.211284,0.037944,0.028896,0.10845600000000001,0.08512799999999998,0.84746,0.067416,-0.017712000000000002,25
2024-07-12,0.13636363636363635,0.2727272727272727,0.06818181818181818,0.20454545454545456,0.1590909090909091,0.22727272727272727,0.09090909090909091,0.38636363636363635,0.6590909090909091,0.25,0.4090909090909091,0.6607999999999999,0.18599999999999997,0.029538636363636364,0.04466136363636364,0.07900227272727273,0.12511363636363637,0.7438772727272728,0.131025,0.005911363636363635,44
2024-07-15,0.1258741258741259,0.2727272727272727,0.04195804195804196,0.14685314685314685,0.17482517482517482,0.15384615384615385,0.15384615384615385,0.32867132867132864,0.6083916083916084,0.34265734265734266,0.26573426573426573,0.6078419580419581,0.23250769230769233,0.04428601398601399,0.030957342657342655,0.08440769230769231,0.14423286713286712,0.7621153846153846,0.09365804195804196,-0.05057482517482517,143
2024-07-16,0.05102040816326531,0.37755102040816324,0.11224489795918367,0.17346938775510204,0.14285714285714285,0.14285714285714285,0.09183673469387756,0.3673469387755102,0.673469387755102,0.2755102040816326,0.3979591836734694,0.6305897959183674,0.1989295918367347,0.04254183673469388,0.040610204081632656,0.08733469387755102,0.13227142857142857,0.7630938775510203,0.10463163265306122,-0.027639795918367346,98
2024-07-17,0.1076923076923077,0.16923076923076924,0.06153846153846154,0.15384615384615385,0.1076923076923077,0.15384615384615385,0.046153846153846156,0.26153846153846155,0.38461538461538464,0.26153846153846155,0.12307692307692308,0.6011169230769231,0.22302769230769232,0.039595384615384616,0.03229692307692308,0.10397692307692308,0.1691030769230769,0.7441969230769231,0.08670307692307692,-0.0824,65
2024-07-18,0.04938271604938271,0.2222222222222222,0.04938271604938271,0.13580246913580246,0.09876543209876543,0.14814814814814814,0.037037037037037035,0.2345679012345679,0.4691358024691358,0.24691358024691357,0.2222222222222222,0.5389148148148147,0.22848395061728397,0.04104691358024692,0.04292962962962963,0.1486222222222222,0.1350679012345679,0.7471555555555556,0.11778518518518517,-0.017282716049382717,81
2024-07-19,0.078125,0.078125,0.046875,0.140625,0.046875,0.125,0.046875,0.203125,0.328125,0.25,0.078125,0.5722546875,0.268296875,0.049103125,0.0306109375,0.0797359375,0.13048125,0.7767078125,0.092815625,-0.037665625,64
2024-07-22,0.05952380952380952,0.2619047619047619,0.031746031746031744,0.17063492063492064,0.13095238095238096,0.15476190476190477,0.1349206349206349,0.3055555555555556,0.5317460317460317,0.3134920634920635,0.21825396825396826,0.5321396825396826,0.279606746031746,0.047411904761904766,0.030921825396825395,0.10991865079365079,0.13268015873015873,0.7662702380952381,0.10105476190476191,-0.03162539682539683,252
2024-07-23,0.13829787234042554,0.3404255319148936,0.0851063829787234,0.23404255319148937,0.14893617021276595,0.1702127659574468,0.10638297872340426,0.30851063829787234,0.5425531914893617,0.3191489361702128,0.22340425531914893,0.5737202127659574,0.2372872340425532,0.040285106382978726,0.03584787234042553,0.11286382978723404,0.18202765957446806,0.6994595744680852,0.11851382978723404,-0.06351382978723404,94
2024-07-24,0.12903225806451613,0.3709677419354839,0.08064516129032258,0.1774193548387097,0.1774193548387097,0.12903225806451613,0.12903225806451613,0.24193548387096775,0.5483870967741935,0.24193548387096775,0.3064516129032258,0.5508983870967742,0.2491725806451613,0.04515,0.045088709677419354,0.1096741935483871,0.1561532258064516,0.7360451612903226,0.1078,-0.048353225806451613,62
2024-07-25,0.18571428571428572,0.35714285714285715,0.1,0.22857142857142856,0.14285714285714285,0.2857142857142857,0.15714285714285714,0.35714285714285715,0.5285714285714286,0.4714285714285714,0.05714285714285714,0.54164,0.27806142857142857,0.05045714285714286,0.038709999999999994,0.09113428571428572,0.17389,0.7182385714285714,0.10786857142857142,-0.06602142857142858,70
2024-07-26,0.18421052631578946,0.23684210526315788,0.039473684210526314,0.14473684210526316,0.039473684210526314,0.14473684210526316,0.06578947368421052,0.3026315789473684,0.39473684210526316,0.3815789473684211,0.013157894736842105,0.6316355263157895,0.23647105263157897,0.040923684210526313,0.025901315789473682,0.06507105263157895,0.16179473684210527,0.7635960526315789,0.0746157894736842,-0.08717894736842106,76
2024-07-29,0.17777777777777778,0.36444444444444446,0.08888888888888889,0.2,0.16444444444444445,0.19555555555555557,0.12444444444444444,0.28,0.5288888888888889,0.4311111111111111,0.09777777777777778,0.5618528888888888,0.2601631111111111,0.04943511111111111,0.03034177777777778,0.098212,0.17244044444444442,0.7125382222222222,0.11502266666666666,-0.05741777777777778,225
2024-07-30,0.15384615384615385,0.3269230769230769,0.057692307692307696,0.23076923076923078,0.23076923076923078,0.23076923076923078,0.17307692307692307,0.40384615384615385,0.5384615384615384,0.38461538461538464,0.15384615384615385,0.6762076923076923,0.18577307692307693,0.03310384615384616,0.027534615384615383,0.07737115384615384,0.16520192307692308,0.7199403846153847,0.11485961538461538,-0.05034230769230769,52
2024-07-31,0.1,0.23,0.03,0.17,0.06,0.15,0.09,0.27,0.45,0.3,0.15,0.672865,0.19247599999999998,0.046452999999999994,0.024698,0.063514,0.179675,0.709627,0.110702,-0.06897299999999999,100
2024-08-01,0.3103448275862069,0.4827586206896552,0.06896551724137931,0.13793103448275862,0.27586206896551724,0.1724137931034483,0.13793103448275862,0.7586206896551724,1.4827586206896552,0.5517241379310345,0.9310344827586207,0.7388,0.16948620689655172,0.030082758620689654,0.023551724137931038,0.038086206896551726,0.12109655172413793,0.817406896551724,0.061500000000000006,-0.05959655172413793,29
2024-08-02,0.0,0.4166666666666667,0.0,0.0,0.16666666666666666,0.0,0.3333333333333333,0.25,0.4166666666666667,0.0,0.4166666666666667,0.4796916666666666,0.28124166666666667,0.04515,0.03266666666666667,0.16129166666666667,0.17337500000000003,0.6748333333333334,0.15178333333333333,-0.021591666666666662,12
2024-08-05,0.0975609756097561,0.3902439024390244,0.04878048780487805,0.24390243902439024,0.07317073170731707,0.24390243902439024,0.04878048780487805,0.21951219512195122,0.5609756097560976,0.3902439024390244,0.17073170731707318,0.651490243902439,0.2298951219512195,0.04201951219512195,0.027736585365853657,0.04886585365853658,0.21692682926829268,0.6857243902439024,0.09734146341463415,-0.11958536585365853,41
2024-08-06,0.09090909090909091,0.7272727272727273,0.09090909090909091,0.22727272727272727,0.09090909090909091,0.09090909090909091,0.13636363636363635,0.7272727272727273,1.4090909090909092,0.3181818181818182,1.0909090909090908,0.6923045454545455,0.1251090909090909,0.033522727272727273,0.06697727272727273,0.08208636363636364,0.18979545454545452,0.6216409090909091,0.18857272727272728,-0.0012227272727272744,22
2024-08-07,0.3333333333333333,0.16666666666666666,0.0,0.16666666666666666,0.0,0.0,0.0,0.08333333333333333,0.4166666666666667,0.3333333333333333,0.08333333333333333,0.5576416666666667,0.302625,0.03154166666666667,0.0231,0.08509166666666668,0.11964166666666666,0.735325,0.14505833333333332,0.025416666666666667,12
2024-08-08,0.0,0.0,0.0,0.16666666666666666,0.0,0.16666666666666666,0.0,0.05555555555555555,0.1111111111111111,0.2777777777777778,-0.16666666666666666,0.5343111111111111,0.30764444444444444,0.02952222222222222,0.023188888888888887,0.10535,0.29105555555555557,0.5485388888888889,0.1603888888888889,-0.13066666666666665,18
2024-08-09,0.21428571428571427,0.3,0.08571428571428572,0.3,0.18571428571428572,0.2857142857142857,0.17142857142857143,0.4857142857142857,0.8571428571428571,0.4142857142857143,0.44285714285714284,0.6114985714285713,0.14338285714285715,0.03602285714285714,0.041787142857142856,0.16730571428571428,0.11271285714285714,0.7631442857142857,0.1241542857142857,0.01144142857142857,70
2024-08-12,0.20161290322580644,0.2661290322580645,0.08064516129032258,0.23387096774193547,0.1774193548387097,0.20967741935483872,0.1532258064516129,0.3951612903225806,0.5806451612903226,0.3548387096774194,0.22580645161290322,0.5880475806451613,0.22913467741935484,0.04996209677419355,0.033023387096774194,0.09984032258064517,0.18268709677419356,0.7363370967741936,0.0809766129032258,-0.10171048387096775,124
2024-08-13,0.027777777777777776,0.3055555555555556,0.08333333333333333,0.1388888888888889,0.19444444444444445,0.1388888888888889,0.16666666666666666,0.3055555555555556,0.3333333333333333,0.19444444444444445,0.1388888888888889,0.6552222222222223,0.23969444444444443,0.03272777777777777,0.02863611111111111,0.04371666666666667,0.13692500000000002,0.7217388888888889,0.14133888888888888,0.0044138888888888925,36
2024-08-14,0.1111111111111111,0.2777777777777778,0.041666666666666664,0.1527777777777778,0.125,0.1527777777777778,0.05555555555555555,0.4305555555555556,0.6388888888888888,0.3194444444444444,0.3194444444444444,0.6454666666666666,0.21729027777777776,0.04000138888888889,0.02790833333333333,0.06931388888888888,0.10785972222222223,0.757126388888889,0.13501388888888888,0.027154166666666663,72
2024-08-15,0.15384615384615385,0.3384615384615385,0.046153846153846156,0.16923076923076924,0.15384615384615385,0.16923076923076924,0.18461538461538463,0.2153846153846154,0.5076923076923077,0.27692307692307694,0.23076923076923078,0.6556169230769231,0.20305076923076923,0.04169538461538461,0.038312307692307694,0.06132307692307692,0.18712923076923077,0.7218507692307692,0.09102461538461538,-0.09610461538461537,65
2024-08-16,0.11290322580645161,0.1935483870967742,0.04838709677419355,0.1774193548387097,0.06451612903225806,0.12903225806451613,0.04838709677419355,0.20967741935483872,0.9032258064516129,0.3064516129032258,0.5967741935483871,0.48010967741935484,0.3784096774193549,0.049885483870967744,0.03376612903225807,0.05782258064516129,0.2277983870967742,0.6955612903225806,0.07664193548387095,-0.15115645161290323,62
2024-08-19,0.13099041533546327,0.3226837060702875,0.09584664536741214,0.1757188498402556,0.17252396166134185,0.14057507987220447,0.09904153354632587,0.402555910543131,0.9488817891373802,0.34824281150159747,0.6006389776357828,0.6574437699680511,0.19891821086261982,0.03727955271565495,0.03409329073482428,0.07226102236421725,0.1302108626198083,0.6674929712460064,0.20229169329073485,0.07208083067092652,313
2024-08-20,0.07407407407407407,0.49074074074074076,0.05555555555555555,0.12037037037037036,0.17592592592592593,0.12962962962962962,0.21296296296296297,0.4444444444444444,0.8796296296296297,0.2222222222222222,0.6574074074074074,0.6022574074074074,0.21100925925925923,0.031218518518518517,0.06843981481481481,0.08708333333333333,0.1208074074074074,0.7265712962962964,0.15262685185185185,0.03181944444444445,108
2024-08-21,0.0958904109589041,0.3287671232876712,0.0547945205479452,0.1506849315068493,0.1232876712328767,0.1232876712328767,0.136986301369863,0.3561643835616438,0.5616438356164384,0.2328767123287671,0.3287671232876712,0.6035246575342466,0.24476986301369866,0.04362054794520548,0.025724657534246576,0.08235616438356165,0.16673698630136988,0.7548958904109588,0.07837123287671233,-0.08836575342465754,73
2024-08-22,0.14864864864864866,0.2702702702702703,0.08108108108108109,0.22972972972972974,0.25675675675675674,0.24324324324324326,0.1891891891891892,0.36486486486486486,0.7027027027027027,0.35135135135135137,0.35135135135135137,0.5876121621621622,0.2580608108108108,0.045954054054054054,0.025877027027027027,0.08249189189189189,0.17467972972972973,0.7518797297297297,0.0734445945945946,-0.10123513513513514,74
2024-08-23,0.10810810810810811,0.21621621621621623,0.10810810810810811,0.17567567567567569,0.08108108108108109,0.17567567567567569,0.06756756756756757,0.22972972972972974,0.44594594594594594,0.35135135135135137,0.0945945945945946,0.5734067567567568,0.27501486486486487,0.048604054054054054,0.029140540540540542,0.07382297297297297,0.17416216216216215,0.7720337837837837,0.053805405405405404,-0.12035675675675675,74
2024-08-26,0.12692307692307692,0.21923076923076923,0.08461538461538462,0.16923076923076924,0.13846153846153847,0.16538461538461538,0.1076923076923077,0.38461538461538464,0.6,0.35,0.25,0.6146273076923077,0.2324026923076923,0.04066653846153846,0.03092884615384615,0.0813823076923077,0.15511576923076922,0.7543,0.09058961538461538,-0.06452615384615386,260
2024-08-27,0.10526315789473684,0.19298245614035087,0.05263157894736842,0.19298245614035087,0.15789473684210525,0.19298245614035087,0.15789473684210525,0.42105263157894735,0.6140350877192983,0.3157894736842105,0.2982456140350877,0.6209333333333333,0.19972982456140354,0.05480526315789473,0.030047368421052635,0.0944701754385965,0.16773508771929824,0.7374350877192982,0.0948280701754386,-0.07290701754385966,57
2024-08-28,0.1417910447761194,0.3358208955223881,0.04477611940298507,0.13432835820895522,0.1791044776119403,0.1417910447761194,0.06716417910447761,0.4925373134328358,0.8656716417910447,0.2537313432835821,0.6119402985074627,0.692044776119403,0.14216119402985075,0.04592089552238806,0.0441365671641791,0.07572985074626866,0.1074820895522388,0.6080850746268657,0.2844305970149254,0.1769485074626866,134
2024-08-29,0.14492753623188406,0.2028985507246377,0.07246376811594203,0.13043478260869565,0.14492753623188406,0.10144927536231885,0.10144927536231885,0.3188405797101449,0.6521739130434783,0.2898550724637681,0.36231884057971014,0.6627565217391304,0.20742608695652173,0.040295652173913045,0.024423188405797103,0.0650927536231884,0.159431884057971,0.7507057971014492,0.0898608695652174,-0.06957101449275362,69
2024-08-30,0.13114754098360656,0.3114754098360656,0.06557377049180328,0.26229508196721313,0.11475409836065574,0.2459016393442623,0.18032786885245902,0.39344262295081966,0.5573770491803278,0.3442622950819672,0.21311475409836064,0.6639704918032787,0.18858032786885245,0.03647049180327869,0.03877213114754098,0.07219508196721312,0.17702131147540984,0.7656786885245902,0.05729836065573771,-0.11972295081967213,61
2024-09-03,0.17391304347826086,0.42391304347826086,0.07608695652173914,0.19927536231884058,0.18478260869565216,0.14130434782608695,0.13405797101449277,0.4673913043478261,0.8442028985507246,0.40217391304347827,0.4420289855072464,0.6794619565217391,0.16691340579710146,0.038246014492753624,0.03057608695652174,0.08480507246376812,0.12969492753623188,0.7494956521739131,0.12081195652173912,-0.008882971014492752,276
2024-09-04,0.043478260869565216,0.34782608695652173,0.07246376811594203,0.08695652173913043,0.15942028985507245,0.13043478260869565,0.057971014492753624,0.30434782608695654,0.4782608695652174,0.21739130434782608,0.2608695652173913,0.6100202898550725,0.22010579710144929,0.04072463768115942,0.039015942028985506,0.09014057971014493,0.19614637681159422,0.7280376811594202,0.07581159420289856,-0.12033478260869564,69
2024-09-05,0.15,0.45,0.03333333333333333,0.16666666666666666,0.11666666666666667,0.18333333333333332,0.13333333333333333,0.3333333333333333,0.6166666666666667,0.45,0.16666666666666666,0.6122033333333333,0.23126833333333335,0.04372666666666667,0.033361666666666664,0.07945166666666667,0.17636500000000002,0.7379549999999999,0.08568666666666667,-0.09067833333333335,60
2024-09-06,0.2054794520547945,0.5068493150684932,0.1232876712328767,0.1232876712328767,0.2465753424657534,0.1917808219178082,0.1780821917808219,0.4246575342465753,0.7397260273972602,0.4931506849315068,0.2465753424657534,0.5662136986301369,0.2261808219178082,0.06624794520547946,0.031232876712328765,0.11012602739726027,0.231927397260274,0.6972986301369863,0.07078219178082192,-0.16114520547945205,73
2024-09-09,0.12992125984251968,0.24015748031496062,0.07874015748031496,0.2125984251968504,0.14173228346456693,0.2125984251968504,0.11811023622047244,0.3228346456692913,0.5826771653543307,0.38188976377952755,0.20078740157480315,0.5813322834645669,0.26194527559055114,0.0498748031496063,0.028359055118110234,0.07848700787401575,0.15232519685039372,0.7357610236220472,0.11191062992125984,-0.04041456692913386,254
2024-09-10,0.15384615384615385,0.25,0.057692307692307696,0.1346153846153846,0.15384615384615385,0.25,0.07692307692307693,0.3269230769230769,0.6153846153846154,0.4230769230769231,0.19230769230769232,0.6875346153846155,0.1984423076923077,0.03768653846153846,0.028476923076923073,0.04786153846153846,0.11432692307692308,0.7858423076923077,0.09983846153846154,-0.014488461538461537,52
2024-09-11,0.12037037037037036,0.37037037037037035,0.09259259259259259,0.16666666666666666,0.09259259259259259,0.1574074074074074,0.1574074074074074,0.37037037037037035,0.7037037037037037,0.3148148148148148,0.3888888888888889,0.6294055555555557,0.23059166666666667,0.040387037037037034,0.033385185185185184,0.0662324074074074,0.17507314814814817,0.694987037037037,0.12994259259259258,-0.04513055555555555,108
2024-09-12,0.15,0.475,0.08333333333333333,0.21666666666666667,0.25,0.25,0.15,0.5333333333333333,0.95,0.475,0.475,0.6200941666666666,0.18058083333333333,0.030589166666666667,0.03860583333333333,0.13012666666666667,0.23568416666666667,0.6172666666666667,0.1470525,-0.08863166666666666,120
2024-09-13,0.15254237288135594,0.2711864406779661,0.11864406779661017,0.2542372881355932,0.13559322033898305,0.11864406779661017,0.1694915254237288,0.3728813559322034,0.559322033898305,0.3220338983050847,0.23728813559322035,0.5863898305084746,0.2590135593220339,0.03942542372881356,0.027708474576271187,0.08746779661016948,0.1802966101694915,0.7437338983050847,0.07596949152542372,-0.10432711864406781,59
2024-09-16,0.13333333333333333,0.28205128205128205,0.07179487179487179,0.15384615384615385,0.15897435897435896,0.14871794871794872,0.07179487179487179,0.358974358974359,0.5333333333333333,0.3384615384615385,0.19487179487179487,0.5829851282051283,0.25509589743589745,0.03988666666666667,0.03057230769230769,0.09145692307692307,0.1759671794871795,0.7042471794871795,0.11979076923076924,-0.05617641025641026,195
2024-09-17,0.1276595744680851,0.425531914893617,0.1276595744680851,0.14893617021276595,0.2553191489361702,0.14893617021276595,0.2553191489361702,0.6170212765957447,0.851063829787234,0.2978723404255319,0.5531914893617021,0.5779851063829787,0.22415957446808513,0.07271063829787233,0.037008510638297874,0.0881404255319149,0.20444893617021276,0.6893319148936171,0.10621489361702127,-0.09823404255319149,47
2024-09-18,0.09090909090909091,0.25,0.09090909090909091,0.11363636363636363,0.18181818181818182,0.11363636363636363,0.1590909090909091,0.36363636363636365,0.4772727272727273,0.18181818181818182,0.29545454545454547,0.6384613636363636,0.13904318181818182,0.06603636363636364,0.05375454545454545,0.1027159090909091,0.11772954545454546,0.7879181818181817,0.09436363636363637,-0.023365909090909097,44
2024-09-19,0.046511627906976744,0.3953488372093023,0.046511627906976744,0.23255813953488372,0.2558139534883721,0.18604651162790697,0.16279069767441862,0.6976744186046512,0.9767441860465116,0.27906976744186046,0.6976744186046512,0.6454186046511627,0.16608372093023258,0.023846511627906977,0.06547441860465116,0.09918139534883721,0.1131860465116279,0.6935348837209302,0.1932767441860465,0.08009069767441859,43
2024-09-20,0.1,0.125,0.075,0.15,0.05,0.075,0.075,0.175,0.5,0.125,0.375,0.62844,0.19535249999999998,0.0284875,0.0324,0.11530750000000001,0.1205125,0.8191475,0.060355000000000006,-0.060157499999999996,40
2024-09-23,0.061224489795918366,0.19387755102040816,0.07142857142857142,0.14285714285714285,0.12244897959183673,0.1326530612244898,0.11224489795918367,0.2755102040816326,0.3673469387755102,0.29591836734693877,0.07142857142857142,0.6633714285714286,0.19048061224489798,0.04209081632653061,0.028490816326530614,0.07556938775510204,0.12530714285714287,0.7872275510204082,0.08747142857142857,-0.037835714285714285,98
2024-09-24,0.5555555555555556,0.4444444444444444,0.3333333333333333,0.6666666666666666,0.2222222222222222,0.2777777777777778,0.3888888888888889,0.4444444444444444,0.8888888888888888,1.0,-0.1111111111111111,0.7434999999999999,0.06560555555555556,0.0224,0.05065,0.1178388888888889,0.03823888888888889,0.6648000000000001,0.2969555555555556,0.2587166666666667,18
2024-09-25,0.16666666666666666,0.36666666666666664,0.03333333333333333,0.06666666666666667,0.13333333333333333,0.1,0.1,0.36666666666666664,0.6333333333333333,0.26666666666666666,0.36666666666666664,0.6821633333333333,0.1482,0.044379999999999996,0.03249666666666667,0.09275333333333333,0.08534333333333333,0.7652166666666667,0.14943333333333333,0.06409,30
2024-09-26,0.12121212121212122,0.30303030303030304,0.030303030303030304,0.06060606060606061,0.06060606060606061,0.15151515151515152,0.09090909090909091,0.21212121212121213,0.6363636363636364,0.21212121212121213,0.42424242424242425,0.7366181818181818,0.12016666666666667,0.029836363636363633,0.03620606060606061,0.07716969696969697,0.16544848484848484,0.7193939393939394,0.11515757575757576,-0.05029090909090909,33
2024-09-27,0.06382978723404255,0.2978723404255319,0.10638297872340426,0.10638297872340426,0.1276595744680851,0.1276595744680851,0.14893617021276595,0.40425531914893614,0.7659574468085106,0.23404255319148937,0.5319148936170213,0.6517106382978723,0.19865531914893617,0.03671914893617021,0.02516808510638298,0.08776170212765959,0.11283617021276596,0.761,0.12617659574468085,0.013340425531914895,47
2024-09-30,0.09917355371900827,0.2231404958677686,0.024793388429752067,0.09917355371900827,0.1487603305785124,0.10743801652892562,0.09090909090909091,0.23140495867768596,0.4628099173553719,0.256198347107438,0.2066115702479339,0.6080280991735537,0.21898595041322313,0.04083471074380165,0.032143801652892566,0.09999917355371901,0.09281239669421487,0.8041099173553719,0.10307272727272727,0.010260330578512398,121
2024-10-01,0.19230769230769232,0.5961538461538461,0.07692307692307693,0.11538461538461539,0.17307692307692307,0.09615384615384616,0.11538461538461539,0.6153846153846154,1.0961538461538463,0.4230769230769231,0.6730769230769231,0.8022423076923076,0.07271153846153847,0.0245,0.05122692307692308,0.049326923076923074,0.12475961538461539,0.7769557692307691,0.09829230769230769,-0.026467307692307693,52
2024-10-02,0.0,0.0,0.0,0.0,0.0,0.0,0.0,0.0,0.0,0.0,0.0,0.9081,0.0186,0.0204,0.0272,0.0257,0.0124,0.8715,0.1162,0.1038,1
2024-10-03,0.0,0.5,0.0,0.0,0.0,0.0,0.0,0.0,0.0,0.0,0.0,0.87275,0.026750000000000003,0.01875,0.038650000000000004,0.0431,0.016649999999999998,0.91325,0.0701,0.053450000000000004,2
2024-10-04,0.15,0.5,0.05,0.25,0.2,0.3,0.2,0.45,0.9,0.4,0.5,0.67797,0.175215,0.054764999999999994,0.0439,0.04814,0.182355,0.71565,0.10200000000000001,-0.080355,20
2024-10-07,0.1956521739130435,0.5217391304347826,0.043478260869565216,0.15217391304347827,0.1956521739130435,0.15217391304347827,0.13043478260869565,0.4782608695652174,0.8695652173913043,0.41304347826086957,0.45652173913043476,0.6617673913043478,0.19545,0.025017391304347828,0.02571521739130435,0.09204130434782609,0.12602826086956523,0.7822673913043477,0.09171086956521739,-0.03431739130434782,46
2024-10-08,0.19753086419753085,0.345679012345679,0.07407407407407407,0.2345679012345679,0.08641975308641975,0.2222222222222222,0.08641975308641975,0.30864197530864196,0.6419753086419753,0.4691358024691358,0.1728395061728395,0.6282283950617283,0.20291234567901234,0.04064567901234568,0.04073456790123457,0.08747283950617284,0.1813,0.6879543209876543,0.13075061728395063,-0.05054938271604938,81
2024-10-09,0.21428571428571427,0.5119047619047619,0.05952380952380952,0.13095238095238096,0.21428571428571427,0.19047619047619047,0.08333333333333333,0.4166666666666667,0.6785714285714286,0.47619047619047616,0.20238095238095238,0.6003035714285714,0.25855595238095236,0.041773809523809526,0.028645238095238095,0.07071785714285714,0.20046785714285717,0.7119428571428571,0.08759880952380952,-0.11286904761904762,84
2024-10-10,0.0625,0.1875,0.0625,0.25,0.0625,0.125,0.09375,0.3125,0.5,0.28125,0.21875,0.6147875,0.226834375,0.054331250000000005,0.041109375000000004,0.062934375,0.148921875,0.774003125,0.077071875,-0.07185,32
2024-10-11,0.1506849315068493,0.3013698630136986,0.0547945205479452,0.1506849315068493,0.1780821917808219,0.1232876712328767,0.0958904109589041,0.3287671232876712,0.589041095890411,0.273972602739726,0.3150684931506849,0.5566328767123288,0.2063,0.0648986301369863,0.052913698630136986,0.11925205479452056,0.09845890410958905,0.8078561643835617,0.09367808219178082,-0.004780821917808223,73
2024-10-14,0.10138248847926268,0.2764976958525346,0.06451612903225806,0.17511520737327188,0.19815668202764977,0.1152073732718894,0.10138248847926268,0.28110599078341014,0.6405529953917051,0.3087557603686636,0.3317972350230415,0.599378801843318,0.21168110599078344,0.05331612903225806,0.03259170506912443,0.10302488479262673,0.14911658986175116,0.7592912442396313,0.09159124423963133,-0.05752534562211982,217
2024-10-15,0.11764705882352941,0.35294117647058826,0.0392156862745098,0.13725490196078433,0.11764705882352941,0.1568627450980392,0.0392156862745098,0.49019607843137253,0.7254901960784313,0.35294117647058826,0.37254901960784315,0.5986156862745098,0.23097450980392156,0.03312549019607843,0.027966666666666664,0.10932941176470588,0.1648666666666667,0.7063470588235293,0.12879411764705884,-0.036072549019607845,51
2024-10-16,0.0875,0.2125,0.0375,0.1125,0.15,0.125,0.0875,0.45,0.725,0.2875,0.4375,0.5842775,0.209315,0.0772825,0.0358025,0.09332125,0.13212625,0.75661,0.11126,-0.020866249999999996,80
2024-10-17,0.0963855421686747,0.26506024096385544,0.12048192771084337,0.18072289156626506,0.08433734939759036,0.25301204819277107,0.0963855421686747,0.2289156626506024,0.42168674698795183,0.37349397590361444,0.04819277108433735,0.6051228915662651,0.20719518072289156,0.04283975903614458,0.05346144578313253,0.09137710843373494,0.12204939759036146,0.756366265060241,0.12157710843373494,-0.00047228915662650466,83
2024-10-18,0.1625,0.35,0.0375,0.225,0.2,0.2875,0.0625,0.45,0.55,0.4125,0.1375,0.55031875,0.29393625,0.044005,0.029855,0.081885,0.188305,0.7012912499999999,0.11040874999999999,-0.07789625,80
2024-10-21,0.15384615384615385,0.3076923076923077,0.035897435897435895,0.17435897435897435,0.12307692307692308,0.15384615384615385,0.09743589743589744,0.3333333333333333,0.5025641025641026,0.29743589743589743,0.20512820512820512,0.594203076923077,0.2338302564102564,0.04812051282051282,0.0354876923076923,0.08835794871794872,0.15294102564102563,0.7421646153846154,0.10489179487179488,-0.04804923076923077,195
2024-10-22,0.05813953488372093,0.3488372093023256,0.06976744186046512,0.12790697674418605,0.12790697674418605,0.08139534883720931,0.09302325581395349,0.3488372093023256,0.6046511627906976,0.18604651162790697,0.4186046511627907,0.6551906976744186,0.15744418604651164,0.029701162790697674,0.04120232558139535,0.11645697674418605,0.11649767441860466,0.7537825581395349,0.12972441860465117,0.013226744186046507,86
2024-10-23,0.08955223880597014,0.2537313432835821,0.05970149253731343,0.1044776119402985,0.1044776119402985,0.1791044776119403,0.08955223880597014,0.34328358208955223,0.417910447761194,0.29850746268656714,0.11940298507462686,0.6106492537313433,0.2337955223880597,0.034050746268656715,0.030846268656716417,0.09065820895522388,0.1877268656716418,0.7234313432835822,0.0888492537313433,-0.0988776119402985,67
2024-10-24,0.12698412698412698,0.3333333333333333,0.047619047619047616,0.2222222222222222,0.19047619047619047,0.14285714285714285,0.1111111111111111,0.6031746031746031,0.9523809523809523,0.30158730158730157,0.6507936507936508,0.6141380952380953,0.24249047619047617,0.03774126984126984,0.0373015873015873,0.06833174603174604,0.18081111111111112,0.702247619047619,0.11695238095238095,-0.06385873015873017,63
2024-10-25,0.2127659574468085,0.2553191489361702,0.1276595744680851,0.19148936170212766,0.1276595744680851,0.19148936170212766,0.1276595744680851,0.3404255319148936,0.5319148936170213,0.40425531914893614,0.1276595744680851,0.5705085106382979,0.26194468085106387,0.05530425531914893,0.046010638297872344,0.06623829787234042,0.12791702127659574,0.802031914893617,0.07005744680851064,-0.0578595744680851,47
2024-10-28,0.1336405529953917,0.35944700460829493,0.055299539170506916,0.15207373271889402,0.10599078341013825,0.17972350230414746,0.11981566820276497,0.34101382488479265,0.5253456221198156,0.35023041474654376,0.17511520737327188,0.6110539170506912,0.2094658986175115,0.050705990783410135,0.03763410138248848,0.09114239631336404,0.18128663594470046,0.70063732718894,0.11807373271889401,-0.06321290322580646,217
2024-10-29,0.10869565217391304,0.43478260869565216,0.021739130434782608,0.17391304347826086,0.08695652173913043,0.1956521739130435,0.13043478260869565,0.2826086956521739,0.5,0.32608695652173914,0.17391304347826086,0.6606500000000001,0.18108695652173915,0.04045652173913043,0.03417826086956522,0.08361739130434782,0.15654782608695653,0.7103586956521738,0.13310652173913046,-0.023441304347826087,46
2024-10-30,0.07575757575757576,0.19696969696969696,0.06060606060606061,0.10606060606060606,0.07575757575757576,0.09090909090909091,0.045454545454545456,0.45454545454545453,0.4393939393939394,0.3484848484848485,0.09090909090909091,0.5412166666666667,0.2694757575757576,0.055854545454545455,0.039872727272727275,0.09358333333333334,0.20092727272727273,0.7332242424242424,0.06584545454545454,-0.1350818181818182,66
2024-10-31,0.18309859154929578,0.28169014084507044,0.08450704225352113,0.09859154929577464,0.1267605633802817,0.11267605633802817,0.14084507042253522,0.4084507042253521,0.5211267605633803,0.2676056338028169,0.2535211267605634,0.5353154929577464,0.28959718309859156,0.04849436619718309,0.03214647887323944,0.09445070422535212,0.12954366197183098,0.7812943661971831,0.08915915492957747,-0.04038450704225352,71
2024-11-01,0.40625,0.375,0.0625,0.09375,0.15625,0.15625,0.03125,0.59375,1.21875,0.59375,0.625,0.86140625,0.061515625000000004,0.02185,0.0251,0.03014375,0.095828125,0.84255,0.061628125,-0.0342,32
2024-11-04,0.5166666666666667,0.65,0.05,0.05,0.11666666666666667,0.16666666666666666,0.1,0.35,0.7166666666666667,0.7666666666666667,-0.05,0.6193816666666667,0.23562666666666668,0.04691166666666667,0.022848333333333335,0.07522833333333333,0.08029,0.8099933333333333,0.10971666666666667,0.029426666666666667,60
2024-11-05,0.1,0.25,0.05,0.1,0.05,0.15,0.0,0.2,0.5,0.35,0.15,0.71147,0.07009499999999999,0.022,0.086655,0.109775,0.045079999999999995,0.8361599999999999,0.11877499999999999,0.073695,20
2024-11-06,0.4411764705882353,0.7058823529411765,0.058823529411764705,0.20588235294117646,0.17647058823529413,0.17647058823529413,0.20588235294117646,0.5,1.0,0.6764705882352942,0.3235294117647059,0.6655323529411765,0.18802058823529413,0.028905882352941177,0.03985294117647059,0.07767058823529412,0.05518823529411765,0.8412941176470587,0.10352941176470588,0.048341176470588235,34
2024-11-07,0.16666666666666666,0.4166666666666667,0.0,0.08333333333333333,0.0,0.0,0.08333333333333333,0.08333333333333333,0.5,0.25,0.25,0.6692,0.178575,0.024708333333333332,0.07527500000000001,0.052241666666666665,0.034475,0.8604166666666666,0.10510833333333332,0.07063333333333334,12
2024-11-08,0.05555555555555555,0.16666666666666666,0.05555555555555555,0.1111111111111111,0.1111111111111111,0.16666666666666666,0.16666666666666666,0.6666666666666666,0.4444444444444444,0.2222222222222222,0.2222222222222222,0.5851333333333333,0.2114388888888889,0.0696,0.04140555555555556,0.09242777777777778,0.2545777777777778,0.6331055555555555,0.11231666666666668,-0.1422611111111111,18
2024-11-11,0.17142857142857143,0.2857142857142857,0.06666666666666667,0.2761904761904762,0.0761904761904762,0.3619047619047619,0.1523809523809524,0.3619047619047619,0.5238095238095238,0.5238095238095238,0.0,0.6210428571428572,0.2394752380952381,0.057295238095238094,0.02690761904761905,0.05527809523809524,0.20627904761904764,0.6995780952380953,0.09414571428571429,-0.11213333333333332,105
2024-11-12,0.07317073170731707,0.4268292682926829,0.04878048780487805,0.15853658536585366,0.13414634146341464,0.0975609756097561,0.10975609756097561,0.5121951219512195,0.8170731707317073,0.25609756097560976,0.5609756097560976,0.6133158536585366,0.1667719512195122,0.038446341463414635,0.061878048780487804,0.11958292682926829,0.12228536585365854,0.7630902439024391,0.11462317073170733,-0.007662195121951219,82
2024-11-13,0.17391304347826086,0.43478260869565216,0.10869565217391304,0.10869565217391304,0.10869565217391304,0.1956521739130435,0.10869565217391304,0.30434782608695654,0.7608695652173914,0.4782608695652174,0.2826086956521739,0.4991173913043478,0.3010869565217391,0.07441086956521739,0.03381739130434782,0.09155869565217391,0.18510434782608695,0.6330108695652175,0.18188260869565218,-0.0032217391304347836,46
2024-11-14,0.1,0.3,0.05555555555555555,0.13333333333333333,0.13333333333333333,0.1111111111111111,0.12222222222222222,0.2777777777777778,0.4888888888888889,0.23333333333333334,0.25555555555555554,0.5892655555555556,0.24997555555555556,0.051325555555555555,0.04122222222222222,0.06820555555555555,0.15131111111111112,0.7436622222222221,0.1050311111111111,-0.046279999999999995,90
2024-11-15,0.16666666666666666,0.2833333333333333,0.03333333333333333,0.21666666666666667,0.11666666666666667,0.18333333333333332,0.06666666666666667,0.36666666666666664,0.5166666666666667,0.5333333333333333,-0.016666666666666666,0.6362116666666666,0.22336,0.04566,0.027966666666666664,0.06680166666666666,0.18437666666666666,0.6990149999999999,0.116605,-0.06777166666666666,60
2024-11-18,0.12857142857142856,0.29285714285714287,0.060714285714285714,0.16428571428571428,0.11071428571428571,0.15,0.060714285714285714,0.3357142857142857,0.49642857142857144,0.32857142857142857,0.16785714285714284,0.6047910714285715,0.2363582142857143,0.048255,0.030049642857142858,0.08054821428571428,0.15066321428571428,0.742795,0.10653750000000001,-0.04412571428571429,280
2024-11-19,0.10655737704918032,0.26229508196721313,0.07377049180327869,0.20491803278688525,0.11475409836065574,0.1721311475409836,0.06557377049180328,0.3360655737704918,0.8688524590163934,0.3524590163934426,0.5163934426229508,0.6104704918032787,0.2343655737704918,0.05462622950819672,0.0303327868852459,0.07020409836065573,0.1313950819672131,0.7554975409836066,0.11311229508196721,-0.018282786885245903,122
2024-11-20,0.1,0.3,0.08,0.15333333333333332,0.11333333333333333,0.18,0.10666666666666667,0.31333333333333335,0.76,0.28,0.48,0.647114,0.17687066666666668,0.047244,0.051828,0.076946,0.09647533333333333,0.6222453333333333,0.2812793333333333,0.184804,150
2024-11-21,0.17647058823529413,0.2647058823529412,0.08823529411764706,0.18627450980392157,0.10784313725490197,0.23529411764705882,0.12745098039215685,0.24509803921568626,0.5294117647058824,0.38235294117647056,0.14705882352941177,0.5945205882352941,0.21186372549019608,0.056069607843137255,0.040088235294117654,0.09745588235294118,0.15355588235294118,0.7600480392156863,0.08639411764705883,-0.06716176470588235,102
2024-11-22,0.0963855421686747,0.25301204819277107,0.10843373493975904,0.27710843373493976,0.060240963855421686,0.26506024096385544,0.0963855421686747,0.3373493975903614,0.5301204819277109,0.3614457831325301,0.1686746987951807,0.5242710843373494,0.2614963855421687,0.050956626506024096,0.05367590361445783,0.10959518072289155,0.16167469879518073,0.7222746987951807,0.11604939759036144,-0.04562530120481928,83
2024-11-25,0.10909090909090909,0.32,0.05454545454545454,0.13090909090909092,0.15636363636363637,0.11272727272727273,0.13090909090909092,0.3709090909090909,0.6545454545454545,0.33090909090909093,0.3236363636363636,0.556729090909091,0.23172545454545454,0.04893818181818182,0.04222727272727273,0.12037890909090909,0.142264,0.7613061818181818,0.096428,-0.045835999999999995,275
2024-11-26,0.1794871794871795,0.41025641025641024,0.0641025641025641,0.2564102564102564,0.358974358974359,0.16666666666666666,0.21794871794871795,0.5384615384615384,0.8589743589743589,0.46153846153846156,0.3974358974358974,0.6098141025641025,0.1833807692307692,0.041885897435897435,0.060658974358974355,0.10427692307692307,0.09902179487179487,0.7615641025641026,0.1394153846153846,0.040393589743589746,78
2024-11-27,0.1839080459770115,0.3218390804597701,0.05747126436781609,0.1839080459770115,0.11494252873563218,0.1839080459770115,0.04597701149425287,0.5287356321839081,0.735632183908046,0.39080459770114945,0.3448275862068966,0.6472574712643678,0.19819310344827584,0.040432183908045975,0.034719540229885056,0.0793919540229885,0.10306666666666665,0.8059632183908045,0.09097241379310345,-0.012094252873563223,87
2024-11-29,0.19642857142857142,0.35714285714285715,0.05357142857142857,0.16964285714285715,0.15178571428571427,0.20535714285714285,0.08928571428571429,0.33035714285714285,0.5178571428571429,0.39285714285714285,0.125,0.5827928571428572,0.24482500000000001,0.050754464285714285,0.02919642857142857,0.09243214285714285,0.12456607142857143,0.7628901785714286,0.11254375000000001,-0.012022321428571433,112
2024-12-02,0.183206106870229,0.3511450381679389,0.07633587786259542,0.20610687022900764,0.13740458015267176,0.16793893129770993,0.12213740458015267,0.3893129770992366,0.8396946564885496,0.366412213740458,0.4732824427480916,0.6186961832061069,0.18648625954198472,0.039258015267175574,0.0394618320610687,0.11610076335877861,0.13595648854961834,0.7420251908396946,0.1220206106870229,-0.01393587786259542,131
2024-12-03,0.4,0.5333333333333333,0.13333333333333333,0.13333333333333333,0.13333333333333333,0.06666666666666667,0.2,0.26666666666666666,0.7333333333333333,0.6,0.13333333333333333,0.6766066666666667,0.19527999999999998,0.041113333333333335,0.030493333333333334,0.05654,0.17488666666666666,0.77806,0.04706,-0.12782666666666664,15
2024-12-04,0.25,0.5,0.25,0.0625,0.125,0.125,0.125,0.5625,0.875,0.5,0.375,0.550375,0.25103125,0.04140625,0.02415,0.1330375,0.223,0.649125,0.12786875,-0.09513125,16
2024-12-05,0.24242424242424243,0.6363636363636364,0.2727272727272727,0.3939393939393939,0.15151515151515152,0.3333333333333333,0.18181818181818182,0.5454545454545454,1.0606060606060606,0.5757575757575758,0.48484848484848486,0.6093515151515151,0.18073333333333333,0.048012121212121214,0.061481818181818186,0.10041515151515151,0.1935181818181818,0.6928727272727272,0.11360909090909091,-0.0799090909090909,33
2024-12-06,0.14285714285714285,0.42857142857142855,0.0,0.0,0.14285714285714285,0.0,0.14285714285714285,0.42857142857142855,0.42857142857142855,0.14285714285714285,0.2857142857142857,0.7547428571428572,0.13605714285714285,0.03878571428571429,0.0212,0.049185714285714284,0.10784285714285714,0.7871571428571429,0.10502857142857143,-0.0028142857142857136,7
2024-12-09,0.22857142857142856,0.2571428571428571,0.014285714285714285,0.22857142857142856,0.18571428571428572,0.18571428571428572,0.07142857142857142,0.4142857142857143,0.8142857142857143,0.4,0.4142857142857143,0.6491685714285714,0.2386185714285714,0.03309857142857143,0.02877285714285714,0.050325714285714286,0.13660999999999998,0.78376,0.07962285714285715,-0.056987142857142854,70
2024-12-10,0.13043478260869565,0.6086956521739131,0.17391304347826086,0.08695652173913043,0.30434782608695654,0.17391304347826086,0.30434782608695654,0.6086956521739131,1.3043478260869565,0.30434782608695654,1.0,0.6901695652173913,0.17064347826086956,0.02463478260869565,0.03315652173913044,0.08139565217391305,0.10761739130434783,0.7231826086956521,0.1691913043478261,0.06157391304347826,23
2024-12-11,0.2978723404255319,0.425531914893617,0.14893617021276595,0.3191489361702128,0.1702127659574468,0.2765957446808511,0.3404255319148936,0.2978723404255319,0.574468085106383,0.6595744680851063,-0.0851063829787234,0.6120361702127659,0.23795106382978723,0.06661914893617021,0.025521276595744682,0.05787234042553192,0.22777446808510637,0.7032829787234042,0.06895531914893617,-0.15881914893617022,47
2024-12-12,0.10204081632653061,0.30612244897959184,0.04081632653061224,0.10204081632653061,0.08163265306122448,0.12244897959183673,0.04081632653061224,0.6938775510204082,0.6938775510204082,0.3877551020408163,0.30612244897959184,0.5137795918367347,0.34212448979591836,0.04076938775510204,0.026112244897959186,0.07721632653061224,0.21296326530612245,0.7094551020408163,0.07758775510204081,-0.13537551020408164,49
2024-12-13,0.1267605633802817,0.28169014084507044,0.09859154929577464,0.16901408450704225,0.14084507042253522,0.14084507042253522,0.09859154929577464,0.39436619718309857,0.5774647887323944,0.28169014084507044,0.29577464788732394,0.5517577464788732,0.2613957746478873,0.03437605633802817,0.03441267605633803,0.11806760563380281,0.16573098591549296,0.6746197183098591,0.15964788732394364,-0.006083098591549299,71
2024-12-16,0.11219512195121951,0.24878048780487805,0.05365853658536585,0.13658536585365855,0.09268292682926829,0.15121951219512195,0.07804878048780488,0.34146341463414637,0.5414634146341464,0.3024390243902439,0.23902439024390243,0.6567712195121952,0.18760975609756098,0.04679463414634146,0.028630731707317073,0.08019268292682927,0.17247073170731705,0.7272765853658537,0.10025170731707317,-0.0722190243902439,205
2024-12-17,0.1111111111111111,0.16161616161616163,0.04040404040404041,0.1717171717171717,0.13131313131313133,0.18181818181818182,0.12121212121212122,0.31313131313131315,0.5656565656565656,0.30303030303030304,0.26262626262626265,0.6384515151515151,0.17670808080808081,0.037969696969696966,0.05536969696969697,0.09150808080808082,0.14884848484848487,0.6791474747474748,0.1720121212121212,0.023163636363636365,99
2024-12-18,0.11538461538461539,0.3717948717948718,0.038461538461538464,0.15384615384615385,0.11538461538461539,0.11538461538461539,0.1282051282051282,0.358974358974359,0.3974358974358974,0.24358974358974358,0.15384615384615385,0.6337038461538461,0.1787076923076923,0.04667948717948718,0.04166794871794872,0.0992448717948718,0.1332474358974359,0.7678038461538461,0.09893846153846154,-0.034308974358974356,78
2024-12-19,0.14473684210526316,0.27631578947368424,0.05263157894736842,0.21052631578947367,0.13157894736842105,0.21052631578947367,0.11842105263157894,0.4342105263157895,0.618421052631579,0.3157894736842105,0.3026315789473684,0.47196710526315794,0.35009210526315787,0.08303552631578948,0.02776578947368421,0.06713552631578946,0.2293907894736842,0.6905855263157894,0.0800407894736842,-0.14935,76
2024-12-20,0.034482758620689655,0.2413793103448276,0.034482758620689655,0.08620689655172414,0.1206896551724138,0.05172413793103448,0.05172413793103448,0.22413793103448276,0.5862068965517241,0.20689655172413793,0.3793103448275862,0.6299551724137931,0.1823293103448276,0.029251724137931038,0.061439655172413794,0.09702758620689655,0.09365689655172414,0.7763172413793104,0.13002586206896552,0.03636896551724138,58
2024-12-23,0.12605042016806722,0.27310924369747897,0.08403361344537816,0.18907563025210083,0.1092436974789916,0.21008403361344538,0.07563025210084033,0.29411764705882354,0.592436974789916,0.39915966386554624,0.19327731092436976,0.5864621848739496,0.24619327731092439,0.05624747899159664,0.030273529411764706,0.08082226890756303,0.17209957983193278,0.7480710084033613,0.07982521008403362,-0.09227436974789917,238
2024-12-24,0.13636363636363635,0.22727272727272727,0.030303030303030304,0.16666666666666666,0.07575757575757576,0.15151515151515152,0.10606060606060606,0.21212121212121213,0.4393939393939394,0.3333333333333333,0.10606060606060606,0.6184257575757576,0.21461060606060609,0.03480757575757576,0.03323181818181818,0.09893030303030304,0.0937030303030303,0.8253378787878788,0.08096363636363636,-0.012739393939393936,66
2024-12-26,0.12030075187969924,0.3007518796992481,0.06015037593984962,0.18796992481203006,0.09774436090225563,0.18045112781954886,0.09022556390977443,0.3383458646616541,0.5939849624060151,0.2781954887218045,0.3157894736842105,0.5965932330827068,0.25204962406015036,0.05226466165413534,0.029057894736842105,0.07003684210526316,0.13866766917293233,0.7650120300751879,0.09631954887218044,-0.04234812030075188,133
2024-12-27,0.15384615384615385,0.3418803418803419,0.09401709401709402,0.1623931623931624,0.11965811965811966,0.23076923076923078,0.11965811965811966,0.46153846153846156,0.6153846153846154,0.42735042735042733,0.18803418803418803,0.6017521367521368,0.21924444444444444,0.05682307692307692,0.028521367521367524,0.09366495726495727,0.1685897435897436,0.7413094017094016,0.09010854700854701,-0.07848119658119658,117
2024-12-30,0.10416666666666667,0.3125,0.07916666666666666,0.20416666666666666,0.14166666666666666,0.15833333333333333,0.09166666666666666,0.3458333333333333,0.5375,0.2625,0.275,0.6377166666666666,0.20485583333333332,0.037024999999999995,0.031834999999999995,0.08856916666666666,0.15250541666666667,0.75818625,0.08930333333333333,-0.06320208333333334,240
2024-12-31,0.13924050632911392,0.3037974683544304,0.05063291139240506,0.17721518987341772,0.0759493670886076,0.12658227848101267,0.08860759493670886,0.4430379746835443,0.6329113924050633,0.35443037974683544,0.27848101265822783,0.6453544303797468,0.16724683544303798,0.04259620253164557,0.03477594936708861,0.11003291139240506,0.13474303797468354,0.754440506329114,0.11081265822784811,-0.023930379746835442,79
2025-01-02,0.2391304347826087,0.43478260869565216,0.06521739130434782,0.10869565217391304,0.15217391304347827,0.17391304347826086,0.043478260869565216,0.6521739130434783,1.1521739130434783,0.4782608695652174,0.6739130434782609,0.7412739130434782,0.12926304347826087,0.047784782608695654,0.024563043478260868,0.05712391304347826,0.10270217391304348,0.7979173913043478,0.09938260869565217,-0.0033195652173913055,46
2025-01-03,0.375,0.5,0.0625,0.0625,0.0625,0.125,0.0625,0.1875,0.5,0.5625,-0.0625,0.63325,0.26129375,0.0385875,0.02163125,0.045262500000000004,0.15950625,0.76681875,0.07369375,-0.0858125,16
2025-01-06,0.1896551724137931,0.29310344827586204,0.034482758620689655,0.1896551724137931,0.2413793103448276,0.1724137931034483,0.1206896551724138,0.43103448275862066,0.7068965517241379,0.3448275862068966,0.3620689655172414,0.612548275862069,0.22082931034482758,0.0341448275862069,0.03211379310344828,0.10037068965517242,0.13148448275862068,0.7614,0.10711724137931034,-0.02436724137931035,58
2025-01-07,0.16326530612244897,0.20408163265306123,0.08163265306122448,0.1836734693877551,0.10204081632653061,0.16326530612244897,0.061224489795918366,0.42857142857142855,0.6530612244897959,0.40816326530612246,0.24489795918367346,0.5650163265306123,0.23177959183673472,0.053120408163265305,0.0367734693877551,0.11330612244897958,0.13205102040816327,0.7022387755102041,0.1657061224489796,0.03365510204081633,49
2025-01-08,0.28205128205128205,0.41025641025641024,0.1282051282051282,0.2564102564102564,0.1282051282051282,0.23076923076923078,0.07692307692307693,0.46153846153846156,0.7692307692307693,0.6153846153846154,0.15384615384615385,0.525,0.3141333333333334,0.030123076923076926,0.04065128205128205,0.09011025641025641,0.1822794871794872,0.6644076923076923,0.1533179487179487,-0.028961538461538466,39
2025-01-10,0.13513513513513514,0.35135135135135137,0.04054054054054054,0.05405405405405406,0.20270270270270271,0.13513513513513514,0.12162162162162163,0.5540540540540541,0.9864864864864865,0.28378378378378377,0.7027027027027027,0.6781027027027027,0.1725162162162162,0.02950945945945946,0.03720540540540541,0.08267162162162163,0.05953243243243243,0.7572932432432433,0.18315945945945947,0.12362702702702703,74
2025-01-13,0.20512820512820512,0.38461538461538464,0.1282051282051282,0.20512820512820512,0.20512820512820512,0.15384615384615385,0.05128205128205128,0.358974358974359,0.7948717948717948,0.4358974358974359,0.358974358974359,0.6325794871794872,0.16583333333333333,0.059715384615384615,0.03457948717948718,0.10729743589743589,0.12115897435897437,0.7381051282051282,0.14073589743589743,0.01957692307692308,39
2025-01-14,0.24,0.32,0.16,0.28,0.44,0.28,0.12,0.96,1.08,0.52,0.56,0.314076,0.413256,0.08327999999999999,0.050764000000000004,0.138612,0.216416,0.6293120000000001,0.154264,-0.06215199999999999,25
2025-01-15,0.2,0.4666666666666667,0.16666666666666666,0.26666666666666666,0.13333333333333333,0.1,0.13333333333333333,0.5666666666666667,1.3666666666666667,0.6666666666666666,0.7,0.69009,0.10490000000000001,0.03387,0.03463,0.13648999999999997,0.17401333333333333,0.6048133333333333,0.22117666666666666,0.04716333333333332,30
2025-01-16,0.0,0.13333333333333333,0.06666666666666667,0.06666666666666667,0.0,0.06666666666666667,0.13333333333333333,0.13333333333333333,0.4666666666666667,0.0,0.4666666666666667,0.51112,0.3625933333333334,0.04944666666666666,0.0214,0.055433333333333334,0.14921333333333334,0.7552666666666668,0.09553333333333333,-0.05368000000000001,15
2025-01-17,0.13186813186813187,0.18681318681318682,0.06593406593406594,0.16483516483516483,0.12087912087912088,0.1978021978021978,0.04395604395604396,0.37362637362637363,0.5054945054945055,0.32967032967032966,0.17582417582417584,0.5399648351648352,0.3042967032967033,0.0506021978021978,0.03383736263736264,0.0712978021978022,0.13033736263736262,0.7499835164835164,0.11968791208791209,-0.01064945054945055,91
2025-01-21,0.16216216216216217,0.4092664092664093,0.07722007722007722,0.16988416988416988,0.16988416988416988,0.18532818532818532,0.15057915057915058,0.3861003861003861,0.6061776061776062,0.37065637065637064,0.23552123552123552,0.5613297297297297,0.2546189189189189,0.05542007722007722,0.031047104247104246,0.09758339768339769,0.1471042471042471,0.7433640926640926,0.10953397683397684,-0.037570270270270274,259
2025-01-22,0.09090909090909091,0.36363636363636365,0.030303030303030304,0.09090909090909091,0.06060606060606061,0.09090909090909091,0.030303030303030304,0.21212121212121213,0.48484848484848486,0.3939393939393939,0.09090909090909091,0.626890909090909,0.2223,0.05766969696969697,0.027793939393939395,0.06534242424242424,0.11352424242424243,0.8150454545454545,0.07143333333333333,-0.04209090909090909,33
2025-01-23,0.14084507042253522,0.6126760563380281,0.1056338028169014,0.2323943661971831,0.29577464788732394,0.14788732394366197,0.13380281690140844,0.6126760563380281,1.1690140845070423,0.3380281690140845,0.8309859154929577,0.5412359154929578,0.22739647887323944,0.041749999999999995,0.06014507042253521,0.12947816901408452,0.08444788732394366,0.5682816901408451,0.3472718309859155,0.2628239436619718,142
2025-01-24,0.19607843137254902,0.4215686274509804,0.029411764705882353,0.12745098039215685,0.17647058823529413,0.1568627450980392,0.09803921568627451,0.4215686274509804,0.6666666666666666,0.3431372549019608,0.3235294117647059,0.5515411764705882,0.28182843137254904,0.029999019607843135,0.027726470588235293,0.1088950980392157,0.1353235294117647,0.7407509803921569,0.12392058823529413,-0.011402941176470591,102
2025-01-27,0.16666666666666666,0.3424657534246575,0.0958904109589041,0.21689497716894976,0.14383561643835616,0.18949771689497716,0.10273972602739725,0.4726027397260274,0.7831050228310502,0.408675799086758,0.3744292237442922,0.6137205479452055,0.20971347031963472,0.05676940639269406,0.03904155251141553,0.0807593607305936,0.16683036529680367,0.7120189497716896,0.12115159817351598,-0.045678767123287674,438
2025-01-28,0.16071428571428573,0.32142857142857145,0.08035714285714286,0.11607142857142858,0.125,0.11607142857142858,0.13392857142857142,0.4375,0.5982142857142857,0.3392857142857143,0.25892857142857145,0.5817857142857142,0.2278642857142857,0.04208125,0.04097857142857143,0.10729464285714285,0.14727142857142855,0.7373857142857142,0.11534285714285715,-0.031928571428571424,112
2025-01-29,0.11481481481481481,0.44074074074074077,0.06296296296296296,0.17037037037037037,0.17037037037037037,0.11851851851851852,0.12222222222222222,0.5222222222222223,0.8037037037037037,0.3111111111111111,0.4925925925925926,0.5991225925925926,0.21361555555555556,0.04145851851851852,0.04577703703703704,0.10002888888888889,0.13849037037037037,0.6402322222222222,0.2212785185185185,0.08278814814814815,270
2025-01-30,0.12056737588652482,0.4078014184397163,0.10638297872340426,0.24113475177304963,0.11702127659574468,0.22695035460992907,0.1347517730496454,0.4645390070921986,1.0212765957446808,0.425531914893617,0.5957446808510638,0.6049567375886525,0.20966914893617022,0.05799432624113476,0.04252553191489362,0.08486312056737588,0.1767241134751773,0.6546641843971631,0.16861205673758867,-0.008112056737588653,282
2025-01-31,0.10714285714285714,0.34415584415584416,0.09090909090909091,0.16883116883116883,0.1396103896103896,0.14935064935064934,0.10064935064935066,0.32142857142857145,0.6136363636363636,0.3409090909090909,0.2727272727272727,0.5959064935064935,0.24348214285714287,0.04933311688311688,0.03742012987012987,0.07385649350649351,0.1913068181818182,0.7106363636363636,0.09805324675324675,-0.09325357142857144,308
2025-02-03,0.22950819672131148,0.3825136612021858,0.07650273224043716,0.2896174863387978,0.14754098360655737,0.33879781420765026,0.09836065573770492,0.47540983606557374,0.7923497267759563,0.6721311475409836,0.12021857923497267,0.554775956284153,0.25146830601092895,0.06384699453551912,0.0436464480874317,0.08626612021857924,0.17094972677595627,0.7309180327868853,0.0981327868852459,-0.07281693989071038,183
2025-02-04,0.25,0.3333333333333333,0.08333333333333333,0.08333333333333333,0.16666666666666666,0.25,0.16666666666666666,0.3333333333333333,0.8333333333333334,0.5,0.3333333333333333,0.5371833333333333,0.1910666666666667,0.08345000000000001,0.05783333333333334,0.1304833333333333,0.18008333333333335,0.6327416666666666,0.18716666666666668,0.00708333333333334,12
2025-02-05,0.42857142857142855,0.5,0.07142857142857142,0.14285714285714285,0.2857142857142857,0.07142857142857142,0.21428571428571427,0.5,0.5,0.5714285714285714,-0.07142857142857142,0.6329642857142856,0.17565,0.06480714285714285,0.026885714285714287,0.09970000000000001,0.029814285714285713,0.8722428571428571,0.09792857142857143,0.06811428571428571,14
2025-02-06,0.2127659574468085,0.3617021276595745,0.0,0.1702127659574468,0.0851063829787234,0.19148936170212766,0.0851063829787234,0.5531914893617021,0.723404255319149,0.48936170212765956,0.23404255319148937,0.5393531914893617,0.2492723404255319,0.11562978723404256,0.027017021276595745,0.06873829787234043,0.22240425531914892,0.6851127659574467,0.09247446808510638,-0.12992978723404255,47
2025-02-07,0.26506024096385544,0.3493975903614458,0.0963855421686747,0.42168674698795183,0.1927710843373494,0.25301204819277107,0.18072289156626506,0.4578313253012048,0.8795180722891566,0.8674698795180723,0.012048192771084338,0.6779819277108434,0.14339518072289156,0.03768795180722891,0.0528421686746988,0.0880867469879518,0.22827951807228913,0.5785433734939759,0.19318072289156626,-0.03509879518072289,83
2025-02-10,0.13846153846153847,0.3076923076923077,0.0,0.1076923076923077,0.2,0.1076923076923077,0.09230769230769231,0.4307692307692308,0.7230769230769231,0.27692307692307694,0.4461538461538462,0.6850476923076924,0.1642,0.034975384615384617,0.04329076923076923,0.07248153846153846,0.11293076923076922,0.7422615384615384,0.14480153846153848,0.03187076923076923,65
2025-02-11,0.3,0.43333333333333335,0.1,0.3333333333333333,0.03333333333333333,0.2,0.13333333333333333,0.26666666666666666,0.5,0.5,0.0,0.49899,0.26321666666666665,0.09358,0.04641666666666667,0.09777,0.14218000000000003,0.7316699999999999,0.12615333333333334,-0.01602666666666667,30
2025-02-12,0.36363636363636365,0.4090909090909091,0.045454545454545456,0.13636363636363635,0.0,0.045454545454545456,0.0,0.18181818181818182,0.9090909090909091,0.4090909090909091,0.5,0.7412136363636364,0.14974545454545454,0.03126363636363636,0.03533636363636364,0.04243181818181818,0.15863181818181818,0.7365590909090909,0.10481363636363636,-0.053818181818181814,22
2025-02-13,0.10810810810810811,0.6486486486486487,0.10810810810810811,0.24324324324324326,0.1891891891891892,0.13513513513513514,0.2972972972972973,0.5675675675675675,0.8918918918918919,0.35135135135135137,0.5405405405405406,0.6258675675675676,0.18272972972972973,0.05140540540540541,0.06241891891891892,0.07758648648648649,0.1523054054054054,0.7223540540540541,0.12534594594594595,-0.026959459459459458,37
2025-02-14,0.16666666666666666,0.3333333333333333,0.05555555555555555,0.05555555555555555,0.05555555555555555,0.0,0.1111111111111111,0.2222222222222222,0.3333333333333333,0.16666666666666666,0.16666666666666666,0.6678333333333333,0.20591666666666666,0.035305555555555555,0.028527777777777777,0.0624,0.15302222222222223,0.7493055555555556,0.09767222222222222,-0.055349999999999996,18
2025-02-18,0.2345679012345679,0.41358024691358025,0.09876543209876543,0.19753086419753085,0.18518518518518517,0.25308641975308643,0.16666666666666666,0.3888888888888889,0.5925925925925926,0.4567901234567901,0.13580246913580246,0.6194333333333334,0.20225555555555555,0.050176543209876544,0.03201172839506173,0.09612469135802469,0.13867222222222222,0.7354753086419753,0.12585740740740742,-0.012814814814814812,162
2025-02-19,0.1282051282051282,0.4358974358974359,0.08974358974358974,0.24358974358974358,0.17307692307692307,0.1794871794871795,0.09615384615384616,0.5897435897435898,0.9807692307692307,0.3525641025641026,0.6282051282051282,0.5680538461538461,0.21761025641025641,0.04191794871794872,0.04311602564102564,0.1293025641025641,0.11568141025641025,0.5965076923076923,0.2878179487179487,0.17213653846153848,156
2025-02-20,0.13333333333333333,0.4,0.10833333333333334,0.13333333333333333,0.18333333333333332,0.14166666666666666,0.13333333333333333,0.35833333333333334,0.775,0.35833333333333334,0.4166666666666667,0.5698616666666666,0.22502666666666665,0.052855,0.04913833333333333,0.10311916666666666,0.11802083333333332,0.6823058333333333,0.199675,0.08165416666666667,120
2025-02-21,0.2073170731707317,0.4024390243902439,0.07926829268292683,0.3048780487804878,0.13414634146341464,0.2865853658536585,0.20121951219512196,0.43902439024390244,0.8292682926829268,0.4634146341463415,0.36585365853658536,0.5999451219512195,0.22368048780487804,0.06810304878048781,0.03740121951219512,0.07087073170731707,0.2215390243902439,0.6712762195121951,0.10719146341463415,-0.11434756097560976,164
2025-02-24,0.14095238095238094,0.32571428571428573,0.08571428571428572,0.20761904761904762,0.13714285714285715,0.1961904761904762,0.11619047619047619,0.32761904761904764,0.5885714285714285,0.37714285714285717,0.21142857142857144,0.5711540952380952,0.2525512380952381,0.05308895238095238,0.03291657142857143,0.09028819047619048,0.1858965714285714,0.709076761904762,0.10502838095238094,-0.08086819047619048,525
2025-02-25,0.13368983957219252,0.37967914438502676,0.11229946524064172,0.20855614973262032,0.1443850267379679,0.15508021390374332,0.11764705882352941,0.40106951871657753,0.6310160427807486,0.37967914438502676,0.25133689839572193,0.5787133689839573,0.24676417112299465,0.0623192513368984,0.03945614973262032,0.07274705882352941,0.18735775401069518,0.7002978609625669,0.11233796791443851,-0.07501978609625669,187
2025-02-26,0.1402439024390244,0.29878048780487804,0.07317073170731707,0.16463414634146342,0.14634146341463414,0.18902439024390244,0.12804878048780488,0.4695121951219512,0.8292682926829268,0.3170731707317073,0.5121951219512195,0.6888396341463415,0.15887256097560976,0.041225000000000005,0.046381707317073174,0.06469085365853658,0.15146768292682927,0.5930286585365854,0.2555012195121951,0.10403353658536585,164
2025-02-27,0.13636363636363635,0.40404040404040403,0.08585858585858586,0.2222222222222222,0.15656565656565657,0.18686868686868688,0.16161616161616163,0.4696969696969697,0.696969696969697,0.3888888888888889,0.30808080808080807,0.5546646464646464,0.254439898989899,0.05524646464646465,0.04471212121212121,0.09094444444444445,0.2075540404040404,0.6773227272727274,0.11513232323232322,-0.09242171717171717,198
2025-02-28,0.1761006289308176,0.2578616352201258,0.10062893081761007,0.2138364779874214,0.11320754716981132,0.16352201257861634,0.0880503144654088,0.2830188679245283,0.4716981132075472,0.39622641509433965,0.07547169811320754,0.5702201257861635,0.2394125786163522,0.06233962264150944,0.04114716981132075,0.08687861635220126,0.19686100628930817,0.7157553459119497,0.08738176100628932,-0.10947924528301886,159
2025-03-03,0.17647058823529413,0.3277310924369748,0.09243697478991597,0.2184873949579832,0.1092436974789916,0.23529411764705882,0.15126050420168066,0.4369747899159664,0.7563025210084033,0.47058823529411764,0.2857142857142857,0.6727949579831933,0.16698235294117647,0.04373025210084033,0.041143697478991596,0.07536974789915966,0.16126302521008404,0.6841025210084033,0.15463613445378152,-0.006626890756302522,119
2025-03-04,0.1595744680851064,0.574468085106383,0.09574468085106383,0.18085106382978725,0.22340425531914893,0.20212765957446807,0.13829787234042554,0.5957446808510638,1.0957446808510638,0.46808510638297873,0.6276595744680851,0.4836872340425532,0.2862936170212766,0.04563404255319149,0.04693510638297872,0.13745957446808513,0.15235851063829786,0.5253808510638298,0.3222595744680851,0.16990106382978723,94
2025-03-05,0.16666666666666666,1.0,0.2,0.16666666666666666,0.26666666666666666,0.1,0.23333333333333334,0.9,1.4666666666666666,0.43333333333333335,1.0333333333333334,0.6019233333333334,0.15916333333333332,0.07837666666666668,0.06295666666666667,0.09758,0.14871666666666666,0.6691866666666667,0.18211000000000002,0.03339333333333334,30
2025-03-06,0.3170731707317073,0.5365853658536586,0.07317073170731707,0.12195121951219512,0.12195121951219512,0.14634146341463414,0.07317073170731707,0.5121951219512195,0.7073170731707317,0.5853658536585366,0.12195121951219512,0.5965487804878049,0.21289756097560975,0.039448780487804876,0.04105609756097561,0.11005121951219513,0.13994634146341464,0.7484268292682927,0.11163170731707317,-0.028314634146341465,41
2025-03-07,0.28378378378378377,0.4864864864864865,0.10810810810810811,0.21621621621621623,0.28378378378378377,0.2702702702702703,0.1891891891891892,0.6486486486486487,1.0675675675675675,0.5,0.5675675675675675,0.4876405405405405,0.24879054054054053,0.058043243243243246,0.05618108108108108,0.1493445945945946,0.14512297297297297,0.7232121621621621,0.13166351351351352,-0.013459459459459462,74
2025-03-10,0.21839080459770116,0.3333333333333333,0.10344827586206896,0.1839080459770115,0.14942528735632185,0.2413793103448276,0.11494252873563218,0.3218390804597701,0.5172413793103449,0.47126436781609193,0.04597701149425287,0.5857908045977012,0.21493333333333334,0.04780804597701149,0.03940574712643678,0.11205287356321839,0.17229080459770116,0.7270344827586207,0.10066781609195403,-0.07162298850574712,87
2025-03-11,0.16666666666666666,0.35185185185185186,0.0,0.2037037037037037,0.2222222222222222,0.2222222222222222,0.18518518518518517,0.5740740740740741,0.8888888888888888,0.37037037037037035,0.5185185185185185,0.5900425925925926,0.24736111111111111,0.030618518518518517,0.04211111111111111,0.0898574074074074,0.16986851851851853,0.7074444444444444,0.12267962962962962,-0.047188888888888884,54
2025-03-12,0.2222222222222222,0.18518518518518517,0.14814814814814814,0.2962962962962963,0.14814814814814814,0.18518518518518517,0.18518518518518517,0.5555555555555556,0.5555555555555556,0.4074074074074074,0.14814814814814814,0.5843333333333333,0.24501481481481482,0.04284814814814815,0.02705925925925926,0.10074074074074074,0.13797037037037038,0.7196111111111111,0.14240740740740743,0.004437037037037034,27
2025-03-13,0.125,0.1875,0.0625,0.1875,0.1875,0.0625,0.0625,0.1875,0.3125,0.125,0.1875,0.5796625,0.28361875000000003,0.05446875,0.032625,0.04960625,0.09281875,0.75243125,0.15474374999999999,0.06192500000000001,16
2025-03-14,0.1875,0.625,0.0,0.0625,0.3125,0.0625,0.0625,0.6875,0.75,0.375,0.375,0.6931375,0.16515,0.0364625,0.0265625,0.07871875,0.072175,0.80416875,0.12365,0.05147500000000001,16
2025-03-17,0.2804878048780488,0.4634146341463415,0.07317073170731707,0.32926829268292684,0.2073170731707317,0.2804878048780488,0.17073170731707318,0.4146341463414634,0.7804878048780488,0.6219512195121951,0.15853658536585366,0.613669512195122,0.20453048780487804,0.047307317073170735,0.037089024390243905,0.09740365853658536,0.1430890243902439,0.7591890243902439,0.09772804878048781,-0.0453609756097561,82
2025-03-18,0.12844036697247707,0.47706422018348627,0.08256880733944955,0.3119266055045872,0.1651376146788991,0.27522935779816515,0.2018348623853211,0.5596330275229358,1.0,0.48623853211009177,0.5137614678899083,0.6644761467889908,0.1664,0.035455045871559634,0.04490550458715597,0.08875871559633028,0.14238899082568807,0.7011587155963303,0.15645229357798165,0.014063302752293578,109
2025-03-19,0.20652173913043478,0.391304347826087,0.043478260869565216,0.1956521739130435,0.14130434782608695,0.16304347826086957,0.11956521739130435,0.40217391304347827,0.5869565217391305,0.4782608695652174,0.10869565217391304,0.6411358695652174,0.2119021739130435,0.03836413043478261,0.03522608695652174,0.07336956521739131,0.1620032608695652,0.7311326086956522,0.10685978260869565,-0.055143478260869565,92
2025-03-20,0.16279069767441862,0.313953488372093,0.05813953488372093,0.19767441860465115,0.05813953488372093,0.26744186046511625,0.19767441860465115,0.3372093023255814,0.6627906976744186,0.3488372093023256,0.313953488372093,0.6245127906976744,0.221203488372093,0.03494767441860465,0.03649767441860465,0.08283953488372094,0.1773453488372093,0.7044639534883721,0.1181953488372093,-0.05915,86
2025-03-21,0.16083916083916083,0.34265734265734266,0.06293706293706294,0.2097902097902098,0.15384615384615385,0.22377622377622378,0.15384615384615385,0.48951048951048953,0.6853146853146853,0.4195804195804196,0.26573426573426573,0.6197230769230769,0.1606013986013986,0.049158741258741256,0.05069510489510489,0.11982517482517484,0.18093426573426574,0.68196993006993,0.1371083916083916,-0.043825874125874124,143
2025-03-24,0.15041782729805014,0.31197771587743733,0.055710306406685235,0.20334261838440112,0.10027855153203342,0.20334261838440112,0.1309192200557103,0.3816155988857939,0.5515320334261838,0.3955431754874652,0.15598885793871867,0.6134136490250696,0.2162933147632312,0.05442228412256268,0.03875292479108635,0.0771217270194986,0.17918050139275765,0.7327261838440111,0.08809275766016712,-0.09108774373259053,359
2025-03-25,0.07051282051282051,0.27564102564102566,0.038461538461538464,0.14102564102564102,0.08974358974358974,0.14102564102564102,0.14102564102564102,0.5641025641025641,0.7628205128205128,0.26282051282051283,0.5,0.6025448717948718,0.22902756410256409,0.04494551282051282,0.0435448717948718,0.07993397435897436,0.10930320512820514,0.7809230769230769,0.10976794871794872,0.00046474358974359016,156
2025-03-26,0.12142857142857143,0.35,0.04285714285714286,0.19285714285714287,0.1357142857142857,0.20714285714285716,0.12142857142857143,0.36428571428571427,0.5928571428571429,0.39285714285714285,0.2,0.5918842857142858,0.23269142857142855,0.05184785714285715,0.029938571428571426,0.09363214285714286,0.1789057142857143,0.7164342857142857,0.10465571428571428,-0.07425,140
2025-03-27,0.08461538461538462,0.2,0.08461538461538462,0.19230769230769232,0.16153846153846155,0.13846153846153847,0.13076923076923078,0.3230769230769231,0.676923076923077,0.3153846153846154,0.36153846153846153,0.6361861538461538,0.21292076923076925,0.04764,0.028511538461538463,0.07475,0.17934769230769232,0.6835230769230769,0.13712384615384615,-0.042223846153846153,130
2025-03-28,0.1981981981981982,0.35135135135135137,0.08108108108108109,0.21621621621621623,0.07207207207207207,0.18018018018018017,0.09009009009009009,0.2972972972972973,0.5495495495495496,0.40540540540540543,0.14414414414414414,0.6166351351351351,0.23415315315315316,0.045822522522522516,0.02696036036036036,0.07643873873873874,0.16111621621621622,0.7376504504504504,0.10123153153153154,-0.059884684684684684,111
2025-03-31,0.1671388101983003,0.29178470254957506,0.12181303116147309,0.20396600566572237,0.17280453257790368,0.21246458923512748,0.11614730878186968,0.37677053824362605,0.6430594900849859,0.43059490084985835,0.21246458923512748,0.5819405099150142,0.24690623229461756,0.04600623229461757,0.0349042492917847,0.0902441926345609,0.176171388101983,0.7204648725212465,0.10336260623229462,-0.07280878186968838,353
2025-04-01,0.2,0.4666666666666667,0.13333333333333333,0.1111111111111111,0.2222222222222222,0.17777777777777778,0.15555555555555556,0.6888888888888889,1.0888888888888888,0.4888888888888889,0.6,0.6322177777777778,0.20378444444444443,0.04366888888888889,0.03515555555555556,0.08517777777777778,0.1721177777777778,0.69784,0.13004666666666667,-0.042071111111111115,45
2025-04-02,0.42857142857142855,0.47619047619047616,0.09523809523809523,0.2857142857142857,0.19047619047619047,0.09523809523809523,0.19047619047619047,0.2857142857142857,0.5714285714285714,0.5238095238095238,0.047619047619047616,0.5766142857142857,0.27694285714285716,0.06935238095238094,0.020766666666666666,0.0563047619047619,0.21392380952380952,0.6755,0.11058571428571427,-0.10333809523809523,21
2025-04-03,0.2692307692307692,0.3076923076923077,0.07692307692307693,0.15384615384615385,0.07692307692307693,0.11538461538461539,0.038461538461538464,0.34615384615384615,0.5,0.46153846153846156,0.038461538461538464,0.6952615384615384,0.18034615384615385,0.03271538461538462,0.028953846153846156,0.06271923076923078,0.13101923076923078,0.7790307692307692,0.08993846153846154,-0.04108076923076923,26
2025-04-04,0.21428571428571427,0.42857142857142855,0.0,0.2857142857142857,0.2857142857142857,0.21428571428571427,0.14285714285714285,0.42857142857142855,1.0714285714285714,0.6428571428571429,0.42857142857142855,0.6681785714285714,0.16939285714285715,0.040557142857142854,0.06382142857142857,0.05805,0.03786428571428572,0.7827000000000001,0.17945714285714284,0.14159285714285713,14
2025-04-07,0.2753623188405797,0.5217391304347826,0.17391304347826086,0.2898550724637681,0.14492753623188406,0.30434782608695654,0.10144927536231885,0.4057971014492754,0.8405797101449275,0.6521739130434783,0.18840579710144928,0.6218898550724639,0.22004782608695653,0.05032463768115942,0.038018840579710146,0.06972318840579711,0.12589130434782608,0.7620579710144928,0.11205217391304348,-0.013839130434782609,69
2025-04-08,0.13333333333333333,0.3,0.03333333333333333,0.06666666666666667,0.1,0.06666666666666667,0.13333333333333333,0.3333333333333333,0.8,0.23333333333333334,0.5666666666666667,0.61295,0.22638666666666665,0.03421333333333333,0.024013333333333334,0.10243666666666668,0.13889666666666667,0.7388966666666668,0.12220333333333334,-0.016693333333333334,30
2025-04-09,0.2571428571428571,0.34285714285714286,0.08571428571428572,0.2,0.17142857142857143,0.22857142857142856,0.11428571428571428,0.5428571428571428,0.7714285714285715,0.5714285714285714,0.2,0.6223657142857143,0.22618000000000002,0.05522571428571429,0.027702857142857144,0.06853714285714285,0.18808,0.6800542857142857,0.13187142857142856,-0.05620857142857143,35
2025-04-10,0.16666666666666666,0.3333333333333333,0.0,0.25,0.25,0.3333333333333333,0.08333333333333333,0.4166666666666667,0.6666666666666666,0.6666666666666666,0.0,0.6052583333333333,0.254125,0.0502,0.02136666666666667,0.069025,0.1529,0.7664083333333332,0.0807,-0.0722,12
2025-04-11,0.5,0.5,0.0,1.0,1.5,0.5,0.0,0.5,2.0,1.0,1.0,0.4949,0.30945,0.1429,0.019,0.0338,0.09344999999999999,0.8728,0.03375,-0.0597,2
2025-04-14,0.15294117647058825,0.2823529411764706,0.058823529411764705,0.29411764705882354,0.11764705882352941,0.27058823529411763,0.23529411764705882,0.43529411764705883,0.6941176470588235,0.5058823529411764,0.18823529411764706,0.65664,0.1512870588235294,0.04201764705882353,0.034892941176470585,0.1151670588235294,0.19228352941176471,0.6998623529411765,0.10785882352941176,-0.08442470588235294,85
2025-04-15,0.10204081632653061,0.4489795918367347,0.061224489795918366,0.061224489795918366,0.16326530612244897,0.1836734693877551,0.16326530612244897,0.6326530612244898,1.0612244897959184,0.3877551020408163,0.673469387755102,0.6190734693877551,0.23430204081632655,0.04099795918367347,0.040728571428571426,0.0649,0.12497346938775511,0.6872877551020409,0.1877326530612245,0.06275918367346939,49
2025-04-16,0.203125,0.484375,0.10416666666666667,0.22916666666666666,0.22916666666666666,0.25,0.17708333333333334,0.6875,1.1145833333333333,0.4583333333333333,0.65625,0.6114953125,0.21730833333333333,0.035396354166666665,0.04196770833333333,0.09383645833333333,0.13449427083333335,0.6597114583333333,0.2057989583333333,0.0713046875,192
2025-04-17,0.07258064516129033,0.3467741935483871,0.056451612903225805,0.22580645161290322,0.13709677419354838,0.1774193548387097,0.16129032258064516,0.4435483870967742,0.6451612903225806,0.4032258064516129,0.24193548387096775,0.5993266129032259,0.2200806451612903,0.06705645161290322,0.0366,0.07693467741935484,0.1992782258064516,0.6890879032258065,0.11163951612903225,-0.08763870967741935,124
2025-04-21,0.1368653421633554,0.32671081677704195,0.09492273730684327,0.17660044150110377,0.17439293598233996,0.17439293598233996,0.1479028697571744,0.3730684326710817,0.6490066225165563,0.3443708609271523,0.304635761589404,0.5528830022075055,0.26360993377483444,0.04760110375275939,0.03592119205298014,0.09998145695364238,0.19578057395143486,0.694433995584989,0.10978300220750553,-0.08599757174392936,453
2025-04-22,0.1651376146788991,0.3669724770642202,0.08256880733944955,0.14678899082568808,0.22935779816513763,0.11926605504587157,0.1559633027522936,0.5596330275229358,0.7247706422018348,0.25688073394495414,0.46788990825688076,0.606856880733945,0.18498899082568807,0.05346238532110092,0.04012660550458716,0.11455963302752294,0.17087981651376147,0.6944302752293577,0.13469266055045873,-0.03618715596330275,109
2025-04-23,0.17592592592592593,0.24074074074074073,0.1111111111111111,0.19444444444444445,0.1574074074074074,0.18518518518518517,0.18518518518518517,0.28703703703703703,0.6759259259259259,0.4074074074074074,0.26851851851851855,0.5610379629629629,0.22968703703703705,0.046419444444444444,0.040850000000000004,0.12200277777777778,0.2001037037037037,0.6840203703703703,0.11588055555555556,-0.08422314814814814,108
2025-04-24,0.1956521739130435,0.1956521739130435,0.10869565217391304,0.2608695652173913,0.2608695652173913,0.21739130434782608,0.1956521739130435,0.30434782608695654,0.5652173913043478,0.32608695652173914,0.2391304347826087,0.5910500000000001,0.25139999999999996,0.03045217391304348,0.04288913043478261,0.08421739130434781,0.16839782608695653,0.714441304347826,0.11716739130434783,-0.0512304347826087,46
2025-04-25,0.09375,0.21875,0.046875,0.125,0.109375,0.0625,0.03125,0.390625,0.546875,0.171875,0.375,0.7137484375,0.14699062499999999,0.0350984375,0.0314,0.0727765625,0.135465625,0.775159375,0.089371875,-0.04609375,64
2025-04-28,0.13707165109034267,0.2897196261682243,0.06230529595015576,0.2367601246105919,0.09968847352024922,0.22429906542056074,0.09034267912772585,0.38006230529595014,0.5763239875389408,0.40809968847352024,0.16822429906542055,0.6288781931464175,0.2123981308411215,0.03981121495327103,0.033161993769470405,0.08575295950155763,0.1813336448598131,0.7242971962616823,0.09437445482866044,-0.08695919003115266,321
2025-04-29,0.15217391304347827,0.3804347826086957,0.06521739130434782,0.29347826086956524,0.17391304347826086,0.2608695652173913,0.14130434782608695,0.31521739130434784,0.6086956521739131,0.41304347826086957,0.1956521739130435,0.5973163043478261,0.20348369565217392,0.04004347826086957,0.03789130434782608,0.12125869565217393,0.13194347826086955,0.7249608695652173,0.1431,0.011156521739130431,92
2025-04-30,0.1276595744680851,0.2624113475177305,0.07092198581560284,0.23404255319148937,0.07092198581560284,0.1773049645390071,0.09219858156028368,0.4326241134751773,0.5531914893617021,0.41134751773049644,0.14184397163120568,0.7079652482269503,0.15024113475177306,0.03775248226950355,0.03359148936170213,0.0704531914893617,0.14556524822695036,0.743463829787234,0.1109808510638298,-0.03458439716312057,141
2025-05-01,0.24516129032258063,0.3225806451612903,0.07741935483870968,0.15483870967741936,0.11612903225806452,0.17419354838709677,0.05806451612903226,0.3870967741935484,0.7483870967741936,0.4064516129032258,0.3419354838709677,0.5751503225806452,0.2627296774193549,0.05943677419354838,0.03080774193548387,0.07186967741935484,0.21047483870967745,0.6964051612903226,0.09313032258064516,-0.11734451612903227,155
2025-05-02,0.14893617021276595,0.32978723404255317,0.07446808510638298,0.24468085106382978,0.1276595744680851,0.2127659574468085,0.09574468085106383,0.23404255319148937,0.5638297872340425,0.425531914893617,0.13829787234042554,0.6544021276595745,0.1771404255319149,0.03759893617021277,0.03769255319148936,0.09316489361702128,0.12294787234042553,0.7640531914893617,0.1129968085106383,-0.009951063829787237,94
2025-05-05,0.11186440677966102,0.3050847457627119,0.07796610169491526,0.23389830508474577,0.17966101694915254,0.17627118644067796,0.11864406779661017,0.4033898305084746,0.6915254237288135,0.34576271186440677,0.34576271186440677,0.6137213559322033,0.2139464406779661,0.0441264406779661,0.036258305084745764,0.09194745762711865,0.17370169491525422,0.7318515254237288,0.09444406779661017,-0.07925762711864406,295
2025-05-06,0.1743119266055046,0.22935779816513763,0.13761467889908258,0.3669724770642202,0.11009174311926606,0.24770642201834864,0.26605504587155965,0.3394495412844037,0.5596330275229358,0.44954128440366975,0.11009174311926606,0.5869330275229359,0.2543192660550459,0.0506605504587156,0.035969724770642204,0.07211926605504587,0.19851100917431191,0.7003394495412845,0.10114128440366972,-0.09736972477064221,109
2025-05-07,0.17073170731707318,0.3048780487804878,0.08536585365853659,0.18292682926829268,0.08536585365853659,0.14634146341463414,0.07317073170731707,0.3780487804878049,0.5975609756097561,0.4146341463414634,0.18292682926829268,0.6877414634146342,0.1547451219512195,0.04066829268292683,0.039619512195121956,0.0772280487804878,0.15418536585365855,0.7364378048780488,0.10937682926829267,-0.04480853658536585,82
2025-05-08,0.16981132075471697,0.4339622641509434,0.09433962264150944,0.19811320754716982,0.27358490566037735,0.2169811320754717,0.20754716981132076,0.5849056603773585,0.7830188679245284,0.33962264150943394,0.44339622641509435,0.6514264150943395,0.18088207547169813,0.04352830188679245,0.03395,0.0902122641509434,0.1624066037735849,0.6901622641509434,0.14742641509433962,-0.01498018867924528,106
2025-05-09,0.1,0.3,0.0,0.0,0.1,0.0,0.0,0.3,0.4,0.2,0.2,0.37707999999999997,0.40008999999999995,0.08712,0.04107,0.09464,0.26526,0.68499,0.04975,-0.21551,10
