date,nrc_anger,nrc_anticipation,nrc_disgust,nrc_fear,nrc_joy,nrc_sadness,nrc_surprise,nrc_trust,nrc_positive,nrc_negative,nrc_net_sentiment,hf_neutral_score,hf_negative_score,hf_very_negative_score,hf_very_positive_score,hf_positive_score,fb_negative_score,fb_neutral_score,fb_positive_score,fb_net_sentiment,n_posts
2023-01-03,0.17557251908396945,0.3816793893129771,0.07633587786259542,0.2366412213740458,0.183206106870229,0.20610687022900764,0.16030534351145037,0.4122137404580153,0.8015267175572519,0.4122137404580153,0.3893129770992366,0.6872137404580153,0.1787297709923664,0.03427557251908397,0.035828244274809164,0.06395648854961831,0.11465419847328244,0.7692015267175573,0.1161442748091603,0.0014900763358778612,131
2023-01-04,0.11538461538461539,0.2692307692307692,0.0,0.0,0.11538461538461539,0.038461538461538464,0.07692307692307693,0.38461538461538464,0.7692307692307693,0.15384615384615385,0.6153846153846154,0.6582807692307693,0.17676923076923076,0.06383461538461538,0.04377692307692308,0.057315384615384615,0.0739,0.8275923076923076,0.09849615384615386,0.024596153846153844,26
2023-01-05,0.07142857142857142,0.32142857142857145,0.0,0.17857142857142858,0.21428571428571427,0.21428571428571427,0.10714285714285714,0.2857142857142857,0.4642857142857143,0.42857142857142855,0.03571428571428571,0.6405142857142857,0.21660357142857142,0.0304,0.029492857142857144,0.08299642857142857,0.209925,0.6887464285714285,0.10132142857142858,-0.10860357142857144,28
2023-01-06,0.25,0.3333333333333333,0.041666666666666664,0.25,0.08333333333333333,0.25,0.08333333333333333,0.3333333333333333,0.5833333333333334,0.5416666666666666,0.041666666666666664,0.7155958333333333,0.18225833333333333,0.03728333333333333,0.022862499999999997,0.041987500000000004,0.16397916666666668,0.7339583333333333,0.10207083333333333,-0.061908333333333336,24
2023-01-09,0.17777777777777778,0.34444444444444444,0.06666666666666667,0.08888888888888889,0.14444444444444443,0.1,0.12222222222222222,0.3888888888888889,0.7,0.3111111111111111,0.3888888888888889,0.6577711111111111,0.17499777777777778,0.03755666666666667,0.03396,0.09572333333333333,0.12398,0.7508911111111112,0.12513,0.0011499999999999991,90
2023-01-10,0.2,0.32,0.04,0.16,0.04,0.12,0.12,0.24,0.6,0.28,0.32,0.7531359999999999,0.126004,0.036399999999999995,0.032544,0.05192,0.05218,0.84394,0.10388,0.051699999999999996,25
2023-01-11,0.16666666666666666,0.16666666666666666,0.16666666666666666,0.3333333333333333,0.05555555555555555,0.2777777777777778,0.1111111111111111,0.3888888888888889,0.8888888888888888,0.3888888888888889,0.5,0.6632222222222223,0.1797777777777778,0.032827777777777775,0.0235,0.10067222222222222,0.13043333333333332,0.7162555555555555,0.15332777777777779,0.022894444444444446,18
2023-01-12,0.0,0.17647058823529413,0.058823529411764705,0.058823529411764705,0.17647058823529413,0.08823529411764706,0.14705882352941177,0.20588235294117646,0.7352941176470589,0.17647058823529413,0.5588235294117647,0.6785558823529412,0.15492058823529412,0.03625882352941176,0.052023529411764705,0.07822941176470588,0.15610294117647058,0.7330058823529412,0.1108764705882353,-0.0452264705882353,34
2023-01-13,0.05555555555555555,0.16666666666666666,0.05555555555555555,0.1111111111111111,0.16666666666666666,0.1111111111111111,0.05555555555555555,0.16666666666666666,0.2222222222222222,0.2222222222222222,0.0,0.6605111111111112,0.1978777777777778,0.030505555555555557,0.040494444444444444,0.07061111111111112,0.12762777777777778,0.7583222222222222,0.11405000000000001,-0.013577777777777779,18
2023-01-17,0.14285714285714285,0.32919254658385094,0.10559006211180125,0.2111801242236025,0.13664596273291926,0.2422360248447205,0.12422360248447205,0.39751552795031053,0.7515527950310559,0.38509316770186336,0.36645962732919257,0.6664534161490684,0.19330496894409938,0.04202857142857142,0.03348633540372671,0.06472670807453416,0.1655086956521739,0.7066254658385093,0.1278639751552795,-0.037644720496894414,161
2023-01-18,0.09523809523809523,0.14285714285714285,0.0,0.09523809523809523,0.2857142857142857,0.09523809523809523,0.19047619047619047,0.3333333333333333,0.7619047619047619,0.14285714285714285,0.6190476190476191,0.7467904761904762,0.13196190476190475,0.05667142857142858,0.022285714285714284,0.0423,0.10043809523809524,0.8305047619047619,0.06907142857142858,-0.03136666666666667,21
2023-01-19,0.11764705882352941,0.47058823529411764,0.0,0.29411764705882354,0.17647058823529413,0.11764705882352941,0.11764705882352941,0.29411764705882354,0.5882352941176471,0.35294117647058826,0.23529411764705882,0.5700117647058823,0.22225294117647057,0.03671764705882353,0.043376470588235294,0.12762941176470588,0.23017647058823532,0.6011470588235294,0.1686764705882353,-0.061500000000000006,17
2023-01-20,0.09375,0.5625,0.0,0.21875,0.15625,0.125,0.15625,0.40625,0.75,0.3125,0.4375,0.5848125,0.190565625,0.052028125,0.026621875,0.145971875,0.1879875,0.724353125,0.087646875,-0.100340625,32
2023-01-23,0.0875,0.325,0.0375,0.175,0.125,0.15,0.1,0.225,0.6375,0.35,0.2875,0.716565,0.15204250000000002,0.02995375,0.03037625,0.07105500000000001,0.12268375000000001,0.7444787500000001,0.1328475,0.010163750000000003,80
2023-01-24,0.0,0.16666666666666666,0.0,0.2222222222222222,0.1111111111111111,0.16666666666666666,0.1111111111111111,0.1111111111111111,0.6666666666666666,0.1111111111111111,0.5555555555555556,0.7788611111111111,0.1073888888888889,0.027755555555555554,0.0263,0.059694444444444446,0.1304,0.7818722222222223,0.08773888888888888,-0.042661111111111115,18
2023-01-25,0.2631578947368421,0.39473684210526316,0.07894736842105263,0.2631578947368421,0.15789473684210525,0.21052631578947367,0.10526315789473684,0.5,0.8421052631578947,0.4473684210526316,0.39473684210526316,0.6725973684210527,0.19165526315789472,0.043736842105263164,0.031068421052631575,0.06093421052631579,0.1387736842105263,0.7792157894736842,0.08201578947368421,-0.056757894736842104,38
2023-01-26,0.14285714285714285,0.23809523809523808,0.07142857142857142,0.19047619047619047,0.14285714285714285,0.19047619047619047,0.09523809523809523,0.2857142857142857,0.5952380952380952,0.35714285714285715,0.23809523809523808,0.6698785714285714,0.17751428571428574,0.05718333333333333,0.022921428571428572,0.0725,0.15967619047619047,0.7387333333333334,0.10158333333333333,-0.058092857142857134,42
2023-01-27,0.16129032258064516,0.3225806451612903,0.12903225806451613,0.45161290322580644,0.22580645161290322,0.3870967741935484,0.1935483870967742,0.5161290322580645,0.7741935483870968,0.7741935483870968,0.0,0.586825806451613,0.22475483870967744,0.08223225806451613,0.05081612903225806,0.055358064516129034,0.3205193548387097,0.5519741935483871,0.12750645161290322,-0.19301290322580644,31
2023-01-30,0.17045454545454544,0.32954545454545453,0.03409090909090909,0.18181818181818182,0.1590909090909091,0.1590909090909091,0.07954545454545454,0.26136363636363635,0.6136363636363636,0.3409090909090909,0.2727272727272727,0.6409931818181819,0.22699772727272727,0.04736931818181818,0.027311363636363637,0.057321590909090905,0.18651022727272729,0.6735886363636363,0.13989886363636364,-0.04661136363636364,88
2023-01-31,0.07692307692307693,0.15384615384615385,0.0,0.07692307692307693,0.07692307692307693,0.0,0.07692307692307693,0.3076923076923077,0.6923076923076923,0.07692307692307693,0.6153846153846154,0.6869692307692308,0.21116923076923078,0.02339230769230769,0.02313846153846154,0.05536153846153846,0.0959076923076923,0.8470538461538462,0.05700769230769231,-0.0389,13
2023-02-01,0.0975609756097561,0.2682926829268293,0.0,0.17073170731707318,0.17073170731707318,0.12195121951219512,0.0,0.24390243902439024,0.6341463414634146,0.17073170731707318,0.4634146341463415,0.7379243902439024,0.11052439024390244,0.02702926829268293,0.03098780487804878,0.09352195121951219,0.17287073170731707,0.7271829268292682,0.09994390243902439,-0.07292682926829269,41
2023-02-02,0.20512820512820512,0.3333333333333333,0.02564102564102564,0.10256410256410256,0.10256410256410256,0.1282051282051282,0.05128205128205128,0.28205128205128205,0.5641025641025641,0.358974358974359,0.20512820512820512,0.5911769230769232,0.2698153846153846,0.049833333333333334,0.028756410256410254,0.0604051282051282,0.140874358974359,0.741423076923077,0.11770769230769232,-0.023166666666666672,39
2023-02-03,0.1276595744680851,0.14893617021276595,0.10638297872340426,0.2978723404255319,0.10638297872340426,0.3191489361702128,0.10638297872340426,0.3829787234042553,0.8723404255319149,0.40425531914893614,0.46808510638297873,0.7434808510638299,0.13317446808510638,0.0503595744680851,0.025510638297872344,0.04747021276595745,0.19747659574468085,0.7167765957446808,0.08573617021276596,-0.1117404255319149,47
2023-02-06,0.08045977011494253,0.21839080459770116,0.022988505747126436,0.1839080459770115,0.1724137931034483,0.14942528735632185,0.08045977011494253,0.3218390804597701,0.7586206896551724,0.22988505747126436,0.5287356321839081,0.6593689655172413,0.2078873563218391,0.03668965517241379,0.03253333333333333,0.06351954022988505,0.11310459770114942,0.7882701149425287,0.09861954022988506,-0.014485057471264367,87
2023-02-07,0.23684210526315788,0.21052631578947367,0.13157894736842105,0.15789473684210525,0.15789473684210525,0.15789473684210525,0.15789473684210525,0.34210526315789475,0.7105263157894737,0.2894736842105263,0.42105263157894735,0.6048026315789473,0.19816052631578948,0.08526315789473685,0.03590526315789474,0.07587105263157895,0.12011842105263157,0.7798368421052632,0.10005263157894737,-0.02006578947368421,38
2023-02-08,0.41935483870967744,0.6774193548387096,0.03225806451612903,0.25806451612903225,0.12903225806451613,0.16129032258064516,0.12903225806451613,0.45161290322580644,0.9032258064516129,0.1935483870967742,0.7096774193548387,0.6766451612903226,0.16012903225806452,0.05148709677419355,0.034606451612903225,0.07713225806451612,0.08715161290322582,0.7836709677419356,0.12918709677419357,0.04203548387096775,31
2023-02-09,0.24242424242424243,0.24242424242424243,0.0,0.12121212121212122,0.06060606060606061,0.030303030303030304,0.030303030303030304,0.24242424242424243,0.42424242424242425,0.2727272727272727,0.15151515151515152,0.7136151515151514,0.17655454545454544,0.040266666666666666,0.02753939393939394,0.042021212121212126,0.0705121212121212,0.7689363636363636,0.16054545454545455,0.09003333333333333,33
2023-02-10,0.027777777777777776,0.2777777777777778,0.027777777777777776,0.1111111111111111,0.2222222222222222,0.1388888888888889,0.1111111111111111,0.3333333333333333,0.6666666666666666,0.16666666666666666,0.5,0.6690972222222222,0.16194999999999998,0.029019444444444445,0.042541666666666665,0.09737777777777777,0.08661944444444444,0.7591527777777778,0.1542111111111111,0.06759166666666666,36
2023-02-13,0.12345679012345678,0.2962962962962963,0.037037037037037035,0.20987654320987653,0.09876543209876543,0.1728395061728395,0.06172839506172839,0.20987654320987653,0.7037037037037037,0.30864197530864196,0.3950617283950617,0.6053234567901234,0.2401432098765432,0.0419679012345679,0.04282222222222222,0.06973827160493827,0.20240864197530864,0.7052777777777778,0.09231234567901234,-0.11009629629629629,81
2023-02-14,0.14285714285714285,0.23809523809523808,0.047619047619047616,0.047619047619047616,0.09523809523809523,0.047619047619047616,0.047619047619047616,0.19047619047619047,0.6190476190476191,0.2857142857142857,0.3333333333333333,0.8151285714285714,0.1071,0.0258952380952381,0.021014285714285715,0.030852380952380954,0.0630952380952381,0.882647619047619,0.05425714285714286,-0.008838095238095239,21
2023-02-15,0.15384615384615385,0.3076923076923077,0.0,0.038461538461538464,0.07692307692307693,0.15384615384615385,0.038461538461538464,0.2692307692307692,0.6538461538461539,0.2692307692307692,0.38461538461538464,0.5905615384615385,0.24264230769230768,0.034223076923076926,0.049326923076923074,0.08322692307692307,0.14736538461538462,0.7285807692307693,0.12405,-0.023315384615384613,26
2023-02-16,0.1,0.3333333333333333,0.1,0.3,0.1,0.2,0.1,0.4666666666666667,0.9333333333333333,0.26666666666666666,0.6666666666666666,0.6391466666666666,0.23781666666666668,0.026830000000000003,0.02572666666666667,0.07049,0.11065333333333333,0.6705666666666666,0.21878333333333336,0.10813,30
2023-02-17,0.2962962962962963,0.5925925925925926,0.07407407407407407,0.1111111111111111,0.14814814814814814,0.07407407407407407,0.14814814814814814,0.4444444444444444,0.9259259259259259,0.48148148148148145,0.4444444444444444,0.6884185185185184,0.16035185185185186,0.030725925925925927,0.05251851851851851,0.06799259259259259,0.0466,0.8369037037037037,0.11648888888888889,0.06988888888888889,27
2023-02-21,0.21505376344086022,0.3655913978494624,0.03225806451612903,0.25806451612903225,0.11827956989247312,0.20430107526881722,0.053763440860215055,0.3118279569892473,0.6881720430107527,0.44086021505376344,0.24731182795698925,0.6740989247311828,0.20833118279569893,0.035989247311827954,0.02669462365591398,0.054886021505376345,0.17329247311827956,0.7425010752688171,0.08421075268817205,-0.08908172043010752,93
2023-02-22,0.43859649122807015,0.5964912280701754,0.08771929824561403,0.3157894736842105,0.3684210526315789,0.24561403508771928,0.40350877192982454,0.7368421052631579,0.9649122807017544,0.7368421052631579,0.22807017543859648,0.5994368421052632,0.19696140350877192,0.03553684210526316,0.04615964912280702,0.12191052631578947,0.21672631578947368,0.5989614035087719,0.18431403508771932,-0.032412280701754385,57
2023-02-23,0.2647058823529412,0.3235294117647059,0.14705882352941177,0.4117647058823529,0.2647058823529412,0.5294117647058824,0.2647058823529412,0.5588235294117647,0.8823529411764706,0.7352941176470589,0.14705882352941177,0.6911676470588235,0.18849411764705884,0.034197058823529414,0.031138235294117647,0.054997058823529406,0.16267941176470588,0.7691941176470588,0.06810882352941176,-0.09457058823529413,34
2023-02-24,0.14814814814814814,0.07407407407407407,0.1111111111111111,0.4074074074074074,0.1111111111111111,0.2962962962962963,0.037037037037037035,0.2962962962962963,0.3333333333333333,0.2962962962962963,0.037037037037037035,0.648425925925926,0.24677407407407406,0.0366037037037037,0.029503703703703702,0.03866666666666667,0.18371111111111113,0.7525925925925926,0.06369999999999999,-0.12001111111111111,27
2023-02-27,0.25,0.3055555555555556,0.1527777777777778,0.2777777777777778,0.18055555555555555,0.20833333333333334,0.1527777777777778,0.3194444444444444,0.8194444444444444,0.4861111111111111,0.3333333333333333,0.6280569444444445,0.2159472222222222,0.03681944444444444,0.04540416666666666,0.073775,0.18104444444444445,0.7013319444444445,0.11762777777777779,-0.06341666666666668,72
2023-02-28,0.0,0.09090909090909091,0.0,0.18181818181818182,0.09090909090909091,0.0,0.0,0.36363636363636365,0.7272727272727273,0.0,0.7272727272727273,0.6412818181818182,0.16055454545454545,0.05334545454545454,0.07118181818181818,0.07366363636363636,0.06216363636363637,0.7099090909090909,0.22792727272727273,0.16576363636363636,11
2023-03-01,0.13725490196078433,0.27450980392156865,0.09803921568627451,0.13725490196078433,0.0784313725490196,0.19607843137254902,0.0784313725490196,0.23529411764705882,0.5098039215686274,0.43137254901960786,0.0784313725490196,0.6679058823529412,0.17089803921568628,0.04661764705882353,0.03153529411764706,0.08304705882352942,0.1574627450980392,0.741121568627451,0.10142156862745098,-0.05604117647058823,51
2023-03-02,0.1,0.25,0.0,0.05,0.1,0.1,0.1,0.2,0.75,0.2,0.55,0.704555,0.170905,0.029835,0.024640000000000002,0.070045,0.19826000000000002,0.67317,0.128585,-0.06967499999999999,20
2023-03-03,0.15151515151515152,0.3333333333333333,0.18181818181818182,0.42424242424242425,0.18181818181818182,0.42424242424242425,0.06060606060606061,0.15151515151515152,0.6666666666666666,0.5757575757575758,0.09090909090909091,0.7528727272727272,0.11825757575757576,0.02080909090909091,0.02877878787878788,0.07927272727272727,0.09673636363636363,0.780069696969697,0.12319393939393941,0.026457575757575756,33
2023-03-06,0.1588785046728972,0.2616822429906542,0.06542056074766354,0.1308411214953271,0.1308411214953271,0.11214953271028037,0.09345794392523364,0.2803738317757009,0.5420560747663551,0.2523364485981308,0.2897196261682243,0.6664859813084112,0.17500467289719626,0.03262803738317757,0.037257009345794394,0.0886233644859813,0.08141869158878505,0.7843046728971962,0.1342803738317757,0.052861682242990655,107
2023-03-07,0.05263157894736842,0.3157894736842105,0.0,0.15789473684210525,0.21052631578947367,0.10526315789473684,0.10526315789473684,0.2631578947368421,0.6842105263157895,0.2631578947368421,0.42105263157894735,0.6020736842105263,0.28498947368421057,0.027789473684210527,0.0443578947368421,0.04081052631578947,0.22954210526315788,0.635957894736842,0.13450526315789474,-0.09503684210526316,19
2023-03-08,0.5714285714285714,0.5,0.03571428571428571,0.25,0.25,0.21428571428571427,0.42857142857142855,0.8571428571428571,1.2142857142857142,0.7857142857142857,0.42857142857142855,0.6365321428571429,0.25030714285714284,0.023985714285714284,0.03306785714285714,0.05608571428571429,0.1463,0.7153321428571429,0.138375,-0.007924999999999998,28
2023-03-09,0.22857142857142856,0.22857142857142856,0.08571428571428572,0.34285714285714286,0.11428571428571428,0.17142857142857143,0.22857142857142856,0.37142857142857144,0.4857142857142857,0.2857142857142857,0.2,0.71926,0.12344000000000001,0.04375428571428572,0.03747714285714286,0.07608285714285715,0.14270000000000002,0.7854857142857143,0.07182,-0.07088,35
2023-03-10,0.0,0.09090909090909091,0.0,0.2727272727272727,0.09090909090909091,0.36363636363636365,0.09090909090909091,0.36363636363636365,0.2727272727272727,0.5454545454545454,-0.2727272727272727,0.5412318181818182,0.35623636363636363,0.04734090909090909,0.019354545454545454,0.03583636363636364,0.17808181818181817,0.7411454545454546,0.08078181818181818,-0.0973,22
2023-03-13,0.16666666666666666,0.4270833333333333,0.09375,0.19791666666666666,0.15625,0.17708333333333334,0.125,0.2916666666666667,0.6458333333333334,0.40625,0.23958333333333334,0.6701437499999999,0.17078958333333336,0.040686458333333335,0.03719270833333333,0.08118229166666667,0.16471875,0.7236041666666666,0.11166875,-0.05304999999999999,96
2023-03-14,0.28,0.56,0.16,0.28,0.28,0.32,0.24,0.76,1.0,0.52,0.48,0.778056,0.107504,0.052924000000000006,0.024367999999999997,0.037143999999999996,0.18399200000000002,0.690528,0.125468,-0.058524000000000014,25
2023-03-15,0.11320754716981132,0.22641509433962265,0.07547169811320754,0.1320754716981132,0.11320754716981132,0.16981132075471697,0.05660377358490566,0.41509433962264153,0.8301886792452831,0.39622641509433965,0.4339622641509434,0.5631018867924529,0.22139245283018869,0.04465660377358491,0.05010377358490566,0.12075660377358491,0.10579056603773584,0.7396849056603774,0.1545245283018868,0.04873396226415095,53
2023-03-16,0.15789473684210525,0.15789473684210525,0.15789473684210525,0.2631578947368421,0.05263157894736842,0.2631578947368421,0.10526315789473684,0.10526315789473684,0.21052631578947367,0.3684210526315789,-0.15789473684210525,0.7543842105263158,0.14846315789473685,0.04486315789473685,0.02317368421052632,0.029115789473684213,0.15063157894736842,0.7627052631578948,0.08666315789473684,-0.06396842105263158,19
2023-03-17,0.20833333333333334,0.5,0.041666666666666664,0.2916666666666667,0.20833333333333334,0.20833333333333334,0.08333333333333333,0.5416666666666666,0.7083333333333334,0.2916666666666667,0.4166666666666667,0.6848666666666667,0.17370416666666666,0.03785416666666667,0.04864583333333333,0.05492916666666667,0.13687083333333333,0.7078125000000001,0.15532916666666666,0.01845833333333333,24
2023-03-20,0.192,0.4,0.056,0.256,0.12,0.304,0.128,0.256,0.728,0.472,0.256,0.6134976000000001,0.2359008,0.0443472,0.0283224,0.07793760000000001,0.14202320000000002,0.7603392,0.0976376,-0.0443856,125
2023-03-21,0.2857142857142857,0.5714285714285714,0.03571428571428571,0.2857142857142857,0.32142857142857145,0.35714285714285715,0.17857142857142858,0.42857142857142855,1.0714285714285714,0.4642857142857143,0.6071428571428571,0.6969678571428571,0.16087857142857143,0.02625,0.03234285714285714,0.08357857142857142,0.11154642857142857,0.7604464285714286,0.12801785714285713,0.016471428571428567,28
2023-03-22,0.07142857142857142,0.21428571428571427,0.0,0.0,0.0,0.0,0.0,0.35714285714285715,0.42857142857142855,0.14285714285714285,0.2857142857142857,0.6374214285714286,0.24317857142857144,0.02409285714285714,0.027078571428571428,0.06822142857142857,0.1995642857142857,0.6997357142857143,0.1007,-0.09886428571428572,14
2023-03-23,0.15555555555555556,0.24444444444444444,0.022222222222222223,0.37777777777777777,0.13333333333333333,0.35555555555555557,0.1111111111111111,0.35555555555555557,0.6666666666666666,0.4666666666666667,0.2,0.6753266666666667,0.2076666666666667,0.04386,0.025262222222222224,0.04787777777777778,0.16886666666666666,0.7067711111111111,0.12435555555555555,-0.04451111111111111,45
2023-03-24,0.09375,0.375,0.03125,0.1875,0.21875,0.21875,0.1875,0.40625,0.90625,0.375,0.53125,0.693878125,0.14705000000000001,0.044625,0.038278125,0.076159375,0.10352499999999999,0.71284375,0.183621875,0.080096875,32
2023-03-27,0.27941176470588236,0.36764705882352944,0.04411764705882353,0.25,0.10294117647058823,0.11764705882352941,0.10294117647058823,0.36764705882352944,0.5882352941176471,0.45588235294117646,0.1323529411764706,0.6027823529411764,0.23879999999999998,0.04802352941176471,0.03581323529411765,0.07459558823529411,0.15725,0.739575,0.10316617647058823,-0.05408382352941177,68
2023-03-28,0.1,0.3,0.06666666666666667,0.2,0.06666666666666667,0.13333333333333333,0.1,0.16666666666666666,0.3333333333333333,0.3333333333333333,0.0,0.6408866666666667,0.22093333333333334,0.04262,0.02189,0.07366666666666667,0.18550333333333333,0.7367366666666667,0.07775,-0.10775333333333333,30
2023-03-29,0.17391304347826086,0.391304347826087,0.0,0.2608695652173913,0.13043478260869565,0.30434782608695654,0.0,0.34782608695652173,0.6086956521739131,0.391304347826087,0.21739130434782608,0.7120739130434783,0.08147391304347826,0.022056521739130433,0.04116086956521739,0.1432217391304348,0.06121739130434782,0.8376,0.10117391304347825,0.03995652173913043,23
2023-03-30,0.2857142857142857,0.42857142857142855,0.09523809523809523,0.19047619047619047,0.14285714285714285,0.23809523809523808,0.047619047619047616,0.3333333333333333,0.5714285714285714,0.7619047619047619,-0.19047619047619047,0.672047619047619,0.20182857142857144,0.07183809523809523,0.024976190476190475,0.02932857142857143,0.28373333333333334,0.6497714285714286,0.0664952380952381,-0.21723809523809526,21
2023-03-31,0.10714285714285714,0.32142857142857145,0.03571428571428571,0.07142857142857142,0.10714285714285714,0.03571428571428571,0.14285714285714285,0.25,0.35714285714285715,0.14285714285714285,0.21428571428571427,0.74765,0.08288571428571427,0.026617857142857144,0.03154285714285714,0.11130357142857142,0.06174285714285715,0.8005285714285714,0.1377357142857143,0.07599285714285715,28
2023-04-03,0.18181818181818182,0.32323232323232326,0.0707070707070707,0.1919191919191919,0.20202020202020202,0.21212121212121213,0.1414141414141414,0.37373737373737376,0.8282828282828283,0.43434343434343436,0.3939393939393939,0.6773060606060606,0.19664242424242426,0.024824242424242422,0.030105050505050506,0.07112222222222223,0.11116262626262627,0.768280808080808,0.12055959595959595,0.009396969696969699,99
2023-04-04,0.19047619047619047,0.3333333333333333,0.0,0.14285714285714285,0.09523809523809523,0.14285714285714285,0.14285714285714285,0.47619047619047616,0.6666666666666666,0.42857142857142855,0.23809523809523808,0.7147238095238095,0.11273333333333332,0.031599999999999996,0.060338095238095246,0.08061428571428571,0.10390952380952381,0.7819190476190476,0.11417619047619047,0.010266666666666665,21
2023-04-05,0.14285714285714285,0.38095238095238093,0.0,0.14285714285714285,0.19047619047619047,0.14285714285714285,0.23809523809523808,0.2857142857142857,0.7142857142857143,0.38095238095238093,0.3333333333333333,0.6550666666666667,0.21687142857142855,0.02512380952380952,0.022885714285714287,0.08007619047619048,0.2724761904761904,0.6050857142857142,0.12241428571428571,-0.15006190476190476,21
2023-04-06,0.08333333333333333,0.08333333333333333,0.08333333333333333,0.25,0.08333333333333333,0.25,0.0,0.25,0.5,0.3333333333333333,0.16666666666666666,0.7235416666666666,0.1462,0.04176666666666667,0.029416666666666664,0.05907500000000001,0.14154999999999998,0.8019416666666667,0.05649166666666667,-0.08505833333333333,12
2023-04-10,0.13274336283185842,0.39823008849557523,0.02654867256637168,0.18584070796460178,0.17699115044247787,0.17699115044247787,0.1592920353982301,0.2743362831858407,0.6637168141592921,0.36283185840707965,0.3008849557522124,0.609441592920354,0.24833805309734514,0.04774690265486725,0.03219469026548673,0.062284955752212386,0.14873893805309735,0.7542902654867257,0.09696991150442477,-0.05176902654867257,113
2023-04-11,0.08823529411764706,0.5588235294117647,0.20588235294117646,0.29411764705882354,0.35294117647058826,0.029411764705882353,0.058823529411764705,0.47058823529411764,0.7352941176470589,0.17647058823529413,0.5588235294117647,0.7226411764705882,0.14784411764705882,0.02441470588235294,0.026911764705882354,0.07818235294117647,0.10461470588235294,0.7476176470588235,0.14774705882352943,0.043132352941176476,34
2023-04-12,0.0,0.1111111111111111,0.0,0.0,0.05555555555555555,0.1111111111111111,0.1111111111111111,0.5,0.3333333333333333,0.16666666666666666,0.16666666666666666,0.7390611111111112,0.17098888888888888,0.0272,0.027027777777777776,0.035727777777777775,0.07291111111111111,0.8389444444444445,0.08813333333333334,0.015222222222222224,18
2023-04-13,0.4117647058823529,0.29411764705882354,0.0,0.058823529411764705,0.058823529411764705,0.0,0.058823529411764705,0.23529411764705882,0.4117647058823529,0.4117647058823529,0.0,0.8693882352941177,0.05996470588235295,0.019441176470588236,0.021629411764705883,0.029523529411764705,0.06291176470588235,0.8790235294117648,0.05804705882352941,-0.004864705882352938,17
2023-04-14,0.0,0.4375,0.125,0.1875,0.1875,0.0625,0.0,0.3125,0.625,0.1875,0.4375,0.62831875,0.20828125,0.0325875,0.0314,0.0994125,0.1403,0.7782,0.0815,-0.058800000000000005,16
2023-04-17,0.2159090909090909,0.2727272727272727,0.06818181818181818,0.17045454545454544,0.1590909090909091,0.14772727272727273,0.10227272727272728,0.38636363636363635,0.6931818181818182,0.3409090909090909,0.3522727272727273,0.6584965909090909,0.17694545454545454,0.04677272727272727,0.04701136363636364,0.07078295454545455,0.12992159090909092,0.7582375,0.11184545454545454,-0.01807613636363636,88
2023-04-18,0.047619047619047616,0.19047619047619047,0.047619047619047616,0.19047619047619047,0.047619047619047616,0.42857142857142855,0.047619047619047616,0.42857142857142855,1.0,0.7619047619047619,0.23809523809523808,0.48825714285714283,0.3189238095238095,0.09364285714285715,0.04492857142857143,0.05426190476190476,0.18974761904761905,0.6851,0.12514285714285714,-0.0646047619047619,21
2023-04-19,0.35714285714285715,0.32142857142857145,0.14285714285714285,0.17857142857142858,0.17857142857142858,0.2857142857142857,0.21428571428571427,0.5,0.8571428571428571,0.32142857142857145,0.5357142857142857,0.6489714285714285,0.18052857142857143,0.038403571428571426,0.04328928571428571,0.0888,0.23852857142857142,0.6687464285714286,0.09272499999999999,-0.14580357142857142,28
2023-04-20,0.2,0.4666666666666667,0.1,0.2,0.3333333333333333,0.13333333333333333,0.03333333333333333,0.4666666666666667,0.8333333333333334,0.3333333333333333,0.5,0.5814066666666666,0.20204999999999998,0.04101,0.041473333333333334,0.13408,0.20959666666666665,0.6414166666666666,0.14897,-0.06062666666666667,30
2023-04-21,0.05714285714285714,0.3142857142857143,0.08571428571428572,0.22857142857142856,0.22857142857142856,0.14285714285714285,0.2,0.5714285714285714,1.0857142857142856,0.2571428571428571,0.8285714285714286,0.7153771428571428,0.16128285714285714,0.02158857142857143,0.03402571428571429,0.06773714285714286,0.036771428571428566,0.7787485714285715,0.18448,0.1477085714285714,35
2023-04-24,0.15151515151515152,0.3939393939393939,0.12121212121212122,0.21212121212121213,0.16666666666666666,0.19696969696969696,0.13636363636363635,0.2727272727272727,0.5606060606060606,0.3181818181818182,0.24242424242424243,0.6659909090909091,0.20777878787878787,0.04168030303030303,0.02867121212121212,0.05589545454545454,0.17066515151515152,0.7302651515151515,0.09906969696969696,-0.07159545454545455,66
2023-04-25,0.09090909090909091,0.6363636363636364,0.0,0.0,0.36363636363636365,0.09090909090909091,0.18181818181818182,0.45454545454545453,0.7272727272727273,0.18181818181818182,0.5454545454545454,0.7742181818181819,0.05161818181818181,0.020554545454545454,0.02504545454545454,0.12855454545454545,0.04097272727272727,0.7196272727272727,0.2394,0.19842727272727273,11
2023-04-26,0.2857142857142857,0.42857142857142855,0.19047619047619047,0.47619047619047616,0.14285714285714285,0.19047619047619047,0.09523809523809523,0.5238095238095238,1.0,0.47619047619047616,0.5238095238095238,0.6883666666666667,0.17353809523809524,0.02243809523809524,0.04648095238095238,0.06916666666666667,0.23442380952380953,0.6311238095238095,0.13444285714285714,-0.09998095238095239,21
2023-04-27,0.14285714285714285,0.42857142857142855,0.07142857142857142,0.14285714285714285,0.14285714285714285,0.07142857142857142,0.0,0.42857142857142855,0.35714285714285715,0.14285714285714285,0.21428571428571427,0.7007642857142857,0.1979571428571429,0.042100000000000005,0.0239,0.03527857142857143,0.13294285714285714,0.7207714285714285,0.1462857142857143,0.013342857142857148,14
2023-04-28,0.2692307692307692,0.4230769230769231,0.07692307692307693,0.2692307692307692,0.038461538461538464,0.19230769230769232,0.07692307692307693,0.38461538461538464,0.4230769230769231,0.46153846153846156,-0.038461538461538464,0.6336076923076923,0.13288846153846154,0.04096538461538461,0.07343461538461539,0.11908076923076923,0.13595,0.7249076923076923,0.13916153846153845,0.003211538461538458,26
2023-05-01,0.0975609756097561,0.24390243902439024,0.012195121951219513,0.0975609756097561,0.13414634146341464,0.15853658536585366,0.10975609756097561,0.4878048780487805,0.6707317073170732,0.25609756097560976,0.4146341463414634,0.6104475609756097,0.23954268292682926,0.03683536585365854,0.03511341463414634,0.07806219512195121,0.15060243902439024,0.7377585365853658,0.11164146341463416,-0.0389609756097561,82
2023-05-02,0.08,0.2,0.0,0.08,0.24,0.04,0.04,0.48,1.28,0.2,1.08,0.7700919999999999,0.100856,0.022552,0.039972,0.066512,0.057428,0.84178,0.10080399999999999,0.043376,25
2023-05-03,0.125,0.375,0.0,0.125,0.25,0.25,0.125,0.5,1.125,0.625,0.5,0.6828625,0.2126625,0.048175,0.026825,0.029525000000000003,0.14989999999999998,0.6809499999999999,0.16915000000000002,0.019250000000000003,8
2023-05-04,0.3076923076923077,0.5769230769230769,0.19230769230769232,0.19230769230769232,0.23076923076923078,0.2692307692307692,0.19230769230769232,0.5769230769230769,1.2692307692307692,0.3076923076923077,0.9615384615384616,0.5789576923076922,0.2555230769230769,0.06130000000000001,0.050973076923076927,0.05324230769230769,0.14304999999999998,0.7765269230769231,0.08041538461538461,-0.06263461538461539,26
2023-05-05,0.2962962962962963,0.5555555555555556,0.1111111111111111,0.2222222222222222,0.3333333333333333,0.1111111111111111,0.1111111111111111,0.48148148148148145,0.7037037037037037,0.4444444444444444,0.25925925925925924,0.5932111111111111,0.23106666666666667,0.02446296296296296,0.04929259259259259,0.10196296296296296,0.04808148148148148,0.7848037037037037,0.16711851851851853,0.11903703703703704,27
2023-05-08,0.12727272727272726,0.41818181818181815,0.03636363636363636,0.10909090909090909,0.2727272727272727,0.07272727272727272,0.12727272727272726,0.5818181818181818,0.9818181818181818,0.2,0.7818181818181819,0.6778509090909091,0.16585454545454545,0.034952727272727274,0.028905454545454547,0.09242363636363637,0.14604,0.7122909090909091,0.14165090909090908,-0.0043890909090909085,55
2023-05-09,0.125,0.125,0.0,0.0,0.0625,0.0,0.0,0.25,0.6875,0.1875,0.5,0.85024375,0.06414375,0.02433125,0.0248875,0.03639375,0.09681875,0.78775,0.11543750000000001,0.01861875,16
2023-05-10,0.08823529411764706,0.3235294117647059,0.029411764705882353,0.11764705882352941,0.058823529411764705,0.17647058823529413,0.0,0.20588235294117646,0.6470588235294118,0.29411764705882354,0.35294117647058826,0.6541911764705882,0.20138235294117648,0.0483,0.03954411764705883,0.05657941176470588,0.1766558823529412,0.734464705882353,0.08887352941176471,-0.08778235294117646,34
2023-05-11,0.05263157894736842,0.23684210526315788,0.02631578947368421,0.07894736842105263,0.15789473684210525,0.07894736842105263,0.07894736842105263,0.42105263157894735,0.8421052631578947,0.13157894736842105,0.7105263157894737,0.6956842105263158,0.16273684210526315,0.03509210526315789,0.046121052631578945,0.06036052631578948,0.07287631578947368,0.8263578947368422,0.10076052631578947,0.027884210526315786,38
2023-05-12,0.23529411764705882,0.35294117647058826,0.23529411764705882,0.23529411764705882,0.17647058823529413,0.29411764705882354,0.29411764705882354,0.23529411764705882,0.5882352941176471,0.29411764705882354,0.29411764705882354,0.6194941176470588,0.10041764705882353,0.07644705882352942,0.0571,0.14653529411764704,0.17891176470588235,0.6788647058823529,0.14224117647058823,-0.036670588235294115,17
2023-05-15,0.08620689655172414,0.3275862068965517,0.06896551724137931,0.1724137931034483,0.22413793103448276,0.1896551724137931,0.1896551724137931,0.3275862068965517,0.5344827586206896,0.25862068965517243,0.27586206896551724,0.6879879310344827,0.1719844827586207,0.028160344827586205,0.02904310344827586,0.08282586206896553,0.09876896551724137,0.8105724137931034,0.09066551724137932,-0.008103448275862067,58
2023-05-16,0.25,0.5,0.09375,0.3125,0.21875,0.34375,0.09375,0.5625,0.65625,0.625,0.03125,0.703353125,0.172103125,0.03714375,0.036184375,0.051215625,0.24119375,0.708203125,0.050596875,-0.190596875,32
2023-05-17,0.07142857142857142,0.21428571428571427,0.0,0.14285714285714285,0.07142857142857142,0.21428571428571427,0.0,0.07142857142857142,0.5,0.21428571428571427,0.2857142857142857,0.7710214285714285,0.10840000000000001,0.025857142857142856,0.02392857142857143,0.07077857142857143,0.10548571428571428,0.8159785714285714,0.07852857142857142,-0.026957142857142864,14
2023-05-18,0.05555555555555555,0.1111111111111111,0.05555555555555555,0.1111111111111111,0.1388888888888889,0.08333333333333333,0.08333333333333333,0.3611111111111111,0.6388888888888888,0.25,0.3888888888888889,0.665225,0.21785277777777778,0.034091666666666666,0.031275,0.051555555555555556,0.2384861111111111,0.6646777777777778,0.09684166666666666,-0.14164444444444446,36
2023-05-19,0.18181818181818182,0.3181818181818182,0.0,0.09090909090909091,0.09090909090909091,0.09090909090909091,0.09090909090909091,0.6363636363636364,0.5454545454545454,0.45454545454545453,0.09090909090909091,0.7809954545454545,0.11993636363636365,0.0357,0.024181818181818183,0.03917727272727273,0.13523181818181818,0.8026863636363636,0.06207272727272727,-0.07315909090909091,22
2023-05-22,0.0958904109589041,0.2328767123287671,0.0,0.1643835616438356,0.1232876712328767,0.136986301369863,0.0958904109589041,0.3424657534246575,0.5205479452054794,0.2465753424657534,0.273972602739726,0.6863684931506849,0.1720835616438356,0.04810684931506849,0.02925479452054795,0.06418219178082192,0.13986438356164385,0.7799904109589042,0.08014657534246575,-0.05971780821917808,73
2023-05-23,0.09523809523809523,0.047619047619047616,0.047619047619047616,0.047619047619047616,0.09523809523809523,0.09523809523809523,0.047619047619047616,0.3333333333333333,1.4761904761904763,0.19047619047619047,1.2857142857142858,0.5095857142857143,0.24548571428571428,0.061066666666666665,0.035057142857142856,0.14883809523809524,0.12103809523809524,0.7590380952380953,0.1199,-0.001138095238095237,21
2023-05-24,0.1,0.25,0.05,0.1,0.1,0.05,0.05,0.25,0.75,0.25,0.5,0.647575,0.220295,0.024829999999999998,0.020725,0.086575,0.071535,0.77706,0.1514,0.07986499999999999,20
2023-05-25,0.14285714285714285,0.21428571428571427,0.0,0.14285714285714285,0.42857142857142855,0.0,0.14285714285714285,0.5,1.0,0.21428571428571427,0.7857142857142857,0.6483142857142857,0.14424285714285714,0.024878571428571427,0.03542857142857143,0.14711428571428573,0.09350714285714286,0.6026714285714286,0.3038142857142857,0.21030714285714286,14
2023-05-26,0.07692307692307693,0.23076923076923078,0.23076923076923078,0.07692307692307693,0.23076923076923078,0.15384615384615385,0.15384615384615385,0.5384615384615384,0.8076923076923077,0.3076923076923077,0.5,0.6886038461538462,0.1715576923076923,0.05178076923076923,0.039115384615384614,0.04894230769230769,0.10881153846153846,0.7838538461538462,0.10732307692307692,-0.0014884615384615368,26
2023-05-30,0.16326530612244897,0.24489795918367346,0.04081632653061224,0.061224489795918366,0.061224489795918366,0.10204081632653061,0.10204081632653061,0.22448979591836735,0.6122448979591837,0.2857142857142857,0.32653061224489793,0.6926795918367347,0.1773591836734694,0.02737142857142857,0.029155102040816325,0.0734530612244898,0.08947755102040816,0.7942448979591836,0.11626530612244898,0.02678775510204082,49
2023-05-31,0.0,0.5,0.0,0.1,0.2,0.0,0.0,0.3,0.6,0.1,0.5,0.6113999999999999,0.27066,0.028849999999999997,0.025009999999999998,0.06412,0.20838,0.7137100000000001,0.07791,-0.13047,10
2023-06-01,0.17391304347826086,0.30434782608695654,0.043478260869565216,0.2608695652173913,0.13043478260869565,0.17391304347826086,0.13043478260869565,0.30434782608695654,0.43478260869565216,0.43478260869565216,0.0,0.7164173913043478,0.16390434782608695,0.02373913043478261,0.04071739130434782,0.05520434782608696,0.08599565217391304,0.8565652173913044,0.05744347826086956,-0.028552173913043478,23
2023-06-02,0.06451612903225806,0.3870967741935484,0.12903225806451613,0.12903225806451613,0.25806451612903225,0.0967741935483871,0.1935483870967742,0.41935483870967744,1.1612903225806452,0.3225806451612903,0.8387096774193549,0.7046258064516129,0.12249354838709677,0.03898387096774193,0.05704516129032258,0.07685483870967741,0.09977741935483872,0.8058096774193548,0.09441612903225806,-0.0053612903225806405,31
2023-06-05,0.26785714285714285,0.32142857142857145,0.03571428571428571,0.19642857142857142,0.125,0.17857142857142858,0.125,0.30357142857142855,0.5714285714285714,0.48214285714285715,0.08928571428571429,0.7124607142857142,0.15327857142857143,0.027785714285714285,0.03988214285714286,0.0665875,0.1217,0.7532410714285714,0.12505357142857143,0.003353571428571428,56
2023-06-06,0.08333333333333333,0.25,0.0,0.16666666666666666,0.25,0.16666666666666666,0.08333333333333333,0.16666666666666666,0.8333333333333334,0.25,0.5833333333333334,0.7238083333333334,0.08054166666666666,0.01645,0.07352500000000001,0.10570833333333333,0.09220833333333334,0.8140583333333332,0.09375833333333333,0.0015500000000000034,12
2023-06-07,0.0,0.05555555555555555,0.0,0.05555555555555555,0.16666666666666666,0.05555555555555555,0.05555555555555555,0.3333333333333333,0.6666666666666666,0.1111111111111111,0.5555555555555556,0.7907833333333333,0.10551666666666666,0.023616666666666664,0.026727777777777777,0.05336111111111111,0.06590000000000001,0.7681888888888888,0.16592777777777779,0.10002777777777777,18
2023-06-08,0.07692307692307693,0.07692307692307693,0.0,0.07692307692307693,0.0,0.0,0.0,0.3076923076923077,0.8461538461538461,0.15384615384615385,0.6923076923076923,0.8385230769230769,0.07033076923076922,0.02823846153846154,0.02576153846153846,0.03713076923076923,0.06246153846153846,0.7936615384615385,0.1438923076923077,0.08143076923076922,13
2023-06-09,0.06666666666666667,0.06666666666666667,0.06666666666666667,0.26666666666666666,0.0,0.0,0.03333333333333333,0.26666666666666666,0.3333333333333333,0.06666666666666667,0.26666666666666666,0.5867366666666667,0.19505666666666668,0.07481333333333334,0.026596666666666664,0.11679666666666666,0.16612666666666664,0.7566066666666666,0.07726333333333332,-0.08886333333333334,30
2023-06-12,0.10344827586206896,0.27586206896551724,0.06896551724137931,0.06896551724137931,0.034482758620689655,0.10344827586206896,0.034482758620689655,0.06896551724137931,0.2413793103448276,0.13793103448275862,0.10344827586206896,0.6420965517241379,0.21893793103448275,0.04316206896551724,0.02636896551724138,0.06944137931034482,0.12382068965517243,0.787651724137931,0.08852068965517242,-0.035300000000000005,29
2023-06-15,0.0,1.0,0.0,0.0,0.0,0.0,0.0,0.0,1.0,0.0,1.0,0.81155,0.03465,0.0189,0.0688,0.06609999999999999,0.014799999999999999,0.85345,0.1318,0.117,2
2023-06-16,0.14285714285714285,0.2571428571428571,0.0,0.17142857142857143,0.11428571428571428,0.08571428571428572,0.0,0.45714285714285713,0.7142857142857143,0.2,0.5142857142857142,0.6740342857142857,0.15635428571428572,0.03426571428571429,0.043705714285714285,0.09166,0.04297142857142857,0.8185771428571429,0.13844857142857142,0.09547714285714286,35
2023-06-20,0.13636363636363635,0.39090909090909093,0.07272727272727272,0.2,0.16363636363636364,0.15454545454545454,0.17272727272727273,0.36363636363636365,0.5363636363636364,0.3,0.23636363636363636,0.6398554545454546,0.21117818181818182,0.04283636363636363,0.03089181818181818,0.0752409090909091,0.15414181818181819,0.7136563636363636,0.13220181818181817,-0.02194,110
2023-06-21,0.18421052631578946,0.34210526315789475,0.05263157894736842,0.21052631578947367,0.15789473684210525,0.18421052631578946,0.05263157894736842,0.3157894736842105,0.6578947368421053,0.39473684210526316,0.2631578947368421,0.6408657894736842,0.14577105263157894,0.0226,0.036839473684210526,0.15390263157894737,0.07701315789473684,0.7414894736842106,0.18150526315789473,0.10449210526315789,38
2023-06-22,0.07692307692307693,0.23076923076923078,0.0,0.07692307692307693,0.0,0.0,0.0,0.15384615384615385,0.15384615384615385,0.15384615384615385,0.0,0.7634846153846154,0.14723076923076922,0.026061538461538462,0.023692307692307693,0.03953076923076923,0.15198461538461538,0.7982230769230768,0.0498076923076923,-0.10217692307692308,13
2023-06-23,0.0,0.3333333333333333,0.0,0.125,0.041666666666666664,0.25,0.08333333333333333,0.20833333333333334,0.5,0.20833333333333334,0.2916666666666667,0.6663333333333333,0.21201666666666666,0.027366666666666668,0.029395833333333333,0.0649,0.18628333333333336,0.7423375,0.07135833333333333,-0.114925,24
2023-06-26,0.16363636363636364,0.16363636363636364,0.05454545454545454,0.2,0.0,0.14545454545454545,0.03636363636363636,0.2,0.45454545454545453,0.34545454545454546,0.10909090909090909,0.7449563636363636,0.13878181818181817,0.02963090909090909,0.03736909090909091,0.04926363636363637,0.12718000000000002,0.7935309090909091,0.07929090909090909,-0.04788909090909091,55
2023-06-27,0.16216216216216217,0.40540540540540543,0.05405405405405406,0.21621621621621623,0.02702702702702703,0.16216216216216217,0.05405405405405406,0.2972972972972973,0.5675675675675675,0.4594594594594595,0.10810810810810811,0.570881081081081,0.24806486486486487,0.0506972972972973,0.04621891891891892,0.08413243243243244,0.15522702702702704,0.6692378378378379,0.17552702702702705,0.020300000000000002,37
2023-06-28,0.3333333333333333,0.3333333333333333,0.06666666666666667,0.2,0.13333333333333333,0.13333333333333333,0.13333333333333333,0.26666666666666666,0.5333333333333333,0.4,0.13333333333333333,0.67942,0.08886,0.025019999999999997,0.05131333333333333,0.15538000000000002,0.1483533333333333,0.6331133333333334,0.21852666666666665,0.07017333333333334,15
2023-06-29,0.1724137931034483,0.27586206896551724,0.10344827586206896,0.27586206896551724,0.20689655172413793,0.20689655172413793,0.2413793103448276,0.20689655172413793,0.5517241379310345,0.3103448275862069,0.2413793103448276,0.7630241379310345,0.12865862068965517,0.048003448275862066,0.02282068965517241,0.037503448275862064,0.1844655172413793,0.7454586206896552,0.0700655172413793,-0.11439999999999999,29
2023-06-30,0.17857142857142858,0.2857142857142857,0.14285714285714285,0.07142857142857142,0.17857142857142858,0.14285714285714285,0.07142857142857142,0.35714285714285715,0.42857142857142855,0.32142857142857145,0.10714285714285714,0.6244821428571428,0.15405357142857143,0.056917857142857145,0.041596428571428576,0.12293928571428571,0.1441142857142857,0.7002071428571428,0.15566785714285714,0.011553571428571427,28
2023-07-03,0.1267605633802817,0.2112676056338028,0.04225352112676056,0.28169014084507044,0.11267605633802817,0.23943661971830985,0.028169014084507043,0.3380281690140845,0.6056338028169014,0.43661971830985913,0.16901408450704225,0.6661323943661972,0.20746760563380282,0.04359014084507042,0.02613380281690141,0.056674647887323945,0.1189507042253521,0.778530985915493,0.10251830985915493,-0.016432394366197183,71
2023-07-05,0.09090909090909091,0.1590909090909091,0.022727272727272728,0.20454545454545456,0.06818181818181818,0.11363636363636363,0.045454545454545456,0.38636363636363635,0.6818181818181818,0.22727272727272727,0.45454545454545453,0.6574090909090908,0.22004318181818183,0.031154545454545456,0.023888636363636362,0.06750227272727273,0.2314568181818182,0.688225,0.080325,-0.15113181818181817,44
2023-07-06,0.05,0.1,0.0,0.15,0.0,0.15,0.2,0.1,0.75,0.3,0.45,0.805925,0.09327500000000001,0.021435000000000003,0.029035,0.050324999999999995,0.112425,0.745005,0.14257999999999998,0.030155000000000008,20
2023-07-07,0.08333333333333333,0.3333333333333333,0.08333333333333333,0.0,0.0,0.08333333333333333,0.0,0.4166666666666667,0.6666666666666666,0.08333333333333333,0.5833333333333334,0.808675,0.063925,0.017416666666666667,0.027024999999999997,0.08298333333333333,0.02358333333333333,0.8373166666666667,0.13910833333333333,0.115525,12
2023-07-10,0.03389830508474576,0.3898305084745763,0.06779661016949153,0.2711864406779661,0.13559322033898305,0.1864406779661017,0.11864406779661017,0.4745762711864407,0.8813559322033898,0.288135593220339,0.5932203389830508,0.6762694915254238,0.17279322033898306,0.041886440677966104,0.04064915254237288,0.06839830508474576,0.15370677966101695,0.7348440677966102,0.11143220338983052,-0.042274576271186436,59
2023-07-11,0.125,0.375,0.16666666666666666,0.16666666666666666,0.16666666666666666,0.20833333333333334,0.125,0.3333333333333333,0.8333333333333334,0.2916666666666667,0.5416666666666666,0.6064625,0.17489583333333333,0.029037499999999997,0.0318875,0.15772916666666667,0.06324166666666667,0.8223375,0.114425,0.05118333333333334,24
2023-07-12,0.1891891891891892,0.5405405405405406,0.05405405405405406,0.1891891891891892,0.2972972972972973,0.16216216216216217,0.10810810810810811,0.40540540540540543,0.7027027027027027,0.43243243243243246,0.2702702702702703,0.5442513513513514,0.2658162162162162,0.03975675675675676,0.03794864864864864,0.11221891891891891,0.09122702702702702,0.7804432432432432,0.1283216216216216,0.037094594594594604,37
2023-07-13,0.15625,0.3125,0.125,0.1875,0.03125,0.125,0.0,0.09375,0.625,0.3125,0.3125,0.631675,0.199446875,0.043675,0.030756250000000002,0.09445,0.25206875,0.63005,0.117896875,-0.134171875,32
2023-07-14,0.041666666666666664,0.16666666666666666,0.041666666666666664,0.041666666666666664,0.16666666666666666,0.041666666666666664,0.041666666666666664,0.20833333333333334,0.875,0.125,0.75,0.7268333333333333,0.1802541666666667,0.0372375,0.019925000000000002,0.035758333333333336,0.14146250000000002,0.7686375,0.08987916666666666,-0.051583333333333335,24
2023-07-17,0.08196721311475409,0.4262295081967213,0.04918032786885246,0.14754098360655737,0.21311475409836064,0.04918032786885246,0.13114754098360656,0.3442622950819672,0.8032786885245902,0.18032786885245902,0.6229508196721312,0.6361245901639345,0.20282131147540983,0.0413655737704918,0.031055737704918034,0.08862786885245902,0.10034754098360656,0.7848081967213115,0.11484918032786885,0.01450163934426229,61
2023-07-18,0.07692307692307693,0.38461538461538464,0.0,0.07692307692307693,0.15384615384615385,0.0,0.15384615384615385,0.6153846153846154,0.7692307692307693,0.23076923076923078,0.5384615384615384,0.6887846153846154,0.12378461538461538,0.03976923076923077,0.08367692307692308,0.06401538461538461,0.1717923076923077,0.6133153846153846,0.21489999999999998,0.043107692307692305,13
2023-07-19,0.05555555555555555,0.2777777777777778,0.0,0.05555555555555555,0.0,0.05555555555555555,0.0,0.4444444444444444,0.6666666666666666,0.1111111111111111,0.5555555555555556,0.6411111111111111,0.20303888888888888,0.0312,0.022594444444444445,0.10206666666666667,0.07892222222222223,0.8085444444444444,0.11252777777777778,0.033605555555555555,18
2023-07-20,0.1111111111111111,0.16666666666666666,0.1111111111111111,0.1111111111111111,0.1111111111111111,0.0,0.1111111111111111,0.4444444444444444,1.1111111111111112,0.1111111111111111,1.0,0.7857944444444445,0.12722222222222224,0.020188888888888888,0.02092222222222222,0.04588333333333333,0.11005000000000001,0.7874666666666666,0.10247222222222223,-0.007577777777777777,18
2023-07-21,0.28,0.6,0.2,0.36,0.16,0.28,0.12,0.2,0.4,0.56,-0.16,0.671748,0.15368,0.03782,0.033952,0.102788,0.32440800000000003,0.591464,0.08413999999999999,-0.240268,25
2023-07-24,0.125,0.171875,0.078125,0.140625,0.109375,0.21875,0.0625,0.265625,0.640625,0.359375,0.28125,0.628346875,0.200234375,0.060331249999999996,0.034146875,0.07693125,0.159546875,0.747509375,0.092953125,-0.06659375,64
2023-07-25,0.38095238095238093,0.23809523809523808,0.09523809523809523,0.23809523809523808,0.14285714285714285,0.42857142857142855,0.047619047619047616,0.5714285714285714,0.47619047619047616,0.6190476190476191,-0.14285714285714285,0.6851190476190476,0.1933333333333333,0.05540952380952381,0.027161904761904762,0.03898571428571428,0.20653809523809524,0.6738619047619048,0.11962380952380951,-0.08691428571428571,21
2023-07-26,0.125,0.25,0.1875,0.625,0.125,0.375,0.0,0.25,0.625,0.4375,0.1875,0.74363125,0.1213375,0.0376125,0.04776875,0.0496375,0.05868125,0.71556875,0.2257375,0.16705625,16
2023-07-27,0.0,0.0,0.0,0.0625,0.0,0.0,0.0,0.0625,0.125,0.0,0.125,0.6683375,0.22855625000000002,0.030625,0.02175,0.05070625,0.03424375,0.822275,0.14349375,0.10925,16
2023-07-28,0.1,0.15,0.0,0.05,0.15,0.1,0.15,0.4,0.95,0.2,0.75,0.729465,0.11247,0.049655,0.032635000000000004,0.07577,0.155025,0.721745,0.123225,-0.0318,20
2023-07-31,0.16129032258064516,0.24193548387096775,0.0967741935483871,0.08064516129032258,0.06451612903225806,0.25806451612903225,0.04838709677419355,0.43548387096774194,0.8225806451612904,0.41935483870967744,0.4032258064516129,0.7295935483870968,0.13858387096774194,0.03620967741935484,0.0423516129032258,0.05326612903225806,0.15561451612903224,0.7560935483870967,0.0882967741935484,-0.06731774193548387,62
2023-08-01,0.1111111111111111,0.05555555555555555,0.05555555555555555,0.2777777777777778,0.05555555555555555,0.1111111111111111,0.05555555555555555,0.6111111111111112,0.6111111111111112,0.1111111111111111,0.5,0.7239333333333333,0.14107777777777777,0.024661111111111113,0.04572222222222222,0.06461111111111112,0.038011111111111114,0.7159055555555556,0.2461,0.20808888888888888,18
2023-08-02,0.07142857142857142,0.2857142857142857,0.0,0.21428571428571427,0.21428571428571427,0.14285714285714285,0.0,0.2857142857142857,0.6428571428571429,0.14285714285714285,0.5,0.7594571428571429,0.1398,0.03027857142857143,0.03597857142857143,0.03444285714285714,0.07157857142857142,0.8734571428571429,0.05496428571428571,-0.01661428571428571,14
2023-08-03,0.0,0.08,0.04,0.16,0.04,0.16,0.16,0.44,0.88,0.16,0.72,0.756024,0.145916,0.023039999999999998,0.023483999999999998,0.051556,0.055128,0.819704,0.12516,0.07003200000000001,25
2023-08-04,0.0,0.2222222222222222,0.0,0.1111111111111111,0.0,0.0,0.0,0.2222222222222222,0.3333333333333333,0.0,0.3333333333333333,0.7848111111111111,0.12313333333333334,0.023133333333333332,0.026733333333333335,0.04217777777777778,0.18036666666666668,0.6863888888888889,0.13322222222222224,-0.04714444444444445,9
2023-08-07,0.16071428571428573,0.30357142857142855,0.05357142857142857,0.16071428571428573,0.08928571428571429,0.21428571428571427,0.07142857142857142,0.25,0.7321428571428571,0.3392857142857143,0.39285714285714285,0.6101785714285715,0.2314142857142857,0.040049999999999995,0.03259464285714286,0.08577321428571429,0.09966428571428572,0.757325,0.14300357142857142,0.04333928571428571,56
2023-08-08,0.16666666666666666,0.4722222222222222,0.027777777777777776,0.3055555555555556,0.0,0.3611111111111111,0.0,0.3888888888888889,0.3611111111111111,0.6388888888888888,-0.2777777777777778,0.8001583333333334,0.12203055555555554,0.01998888888888889,0.02173611111111111,0.03607777777777778,0.23403055555555557,0.7143999999999999,0.051575,-0.18245555555555554,36
2023-08-09,0.1935483870967742,0.3548387096774194,0.0967741935483871,0.3870967741935484,0.0967741935483871,0.3548387096774194,0.12903225806451613,0.3548387096774194,0.6129032258064516,0.5806451612903226,0.03225806451612903,0.5846064516129033,0.2618935483870968,0.04756451612903226,0.02616451612903226,0.07978387096774193,0.18666451612903226,0.6834064516129033,0.1299322580645161,-0.056732258064516136,31
2023-08-10,0.16666666666666666,0.16666666666666666,0.08333333333333333,0.25,0.25,0.08333333333333333,0.0,0.25,1.1666666666666667,0.25,0.9166666666666666,0.8443,0.04373333333333334,0.023275,0.032275000000000005,0.056425,0.037908333333333336,0.8991583333333333,0.06294999999999999,0.02504166666666667,12
2023-08-11,0.14705882352941177,0.23529411764705882,0.029411764705882353,0.14705882352941177,0.20588235294117646,0.058823529411764705,0.20588235294117646,0.35294117647058826,0.8823529411764706,0.29411764705882354,0.5882352941176471,0.6327088235294118,0.24634117647058826,0.02815,0.02718823529411765,0.06561764705882353,0.10155,0.791385294117647,0.10705882352941176,0.005508823529411764,34
2023-08-14,0.23529411764705882,0.3137254901960784,0.09803921568627451,0.2549019607843137,0.09803921568627451,0.19607843137254902,0.0,0.3333333333333333,0.7254901960784313,0.49019607843137253,0.23529411764705882,0.6097549019607843,0.2260921568627451,0.04623725490196079,0.04193921568627451,0.07598235294117647,0.12219411764705881,0.7225019607843137,0.15530196078431371,0.03310784313725491,51
2023-08-15,0.125,0.25,0.0,0.20833333333333334,0.20833333333333334,0.08333333333333333,0.08333333333333333,0.4583333333333333,0.8333333333333334,0.25,0.5833333333333334,0.7885624999999999,0.0951125,0.02312916666666667,0.020708333333333332,0.07246666666666667,0.0380875,0.8577374999999999,0.10415,0.06606250000000001,24
2023-08-16,0.16216216216216217,0.3783783783783784,0.02702702702702703,0.13513513513513514,0.13513513513513514,0.16216216216216217,0.10810810810810811,0.2972972972972973,0.4594594594594595,0.32432432432432434,0.13513513513513514,0.6466567567567568,0.1747081081081081,0.05065675675675676,0.045675675675675674,0.08231351351351351,0.062156756756756755,0.8491054054054055,0.08874054054054054,0.026583783783783784,37
2023-08-17,0.15,0.1,0.15,0.25,0.1,0.15,0.0,0.65,0.9,0.35,0.55,0.779105,0.10808,0.0294,0.037355,0.04607,0.14326,0.7491749999999999,0.107575,-0.035685,20
2023-08-18,0.10810810810810811,0.08108108108108109,0.05405405405405406,0.13513513513513514,0.10810810810810811,0.13513513513513514,0.08108108108108109,0.32432432432432434,0.972972972972973,0.40540540540540543,0.5675675675675675,0.6259756756756757,0.1974243243243243,0.08666756756756758,0.02901621621621622,0.06090810810810811,0.20371621621621622,0.6055486486486487,0.190727027027027,-0.012989189189189189,37
2023-08-21,0.13953488372093023,0.2558139534883721,0.023255813953488372,0.16279069767441862,0.11627906976744186,0.1511627906976744,0.11627906976744186,0.38372093023255816,0.5813953488372093,0.313953488372093,0.26744186046511625,0.6637453488372093,0.19278255813953488,0.04555116279069767,0.028477906976744186,0.06943837209302325,0.1125453488372093,0.780289534883721,0.10717093023255814,-0.005374418604651161,86
2023-08-22,0.10526315789473684,0.3684210526315789,0.0,0.15789473684210525,0.05263157894736842,0.05263157894736842,0.05263157894736842,0.3157894736842105,0.8421052631578947,0.15789473684210525,0.6842105263157895,0.7783578947368421,0.11044210526315788,0.054036842105263154,0.02152631578947368,0.03562105263157894,0.028557894736842105,0.8914526315789474,0.08,0.0514421052631579,19
2023-08-23,0.23404255319148937,0.2553191489361702,0.02127659574468085,0.10638297872340426,0.14893617021276595,0.2765957446808511,0.1276595744680851,0.2553191489361702,0.5106382978723404,0.5531914893617021,-0.0425531914893617,0.6154446808510639,0.23550000000000001,0.0320468085106383,0.028370212765957446,0.08861489361702128,0.1662659574468085,0.7330382978723405,0.10067872340425534,-0.06558723404255319,47
2023-08-24,0.15384615384615385,0.15384615384615385,0.0,0.3076923076923077,0.07692307692307693,0.15384615384615385,0.07692307692307693,0.07692307692307693,0.46153846153846156,0.23076923076923078,0.23076923076923078,0.718776923076923,0.18219999999999997,0.039915384615384616,0.025515384615384613,0.033615384615384616,0.04580769230769231,0.8255846153846154,0.1286153846153846,0.0828076923076923,13
2023-08-25,0.11764705882352941,0.11764705882352941,0.0,0.058823529411764705,0.11764705882352941,0.11764705882352941,0.11764705882352941,0.11764705882352941,0.5294117647058824,0.23529411764705882,0.29411764705882354,0.7434647058823529,0.11104117647058824,0.0525,0.0375,0.05548235294117647,0.1512529411764706,0.722629411764706,0.1261,-0.02515294117647059,17
2023-08-28,0.08620689655172414,0.41379310344827586,0.0,0.06896551724137931,0.15517241379310345,0.10344827586206896,0.08620689655172414,0.3275862068965517,0.7068965517241379,0.22413793103448276,0.4827586206896552,0.6405758620689654,0.16585862068965518,0.046308620689655175,0.04244655172413793,0.10480344827586206,0.14392241379310344,0.7396017241379311,0.1164603448275862,-0.027462068965517242,58
2023-08-29,0.13636363636363635,0.09090909090909091,0.045454545454545456,0.18181818181818182,0.13636363636363635,0.09090909090909091,0.045454545454545456,0.18181818181818182,0.7727272727272727,0.3181818181818182,0.45454545454545453,0.6360954545454546,0.24313636363636365,0.031072727272727273,0.03224545454545455,0.05745454545454545,0.12146363636363637,0.7389318181818182,0.13960454545454545,0.018140909090909096,22
2023-08-30,0.09523809523809523,0.14285714285714285,0.09523809523809523,0.19047619047619047,0.09523809523809523,0.14285714285714285,0.047619047619047616,0.19047619047619047,0.42857142857142855,0.19047619047619047,0.23809523809523808,0.7572952380952381,0.09270476190476191,0.024576190476190477,0.04869047619047619,0.07673809523809523,0.17245714285714286,0.6960809523809524,0.13146190476190475,-0.04099523809523809,21
2023-08-31,0.15625,0.40625,0.09375,0.15625,0.21875,0.15625,0.03125,0.5,0.875,0.28125,0.59375,0.610796875,0.21128125,0.07633125,0.035128125,0.066465625,0.262775,0.585715625,0.151503125,-0.11127187499999999,32
2023-09-01,0.21428571428571427,0.35714285714285715,0.0,0.0,0.21428571428571427,0.0,0.07142857142857142,0.5,1.0714285714285714,0.2857142857142857,0.7857142857142857,0.6416428571428572,0.2137357142857143,0.029028571428571428,0.0317,0.0838857142857143,0.08658571428571428,0.7335285714285714,0.1798857142857143,0.09330000000000001,14
2023-09-05,0.0782608695652174,0.21739130434782608,0.034782608695652174,0.12173913043478261,0.11304347826086956,0.13043478260869565,0.0782608695652174,0.28695652173913044,0.7043478260869566,0.21739130434782608,0.48695652173913045,0.6225060869565218,0.17977304347826087,0.03836695652173913,0.041239130434782605,0.11811652173913043,0.10591652173913044,0.7415452173913043,0.15253478260869566,0.04661826086956521,115
2023-09-06,0.08333333333333333,0.125,0.041666666666666664,0.08333333333333333,0.0,0.16666666666666666,0.0,0.041666666666666664,0.375,0.25,0.125,0.7608583333333333,0.0913875,0.0393625,0.026241666666666667,0.0821625,0.13337083333333336,0.7392541666666667,0.12738333333333332,-0.005987500000000007,24
2023-09-07,0.2,0.2,0.0,0.1,0.0,0.05,0.0,0.25,0.5,0.3,0.2,0.678115,0.17951,0.0252,0.031655,0.085525,0.085675,0.826065,0.08824,0.0025649999999999965,20
2023-09-08,0.17391304347826086,0.2608695652173913,0.30434782608695654,0.30434782608695654,0.2608695652173913,0.17391304347826086,0.08695652173913043,0.34782608695652173,1.0869565217391304,0.2608695652173913,0.8260869565217391,0.6132130434782609,0.1773391304347826,0.05972173913043478,0.03372173913043478,0.116,0.11940434782608697,0.7173304347826087,0.1632695652173913,0.04386521739130434,23
2023-09-11,0.13559322033898305,0.1864406779661017,0.03389830508474576,0.15254237288135594,0.03389830508474576,0.1016949152542373,0.0,0.23728813559322035,0.423728813559322,0.23728813559322035,0.1864406779661017,0.7042305084745762,0.15540508474576273,0.034591525423728814,0.034059322033898304,0.07170169491525424,0.14172881355932204,0.7688,0.08947118644067796,-0.05225762711864406,59
2023-09-12,0.041666666666666664,0.041666666666666664,0.041666666666666664,0.08333333333333333,0.041666666666666664,0.08333333333333333,0.041666666666666664,0.16666666666666666,0.7083333333333334,0.125,0.5833333333333334,0.7258708333333334,0.16903749999999998,0.028808333333333335,0.027287500000000003,0.04899583333333333,0.09140833333333333,0.8416541666666667,0.0669375,-0.02447083333333333,24
2023-09-13,0.2,0.4666666666666667,0.0,0.26666666666666666,0.06666666666666667,0.0,0.13333333333333333,0.2,0.4666666666666667,0.2,0.26666666666666666,0.6254666666666666,0.18718666666666667,0.03336666666666666,0.04261333333333333,0.11137333333333334,0.05104666666666667,0.8009799999999999,0.14799333333333334,0.09694666666666667,15
2023-09-14,0.03571428571428571,0.14285714285714285,0.03571428571428571,0.14285714285714285,0.07142857142857142,0.03571428571428571,0.10714285714285714,0.14285714285714285,0.5,0.2857142857142857,0.21428571428571427,0.5559321428571429,0.2776357142857143,0.024392857142857143,0.042007142857142854,0.10000357142857143,0.12222857142857144,0.6870178571428571,0.1907607142857143,0.06853214285714285,28
2023-09-15,0.3076923076923077,0.15384615384615385,0.38461538461538464,0.38461538461538464,0.07692307692307693,0.46153846153846156,0.0,0.46153846153846156,0.6923076923076923,0.7692307692307693,-0.07692307692307693,0.7910307692307692,0.07156153846153847,0.06154615384615385,0.030261538461538458,0.04558461538461538,0.10486923076923077,0.8018846153846154,0.09324615384615384,-0.011623076923076915,13
2023-09-18,0.21311475409836064,0.39344262295081966,0.04918032786885246,0.14754098360655737,0.14754098360655737,0.09836065573770492,0.09836065573770492,0.4262295081967213,0.639344262295082,0.21311475409836064,0.4262295081967213,0.6906868852459017,0.16892786885245903,0.03754098360655738,0.0329,0.06994098360655737,0.1271672131147541,0.7196573770491803,0.1531704918032787,0.026003278688524596,61
2023-09-19,0.04,0.24,0.0,0.0,0.04,0.0,0.04,0.2,0.36,0.04,0.32,0.603712,0.17898399999999998,0.031467999999999996,0.061208,0.124636,0.066432,0.8072199999999999,0.126356,0.059924,25
2023-09-20,0.12,0.32,0.04,0.24,0.24,0.24,0.2,0.44,0.8,0.36,0.44,0.752628,0.143344,0.025452,0.032816,0.04576,0.1561,0.727028,0.116888,-0.039212,25
2023-09-21,0.23076923076923078,0.038461538461538464,0.038461538461538464,0.19230769230769232,0.0,0.0,0.19230769230769232,0.19230769230769232,0.3076923076923077,0.23076923076923078,0.07692307692307693,0.7608576923076923,0.10699615384615384,0.02381153846153846,0.028057692307692308,0.08026538461538461,0.047196153846153846,0.8031692307692307,0.14962692307692307,0.10243076923076924,26
2023-09-22,0.0,0.06666666666666667,0.0,0.3333333333333333,0.0,0.5333333333333333,0.0,0.13333333333333333,0.6,0.4666666666666667,0.13333333333333333,0.7544133333333334,0.11958666666666667,0.04790666666666667,0.0293,0.048793333333333334,0.12786666666666666,0.7590066666666666,0.11311333333333334,-0.01475333333333333,15
2023-09-25,0.25301204819277107,0.2891566265060241,0.13253012048192772,0.20481927710843373,0.1566265060240964,0.1686746987951807,0.14457831325301204,0.3373493975903614,0.5301204819277109,0.3614457831325301,0.1686746987951807,0.6347722891566265,0.19302530120481928,0.051744578313253006,0.03746867469879518,0.08298554216867471,0.19298674698795182,0.7112915662650602,0.09572168674698796,-0.09726506024096386,83
2023-09-26,0.0,0.0,0.0,0.16666666666666666,0.0,0.16666666666666666,0.0,0.16666666666666666,0.3333333333333333,0.5,-0.16666666666666666,0.7116833333333333,0.09156666666666667,0.021716666666666665,0.10823333333333333,0.06681666666666668,0.039316666666666666,0.8122833333333332,0.14841666666666667,0.10909999999999999,6
2023-09-27,0.058823529411764705,0.29411764705882354,0.11764705882352941,0.17647058823529413,0.058823529411764705,0.11764705882352941,0.058823529411764705,0.058823529411764705,0.29411764705882354,0.23529411764705882,0.058823529411764705,0.6775294117647059,0.09230588235294117,0.02744705882352941,0.057188235294117644,0.14551764705882353,0.03369411764705882,0.8681117647058824,0.09818235294117647,0.06448823529411765,17
2023-09-28,0.16666666666666666,0.5,0.041666666666666664,0.0,0.041666666666666664,0.041666666666666664,0.041666666666666664,0.125,0.7083333333333334,0.25,0.4583333333333333,0.7259416666666666,0.10035416666666667,0.05289166666666666,0.028716666666666668,0.09208333333333334,0.07665,0.7041791666666667,0.21917916666666667,0.14252916666666668,24
2023-09-29,0.18604651162790697,0.3953488372093023,0.09302325581395349,0.32558139534883723,0.23255813953488372,0.3023255813953488,0.20930232558139536,0.4418604651162791,0.9534883720930233,0.46511627906976744,0.4883720930232558,0.643860465116279,0.20400697674418602,0.02809767441860465,0.043720930232558144,0.08032558139534883,0.14327441860465118,0.7119604651162791,0.14476046511627907,0.0014860465116279008,43
2023-10-02,0.16981132075471697,0.4339622641509434,0.05660377358490566,0.1509433962264151,0.24528301886792453,0.07547169811320754,0.09433962264150944,0.32075471698113206,0.5849056603773585,0.2830188679245283,0.3018867924528302,0.6723396226415095,0.22217169811320756,0.03476792452830189,0.026424528301886793,0.04429622641509434,0.13665471698113207,0.7611981132075472,0.1021509433962264,-0.03450377358490566,53
2023-10-03,0.0,0.2857142857142857,0.0,0.0,0.14285714285714285,0.09523809523809523,0.047619047619047616,0.42857142857142855,1.1904761904761905,0.19047619047619047,1.0,0.7530571428571429,0.12842380952380952,0.027790476190476192,0.03593333333333334,0.054804761904761905,0.02766190476190476,0.8217380952380952,0.1506190476190476,0.12295714285714286,21
2023-10-04,0.14285714285714285,0.21428571428571427,0.03571428571428571,0.14285714285714285,0.07142857142857142,0.14285714285714285,0.07142857142857142,0.35714285714285715,0.75,0.32142857142857145,0.42857142857142855,0.6571999999999999,0.18481428571428574,0.05658214285714286,0.04577857142857143,0.05562142857142858,0.2146607142857143,0.7329607142857143,0.05238571428571429,-0.162275,28
2023-10-05,0.25,0.55,0.05,0.1,0.25,0.0,0.05,0.55,0.85,0.3,0.55,0.672565,0.15006,0.027960000000000002,0.0256,0.1238,0.082255,0.83363,0.0841,0.0018449999999999966,20
2023-10-06,0.07894736842105263,0.13157894736842105,0.0,0.10526315789473684,0.05263157894736842,0.10526315789473684,0.0,0.2631578947368421,0.5526315789473685,0.15789473684210525,0.39473684210526316,0.6398631578947369,0.19674736842105264,0.025360526315789472,0.034207894736842104,0.10381842105263157,0.08791842105263158,0.7863289473684211,0.12574473684210527,0.03782631578947369,38
2023-10-09,0.23728813559322035,0.3898305084745763,0.03389830508474576,0.2711864406779661,0.0847457627118644,0.11864406779661017,0.15254237288135594,0.3559322033898305,0.8813559322033898,0.3898305084745763,0.4915254237288136,0.6857338983050848,0.18374406779661015,0.031171186440677966,0.03524915254237288,0.06410847457627118,0.11836610169491525,0.7743186440677966,0.10731694915254236,-0.01104915254237288,59
2023-10-10,0.05263157894736842,0.10526315789473684,0.10526315789473684,0.15789473684210525,0.02631578947368421,0.05263157894736842,0.02631578947368421,0.34210526315789475,0.39473684210526316,0.15789473684210525,0.23684210526315788,0.6977657894736842,0.17958947368421052,0.0339078947368421,0.030376315789473685,0.058342105263157897,0.11833421052631578,0.7611,0.12057631578947368,0.0022421052631578942,38
2023-10-11,0.0,0.25,0.0,0.15,0.05,0.1,0.0,0.25,0.9,0.2,0.7,0.62928,0.22606500000000002,0.029125,0.025374999999999998,0.09014,0.131255,0.6824950000000001,0.18625,0.054994999999999995,20
2023-10-12,0.0,0.14285714285714285,0.0,0.0,0.0,0.0,0.14285714285714285,0.0,0.2857142857142857,0.14285714285714285,0.14285714285714285,0.5537142857142857,0.34768571428571426,0.03477142857142857,0.024057142857142857,0.039728571428571426,0.13095714285714286,0.8337571428571428,0.03525714285714286,-0.09570000000000001,7
2023-10-13,0.125,0.25,0.0,0.1875,0.15625,0.125,0.09375,0.21875,0.46875,0.28125,0.1875,0.681025,0.198603125,0.032628125,0.02593125,0.061803125,0.092790625,0.758284375,0.14890625,0.056115624999999995,32
2023-10-16,0.2,0.37777777777777777,0.044444444444444446,0.16666666666666666,0.1111111111111111,0.1,0.06666666666666667,0.43333333333333335,0.7777777777777778,0.3,0.4777777777777778,0.643008888888889,0.1958277777777778,0.038296666666666666,0.04210222222222222,0.08076,0.11120777777777777,0.7553077777777778,0.13348444444444446,0.022276666666666663,90
2023-10-17,0.09090909090909091,0.20454545454545456,0.045454545454545456,0.06818181818181818,0.09090909090909091,0.06818181818181818,0.09090909090909091,0.29545454545454547,0.7727272727272727,0.2727272727272727,0.5,0.6906159090909091,0.09597727272727273,0.03368636363636363,0.06235681818181818,0.11735909090909091,0.06489318181818181,0.7745386363636364,0.16057954545454545,0.09568636363636364,44
2023-10-18,0.15555555555555556,0.28888888888888886,0.08888888888888889,0.08888888888888889,0.13333333333333333,0.13333333333333333,0.08888888888888889,0.3333333333333333,0.5111111111111111,0.26666666666666666,0.24444444444444444,0.6154111111111111,0.17351111111111112,0.034793333333333336,0.032151111111111116,0.14412666666666665,0.06764444444444445,0.7168933333333333,0.21546666666666667,0.14782222222222222,45
2023-10-19,0.39285714285714285,0.5357142857142857,0.07142857142857142,0.4642857142857143,0.07142857142857142,0.4642857142857143,0.21428571428571427,0.25,0.7142857142857143,0.7142857142857143,0.0,0.7115321428571428,0.12279642857142857,0.027235714285714283,0.04329285714285714,0.09515714285714286,0.14518214285714287,0.7273535714285714,0.12745357142857144,-0.017728571428571423,28
2023-10-20,0.09375,0.28125,0.109375,0.203125,0.21875,0.1875,0.078125,0.46875,0.875,0.328125,0.546875,0.6355421875,0.20289374999999998,0.0465359375,0.039684375,0.0753421875,0.132571875,0.727625,0.1398015625,0.0072296875,64
2023-10-23,0.0967741935483871,0.25806451612903225,0.10752688172043011,0.1935483870967742,0.10752688172043011,0.17204301075268819,0.0967741935483871,0.40860215053763443,0.6881720430107527,0.26881720430107525,0.41935483870967744,0.7046860215053763,0.17458064516129032,0.038645161290322576,0.027601075268817204,0.05449139784946237,0.1507032258064516,0.7352967741935483,0.11400322580645161,-0.0367,93
2023-10-24,0.17391304347826086,0.21739130434782608,0.08695652173913043,0.043478260869565216,0.08695652173913043,0.21739130434782608,0.0,0.30434782608695654,0.782608695652174,0.2608695652173913,0.5217391304347826,0.6826652173913044,0.17525217391304349,0.02016086956521739,0.029608695652173916,0.09231739130434782,0.0682304347826087,0.6997478260869565,0.23203478260869567,0.16380434782608694,23
2023-10-25,0.17391304347826086,0.2608695652173913,0.08695652173913043,0.21739130434782608,0.17391304347826086,0.21739130434782608,0.17391304347826086,0.2608695652173913,0.9130434782608695,0.5217391304347826,0.391304347826087,0.6403434782608696,0.17568695652173913,0.029782608695652177,0.02954782608695652,0.12464347826086956,0.07640000000000001,0.7657347826086955,0.15785652173913042,0.08145652173913043,23
2023-10-26,0.24324324324324326,0.4594594594594595,0.08108108108108109,0.10810810810810811,0.08108108108108109,0.05405405405405406,0.16216216216216217,0.2972972972972973,0.5945945945945946,0.32432432432432434,0.2702702702702703,0.660954054054054,0.20554054054054055,0.030478378378378378,0.02515945945945946,0.07788378378378379,0.10017837837837837,0.7507432432432433,0.1490810810810811,0.0489027027027027,37
2023-10-27,0.14285714285714285,0.5,0.0,0.42857142857142855,0.14285714285714285,0.35714285714285715,0.21428571428571427,0.35714285714285715,0.9285714285714286,0.5,0.42857142857142855,0.6524714285714286,0.19079285714285715,0.07164285714285713,0.027878571428571426,0.05722857142857143,0.21267857142857144,0.6428428571428572,0.14449285714285715,-0.0681857142857143,14
2023-10-30,0.09900990099009901,0.33663366336633666,0.039603960396039604,0.10891089108910891,0.07920792079207921,0.10891089108910891,0.04950495049504951,0.37623762376237624,0.5742574257425742,0.2376237623762376,0.33663366336633666,0.7067653465346535,0.13392673267326732,0.03539108910891089,0.03100792079207921,0.09291485148514851,0.10276831683168317,0.7928732673267327,0.10435643564356435,0.001588118811881187,101
2023-10-31,0.15,0.475,0.025,0.175,0.2,0.1,0.075,0.25,0.95,0.375,0.575,0.6364474999999999,0.25015,0.05056000000000001,0.02429,0.0385575,0.229685,0.7053175,0.064995,-0.16469,40
2023-11-01,0.17647058823529413,0.35294117647058826,0.0,0.11764705882352941,0.23529411764705882,0.058823529411764705,0.11764705882352941,0.47058823529411764,1.0,0.29411764705882354,0.7058823529411765,0.7220058823529412,0.09674117647058822,0.02496470588235294,0.046023529411764706,0.11028235294117647,0.050029411764705885,0.7287411764705882,0.22124117647058822,0.17121176470588237,17
2023-11-02,0.16,0.12,0.08,0.28,0.04,0.12,0.0,0.2,0.4,0.28,0.12,0.6771039999999999,0.120616,0.0341,0.025316,0.142852,0.114748,0.7534000000000001,0.13186399999999998,0.017116000000000006,25
2023-11-03,0.25925925925925924,0.4074074074074074,0.14814814814814814,0.2222222222222222,0.18518518518518517,0.3333333333333333,0.07407407407407407,0.4444444444444444,0.8148148148148148,0.5925925925925926,0.2222222222222222,0.6792148148148148,0.1972925925925926,0.028866666666666665,0.025544444444444443,0.0690851851851852,0.19453703703703706,0.7103962962962963,0.09506296296296296,-0.09947407407407408,27
2023-11-06,0.1643835616438356,0.3835616438356164,0.0547945205479452,0.1095890410958904,0.0684931506849315,0.0821917808219178,0.0684931506849315,0.2191780821917808,0.4246575342465753,0.3013698630136986,0.1232876712328767,0.6824232876712328,0.17647534246575342,0.04182739726027397,0.030735616438356164,0.06853287671232877,0.09380000000000001,0.786127397260274,0.12006712328767125,0.026267123287671237,73
2023-11-07,0.08,0.22,0.02,0.08,0.12,0.1,0.1,0.28,0.86,0.18,0.68,0.753116,0.12868000000000002,0.028759999999999997,0.030236,0.059202000000000005,0.075664,0.8304980000000001,0.093848,0.018183999999999995,50
2023-11-08,0.14285714285714285,0.2,0.05714285714285714,0.08571428571428572,0.11428571428571428,0.14285714285714285,0.14285714285714285,0.2857142857142857,0.7142857142857143,0.2857142857142857,0.42857142857142855,0.6466485714285715,0.16806,0.06034285714285714,0.05248857142857143,0.07245428571428571,0.18630285714285713,0.7175742857142856,0.09610571428571428,-0.09019714285714286,35
2023-11-09,0.23076923076923078,0.38461538461538464,0.0,0.19230769230769232,0.15384615384615385,0.07692307692307693,0.23076923076923078,0.11538461538461539,0.6153846153846154,0.19230769230769232,0.4230769230769231,0.6731269230769231,0.09836153846153846,0.028753846153846154,0.07015384615384615,0.1296,0.044719230769230775,0.7498807692307692,0.20538076923076923,0.16066153846153847,26
2023-11-10,0.25,0.3611111111111111,0.1111111111111111,0.3333333333333333,0.1388888888888889,0.2777777777777778,0.16666666666666666,0.3055555555555556,0.6388888888888888,0.4722222222222222,0.16666666666666666,0.7115638888888889,0.12969722222222224,0.03928888888888889,0.036597222222222225,0.08284444444444444,0.16931666666666667,0.71995,0.11072777777777779,-0.058588888888888885,36
2023-11-13,0.2413793103448276,0.22988505747126436,0.034482758620689655,0.21839080459770116,0.08045977011494253,0.22988505747126436,0.034482758620689655,0.2988505747126437,0.7126436781609196,0.42528735632183906,0.28735632183908044,0.7197793103448277,0.1495781609195402,0.031625287356321835,0.02805287356321839,0.07095287356321839,0.11686666666666667,0.7815057471264367,0.10162298850574714,-0.015243678160919538,87
2023-11-14,0.40816326530612246,0.46938775510204084,0.14285714285714285,0.3469387755102041,0.24489795918367346,0.2857142857142857,0.16326530612244897,0.5918367346938775,0.8979591836734694,0.6530612244897959,0.24489795918367346,0.5538285714285714,0.21030000000000001,0.09174489795918367,0.04005714285714286,0.10408163265306124,0.1080938775510204,0.7521755102040817,0.13973469387755102,0.03164081632653062,49
2023-11-15,0.16129032258064516,0.3548387096774194,0.03225806451612903,0.0967741935483871,0.12903225806451613,0.16129032258064516,0.3870967741935484,0.1935483870967742,0.6451612903225806,0.3225806451612903,0.3225806451612903,0.6429064516129032,0.16008387096774193,0.03182258064516129,0.031051612903225806,0.134141935483871,0.11208709677419354,0.7728032258064517,0.11510967741935484,0.003022580645161292,31
2023-11-16,0.20512820512820512,0.38461538461538464,0.02564102564102564,0.20512820512820512,0.15384615384615385,0.23076923076923078,0.1282051282051282,0.3333333333333333,0.8205128205128205,0.41025641025641024,0.41025641025641024,0.6483538461538461,0.19308205128205128,0.03464102564102564,0.04583333333333334,0.07808717948717948,0.1245025641025641,0.6793128205128206,0.19618461538461537,0.0716820512820513,39
2023-11-17,0.18421052631578946,0.42105263157894735,0.05263157894736842,0.05263157894736842,0.15789473684210525,0.10526315789473684,0.13157894736842105,0.3157894736842105,0.6842105263157895,0.34210526315789475,0.34210526315789475,0.5800315789473685,0.25984210526315793,0.05247368421052632,0.028957894736842106,0.07871578947368421,0.12457368421052632,0.7736736842105263,0.10173947368421052,-0.02283421052631579,38
2023-11-20,0.15476190476190477,0.21428571428571427,0.07142857142857142,0.19047619047619047,0.07142857142857142,0.17857142857142858,0.03571428571428571,0.25,0.5238095238095238,0.2857142857142857,0.23809523809523808,0.6538059523809524,0.1923654761904762,0.0411547619047619,0.0358,0.07686785714285714,0.13374166666666665,0.7583595238095238,0.10789761904761905,-0.02584404761904762,84
2023-11-21,0.2,0.26666666666666666,0.08888888888888889,0.2222222222222222,0.24444444444444444,0.17777777777777778,0.06666666666666667,0.37777777777777777,0.7111111111111111,0.28888888888888886,0.4222222222222222,0.71168,0.11598222222222222,0.061115555555555555,0.03586888888888889,0.07534666666666667,0.15109777777777778,0.7383977777777777,0.11049555555555556,-0.04060222222222222,45
2023-11-22,0.2413793103448276,0.41379310344827586,0.10344827586206896,0.27586206896551724,0.2413793103448276,0.3793103448275862,0.06896551724137931,0.27586206896551724,0.7586206896551724,0.8275862068965517,-0.06896551724137931,0.515451724137931,0.31004827586206896,0.05422758620689655,0.02666206896551724,0.09361724137931035,0.2082965517241379,0.7090689655172413,0.08263793103448276,-0.12565862068965516,29
2023-11-24,0.1568627450980392,0.29411764705882354,0.058823529411764705,0.19607843137254902,0.0784313725490196,0.23529411764705882,0.09803921568627451,0.2549019607843137,0.5294117647058824,0.27450980392156865,0.2549019607843137,0.6751666666666667,0.17421960784313725,0.03834117647058823,0.0320843137254902,0.08018039215686275,0.1308470588235294,0.7897980392156863,0.07936078431372548,-0.05148627450980392,51
2023-11-27,0.16071428571428573,0.5535714285714286,0.03571428571428571,0.05357142857142857,0.19642857142857142,0.08928571428571429,0.14285714285714285,0.35714285714285715,0.5,0.25,0.25,0.6560142857142858,0.19786607142857143,0.0317625,0.03602142857142857,0.07833571428571429,0.10848392857142856,0.7716357142857142,0.11988214285714285,0.01139821428571429,56
2023-11-28,0.21621621621621623,0.43243243243243246,0.02702702702702703,0.24324324324324326,0.1891891891891892,0.1891891891891892,0.10810810810810811,0.5405405405405406,0.6756756756756757,0.5945945945945946,0.08108108108108109,0.7161783783783784,0.1676243243243243,0.04073243243243243,0.027940540540540543,0.04752972972972973,0.11952702702702704,0.7522675675675675,0.1282081081081081,0.008681081081081081,37
2023-11-29,0.17647058823529413,0.2647058823529412,0.029411764705882353,0.058823529411764705,0.17647058823529413,0.058823529411764705,0.11764705882352941,0.4117647058823529,0.5882352941176471,0.23529411764705882,0.35294117647058826,0.7531088235294118,0.15307941176470588,0.023794117647058827,0.02443529411764706,0.04557941176470588,0.10555,0.8192558823529412,0.0752029411764706,-0.030347058823529414,34
2023-11-30,0.2727272727272727,0.2727272727272727,0.0,0.2727272727272727,0.09090909090909091,0.18181818181818182,0.09090909090909091,0.36363636363636365,0.8181818181818182,0.6363636363636364,0.18181818181818182,0.7739636363636364,0.07908181818181818,0.03370909090909091,0.03818181818181818,0.07505454545454546,0.01879090909090909,0.7996363636363636,0.18158181818181818,0.1627909090909091,11
2023-12-01,0.16666666666666666,0.3333333333333333,0.06666666666666667,0.16666666666666666,0.16666666666666666,0.1,0.23333333333333334,0.3333333333333333,0.9666666666666667,0.4,0.5666666666666667,0.6840666666666666,0.14183,0.04116,0.026636666666666666,0.1063,0.12966666666666665,0.7565066666666667,0.11382,-0.015846666666666672,30
2023-12-04,0.13636363636363635,0.2727272727272727,0.03409090909090909,0.09090909090909091,0.11363636363636363,0.10227272727272728,0.06818181818181818,0.3181818181818182,0.7727272727272727,0.2840909090909091,0.48863636363636365,0.6559545454545455,0.16566136363636363,0.036209090909090906,0.04202159090909091,0.10014431818181818,0.10325000000000001,0.7420000000000001,0.1547534090909091,0.05150340909090909,88
2023-12-05,0.4166666666666667,0.08333333333333333,0.4166666666666667,0.75,0.08333333333333333,0.3333333333333333,0.16666666666666666,0.08333333333333333,0.4166666666666667,0.8333333333333334,-0.4166666666666667,0.551225,0.112,0.14170833333333333,0.09248333333333332,0.10259166666666668,0.22624999999999998,0.642425,0.13134166666666666,-0.09490833333333333,12
2023-12-06,0.1111111111111111,0.1111111111111111,0.2222222222222222,0.2222222222222222,0.1111111111111111,0.0,0.1111111111111111,0.0,0.3333333333333333,0.5555555555555556,-0.2222222222222222,0.6380555555555555,0.07518888888888889,0.10293333333333334,0.07615555555555556,0.10766666666666666,0.038877777777777775,0.8412111111111111,0.11993333333333332,0.08105555555555556,9
2023-12-07,0.0,0.25,0.0,0.16666666666666666,0.0,0.08333333333333333,0.0,0.0,0.16666666666666666,0.0,0.16666666666666666,0.7029916666666667,0.1259333333333333,0.02679166666666667,0.04270833333333333,0.10158333333333334,0.12519166666666667,0.801225,0.07356666666666667,-0.051625,12
2023-12-08,0.35,0.2,0.05,0.2,0.15,0.05,0.1,0.35,0.9,0.6,0.3,0.680775,0.12419,0.05103,0.027315,0.116685,0.20752,0.49563499999999994,0.296835,0.089315,20
2023-12-11,0.21739130434782608,0.13043478260869565,0.0,0.2608695652173913,0.043478260869565216,0.21739130434782608,0.043478260869565216,0.21739130434782608,0.6521739130434783,0.391304347826087,0.2608695652173913,0.8614652173913043,0.039230434782608695,0.018717391304347825,0.03307826086956522,0.04752173913043478,0.14542608695652173,0.6529956521739131,0.20157391304347824,0.056147826086956516,23
2023-12-12,0.08333333333333333,0.3333333333333333,0.08333333333333333,0.08333333333333333,0.25,0.3333333333333333,0.25,0.3333333333333333,0.75,0.08333333333333333,0.6666666666666666,0.618525,0.15288333333333334,0.046191666666666666,0.075025,0.10739166666666666,0.11920000000000001,0.7200583333333334,0.16071666666666665,0.04151666666666667,12
2023-12-13,0.0,0.16666666666666666,0.0,0.0,0.08333333333333333,0.0,0.08333333333333333,0.16666666666666666,0.5833333333333334,0.0,0.5833333333333334,0.6245583333333333,0.10793333333333334,0.03303333333333334,0.10448333333333333,0.13,0.13416666666666666,0.7888416666666668,0.07703333333333333,-0.057133333333333335,12
2023-12-14,0.0,0.13333333333333333,0.13333333333333333,0.06666666666666667,0.13333333333333333,0.0,0.13333333333333333,0.2,0.6666666666666666,0.06666666666666667,0.6,0.6891733333333333,0.10290666666666667,0.0531,0.08696,0.06786,0.08482666666666666,0.7362466666666666,0.17894666666666667,0.09412,15
2023-12-15,0.15384615384615385,0.23076923076923078,0.0,0.0,0.07692307692307693,0.0,0.15384615384615385,0.15384615384615385,0.38461538461538464,0.15384615384615385,0.23076923076923078,0.7125538461538461,0.1288153846153846,0.027969230769230767,0.03441538461538462,0.09623846153846152,0.1308230769230769,0.5715461538461538,0.29764615384615384,0.16682307692307694,13
2023-12-18,0.0,0.03125,0.0,0.0625,0.0,0.0,0.0,0.03125,0.53125,0.03125,0.5,0.7102625,0.1178,0.036578125,0.04595,0.08940000000000001,0.07776562499999999,0.711646875,0.210596875,0.13283125,32
2023-12-19,0.125,0.25,0.125,0.5,0.125,0.375,0.0,0.125,0.625,0.375,0.25,0.88655,0.0303625,0.0246625,0.0287,0.0297375,0.263475,0.5615,0.17503749999999998,-0.0884375,8
2023-12-20,0.0,0.5,0.0,0.0,0.5,0.0,0.0,0.0,0.5,0.0,0.5,0.59935,0.050949999999999995,0.0363,0.20099999999999998,0.1124,0.00935,0.54605,0.4446,0.43525,2
2023-12-21,0.08333333333333333,0.3333333333333333,0.0,0.25,0.16666666666666666,0.08333333333333333,0.25,0.25,0.3333333333333333,0.25,0.08333333333333333,0.6809333333333334,0.13044999999999998,0.08141666666666666,0.050850000000000006,0.05635833333333334,0.31945,0.5907083333333333,0.08985833333333333,-0.22959166666666667,12
2023-12-22,0.09090909090909091,0.18181818181818182,0.0,0.18181818181818182,0.09090909090909091,0.09090909090909091,0.0,0.09090909090909091,0.45454545454545453,0.09090909090909091,0.36363636363636365,0.7339818181818182,0.09080909090909091,0.030872727272727274,0.0577,0.08661818181818182,0.20168181818181818,0.5892818181818181,0.20902727272727273,0.007345454545454536,11
2023-12-26,0.0,0.125,0.0,0.0,0.0,0.041666666666666664,0.041666666666666664,0.125,0.25,0.0,0.25,0.809825,0.08704583333333334,0.0207,0.0316625,0.05077916666666666,0.09429583333333334,0.8033916666666667,0.10231666666666667,0.008020833333333335,24
2023-12-27,0.1111111111111111,0.3333333333333333,0.0,0.1111111111111111,0.1111111111111111,0.2222222222222222,0.0,0.3333333333333333,0.7777777777777778,0.3333333333333333,0.4444444444444444,0.8749,0.036844444444444444,0.016933333333333335,0.031566666666666666,0.03975555555555556,0.16366666666666668,0.6299111111111111,0.20643333333333333,0.04276666666666668,9
2023-12-28,0.0,0.0,0.0,0.0,0.0,0.0,0.0,0.0,0.0,0.0,0.0,0.73914,0.16684000000000002,0.026979999999999997,0.028360000000000003,0.0387,0.03826,0.8871800000000001,0.07458000000000001,0.036320000000000005,5
2023-12-29,0.0,0.0,0.0,0.0,0.14285714285714285,0.0,0.0,0.14285714285714285,0.5714285714285714,0.0,0.5714285714285714,0.86,0.044528571428571424,0.02142857142857143,0.031014285714285713,0.04304285714285715,0.055557142857142854,0.8711714285714286,0.07327142857142857,0.017714285714285714,7
2024-01-02,0.0,0.13793103448275862,0.0,0.13793103448275862,0.034482758620689655,0.10344827586206896,0.0,0.2413793103448276,0.4827586206896552,0.13793103448275862,0.3448275862068966,0.8008,0.08445172413793103,0.031144827586206895,0.04039655172413793,0.04323103448275862,0.10453448275862068,0.7808758620689654,0.11459310344827586,0.010058620689655167,29
2024-01-03,0.0,0.5,0.125,0.125,0.375,0.0,0.0,0.375,1.125,0.0,1.125,0.6485,0.2363375,0.0413875,0.03535,0.0384375,0.20508749999999998,0.6096125,0.1853125,-0.019775,8
2024-01-04,0.0,0.16666666666666666,0.0,0.16666666666666666,0.16666666666666666,0.0,0.16666666666666666,0.3333333333333333,0.5,0.16666666666666666,0.3333333333333333,0.8674,0.037083333333333336,0.01891666666666667,0.025333333333333333,0.05131666666666667,0.10718333333333334,0.79515,0.09770000000000001,-0.009483333333333345,6
2024-01-05,0.16666666666666666,0.16666666666666666,0.0,0.16666666666666666,0.0,0.0,0.0,0.3333333333333333,1.3333333333333333,0.16666666666666666,1.1666666666666667,0.8444333333333334,0.0506,0.023033333333333333,0.028383333333333333,0.05353333333333333,0.049966666666666666,0.8961666666666667,0.05388333333333333,0.003916666666666667,6
2024-01-08,0.18181818181818182,0.13636363636363635,0.0,0.22727272727272727,0.0,0.045454545454545456,0.0,0.09090909090909091,0.45454545454545453,0.18181818181818182,0.2727272727272727,0.7819136363636364,0.049104545454545456,0.02325909090909091,0.0406,0.10510909090909092,0.020218181818181816,0.83005,0.14971363636363635,0.12949545454545455,22
2024-01-09,0.0,0.0,0.0,0.14285714285714285,0.07142857142857142,0.07142857142857142,0.0,0.14285714285714285,0.6428571428571429,0.07142857142857142,0.5714285714285714,0.7784571428571428,0.11580714285714286,0.02947142857142857,0.03295,0.04332857142857143,0.10854285714285715,0.7126928571428571,0.17877857142857143,0.07023571428571429,14
2024-01-10,0.14285714285714285,0.14285714285714285,0.0,0.2857142857142857,0.07142857142857142,0.07142857142857142,0.0,0.35714285714285715,0.6428571428571429,0.14285714285714285,0.5,0.7798785714285714,0.04833571428571428,0.020499999999999997,0.07356428571428571,0.07769999999999999,0.015314285714285714,0.7928357142857143,0.19185000000000002,0.17653571428571427,14
2024-01-11,0.125,0.125,0.0,0.125,0.0,0.125,0.25,0.125,0.5,0.125,0.375,0.6447125,0.12205,0.064025,0.036500000000000005,0.1327375,0.0399125,0.826225,0.1338625,0.09395,8
2024-01-12,0.0,0.3333333333333333,0.0,0.0,0.0,0.0,0.3333333333333333,0.0,0.0,0.0,0.0,0.6969333333333333,0.20373333333333332,0.03606666666666667,0.0229,0.0404,0.060700000000000004,0.6129333333333333,0.32636666666666664,0.26566666666666666,3
2024-01-16,0.058823529411764705,0.2647058823529412,0.029411764705882353,0.08823529411764706,0.17647058823529413,0.0,0.08823529411764706,0.23529411764705882,0.6470588235294118,0.058823529411764705,0.5882352941176471,0.6730470588235294,0.09797352941176471,0.03775588235294118,0.05606470588235295,0.1351529411764706,0.034791176470588235,0.8392470588235295,0.12595588235294117,0.09116470588235294,34
2024-01-17,0.0,0.16666666666666666,0.0,0.0,0.0,0.0,0.0,0.16666666666666666,0.6666666666666666,0.0,0.6666666666666666,0.9041666666666667,0.0343,0.015283333333333335,0.019383333333333332,0.026866666666666667,0.02291666666666667,0.8323333333333333,0.14473333333333335,0.12181666666666664,6
2024-01-18,0.3333333333333333,0.16666666666666666,0.0,0.0,0.0,0.0,0.16666666666666666,0.0,0.5,0.16666666666666666,0.3333333333333333,0.7985833333333333,0.04145,0.01643333333333333,0.02538333333333333,0.11813333333333335,0.030333333333333334,0.7798166666666666,0.18983333333333333,0.1595,6
2024-01-19,0.0,0.0,0.0,0.2222222222222222,0.0,0.1111111111111111,0.0,0.0,1.0,0.1111111111111111,0.8888888888888888,0.7961666666666667,0.060144444444444445,0.0203,0.04014444444444445,0.08325555555555555,0.12402222222222223,0.6390444444444445,0.23695555555555556,0.11293333333333333,9
2024-01-22,0.12,0.12,0.0,0.16,0.04,0.16,0.12,0.48,0.48,0.2,0.28,0.77118,0.08910399999999999,0.029772,0.038040000000000004,0.071884,0.108348,0.7542,0.137448,0.029099999999999997,25
2024-01-23,0.0,0.0,0.0,0.125,0.0,0.0,0.0,0.0,0.125,0.0,0.125,0.806025,0.09243749999999999,0.0432125,0.0253875,0.0329375,0.0849375,0.7813749999999999,0.1337,0.04876249999999999,8
2024-01-24,0.0,0.17647058823529413,0.0,0.058823529411764705,0.058823529411764705,0.058823529411764705,0.058823529411764705,0.058823529411764705,0.23529411764705882,0.11764705882352941,0.11764705882352941,0.8428588235294118,0.06340588235294119,0.025582352941176473,0.030052941176470588,0.0381,0.016676470588235293,0.8281941176470589,0.15512941176470588,0.13845294117647058,17
2024-01-25,0.0,0.0,0.0,0.0,0.0,0.0,0.0,0.16666666666666666,0.3333333333333333,0.16666666666666666,0.16666666666666666,0.7158416666666666,0.15093333333333334,0.030625,0.03149166666666667,0.07110833333333334,0.10917500000000001,0.649225,0.2416,0.132425,12
2024-01-26,0.0,0.3,0.0,0.0,0.0,0.0,0.0,0.1,0.3,0.0,0.3,0.67743,0.22146,0.045939999999999995,0.02152,0.03366,0.19032,0.74093,0.06875,-0.12157,10
2024-01-29,0.15384615384615385,0.07692307692307693,0.038461538461538464,0.3076923076923077,0.0,0.23076923076923078,0.038461538461538464,0.15384615384615385,0.34615384615384615,0.38461538461538464,-0.038461538461538464,0.6676346153846153,0.1562653846153846,0.04638846153846154,0.03799230769230769,0.09173076923076924,0.15648076923076923,0.6970153846153846,0.14651153846153847,-0.009969230769230765,26
2024-01-30,0.0,0.0,0.0,0.0,0.0,0.0,0.0,0.25,0.25,0.0,0.25,0.85935,0.0540375,0.024525,0.02615,0.03595,0.13393750000000001,0.711525,0.15452500000000002,0.02058750000000001,8
2024-01-31,0.1,0.5,0.0,0.1,0.0,0.0,0.1,0.0,0.4,0.2,0.2,0.81892,0.10539000000000001,0.01949,0.02079,0.03543,0.01552,0.84583,0.13864,0.12312000000000001,10
2024-02-01,0.0,0.0,0.25,0.25,0.0,0.25,0.0,0.25,0.75,0.25,0.5,0.78965,0.038849999999999996,0.02355,0.05265,0.0953,0.022575,0.66975,0.30767500000000003,0.2851,4
2024-02-02,0.0,0.0,0.0,0.0,0.0,0.0,0.0,0.0,0.3333333333333333,0.0,0.3333333333333333,0.8567,0.07625555555555555,0.019788888888888887,0.02316666666666667,0.024077777777777778,0.18472222222222223,0.6839444444444445,0.1313,-0.053422222222222225,9
2024-02-05,0.0,0.2222222222222222,0.0,0.16666666666666666,0.1111111111111111,0.1111111111111111,0.05555555555555555,0.3333333333333333,0.8888888888888888,0.2222222222222222,0.6666666666666666,0.7765388888888889,0.10941111111111111,0.029205555555555558,0.028566666666666667,0.056277777777777774,0.04496666666666667,0.7536555555555555,0.2013611111111111,0.15639444444444445,18
2024-02-06,0.1,0.2,0.0,0.1,0.1,0.1,0.0,0.0,0.1,0.1,0.0,0.63608,0.1807,0.10505,0.03079,0.0474,0.18019,0.68492,0.13491999999999998,-0.045270000000000005,10
2024-02-07,0.0,0.0,0.0,0.2857142857142857,0.0,0.0,0.0,0.0,0.7142857142857143,0.0,0.7142857142857143,0.5863857142857143,0.1524714285714286,0.034542857142857146,0.061599999999999995,0.1649857142857143,0.04537142857142857,0.5759142857142857,0.3787428571428571,0.3333714285714286,7
2024-02-08,0.0,0.3333333333333333,0.0,0.0,0.0,0.0,0.0,0.0,0.16666666666666666,0.0,0.16666666666666666,0.9054833333333333,0.02698333333333333,0.015983333333333332,0.02065,0.030883333333333336,0.016983333333333333,0.9150833333333334,0.06793333333333333,0.05095,6
2024-02-09,0.1111111111111111,0.2222222222222222,0.0,0.0,0.1111111111111111,0.2222222222222222,0.1111111111111111,0.0,0.5555555555555556,0.2222222222222222,0.3333333333333333,0.8672333333333334,0.041466666666666666,0.01821111111111111,0.02581111111111111,0.04727777777777778,0.0289,0.9133333333333334,0.05776666666666667,0.02886666666666667,9
2024-02-12,0.07142857142857142,0.14285714285714285,0.0,0.0,0.14285714285714285,0.0,0.07142857142857142,0.2857142857142857,0.5714285714285714,0.07142857142857142,0.5,0.8193928571428571,0.06299285714285714,0.022492857142857144,0.031642857142857146,0.06344285714285715,0.08217142857142858,0.6972142857142857,0.22062857142857142,0.13845714285714286,14
2024-02-13,0.0,0.0,0.2,0.2,0.0,0.2,0.0,0.2,0.6,0.4,0.2,0.73302,0.20126,0.0187,0.01806,0.029000000000000005,0.040100000000000004,0.8855599999999999,0.07436000000000001,0.03426,5
2024-02-14,0.1,0.0,0.0,0.3,0.0,0.2,0.0,0.0,0.5,0.3,0.2,0.73763,0.08268,0.025529999999999997,0.02427,0.12986,0.13645000000000002,0.78671,0.07686,-0.05959,10
2024-02-15,0.25,0.0,0.0,0.25,0.0,0.0,0.0,0.0,0.5,0.25,0.25,0.81935,0.11125,0.023,0.021825,0.024525,0.024650000000000002,0.7139,0.26144999999999996,0.2368,4
2024-02-16,0.0,0.0,0.0,0.0,0.0,0.0,0.0,0.3333333333333333,1.0,0.0,1.0,0.8269333333333333,0.04906666666666667,0.020666666666666667,0.0425,0.0608,0.016266666666666665,0.9142666666666667,0.06943333333333333,0.05316666666666667,3
2024-02-20,0.09090909090909091,0.13636363636363635,0.0,0.09090909090909091,0.045454545454545456,0.09090909090909091,0.045454545454545456,0.13636363636363635,0.5909090909090909,0.22727272727272727,0.36363636363636365,0.812940909090909,0.07064545454545455,0.027609090909090913,0.028813636363636364,0.05997272727272728,0.1333,0.7302090909090908,0.13649545454545453,0.0031954545454545564,22
2024-02-21,0.15384615384615385,0.3076923076923077,0.07692307692307693,0.15384615384615385,0.15384615384615385,0.07692307692307693,0.15384615384615385,0.07692307692307693,0.6923076923076923,0.23076923076923078,0.46153846153846156,0.7771692307692307,0.10047692307692307,0.020753846153846154,0.0301,0.07149230769230769,0.19662307692307696,0.5700769230769231,0.23331538461538462,0.0366923076923077,13
2024-02-22,0.0,0.0,0.0,0.0,0.0,0.0,0.0,0.1111111111111111,0.3333333333333333,0.0,0.3333333333333333,0.6241777777777778,0.13056666666666666,0.018733333333333334,0.048077777777777775,0.17843333333333333,0.060666666666666674,0.6670555555555555,0.27226666666666666,0.2116,9
2024-02-23,0.14285714285714285,0.14285714285714285,0.14285714285714285,0.2857142857142857,0.0,0.14285714285714285,0.0,0.0,0.14285714285714285,0.5714285714285714,-0.42857142857142855,0.4895714285714286,0.17562857142857144,0.1059,0.06871428571428571,0.16014285714285714,0.28408571428571433,0.5569142857142857,0.159,-0.1250857142857143,7
2024-02-26,0.07142857142857142,0.42857142857142855,0.0,0.07142857142857142,0.2857142857142857,0.0,0.14285714285714285,0.2857142857142857,0.6428571428571429,0.14285714285714285,0.5,0.6513285714285715,0.17719285714285715,0.046092857142857144,0.07046428571428572,0.054907142857142856,0.11162857142857142,0.7646642857142857,0.12370714285714286,0.012078571428571425,14
2024-02-27,0.0,0.0,0.0,0.25,0.0,0.0,0.0,0.0,0.0,0.0,0.0,0.864175,0.03945,0.016425000000000002,0.02625,0.0537,0.0196,0.7125,0.26792499999999997,0.24832500000000002,4
2024-02-28,0.14285714285714285,0.0,0.14285714285714285,0.14285714285714285,0.0,0.14285714285714285,0.14285714285714285,0.0,0.5714285714285714,0.14285714285714285,0.42857142857142855,0.8105142857142856,0.09155714285714286,0.05088571428571428,0.024214285714285712,0.02284285714285714,0.14314285714285716,0.6074,0.24945714285714285,0.10631428571428572,7
2024-02-29,0.0,0.0,0.0,0.0,0.0,0.0,0.0,0.0,0.5,0.0,0.5,0.70105,0.08611666666666666,0.06776666666666667,0.07736666666666667,0.06768333333333333,0.19966666666666666,0.7380333333333334,0.06228333333333333,-0.13738333333333333,6
2024-03-01,0.0,0.13636363636363635,0.0,0.09090909090909091,0.22727272727272727,0.09090909090909091,0.045454545454545456,0.5454545454545454,1.3181818181818181,0.13636363636363635,1.1818181818181819,0.8896000000000001,0.03559090909090909,0.01802727272727273,0.02600454545454545,0.030772727272727275,0.032140909090909095,0.84955,0.11831363636363636,0.08617272727272728,22
2024-03-04,0.09523809523809523,0.14285714285714285,0.047619047619047616,0.19047619047619047,0.19047619047619047,0.23809523809523808,0.14285714285714285,0.23809523809523808,0.7619047619047619,0.38095238095238093,0.38095238095238093,0.7408190476190476,0.10544761904761904,0.02808095238095238,0.044223809523809526,0.08144761904761905,0.041080952380952385,0.7982142857142857,0.16072857142857144,0.11964761904761904,21
2024-03-05,0.0,0.0,0.0,0.0,0.0,0.0,0.0,0.16666666666666666,0.0,0.0,0.0,0.6457,0.18291666666666664,0.0404,0.05705,0.07391666666666667,0.016816666666666667,0.8028,0.18038333333333334,0.16356666666666667,6
2024-03-06,0.0,0.0,0.0,0.0,0.0,0.0,0.0,0.0,1.5,0.0,1.5,0.9223,0.02195,0.015,0.01735,0.02335,0.0214,0.93165,0.04695,0.02555,2
2024-03-07,0.1,0.2,0.0,0.1,0.0,0.0,0.0,0.3,1.5,0.1,1.4,0.79406,0.14131999999999997,0.02064,0.01973,0.02427,0.16708,0.72993,0.10300000000000001,-0.06408,10
2024-03-08,0.0,0.0,0.0,0.0,0.0,0.2,0.0,0.4,0.0,0.2,-0.2,0.9282,0.02338,0.01456,0.016599999999999997,0.01726,0.03048,0.9295199999999999,0.04002,0.009540000000000002,5
2024-03-11,0.11764705882352941,0.29411764705882354,0.0,0.058823529411764705,0.058823529411764705,0.058823529411764705,0.058823529411764705,0.17647058823529413,0.35294117647058826,0.23529411764705882,0.11764705882352941,0.7859882352941177,0.0902235294117647,0.028323529411764706,0.04408235294117647,0.051394117647058826,0.0816529411764706,0.7947058823529412,0.1236235294117647,0.041970588235294114,17
2024-03-12,0.14285714285714285,0.0,0.0,0.14285714285714285,0.0,0.14285714285714285,0.0,0.14285714285714285,0.14285714285714285,0.2857142857142857,-0.14285714285714285,0.6623142857142856,0.15887142857142858,0.04197142857142857,0.07665714285714285,0.06015714285714286,0.15972857142857141,0.7454714285714286,0.09481428571428571,-0.06491428571428572,7
2024-03-13,0.0,0.3333333333333333,0.0,0.3333333333333333,0.0,0.0,0.0,0.3333333333333333,0.3333333333333333,0.3333333333333333,0.0,0.6177666666666667,0.10763333333333332,0.20386666666666667,0.033633333333333335,0.03713333333333333,0.31316666666666665,0.6462,0.040633333333333334,-0.27253333333333335,3
2024-03-14,0.07142857142857142,0.14285714285714285,0.0,0.07142857142857142,0.07142857142857142,0.14285714285714285,0.0,0.2857142857142857,0.5714285714285714,0.2857142857142857,0.2857142857142857,0.8569714285714286,0.06754285714285714,0.01959285714285714,0.02695,0.02894285714285714,0.042292857142857146,0.7739571428571429,0.18375714285714287,0.14146428571428574,14
2024-03-15,0.0,0.0,0.0,0.0,0.0,0.0,0.0,0.14285714285714285,0.7142857142857143,0.0,0.7142857142857143,0.8323,0.09268571428571429,0.025442857142857146,0.0211,0.028485714285714284,0.265,0.6230142857142857,0.112,-0.153,7
2024-03-18,0.0,0.1,0.0,0.2,0.05,0.1,0.0,0.25,0.5,0.1,0.4,0.723905,0.095775,0.03052,0.06672,0.08307,0.125105,0.77818,0.0967,-0.028404999999999996,20
2024-03-19,0.0,0.0,0.0,0.25,0.0,0.25,0.0,0.0,0.0,0.25,-0.25,0.91765,0.026975,0.015525,0.01725,0.0226,0.048225,0.885725,0.066025,0.0178,4
2024-03-20,0.0,0.2,0.0,0.0,0.0,0.0,0.0,0.4,0.8,0.0,0.8,0.74028,0.1358,0.032279999999999996,0.04392,0.04766,0.04496,0.54708,0.40798000000000006,0.36302,5
2024-03-21,0.18181818181818182,0.2727272727272727,0.09090909090909091,0.18181818181818182,0.0,0.09090909090909091,0.18181818181818182,0.09090909090909091,0.36363636363636365,0.36363636363636365,0.0,0.7160454545454545,0.07324545454545454,0.08077272727272727,0.06605454545454546,0.06386363636363636,0.259,0.5738727272727272,0.1671090909090909,-0.09189090909090908,11
2024-03-22,0.14285714285714285,0.8571428571428571,0.2857142857142857,0.42857142857142855,0.42857142857142855,0.42857142857142855,1.0,0.5714285714285714,0.7142857142857143,0.42857142857142855,0.2857142857142857,0.4936428571428571,0.2508,0.035300000000000005,0.024914285714285715,0.19534285714285712,0.06822857142857143,0.5739857142857143,0.3577857142857143,0.28955714285714285,7
2024-03-25,0.0,0.15384615384615385,0.07692307692307693,0.15384615384615385,0.07692307692307693,0.07692307692307693,0.07692307692307693,0.3076923076923077,0.46153846153846156,0.15384615384615385,0.3076923076923077,0.8790538461538462,0.05360769230769231,0.018269230769230767,0.02196153846153846,0.027130769230769233,0.14805384615384615,0.7155615384615385,0.13637692307692306,-0.011676923076923073,13
2024-03-26,0.0,0.0,0.125,0.125,0.0,0.0,0.0,0.0,0.25,0.125,0.125,0.8951875,0.0295125,0.0159,0.0276875,0.0316875,0.28415,0.6552,0.0606625,-0.2234875,8
2024-03-27,0.16666666666666666,0.0,0.0,0.0,0.0,0.0,0.0,0.0,0.5,0.0,0.5,0.73705,0.11268333333333334,0.024749999999999998,0.030883333333333332,0.09465,0.248,0.6669166666666667,0.08508333333333333,-0.16291666666666665,6
2024-03-28,0.25,0.375,0.0,0.5,0.25,0.25,0.125,0.25,0.625,0.5,0.125,0.6241,0.1363,0.0306375,0.104875,0.1041,0.0821625,0.7298,0.1880375,0.10587500000000001,8
2024-04-01,0.20967741935483872,0.41935483870967744,0.11290322580645161,0.1935483870967742,0.24193548387096775,0.16129032258064516,0.1774193548387097,1.1290322580645162,1.3870967741935485,0.43548387096774194,0.9516129032258065,0.7881032258064516,0.07591612903225807,0.03509193548387097,0.04705967741935484,0.05382741935483871,0.09666935483870968,0.8119048387096773,0.09142903225806452,-0.005240322580645164,62
2024-04-02,0.375,0.0,0.125,0.375,0.125,0.5,0.0,0.25,0.25,0.5,-0.25,0.7177875,0.0579,0.0308375,0.10482499999999999,0.0886,0.1537875,0.725925,0.1202875,-0.03349999999999999,8
2024-04-03,0.14285714285714285,0.14285714285714285,0.14285714285714285,0.42857142857142855,0.0,0.0,0.14285714285714285,0.0,0.7142857142857143,0.42857142857142855,0.2857142857142857,0.7988714285714286,0.10737142857142858,0.02775714285714286,0.02517142857142857,0.04081428571428571,0.15345714285714288,0.7402285714285713,0.10629999999999999,-0.04715714285714286,7
2024-04-04,0.14285714285714285,0.14285714285714285,0.0,0.14285714285714285,0.0,0.0,0.14285714285714285,0.0,0.14285714285714285,0.14285714285714285,0.0,0.8967,0.027414285714285714,0.017342857142857142,0.023999999999999997,0.03452857142857143,0.09955714285714286,0.7126285714285715,0.1878,0.08824285714285716,7
2024-04-05,0.09090909090909091,0.18181818181818182,0.0,0.2727272727272727,0.18181818181818182,0.18181818181818182,0.0,0.2727272727272727,0.36363636363636365,0.2727272727272727,0.09090909090909091,0.7704090909090908,0.12029999999999999,0.043218181818181815,0.023618181818181816,0.04246363636363636,0.353,0.4964363636363636,0.15057272727272727,-0.20242727272727273,11
2024-04-08,0.06666666666666667,0.2,0.0,0.0,0.06666666666666667,0.0,0.06666666666666667,0.13333333333333333,0.4666666666666667,0.13333333333333333,0.3333333333333333,0.6142666666666667,0.15906,0.021913333333333333,0.06433333333333334,0.14046,0.10901999999999999,0.68898,0.20197333333333337,0.09295333333333332,15
2024-04-09,0.18181818181818182,0.09090909090909091,0.0,0.09090909090909091,0.18181818181818182,0.09090909090909091,0.09090909090909091,0.2727272727272727,0.7272727272727273,0.18181818181818182,0.5454545454545454,0.8034181818181818,0.05324545454545455,0.02170909090909091,0.04669090909090909,0.07495454545454545,0.15841818181818182,0.6896727272727273,0.15192727272727272,-0.0064909090909090915,11
2024-04-10,0.0,0.2,0.1,0.2,0.1,0.1,0.1,0.1,0.8,0.3,0.5,0.80224,0.09698999999999999,0.01784,0.027549999999999998,0.05538,0.027489999999999997,0.8143800000000001,0.15811999999999998,0.13063,10
2024-04-11,0.07142857142857142,0.42857142857142855,0.0,0.07142857142857142,0.0,0.0,0.07142857142857142,0.2857142857142857,0.35714285714285715,0.14285714285714285,0.21428571428571427,0.7612142857142857,0.10847857142857144,0.02435,0.034885714285714284,0.07106428571428572,0.07659285714285714,0.7944142857142857,0.1289857142857143,0.05239285714285714,14
2024-04-12,0.0,0.0,0.0,0.1111111111111111,0.0,0.0,0.0,0.0,0.3333333333333333,0.1111111111111111,0.2222222222222222,0.7638777777777778,0.11014444444444445,0.03532222222222223,0.03587777777777778,0.05477777777777778,0.1212111111111111,0.7518666666666667,0.12692222222222224,0.00571111111111112,9
2024-04-15,0.07142857142857142,0.21428571428571427,0.07142857142857142,0.14285714285714285,0.07142857142857142,0.14285714285714285,0.0,0.21428571428571427,0.6428571428571429,0.2857142857142857,0.35714285714285715,0.7245642857142858,0.15553571428571428,0.030642857142857142,0.03982857142857143,0.049435714285714284,0.15160714285714286,0.7122928571428571,0.13611428571428572,-0.015492857142857145,14
2024-04-16,0.14285714285714285,0.14285714285714285,0.0,0.0,0.0,0.0,0.0,0.0,0.42857142857142855,0.14285714285714285,0.2857142857142857,0.8061428571428572,0.11460000000000001,0.016185714285714286,0.018728571428571428,0.04435714285714286,0.06085714285714287,0.8549714285714286,0.0841857142857143,0.02332857142857143,7
2024-04-17,0.125,0.125,0.0,0.125,0.125,0.125,0.0,0.125,0.375,0.25,0.125,0.6343,0.26977500000000004,0.0212,0.0186625,0.0560625,0.28065,0.650875,0.0684875,-0.2121625,8
2024-04-18,0.42857142857142855,0.7857142857142857,0.0,0.21428571428571427,0.35714285714285715,0.21428571428571427,0.21428571428571427,0.35714285714285715,0.5,0.7142857142857143,-0.21428571428571427,0.8339714285714285,0.07325714285714287,0.023799999999999998,0.030921428571428572,0.03800714285714286,0.062464285714285715,0.7895214285714286,0.14800714285714284,0.08554285714285714,14
2024-04-19,0.0,0.0,0.0,0.0,0.0,0.0,0.0,0.0,0.5714285714285714,0.0,0.5714285714285714,0.8209571428571428,0.0662,0.01972857142857143,0.05171428571428571,0.0414,0.47997142857142855,0.45949999999999996,0.060528571428571425,-0.4194428571428571,7
2024-04-22,0.1,0.06666666666666667,0.03333333333333333,0.1,0.06666666666666667,0.1,0.06666666666666667,0.26666666666666666,0.4,0.13333333333333333,0.26666666666666666,0.7808033333333333,0.07697,0.024339999999999997,0.026656666666666665,0.09123666666666667,0.11217,0.7556833333333334,0.13214,0.01997,30
2024-04-23,0.0,0.0,0.0,0.0,0.0,0.0,0.0,0.0,0.8333333333333334,0.0,0.8333333333333334,0.8577833333333333,0.034616666666666664,0.0205,0.033016666666666666,0.0541,0.012250000000000002,0.7130833333333334,0.27466666666666667,0.2624166666666667,6
2024-04-24,0.1,0.0,0.1,0.2,0.0,0.0,0.0,0.1,0.3,0.2,0.1,0.72951,0.17404,0.02708,0.02954,0.03983,0.15669,0.7786500000000001,0.06464,-0.09205,10
2024-04-25,0.0,0.0,0.0,0.16666666666666666,0.0,0.0,0.0,0.0,0.0,0.0,0.0,0.8876666666666667,0.034916666666666665,0.018966666666666666,0.023366666666666664,0.0351,0.030333333333333334,0.9191333333333334,0.05053333333333334,0.0202,6
2024-04-26,0.0,0.1111111111111111,0.0,0.0,0.0,0.1111111111111111,0.0,0.1111111111111111,0.6666666666666666,0.1111111111111111,0.5555555555555556,0.7679666666666667,0.06834444444444444,0.0269,0.03568888888888889,0.10112222222222222,0.1218,0.7061666666666667,0.17201111111111111,0.0502111111111111,9
2024-04-29,0.2222222222222222,0.1111111111111111,0.0,0.16666666666666666,0.05555555555555555,0.2222222222222222,0.05555555555555555,0.1111111111111111,0.5555555555555556,0.3888888888888889,0.16666666666666666,0.7568555555555556,0.050383333333333336,0.0293,0.07722777777777777,0.08624444444444444,0.1957611111111111,0.6225444444444445,0.1817,-0.014061111111111104,18
2024-04-30,0.16666666666666666,0.0,0.16666666666666666,0.3333333333333333,0.0,0.0,0.0,0.3333333333333333,1.0,0.3333333333333333,0.6666666666666666,0.7451833333333333,0.16105,0.028749999999999998,0.020833333333333332,0.04418333333333333,0.26653333333333334,0.6718500000000001,0.06161666666666666,-0.20491666666666666,6
2024-05-01,0.0,0.0,0.0,0.0,0.0,0.0,0.0,0.0,1.0,0.0,1.0,0.7681,0.17643999999999999,0.01792,0.01686,0.020679999999999997,0.30352,0.62052,0.07596,-0.22756000000000004,5
2024-05-02,0.3333333333333333,0.3333333333333333,0.16666666666666666,0.5,0.0,0.5,0.0,0.0,0.8333333333333334,0.8333333333333334,0.0,0.8306,0.08106666666666666,0.030533333333333332,0.022316666666666665,0.03548333333333333,0.14995,0.73325,0.11681666666666667,-0.03313333333333334,6
2024-05-03,0.0,0.3333333333333333,0.0,0.0,0.2222222222222222,0.1111111111111111,0.2222222222222222,0.2222222222222222,1.0,0.1111111111111111,0.8888888888888888,0.8581222222222222,0.0701,0.03196666666666667,0.01758888888888889,0.022233333333333334,0.12103333333333333,0.6810444444444445,0.19792222222222222,0.07688888888888888,9
2024-05-06,0.09523809523809523,0.23809523809523808,0.14285714285714285,0.23809523809523808,0.09523809523809523,0.09523809523809523,0.14285714285714285,0.047619047619047616,0.5238095238095238,0.23809523809523808,0.2857142857142857,0.846347619047619,0.05233333333333333,0.022090476190476188,0.03467619047619047,0.04456190476190476,0.05994761904761904,0.813152380952381,0.12689999999999999,0.06695238095238094,21
2024-05-07,0.1111111111111111,0.0,0.1111111111111111,0.1111111111111111,0.0,0.1111111111111111,0.1111111111111111,0.1111111111111111,0.4444444444444444,0.2222222222222222,0.2222222222222222,0.6581555555555556,0.11362222222222222,0.10511111111111111,0.032344444444444446,0.09077777777777778,0.10823333333333333,0.8484888888888888,0.04326666666666667,-0.06496666666666667,9
2024-05-08,0.0,0.0,0.0,0.2,0.0,0.2,0.0,0.4,0.2,0.2,0.0,0.55206,0.2653,0.06926,0.042719999999999994,0.07066,0.19878,0.76074,0.0405,-0.15828000000000003,5
2024-05-09,0.0,0.0,0.2,0.2,0.0,0.2,0.0,0.0,0.0,0.4,-0.4,0.90292,0.03158,0.01634,0.022420000000000002,0.026779999999999998,0.18494,0.56696,0.24808,0.06314000000000002,5
2024-05-10,0.0,0.16666666666666666,0.0,0.16666666666666666,0.3333333333333333,0.0,0.0,0.16666666666666666,0.8333333333333334,0.0,0.8333333333333334,0.7476666666666666,0.14905,0.03153333333333334,0.037033333333333335,0.034716666666666667,0.015683333333333334,0.8699,0.1144,0.09871666666666667,6
2024-05-13,0.16,0.16,0.12,0.12,0.12,0.04,0.08,0.2,0.32,0.2,0.12,0.776828,0.054336,0.026564,0.068884,0.07338,0.099872,0.748592,0.15155200000000002,0.051680000000000004,25
2024-05-14,0.2,0.2,0.0,0.0,0.2,0.0,0.0,0.2,0.4,0.0,0.4,0.71476,0.2327,0.017980000000000003,0.01682,0.01778,0.10898,0.84514,0.04586,-0.06312,5
2024-05-15,0.23529411764705882,0.29411764705882354,0.058823529411764705,0.23529411764705882,0.058823529411764705,0.11764705882352941,0.11764705882352941,0.11764705882352941,0.47058823529411764,0.23529411764705882,0.23529411764705882,0.8014882352941176,0.11017058823529412,0.032341176470588234,0.025311764705882353,0.030705882352941177,0.07265294117647059,0.8624352941176471,0.0649,-0.007752941176470592,17
2024-05-16,0.0,0.2,0.2,0.2,0.0,0.0,0.0,0.4,0.2,0.2,0.0,0.8628600000000001,0.04068,0.018779999999999998,0.030979999999999997,0.04668,0.02818,0.72514,0.24672,0.21854,5
2024-05-17,0.0,0.2727272727272727,0.09090909090909091,0.36363636363636365,0.18181818181818182,0.18181818181818182,0.2727272727272727,0.18181818181818182,0.45454545454545453,0.36363636363636365,0.09090909090909091,0.6271636363636364,0.11137272727272728,0.03634545454545454,0.06348181818181818,0.16166363636363637,0.28764545454545454,0.5896909090909092,0.12268181818181817,-0.16496363636363637,11
2024-05-20,0.08695652173913043,0.30434782608695654,0.043478260869565216,0.2608695652173913,0.08695652173913043,0.21739130434782608,0.043478260869565216,0.17391304347826086,0.4782608695652174,0.43478260869565216,0.043478260869565216,0.7864347826086957,0.10632608695652174,0.037665217391304344,0.028921739130434783,0.040660869565217396,0.2174391304347826,0.689804347826087,0.09274782608695652,-0.12469130434782608,23
2024-05-21,0.3333333333333333,0.16666666666666666,0.16666666666666666,0.16666666666666666,0.16666666666666666,0.0,0.16666666666666666,0.16666666666666666,0.5,0.6666666666666666,-0.16666666666666666,0.7192166666666666,0.16976666666666665,0.04618333333333333,0.0263,0.03855,0.17128333333333334,0.7709166666666666,0.05776666666666667,-0.11351666666666665,6
2024-05-22,0.16666666666666666,0.0,0.16666666666666666,0.3333333333333333,0.0,0.3333333333333333,0.0,0.3333333333333333,0.16666666666666666,0.3333333333333333,-0.16666666666666666,0.4703833333333334,0.3335666666666666,0.018199999999999997,0.019733333333333335,0.1581,0.16294999999999998,0.7747333333333334,0.062316666666666666,-0.10063333333333334,6
2024-05-23,0.0,0.14285714285714285,0.0,0.14285714285714285,0.0,0.14285714285714285,0.0,0.14285714285714285,0.5714285714285714,0.14285714285714285,0.42857142857142855,0.8341428571428572,0.08364285714285714,0.029985714285714286,0.026185714285714288,0.02605714285714286,0.029542857142857145,0.8900428571428571,0.08045714285714287,0.05091428571428571,7
2024-05-24,0.0,0.3333333333333333,0.16666666666666666,0.3333333333333333,0.3333333333333333,0.16666666666666666,0.0,0.0,0.5,0.3333333333333333,0.16666666666666666,0.7993,0.056266666666666666,0.020566666666666667,0.03653333333333333,0.08729999999999999,0.0787,0.8389666666666667,0.08233333333333333,0.003633333333333335,6
2024-05-28,0.05,0.1,0.05,0.1,0.0,0.05,0.0,0.25,0.6,0.2,0.4,0.8165699999999999,0.062060000000000004,0.0242,0.0343,0.06285500000000001,0.18053999999999998,0.725095,0.094355,-0.086185,20
2024-05-29,0.16666666666666666,0.0,0.3333333333333333,0.0,0.0,0.0,0.0,0.0,0.5,0.5,0.0,0.7434333333333333,0.15845,0.0257,0.030866666666666667,0.04156666666666666,0.17684999999999998,0.7500333333333332,0.07313333333333333,-0.10371666666666667,6
2024-05-30,0.0,0.125,0.0,0.0,0.125,0.0,0.0,0.25,0.875,0.0,0.875,0.8320875,0.055150000000000005,0.0207625,0.033225,0.058774999999999994,0.12145,0.6845875,0.1939375,0.0724875,8
2024-05-31,0.09090909090909091,0.2727272727272727,0.09090909090909091,0.2727272727272727,0.09090909090909091,0.09090909090909091,0.09090909090909091,0.0,0.2727272727272727,0.36363636363636365,-0.09090909090909091,0.7857272727272728,0.1323909090909091,0.02897272727272727,0.026009090909090912,0.026918181818181817,0.04266363636363636,0.8929272727272728,0.06441818181818182,0.021754545454545457,11
2024-06-03,0.07407407407407407,0.25925925925925924,0.1111111111111111,0.25925925925925924,0.14814814814814814,0.07407407407407407,0.07407407407407407,0.2962962962962963,0.5925925925925926,0.18518518518518517,0.4074074074074074,0.7493703703703704,0.07204444444444445,0.055374074074074076,0.05785925925925926,0.06532962962962963,0.11734074074074075,0.7501703703703704,0.13248888888888888,0.015148148148148147,27
2024-06-04,0.09090909090909091,0.36363636363636365,0.0,0.18181818181818182,0.0,0.18181818181818182,0.0,0.2727272727272727,0.5454545454545454,0.2727272727272727,0.2727272727272727,0.6384272727272727,0.06507272727272727,0.04207272727272727,0.13145454545454546,0.12293636363636364,0.13720909090909092,0.7699818181818181,0.0928090909090909,-0.0444,11
2024-06-05,0.0,0.1111111111111111,0.1111111111111111,0.0,0.0,0.1111111111111111,0.0,0.1111111111111111,0.6666666666666666,0.1111111111111111,0.5555555555555556,0.6962,0.14843333333333333,0.09435555555555555,0.0252,0.03581111111111111,0.18026666666666666,0.6633777777777777,0.15634444444444445,-0.023922222222222234,9
2024-06-06,0.0,0.0,0.0,0.0,0.0,0.0,0.0,0.0,1.0,0.0,1.0,0.8272333333333334,0.026399999999999996,0.01933333333333333,0.02463333333333333,0.10243333333333333,0.01846666666666667,0.8846333333333334,0.09693333333333333,0.07846666666666667,3
2024-06-07,0.0,0.0,0.0,0.0,0.0,0.0,0.0,0.0,0.6,0.0,0.6,0.8377600000000001,0.026539999999999998,0.01788,0.0576,0.060219999999999996,0.2116,0.7546,0.03382,-0.17778,5
2024-06-10,0.18181818181818182,0.18181818181818182,0.18181818181818182,0.09090909090909091,0.18181818181818182,0.0,0.18181818181818182,0.2727272727272727,0.45454545454545453,0.45454545454545453,0.0,0.6979,0.050236363636363635,0.12412727272727274,0.06082727272727273,0.0669,0.2985909090909091,0.5905363636363636,0.11086363636363637,-0.18772727272727271,11
2024-06-11,0.0,0.0,0.0,0.0,0.0,0.08333333333333333,0.0,0.16666666666666666,0.3333333333333333,0.08333333333333333,0.25,0.8349333333333333,0.07390000000000001,0.022725,0.029050000000000003,0.03940833333333333,0.18108333333333335,0.7689499999999999,0.049966666666666666,-0.13111666666666666,12
2024-06-12,0.42857142857142855,0.0,0.0,0.14285714285714285,0.0,0.14285714285714285,0.0,0.0,0.14285714285714285,0.5714285714285714,-0.42857142857142855,0.8802285714285715,0.042742857142857145,0.024342857142857142,0.024157142857142856,0.02855714285714286,0.29804285714285716,0.5260142857142858,0.17594285714285715,-0.1221,7
2024-06-13,0.0,0.16666666666666666,0.16666666666666666,0.3333333333333333,0.16666666666666666,0.0,0.0,0.16666666666666666,0.6666666666666666,0.16666666666666666,0.5,0.7813833333333333,0.04215,0.022616666666666663,0.07983333333333334,0.07405,0.15103333333333332,0.7952833333333333,0.05368333333333333,-0.09735,6
2024-06-14,0.0,0.1,0.2,0.2,0.0,0.0,0.0,0.0,0.3,0.3,0.0,0.6736500000000001,0.22187,0.03268,0.02536,0.04647,0.34978,0.6098100000000001,0.04042,-0.30935999999999997,10
2024-06-17,0.038461538461538464,0.19230769230769232,0.11538461538461539,0.19230769230769232,0.0,0.038461538461538464,0.0,0.0,0.23076923076923078,0.15384615384615385,0.07692307692307693,0.7436615384615385,0.13747307692307692,0.026296153846153844,0.03552307692307692,0.05703461538461538,0.0842923076923077,0.8515269230769231,0.06418846153846154,-0.020103846153846156,26
2024-06-18,0.08333333333333333,0.75,0.25,0.4166666666666667,0.16666666666666666,0.16666666666666666,0.16666666666666666,0.4166666666666667,0.6666666666666666,0.4166666666666667,0.25,0.725925,0.10068333333333333,0.02186666666666667,0.04650833333333334,0.104975,0.14806666666666665,0.709,0.142925,-0.005141666666666656,12
2024-06-20,0.18181818181818182,0.36363636363636365,0.18181818181818182,0.2727272727272727,0.0,0.2727272727272727,0.0,0.09090909090909091,0.2727272727272727,0.45454545454545453,-0.18181818181818182,0.7177181818181818,0.1152909090909091,0.09126363636363637,0.02759090909090909,0.048100000000000004,0.1824909090909091,0.7398454545454545,0.07767272727272727,-0.10481818181818182,11
2024-06-21,0.0,0.0,0.0,0.375,0.0,0.125,0.0,0.0,0.375,0.25,0.125,0.77405,0.081,0.023125,0.0332125,0.0886125,0.131875,0.8080375,0.060075,-0.07179999999999999,8
2024-06-24,0.0,0.3125,0.0,0.0625,0.0625,0.0,0.125,0.1875,0.6875,0.125,0.5625,0.80238125,0.05471875,0.02980625,0.047912500000000004,0.06518125,0.08735,0.72406875,0.1885875,0.10123750000000001,16
2024-06-25,0.0,0.14285714285714285,0.0,0.0,0.0,0.0,0.0,0.2857142857142857,0.7142857142857143,0.0,0.7142857142857143,0.872,0.05834285714285715,0.018642857142857145,0.022914285714285713,0.028157142857142856,0.04568571428571429,0.8793285714285713,0.07498571428571428,0.0293,7
2024-06-26,0.0,0.16666666666666666,0.0,0.16666666666666666,0.0,0.0,0.16666666666666666,0.16666666666666666,0.6666666666666666,0.16666666666666666,0.5,0.7342166666666667,0.18581666666666666,0.03233333333333333,0.02266666666666667,0.024983333333333333,0.24378333333333332,0.5910833333333333,0.16513333333333333,-0.07864999999999998,6
2024-06-27,0.0,0.5,0.0,0.0,0.0,0.0,0.0,0.5,1.25,0.25,1.0,0.8410500000000001,0.092475,0.015825,0.023899999999999998,0.0267,0.031025,0.507575,0.461375,0.43035,4
2024-06-28,0.25,0.5,0.0,0.0,0.25,0.0,0.0,0.25,0.25,0.25,0.0,0.7550749999999999,0.03195,0.02265,0.038825,0.151475,0.026575,0.832875,0.14055,0.113975,4
2024-07-01,0.24074074074074073,0.37037037037037035,0.09259259259259259,0.16666666666666666,0.2037037037037037,0.2037037037037037,0.16666666666666666,1.0925925925925926,1.3703703703703705,0.5555555555555556,0.8148148148148148,0.7873537037037037,0.07899444444444444,0.02247037037037037,0.05308888888888889,0.05808888888888889,0.13157777777777777,0.76935,0.09907962962962963,-0.03249814814814815,54
2024-07-02,0.0,0.0,0.125,0.125,0.125,0.0,0.0,0.125,0.5,0.125,0.375,0.8846625,0.0306875,0.017175,0.0235625,0.043937500000000004,0.07045,0.7498375,0.1797,0.10924999999999999,8
2024-07-03,0.0,0.2,0.0,0.2,0.2,0.3,0.0,0.3,0.6,0.3,0.3,0.87414,0.054110000000000005,0.018940000000000002,0.02343,0.02939,0.03295,0.8842000000000001,0.08284,0.049890000000000004,10
2024-07-05,0.23529411764705882,0.11764705882352941,0.0,0.23529411764705882,0.0,0.17647058823529413,0.058823529411764705,0.058823529411764705,0.35294117647058826,0.4117647058823529,-0.058823529411764705,0.7777411764705883,0.0849,0.03096470588235294,0.03696470588235294,0.06943529411764705,0.30432941176470585,0.5571,0.13855294117647057,-0.1657764705882353,17
2024-07-08,0.0,0.12,0.04,0.16,0.0,0.04,0.04,0.16,0.48,0.08,0.4,0.8504599999999999,0.045548000000000005,0.021928,0.033312,0.04876,0.070136,0.8136279999999999,0.116228,0.046091999999999994,25
2024-07-09,0.0,0.0,0.0,0.0,0.0,0.0,0.0,0.2,1.0,0.4,0.6,0.8727199999999999,0.04616,0.022520000000000002,0.02416,0.03444,0.33721999999999996,0.58934,0.07342,-0.26380000000000003,5
2024-07-10,0.125,0.25,0.125,0.375,0.25,0.375,0.0,0.375,0.375,0.375,0.0,0.6755125,0.2344,0.0375625,0.024274999999999998,0.028249999999999997,0.1934875,0.7056875,0.10085,-0.0926375,8
2024-07-11,0.2222222222222222,0.3333333333333333,0.0,0.2222222222222222,0.0,0.2222222222222222,0.0,0.0,0.4444444444444444,0.2222222222222222,0.2222222222222222,0.7759,0.09406666666666667,0.03772222222222222,0.036500000000000005,0.05582222222222222,0.42434444444444447,0.3904222222222222,0.1852222222222222,-0.2391222222222222,9
2024-07-12,0.3076923076923077,0.38461538461538464,0.15384615384615385,0.38461538461538464,0.07692307692307693,0.38461538461538464,0.07692307692307693,0.15384615384615385,0.38461538461538464,0.5384615384615384,-0.15384615384615385,0.6365538461538461,0.22247692307692307,0.045638461538461544,0.033969230769230765,0.06136153846153846,0.31,0.6039384615384615,0.08604615384615386,-0.22395384615384614,13
2024-07-15,0.08,0.36,0.04,0.2,0.14,0.22,0.12,0.22,0.58,0.36,0.22,0.684422,0.188394,0.039372000000000004,0.02475,0.063064,0.28099599999999997,0.572288,0.14671800000000002,-0.134278,50
2024-07-16,0.05263157894736842,0.15789473684210525,0.10526315789473684,0.3157894736842105,0.05263157894736842,0.21052631578947367,0.05263157894736842,0.15789473684210525,0.42105263157894735,0.42105263157894735,0.0,0.7333000000000001,0.11621052631578946,0.05470526315789473,0.042757894736842106,0.05301578947368422,0.2713,0.5753736842105264,0.15330526315789472,-0.11799473684210528,19
2024-07-17,0.0,0.0,0.0,0.1111111111111111,0.0,0.1111111111111111,0.1111111111111111,0.1111111111111111,0.2222222222222222,0.2222222222222222,0.0,0.7239222222222222,0.15416666666666667,0.05065555555555556,0.02891111111111111,0.042355555555555556,0.12024444444444445,0.8241888888888889,0.05555555555555555,-0.06468888888888889,9
2024-07-18,0.3333333333333333,0.3333333333333333,0.4444444444444444,0.8888888888888888,0.1111111111111111,0.6666666666666666,0.1111111111111111,0.1111111111111111,0.5555555555555556,1.0,-0.4444444444444444,0.48152222222222224,0.34455555555555556,0.09987777777777779,0.03106666666666667,0.04295555555555555,0.3068222222222222,0.5476111111111112,0.14555555555555555,-0.16126666666666664,9
2024-07-19,0.07142857142857142,0.10714285714285714,0.10714285714285714,0.10714285714285714,0.07142857142857142,0.10714285714285714,0.14285714285714285,0.10714285714285714,0.35714285714285715,0.5714285714285714,-0.21428571428571427,0.7086892857142857,0.08216071428571428,0.05375357142857142,0.045896428571428574,0.10947499999999999,0.13305,0.7049535714285715,0.1620392857142857,0.028989285714285717,28
2024-07-22,0.07142857142857142,0.3333333333333333,0.23809523809523808,0.2857142857142857,0.14285714285714285,0.19047619047619047,0.07142857142857142,0.42857142857142855,0.8095238095238095,0.5714285714285714,0.23809523809523808,0.7289523809523809,0.1516952380952381,0.03298809523809524,0.035719047619047616,0.05064761904761905,0.23873095238095238,0.6885,0.07277619047619048,-0.16595476190476188,42
2024-07-23,0.05,0.35,0.6,0.55,0.25,0.45,0.25,0.4,0.65,0.75,-0.1,0.801465,0.04572,0.05909,0.055110000000000006,0.038605,0.374,0.500415,0.12559,-0.24840999999999996,20
2024-07-24,0.1,0.3,0.15,0.15,0.1,0.2,0.05,0.2,0.65,0.35,0.3,0.7566200000000001,0.11364,0.04468,0.030245,0.054830000000000004,0.20991500000000002,0.673015,0.117075,-0.09284,20
2024-07-25,0.07142857142857142,0.14285714285714285,0.0,0.07142857142857142,0.0,0.07142857142857142,0.0,0.14285714285714285,0.5714285714285714,0.07142857142857142,0.5,0.6832071428571428,0.17559285714285713,0.025114285714285717,0.04152857142857143,0.07457142857142858,0.11175,0.7851714285714285,0.1031,-0.008650000000000003,14
2024-07-26,0.09090909090909091,0.18181818181818182,0.18181818181818182,0.36363636363636365,0.0,0.36363636363636365,0.0,0.0,0.18181818181818182,0.6363636363636364,-0.45454545454545453,0.7223909090909091,0.1410818181818182,0.06201818181818182,0.037190909090909094,0.0373,0.3797272727272727,0.49239090909090905,0.12789090909090908,-0.25183636363636364,11
2024-07-29,0.17857142857142858,0.125,0.19642857142857142,0.19642857142857142,0.08928571428571429,0.2857142857142857,0.03571428571428571,0.16071428571428573,0.39285714285714285,0.5357142857142857,-0.14285714285714285,0.7284589285714286,0.1506375,0.04368214285714286,0.02797857142857143,0.049241071428571426,0.21998571428571428,0.6934250000000001,0.0866,-0.13338571428571427,56
2024-07-30,0.06666666666666667,0.06666666666666667,0.06666666666666667,0.06666666666666667,0.0,0.06666666666666667,0.0,0.0,0.3333333333333333,0.26666666666666666,0.06666666666666667,0.80954,0.07260666666666667,0.048666666666666664,0.031466666666666664,0.037713333333333335,0.15518666666666667,0.74158,0.10322,-0.05196666666666667,15
2024-07-31,0.10526315789473684,0.15789473684210525,0.15789473684210525,0.10526315789473684,0.0,0.15789473684210525,0.10526315789473684,0.05263157894736842,0.47368421052631576,0.42105263157894735,0.05263157894736842,0.6223000000000001,0.2520315789473684,0.0658,0.025789473684210525,0.03407368421052631,0.33670526315789473,0.6199105263157895,0.043389473684210526,-0.29331578947368425,19
2024-08-02,0.6666666666666666,0.0,0.6666666666666666,0.0,0.0,0.0,0.0,1.0,2.6666666666666665,1.3333333333333333,1.3333333333333333,0.6482333333333333,0.20153333333333334,0.03896666666666667,0.03693333333333333,0.07436666666666668,0.07026666666666666,0.3844,0.5453333333333333,0.4750666666666667,3
2024-08-05,0.12244897959183673,0.20408163265306123,0.2857142857142857,0.42857142857142855,0.08163265306122448,0.3877551020408163,0.04081632653061224,0.24489795918367346,0.4489795918367347,0.5714285714285714,-0.12244897959183673,0.632769387755102,0.17690000000000003,0.06721224489795918,0.050665306122448975,0.07246326530612245,0.2729448979591837,0.6101469387755102,0.11691632653061225,-0.15602857142857143,49
2024-08-06,0.18518518518518517,0.2962962962962963,0.0,0.14814814814814814,0.07407407407407407,0.07407407407407407,0.037037037037037035,0.2962962962962963,0.7037037037037037,0.2962962962962963,0.4074074074074074,0.7817740740740741,0.08315925925925925,0.03685185185185185,0.04504074074074074,0.05317037037037037,0.21782962962962962,0.6395000000000001,0.1426925925925926,-0.07513703703703704,27
2024-08-07,0.20833333333333334,0.08333333333333333,0.041666666666666664,0.16666666666666666,0.0,0.16666666666666666,0.0,0.125,0.041666666666666664,0.3333333333333333,-0.2916666666666667,0.7639916666666666,0.13439583333333335,0.042437499999999996,0.024054166666666668,0.035124999999999997,0.2595166666666667,0.6944416666666666,0.046033333333333336,-0.21348333333333333,24
2024-08-08,0.5,0.1,0.3,0.4666666666666667,0.03333333333333333,0.36666666666666664,0.13333333333333333,0.1,0.43333333333333335,0.7333333333333333,-0.3,0.70322,0.11337333333333333,0.060623333333333335,0.053533333333333336,0.06926666666666666,0.2890433333333334,0.5798133333333334,0.13114333333333333,-0.1579,30
2024-08-09,0.034482758620689655,0.3103448275862069,0.1724137931034483,0.1724137931034483,0.0,0.034482758620689655,0.06896551724137931,0.1724137931034483,0.5172413793103449,0.3793103448275862,0.13793103448275862,0.7627448275862069,0.08588620689655171,0.02382413793103448,0.030486206896551724,0.09706896551724138,0.20945172413793103,0.7107620689655172,0.07977586206896552,-0.12967586206896553,29
2024-08-12,0.06382978723404255,0.1702127659574468,0.14893617021276595,0.3191489361702128,0.06382978723404255,0.23404255319148937,0.06382978723404255,0.19148936170212766,0.48936170212765956,0.3191489361702128,0.1702127659574468,0.8089914893617021,0.06814255319148936,0.0359063829787234,0.033457446808510635,0.05350425531914894,0.23494680851063832,0.6550191489361702,0.11003617021276595,-0.12491063829787234,47
2024-08-13,0.0,0.18181818181818182,0.09090909090909091,0.09090909090909091,0.09090909090909091,0.2727272727272727,0.09090909090909091,0.18181818181818182,0.5454545454545454,0.36363636363636365,0.18181818181818182,0.7840454545454545,0.05356363636363636,0.020399999999999998,0.04389090909090909,0.09809090909090909,0.1047909090909091,0.8268363636363637,0.06839090909090909,-0.036399999999999995,11
2024-08-14,0.0625,0.1875,0.0,0.0625,0.1875,0.0625,0.0,0.25,0.4375,0.3125,0.125,0.8322375,0.0712375,0.0299,0.02900625,0.0376,0.16854375,0.7655375,0.0659,-0.10264374999999999,16
2024-08-15,0.13333333333333333,0.0,0.13333333333333333,0.26666666666666666,0.0,0.13333333333333333,0.0,0.06666666666666667,1.0666666666666667,0.4,0.6666666666666666,0.7826933333333332,0.07728,0.021753333333333336,0.07478,0.043486666666666667,0.19614,0.5715533333333334,0.23230666666666666,0.03616666666666666,15
2024-08-16,0.0,0.07692307692307693,0.0,0.0,0.0,0.0,0.0,0.0,0.38461538461538464,0.0,0.38461538461538464,0.7936230769230769,0.050638461538461535,0.027038461538461542,0.028276923076923074,0.10043846153846155,0.11273076923076923,0.7806846153846153,0.10659230769230768,-0.006138461538461534,13
2024-08-19,0.0975609756097561,0.17073170731707318,0.17073170731707318,0.3170731707317073,0.07317073170731707,0.14634146341463414,0.04878048780487805,0.1951219512195122,0.6585365853658537,0.3902439024390244,0.2682926829268293,0.775709756097561,0.08899268292682927,0.03418048780487805,0.04187317073170732,0.059243902439024394,0.2160243902439024,0.662109756097561,0.12185853658536586,-0.0941658536585366,41
2024-08-20,0.0,0.375,0.0,0.25,0.0,0.0,0.125,0.25,0.5,0.375,0.125,0.7444625,0.124575,0.0175375,0.041237499999999996,0.072175,0.16305,0.7684,0.0685375,-0.09451250000000001,8
2024-08-21,0.05263157894736842,0.3684210526315789,0.05263157894736842,0.05263157894736842,0.0,0.05263157894736842,0.10526315789473684,0.47368421052631576,0.6842105263157895,0.15789473684210525,0.5263157894736842,0.7592894736842105,0.1062842105263158,0.034610526315789474,0.0469,0.05293157894736842,0.08383684210526315,0.8072,0.1089421052631579,0.025105263157894735,19
2024-08-22,0.0,0.09090909090909091,0.18181818181818182,0.09090909090909091,0.18181818181818182,0.0,0.18181818181818182,0.18181818181818182,0.6363636363636364,0.18181818181818182,0.45454545454545453,0.8586272727272728,0.03607272727272728,0.018745454545454544,0.031045454545454546,0.05546363636363636,0.1195909090909091,0.7382909090909091,0.14210909090909093,0.022518181818181816,11
2024-08-23,0.0,0.0,0.0,0.14285714285714285,0.0,0.14285714285714285,0.0,0.0,0.5714285714285714,0.0,0.5714285714285714,0.8960428571428573,0.03782857142857143,0.017471428571428572,0.02017142857142857,0.028485714285714284,0.038842857142857144,0.820857142857143,0.1402857142857143,0.10144285714285714,7
2024-08-26,0.11428571428571428,0.14285714285714285,0.02857142857142857,0.22857142857142856,0.05714285714285714,0.08571428571428572,0.08571428571428572,0.17142857142857143,0.6,0.2,0.4,0.8388599999999999,0.06320857142857143,0.025291428571428572,0.03133428571428572,0.04131142857142857,0.1676,0.7114142857142857,0.12100285714285715,-0.04659714285714286,35
2024-08-27,0.0625,0.5,0.0,0.0625,0.0625,0.125,0.0,0.1875,0.375,0.1875,0.1875,0.87736875,0.03995625,0.0219375,0.02433125,0.036387499999999996,0.1767875,0.7365875,0.08663124999999999,-0.09015625,16
2024-08-28,0.1,0.1,0.0,0.0,0.1,0.0,0.2,0.2,0.7,0.0,0.7,0.7721899999999999,0.11234999999999999,0.027499999999999997,0.03419,0.053779999999999994,0.07329,0.60139,0.32533,0.25204,10
2024-08-29,0.11538461538461539,0.15384615384615385,0.038461538461538464,0.038461538461538464,0.0,0.038461538461538464,0.0,0.07692307692307693,0.4230769230769231,0.19230769230769232,0.23076923076923078,0.7429153846153846,0.08434230769230769,0.020957692307692306,0.030326923076923078,0.12146153846153845,0.1093423076923077,0.7537884615384616,0.1368923076923077,0.027549999999999995,26
2024-08-30,0.0,0.14285714285714285,0.07142857142857142,0.07142857142857142,0.0,0.14285714285714285,0.0,0.0,0.7142857142857143,0.5714285714285714,0.14285714285714285,0.8264642857142858,0.08594285714285714,0.03382142857142857,0.026600000000000002,0.027214285714285715,0.15653571428571428,0.6449642857142858,0.19849999999999998,0.04196428571428571,14
2024-09-03,0.1111111111111111,0.2037037037037037,0.037037037037037035,0.07407407407407407,0.05555555555555555,0.05555555555555555,0.0,0.3148148148148148,0.6296296296296297,0.24074074074074073,0.3888888888888889,0.8275314814814815,0.07097037037037036,0.023394444444444447,0.0285037037037037,0.04959444444444445,0.15705555555555556,0.6761092592592592,0.16684074074074073,0.009785185185185181,54
2024-09-04,0.28125,0.1875,0.1875,0.25,0.125,0.375,0.125,0.3125,0.59375,0.59375,0.0,0.537715625,0.265065625,0.04505,0.072534375,0.079628125,0.2602625,0.5862625,0.1534875,-0.10677500000000001,32
2024-09-05,0.16666666666666666,0.3333333333333333,0.16666666666666666,0.0,0.16666666666666666,0.5,0.16666666666666666,0.3333333333333333,0.5,0.6666666666666666,-0.16666666666666666,0.6359,0.22825000000000004,0.03706666666666667,0.03503333333333333,0.06373333333333334,0.19106666666666663,0.6554833333333333,0.15346666666666667,-0.0376,6
2024-09-06,0.5,0.25,0.0,0.0,0.0,0.0,0.0,0.25,0.25,0.5,-0.25,0.680125,0.192025,0.0361,0.04085,0.0509,0.020275,0.913625,0.066125,0.04585,4
2024-09-09,0.0,0.12903225806451613,0.03225806451612903,0.16129032258064516,0.06451612903225806,0.16129032258064516,0.03225806451612903,0.25806451612903225,0.5161290322580645,0.25806451612903225,0.25806451612903225,0.6796645161290323,0.09831612903225807,0.07300645161290323,0.06657096774193548,0.08244516129032259,0.16872580645161292,0.7175354838709678,0.11374838709677419,-0.0549774193548387,31
2024-09-10,0.0,0.42857142857142855,0.0,0.0,0.14285714285714285,0.0,0.0,0.14285714285714285,1.1428571428571428,0.14285714285714285,1.0,0.710442857142857,0.11810000000000001,0.019557142857142856,0.03987142857142857,0.11202857142857144,0.2189142857142857,0.6506428571428572,0.13042857142857142,-0.08848571428571429,7
2024-09-11,0.0,0.36363636363636365,0.2727272727272727,0.2727272727272727,0.09090909090909091,0.2727272727272727,0.18181818181818182,0.18181818181818182,0.45454545454545453,0.45454545454545453,0.0,0.7755363636363636,0.06657272727272727,0.021818181818181816,0.07614545454545454,0.0599,0.21087272727272727,0.6692090909090909,0.11989999999999999,-0.09097272727272726,11
2024-09-12,0.0,0.25,0.25,0.0,0.25,0.5,0.5,0.25,1.0,0.75,0.25,0.8942749999999999,0.053325000000000004,0.018000000000000002,0.0185,0.0159,0.28775,0.485325,0.22690000000000002,-0.060849999999999994,4
2024-09-13,0.1,0.4,0.0,0.2,0.4,0.0,0.2,0.3,0.6,0.2,0.4,0.74719,0.07768,0.029349999999999998,0.07157,0.07422,0.05680999999999999,0.70921,0.23399999999999999,0.17719000000000001,10
2024-09-16,0.08108108108108109,0.2972972972972973,0.02702702702702703,0.2972972972972973,0.21621621621621623,0.1891891891891892,0.24324324324324326,0.2702702702702703,0.7837837837837838,0.32432432432432434,0.4594594594594595,0.7790891891891892,0.08084594594594594,0.028345945945945944,0.04243783783783784,0.06927027027027027,0.13045135135135136,0.6617648648648649,0.2077837837837838,0.07733243243243243,37
2024-09-17,0.2,0.5,0.0,0.5,0.5,0.2,0.4,0.6,0.7,0.5,0.2,0.8173600000000001,0.058109999999999995,0.02384,0.03332,0.06731,0.21464,0.48822,0.29712,0.08248000000000001,10
2024-09-18,0.3333333333333333,0.1111111111111111,0.2222222222222222,0.2222222222222222,0.0,0.2222222222222222,0.0,0.0,0.2222222222222222,0.3333333333333333,-0.1111111111111111,0.7029222222222222,0.07348888888888888,0.05067777777777778,0.11123333333333332,0.06168888888888889,0.11167777777777779,0.8059,0.08242222222222223,-0.029255555555555552,9
2024-09-19,0.0,0.3333333333333333,0.0,0.0,0.16666666666666666,0.16666666666666666,0.16666666666666666,0.16666666666666666,1.0,0.16666666666666666,0.8333333333333334,0.78245,0.057333333333333326,0.016983333333333333,0.024499999999999997,0.11876666666666667,0.17318333333333333,0.6273666666666666,0.19943333333333335,0.026249999999999996,6
2024-09-20,0.09090909090909091,0.18181818181818182,0.09090909090909091,0.09090909090909091,0.0,0.09090909090909091,0.18181818181818182,0.18181818181818182,0.6363636363636364,0.18181818181818182,0.45454545454545453,0.7837909090909091,0.07937272727272728,0.07719999999999999,0.0229,0.036754545454545456,0.26206363636363633,0.6743636363636364,0.06358181818181818,-0.19848181818181818,11
2024-09-23,0.0,0.10714285714285714,0.03571428571428571,0.17857142857142858,0.0,0.07142857142857142,0.03571428571428571,0.21428571428571427,0.5,0.10714285714285714,0.39285714285714285,0.72855,0.10173928571428571,0.05669285714285714,0.03596071428571428,0.07703571428571429,0.17665357142857144,0.7292607142857143,0.094075,-0.08257857142857143,28
2024-09-24,0.17647058823529413,0.29411764705882354,0.08823529411764706,0.14705882352941177,0.08823529411764706,0.11764705882352941,0.058823529411764705,0.7058823529411765,0.9705882352941176,0.4411764705882353,0.5294117647058824,0.7000852941176471,0.17753529411764707,0.0338,0.037214705882352934,0.05135882352941176,0.21321176470588235,0.6488588235294117,0.13791470588235294,-0.07529705882352943,34
2024-09-25,0.0,0.5,0.6,0.7,0.5,0.0,0.0,0.1,1.1,0.5,0.6,0.8782500000000001,0.029599999999999998,0.01771,0.03029,0.04416,0.27507000000000004,0.60504,0.1199,-0.15516999999999997,10
2024-09-26,0.07692307692307693,0.07692307692307693,0.07692307692307693,0.3076923076923077,0.0,0.23076923076923078,0.0,0.3076923076923077,0.3076923076923077,0.3076923076923077,0.0,0.7918230769230769,0.06906153846153845,0.02643846153846154,0.04163846153846154,0.07103076923076923,0.09553076923076922,0.7955230769230769,0.10894615384615386,0.013415384615384619,13
2024-09-27,0.0,0.125,0.125,0.16666666666666666,0.041666666666666664,0.041666666666666664,0.041666666666666664,0.375,0.5,0.20833333333333334,0.2916666666666667,0.8123916666666666,0.05287083333333333,0.021391666666666666,0.040954166666666666,0.07238750000000001,0.10562083333333333,0.7792083333333334,0.11517083333333333,0.009550000000000003,24
2024-09-30,0.04,0.16,0.12,0.24,0.12,0.12,0.0,0.12,0.6,0.32,0.28,0.7250960000000001,0.096088,0.047252,0.06332399999999999,0.068256,0.10643599999999999,0.6787439999999999,0.21482400000000001,0.10838799999999998,25
2024-10-01,0.20689655172413793,0.3448275862068966,0.10344827586206896,0.1206896551724138,0.1896551724137931,0.10344827586206896,0.1724137931034483,0.9655172413793104,1.4655172413793103,0.3448275862068966,1.1206896551724137,0.8231362068965518,0.07494310344827587,0.02518793103448276,0.025774137931034485,0.05096034482758621,0.11864310344827586,0.7998120689655173,0.0815551724137931,-0.03708793103448276,58
2024-10-02,0.05263157894736842,0.3157894736842105,0.0,0.0,0.15789473684210525,0.0,0.15789473684210525,0.15789473684210525,0.5263157894736842,0.0,0.5263157894736842,0.7058105263157894,0.1132,0.025373684210526316,0.058415789473684206,0.09721578947368421,0.06347368421052631,0.7540736842105263,0.18244736842105264,0.11897368421052631,19
2024-10-03,0.0,0.4444444444444444,0.0,0.2222222222222222,0.1111111111111111,0.2222222222222222,0.1111111111111111,0.3333333333333333,0.5555555555555556,0.2222222222222222,0.3333333333333333,0.8124888888888889,0.08235555555555556,0.029011111111111113,0.03401111111111111,0.04212222222222222,0.05355555555555556,0.8345222222222222,0.11193333333333334,0.058377777777777785,9
2024-10-04,0.0,0.25,0.0,0.0,0.25,0.0,0.25,0.25,1.0,0.0,1.0,0.834675,0.0783,0.018475,0.0291,0.03945,0.032100000000000004,0.9005,0.067425,0.035325,4
2024-10-07,0.043478260869565216,0.08695652173913043,0.043478260869565216,0.13043478260869565,0.043478260869565216,0.043478260869565216,0.0,0.2608695652173913,0.4782608695652174,0.21739130434782608,0.2608695652173913,0.7674304347826088,0.10373478260869565,0.03726086956521739,0.0415304347826087,0.05002608695652174,0.055639130434782615,0.846404347826087,0.09794782608695653,0.04230869565217391,23
2024-10-08,0.0,0.18181818181818182,0.09090909090909091,0.0,0.18181818181818182,0.0,0.09090909090909091,0.36363636363636365,1.2727272727272727,0.09090909090909091,1.1818181818181819,0.710809090909091,0.11518181818181819,0.02080909090909091,0.05517272727272727,0.09800909090909092,0.06116363636363636,0.6662818181818182,0.2725181818181818,0.21135454545454546,11
2024-10-09,0.0,0.0,0.0,0.0,0.0,0.0,0.0,0.2,1.2,0.0,1.2,0.8013,0.0228,0.015360000000000002,0.06956,0.091,0.0213,0.6679600000000001,0.31074,0.28944000000000003,5
2024-10-10,0.4166666666666667,0.75,0.16666666666666666,0.2777777777777778,0.25,0.4444444444444444,0.1388888888888889,1.1388888888888888,2.2222222222222223,0.5833333333333334,1.6388888888888888,0.8356583333333334,0.04042777777777778,0.025119444444444444,0.04561944444444445,0.05316944444444444,0.020622222222222222,0.7290222222222222,0.25035555555555555,0.22973333333333334,36
2024-10-11,0.1,0.2,0.0,0.0,0.0,0.0,0.0,0.7,0.8,0.1,0.7,0.6364,0.26553,0.05413,0.01966,0.02428,0.08331999999999999,0.8473900000000001,0.06931000000000001,-0.01401,10
2024-10-14,0.0,0.2222222222222222,0.037037037037037035,0.037037037037037035,0.1111111111111111,0.07407407407407407,0.07407407407407407,0.18518518518518517,0.4444444444444444,0.14814814814814814,0.2962962962962963,0.754762962962963,0.08862592592592593,0.03516296296296296,0.05662592592592592,0.06482592592592593,0.14020740740740742,0.6586444444444445,0.20114444444444446,0.06093703703703704,27
2024-10-15,0.07692307692307693,0.15384615384615385,0.07692307692307693,0.3076923076923077,0.0,0.15384615384615385,0.0,0.0,0.46153846153846156,0.3076923076923077,0.15384615384615385,0.6037538461538461,0.2205769230769231,0.04776153846153846,0.034953846153846155,0.09296923076923078,0.07763846153846155,0.733323076923077,0.18902307692307693,0.11138461538461539,13
2024-10-16,0.0,0.18181818181818182,0.09090909090909091,0.0,0.09090909090909091,0.2727272727272727,0.09090909090909091,0.36363636363636365,0.6363636363636364,0.2727272727272727,0.36363636363636365,0.7301454545454544,0.14586363636363633,0.03416363636363637,0.026354545454545453,0.06345454545454546,0.2763181818181818,0.5898090909090908,0.13388181818181819,-0.14243636363636367,11
2024-10-17,0.2857142857142857,0.2857142857142857,0.0,0.2857142857142857,0.14285714285714285,0.2857142857142857,0.2857142857142857,0.14285714285714285,0.42857142857142855,0.42857142857142855,0.0,0.8795000000000001,0.03797142857142858,0.01927142857142857,0.029842857142857143,0.03345714285714286,0.27681428571428573,0.5160714285714285,0.2071,-0.06971428571428571,7
2024-10-18,0.125,0.0,0.0,0.125,0.125,0.0,0.0,0.25,0.625,0.125,0.5,0.637275,0.26568749999999997,0.0278125,0.022887499999999998,0.0463625,0.2114375,0.7389,0.0496625,-0.161775,8
2024-10-21,0.06451612903225806,0.06451612903225806,0.0,0.06451612903225806,0.03225806451612903,0.06451612903225806,0.03225806451612903,0.1935483870967742,0.4838709677419355,0.1935483870967742,0.2903225806451613,0.7508451612903225,0.12057096774193549,0.03226451612903226,0.03410967741935484,0.06219677419354839,0.1731548387096774,0.6367258064516128,0.19012258064516127,0.016967741935483872,31
2024-10-22,0.14285714285714285,0.21428571428571427,0.0,0.14285714285714285,0.0,0.14285714285714285,0.14285714285714285,0.14285714285714285,0.9285714285714286,0.21428571428571427,0.7142857142857143,0.6898357142857143,0.14102857142857142,0.0869,0.032164285714285715,0.050042857142857146,0.17044285714285715,0.6631142857142857,0.16644285714285714,-0.003999999999999997,14
2024-10-23,0.05555555555555555,0.2222222222222222,0.1111111111111111,0.3333333333333333,0.05555555555555555,0.2777777777777778,0.05555555555555555,0.2777777777777778,0.7222222222222222,0.3888888888888889,0.3333333333333333,0.6740944444444444,0.21195555555555556,0.043083333333333335,0.029433333333333336,0.04140555555555556,0.27754999999999996,0.6834055555555555,0.03902222222222222,-0.23852777777777778,18
2024-10-24,0.05,0.175,0.1,0.05,0.15,0.025,0.1,0.15,0.9,0.2,0.7,0.7225575,0.1131425,0.057235,0.040147499999999996,0.0669125,0.09778,0.7584299999999999,0.1437925,0.0460125,40
2024-10-25,0.1111111111111111,0.1111111111111111,0.1111111111111111,0.2222222222222222,0.0,0.2222222222222222,0.0,0.0,0.7222222222222222,0.3333333333333333,0.3888888888888889,0.7314444444444445,0.15652777777777777,0.035783333333333334,0.031244444444444446,0.045005555555555556,0.23012777777777776,0.6193055555555556,0.15057777777777778,-0.07955,18
2024-10-28,0.03225806451612903,0.12903225806451613,0.06451612903225806,0.06451612903225806,0.06451612903225806,0.12903225806451613,0.03225806451612903,0.22580645161290322,0.6774193548387096,0.12903225806451613,0.5483870967741935,0.7604935483870967,0.11256774193548387,0.02459032258064516,0.049319354838709674,0.053045161290322586,0.13746451612903227,0.7045193548387096,0.15800967741935484,0.02054516129032258,31
2024-10-29,0.0,0.2857142857142857,0.0,0.0,0.21428571428571427,0.07142857142857142,0.0,0.35714285714285715,0.8571428571428571,0.07142857142857142,0.7857142857142857,0.8213714285714285,0.0895,0.031150000000000004,0.02724285714285714,0.03072857142857143,0.14370714285714284,0.5297214285714286,0.32657857142857144,0.18287142857142857,14
2024-10-30,0.25,0.4166666666666667,0.16666666666666666,0.08333333333333333,0.25,0.16666666666666666,0.3333333333333333,0.3333333333333333,1.0833333333333333,0.08333333333333333,1.0,0.636625,0.20110833333333333,0.09848333333333333,0.024124999999999997,0.039625,0.226425,0.6164083333333333,0.157175,-0.06924999999999999,12
2024-10-31,0.0,0.0,0.0,0.0,0.0,0.0,0.0,0.0,0.5,0.0,0.5,0.84482,0.04519,0.01936,0.035070000000000004,0.05555,0.16494,0.7512399999999999,0.08381,-0.08113000000000001,10
2024-11-01,0.09090909090909091,0.2727272727272727,0.0,0.0,0.0,0.0,0.0,0.09090909090909091,0.45454545454545453,0.09090909090909091,0.36363636363636365,0.6599909090909091,0.18731818181818183,0.04159090909090909,0.037190909090909094,0.07386363636363637,0.06718181818181818,0.8482909090909092,0.08451818181818181,0.017336363636363636,11
2024-11-04,0.05,0.25,0.1,0.3,0.1,0.1,0.1,0.35,0.95,0.4,0.55,0.73358,0.159805,0.021185000000000002,0.03906,0.04636,0.109945,0.698715,0.19135,0.08140500000000002,20
2024-11-05,0.0,0.5,0.0,0.0,0.625,0.0,0.25,0.375,1.0,0.125,0.875,0.8416625,0.06991249999999999,0.022275,0.02425,0.0419375,0.01965,0.7802375,0.20015,0.1805,8
2024-11-06,0.75,0.0,0.0,0.75,0.0,0.5,0.0,0.0,0.25,0.75,-0.5,0.8156,0.054475,0.02105,0.033275,0.075575,0.10049999999999999,0.6716249999999999,0.22785,0.12735000000000002,4
2024-11-07,0.0,0.2727272727272727,0.0,0.0,0.0,0.0,0.09090909090909091,0.09090909090909091,0.18181818181818182,0.09090909090909091,0.09090909090909091,0.658209090909091,0.20152727272727275,0.030063636363636362,0.04072727272727273,0.06946363636363637,0.13633636363636364,0.7190727272727272,0.1446,0.008263636363636372,11
2024-11-08,0.09090909090909091,0.09090909090909091,0.18181818181818182,0.5454545454545454,0.09090909090909091,0.2727272727272727,0.45454545454545453,0.09090909090909091,0.45454545454545453,0.5454545454545454,-0.09090909090909091,0.5830909090909091,0.14564545454545455,0.058681818181818175,0.10118181818181818,0.1114,0.27943636363636365,0.6262181818181818,0.09433636363636362,-0.1851,11
2024-11-11,0.17391304347826086,0.2608695652173913,0.043478260869565216,0.13043478260869565,0.043478260869565216,0.043478260869565216,0.043478260869565216,0.17391304347826086,0.6086956521739131,0.2608695652173913,0.34782608695652173,0.6722782608695652,0.21616521739130434,0.03331304347826087,0.03236086956521739,0.04587391304347826,0.16019565217391304,0.5970086956521738,0.24280000000000002,0.08260434782608696,23
2024-11-12,0.0,0.0,0.0,0.0,0.0,0.0,0.0,0.4,0.8,0.0,0.8,0.7468199999999999,0.035519999999999996,0.02366,0.07108,0.12296,0.01996,0.7202,0.25988,0.23992,5
2024-11-13,0.25,0.125,0.0,0.0,0.0,0.125,0.0,0.125,0.25,0.25,0.0,0.5490125,0.23298750000000001,0.025562500000000002,0.057625,0.134775,0.0865375,0.7054,0.2080375,0.1215,8
2024-11-14,0.5,0.0,0.25,0.0,0.0,0.25,0.0,0.5,1.0,0.5,0.5,0.641325,0.25925,0.055275000000000005,0.019325,0.024825,0.230525,0.5831999999999999,0.186275,-0.04425,4
2024-11-15,0.0,0.0,0.0,0.0,0.0,0.0,0.0,0.26666666666666666,0.5333333333333333,0.2,0.3333333333333333,0.6584133333333334,0.24184666666666665,0.030933333333333334,0.028506666666666666,0.04030666666666667,0.19357333333333332,0.6670333333333333,0.13939333333333334,-0.05418,15
2024-11-18,0.05,0.3,0.05,0.1,0.1,0.0,0.05,0.45,0.75,0.05,0.7,0.671465,0.190035,0.036545,0.03602,0.065935,0.08129499999999999,0.76081,0.157895,0.0766,20
2024-11-19,0.14285714285714285,0.14285714285714285,0.14285714285714285,0.14285714285714285,0.0,0.0,0.2857142857142857,0.2857142857142857,0.42857142857142855,0.42857142857142855,0.0,0.6883285714285714,0.18437142857142857,0.03327142857142857,0.038714285714285715,0.05531428571428571,0.033,0.8450857142857142,0.12192857142857143,0.08892857142857144,7
2024-11-20,0.0,0.14285714285714285,0.0,0.14285714285714285,0.0,0.14285714285714285,0.0,0.0,0.2857142857142857,0.14285714285714285,0.14285714285714285,0.6276142857142857,0.23034285714285715,0.02432857142857143,0.027299999999999998,0.09041428571428571,0.09127142857142857,0.7332857142857143,0.17547142857142856,0.08420000000000001,7
2024-11-21,0.14285714285714285,0.14285714285714285,0.0,0.14285714285714285,0.2857142857142857,0.2857142857142857,0.14285714285714285,0.42857142857142855,1.0,0.14285714285714285,0.8571428571428571,0.7759571428571429,0.13677142857142857,0.027985714285714284,0.03041428571428571,0.028871428571428572,0.037385714285714286,0.8226714285714286,0.13995714285714286,0.10257142857142856,7
2024-11-22,0.16666666666666666,0.16666666666666666,0.16666666666666666,0.16666666666666666,0.16666666666666666,0.16666666666666666,0.0,0.5,1.0,0.16666666666666666,0.8333333333333334,0.7961166666666667,0.0961,0.028399999999999998,0.0219,0.057433333333333336,0.15676666666666667,0.7495666666666666,0.09368333333333334,-0.06308333333333332,6
2024-11-25,0.075,0.2,0.075,0.2,0.175,0.15,0.05,0.225,0.45,0.225,0.225,0.6220725,0.18065,0.0394775,0.05160250000000001,0.1061825,0.17096,0.7241875,0.10486500000000001,-0.06609499999999999,40
2024-11-26,0.0,0.42857142857142855,0.0,0.0,0.2857142857142857,0.0,0.2857142857142857,0.42857142857142855,0.7142857142857143,0.07142857142857142,0.6428571428571429,0.8442785714285714,0.04846428571428572,0.02457142857142857,0.04002857142857143,0.04265714285714285,0.02644285714285714,0.7381571428571428,0.23537857142857144,0.20893571428571428,14
2024-11-27,0.2857142857142857,0.42857142857142855,0.0,0.14285714285714285,0.14285714285714285,0.21428571428571427,0.07142857142857142,0.35714285714285715,0.5,0.42857142857142855,0.07142857142857142,0.8402571428571429,0.06470714285714287,0.02517857142857143,0.02662142857142857,0.04324285714285714,0.12684285714285715,0.7406857142857143,0.13249285714285713,0.005650000000000004,14
2024-11-29,0.125,0.625,0.0,0.25,0.1875,0.1875,0.0625,0.375,0.75,0.375,0.375,0.74034375,0.11489374999999999,0.02076875,0.05875625,0.06520625000000001,0.0902875,0.79598125,0.11371875000000001,0.023431249999999997,16
2024-12-02,0.07142857142857142,0.35714285714285715,0.07142857142857142,0.25,0.17857142857142858,0.25,0.07142857142857142,0.21428571428571427,0.2857142857142857,0.42857142857142855,-0.14285714285714285,0.67095,0.10643928571428572,0.06953928571428572,0.05971785714285714,0.09333928571428572,0.19518214285714283,0.65215,0.1526607142857143,-0.042521428571428564,28
2024-12-03,0.1111111111111111,0.2222222222222222,0.037037037037037035,0.18518518518518517,0.1111111111111111,0.14814814814814814,0.037037037037037035,0.1111111111111111,0.5185185185185185,0.25925925925925924,0.25925925925925924,0.7653592592592593,0.05582222222222222,0.02557777777777778,0.05585925925925926,0.09738518518518519,0.18595185185185187,0.7222703703703703,0.09178888888888889,-0.09416296296296298,27
2024-12-04,0.0,0.0,0.0,0.09090909090909091,0.0,0.09090909090909091,0.09090909090909091,0.5454545454545454,0.18181818181818182,0.18181818181818182,0.0,0.7487727272727273,0.09134545454545454,0.05525454545454545,0.042772727272727275,0.06181818181818182,0.16813636363636364,0.6476727272727273,0.1841909090909091,0.016054545454545464,11
2024-12-05,0.1,0.3,0.2,0.3,0.1,0.3,0.1,0.3,0.3,0.3,0.0,0.73412,0.10534999999999999,0.06834,0.041139999999999996,0.051039999999999995,0.25905,0.69741,0.04355,-0.21549999999999997,10
2024-12-06,0.36363636363636365,0.5454545454545454,0.18181818181818182,0.2727272727272727,0.5454545454545454,0.2727272727272727,0.36363636363636365,0.5454545454545454,0.6363636363636364,0.36363636363636365,0.2727272727272727,0.49974545454545455,0.2575727272727273,0.09964545454545455,0.03480909090909091,0.10822727272727271,0.2075818181818182,0.6438545454545455,0.14855454545454544,-0.05902727272727273,11
2024-12-09,0.15384615384615385,0.34615384615384615,0.07692307692307693,0.11538461538461539,0.07692307692307693,0.07692307692307693,0.11538461538461539,0.11538461538461539,0.4230769230769231,0.23076923076923078,0.19230769230769232,0.652823076923077,0.13437307692307693,0.04327307692307692,0.056692307692307695,0.11283461538461538,0.1994153846153846,0.6050423076923077,0.19553076923076923,-0.003884615384615389,26
2024-12-10,0.0,0.15384615384615385,0.0,0.0,0.15384615384615385,0.07692307692307693,0.0,0.23076923076923078,0.6923076923076923,0.3076923076923077,0.38461538461538464,0.7183538461538461,0.11297692307692309,0.030838461538461537,0.05055384615384616,0.0873,0.14696923076923077,0.6870692307692308,0.16596153846153844,0.0189923076923077,13
2024-12-11,0.3333333333333333,0.3333333333333333,0.0,0.16666666666666666,0.0,0.3333333333333333,0.0,0.0,0.3333333333333333,0.5,-0.16666666666666666,0.87445,0.0448,0.01875,0.024516666666666662,0.037483333333333334,0.2942333333333333,0.5176666666666666,0.18804999999999997,-0.10618333333333334,6
2024-12-12,0.1,0.03333333333333333,0.0,0.03333333333333333,0.06666666666666667,0.06666666666666667,0.03333333333333333,0.16666666666666666,0.16666666666666666,0.2,-0.03333333333333333,0.6853066666666667,0.07294666666666667,0.033580000000000006,0.10400999999999999,0.10414999999999999,0.06926,0.7401366666666667,0.19060666666666665,0.12134666666666667,30
2024-12-13,0.0,0.07142857142857142,0.0,0.0,0.14285714285714285,0.14285714285714285,0.07142857142857142,0.21428571428571427,0.35714285714285715,0.21428571428571427,0.14285714285714285,0.7680642857142858,0.062264285714285716,0.022092857142857143,0.07462142857142857,0.07295,0.14924285714285715,0.7227285714285714,0.12803571428571428,-0.021207142857142862,14
2024-12-16,0.125,0.28125,0.09375,0.125,0.15625,0.125,0.0625,0.28125,0.625,0.1875,0.4375,0.64119375,0.10180625,0.053171875,0.071053125,0.1327875,0.146946875,0.73626875,0.116778125,-0.03016875,32
2024-12-17,0.0,0.2727272727272727,0.2727272727272727,0.2727272727272727,0.09090909090909091,0.2727272727272727,0.0,0.2727272727272727,0.9090909090909091,0.36363636363636365,0.5454545454545454,0.7212454545454545,0.16022727272727275,0.03537272727272727,0.04524545454545454,0.03787272727272727,0.16040909090909092,0.7929545454545455,0.04661818181818182,-0.1137909090909091,11
2024-12-18,0.07692307692307693,0.23076923076923078,0.07692307692307693,0.0,0.07692307692307693,0.0,0.07692307692307693,0.15384615384615385,0.6153846153846154,0.07692307692307693,0.5384615384615384,0.6951307692307692,0.08403076923076923,0.0221,0.04279230769230769,0.15593076923076923,0.09234615384615386,0.6744538461538461,0.23319230769230767,0.14084615384615384,13
2024-12-19,0.15384615384615385,0.23076923076923078,0.0,0.0,0.07692307692307693,0.0,0.0,0.3076923076923077,0.3076923076923077,0.15384615384615385,0.15384615384615385,0.7166615384615385,0.15223846153846152,0.027776923076923074,0.02797692307692308,0.07536153846153847,0.16531538461538464,0.5718153846153846,0.26286923076923074,0.09755384615384613,13
2024-12-20,0.25,0.125,0.125,0.25,0.125,0.25,0.125,0.25,0.625,0.375,0.25,0.57135,0.2371625,0.1311,0.027625,0.032712500000000005,0.376625,0.46775,0.155625,-0.221,8
2024-12-23,0.13333333333333333,0.2,0.13333333333333333,0.26666666666666666,0.13333333333333333,0.06666666666666667,0.2,0.2,0.6,0.3333333333333333,0.26666666666666666,0.7683800000000001,0.11802666666666667,0.04662666666666667,0.024766666666666666,0.04223999999999999,0.4037266666666667,0.49950666666666665,0.09675333333333333,-0.3069733333333333,15
2024-12-24,0.0,0.16666666666666666,0.0,0.0,0.16666666666666666,0.0,0.0,0.16666666666666666,0.8333333333333334,0.0,0.8333333333333334,0.77095,0.16198333333333334,0.018583333333333334,0.019033333333333333,0.02946666666666667,0.039683333333333334,0.8247666666666666,0.13549999999999998,0.09581666666666666,6
2024-12-26,0.07142857142857142,0.07142857142857142,0.2857142857142857,0.35714285714285715,0.0,0.2857142857142857,0.0,0.14285714285714285,0.2857142857142857,0.42857142857142855,-0.14285714285714285,0.8003,0.1162,0.020307142857142857,0.022114285714285715,0.041092857142857146,0.27615,0.6017428571428571,0.1221,-0.15405,14
2024-12-27,0.0,0.0,0.0,0.0,0.0,0.0,0.0,0.0,0.5,0.0,0.5,0.9111499999999999,0.02905,0.0172,0.01735,0.0253,0.01625,0.9292,0.05455,0.0383,2
2024-12-30,0.1111111111111111,0.3333333333333333,0.0,0.0,0.037037037037037035,0.0,0.1111111111111111,0.2222222222222222,0.6666666666666666,0.037037037037037035,0.6296296296296297,0.8194296296296296,0.06173703703703704,0.030755555555555557,0.04095185185185186,0.04714074074074074,0.11047037037037037,0.788811111111111,0.10072962962962963,-0.00974074074074074,27
2024-12-31,0.0,0.0,0.0,0.0,0.0,0.0,0.0,0.0,0.75,0.0,0.75,0.639775,0.12212500000000001,0.0242,0.050675,0.163225,0.2903,0.642525,0.067175,-0.223125,4
2025-01-02,0.2033898305084746,0.3050847457627119,0.1016949152542373,0.15254237288135594,0.1864406779661017,0.1016949152542373,0.1864406779661017,1.0,1.4406779661016949,0.3559322033898305,1.0847457627118644,0.7907254237288135,0.0953406779661017,0.028428813559322034,0.030652542372881356,0.05484915254237288,0.15293898305084747,0.7682898305084745,0.07877118644067796,-0.07416779661016949,59
2025-01-03,0.1,0.2,0.0,0.2,0.0,0.1,0.1,0.0,0.3,0.2,0.1,0.65289,0.14093,0.040870000000000004,0.09898,0.06634,0.31595,0.64652,0.03751,-0.27843999999999997,10
2025-01-06,0.09375,0.15625,0.03125,0.125,0.15625,0.15625,0.125,0.25,0.4375,0.1875,0.25,0.692796875,0.124596875,0.03034375,0.04044375,0.111809375,0.076278125,0.756090625,0.167628125,0.09135,32
2025-01-07,0.0,0.25,0.0,0.0,0.25,0.0,0.25,0.75,0.5,0.0,0.5,0.833475,0.029500000000000002,0.019200000000000002,0.0369,0.08095,0.013049999999999999,0.885,0.10200000000000001,0.08895,4
2025-01-08,0.07692307692307693,0.23076923076923078,0.0,0.07692307692307693,0.3076923076923077,0.0,0.0,0.23076923076923078,0.5384615384615384,0.07692307692307693,0.46153846153846156,0.7848,0.08454615384615384,0.04776923076923077,0.036807692307692305,0.046099999999999995,0.14776923076923076,0.5547384615384615,0.29749230769230767,0.1497230769230769,13
2025-01-10,0.05,0.15,0.05,0.1,0.1,0.0,0.05,0.2,0.85,0.05,0.8,0.706705,0.139325,0.035635,0.02973,0.088605,0.075605,0.7817350000000001,0.142665,0.06706000000000001,20
2025-01-13,0.0,0.12903225806451613,0.03225806451612903,0.03225806451612903,0.16129032258064516,0.0,0.06451612903225806,0.2903225806451613,0.6451612903225806,0.06451612903225806,0.5806451612903226,0.7491064516129032,0.10549677419354839,0.02395483870967742,0.06472903225806452,0.0567,0.08015806451612903,0.6850032258064516,0.23483225806451613,0.1546741935483871,31
2025-01-14,0.0,0.0,0.0,0.0,0.0,0.0,0.0,0.0,0.0,0.3333333333333333,-0.3333333333333333,0.9176666666666667,0.029433333333333336,0.014633333333333333,0.0171,0.021166666666666667,0.28450000000000003,0.6276333333333334,0.08786666666666666,-0.19663333333333333,3
2025-01-15,0.0,0.25,0.0,0.0,0.125,0.0,0.0,0.25,0.5,0.25,0.25,0.8253,0.058050000000000004,0.0250625,0.0428625,0.0487375,0.1388875,0.7142125,0.1469,0.008012500000000011,8
2025-01-16,0.07692307692307693,0.0,0.15384615384615385,0.15384615384615385,0.0,0.15384615384615385,0.0,0.07692307692307693,0.23076923076923078,0.15384615384615385,0.07692307692307693,0.8148076923076922,0.06509230769230769,0.02533076923076923,0.047446153846153846,0.04733846153846154,0.10293846153846155,0.8244461538461538,0.0726,-0.03033846153846154,13
2025-01-17,0.0625,0.3125,0.0,0.125,0.25,0.0,0.25,0.4375,0.8125,0.0625,0.75,0.7891375,0.08729375,0.02008125,0.04558125,0.0579,0.05826875,0.7626125,0.17911875,0.12085,16
2025-01-21,0.06666666666666667,0.13333333333333333,0.06666666666666667,0.2,0.13333333333333333,0.13333333333333333,0.13333333333333333,0.13333333333333333,0.23333333333333334,0.16666666666666666,0.06666666666666667,0.6788900000000001,0.12368666666666667,0.040863333333333335,0.08551333333333333,0.07103333333333334,0.3062633333333334,0.5662733333333333,0.12745333333333334,-0.17881,30
2025-01-22,0.16666666666666666,0.0,0.0,0.0,0.0,0.0,0.0,0.0,0.16666666666666666,0.0,0.16666666666666666,0.8550999999999999,0.04005,0.019666666666666666,0.04268333333333333,0.0425,0.03763333333333333,0.8045,0.15786666666666668,0.12023333333333334,6
2025-01-23,0.2,0.2,0.0,0.2,0.0,0.0,0.2,0.2,0.4,0.4,0.0,0.8053000000000001,0.07644,0.02344,0.029100000000000004,0.06572,0.1952,0.7275400000000001,0.07726,-0.11794,5
2025-01-24,0.2222222222222222,0.1111111111111111,0.0,0.3333333333333333,0.1111111111111111,0.3333333333333333,0.1111111111111111,0.5555555555555556,1.2222222222222223,0.3333333333333333,0.8888888888888888,0.6934666666666667,0.03831111111111111,0.02011111111111111,0.0920111111111111,0.15610000000000002,0.07092222222222223,0.763411111111111,0.16567777777777776,0.09475555555555557,9
2025-01-27,0.0,0.12,0.04,0.08,0.04,0.0,0.04,0.2,0.48,0.04,0.44,0.795772,0.06926,0.020584,0.044475999999999995,0.069928,0.115192,0.710532,0.17428000000000002,0.059088,25
2025-01-28,0.1111111111111111,0.16666666666666666,0.05555555555555555,0.0,0.05555555555555555,0.0,0.05555555555555555,0.1111111111111111,0.16666666666666666,0.1111111111111111,0.05555555555555555,0.79525,0.048716666666666665,0.024533333333333334,0.06609444444444444,0.0654,0.09815,0.7790277777777779,0.12282777777777779,0.02467777777777778,18
2025-01-29,0.14285714285714285,0.14285714285714285,0.0,0.2857142857142857,0.0,0.14285714285714285,0.14285714285714285,0.42857142857142855,0.2857142857142857,0.2857142857142857,0.0,0.7328714285714285,0.15894285714285714,0.028814285714285712,0.025271428571428573,0.05411428571428571,0.29490000000000005,0.5253714285714286,0.17972857142857143,-0.11517142857142858,7
2025-01-30,0.0,0.0,0.0,0.0,0.0,0.0,0.0,0.14285714285714285,0.5714285714285714,0.0,0.5714285714285714,0.8819,0.03904285714285714,0.018228571428571427,0.024685714285714287,0.036128571428571433,0.17745714285714284,0.7552714285714286,0.06725714285714286,-0.11019999999999998,7
2025-01-31,0.1111111111111111,0.4444444444444444,0.0,0.0,0.0,0.1111111111111111,0.0,0.1111111111111111,0.8888888888888888,0.3333333333333333,0.5555555555555556,0.7016666666666667,0.12504444444444443,0.09380000000000001,0.0335,0.04597777777777778,0.15574444444444444,0.7717444444444445,0.07253333333333334,-0.08321111111111111,9
2025-02-03,0.0,0.1111111111111111,0.0,0.16666666666666666,0.1111111111111111,0.3333333333333333,0.05555555555555555,0.2222222222222222,0.4444444444444444,0.3888888888888889,0.05555555555555555,0.7788055555555555,0.1043111111111111,0.03947777777777778,0.0332,0.04421666666666667,0.1962388888888889,0.7240722222222222,0.07970000000000001,-0.1165388888888889,18
2025-02-04,0.0,0.16666666666666666,0.0,0.0,0.0,0.0,0.0,0.3333333333333333,0.5,0.0,0.5,0.8208500000000001,0.044366666666666665,0.039683333333333334,0.04765,0.04745,0.16808333333333333,0.73095,0.10098333333333333,-0.06709999999999999,6
2025-02-05,0.1111111111111111,0.3333333333333333,0.0,0.0,0.3333333333333333,0.1111111111111111,0.2222222222222222,0.4444444444444444,0.4444444444444444,0.3333333333333333,0.1111111111111111,0.6364111111111111,0.1865888888888889,0.033855555555555555,0.027566666666666666,0.11561111111111111,0.2255333333333333,0.6116,0.1628888888888889,-0.06264444444444445,9
2025-02-06,0.0,0.125,0.125,0.125,0.0,0.25,0.0,0.125,0.375,0.625,-0.25,0.5312125,0.2827375,0.035525,0.0267,0.1238,0.2725,0.5490375,0.1784625,-0.0940375,8
2025-02-07,0.1,0.1,0.1,0.1,0.0,0.2,0.0,0.0,0.7,0.3,0.4,0.78932,0.04563,0.02467,0.08818,0.05219,0.02414,0.87042,0.10546,0.08132000000000002,10
2025-02-10,0.0,0.16666666666666666,0.0,0.0,0.16666666666666666,0.1111111111111111,0.05555555555555555,0.2222222222222222,0.5555555555555556,0.2222222222222222,0.3333333333333333,0.86225,0.048883333333333334,0.019483333333333335,0.026005555555555556,0.043388888888888894,0.027244444444444446,0.7796055555555556,0.19317777777777778,0.16593333333333335,18
2025-02-11,0.0,0.1111111111111111,0.2222222222222222,0.1111111111111111,0.1111111111111111,0.1111111111111111,0.1111111111111111,0.2222222222222222,0.2222222222222222,0.1111111111111111,0.1111111111111111,0.5446444444444444,0.1928888888888889,0.0406,0.08641111111111112,0.13545555555555555,0.27026666666666666,0.5764999999999999,0.15324444444444443,-0.11702222222222221,9
2025-02-12,0.08333333333333333,0.25,0.0,0.0,0.08333333333333333,0.0,0.08333333333333333,0.25,0.6666666666666666,0.16666666666666666,0.5,0.6497,0.07561666666666667,0.07066666666666667,0.07411666666666666,0.12990833333333332,0.05519166666666667,0.7117833333333333,0.23301666666666665,0.177825,12
2025-02-13,0.1111111111111111,0.3333333333333333,0.0,0.1111111111111111,0.0,0.0,0.1111111111111111,0.2222222222222222,0.6666666666666666,0.1111111111111111,0.5555555555555556,0.5767777777777777,0.16436666666666666,0.11552222222222223,0.038544444444444444,0.1048,0.12214444444444444,0.6446777777777778,0.23317777777777782,0.11103333333333333,9
2025-02-14,0.0,0.5714285714285714,0.0,0.14285714285714285,0.14285714285714285,0.14285714285714285,0.14285714285714285,0.2857142857142857,0.8571428571428571,0.14285714285714285,0.7142857142857143,0.7572857142857143,0.06142857142857143,0.0191,0.035199999999999995,0.12698571428571429,0.08392857142857144,0.6417142857142857,0.2743,0.19037142857142858,7
2025-02-18,0.03225806451612903,0.2903225806451613,0.0,0.0,0.16129032258064516,0.0,0.12903225806451613,0.41935483870967744,0.6451612903225806,0.0967741935483871,0.5483870967741935,0.6299645161290323,0.18877096774193547,0.045048387096774195,0.057848387096774194,0.07836774193548388,0.09637741935483872,0.756283870967742,0.1473451612903226,0.050967741935483875,31
2025-02-19,0.14285714285714285,0.14285714285714285,0.0,0.2857142857142857,0.0,0.14285714285714285,0.0,0.14285714285714285,0.2857142857142857,0.2857142857142857,0.0,0.6939000000000001,0.1723857142857143,0.0263,0.02825714285714286,0.07915714285714286,0.10332857142857144,0.8322714285714286,0.06441428571428572,-0.03891428571428572,7
2025-02-20,0.0,0.0,0.0,0.0,0.0,0.0,0.0,0.0,0.4,0.0,0.4,0.8537800000000001,0.058120000000000005,0.02492,0.025419999999999998,0.03774,0.0212,0.9109,0.0679,0.0467,5
2025-02-21,0.0,0.25,0.0,0.0,0.0,0.25,0.0,0.5,0.75,0.0,0.75,0.517925,0.117525,0.06647499999999999,0.122175,0.175875,0.2344,0.42312500000000003,0.34245,0.10805000000000001,4
2025-02-24,0.0,0.08333333333333333,0.041666666666666664,0.08333333333333333,0.041666666666666664,0.08333333333333333,0.041666666666666664,0.08333333333333333,0.5,0.08333333333333333,0.4166666666666667,0.74005,0.15440833333333334,0.021775,0.040966666666666665,0.042804166666666664,0.13844583333333335,0.7544083333333332,0.10712500000000001,-0.03132083333333334,24
2025-02-25,0.0,0.4,0.0,0.2,0.4,0.0,0.2,0.4,0.6,0.2,0.4,0.84474,0.05974,0.03012,0.02652,0.038919999999999996,0.31382,0.5045200000000001,0.18170000000000003,-0.13212,5
2025-02-26,0.25,0.5,0.0,0.5,0.25,0.5,0.25,0.25,0.75,0.5,0.25,0.656375,0.10655,0.02795,0.038349999999999995,0.1708,0.326075,0.48785,0.1861,-0.13997500000000002,4
2025-02-27,0.0,0.0,0.0,0.0,0.0,0.0,0.0,0.3333333333333333,0.6666666666666666,0.0,0.6666666666666666,0.816,0.040799999999999996,0.028033333333333337,0.04146666666666667,0.0737,0.014233333333333334,0.8956666666666667,0.09013333333333333,0.07590000000000001,3
2025-02-28,0.0,0.375,0.0,0.25,0.0,0.125,0.0,0.25,0.25,0.25,0.0,0.737475,0.076025,0.0199875,0.0298625,0.13665,0.13460000000000003,0.6332875,0.2321125,0.0975125,8
2025-03-03,0.0,0.3888888888888889,0.0,0.1111111111111111,0.1111111111111111,0.0,0.05555555555555555,0.05555555555555555,0.3888888888888889,0.0,0.3888888888888889,0.79995,0.08022222222222222,0.02808333333333333,0.033800000000000004,0.05793888888888889,0.1795388888888889,0.7408722222222222,0.07960555555555555,-0.09993333333333335,18
2025-03-04,0.0,0.15384615384615385,0.0,0.15384615384615385,0.23076923076923078,0.23076923076923078,0.0,0.07692307692307693,0.5384615384615384,0.7692307692307693,-0.23076923076923078,0.42257692307692307,0.3545923076923077,0.05553846153846154,0.05429230769230769,0.113,0.3278923076923077,0.5577230769230769,0.11438461538461539,-0.21350769230769234,13
2025-03-05,0.0,0.16666666666666666,0.0,0.0,0.0,0.0,0.0,0.3333333333333333,0.6666666666666666,0.0,0.6666666666666666,0.6910166666666667,0.12565,0.03776666666666667,0.06651666666666667,0.07905,0.10621666666666667,0.6747833333333334,0.219,0.11278333333333333,6
2025-03-06,0.0,0.25,0.0,0.0,0.0,0.0,0.0,0.25,0.25,0.0,0.25,0.81335,0.057975,0.024675,0.0363,0.06765,0.23695,0.598625,0.16447499999999998,-0.07247500000000001,4
2025-03-07,0.0,0.25,0.0,0.0,0.0,0.25,0.0,0.0,0.0,0.25,-0.25,0.850325,0.040225,0.023524999999999997,0.033825,0.052125000000000005,0.23600000000000002,0.731975,0.032025,-0.203975,4
2025-03-10,0.058823529411764705,0.058823529411764705,0.058823529411764705,0.11764705882352941,0.0,0.11764705882352941,0.11764705882352941,0.11764705882352941,0.17647058823529413,0.23529411764705882,-0.058823529411764705,0.738835294117647,0.09793529411764706,0.043199999999999995,0.04894117647058823,0.07108235294117647,0.09112941176470588,0.7935941176470588,0.11529411764705882,0.024164705882352946,17
2025-03-11,0.14285714285714285,0.0,0.0,0.14285714285714285,0.0,0.14285714285714285,0.0,0.0,0.42857142857142855,0.14285714285714285,0.2857142857142857,0.8260857142857143,0.040557142857142854,0.02064285714285714,0.02847142857142857,0.08419999999999998,0.14777142857142858,0.7714857142857143,0.08071428571428571,-0.06705714285714286,7
2025-03-12,0.0,0.034482758620689655,0.0,0.0,0.0,0.0,0.0,0.41379310344827586,0.6551724137931034,0.0,0.6551724137931034,0.6076413793103449,0.06438620689655172,0.033520689655172416,0.1044103448275862,0.19004137931034482,0.07027931034482758,0.8264586206896553,0.10324827586206897,0.03296896551724137,29
2025-03-13,0.0,0.5294117647058824,0.058823529411764705,0.058823529411764705,0.23529411764705882,0.0,0.11764705882352941,0.47058823529411764,0.8235294117647058,0.0,0.8235294117647058,0.6051941176470588,0.0867470588235294,0.033017647058823534,0.0855,0.1895470588235294,0.05072941176470588,0.7370235294117646,0.21225882352941178,0.1615294117647059,17
2025-03-14,0.125,0.0,0.0,0.125,0.0,0.25,0.0,0.25,0.375,0.25,0.125,0.5447625,0.27775,0.015825,0.0207,0.1409375,0.2446,0.608925,0.14647500000000002,-0.098125,8
2025-03-17,0.0625,0.4375,0.0625,0.0625,0.0625,0.0625,0.0625,0.4375,0.8125,0.125,0.6875,0.75523125,0.10225000000000001,0.024149999999999998,0.0398625,0.07849375,0.04958125,0.87325,0.07718125,0.0276,16
2025-03-18,0.0,0.25,0.0,0.0,0.0,0.25,0.0,0.0,0.0,0.25,-0.25,0.40242500000000003,0.464575,0.06135,0.0289,0.042775,0.24695,0.681825,0.071225,-0.17572500000000002,4
2025-03-19,0.6666666666666666,0.3333333333333333,0.0,0.3333333333333333,0.0,0.3333333333333333,0.0,0.0,0.6666666666666666,0.6666666666666666,0.0,0.6963333333333334,0.074,0.017066666666666667,0.024333333333333335,0.1883,0.32849999999999996,0.6325,0.03896666666666667,-0.2895333333333333,3
2025-03-20,0.16666666666666666,0.0,0.0,0.16666666666666666,0.0,0.16666666666666666,0.0,0.16666666666666666,0.6666666666666666,0.16666666666666666,0.5,0.6191833333333333,0.16516666666666668,0.022466666666666666,0.08726666666666667,0.1059,0.036649999999999995,0.9118166666666667,0.05151666666666666,0.014866666666666667,6
2025-03-21,0.0,0.2,0.0,0.0,0.2,0.0,0.0,0.0,0.6,0.0,0.6,0.84852,0.056499999999999995,0.029339999999999998,0.03252,0.03318,0.10404,0.7851,0.11086,0.006820000000000004,5
2025-03-24,0.047619047619047616,0.09523809523809523,0.0,0.047619047619047616,0.047619047619047616,0.19047619047619047,0.0,0.14285714285714285,0.5238095238095238,0.3333333333333333,0.19047619047619047,0.7278761904761906,0.1282142857142857,0.02954285714285714,0.060676190476190474,0.053676190476190475,0.11961904761904762,0.8342333333333333,0.04614285714285714,-0.07347619047619047,21
2025-03-25,0.0,0.0,0.0,0.3333333333333333,0.0,0.3333333333333333,0.0,0.0,0.6666666666666666,0.3333333333333333,0.3333333333333333,0.6753666666666667,0.20623333333333335,0.04273333333333334,0.028666666666666663,0.04703333333333334,0.29650000000000004,0.6403666666666666,0.06313333333333333,-0.2333666666666667,3
2025-03-26,0.0,0.1111111111111111,0.0,0.1111111111111111,0.0,0.1111111111111111,0.0,0.3333333333333333,0.7777777777777778,0.1111111111111111,0.6666666666666666,0.6680333333333333,0.15688888888888888,0.027344444444444442,0.09141111111111112,0.056322222222222225,0.06391111111111111,0.8421777777777778,0.0939,0.02998888888888889,9
2025-03-27,0.16666666666666666,0.3333333333333333,0.0,0.0,0.16666666666666666,0.16666666666666666,0.16666666666666666,0.16666666666666666,0.5,0.16666666666666666,0.3333333333333333,0.7510499999999999,0.10936666666666667,0.021500000000000002,0.030016666666666667,0.08808333333333333,0.27291666666666664,0.4693333333333333,0.2577333333333333,-0.015183333333333346,6
2025-03-28,0.125,0.0,0.125,0.125,0.0,0.125,0.0,0.0,0.0,0.125,-0.125,0.5987375,0.24486249999999998,0.08789999999999999,0.0338875,0.0346,0.43155,0.536525,0.0319,-0.39965,8
2025-03-31,0.0,0.2631578947368421,0.05263157894736842,0.02631578947368421,0.07894736842105263,0.02631578947368421,0.10526315789473684,0.42105263157894735,0.631578947368421,0.05263157894736842,0.5789473684210527,0.7378157894736842,0.08087894736842105,0.028913157894736842,0.05012631578947368,0.10227368421052632,0.1010578947368421,0.75295,0.14598684210526316,0.044928947368421054,38
2025-04-01,0.3111111111111111,0.6222222222222222,0.17777777777777778,0.2,0.3111111111111111,0.13333333333333333,0.2,1.5777777777777777,2.422222222222222,0.5333333333333333,1.8888888888888888,0.8127599999999999,0.05932,0.026784444444444444,0.02939111111111111,0.0717288888888889,0.07409111111111111,0.8291844444444444,0.09672444444444445,0.02263333333333333,45
2025-04-02,0.0,0.14285714285714285,0.0,0.0,0.14285714285714285,0.0,0.14285714285714285,0.2857142857142857,0.7142857142857143,0.0,0.7142857142857143,0.7634285714285715,0.06728571428571428,0.027785714285714285,0.026714285714285715,0.11475714285714285,0.06408571428571429,0.7915428571428571,0.1443714285714286,0.08028571428571428,7
2025-04-03,0.06666666666666667,0.13333333333333333,0.0,0.06666666666666667,0.0,0.0,0.0,0.06666666666666667,1.1333333333333333,0.06666666666666667,1.0666666666666667,0.6863266666666666,0.05537333333333334,0.053586666666666664,0.03476,0.16996,0.05001333333333333,0.5950799999999999,0.3549133333333333,0.3049,15
2025-04-04,0.25,0.625,0.375,0.25,0.125,0.0,0.0,0.25,1.25,0.375,0.875,0.7246625,0.09085,0.028925,0.062125,0.093475,0.1283375,0.6008125,0.27083749999999995,0.1425,8
2025-04-07,0.0,0.0,0.0,0.05555555555555555,0.0,0.0,0.0,0.1111111111111111,0.5555555555555556,0.05555555555555555,0.5,0.7464388888888889,0.16679444444444444,0.0244,0.02348888888888889,0.03892222222222222,0.29711666666666664,0.5521833333333332,0.1506777777777778,-0.1464388888888889,18
2025-04-08,0.0,0.0,0.0,0.5,0.0,0.0,0.0,0.0,0.0,0.5,-0.5,0.6179,0.0677,0.052450000000000004,0.11474999999999999,0.1472,0.36445000000000005,0.0393,0.5963,0.23185000000000003,2
2025-04-09,0.375,0.375,0.25,0.5,0.0,0.25,0.25,0.25,0.5,0.625,-0.125,0.5655125,0.352125,0.0319625,0.0219375,0.0284125,0.265725,0.5319,0.20235,-0.06337499999999999,8
2025-04-10,0.6666666666666666,0.0,0.3333333333333333,0.3333333333333333,0.0,0.0,0.0,0.0,0.3333333333333333,1.0,-0.6666666666666666,0.7478666666666668,0.13033333333333333,0.03646666666666667,0.034333333333333334,0.051,0.32566666666666666,0.6253333333333333,0.04906666666666667,-0.2766,3
2025-04-11,0.1,0.0,0.0,0.3,0.0,0.0,0.1,0.2,0.5,0.2,0.3,0.75057,0.11877,0.02683,0.02941,0.07443,0.41864999999999997,0.35728,0.22403999999999996,-0.19461,10
2025-04-14,0.0,0.16666666666666666,0.16666666666666666,0.3333333333333333,0.16666666666666666,0.0,0.3333333333333333,0.16666666666666666,0.5,0.16666666666666666,0.3333333333333333,0.8639666666666667,0.032650000000000005,0.020166666666666666,0.04305,0.04016666666666667,0.06996666666666666,0.8755166666666666,0.05448333333333333,-0.01548333333333333,6
2025-04-15,0.0,0.25,0.0,0.0,0.0,0.0,0.0,0.0,0.25,0.25,0.0,0.628575,0.26437499999999997,0.033049999999999996,0.024650000000000002,0.049350000000000005,0.026799999999999997,0.7169,0.25632499999999997,0.22952499999999998,4
2025-04-16,0.0,0.0,0.0,0.16666666666666666,0.0,0.0,0.0,0.0,0.0,0.0,0.0,0.7820833333333334,0.12788333333333332,0.022766666666666668,0.027083333333333334,0.040216666666666664,0.22601666666666664,0.7329500000000001,0.04103333333333333,-0.18498333333333336,6
2025-04-17,0.0,0.25,0.125,0.125,0.125,0.25,0.125,0.375,0.5,0.375,0.125,0.8234,0.103625,0.0267625,0.019525,0.026675,0.029687500000000002,0.8966625,0.0736375,0.04395,8
2025-04-21,0.1875,0.3125,0.03125,0.09375,0.15625,0.03125,0.15625,0.375,0.5625,0.25,0.3125,0.77115,0.094340625,0.022025,0.0417125,0.070784375,0.153121875,0.7035,0.143371875,-0.009749999999999998,32
2025-04-22,0.0,0.0,0.0,0.0,0.0,0.07142857142857142,0.0,0.2857142857142857,0.5714285714285714,0.07142857142857142,0.5,0.7958071428571428,0.11293571428571428,0.02639285714285714,0.024157142857142856,0.04071428571428572,0.3042642857142857,0.47960714285714284,0.21614285714285714,-0.08812142857142859,14
2025-04-23,0.0,0.16666666666666666,0.0,0.16666666666666666,0.16666666666666666,0.0,0.16666666666666666,0.3333333333333333,0.5,0.16666666666666666,0.3333333333333333,0.7148666666666667,0.04243333333333333,0.019350000000000003,0.050166666666666665,0.17321666666666666,0.3287,0.6124999999999999,0.05879999999999999,-0.26990000000000003,6
2025-04-24,0.0,0.2857142857142857,0.0,0.42857142857142855,0.14285714285714285,0.14285714285714285,0.0,0.14285714285714285,0.42857142857142855,0.42857142857142855,0.0,0.7698,0.05198571428571429,0.0274,0.0745,0.07632857142857143,0.25047142857142857,0.6737857142857143,0.07577142857142857,-0.1747,7
2025-04-25,0.06896551724137931,0.10344827586206896,0.0,0.034482758620689655,0.0,0.0,0.034482758620689655,0.4482758620689655,0.5517241379310345,0.06896551724137931,0.4827586206896552,0.8357034482758621,0.07080689655172413,0.020982758620689657,0.028372413793103447,0.044148275862068966,0.2051655172413793,0.615848275862069,0.17898620689655173,-0.026179310344827594,29
2025-04-28,0.15789473684210525,0.21052631578947367,0.05263157894736842,0.10526315789473684,0.10526315789473684,0.05263157894736842,0.10526315789473684,0.21052631578947367,0.47368421052631576,0.2631578947368421,0.21052631578947367,0.8783684210526316,0.04005263157894737,0.018721052631578947,0.024226315789473683,0.03862631578947368,0.0824421052631579,0.8062157894736842,0.11132105263157895,0.028878947368421056,19
2025-04-29,0.2,0.2,0.1,0.6,0.3,0.3,0.0,0.7,1.2,0.5,0.7,0.71311,0.07341,0.04751999999999999,0.08398,0.08198,0.019950000000000002,0.64059,0.33948,0.31953,10
2025-04-30,0.1111111111111111,0.1111111111111111,0.0,0.3333333333333333,0.0,0.0,0.2222222222222222,0.5555555555555556,0.6666666666666666,0.3333333333333333,0.3333333333333333,0.7803777777777778,0.08183333333333334,0.04044444444444444,0.03818888888888889,0.05915555555555555,0.17988888888888888,0.5538777777777777,0.2662555555555556,0.08636666666666665,9
2025-05-01,0.14285714285714285,0.5714285714285714,0.14285714285714285,0.0,0.14285714285714285,0.14285714285714285,0.14285714285714285,0.42857142857142855,1.0,0.14285714285714285,0.8571428571428571,0.6893714285714285,0.052028571428571424,0.048485714285714285,0.0448,0.16528571428571429,0.09192857142857143,0.5399142857142857,0.36814285714285716,0.2762142857142857,7
2025-05-02,0.0,0.3333333333333333,0.0,0.3333333333333333,0.0,0.0,0.3333333333333333,0.6666666666666666,1.0,0.3333333333333333,0.6666666666666666,0.852,0.04643333333333333,0.0224,0.031133333333333332,0.047999999999999994,0.0297,0.8820333333333333,0.08823333333333333,0.05853333333333333,3
2025-05-05,0.0,0.46153846153846156,0.0,0.15384615384615385,0.23076923076923078,0.0,0.0,0.23076923076923078,0.6153846153846154,0.0,0.6153846153846154,0.7021153846153846,0.06404615384615385,0.02723076923076923,0.10397692307692309,0.10261538461538462,0.03516923076923077,0.7939615384615385,0.1709,0.13573076923076924,13
2025-05-06,0.2222222222222222,0.2222222222222222,0.1111111111111111,0.1111111111111111,0.0,0.1111111111111111,0.0,0.2222222222222222,0.5555555555555556,0.3333333333333333,0.2222222222222222,0.7934222222222223,0.04976666666666667,0.031222222222222224,0.04794444444444444,0.07764444444444445,0.3484333333333333,0.5889666666666666,0.06262222222222222,-0.2858111111111111,9
2025-05-07,0.0,0.16666666666666666,0.16666666666666666,0.3333333333333333,0.0,0.16666666666666666,0.0,0.5,0.5,0.3333333333333333,0.16666666666666666,0.9156333333333334,0.02451666666666667,0.014766666666666666,0.02068333333333333,0.02438333333333333,0.1283,0.7839,0.0878,-0.0405,6
2025-05-08,0.2857142857142857,0.42857142857142855,0.2857142857142857,0.5714285714285714,0.0,0.2857142857142857,0.2857142857142857,0.0,1.0,0.5714285714285714,0.42857142857142855,0.8455,0.07952857142857142,0.014728571428571428,0.01981428571428571,0.040414285714285715,0.1593142857142857,0.6671428571428571,0.17352857142857145,0.014214285714285712,7
2025-05-09,0.0,0.0,0.0,0.0,0.0,0.0,0.0,0.0,0.0,0.0,0.0,0.893,0.0215,0.0173,0.035,0.0332,0.0094,0.8472,0.1434,0.134,1
2025-05-12,0.0,0.0,0.0,0.0,0.0,0.0,0.0,0.3333333333333333,0.3333333333333333,0.0,0.3333333333333333,0.6210666666666667,0.2800333333333333,0.05129999999999999,0.02086666666666667,0.026733333333333335,0.1838,0.7872333333333333,0.028999999999999998,-0.1548,3
2025-05-14,0.0,0.0,0.3333333333333333,0.3333333333333333,0.0,0.3333333333333333,0.0,0.3333333333333333,0.6666666666666666,0.3333333333333333,0.3333333333333333,0.8042333333333334,0.11126666666666667,0.019566666666666666,0.027766666666666665,0.03716666666666667,0.6651333333333334,0.3136333333333333,0.021199999999999997,-0.6439333333333334,3
2025-05-19,0.0,0.0,0.0,0.0,0.0,0.0,0.0,0.0,1.0,0.0,1.0,0.8039000000000001,0.0885,0.02105,0.038099999999999995,0.0485,0.45335000000000003,0.48185,0.0648,-0.38855,2
