Date,Open,High,Low,Close,Adj Close,Volume,Dividends
2009-8-6,1.649999976158142,1.690999984741211,1.555999994277954,1.6180000305175781,1.1373887062072754,241978000,
2009-8-7,1.6150000095367432,1.6759999990463257,1.6030000448226929,1.6430000066757202,1.1549625396728516,24543000,
2009-8-10,1.6629999876022339,1.6629999876022339,1.5609999895095825,1.597000002861023,1.122626781463623,24210000,
2009-8-11,1.5980000495910645,1.600000023841858,1.5499999523162842,1.5670000314712524,1.1015377044677734,23054000,
2009-8-12,1.6150000095367432,1.6200000047683716,1.565999984741211,1.600000023841858,1.1247355937957764,14513000,
2009-8-13,1.600000023841858,1.6720000505447388,1.600000023841858,1.6549999713897705,1.163398265838623,11506000,
2009-8-14,1.649999976158142,1.7000000476837158,1.625,1.659999966621399,1.1669127941131592,6378000,
2009-8-17,1.6269999742507935,1.6369999647140503,1.6200000047683716,1.621999979019165,1.1402003765106201,2544000,
2009-8-18,1.6480000019073486,1.7200000286102295,1.6349999904632568,1.7070000171661377,1.1999521255493164,14467000,
2009-8-19,1.684000015258789,1.7940000295639038,1.6799999475479126,1.7890000343322754,1.2575948238372803,20708000,
2009-8-20,1.7949999570846558,1.7949999570846558,1.7289999723434448,1.7760000228881836,1.2484561204910278,18821000,
2009-8-21,1.7790000438690186,1.7970000505447388,1.7580000162124634,1.781999945640564,1.252673625946045,8636000,
2009-8-24,1.7519999742507935,1.784999966621399,1.7300000190734863,1.75,1.2301794290542603,10216000,
2009-8-25,1.7649999856948853,1.7899999618530273,1.7549999952316284,1.784999966621399,1.2547825574874878,5308000,
2009-8-26,1.7690000534057617,1.784999966621399,1.715000033378601,1.784999966621399,1.2547825574874878,7086000,
2009-8-27,1.784999966621399,1.8209999799728394,1.7549999952316284,1.815999984741211,1.276574730873108,11611000,
2009-8-28,1.809999942779541,1.899999976158142,1.7999999523162842,1.847000002861023,1.2983661890029907,12950000,
2009-8-31,1.8350000381469727,1.840000033378601,1.781000018119812,1.8200000524520874,1.2793866395950317,10048000,
2009-9-1,1.8250000476837158,1.843999981880188,1.694000005722046,1.784999966621399,1.2547825574874878,13835000,
2009-9-2,1.7760000228881836,1.8250000476837158,1.7480000257492065,1.7680000066757202,1.2428325414657593,12934000,
2009-9-3,1.7970000505447388,1.7970000505447388,1.7000000476837158,1.7450000047683716,1.2266643047332764,36577000,
2009-9-4,1.774999976158142,1.7999999523162842,1.7489999532699585,1.7760000228881836,1.2484561204910278,11586000,
2009-9-8,1.7760000228881836,1.7929999828338623,1.7450000047683716,1.7699999809265137,1.244238018989563,5749000,
2009-9-9,1.784999966621399,1.784999966621399,1.722000002861023,1.7259999513626099,1.213308334350586,5512000,
2009-9-10,1.7009999752044678,1.746000051498413,1.6950000524520874,1.7050000429153442,1.1985458135604858,4152000,
2009-9-11,1.7000000476837158,1.7330000400543213,1.6540000438690186,1.687999963760376,1.1865956783294678,6203000,
2009-9-14,1.6640000343322754,1.690000057220459,1.63100004196167,1.6649999618530273,1.170427918434143,16145000,
2009-9-15,1.725000023841858,1.7350000143051147,1.6629999876022339,1.718000054359436,1.207684874534607,19869000,
2009-9-16,1.7400000095367432,1.774999976158142,1.7109999656677246,1.7580000162124634,1.2358028888702393,20211000,
2009-9-17,1.7660000324249268,1.7899999618530273,1.652999997138977,1.6640000343322754,1.169724702835083,14464000,
2009-9-18,1.656999945640564,1.7020000219345093,1.6180000305175781,1.6200000047683716,1.1387946605682373,8999000,
2009-9-21,1.628000020980835,1.6629999876022339,1.5870000123977661,1.6610000133514404,1.1676161289215088,5530000,
2009-9-22,1.6959999799728394,1.7369999885559082,1.6820000410079956,1.725000023841858,1.2126049995422363,11141000,
2009-9-23,1.7619999647140503,1.7790000438690186,1.7300000190734863,1.7400000095367432,1.2231495380401611,5303000,
2009-9-24,1.7330000400543213,1.784999966621399,1.6749999523162842,1.7489999532699585,1.2294765710830688,7788000,
2009-9-25,1.7480000257492065,1.7480000257492065,1.7100000381469727,1.7130000591278076,1.2041699886322021,4685000,
2009-9-28,1.7319999933242798,1.784999966621399,1.7029999494552612,1.7649999856948853,1.2407233715057373,2336000,
2009-9-29,1.7549999952316284,1.784000039100647,1.6950000524520874,1.7029999494552612,1.1971404552459717,3567000,
2009-9-30,1.7000000476837158,1.7330000400543213,1.6959999799728394,1.7070000171661377,1.1999521255493164,5126000,
2009-10-1,1.7000000476837158,1.7089999914169312,1.621000051498413,1.63100004196167,1.1465269327163696,6605000,
2009-10-2,1.6200000047683716,1.6360000371932983,1.590000033378601,1.6089999675750732,1.1310617923736572,6296000,
2009-10-5,1.6100000143051147,1.652999997138977,1.600000023841858,1.6490000486373901,1.1591805219650269,1889000,
2009-10-6,1.6740000247955322,1.7200000286102295,1.6440000534057617,1.6469999551773071,1.1577743291854858,4694000,
2009-10-7,1.656999945640564,1.6610000133514404,1.5920000076293945,1.6130000352859497,1.133873701095581,2917000,
2009-10-8,1.6109999418258667,1.6180000305175781,1.593999981880188,1.6009999513626099,1.1254384517669678,5573000,
2009-10-9,1.5980000495910645,1.6449999809265137,1.593999981880188,1.625,1.1423094272613525,8705000,
2009-10-12,1.621999979019165,1.6449999809265137,1.6039999723434448,1.6339999437332153,1.148635983467102,12888000,
2009-10-13,1.61899995803833,1.6670000553131104,1.6150000095367432,1.652999997138977,1.1619921922683716,5573000,
2009-10-14,1.684000015258789,1.7000000476837158,1.6540000438690186,1.6859999895095825,1.185189962387085,6955000,
2009-10-15,1.7400000095367432,1.7949999570846558,1.7100000381469727,1.715999960899353,1.2062782049179077,20920000,
2009-10-16,1.7230000495910645,1.7230000495910645,1.621000051498413,1.6430000066757202,1.1549625396728516,12638000,
2009-10-19,1.6460000276565552,1.6640000343322754,1.6059999465942383,1.6239999532699585,1.1416059732437134,21429000,
2009-10-20,1.6339999437332153,1.6729999780654907,1.6269999742507935,1.652999997138977,1.1619921922683716,4890000,
2009-10-21,1.6369999647140503,1.690999984741211,1.6109999418258667,1.6490000486373901,1.1591805219650269,2338000,
2009-10-22,1.6330000162124634,1.6330000162124634,1.5609999895095825,1.628000020980835,1.1444183588027954,9834000,
2009-10-23,1.6130000352859497,1.6410000324249268,1.5920000076293945,1.6050000190734863,1.1282497644424438,11341000,
2009-10-26,1.590999960899353,1.6119999885559082,1.5809999704360962,1.5839999914169312,1.113487958908081,1624000,
2009-10-27,1.5950000286102295,1.5989999771118164,1.5260000228881836,1.5449999570846558,1.086072564125061,3288000,
2009-10-28,1.5499999523162842,1.5499999523162842,1.4889999628067017,1.4930000305175781,1.04951810836792,6220000,
2009-10-29,1.4950000047683716,1.5199999809265137,1.472000002861023,1.503999948501587,1.0572509765625,11833000,
2009-10-30,1.5099999904632568,1.5190000534057617,1.4869999885559082,1.5,1.0544391870498657,2781000,
2009-11-2,1.5099999904632568,1.5099999904632568,1.472000002861023,1.4869999885559082,1.0453007221221924,2766000,
2009-11-3,1.468000054359436,1.4819999933242798,1.444000005722046,1.4490000009536743,1.0185887813568115,3637000,
2009-11-4,1.4600000381469727,1.524999976158142,1.4329999685287476,1.4780000448226929,1.0389742851257324,8053000,
2009-11-5,1.5019999742507935,1.5740000009536743,1.4850000143051147,1.531999945640564,1.0769340991973877,2741000,
2009-11-6,1.531999945640564,1.569000005722046,1.4869999885559082,1.5290000438690186,1.0748250484466553,2575000,
2009-11-9,1.5260000228881836,1.5740000009536743,1.5089999437332153,1.565999984741211,1.1008347272872925,2529000,
2009-11-10,1.569000005722046,1.569000005722046,1.5180000066757202,1.5449999570846558,1.086072564125061,1468000,
2009-11-11,1.5529999732971191,1.5529999732971191,1.5119999647140503,1.5360000133514404,1.0797455310821533,1535000,
2009-11-12,1.5399999618530273,1.5950000286102295,1.5399999618530273,1.559999942779541,1.0966169834136963,1300000,
2009-11-13,1.5609999895095825,1.5750000476837158,1.5410000085830688,1.5579999685287476,1.0952109098434448,621000,
2009-11-16,1.562999963760376,1.621000051498413,1.5529999732971191,1.6009999513626099,1.1254384517669678,1556000,
2009-11-17,1.5829999446868896,1.61899995803833,1.5579999685287476,1.6069999933242798,1.1296558380126953,985000,
2009-11-18,1.6150000095367432,1.6150000095367432,1.5809999704360962,1.6030000448226929,1.1268441677093506,1155000,
2009-11-19,1.5839999914169312,1.5889999866485596,1.524999976158142,1.5570000410079956,1.094508409500122,1166000,
2009-11-20,1.555999994277954,1.565000057220459,1.531000018119812,1.5440000295639038,1.0853698253631592,4237000,
2009-11-23,1.5540000200271606,1.5609999895095825,1.5149999856948853,1.5190000534057617,1.0677953958511353,4653000,
2009-11-24,1.5099999904632568,1.5329999923706055,1.5010000467300415,1.5260000228881836,1.0727163553237915,5228000,
2009-11-25,1.5379999876022339,1.5980000495910645,1.5360000133514404,1.5499999523162842,1.0895873308181763,1353000,
2009-11-27,1.5130000114440918,1.5880000591278076,1.50600004196167,1.5859999656677246,1.114893913269043,616000,
2009-11-30,1.5870000123977661,1.5989999771118164,1.524999976158142,1.5859999656677246,1.114893913269043,2765000,
2009-12-1,1.590000033378601,1.6339999437332153,1.590000033378601,1.5959999561309814,1.1219236850738525,4178000,
2009-12-2,1.6030000448226929,1.6109999418258667,1.5379999876022339,1.5609999895095825,1.0973200798034668,8465000,
2009-12-3,1.5579999685287476,1.593999981880188,1.5579999685287476,1.593000054359436,1.1198145151138306,5079000,
2009-12-4,1.6399999856948853,1.6710000038146973,1.559999942779541,1.6519999504089355,1.1612892150878906,9468000,
2009-12-7,1.649999976158142,1.6929999589920044,1.649999976158142,1.687000036239624,1.185892939567566,3084000,
2009-12-8,1.6610000133514404,1.6970000267028809,1.6549999713897705,1.6749999523162842,1.1774569749832153,2495000,
2009-12-9,1.6610000133514404,1.680999994277954,1.6339999437332153,1.680999994277954,1.1816750764846802,967000,
2009-12-10,1.6799999475479126,1.6990000009536743,1.6749999523162842,1.6770000457763672,1.1788631677627563,2555000,
2009-12-11,1.6690000295639038,1.6699999570846558,1.6460000276565552,1.6579999923706055,1.1655068397521973,774000,
2009-12-14,1.6740000247955322,1.690000057220459,1.6690000295639038,1.684999942779541,1.184486746788025,2248000,
2009-12-15,1.684999942779541,1.690000057220459,1.6710000038146973,1.6740000247955322,1.1767544746398926,1404000,
2009-12-16,1.687999963760376,1.7130000591278076,1.6740000247955322,1.7000000476837158,1.195030689239502,3157000,
2009-12-17,1.690999984741211,1.6979999542236328,1.6139999628067017,1.63100004196167,1.1465269327163696,1490000,
2009-12-18,1.6299999952316284,1.6799999475479126,1.6230000257492065,1.6390000581741333,1.1521505117416382,4178000,
2009-12-21,1.6790000200271606,1.684999942779541,1.6360000371932983,1.6490000486373901,1.1591805219650269,1443000,
2009-12-22,1.649999976158142,1.6729999780654907,1.6230000257492065,1.6729999780654907,1.176051139831543,3127000,
2009-12-23,1.6749999523162842,1.684000015258789,1.6649999618530273,1.6779999732971191,1.1795659065246582,2235000,
2009-12-24,1.6720000505447388,1.7000000476837158,1.6720000505447388,1.6779999732971191,1.1795659065246582,308000,
2009-12-28,1.6749999523162842,1.7799999713897705,1.6749999523162842,1.7380000352859497,1.2217435836791992,7954000,
2009-12-29,1.7519999742507935,1.7680000066757202,1.7400000095367432,1.753000020980835,1.232287883758545,2276000,
2009-12-30,1.7309999465942383,1.777999997138977,1.7309999465942383,1.7690000534057617,1.2435355186462402,3025000,
2009-12-31,1.7610000371932983,1.8289999961853027,1.7610000371932983,1.8289999961853027,1.2857129573822021,5558000,
2010-1-4,1.8300000429153442,1.8899999856948853,1.8009999990463257,1.8860000371932983,1.3257819414138794,5387000,
2010-1-5,1.8949999809265137,1.9240000247955322,1.809999942779541,1.899999976158142,1.3356237411499023,3011000,
2010-1-6,1.8949999809265137,1.9299999475479126,1.8589999675750732,1.9149999618530273,1.3461676836013794,5331000,
2010-1-7,1.9040000438690186,1.9170000553131104,1.8650000095367432,1.902999997138977,1.3377323150634766,2718000,
2010-1-8,1.8899999856948853,1.9299999475479126,1.8849999904632568,1.9170000553131104,1.3475733995437622,2899000,
2010-1-11,1.9199999570846558,1.9550000429153442,1.902999997138977,1.9290000200271606,1.356008768081665,5127000,
2010-1-12,1.9140000343322754,1.9140000343322754,1.8739999532699585,1.899999976158142,1.3356237411499023,9167000,
2010-1-13,1.8960000276565552,1.8960000276565552,1.8250000476837158,1.8420000076293945,1.294851541519165,9439000,
2010-1-14,1.8480000495910645,1.8869999647140503,1.815000057220459,1.843000054359436,1.2955551147460938,10654000,
2010-1-15,1.8559999465942383,1.8559999465942383,1.815000057220459,1.8240000009536743,1.282198190689087,1587000,
2010-1-19,1.7899999618530273,1.815000057220459,1.7300000190734863,1.781000018119812,1.2519710063934326,3813000,
2010-1-20,1.7710000276565552,1.8009999990463257,1.74399995803833,1.7960000038146973,1.2625155448913574,1938000,
2010-1-21,1.7869999408721924,1.8489999771118164,1.7790000438690186,1.7990000247955322,1.2646242380142212,3386000,
2010-1-22,1.7879999876022339,1.805999994277954,1.7380000352859497,1.75600004196167,1.2343969345092773,9235000,
2010-1-25,1.7669999599456787,1.7799999713897705,1.746000051498413,1.7649999856948853,1.2407233715057373,2614000,
2010-1-26,1.7029999494552612,1.7999999523162842,1.684000015258789,1.7760000228881836,1.2484561204910278,7654000,
2010-1-27,1.7640000581741333,1.7949999570846558,1.725000023841858,1.7410000562667847,1.2238523960113525,6963000,
2010-1-28,1.7549999952316284,1.7740000486373901,1.725000023841858,1.7719999551773071,1.2456443309783936,144576000,
2010-1-29,1.7719999551773071,1.7860000133514404,1.725000023841858,1.7380000352859497,1.2217435836791992,33570000,
2010-2-1,1.7380000352859497,1.7690000534057617,1.7289999723434448,1.75,1.2301794290542603,5095000,
2010-2-2,1.7510000467300415,1.7799999713897705,1.7350000143051147,1.7699999809265137,1.244238018989563,17729000,
2010-2-3,1.753999948501587,1.7690000534057617,1.7480000257492065,1.7619999647140503,1.2386144399642944,12857000,
2010-2-4,1.7380000352859497,1.7580000162124634,1.7059999704360962,1.722000002861023,1.2104966640472412,13767000,
2010-2-5,1.725000023841858,1.7319999933242798,1.659999966621399,1.7200000286102295,1.2090907096862793,5387000,
2010-2-8,1.7079999446868896,1.7289999723434448,1.687000036239624,1.7009999752044678,1.1957341432571411,4983000,
2010-2-9,1.7039999961853027,1.7380000352859497,1.6820000410079956,1.6990000009536743,1.1943280696868896,1896000,
2010-2-10,1.6859999895095825,1.694000005722046,1.6510000228881836,1.6799999475479126,1.180971622467041,5780000,
2010-2-11,1.6759999990463257,1.725000023841858,1.649999976158142,1.7130000591278076,1.2041699886322021,3700000,
2010-2-12,1.6979999542236328,1.7389999628067017,1.6790000200271606,1.7359999418258667,1.2203377485275269,1632000,
2010-2-16,1.7400000095367432,1.7510000467300415,1.7269999980926514,1.7480000257492065,1.2287733554840088,4227000,
2010-2-17,1.7599999904632568,1.7599999904632568,1.7170000076293945,1.7410000562667847,1.2238523960113525,5077000,
2010-2-18,1.746999979019165,1.75,1.7300000190734863,1.7450000047683716,1.2266643047332764,4619000,
2010-2-19,1.75,1.7619999647140503,1.7359999418258667,1.753000020980835,1.232287883758545,3746000,
2010-2-22,1.75,1.7589999437332153,1.7230000495910645,1.7350000143051147,1.219635009765625,8465000,
2010-2-23,1.7350000143051147,1.7489999532699585,1.7130000591278076,1.7380000352859497,1.2217435836791992,18202000,
2010-2-24,1.75,1.7869999408721924,1.7410000562667847,1.7740000486373901,1.247050166130066,8523000,
2010-2-25,1.7999999523162842,1.8389999866485596,1.7690000534057617,1.809000015258789,1.271653413772583,23197000,
2010-2-26,1.8049999475479126,1.819000005722046,1.7960000038146973,1.815000057220459,1.2758715152740479,2807000,
2010-3-1,1.8700000047683716,1.8799999952316284,1.812000036239624,1.8300000429153442,1.286415934562683,8722000,
2010-3-2,1.819000005722046,1.8739999532699585,1.819000005722046,1.871999979019165,1.3159406185150146,9810000,
2010-3-3,1.875,1.99399995803833,1.875,1.8910000324249268,1.329296350479126,10634000,
2010-3-4,1.9010000228881836,1.9240000247955322,1.850000023841858,1.906000018119812,1.3398411273956299,3966000,
2010-3-5,1.9049999713897705,1.965999960899353,1.9049999713897705,1.9359999895095825,1.3609297275543213,3767000,
2010-3-8,1.9479999542236328,1.9520000219345093,1.909000039100647,1.930999994277954,1.357414960861206,2220000,
2010-3-9,1.944000005722046,2,1.9149999618530273,1.934999942779541,1.3602268695831299,9227000,
2010-3-10,1.9459999799728394,1.9980000257492065,1.9359999895095825,1.9739999771118164,1.3876420259475708,5449000,
2010-3-11,1.9789999723434448,1.996999979019165,1.9789999723434448,1.9859999418258667,1.3960778713226318,3947000,
2010-3-12,1.9900000095367432,2,1.944000005722046,1.965000033378601,1.3813153505325317,4984000,
2010-3-15,1.9559999704360962,1.9559999704360962,1.902999997138977,1.9420000314712524,1.3651472330093384,1792000,
2010-3-16,1.9420000314712524,1.968000054359436,1.9160000085830688,1.9500000476837158,1.370770812034607,1623000,
2010-3-17,1.9589999914169312,1.9989999532699585,1.9559999704360962,1.9889999628067017,1.398186445236206,3094000,
2010-3-18,1.99399995803833,2,1.9479999542236328,1.9980000257492065,1.4045133590698242,2112000,
2010-3-19,2.010999917984009,2.0280001163482666,1.968999981880188,2.010999917984009,1.413651466369629,6365000,
2010-3-22,1.9869999885559082,2.015000104904175,1.9700000286102295,1.99399995803833,1.4017016887664795,4734000,
2010-3-23,1.9980000257492065,2.0299999713897705,1.9950000047683716,2.0220000743865967,1.421384334564209,2819000,
2010-3-24,2.0199999809265137,2.0199999809265137,1.9570000171661377,1.9620000123977661,1.379206895828247,1535000,
2010-3-25,1.975000023841858,1.975000023841858,1.930999994277954,1.965000033378601,1.3813153505325317,5835000,
2010-3-26,1.965999960899353,2.0199999809265137,1.965999960899353,1.9910000562667847,1.399592399597168,5250000,
2010-3-29,2.009000062942505,2.0399999618530273,1.99399995803833,2.0220000743865967,1.421384334564209,2961000,
2010-3-30,2.0280001163482666,2.0510001182556152,1.996000051498413,2.0380001068115234,1.4326316118240356,3539000,
2010-3-31,2.0390000343322754,2.068000078201294,2.0169999599456787,2.055999994277954,1.4452847242355347,6620000,
2010-4-1,2.069000005722046,2.0799999237060547,2.009000062942505,2.049999952316284,1.4410672187805176,3246000,
2010-4-5,2.069000005722046,2.069999933242798,1.9789999723434448,2.0260000228881836,1.4241958856582642,6120000,
2010-4-6,2.005000114440918,2.0829999446868896,2,2.068000078201294,1.4537209272384644,2358000,
2010-4-7,2.058000087738037,2.0739998817443848,2.0399999618530273,2.0480000972747803,1.4396618604660034,1446000,
2010-4-8,2.0480000972747803,2.0480000972747803,2.007999897003174,2.009999990463257,1.4129486083984375,1402000,
2010-4-9,2.009999990463257,2.0139999389648438,1.9830000400543213,2.000999927520752,1.4066221714019775,1983000,
2010-4-12,1.9919999837875366,2.015000104904175,1.9670000076293945,2.002000093460083,1.4073247909545898,2867000,
2010-4-13,1.9859999418258667,2.0239999294281006,1.975000023841858,2.015000104904175,1.4164634943008423,2367000,
2010-4-14,2.062999963760376,2.1559998989105225,2.049999952316284,2.1549999713897705,1.5148777961730957,4783000,
2010-4-15,2.1600000858306885,2.200000047683716,2.1600000858306885,2.196000099182129,1.5436991453170776,6148000,
2010-4-16,2.197000026702881,2.197999954223633,2.1670000553131104,2.187999963760376,1.5380754470825195,3439000,
2010-4-19,2.1679999828338623,2.2039999961853027,2.130000114440918,2.190000057220459,1.5394811630249023,4867000,
2010-4-20,2.246999979019165,2.2880001068115234,2.2179999351501465,2.236999988555908,1.5725212097167969,8506000,
2010-4-21,2.25,2.2829999923706055,2.1459999084472656,2.184000015258789,1.5352637767791748,5402000,
2010-4-22,2.184000015258789,2.186000108718872,2.0969998836517334,2.1530001163482666,1.5134718418121338,6441000,
2010-4-23,2.1429998874664307,2.1619999408721924,2.1080000400543213,2.1489999294281006,1.5106596946716309,1886000,
2010-4-26,2.134999990463257,2.203000068664551,2.130000114440918,2.178999900817871,1.5317487716674805,2550000,
2010-4-27,2.186000108718872,2.186000108718872,2.0820000171661377,2.0999999046325684,1.4762154817581177,2506000,
2010-4-28,2.118000030517578,2.128999948501587,2.068000078201294,2.1010000705718994,1.4769178628921509,3139000,
2010-4-29,2.132999897003174,2.180000066757202,2.132999897003174,2.140000104904175,1.504333734512329,3185000,
2010-4-30,2.1570000648498535,2.1689999103546143,2.0490000247955322,2.0510001182556152,1.4417701959609985,3603000,
2010-5-3,2.065000057220459,2.1470000743865967,2.0390000343322754,2.111999988555908,1.48465096950531,4239000,
2010-5-4,2.0969998836517334,2.0969998836517334,1.9919999837875366,2.005000114440918,1.4094338417053223,5540000,
2010-5-5,1.99399995803833,2.00600004196167,1.9199999570846558,1.9589999914169312,1.3770979642868042,6266000,
2010-5-6,1.9570000171661377,1.9579999446868896,1.8550000190734863,1.9199999570846558,1.3496822118759155,9155000,
2010-5-7,1.9240000247955322,1.9500000476837158,1.8380000591278076,1.9290000200271606,1.356008768081665,6025000,
2010-5-10,2,2.0910000801086426,2,2.0739998817443848,1.4579381942749023,8944000,
2010-5-11,2.0329999923706055,2.0799999237060547,2.0169999599456787,2.065999984741211,1.4523143768310547,2174000,
2010-5-12,2.055999994277954,2.0920000076293945,2.049999952316284,2.072000026702881,1.4565320014953613,3533000,
2010-5-13,2.0829999446868896,2.0829999446868896,2.0320000648498535,2.0460000038146973,1.4382555484771729,2919000,
2010-5-14,2.0409998893737793,2.0490000247955322,1.972000002861023,2.0230000019073486,1.4220871925354004,5049000,
2010-5-17,2.0250000953674316,2.052000045776367,1.9919999837875366,2.052000045776367,1.442473292350769,2929000,
2010-5-18,2.059999942779541,2.0880000591278076,1.99399995803833,2.007999897003174,1.411542534828186,3384000,
2010-5-19,1.9839999675750732,2.0280001163482666,1.8930000066757202,2.002000093460083,1.4073247909545898,5790000,
2010-5-20,1.9769999980926514,2.0299999713897705,1.944000005722046,2.009999990463257,1.4129486083984375,11123000,
2010-5-21,1.9900000095367432,2.0250000953674316,1.9539999961853027,1.9809999465942383,1.3925628662109375,8233000,
2010-5-24,1.975000023841858,2,1.930999994277954,1.9390000104904175,1.3630383014678955,4802000,
2010-5-25,1.899999976158142,1.934000015258789,1.8519999980926514,1.9229999780654907,1.351791262626648,6804000,
2010-5-26,1.9559999704360962,2.0420000553131104,1.9479999542236328,2.002000093460083,1.4073247909545898,9462000,
2010-5-27,2.0369999408721924,2.1549999713897705,2.0290000438690186,2.134000062942505,1.5001161098480225,10657000,
2010-5-28,2.1429998874664307,2.1489999294281006,2.0299999713897705,2.065000057220459,1.451611876487732,7955000,
2010-6-1,2.065999984741211,2.0989999771118164,2.0339999198913574,2.0390000343322754,1.433334469795227,4561000,
2010-6-2,2.0339999198913574,2.1110000610351562,2.0339999198913574,2.1110000610351562,1.4839482307434082,8618000,
2010-6-3,2.1059999465942383,2.200000047683716,2.1059999465942383,2.1659998893737793,1.522610068321228,6463000,
2010-6-4,2.140000104904175,2.1440000534057617,2.058000087738037,2.0810000896453857,1.4628593921661377,3157000,
2010-6-7,2.0880000591278076,2.109999895095825,2.055000066757202,2.0769999027252197,1.4600467681884766,7353000,
2010-6-8,2.0940001010894775,2.109999895095825,2.062000036239624,2.1089999675750732,1.4825416803359985,11924000,
2010-6-9,2.125,2.190000057220459,2.0959999561309814,2.1070001125335693,1.4811360836029053,8025000,
2010-6-10,2.1500000953674316,2.197000026702881,2.1489999294281006,2.180000066757202,1.5324517488479614,10099000,
2010-6-11,2.1500000953674316,2.197999954223633,2.1429998874664307,2.193000078201294,1.5415903329849243,7929000,
2010-6-14,2.2149999141693115,2.2160000801086426,2.13100004196167,2.1510000228881836,1.5120660066604614,13409000,
2010-6-15,2.174999952316284,2.2699999809265137,2.1570000648498535,2.2249999046325684,1.5640854835510254,12082000,
2010-6-16,2.2219998836517334,2.3489999771118164,2.2049999237060547,2.2880001068115234,1.6083714962005615,26923000,
2010-6-17,2.3289999961853027,2.36899995803833,2.302999973297119,2.3350000381469727,1.6414101123809814,20536000,
2010-6-18,2.3289999961853027,2.3529999256134033,2.2809998989105225,2.303999900817871,1.61961829662323,12720000,
2010-6-21,2.3389999866485596,2.3399999141693115,2.23799991607666,2.2990000247955322,1.6161037683486938,7111000,
2010-6-22,2.2890000343322754,2.303999900817871,2.2100000381469727,2.2260000705718994,1.564788579940796,12008000,
2010-6-23,2.25,2.2699999809265137,2.1510000228881836,2.253999948501587,1.5844712257385254,11441000,
2010-6-24,2.265000104904175,2.2679998874664307,2.072999954223633,2.124000072479248,1.4930862188339233,17771000,
2010-6-25,2.1440000534057617,2.2070000171661377,2.11299991607666,2.1470000743865967,1.5092542171478271,95883000,
2010-6-28,2.1540000438690186,2.186000108718872,2.052000045776367,2.174999952316284,1.5289372205734253,9663000,
2010-6-29,2.128000020980835,2.128999948501587,2.0360000133514404,2.0969998836517334,1.4741054773330688,13274000,
2010-6-30,2.0889999866485596,2.13100004196167,2.066999912261963,2.1059999465942383,1.4804331064224243,13444000,
2010-7-1,2.131999969482422,2.1549999713897705,2.068000078201294,2.1410000324249268,1.5050365924835205,11503000,
2010-7-2,2.1480000019073486,2.1689999103546143,2.127000093460083,2.1570000648498535,1.5162839889526367,5534000,
2010-7-6,2.180999994277954,2.2209999561309814,2.075000047683716,2.0869998931884766,1.4670767784118652,10588000,
2010-7-7,2.075000047683716,2.1689999103546143,2.049999952316284,2.1670000553131104,1.523313283920288,9493000,
2010-7-8,2.1760001182556152,2.200000047683716,2.134999990463257,2.178999900817871,1.5317487716674805,2914000,
2010-7-9,2.1740000247955322,2.2009999752044678,2.1500000953674316,2.2009999752044678,1.5472145080566406,3255000,
2010-7-12,2.184999942779541,2.23799991607666,2.1449999809265137,2.2100000381469727,1.5535401105880737,4995000,
2010-7-13,2.2309999465942383,2.25,2.2139999866485596,2.247999906539917,1.58025324344635,6589000,
2010-7-14,2.25,2.2860000133514404,2.2219998836517334,2.2290000915527344,1.5668971538543701,5384000,
2010-7-15,2.2249999046325684,2.299999952316284,2.190999984741211,2.2909998893737793,1.6104804277420044,8355000,
2010-7-16,2.2690000534057617,2.2950000762939453,2.197999954223633,2.1989998817443848,1.5458083152770996,6599000,
2010-7-19,2.2049999237060547,2.236999988555908,2.177999973297119,2.2269999980926514,1.5654910802841187,5262000,
2010-7-20,2.203000068664551,2.2090001106262207,2.1600000858306885,2.200000047683716,1.546510934829712,7122000,
2010-7-21,2.2170000076293945,2.2360000610351562,2.171999931335449,2.177000045776367,1.5303430557250977,5036000,
2010-7-22,2.203000068664551,2.2939999103546143,2.188999891281128,2.2850000858306885,1.6062628030776978,8397000,
2010-7-23,2.2899999618530273,2.312999963760376,2.25,2.2880001068115234,1.6083714962005615,6317000,
2010-7-26,2.2890000343322754,2.2950000762939453,2.190999984741211,2.2799999713897705,1.6027474403381348,6892000,
2010-7-27,2.2850000858306885,2.305999994277954,2.2230000495910645,2.242000102996826,1.576035976409912,9720000,
2010-7-28,2.23799991607666,2.255000114440918,2.177000045776367,2.180000066757202,1.5324517488479614,3550000,
2010-7-29,2.190999984741211,2.1989998817443848,2.135999917984009,2.177000045776367,1.5303430557250977,5103000,
2010-7-30,2.1579999923706055,2.190999984741211,2.1089999675750732,2.1760001182556152,1.5296398401260376,2775000,
2010-8-2,2.197999954223633,2.2799999713897705,2.1600000858306885,2.183000087738037,1.5345609188079834,10105000,
2010-8-3,2.171999931335449,2.190000057220459,2.13700008392334,2.1600000858306885,1.5183932781219482,4176000,
2010-8-4,2.1689999103546143,2.244999885559082,2.125,2.2339999675750732,1.5704113245010376,6168000,
2010-8-5,2.2109999656677246,2.2750000953674316,2.2109999656677246,2.2739999294281006,1.5985300540924072,4639000,
2010-8-6,2.25600004196167,2.2730000019073486,2.239000082015991,2.259000062942505,1.5879857540130615,2716000,
2010-8-9,2.2679998874664307,2.2929999828338623,2.247999906539917,2.2899999618530273,1.6097776889801025,2267000,
2010-8-10,2.257999897003174,2.2820000648498535,2.2200000286102295,2.2300000190734863,1.5676000118255615,3722000,
2010-8-11,2.053999900817871,2.075000047683716,1.9279999732971191,2.0230000019073486,1.4220871925354004,23300000,
2010-8-12,2.0450000762939453,2.0889999866485596,2.0199999809265137,2.0409998893737793,1.4347400665283203,18324000,
2010-8-13,2.0380001068115234,2.055000066757202,1.9950000047683716,1.9989999532699585,1.405216097831726,39578000,
2010-8-16,1.9989999532699585,2.0299999713897705,1.9709999561309814,2.0269999504089355,1.4248991012573242,14858000,
2010-8-17,2.0390000343322754,2.071000099182129,2.0290000438690186,2.0369999408721924,1.4319286346435547,7749000,
2010-8-18,2.0320000648498535,2.0820000171661377,2.009000062942505,2.075000047683716,1.4586411714553833,8339000,
2010-8-19,2.066999912261963,2.0850000381469727,2.0380001068115234,2.0510001182556152,1.4417701959609985,5891000,
2010-8-20,2.0290000438690186,2.055000066757202,2.0290000438690186,2.0429999828338623,1.43614661693573,4158000,
2010-8-23,2.0439999103546143,2.056999921798706,2.0220000743865967,2.0399999618530273,1.4340373277664185,5772000,
2010-8-24,2,2.0480000972747803,1.9950000047683716,2.0239999294281006,1.4227904081344604,10926000,
2010-8-25,2.0250000953674316,2.0420000553131104,1.9709999561309814,2.0290000438690186,1.4263044595718384,11221000,
2010-8-26,2.052000045776367,2.1019999980926514,2.0260000228881836,2.059999942779541,1.4480969905853271,7769000,
2010-8-27,2.062000036239624,2.065000057220459,2.000999927520752,2.0309998989105225,1.4277111291885376,10518000,
2010-8-30,2.0209999084472656,2.0360000133514404,1.9930000305175781,2,1.4059191942214966,5904000,
2010-8-31,1.9800000190734863,2.0250000953674316,1.9700000286102295,2.015000104904175,1.4164634943008423,6339000,
2010-9-1,2.0299999713897705,2.135999917984009,2.0160000324249268,2.0999999046325684,1.4762154817581177,11095000,
2010-9-2,2.121000051498413,2.124000072479248,2.0829999446868896,2.1050000190734863,1.4797300100326538,3047000,
2010-9-3,2.117000102996826,2.121000051498413,2.072999954223633,2.0980000495910645,1.474808931350708,5240000,
2010-9-7,2.0789999961853027,2.0989999771118164,2.046999931335449,2.058000087738037,1.446690559387207,4393000,
2010-9-8,2.055999994277954,2.069000005722046,1.9789999723434448,2.007999897003174,1.411542534828186,10604000,
2010-9-9,2.013000011444092,2.0299999713897705,1.9490000009536743,1.9670000076293945,1.382721185684204,15500000,
2010-9-10,1.9539999961853027,1.965000033378601,1.840999960899353,1.8650000095367432,1.3110194206237793,25537000,
2010-9-13,1.8769999742507935,1.906999945640564,1.8760000467300415,1.8949999809265137,1.3321081399917603,11641000,
2010-9-14,1.8830000162124634,2.0179998874664307,1.8609999418258667,1.9900000095367432,1.3988893032073975,12115000,
2010-9-15,1.9800000190734863,2.010999917984009,1.8910000324249268,1.9110000133514404,1.3433552980422974,11064000,
2010-9-16,1.9010000228881836,1.965000033378601,1.899999976158142,1.9249999523162842,1.3531973361968994,8576000,
2010-9-17,1.940000057220459,2.0320000648498535,1.9299999475479126,2.003999948501587,1.4087308645248413,15408000,
2010-9-20,2.0139999389648438,2.0980000495910645,1.9789999723434448,2.062999963760376,1.450205683708191,12498000,
2010-9-21,2.075000047683716,2.191999912261963,2.0429999828338623,2.0769999027252197,1.4600467681884766,9719000,
2010-9-22,2.0799999237060547,2.1449999809265137,2.069999933242798,2.0759999752044678,1.4593440294265747,14238000,
2010-9-23,2.065000057220459,2.1649999618530273,2.0220000743865967,2.132999897003174,1.4994128942489624,10337000,
2010-9-24,2.138000011444092,2.177999973297119,2.131999969482422,2.1579999923706055,1.5169869661331177,7934000,
2010-9-27,2.197999954223633,2.2109999656677246,2.1730000972747803,2.194999933242798,1.5429964065551758,6663000,
2010-9-28,2.2100000381469727,2.242000102996826,2.180999994277954,2.2300000190734863,1.5676000118255615,6547000,
2010-9-29,2.2300000190734863,2.25,2.2119998931884766,2.2330000400543213,1.5697089433670044,3880000,
2010-9-30,2.23799991607666,2.299999952316284,2.2339999675750732,2.250999927520752,1.5823619365692139,10464000,
2010-10-1,2.26200008392334,2.2660000324249268,2.234999895095825,2.263000011444092,1.5907981395721436,6330000,
2010-10-4,2.259999990463257,2.263000011444092,2.191999912261963,2.2309999465942383,1.5683029890060425,7856000,
2010-10-5,2.24399995803833,2.26200008392334,2.2249999046325684,2.244999885559082,1.578144907951355,4099000,
2010-10-6,2.242000102996826,2.2690000534057617,2.184000015258789,2.2279999256134033,1.5661938190460205,10263000,
2010-10-7,2.2339999675750732,2.296999931335449,2.2260000705718994,2.2880001068115234,1.6083714962005615,8158000,
2010-10-8,2.265000104904175,2.2709999084472656,2.2049999237060547,2.2200000286102295,1.560570478439331,11144000,
2010-10-11,2.2260000705718994,2.246000051498413,2.2070000171661377,2.2339999675750732,1.5704113245010376,3876000,
2010-10-12,2.239000082015991,2.239000082015991,2.1740000247955322,2.2019999027252197,1.547917127609253,8550000,
2010-10-13,2.2209999561309814,2.2239999771118164,2.1540000438690186,2.200000047683716,1.546510934829712,9490000,
2010-10-14,2.203000068664551,2.25,2.178999900817871,2.242000102996826,1.576035976409912,8488000,
2010-10-15,2.255000114440918,2.2720000743865967,2.190999984741211,2.2690000534057617,1.595015287399292,8650000,
2010-10-18,2.2760000228881836,2.2780001163482666,2.240999937057495,2.2739999294281006,1.5985300540924072,4626000,
2010-10-19,2.236999988555908,2.2720000743865967,2.2100000381469727,2.239000082015991,1.5739269256591797,5217000,
2010-10-20,2.253999948501587,2.265000104904175,2.2079999446868896,2.2100000381469727,1.5535401105880737,3061000,
2010-10-21,2.2200000286102295,2.2209999561309814,2.190000057220459,2.194999933242798,1.5429964065551758,3467000,
2010-10-22,2.200000047683716,2.249000072479248,2.194999933242798,2.247999906539917,1.58025324344635,5244000,
2010-10-25,2.25,2.312000036239624,2.240999937057495,2.2860000133514404,1.6069655418395996,6475000,
2010-10-26,2.2799999713897705,2.3480000495910645,2.2639999389648438,2.3420000076293945,1.646330714225769,14787000,
2010-10-27,2.3410000801086426,2.375,2.319000005722046,2.369999885559082,1.6660141944885254,11251000,
2010-10-28,2.3959999084472656,2.4049999713897705,2.309000015258789,2.3429999351501465,1.647033929824829,13518000,
2010-10-29,2.3510000705718994,2.494999885559082,2.3359999656677246,2.4679999351501465,1.7349046468734741,13607000,
2010-11-1,2.450000047683716,2.4730000495910645,2.377000093460083,2.382999897003174,1.6751525402069092,8575000,
2010-11-2,2.4100000858306885,2.444000005722046,2.38700008392334,2.4079999923706055,1.692726731300354,4040000,
2010-11-3,2.4119999408721924,2.4769999980926514,2.3959999084472656,2.4679999351501465,1.7349046468734741,5849000,
2010-11-4,2.496000051498413,2.5369999408721924,2.4670000076293945,2.5290000438690186,1.7777851819992065,9831000,
2010-11-5,2.5360000133514404,2.569999933242798,2.515000104904175,2.5369999408721924,1.7834084033966064,6295000,
2010-11-8,2.515000104904175,2.558000087738037,2.493000030517578,2.5250000953674316,1.7749730348587036,3744000,
2010-11-9,2.5329999923706055,2.5450000762939453,2.4779999256134033,2.4830000400543213,1.7454489469528198,4079000,
2010-11-10,2.484999895095825,2.493000030517578,2.437999963760376,2.4609999656677246,1.7299835681915283,2680000,
2010-11-11,2.440000057220459,2.509999990463257,2.384999990463257,2.484999895095825,1.746854305267334,12118000,
2010-11-12,2.4809999465942383,2.5810000896453857,2.4560000896453857,2.572000026702881,1.8080118894577026,10075000,
2010-11-15,2.5950000286102295,2.5959999561309814,2.507999897003174,2.5169999599456787,1.7693498134613037,4987000,
2010-11-16,2.502000093460083,2.506999969482422,2.441999912261963,2.490000009536743,1.7503695487976074,5697000,
2010-11-17,2.486999988555908,2.5199999809265137,2.450000047683716,2.4600000381469727,1.7292804718017578,6378000,
2010-11-18,2.4769999980926514,2.5160000324249268,2.4679999351501465,2.506999969482422,1.762319564819336,6640000,
2010-11-19,2.493000030517578,2.5329999923706055,2.4839999675750732,2.5269999504089355,1.776378870010376,3454000,
2010-11-22,2.5329999923706055,2.6010000705718994,2.5329999923706055,2.6010000705718994,1.8283973932266235,9078000,
2010-11-23,2.5899999141693115,2.6059999465942383,2.565999984741211,2.5980000495910645,1.826289176940918,6454000,
2010-11-24,2.611999988555908,2.640000104904175,2.6070001125335693,2.630000114440918,1.8487833738327026,8239000,
2010-11-26,2.625,2.7049999237060547,2.617000102996826,2.7009999752044678,1.8986939191818237,6268000,
2010-11-29,2.7070000171661377,2.7100000381469727,2.635999917984009,2.691999912261963,1.8923672437667847,10205000,
2010-11-30,2.691999912261963,2.7249999046325684,2.6089999675750732,2.6110000610351562,1.8354283571243286,54355000,
2010-12-1,2.6480000019073486,2.700000047683716,2.628999948501587,2.686000108718872,1.8881498575210571,16522000,
2010-12-2,2.696000099182129,2.8480000495910645,2.683000087738037,2.8410000801086426,1.997107982635498,19060000,
2010-12-3,2.799999952316284,2.799999952316284,2.6449999809265137,2.6549999713897705,1.8663578033447266,26279000,
2010-12-6,2.684999942779541,2.688999891281128,2.628999948501587,2.684999942779541,1.8874465227127075,8971000,
2010-12-7,2.4760000705718994,2.5290000438690186,2.447999954223633,2.4860000610351562,1.7475571632385254,117381000,
2010-12-8,2.499000072479248,2.5739998817443848,2.4860000610351562,2.5399999618530273,1.7855173349380493,49077000,
2010-12-9,2.5739998817443848,2.6510000228881836,2.556999921798706,2.6410000324249268,1.8565155267715454,34051000,
2010-12-10,2.6700000762939453,2.6700000762939453,2.615999937057495,2.640000104904175,1.85581374168396,14052000,
2010-12-13,2.6600000858306885,2.6700000762939453,2.634999990463257,2.6579999923706055,1.873434066772461,12177000,0.007
2010-12-14,2.6649999618530273,2.674999952316284,2.5969998836517334,2.628999948501587,1.8529939651489258,9460000,
2010-12-15,2.630000114440918,2.687000036239624,2.5910000801086426,2.640000104904175,1.860748052597046,18005000,
2010-12-16,2.6600000858306885,2.765000104904175,2.6419999599456787,2.7639999389648438,1.9481453895568848,24425000,
2010-12-17,2.7720000743865967,2.8399999141693115,2.753000020980835,2.816999912261963,1.9855008125305176,36401000,
2010-12-20,2.7890000343322754,2.8440001010894775,2.7699999809265137,2.7809998989105225,1.9601274728775024,14602000,
2010-12-21,2.7950000762939453,2.809000015258789,2.7669999599456787,2.7880001068115234,1.965062141418457,14950000,
2010-12-22,2.7950000762939453,2.819000005722046,2.739000082015991,2.813999891281128,1.9833868741989136,9600000,
2010-12-23,2.812999963760376,2.8459999561309814,2.7909998893737793,2.812999963760376,1.9826817512512207,5885000,
2010-12-27,2.809999942779541,2.8940000534057617,2.7820000648498535,2.875999927520752,2.0270864963531494,13311000,
2010-12-28,2.877000093460083,2.880000114440918,2.822000026702881,2.8299999237060547,1.994663953781128,5836000,
2010-12-29,2.8450000286102295,2.867000102996826,2.815000057220459,2.86299991607666,2.0179240703582764,6296000,
2010-12-30,2.864000082015991,2.8929998874664307,2.8350000381469727,2.888000011444092,2.0355448722839355,6815000,
2010-12-31,2.890000104904175,2.890000104904175,2.8289999961853027,2.8410000801086426,2.002418041229248,6177000,
2011-1-3,2.869999885559082,2.869999885559082,2.7679998874664307,2.7799999713897705,1.9594237804412842,14436000,
2011-1-4,2.7799999713897705,2.8299999237060547,2.697000026702881,2.799999952316284,1.973519206047058,16262000,
2011-1-5,2.7850000858306885,2.816999912261963,2.7750000953674316,2.7990000247955322,1.9728147983551025,9537000,
2011-1-6,2.803999900817871,2.8529999256134033,2.7769999504089355,2.8519999980926514,2.0101704597473145,9598000,
2011-1-7,2.8469998836517334,2.8510000705718994,2.7780001163482666,2.828000068664551,1.9932547807693481,8774000,
2011-1-10,2.8259999752044678,2.9100000858306885,2.7929999828338623,2.890000104904175,2.036954641342163,15385000,
2011-1-11,2.9140000343322754,2.9260001182556152,2.884000062942505,2.9240000247955322,2.0609183311462402,13549000,
2011-1-12,2.927999973297119,2.933000087738037,2.802000045776367,2.816999912261963,1.9855008125305176,15599000,
2011-1-13,2.8399999141693115,2.865999937057495,2.802000045776367,2.8350000381469727,1.9981886148452759,9645000,
2011-1-14,2.8340001106262207,2.9059998989105225,2.799999952316284,2.9010000228881836,2.0447068214416504,9776000,
2011-1-18,2.765000104904175,2.7890000343322754,2.7230000495910645,2.7750000953674316,1.955899715423584,100182000,
2011-1-19,2.799999952316284,2.8499999046325684,2.750999927520752,2.7760000228881836,1.956603765487671,29795000,
2011-1-20,2.7690000534057617,2.7820000648498535,2.7279999256134033,2.7699999809265137,1.9523743391036987,20963000,
2011-1-21,2.7990000247955322,2.816999912261963,2.7660000324249268,2.7769999504089355,1.9573092460632324,12490000,
2011-1-24,2.822000026702881,2.822000026702881,2.757999897003174,2.809000015258789,1.979862928390503,21495000,
2011-1-25,2.815000057220459,2.815000057220459,2.740000009536743,2.802000045776367,1.9749300479888916,14548000,
2011-1-26,2.812999963760376,2.8380000591278076,2.7799999713897705,2.825000047683716,1.991140365600586,15209000,
2011-1-27,2.8420000076293945,2.944000005722046,2.8420000076293945,2.921999931335449,2.0595085620880127,37302000,
2011-1-28,2.930000066757202,2.936000108718872,2.7869999408721924,2.805000066757202,1.9770442247390747,13722000,
2011-1-31,2.803999900817871,2.888000011444092,2.7950000762939453,2.871000051498413,2.0235612392425537,13104000,
2011-2-1,2.8919999599456787,2.950000047683716,2.875999927520752,2.9070000648498535,2.048936605453491,15835000,
2011-2-2,2.9019999504089355,2.940000057220459,2.869999885559082,2.880000114440918,2.0299060344696045,11300000,
2011-2-3,2.878000020980835,2.9579999446868896,2.859999895095825,2.940999984741211,2.0729005336761475,12326000,
2011-2-4,2.9790000915527344,3.121999979019165,2.9719998836517334,3.119999885559082,2.199064254760742,25500000,
2011-2-7,3.117000102996826,3.1480000019073486,3.055999994277954,3.0789999961853027,2.1701667308807373,9762000,
2011-2-8,3.140000104904175,3.2249999046325684,3.0999999046325684,3.190999984741211,2.249107837677002,34684000,
2011-2-9,3.193000078201294,3.2950000762939453,3.174999952316284,3.2769999504089355,2.309722423553467,42916000,
2011-2-10,3.2990000247955322,3.299999952316284,3.2149999141693115,3.247999906539917,2.2892820835113525,35043000,
2011-2-11,3.253000020980835,3.3350000381469727,3.2320001125335693,3.3289999961853027,2.346374273300171,27725000,
2011-2-14,3.3580000400543213,3.434999942779541,3.3580000400543213,3.4040000438690186,2.399235725402832,25997000,
2011-2-15,3.3889999389648438,3.4260001182556152,3.3420000076293945,3.371000051498413,2.3759758472442627,19788000,
2011-2-16,3.3910000324249268,3.4600000381469727,3.38100004196167,3.437999963760376,2.4232001304626465,12605000,
2011-2-17,3.433000087738037,3.441999912261963,3.3310000896453857,3.36299991607666,2.3703372478485107,34387000,
2011-2-18,3.377000093460083,3.4070000648498535,3.36299991607666,3.384999990463257,2.3858447074890137,15639000,
2011-2-22,3.3239998817443848,3.3239998817443848,3.2130000591278076,3.259999990463257,2.297741413116455,20118000,
2011-2-23,3.2980000972747803,3.299999952316284,3.0920000076293945,3.134000062942505,2.208932638168335,33272000,
2011-2-24,3.184999942779541,3.4119999408721924,3.1659998893737793,3.3980000019073486,2.395005941390991,35331000,
2011-2-25,3.4240000247955322,3.4590001106262207,3.380000114440918,3.436000108718872,2.4217910766601562,19132000,
2011-2-28,3.434000015258789,3.453000068664551,3.3489999771118164,3.3989999294281006,2.395711898803711,16263000,
2011-3-1,3.2249999046325684,3.246999979019165,3.184000015258789,3.2070000171661377,2.260385513305664,101318000,
2011-3-2,3.2109999656677246,3.253999948501587,3.2039999961853027,3.246000051498413,2.2878732681274414,26617000,
2011-3-3,3.2790000438690186,3.308000087738037,3.234999895095825,3.299999952316284,2.3259332180023193,32848000,
2011-3-4,3.305999994277954,3.315000057220459,3.250999927520752,3.2790000438690186,2.3111324310302734,20498000,
2011-3-7,3.299999952316284,3.299999952316284,3.1570000648498535,3.197999954223633,2.254040479660034,16709000,
2011-3-8,3.191999912261963,3.255000114440918,3.1589999198913574,3.239000082015991,2.2829396724700928,19603000,
2011-3-9,3.1740000247955322,3.188999891281128,3.0940001010894775,3.0999999046325684,2.1849682331085205,43929000,
2011-3-10,3.0810000896453857,3.111999988555908,3.015000104904175,3.1010000705718994,2.1856720447540283,36191000,
2011-3-11,3.0980000495910645,3.1519999504089355,3.071000099182129,3.122999906539917,2.201178550720215,13135000,
2011-3-14,3.1089999675750732,3.117000102996826,3.072000026702881,3.0999999046325684,2.1849682331085205,16414000,
2011-3-15,3.0239999294281006,3.128000020980835,2.984999895095825,3.1070001125335693,2.1899020671844482,19796000,
2011-3-16,3.0950000286102295,3.1089999675750732,2.940000057220459,2.9560000896453857,2.088850975036621,28724000,0.008
2011-3-17,3.0269999504089355,3.0309998989105225,2.8269999027252197,2.931999921798706,2.0718910694122314,38143000,
2011-3-18,3.006999969482422,3.0490000247955322,2.9860000610351562,3.0320000648498535,2.1425561904907227,30697000,
2011-3-21,3.0799999237060547,3.115000009536743,3.058000087738037,3.0989999771118164,2.1899020671844482,19947000,
2011-3-22,3.115000009536743,3.130000114440918,3.0450000762939453,3.071000099182129,2.1701161861419678,15176000,
2011-3-23,3.072000026702881,3.1019999980926514,3.0350000858306885,3.1010000705718994,2.191314697265625,12364000,
2011-3-24,3.127000093460083,3.132999897003174,3.059999942779541,3.1070001125335693,2.1955554485321045,13371000,
2011-3-25,3.115000009536743,3.11899995803833,3.0769999027252197,3.0850000381469727,2.180009365081787,9122000,
2011-3-28,3.0869998931884766,3.1500000953674316,3.0739998817443848,3.0989999771118164,2.1899020671844482,10740000,
2011-3-29,3.1059999465942383,3.1110000610351562,3.061000108718872,3.0969998836517334,2.188488245010376,14708000,
2011-3-30,3.1500000953674316,3.1589999198913574,3.061000108718872,3.1489999294281006,2.225234031677246,17353000,
2011-3-31,3.1530001163482666,3.180000066757202,3.0810000896453857,3.109999895095825,2.19767427444458,15803000,
2011-4-1,3.1500000953674316,3.190000057220459,3.1059999465942383,3.1519999504089355,2.2273542881011963,16029000,
2011-4-4,3.1589999198913574,3.1589999198913574,2.996000051498413,3.059999942779541,2.1623432636260986,18790000,
2011-4-5,3.075000047683716,3.240000009536743,3.061000108718872,3.1670000553131104,2.2379536628723145,20444000,
2011-4-6,3.2139999866485596,3.2860000133514404,3.1740000247955322,3.2769999504089355,2.3156845569610596,21373000,
2011-4-7,3.2869999408721924,3.296999931335449,3.2309999465942383,3.246999979019165,2.2944860458374023,16580000,
2011-4-8,3.2860000133514404,3.313999891281128,3.2269999980926514,3.256999969482422,2.3015525341033936,8340000,
2011-4-11,3.2300000190734863,3.263000011444092,3.1740000247955322,3.2230000495910645,2.2775261402130127,8896000,
2011-4-12,3.2019999027252197,3.2160000801086426,3.0880000591278076,3.13700008392334,2.216754198074341,18839000,
2011-4-13,3.187000036239624,3.2290000915527344,3.13100004196167,3.180000066757202,2.247140407562256,8770000,
2011-4-14,3.1530001163482666,3.178999900817871,3.069999933242798,3.1070001125335693,2.1955554485321045,11746000,
2011-4-15,3.0999999046325684,3.184000015258789,3.058000087738037,3.1740000247955322,2.2429001331329346,12119000,
2011-4-18,3.1389999389648438,3.1700000762939453,3.052999973297119,3.1600000858306885,2.2330074310302734,8052000,
2011-4-19,3.1559998989105225,3.1989998817443848,3.1440000534057617,3.177000045776367,2.2450196743011475,7237000,
2011-4-20,3.2179999351501465,3.26200008392334,3.194000005722046,3.25600004196167,2.3008458614349365,11153000,
2011-4-21,3.2880001068115234,3.305999994277954,3.252000093460083,3.259999990463257,2.3036725521087646,8335000,
2011-4-25,3.253999948501587,3.2699999809265137,3.200000047683716,3.2239999771118164,2.278233289718628,6000000,
2011-4-26,3.257999897003174,3.257999897003174,3.184999942779541,3.234999895095825,2.286005735397339,11000000,
2011-4-27,3.2260000705718994,3.3499999046325684,3.2160000801086426,3.3389999866485596,2.3594977855682373,9822000,
2011-4-28,3.3299999237060547,3.381999969482422,3.2860000133514404,3.2890000343322754,2.324164628982544,7214000,
2011-4-29,3.2939999103546143,3.3499999046325684,3.2720000743865967,3.3459999561309814,2.364443778991699,8180000,
2011-5-2,3.374000072479248,3.374000072479248,3.2920000553131104,3.315000057220459,2.342539072036743,7082000,
2011-5-3,3.3289999961853027,3.3429999351501465,3.2130000591278076,3.2160000801086426,2.272580146789551,11762000,
2011-5-4,3.2249999046325684,3.260999917984009,3.191999912261963,3.253999948501587,2.299431562423706,7482000,
2011-5-5,3.25,3.3399999141693115,3.2079999446868896,3.3239998817443848,2.3488974571228027,8190000,
2011-5-6,3.384999990463257,3.5,3.361999988555908,3.490999937057495,2.4669079780578613,19072000,
2011-5-9,3.5,3.563999891281128,3.4649999141693115,3.5460000038146973,2.5057733058929443,13743000,
2011-5-10,3.5759999752044678,3.618000030517578,3.561000108718872,3.5810000896453857,2.5305063724517822,16750000,
2011-5-11,3.5810000896453857,3.6070001125335693,3.552999973297119,3.5869998931884766,2.534745693206787,13834000,
2011-5-12,3.5959999561309814,3.6070001125335693,3.4830000400543213,3.50600004196167,2.4775078296661377,20255000,
2011-5-13,3.50600004196167,3.5409998893737793,3.48799991607666,3.489000082015991,2.465494394302368,10121000,
2011-5-16,3.4700000286102295,3.497999906539917,3.4140000343322754,3.4260001182556152,2.420975923538208,7560000,
2011-5-17,3.4100000858306885,3.444000005722046,3.381999969482422,3.427000045776367,2.421682834625244,12570000,
2011-5-18,3.438999891281128,3.4749999046325684,3.365999937057495,3.4630000591278076,2.4471211433410645,6843000,
2011-5-19,3.4700000286102295,3.50600004196167,3.4630000591278076,3.4809999465942383,2.459841012954712,7067000,
2011-5-20,3.4839999675750732,3.5209999084472656,3.430000066757202,3.438999891281128,2.430161952972412,13164000,
2011-5-23,3.3919999599456787,3.3929998874664307,3.177999973297119,3.203000068664551,2.2633936405181885,24924000,
2011-5-24,3.2130000591278076,3.2309999465942383,3.1480000019073486,3.1710000038146973,2.240780830383301,28000000,
2011-5-25,3.2799999713897705,3.4679999351501465,3.260999917984009,3.450000047683716,2.4379351139068604,67195000,
2011-5-26,3.4539999961853027,3.484999895095825,3.365000009536743,3.4709999561309814,2.452775716781616,18410000,
2011-5-27,3.4800000190734863,3.51200008392334,3.4170000553131104,3.500999927520752,2.4739744663238525,17129000,
2011-5-31,3.385999917984009,3.4070000648498535,3.3469998836517334,3.378999948501587,2.387763261795044,107163000,
2011-6-1,3.384000062942505,3.424999952316284,3.365000009536743,3.377000093460083,2.386350631713867,33826000,
2011-6-2,3.38100004196167,3.4149999618530273,3.2980000972747803,3.3519999980926514,2.368683338165283,23147000,
2011-6-3,3.371999979019165,3.4140000343322754,3.309999942779541,3.3889999389648438,2.3948304653167725,40817000,
2011-6-6,3.4010000228881836,3.4010000228881836,3.3259999752044678,3.3329999446868896,2.355257987976074,13823000,
2011-6-7,3.380000114440918,3.424999952316284,3.3399999141693115,3.4049999713897705,2.4061360359191895,49845000,
2011-6-8,3.380000114440918,3.4170000553131104,3.325000047683716,3.3410000801086426,2.360910415649414,17524000,
2011-6-9,3.430000066757202,3.4639999866485596,3.375,3.4230000972747803,2.4188554286956787,32459000,
2011-6-10,3.427999973297119,3.438999891281128,3.3380000591278076,3.377000093460083,2.386350631713867,14248000,
2011-6-13,3.377000093460083,3.430999994277954,3.2980000972747803,3.3469998836517334,2.365149736404419,23053000,
2011-6-14,3.375999927520752,3.446000099182129,3.375,3.421999931335449,2.4181487560272217,21844000,
2011-6-15,3.4140000343322754,3.430000066757202,3.3489999771118164,3.3559999465942383,2.377763271331787,19194000,0.009
2011-6-16,3.3410000801086426,3.3469998836517334,3.2660000324249268,3.3369998931884766,2.364302158355713,21770000,
2011-6-17,3.368000030517578,3.384000062942505,3.2190001010894775,3.25,2.302661657333374,20208000,
2011-6-20,3.246000051498413,3.315000057220459,3.2190001010894775,3.2750000953674316,2.3203744888305664,19129000,
2011-6-21,3.2960000038146973,3.440000057220459,3.2850000858306885,3.4070000648498535,2.413898229598999,18439000,
2011-6-22,3.3980000019073486,3.628999948501587,3.3550000190734863,3.5999999046325684,2.550640821456909,38382000,
2011-6-23,3.5480000972747803,3.6070001125335693,3.4830000400543213,3.5820000171661377,2.53788685798645,38113000,
2011-6-24,3.578000068664551,3.5829999446868896,3.5,3.552000045776367,2.5166327953338623,102656000,
2011-6-27,3.555000066757202,3.6019999980926514,3.5,3.5450000762939453,2.5116727352142334,18084000,
2011-6-28,3.5810000896453857,3.73799991607666,3.5810000896453857,3.694999933242798,2.6179487705230713,31148000,
2011-6-29,3.7260000705718994,3.7790000438690186,3.6640000343322754,3.7709999084472656,2.6717958450317383,25680000,
2011-6-30,3.7799999713897705,3.869999885559082,3.7149999141693115,3.799999952316284,2.692343235015869,26329000,
2011-7-1,3.822000026702881,3.8989999294281006,3.821000099182129,3.865999937057495,2.7391040325164795,19479000,
2011-7-5,3.875,3.9079999923706055,3.8510000705718994,3.8959999084472656,2.7603602409362793,9519000,
2011-7-6,3.867000102996826,3.9079999923706055,3.8289999961853027,3.9079999923706055,2.768862009048462,12312000,
2011-7-7,3.9130001068115234,3.944999933242798,3.8540000915527344,3.865999937057495,2.7391040325164795,23121000,
2011-7-8,3.821000099182129,3.821000099182129,3.703000068664551,3.7960000038146973,2.689509391784668,20213000,
2011-7-11,3.740999937057495,3.812000036239624,3.7100000381469727,3.739000082015991,2.6491239070892334,14573000,
2011-7-12,3.7190001010894775,3.7239999771118164,3.500999927520752,3.5409998893737793,2.5088396072387695,34677000,
2011-7-13,3.575000047683716,3.627000093460083,3.505000114440918,3.5380001068115234,2.506713628768921,19458000,
2011-7-14,3.5450000762939453,3.6489999294281006,3.509999990463257,3.5179998874664307,2.4925427436828613,22356000,
2011-7-15,3.5369999408721924,3.5950000286102295,3.494999885559082,3.5510001182556152,2.5159242153167725,13745000,
2011-7-18,3.5280001163482666,3.571000099182129,3.440000057220459,3.5,2.4797897338867188,11983000,
2011-7-19,3.5299999713897705,3.6459999084472656,3.5139999389648438,3.619999885559082,2.5648114681243896,17896000,
2011-7-20,3.627000093460083,3.700000047683716,3.5920000076293945,3.6070001125335693,2.555600643157959,14829000,
2011-7-21,3.5899999141693115,3.7190001010894775,3.572999954223633,3.6760001182556152,2.604487657546997,20498000,
2011-7-22,3.671999931335449,3.739000082015991,3.628000020980835,3.7070000171661377,2.6264517307281494,14929000,
2011-7-25,3.6640000343322754,3.6640000343322754,3.5889999866485596,3.6089999675750732,2.5570178031921387,14361000,
2011-7-26,3.628999948501587,3.694999933242798,3.621000051498413,3.6659998893737793,2.597402572631836,27251000,
2011-7-27,3.6449999809265137,3.6649999618530273,3.3429999351501465,3.36299991607666,2.382722854614258,40519000,
2011-7-28,3.3889999389648438,3.4800000190734863,3.240999937057495,3.4639999866485596,2.454282760620117,47042000,
2011-7-29,3.361999988555908,3.430000066757202,3.2829999923706055,3.36299991607666,2.382722854614258,38414000,
2011-8-1,3.4000000953674316,3.4100000858306885,3.2950000762939453,3.319999933242798,2.352257490158081,23795000,
2011-8-2,3.2850000858306885,3.38100004196167,3.2039999961853027,3.2049999237060547,2.2707784175872803,21037000,
2011-8-3,3.2079999446868896,3.2839999198913574,3.131999969482422,3.2780001163482666,2.322500467300415,17009000,
2011-8-4,3.2209999561309814,3.25,3.0859999656677246,3.0899999141693115,2.189300060272217,26030000,
2011-8-5,3.127000093460083,3.249000072479248,2.9089999198913574,2.934000015258789,2.078772783279419,43748000,
2011-8-8,2.8610000610351562,2.9000000953674316,2.6419999599456787,2.7190001010894775,1.9264425039291382,43697000,
2011-8-9,2.7720000743865967,2.9690001010894775,2.743000030517578,2.9630000591278076,2.099318742752075,42112000,
2011-8-10,2.9260001182556152,3.0369999408721924,2.8580000400543213,2.924999952316284,2.0723941326141357,30432000,
2011-8-11,2.9600000381469727,3.115000009536743,2.9600000381469727,3.071000099182129,2.1758387088775635,27065000,
2011-8-12,3.1489999294281006,3.200000047683716,3.0899999141693115,3.1040000915527344,2.1992199420928955,25743000,
2011-8-15,3.11899995803833,3.240000009536743,3.11899995803833,3.1610000133514404,2.239605188369751,17067000,
2011-8-16,3.134000062942505,3.1679999828338623,3.065999984741211,3.0969998836517334,2.1942594051361084,17459000,
2011-8-17,3.132999897003174,3.203000068664551,3.061000108718872,3.069999933242798,2.1751298904418945,19023000,
2011-8-18,2.9809999465942383,2.990000009536743,2.828000068664551,2.8610000610351562,2.0270514488220215,23055000,
2011-8-19,2.86299991607666,2.9749999046325684,2.815000057220459,2.8289999961853027,2.004378318786621,12609000,
2011-8-22,2.878999948501587,2.890000104904175,2.7309999465942383,2.7639999389648438,1.9583256244659424,25793000,
2011-8-23,2.7820000648498535,2.930000066757202,2.7260000705718994,2.9260001182556152,2.073103904724121,35977000,
2011-8-24,3.2019999027252197,3.3459999561309814,3.138000011444092,3.2269999980926514,2.286365270614624,69346000,
2011-8-25,3.2109999656677246,3.2269999980926514,3.0810000896453857,3.0880000591278076,2.187883138656616,25065000,
2011-8-26,3.058000087738037,3.1530001163482666,2.9700000286102295,3.1519999504089355,2.2332284450531006,20916000,
2011-8-29,3.197000026702881,3.2899999618530273,3.174999952316284,3.2850000858306885,2.3274598121643066,13459000,
2011-8-30,3.255000114440918,3.377000093460083,3.2269999980926514,3.312999963760376,2.3472979068756104,17145000,
2011-8-31,3.3299999237060547,3.450000047683716,3.2739999294281006,3.311000108718872,2.3458809852600098,22913000,
2011-9-1,3.3010001182556152,3.315000057220459,3.1480000019073486,3.1559998989105225,2.2360618114471436,31135000,
2011-9-2,3.0840001106262207,3.1540000438690186,3.0510001182556152,3.11299991607666,2.205595016479492,16862000,
2011-9-6,3.0490000247955322,3.1480000019073486,3.0220000743865967,3.1459999084472656,2.228976249694824,11800000,
2011-9-7,3.2209999561309814,3.3239998817443848,3.2139999866485596,3.2699999809265137,2.3168325424194336,14595000,
2011-9-8,3.2170000076293945,3.3350000381469727,3.2100000381469727,3.309000015258789,2.34446382522583,19383000,
2011-9-9,3.2709999084472656,3.325000047683716,3.200000047683716,3.2300000190734863,2.2884914875030518,19032000,
2011-9-12,3.184999942779541,3.368000030517578,3.180000066757202,3.3529999256134033,2.375638246536255,20470000,
2011-9-13,3.3529999256134033,3.4489998817443848,3.309999942779541,3.431999921798706,2.431610107421875,20511000,
2011-9-14,3.450000047683716,3.677000045776367,3.440000057220459,3.6559998989105225,2.5903172492980957,47206000,
2011-9-15,3.680999994277954,3.760999917984009,3.621000051498413,3.6740000247955322,2.6109256744384766,29980000,0.011
2011-9-16,3.6570000648498535,3.686000108718872,3.5920000076293945,3.6489999294281006,2.5931599140167236,18030000,
2011-9-19,3.5989999771118164,3.7990000247955322,3.5409998893737793,3.734999895095825,2.654275894165039,41148000,
2011-9-20,3.75,3.7769999504089355,3.627000093460083,3.631999969482422,2.5810790061950684,27096000,
2011-9-21,3.6549999713897705,3.7990000247955322,3.5880000591278076,3.5980000495910645,2.5569167137145996,32939000,
2011-9-22,3.484999895095825,3.500999927520752,3.296999931335449,3.3980000019073486,2.4147865772247314,35534000,
2011-9-23,3.38700008392334,3.505000114440918,3.3389999866485596,3.4800000190734863,2.47305965423584,20868000,
2011-9-26,3.4820001125335693,3.507999897003174,3.3559999465942383,3.4100000858306885,2.4233145713806152,25446000,
2011-9-27,3.4679999351501465,3.515000104904175,3.436000108718872,3.4489998817443848,2.4510295391082764,23268000,
2011-9-28,3.302000045776367,3.3589999675750732,3.2890000343322754,3.3010001182556152,2.3458545207977295,106504000,
2011-9-29,3.3340001106262207,3.3559999465942383,3.2269999980926514,3.316999912261963,2.3572239875793457,49076000,
2011-9-30,3.312000036239624,3.3380000591278076,3.243000030517578,3.2769999504089355,2.3287978172302246,51674000,
2011-10-3,3.2790000438690186,3.322999954223633,3.1670000553131104,3.188999891281128,2.2662606239318848,36639000,
2011-10-4,3.193000078201294,3.2730000019073486,3.0859999656677246,3.2339999675750732,2.298240900039673,37205000,
2011-10-5,3.2269999980926514,3.2699999809265137,3.1600000858306885,3.260999917984009,2.31742787361145,35119000,
2011-10-6,3.2750000953674316,3.315000057220459,3.2290000915527344,3.2950000762939453,2.34158992767334,24844000,
2011-10-7,3.315000057220459,3.3429999351501465,3.253000020980835,3.2880001068115234,2.3366153240203857,18240000,
2011-10-10,3.299999952316284,3.4059998989105225,3.299999952316284,3.365999937057495,2.392045736312866,37583000,
2011-10-11,3.361999988555908,3.3910000324249268,3.299999952316284,3.3329999446868896,2.3685948848724365,13002000,
2011-10-12,3.3540000915527344,3.385999917984009,3.2909998893737793,3.365000009536743,2.3913357257843018,28894000,
2011-10-13,3.3389999866485596,3.493000030517578,3.328000068664551,3.4059998989105225,2.4204719066619873,60207000,
2011-10-14,3.497999906539917,3.5810000896453857,3.4779999256134033,3.569999933242798,2.5370190143585205,35004000,
2011-10-17,3.5350000858306885,3.569000005722046,3.4809999465942383,3.50600004196167,2.491537094116211,21298000,
2011-10-18,3.493000030517578,3.5969998836517334,3.490999937057495,3.5840001106262207,2.5469679832458496,13948000,
2011-10-19,3.5439999103546143,3.5450000762939453,3.450000047683716,3.4630000591278076,2.4609785079956055,30312000,
2011-10-20,3.453000068664551,3.4820001125335693,3.312000036239624,3.3980000019073486,2.4147865772247314,27141000,
2011-10-21,3.431999921798706,3.450000047683716,3.3420000076293945,3.384000062942505,2.4048385620117188,27170000,
2011-10-24,3.4079999923706055,3.561000108718872,3.4000000953674316,3.5350000858306885,2.512145757675171,25690000,
2011-10-25,3.4839999675750732,3.5360000133514404,3.436000108718872,3.444000005722046,2.447477102279663,24614000,
2011-10-26,3.4790000915527344,3.513000011444092,3.364000082015991,3.377000093460083,2.3998632431030273,23137000,
2011-10-27,3.4070000648498535,3.4749999046325684,3.3469998836517334,3.375999927520752,2.3991520404815674,43170000,
2011-10-28,3.371000051498413,3.3989999294281006,3.1089999675750732,3.3589999675750732,2.3870718479156494,71596000,
2011-10-31,3.302000045776367,3.4189999103546143,3.2980000972747803,3.377000093460083,2.3998632431030273,35767000,
2011-11-1,3.2690000534057617,3.3420000076293945,3.2279999256134033,3.299999952316284,2.345142364501953,16196000,
2011-11-2,3.3429999351501465,3.3499999046325684,3.240000009536743,3.259999990463257,2.3167173862457275,21439000,
2011-11-3,3.3510000705718994,3.450000047683716,3.2809998989105225,3.433000087738037,2.439659357070923,31449000,
2011-11-4,3.361999988555908,3.4700000286102295,3.361999988555908,3.437999963760376,2.4432127475738525,17113000,
2011-11-7,3.434000015258789,3.4600000381469727,3.3610000610351562,3.4579999446868896,2.4574263095855713,17289000,
2011-11-8,3.4730000495910645,3.4860000610351562,3.38700008392334,3.4730000495910645,2.468085527420044,9475000,
2011-11-9,3.4049999713897705,3.4539999961853027,3.306999921798706,3.322999954223633,2.361487865447998,15446000,
2011-11-10,3.365999937057495,3.375999927520752,3.2890000343322754,3.311000108718872,2.3529605865478516,9560000,
2011-11-11,3.3340001106262207,3.438999891281128,3.3239998817443848,3.428999900817871,2.4368162155151367,11553000,
2011-11-14,3.4119999408721924,3.430999994277954,3.2829999923706055,3.309000015258789,2.35153865814209,16063000,
2011-11-15,3.296999931335449,3.3519999980926514,3.2709999084472656,3.2990000247955322,2.344432830810547,16231000,
2011-11-16,3.2769999504089355,3.3299999237060547,3.187000036239624,3.2100000381469727,2.281184673309326,17180000,
2011-11-17,3.2039999961853027,3.2119998931884766,3.0950000286102295,3.119999885559082,2.217226266860962,17349000,
2011-11-18,3.1470000743865967,3.1579999923706055,2.9509999752044678,2.9860000610351562,2.121999502182007,32279000,
2011-11-21,2.937000036239624,2.9739999771118164,2.878999948501587,2.944999933242798,2.0928635597229004,36389000,
2011-11-22,2.9609999656677246,3.0220000743865967,2.9100000858306885,2.940999984741211,2.090020179748535,24014000,
2011-11-23,2.9000000953674316,2.937999963760376,2.867000102996826,2.8970000743865967,2.0587515830993652,23819000,
2011-11-25,2.8959999084472656,2.9130001068115234,2.8310000896453857,2.8440001010894775,2.0210869312286377,8951000,
2011-11-28,2.933000087738037,2.9539999961853027,2.812000036239624,2.8580000400543213,2.031036376953125,47653000,
2011-11-29,2.865000009536743,2.936000108718872,2.8519999980926514,2.88700008392334,2.051644802093506,31500000,
2011-11-30,2.943000078201294,3.010999917984009,2.8980000019073486,2.992000102996826,2.126262903213501,36586000,
2011-12-1,2.9820001125335693,3.0380001068115234,2.9119999408721924,2.990999937057495,2.1255528926849365,48612000,
2011-12-2,3.0280001163482666,3.1640000343322754,3.0160000324249268,3.115999937057495,2.214383602142334,57689000,
2011-12-5,3.1519999504089355,3.194000005722046,3.078000068664551,3.1040000915527344,2.2058565616607666,28980000,
2011-12-6,3.0929999351501465,3.119999885559082,3.00600004196167,3.0810000896453857,2.189511299133301,27058000,
2011-12-7,3.063999891281128,3.1389999389648438,3.0439999103546143,3.121999979019165,2.2186479568481445,25019000,
2011-12-8,3.118000030517578,3.1640000343322754,3.059000015258789,3.068000078201294,2.180272102355957,29397000,
2011-12-9,3.003000020980835,3.065000057220459,2.9790000915527344,3.061000108718872,2.1752984523773193,33703000,
2011-12-12,2.861999988555908,2.9630000591278076,2.759000062942505,2.946000099182129,2.0935730934143066,36729000,
2011-12-13,2.9539999961853027,3.009000062942505,2.9070000648498535,2.9240000247955322,2.077939033508301,32928000,
2011-12-14,2.8959999084472656,2.936000108718872,2.8269999027252197,2.871000051498413,2.040273666381836,21125000,
2011-12-15,2.88700008392334,2.924999952316284,2.8589999675750732,2.864000082015991,2.0438435077667236,23917000,0.012
2011-12-16,2.8919999599456787,2.9170000553131104,2.816999912261963,2.880000114440918,2.0552618503570557,90364000,
2011-12-19,2.882999897003174,2.882999897003174,2.739000082015991,2.755000114440918,1.9660570621490479,31124000,
2011-12-20,2.7929999828338623,2.9000000953674316,2.7920000553131104,2.882999897003174,2.0574023723602295,29613000,
2011-12-21,2.882999897003174,2.9059998989105225,2.755000114440918,2.7909998893737793,1.9917480945587158,27523000,
2011-12-22,2.7980000972747803,2.9140000343322754,2.7880001068115234,2.9019999504089355,2.070960283279419,27874000,
2011-12-23,2.921999931335449,2.9609999656677246,2.884999990463257,2.938999891281128,2.097365140914917,11767000,
2011-12-27,2.927000045776367,2.953000068664551,2.9030001163482666,2.934000015258789,2.0937976837158203,7993000,
2011-12-28,2.936000108718872,2.937000036239624,2.865000009536743,2.874000072479248,2.0509791374206543,13375000,
2011-12-29,2.875999927520752,2.9210000038146973,2.875,2.9119999408721924,2.0780975818634033,10221000,
2011-12-30,2.8959999084472656,2.9159998893737793,2.865999937057495,2.885999917984009,2.059542417526245,8364000,
2012-1-3,2.947999954223633,3.0169999599456787,2.8889999389648438,2.8949999809265137,2.065964937210083,23032000,
2012-1-4,2.8889999389648438,2.9089999198913574,2.809999942779541,2.8450000286102295,2.0302839279174805,20254000,
2012-1-5,2.8459999561309814,2.875,2.818000078201294,2.8489999771118164,2.0331382751464844,20075000,
2012-1-6,2.8410000801086426,2.8550000190734863,2.802000045776367,2.8310000896453857,2.0202934741973877,24357000,
2012-1-9,2.930000066757202,3.0390000343322754,2.924999952316284,3.0220000743865967,2.1565964221954346,33485000,
2012-1-10,3.052000045776367,3.11299991607666,3.0380001068115234,3.065000057220459,2.1872832775115967,26829000,
2012-1-11,3.069000005722046,3.1649999618530273,3.059000015258789,3.119999885559082,2.226532459259033,27103000,
2012-1-12,3.119999885559082,3.193000078201294,3.0820000171661377,3.1679999828338623,2.260787010192871,19873000,
2012-1-13,3.1519999504089355,3.200000047683716,3.121000051498413,3.1570000648498535,2.2529373168945312,24275000,
2012-1-17,3.1700000762939453,3.2260000705718994,3.1470000743865967,3.1649999618530273,2.258646249771118,31782000,
2012-1-18,3.299999952316284,3.5,3.2780001163482666,3.3940000534057617,2.422067642211914,44274000,
2012-1-19,3.388000011444092,3.434999942779541,3.359999895095825,3.361999988555908,2.399231433868408,31546000,
2012-1-20,3.3510000705718994,3.4040000438690186,3.3340001106262207,3.38100004196167,2.412790298461914,23462000,
2012-1-23,3.384999990463257,3.390000104904175,3.328000068664551,3.365999937057495,2.402085065841675,20124000,
2012-1-24,3.3589999675750732,3.4240000247955322,3.3589999675750732,3.38700008392334,2.4170732498168945,30778000,
2012-1-25,3.4549999237060547,3.4549999237060547,3.369999885559082,3.3949999809265137,2.422781229019165,30352000,
2012-1-26,3.3959999084472656,3.443000078201294,3.384000062942505,3.4079999923706055,2.432058095932007,25537000,
2012-1-27,3.384000062942505,3.447999954223633,3.380000114440918,3.3980000019073486,2.424921751022339,29468000,
2012-1-30,3.359999895095825,3.4010000228881836,3.3350000381469727,3.372999906539917,2.407081365585327,16590000,
2012-1-31,3.4000000953674316,3.4079999923706055,3.3369998931884766,3.3940000534057617,2.422067642211914,16225000,
2012-2-1,3.438999891281128,3.490000009536743,3.4140000343322754,3.4619998931884766,2.470595359802246,39361000,
2012-2-2,3.4800000190734863,3.5179998874664307,3.4749999046325684,3.5,2.497713327407837,36188000,
2012-2-3,3.5280001163482666,3.5480000972747803,3.496999979019165,3.513000011444092,2.5069897174835205,23816000,
2012-2-6,3.5,3.505000114440918,3.4140000343322754,3.430000066757202,2.447758436203003,18853000,
2012-2-7,3.434000015258789,3.4639999866485596,3.3949999809265137,3.4579999446868896,2.467740058898926,15076000,
2012-2-8,3.4549999237060547,3.5,3.444000005722046,3.48799991607666,2.4891490936279297,15032000,
2012-2-9,3.500999927520752,3.5309998989105225,3.4790000915527344,3.513000011444092,2.5069897174835205,11790000,
2012-2-10,3.4579999446868896,3.5399999618530273,3.434999942779541,3.4489998817443848,2.461317300796509,8898000,
2012-2-13,3.484999895095825,3.5169999599456787,3.4019999504089355,3.4809999465942383,2.484153985977173,14360000,
2012-2-14,3.4570000171661377,3.49399995803833,3.4189999103546143,3.4509999752044678,2.462745189666748,18319000,
2012-2-15,3.492000102996826,3.5480000972747803,3.4809999465942383,3.497999906539917,2.4962854385375977,19864000,
2012-2-16,3.503000020980835,3.5950000286102295,3.4719998836517334,3.5859999656677246,2.55908465385437,16769000,
2012-2-17,3.566999912261963,3.5789999961853027,3.4839999675750732,3.5239999294281006,2.514841079711914,18402000,
2012-2-21,3.5480000972747803,3.5880000591278076,3.5280001163482666,3.546999931335449,2.5312530994415283,20449000,
2012-2-22,3.5339999198913574,3.631999969482422,3.5339999198913574,3.5899999141693115,2.561939239501953,24333000,
2012-2-23,3.5799999237060547,3.7260000705718994,3.571000099182129,3.7190001010894775,2.6539981365203857,47606000,
2012-2-24,3.734999895095825,3.740000009536743,3.617000102996826,3.631999969482422,2.5919125080108643,19325000,
2012-2-27,3.621000051498413,3.7190001010894775,3.553999900817871,3.697999954223633,2.639012336730957,26216000,
2012-2-28,3.683000087738037,3.742000102996826,3.6559998989105225,3.7009999752044678,2.64115309715271,21581000,
2012-2-29,3.694000005722046,3.7699999809265137,3.6710000038146973,3.760999917984009,2.6839709281921387,34503000,
2012-3-1,3.7739999294281006,3.7799999713897705,3.7160000801086426,3.7320001125335693,2.6632754802703857,12550000,
2012-3-2,3.7249999046325684,3.7300000190734863,3.632999897003174,3.6600000858306885,2.611893653869629,19601000,
2012-3-5,3.6519999504089355,3.6549999713897705,3.5290000438690186,3.5450000762939453,2.5298259258270264,24881000,
2012-3-6,3.4690001010894775,3.5480000972747803,3.4600000381469727,3.5309998989105225,2.5198357105255127,19936000,
2012-3-7,3.5510001182556152,3.5969998836517334,3.5260000228881836,3.575000047683716,2.5512351989746094,12857000,
2012-3-8,3.630000114440918,3.681999921798706,3.609999895095825,3.6419999599456787,2.5990488529205322,17478000,
2012-3-9,3.6519999504089355,3.681999921798706,3.6050000190734863,3.677000045776367,2.6240272521972656,13307000,
2012-3-12,3.6730000972747803,3.686000108718872,3.609999895095825,3.6600000858306885,2.611893653869629,8724000,
2012-3-13,3.694999933242798,3.7669999599456787,3.687999963760376,3.763000011444092,2.6853983402252197,12902000,
2012-3-14,3.759999990463257,3.8369998931884766,3.700000047683716,3.7109999656677246,2.648289442062378,22282000,
2012-3-15,3.7139999866485596,3.7769999504089355,3.688999891281128,3.7760000228881836,2.704148530960083,16248000,0.013
2012-3-16,3.7839999198913574,3.880000114440918,3.7669999599456787,3.7899999618530273,2.714174270629883,23520000,
2012-3-19,3.7769999504089355,3.815999984741211,3.76200008392334,3.805999994277954,2.725632905960083,10058000,
2012-3-20,3.7699999809265137,3.815000057220459,3.75,3.802999973297119,2.723484516143799,17642000,
2012-3-21,3.809000015258789,3.859999895095825,3.7850000858306885,3.8359999656677246,2.7471182346343994,13604000,
2012-3-22,3.818000078201294,3.8340001106262207,3.7860000133514404,3.7950000762939453,2.717754602432251,19680000,
2012-3-23,3.7809998989105225,3.816999912261963,3.752000093460083,3.809999942779541,2.728497266769409,14863000,
2012-3-26,3.8459999561309814,3.884999990463257,3.796999931335449,3.884000062942505,2.781491756439209,16678000,
2012-3-27,3.86899995803833,3.9019999504089355,3.8380000591278076,3.878000020980835,2.777194023132324,17597000,
2012-3-28,3.882999897003174,3.88700008392334,3.7790000438690186,3.796999931335449,2.719186305999756,16691000,
2012-3-29,3.765000104904175,3.8369998931884766,3.75,3.8340001106262207,2.745685338973999,13024000,
2012-3-30,3.8459999561309814,3.921999931335449,3.815000057220459,3.8970000743865967,2.7908010482788086,24210000,
2012-4-2,3.8889999389648438,3.9010000228881836,3.811000108718872,3.86899995803833,2.77074933052063,14370000,
2012-4-3,3.8610000610351562,3.8989999294281006,3.812999963760376,3.8369998931884766,2.747833013534546,12313000,
2012-4-4,3.805000066757202,3.812999963760376,3.7090001106262207,3.740999937057495,2.6790831089019775,13125000,
2012-4-5,3.746999979019165,3.7990000247955322,3.734999895095825,3.760999917984009,2.693406105041504,13792000,
2012-4-9,3.7239999771118164,3.7699999809265137,3.7070000171661377,3.757999897003174,2.6912569999694824,12198000,
2012-4-10,3.739000082015991,3.7739999294281006,3.6570000648498535,3.680000066757202,2.635399341583252,20072000,
2012-4-11,3.7049999237060547,3.821000099182129,3.690000057220459,3.747999906539917,2.6840968132019043,15944000,
2012-4-12,3.763000011444092,3.8450000286102295,3.75,3.815000057220459,2.732077121734619,12525000,
2012-4-13,3.7920000553131104,3.7929999828338623,3.7209999561309814,3.7279999256134033,2.669773817062378,8941000,
2012-4-16,3.739000082015991,3.756999969482422,3.700000047683716,3.7049999237060547,2.6533029079437256,17633000,
2012-4-17,3.736999988555908,3.7950000762939453,3.7219998836517334,3.7739999294281006,2.70271635055542,11296000,
2012-4-18,3.755000114440918,3.7809998989105225,3.7109999656677246,3.747999906539917,2.6840968132019043,8837000,
2012-4-19,3.697999954223633,3.7190001010894775,3.561000108718872,3.571000099182129,2.5573389530181885,28969000,
2012-4-20,3.575000047683716,3.575000047683716,3.3610000610351562,3.427999973297119,2.4549310207366943,80400000,
2012-4-23,3.377000093460083,3.382999897003174,3.313999891281128,3.322999954223633,2.3797366619110107,43912000,
2012-4-24,3.319000005722046,3.3259999752044678,3.23799991607666,3.2679998874664307,2.340348482131958,37246000,
2012-4-25,3.453000068664551,3.5269999504089355,3.4159998893737793,3.497999906539917,2.505060911178589,40196000,
2012-4-26,3.4690001010894775,3.5250000953674316,3.440999984741211,3.50600004196167,2.5107898712158203,16242000,
2012-4-27,3.509000062942505,3.5309998989105225,3.450000047683716,3.4600000381469727,2.4778480529785156,17007000,
2012-4-30,3.441999912261963,3.4619998931884766,3.4089999198913574,3.447999954223633,2.4692535400390625,13464000,
2012-5-1,3.453000068664551,3.494999885559082,3.4170000553131104,3.446000099182129,2.4678218364715576,11762000,
2012-5-2,3.4130001068115234,3.4860000610351562,3.385999917984009,3.4779999256134033,2.4907386302948,8848000,
2012-5-3,3.4709999561309814,3.4730000495910645,3.3289999961853027,3.3359999656677246,2.3890457153320312,18368000,
2012-5-4,3.2929999828338623,3.3359999656677246,3.1570000648498535,3.1630001068115234,2.2651538848876953,38604000,
2012-5-7,3.1559998989105225,3.1989998817443848,3.121000051498413,3.130000114440918,2.241521120071411,19848000,
2012-5-8,3.1089999675750732,3.1670000553131104,3.0899999141693115,3.1549999713897705,2.2594242095947266,28533000,
2012-5-9,3.117000102996826,3.124000072479248,3.072000026702881,3.1070001125335693,2.225050210952759,24596000,
2012-5-10,3.119999885559082,3.134999990463257,3.062999963760376,3.0880000591278076,2.2114436626434326,22290000,
2012-5-11,3.069000005722046,3.115000009536743,3.061000108718872,3.0940001010894775,2.215740203857422,29039000,
2012-5-14,3.068000078201294,3.1449999809265137,3.046999931335449,3.11299991607666,2.22934627532959,18594000,
2012-5-15,3.11899995803833,3.1659998893737793,3.0910000801086426,3.1050000190734863,2.223618268966675,21493000,
2012-5-16,3.1059999465942383,3.1659998893737793,3.071000099182129,3.0769999027252197,2.2035653591156006,19452000,
2012-5-17,3.069999933242798,3.0940001010894775,3.005000114440918,3.006999969482422,2.1534359455108643,18872000,
2012-5-18,3.0230000019073486,3.0250000953674316,2.9709999561309814,3.002000093460083,2.149854898452759,22855000,
2012-5-21,3,3.0910000801086426,2.9700000286102295,3.0910000801086426,2.2135918140411377,28360000,
2012-5-22,3.0940001010894775,3.1419999599456787,3.0829999446868896,3.127000093460083,2.2393736839294434,28475000,
2012-5-23,3.1689999103546143,3.3589999675750732,3.1500000953674316,3.3519999980926514,2.4005045890808105,47735000,
2012-5-24,3.3459999561309814,3.3519999980926514,3.243000030517578,3.250999927520752,2.328174114227295,27487000,
2012-5-25,3.259999990463257,3.3399999141693115,3.256999969482422,3.315000057220459,2.3740079402923584,15457000,
2012-5-29,3.3550000190734863,3.4509999752044678,3.321000099182129,3.444999933242798,2.4671058654785156,19163000,
2012-5-30,3.3949999809265137,3.4049999713897705,3.2869999408721924,3.305999994277954,2.367562770843506,26237000,
2012-5-31,3.328000068664551,3.3380000591278076,3.246999979019165,3.309999942779541,2.3704264163970947,19157000,
2012-6-1,3.243000030517578,3.2669999599456787,3.0859999656677246,3.0980000495910645,2.218604803085327,38892000,
2012-6-4,3.121999979019165,3.1649999618530273,3.0179998874664307,3.052999973297119,2.1863784790039062,39732000,
2012-6-5,3.058000087738037,3.1489999294281006,3.0390000343322754,3.1410000324249268,2.249398946762085,36053000,
2012-6-6,3.180000066757202,3.2990000247955322,3.1579999923706055,3.296999931335449,2.361116886138916,25299000,
2012-6-7,3.3429999351501465,3.3480000495910645,3.2860000133514404,3.2950000762939453,2.359684705734253,23101000,
2012-6-8,3.2829999923706055,3.4040000438690186,3.25,3.384000062942505,2.4234206676483154,25119000,
2012-6-11,3.4089999198913574,3.4260001182556152,3.313999891281128,3.3239998817443848,2.3804526329040527,15443000,
2012-6-12,3.3310000896453857,3.4170000553131104,3.3310000896453857,3.3919999599456787,2.429150342941284,18471000,
2012-6-13,3.3910000324249268,3.4489998817443848,3.365000009536743,3.4040000438690186,2.437743902206421,20580000,
2012-6-14,3.378999948501587,3.380000114440918,3.265000104904175,3.3310000896453857,2.3960235118865967,23709000,0.015
2012-6-15,3.3359999656677246,3.434000015258789,3.3340001106262207,3.4070000648498535,2.450690746307373,18289000,
2012-6-18,3.3949999809265137,3.507999897003174,3.38100004196167,3.4760000705718994,2.500324010848999,17163000,
2012-6-19,3.492000102996826,3.5,3.440000057220459,3.4700000286102295,2.4960079193115234,19152000,
2012-6-20,3.4800000190734863,3.553999900817871,3.4790000915527344,3.5269999504089355,2.537008285522461,29267000,
2012-6-21,3.5250000953674316,3.5390000343322754,3.438999891281128,3.447999954223633,2.4801831245422363,23173000,
2012-6-22,3.446000099182129,3.505000114440918,3.437999963760376,3.4800000190734863,2.5032012462615967,55520000,
2012-6-25,3.437999963760376,3.4639999866485596,3.4040000438690186,3.4210000038146973,2.4607605934143066,23592000,
2012-6-26,3.430000066757202,3.4619998931884766,3.3959999084472656,3.438999891281128,2.473708391189575,18656000,
2012-6-27,3.441999912261963,3.50600004196167,3.433000087738037,3.490000009536743,2.5103940963745117,11415000,
2012-6-28,3.4509999752044678,3.4739999771118164,3.3929998874664307,3.430999994277954,2.467954635620117,16941000,
2012-6-29,3.502000093460083,3.5940001010894775,3.502000093460083,3.5899999141693115,2.582324743270874,18990000,
2012-7-2,3.5769999027252197,3.61899995803833,3.5269999504089355,3.5490000247955322,2.5528337955474854,21855000,
2012-7-3,3.555999994277954,3.5799999237060547,3.5439999103546143,3.5739998817443848,2.5708160400390625,9803000,
2012-7-5,3.5739998817443848,3.5959999561309814,3.546999931335449,3.558000087738037,2.5593082904815674,8576000,
2012-7-6,3.549999952316284,3.552000045776367,3.4070000648498535,3.447999954223633,2.4801831245422363,14716000,
2012-7-9,3.450000047683716,3.4600000381469727,3.312000036239624,3.3289999961853027,2.394585609436035,21974000,
2012-7-10,3.359999895095825,3.4070000648498535,3.325000047683716,3.3429999351501465,2.4046549797058105,21338000,
2012-7-11,3.3410000801086426,3.3550000190734863,3.2929999828338623,3.309999942779541,2.380918025970459,18940000,
2012-7-12,3.2920000553131104,3.2990000247955322,3.2139999866485596,3.257999897003174,2.3435137271881104,21140000,
2012-7-13,3.255000114440918,3.325000047683716,3.247999906539917,3.315000057220459,2.3845155239105225,16791000,
2012-7-16,3.296999931335449,3.309000015258789,3.23799991607666,3.2739999294281006,2.35502290725708,13761000,
2012-7-17,3.309999942779541,3.322000026702881,3.256999969482422,3.303999900817871,2.3766021728515625,18038000,
2012-7-18,3.2990000247955322,3.4049999713897705,3.2909998893737793,3.378999948501587,2.430551052093506,21230000,
2012-7-19,3.453000068664551,3.640000104904175,3.441999912261963,3.6040000915527344,2.5923960208892822,34675000,
2012-7-20,3.5950000286102295,3.5999999046325684,3.5250000953674316,3.5280001163482666,2.5377273559570312,14961000,
2012-7-23,3.4639999866485596,3.4800000190734863,3.372999906539917,3.4489998817443848,2.4809024333953857,15101000,
2012-7-24,3.4679999351501465,3.509000062942505,3.377000093460083,3.4179999828338623,2.458603858947754,9758000,
2012-7-25,3.4130001068115234,3.4749999046325684,3.381999969482422,3.4210000038146973,2.4607605934143066,20470000,
2012-7-26,3.500999927520752,3.572999954223633,3.5,3.5439999103546143,2.549237012863159,13101000,
2012-7-27,3.5789999961853027,3.6470000743865967,3.555000066757202,3.61299991607666,2.5988688468933105,11498000,
2012-7-30,3.631999969482422,3.6700000762939453,3.572000026702881,3.5969998836517334,2.5873610973358154,12044000,
2012-7-31,3.624000072479248,3.7639999389648438,3.621999979019165,3.690000057220459,2.654256582260132,23597000,
2012-8-1,3.7109999656677246,3.7119998931884766,3.6410000324249268,3.6689999103546143,2.639150619506836,15423000,
2012-8-2,3.634999990463257,3.7139999866485596,3.609999895095825,3.6540000438690186,2.6283607482910156,13151000,
2012-8-3,3.7149999141693115,3.746000051498413,3.6670000553131104,3.7109999656677246,2.6693618297576904,14333000,
2012-8-6,3.7190001010894775,3.74399995803833,3.700000047683716,3.7070000171661377,2.66648530960083,11303000,
2012-8-7,3.7279999256134033,3.763000011444092,3.7060000896453857,3.740000009536743,2.69022274017334,15424000,
2012-8-8,3.746000051498413,3.7699999809265137,3.7249999046325684,3.747999906539917,2.695976972579956,17173000,
2012-8-9,3.7039999961853027,3.756999969482422,3.7009999752044678,3.7320001125335693,2.6844675540924072,9996000,
2012-8-10,3.7230000495910645,3.743000030517578,3.677000045776367,3.7149999141693115,2.6722400188446045,14662000,
2012-8-13,3.7149999141693115,3.7149999141693115,3.6089999675750732,3.627000093460083,2.6089398860931396,21116000,
2012-8-14,3.6730000972747803,3.677000045776367,3.5980000495910645,3.615000009536743,2.6003077030181885,24324000,
2012-8-15,3.6050000190734863,3.6630001068115234,3.5999999046325684,3.6579999923706055,2.6312384605407715,15984000,
2012-8-16,3.6700000762939453,3.7139999866485596,3.6700000762939453,3.690999984741211,2.654975652694702,25881000,
2012-8-17,3.7750000953674316,3.7880001068115234,3.640000104904175,3.684000015258789,2.649940013885498,29985000,
2012-8-20,3.694999933242798,3.694999933242798,3.5409998893737793,3.5959999561309814,2.5866405963897705,25468000,
2012-8-21,3.5999999046325684,3.6559998989105225,3.569999933242798,3.638000011444092,2.616852045059204,19231000,
2012-8-22,3.625,3.6679999828338623,3.6040000915527344,3.6489999294281006,2.6247642040252686,13251000,
2012-8-23,3.624000072479248,3.630000114440918,3.572000026702881,3.6019999980926514,2.5909571647644043,12060000,
2012-8-24,3.6019999980926514,3.634000062942505,3.5840001106262207,3.6050000190734863,2.593114137649536,13030000,
2012-8-27,3.6070001125335693,3.61299991607666,3.563999891281128,3.5769999027252197,2.5729739665985107,13306000,
2012-8-28,3.5829999446868896,3.6419999599456787,3.568000078201294,3.627000093460083,2.6089398860931396,15320000,
2012-8-29,3.6389999389648438,3.686000108718872,3.621999979019165,3.6600000858306885,2.632676839828491,11952000,
2012-8-30,3.6500000953674316,3.6500000953674316,3.5850000381469727,3.6019999980926514,2.5909571647644043,13671000,
2012-8-31,3.628999948501587,3.680000066757202,3.5910000801086426,3.6570000648498535,2.6305201053619385,13266000,
2012-9-4,3.63700008392334,3.6589999198913574,3.5329999923706055,3.5889999866485596,2.581606388092041,21527000,
2012-9-5,3.561000108718872,3.562000036239624,3.505000114440918,3.5179998874664307,2.5305347442626953,16184000,
2012-9-6,3.563999891281128,3.680999994277954,3.5190000534057617,3.6610000133514404,2.6333959102630615,22883000,
2012-9-7,3.6710000038146973,3.683000087738037,3.609999895095825,3.619999885559082,2.6039047241210938,15846000,
2012-9-10,3.5959999561309814,3.61899995803833,3.494999885559082,3.5,2.517587900161743,16238000,
2012-9-11,3.503999948501587,3.556999921798706,3.4830000400543213,3.496000051498413,2.5147101879119873,12420000,
2012-9-12,3.5220000743865967,3.549999952316284,3.500999927520752,3.5230000019073486,2.5341310501098633,13803000,
2012-9-13,3.5280001163482666,3.5399999618530273,3.444999933242798,3.506999969482422,2.5226221084594727,21875000,
2012-9-14,3.509000062942505,3.549999952316284,3.4700000286102295,3.50600004196167,2.5219027996063232,34024000,
2012-9-17,3.5190000534057617,3.5390000343322754,3.48799991607666,3.5280001163482666,2.5377273559570312,15298000,
2012-9-18,3.507999897003174,3.5169999599456787,3.4649999141693115,3.5160000324249268,2.540618419647217,10544000,0.016
2012-9-19,3.513000011444092,3.5420000553131104,3.4749999046325684,3.505000114440918,2.532670259475708,20797000,
2012-9-20,3.4579999446868896,3.490999937057495,3.322000026702881,3.375,2.4387331008911133,40250000,
2012-9-21,3.433000087738037,3.611999988555908,3.433000087738037,3.5510001182556152,2.5659091472625732,68640000,
2012-9-24,3.5,3.5139999389648438,3.4230000972747803,3.4600000381469727,2.5001535415649414,44190000,
2012-9-25,3.4560000896453857,3.499000072479248,3.2929999828338623,3.3010001182556152,2.3852624893188477,34009000,
2012-9-26,3.2739999294281006,3.3540000915527344,3.239000082015991,3.3459999561309814,2.417778253555298,41268000,
2012-9-27,3.318000078201294,3.499000072479248,3.296999931335449,3.490000009536743,2.5218305587768555,41134000,
2012-9-28,3.444999933242798,3.502000093460083,3.4100000858306885,3.486999988555908,2.519663095474243,25908000,
2012-10-1,3.5139999389648438,3.553999900817871,3.4549999237060547,3.4690001010894775,2.5066566467285156,20091000,
2012-10-2,3.490000009536743,3.490000009536743,3.4100000858306885,3.441999912261963,2.4871466159820557,17096000,
2012-10-3,3.453000068664551,3.505000114440918,3.443000078201294,3.4570000171661377,2.4979848861694336,27255000,
2012-10-4,3.4570000171661377,3.4570000171661377,3.4000000953674316,3.441999912261963,2.4871466159820557,11425000,
2012-10-5,3.4719998836517334,3.5280001163482666,3.4170000553131104,3.444000005722046,2.4885923862457275,15117000,
2012-10-8,3.4000000953674316,3.4230000972747803,3.371000051498413,3.388000011444092,2.448127269744873,10039000,
2012-10-9,3.3499999046325684,3.374000072479248,3.303999900817871,3.3589999675750732,2.4271726608276367,20770000,
2012-10-10,3.368000030517578,3.371000051498413,3.255000114440918,3.259000062942505,2.3549137115478516,14476000,
2012-10-11,3.3010001182556152,3.3480000495910645,3.25600004196167,3.2929999828338623,2.379481315612793,13768000,
2012-10-12,3.2730000019073486,3.3010001182556152,3.253999948501587,3.2980000972747803,2.383094310760498,26733000,
2012-10-15,3.309999942779541,3.3359999656677246,3.2799999713897705,3.319000005722046,2.3982675075531006,17144000,
2012-10-16,3.3299999237060547,3.4590001106262207,3.322999954223633,3.434999942779541,2.482088804244995,18602000,
2012-10-17,3.4089999198913574,3.4600000381469727,3.388000011444092,3.4110000133514404,2.4647462368011475,13410000,
2012-10-18,3.4070000648498535,3.440000057220459,3.38100004196167,3.4049999713897705,2.460411787033081,12752000,
2012-10-19,3.4119999408721924,3.4179999828338623,3.2899999618530273,3.319000005722046,2.3982675075531006,19088000,
2012-10-22,3.3480000495910645,3.36899995803833,3.299999952316284,3.3399999141693115,2.413443088531494,12707000,
2012-10-23,3.2960000038146973,3.3350000381469727,3.2820000648498535,3.3239998817443848,2.401881694793701,10953000,
2012-10-24,3.3529999256134033,3.3589999675750732,3.259000062942505,3.2730000019073486,2.36503005027771,13522000,
2012-10-25,3.306999921798706,3.374000072479248,3.303999900817871,3.369999885559082,2.435120105743408,15396000,
2012-10-26,3.369999885559082,3.3989999294281006,3.3399999141693115,3.382999897003174,2.444514036178589,12623000,
2012-10-31,3.361999988555908,3.369999885559082,3.2809998989105225,3.302999973297119,2.3867077827453613,22851000,
2012-11-1,3.3289999961853027,3.4560000896453857,3.305000066757202,3.450000047683716,2.492926836013794,18725000,
2012-11-2,3.4709999561309814,3.484999895095825,3.3940000534057617,3.3970000743865967,2.45462965965271,19223000,
2012-11-5,3.299999952316284,3.441999912261963,3.2990000247955322,3.431999921798706,2.4799206256866455,13881000,
2012-11-6,3.431999921798706,3.5280001163482666,3.4210000038146973,3.5280001163482666,2.5492897033691406,20045000,
2012-11-7,3.4779999256134033,3.510999917984009,3.3889999389648438,3.3959999084472656,2.453906774520874,20751000,
2012-11-8,3.499000072479248,3.499000072479248,3.382999897003174,3.384000062942505,2.4452362060546875,13265000,
2012-11-9,3.4000000953674316,3.4000000953674316,3.3420000076293945,3.3480000495910645,2.4192240238189697,14186000,
2012-11-12,3.3580000400543213,3.384999990463257,3.322000026702881,3.3610000610351562,2.4286179542541504,7607000,
2012-11-13,3.3259999752044678,3.381999969482422,3.318000078201294,3.328000068664551,2.4047722816467285,11113000,
2012-11-14,3.368000030517578,3.3889999389648438,3.2869999408721924,3.302999973297119,2.3867077827453613,12054000,
2012-11-15,3.313999891281128,3.322000026702881,3.2090001106262207,3.2249999046325684,2.3303451538085938,13745000,
2012-11-16,3.2209999561309814,3.23799991607666,3.1679999828338623,3.194000005722046,2.3079450130462646,23888000,
2012-11-19,3.2279999256134033,3.2829999923706055,3.2009999752044678,3.2750000953674316,2.3664751052856445,16664000,
2012-11-20,3.3320000171661377,3.3480000495910645,3.25,3.2809998989105225,2.3708107471466064,11905000,
2012-11-21,3.2780001163482666,3.2960000038146973,3.252000093460083,3.2820000648498535,2.371532917022705,7802000,
2012-11-23,3.299999952316284,3.374000072479248,3.2850000858306885,3.3550000190734863,2.424280881881714,8177000,
2012-11-26,3.375,3.4240000247955322,3.3410000801086426,3.4040000438690186,2.459688425064087,16562000,
2012-11-27,3.385999917984009,3.453000068664551,3.359999895095825,3.4119999408721924,2.4654695987701416,20547000,
2012-11-28,3.361999988555908,3.4649999141693115,3.3610000610351562,3.4560000896453857,2.497262954711914,20702000,
2012-11-29,3.48799991607666,3.5429999828338623,3.4719998836517334,3.509999990463257,2.536283016204834,19060000,
2012-11-30,3.4590001106262207,3.5429999828338623,3.390000104904175,3.509999990463257,2.536283016204834,41634000,
2012-12-3,3.5390000343322754,3.558000087738037,3.4630000591278076,3.4809999465942383,2.5153279304504395,17504000,
2012-12-4,3.4790000915527344,3.5160000324249268,3.4690001010894775,3.492000102996826,2.5232763290405273,16899000,
2012-12-5,3.503000020980835,3.5160000324249268,3.450000047683716,3.453000068664551,2.4950947761535645,15875000,
2012-12-6,3.4539999961853027,3.515000104904175,3.446000099182129,3.51200008392334,2.5377273559570312,11963000,
2012-12-7,3.4230000972747803,3.4560000896453857,3.3949999809265137,3.424999952316284,2.4748623371124268,85050000,
2012-12-10,3.437999963760376,3.4519999027252197,3.4100000858306885,3.444999933242798,2.489314556121826,26845000,
2012-12-11,3.4660000801086426,3.48799991607666,3.433000087738037,3.4560000896453857,2.497262954711914,43625000,
2012-12-12,3.4790000915527344,3.48799991607666,3.444999933242798,3.4570000171661377,2.4979848861694336,49274000,
2012-12-13,3.5,3.500999927520752,3.3589999675750732,3.369999885559082,2.4471545219421387,66194000,0.017
2012-12-14,3.315999984741211,3.3269999027252197,3.049999952316284,3.114000082015991,2.261258125305176,98714000,
2012-12-17,3.1389999389648438,3.200000047683716,3.1019999980926514,3.1989998817443848,2.322981834411621,70583000,
2012-12-18,3.2230000495910645,3.25,3.1689999103546143,3.2269999980926514,2.343313217163086,41414000,
2012-12-19,3.2290000915527344,3.25,3.194000005722046,3.1989998817443848,2.322981834411621,25023000,
2012-12-20,3.2049999237060547,3.2239999771118164,3.1419999599456787,3.190000057220459,2.316446542739868,23788000,
2012-12-21,3.114000082015991,3.1570000648498535,3.1010000705718994,3.135999917984009,2.277233600616455,35064000,
2012-12-24,3.128999948501587,3.132999897003174,3.0980000495910645,3.115000009536743,2.261983871459961,7995000,
2012-12-26,3.121999979019165,3.1570000648498535,3.0769999027252197,3.0880000591278076,2.2423782348632812,16339000,
2012-12-27,3.1080000400543213,3.1489999294281006,3.069000005722046,3.13700008392334,2.2779598236083984,27545000,
2012-12-28,3.1059999465942383,3.1470000743865967,3.0959999561309814,3.115000009536743,2.261983871459961,19617000,
2012-12-31,3.132999897003174,3.177999973297119,3.0969998836517334,3.1649999618530273,2.298292636871338,26644000,
2013-1-2,3.243000030517578,3.305999994277954,3.2239999771118164,3.253999948501587,2.362919569015503,36716000,
2013-1-3,3.2339999675750732,3.2980000972747803,3.2339999675750732,3.2709999084472656,2.375265121459961,23295000,
2013-1-4,3.2699999809265137,3.2769999504089355,3.2190001010894775,3.25,2.360015392303467,27113000,
2013-1-7,3.236999988555908,3.249000072479248,3.2100000381469727,3.2320001125335693,2.346944570541382,16822000,
2013-1-8,3.244999885559082,3.2699999809265137,3.2090001106262207,3.2100000381469727,2.3309693336486816,20969000,
2013-1-9,3.25,3.2960000038146973,3.2360000610351562,3.2809998989105225,2.3825266361236572,29456000,
2013-1-10,3.3459999561309814,3.3589999675750732,3.302000045776367,3.3519999980926514,2.434083938598633,44591000,
2013-1-11,3.3540000915527344,3.437000036239624,3.3489999771118164,3.434000015258789,2.4936282634735107,47871000,
2013-1-14,3.384000062942505,3.4619998931884766,3.364000082015991,3.4570000171661377,2.5103304386138916,49258000,
2013-1-15,3.430000066757202,3.444000005722046,3.381999969482422,3.38700008392334,2.459500312805176,33736000,
2013-1-16,3.38100004196167,3.4609999656677246,3.377000093460083,3.4560000896453857,2.5096046924591064,27669000,
2013-1-17,3.4779999256134033,3.496999979019165,3.4590001106262207,3.4809999465942383,2.5277581214904785,21065000,
2013-1-18,3.4539999961853027,3.4749999046325684,3.430999994277954,3.444000005722046,2.5008904933929443,18830000,
2013-1-22,3.444999933242798,3.4609999656677246,3.433000087738037,3.444000005722046,2.5008904933929443,13809000,
2013-1-23,3.484999895095825,3.5,3.4170000553131104,3.441999912261963,2.499437093734741,22791000,
2013-1-24,3.371000051498413,3.430999994277954,3.3589999675750732,3.3929998874664307,2.4638562202453613,44567000,
2013-1-25,3.382999897003174,3.428999900817871,3.381999969482422,3.4159998893737793,2.480558156967163,35089000,
2013-1-28,3.440000057220459,3.453000068664551,3.4110000133514404,3.447999954223633,2.5037953853607178,38462000,
2013-1-29,3.430000066757202,3.4709999561309814,3.4179999828338623,3.4570000171661377,2.5103304386138916,23732000,
2013-1-30,3.4489998817443848,3.5329999923706055,3.4489998817443848,3.505000114440918,2.5451860427856445,25185000,
2013-1-31,3.552000045776367,3.6089999675750732,3.5250000953674316,3.5769999027252197,2.5974693298339844,67764000,
2013-2-1,3.5920000076293945,3.630000114440918,3.5820000171661377,3.625999927520752,2.6330509185791016,27973000,
2013-2-4,3.575000047683716,3.621000051498413,3.5139999389648438,3.5179998874664307,2.554626226425171,43401000,
2013-2-5,3.507999897003174,3.556999921798706,3.50600004196167,3.5409998893737793,2.5713276863098145,29392000,
2013-2-6,3.5230000019073486,3.5789999961853027,3.509000062942505,3.563999891281128,2.588029146194458,20811000,
2013-2-7,3.563999891281128,3.563999891281128,3.4539999961853027,3.496000051498413,2.5386507511138916,42435000,
2013-2-8,3.5280001163482666,3.552999973297119,3.505000114440918,3.5320000648498535,2.5647926330566406,32966000,
2013-2-11,3.5380001068115234,3.569000005722046,3.5,3.5399999618530273,2.570600986480713,29999000,
2013-2-12,3.5199999809265137,3.5350000858306885,3.4779999256134033,3.5139999389648438,2.5517213344573975,31224000,
2013-2-13,3.5360000133514404,3.5490000247955322,3.489000082015991,3.5169999599456787,2.5538992881774902,26590000,
2013-2-14,3.509000062942505,3.566999912261963,3.499000072479248,3.563999891281128,2.588029146194458,32372000,
2013-2-15,3.558000087738037,3.578000068664551,3.497999906539917,3.5139999389648438,2.5517213344573975,25317000,
2013-2-19,3.5,3.555000066757202,3.4800000190734863,3.553999900817871,2.580768346786499,24396000,
2013-2-20,3.5480000972747803,3.572999954223633,3.4670000076293945,3.4670000076293945,2.517591953277588,33262000,
2013-2-21,3.447000026702881,3.4679999351501465,3.2960000038146973,3.367000102996826,2.4449753761291504,61853000,
2013-2-22,3.3970000743865967,3.447000026702881,3.371000051498413,3.4089999198913574,2.4754743576049805,18964000,
2013-2-25,3.4130001068115234,3.421999931335449,3.2939999103546143,3.2950000762939453,2.392693519592285,30632000,
2013-2-26,3.312999963760376,3.3399999141693115,3.2660000324249268,3.312999963760376,2.405763864517212,34556000,
2013-2-27,3.380000114440918,3.437000036239624,3.36299991607666,3.36899995803833,2.4464282989501953,35971000,
2013-2-28,3.36899995803833,3.430999994277954,3.3329999446868896,3.421999931335449,2.484914541244507,34786000,
2013-3-1,3.3919999599456787,3.4089999198913574,3.3259999752044678,3.369999885559082,2.4471545219421387,31500000,
2013-3-4,3.3559999465942383,3.369999885559082,3.3010001182556152,3.3540000915527344,2.4355359077453613,17005000,
2013-3-5,3.369999885559082,3.436000108718872,3.368000030517578,3.433000087738037,2.4929025173187256,30510000,
2013-3-6,3.430999994277954,3.4769999980926514,3.4210000038146973,3.4709999561309814,2.520495891571045,24610000,
2013-3-7,3.4690001010894775,3.513000011444092,3.440000057220459,3.496999979019165,2.5393764972686768,30738000,
2013-3-8,3.505000114440918,3.5409998893737793,3.497999906539917,3.5269999504089355,2.5611612796783447,19688000,
2013-3-11,3.507999897003174,3.565999984741211,3.496999979019165,3.5260000228881836,2.5604352951049805,28173000,
2013-3-12,3.5220000743865967,3.553999900817871,3.5,3.5450000762939453,2.5742321014404297,22477000,
2013-3-13,3.549999952316284,3.6110000610351562,3.5260000228881836,3.5989999771118164,2.6134450435638428,27495000,
2013-3-14,3.6050000190734863,3.697999954223633,3.6029999256134033,3.6659998893737793,2.6620969772338867,43449000,
2013-3-15,3.6700000762939453,3.677999973297119,3.5810000896453857,3.5999999046325684,2.614171028137207,34447000,
2013-3-18,3.558000087738037,3.5899999141693115,3.505000114440918,3.5260000228881836,2.5604352951049805,28689000,
2013-3-19,3.5390000343322754,3.5820000171661377,3.503999948501587,3.5299999713897705,2.5633389949798584,33400000,
2013-3-20,3.568000078201294,3.6080000400543213,3.5350000858306885,3.5929999351501465,2.609088182449341,29636000,
2013-3-21,3.5409998893737793,3.5759999752044678,3.513000011444092,3.555999994277954,2.5959482192993164,27816000,0.019
2013-3-22,3.5769999027252197,3.6040000915527344,3.5380001068115234,3.5799999237060547,2.6134681701660156,17306000,
2013-3-25,3.5869998931884766,3.5889999866485596,3.5250000953674316,3.552000045776367,2.5930275917053223,12888000,
2013-3-26,3.566999912261963,3.5980000495910645,3.555999994277954,3.5789999961853027,2.6127383708953857,9556000,
2013-3-27,3.546999931335449,3.572999954223633,3.5250000953674316,3.563999891281128,2.601787567138672,14861000,
2013-3-28,3.5799999237060547,3.5929999351501465,3.5480000972747803,3.5920000076293945,2.6222283840179443,14740000,
2013-4-1,3.5820000171661377,3.5999999046325684,3.5190000534057617,3.5339999198913574,2.5798871517181396,18501000,
2013-4-2,3.556999921798706,3.561000108718872,3.4769999980926514,3.48799991607666,2.546306848526001,23020000,
2013-4-3,3.48799991607666,3.507999897003174,3.4100000858306885,3.430999994277954,2.5046961307525635,18297000,
2013-4-4,3.4240000247955322,3.4679999351501465,3.3959999084472656,3.4600000381469727,2.5258657932281494,15348000,
2013-4-5,3.4010000228881836,3.441999912261963,3.3329999446868896,3.433000087738037,2.506155252456665,14449000,
2013-4-8,3.424999952316284,3.4670000076293945,3.3970000743865967,3.4660000801086426,2.5302460193634033,12357000,
2013-4-9,3.4709999561309814,3.513000011444092,3.421999931335449,3.4779999256134033,2.5390055179595947,16008000,
2013-4-10,3.4809999465942383,3.549999952316284,3.4790000915527344,3.5380001068115234,2.5828075408935547,14817000,
2013-4-11,3.5239999294281006,3.5920000076293945,3.500999927520752,3.562999963760376,2.601057529449463,18282000,
2013-4-12,3.549999952316284,3.552999973297119,3.4560000896453857,3.490999937057495,2.548496961593628,16125000,
2013-4-15,3.4679999351501465,3.4730000495910645,3.371999979019165,3.378000020980835,2.466003894805908,24634000,
2013-4-16,3.4079999923706055,3.4600000381469727,3.385999917984009,3.4579999446868896,2.5244061946868896,22491000,
2013-4-17,3.375,3.377000093460083,3.2279999256134033,3.240000009536743,2.3652617931365967,64010000,
2013-4-18,3.309999942779541,3.328000068664551,3.125,3.13700008392334,2.290069580078125,41056000,
2013-4-19,3.125,3.187999963760376,3.0829999446868896,3.125999927520752,2.2820394039154053,37180000,
2013-4-22,3.135999917984009,3.184000015258789,3.056999921798706,3.1579999923706055,2.3053996562957764,36395000,
2013-4-23,3.186000108718872,3.242000102996826,3.171999931335449,3.236999988555908,2.363071918487549,25542000,
2013-4-24,3.236999988555908,3.2839999198913574,3.2039999961853027,3.26200008392334,2.3813211917877197,32062000,
2013-4-25,3.2809998989105225,3.319000005722046,3.253000020980835,3.263000011444092,2.382051944732666,25126000,
2013-4-26,3.259000062942505,3.259000062942505,3.196000099182129,3.2109999656677246,2.344090461730957,30945000,
2013-4-29,3.234999895095825,3.2790000438690186,3.2200000286102295,3.253000020980835,2.374751329421997,20430000,
2013-4-30,3.246999979019165,3.246999979019165,3.1549999713897705,3.196000099182129,2.3331403732299805,52511000,
2013-5-1,3.2060000896453857,3.2070000171661377,3.125,3.131999969482422,2.2864186763763428,37068000,
2013-5-2,3.1549999713897705,3.2230000495910645,3.13100004196167,3.2090001106262207,2.3426308631896973,32536000,
2013-5-3,3.2160000801086426,3.239000082015991,3.184999942779541,3.187999963760376,2.3272998332977295,46901000,
2013-5-6,3.2049999237060547,3.2899999618530273,3.196000099182129,3.2799999713897705,2.3944623470306396,32848000,
2013-5-7,3.2920000553131104,3.2950000762939453,3.246999979019165,3.253999948501587,2.3754820823669434,16093000,
2013-5-8,3.263000011444092,3.3519999980926514,3.257999897003174,3.3499999046325684,2.4455628395080566,25437000,
2013-5-9,3.3480000495910645,3.4079999923706055,3.3399999141693115,3.38700008392334,2.472574234008789,29769000,
2013-5-10,3.3959999084472656,3.4140000343322754,3.382999897003174,3.4059998989105225,2.486443519592285,15644000,
2013-5-13,3.382999897003174,3.4130001068115234,3.3589999675750732,3.361999988555908,2.454324245452881,14952000,
2013-5-14,3.3580000400543213,3.381999969482422,3.3329999446868896,3.369999885559082,2.4601638317108154,15938000,
2013-5-15,3.365999937057495,3.4189999103546143,3.3540000915527344,3.4179999828338623,2.4952049255371094,16947000,
2013-5-16,3.4170000553131104,3.4519999027252197,3.390000104904175,3.4210000038146973,2.4973950386047363,24749000,
2013-5-17,3.4489998817443848,3.4779999256134033,3.436000108718872,3.443000078201294,2.5134549140930176,27443000,
2013-5-20,3.4240000247955322,3.4549999237060547,3.4240000247955322,3.444000005722046,2.5141854286193848,13881000,
2013-5-21,3.4609999656677246,3.513000011444092,3.444000005722046,3.509000062942505,2.5616371631622314,20743000,
2013-5-22,3.497999906539917,3.5239999294281006,3.4230000972747803,3.4560000896453857,2.5229461193084717,33873000,
2013-5-23,3.4240000247955322,3.434999942779541,3.384000062942505,3.3970000743865967,2.479874849319458,28513000,
2013-5-24,3.385999917984009,3.4100000858306885,3.368000030517578,3.4100000858306885,2.4893648624420166,15118000,
2013-5-28,3.453000068664551,3.4609999656677246,3.4010000228881836,3.444000005722046,2.5141854286193848,20919000,
2013-5-29,3.437000036239624,3.4700000286102295,3.4149999618530273,3.443000078201294,2.5134549140930176,22858000,
2013-5-30,3.619999885559082,3.822999954223633,3.609999895095825,3.7820000648498535,2.760932683944702,82607000,
2013-5-31,3.7330000400543213,3.8269999027252197,3.7109999656677246,3.7730000019073486,2.754362106323242,33432000,
2013-6-3,3.7679998874664307,3.7730000019073486,3.6589999198913574,3.7300000190734863,2.7229702472686768,27210000,
2013-6-4,3.740000009536743,3.819000005722046,3.739000082015991,3.7799999713897705,2.759471893310547,33120000,
2013-6-5,3.7739999294281006,3.7769999504089355,3.681999921798706,3.700000047683716,2.701070547103882,15019000,
2013-6-6,3.7190001010894775,3.7219998836517334,3.6440000534057617,3.674999952316284,2.6828196048736572,29731000,
2013-6-7,3.6760001182556152,3.7330000400543213,3.615000009536743,3.7290000915527344,2.722240447998047,30733000,
2013-6-10,3.75,3.750999927520752,3.678999900817871,3.683000087738037,2.688659906387329,26360000,
2013-6-11,3.6429998874664307,3.6760001182556152,3.625999927520752,3.628999948501587,2.6492385864257812,21699000,
2013-6-12,3.6659998893737793,3.6679999828338623,3.572000026702881,3.5980000495910645,2.6266088485717773,21307000,
2013-6-13,3.5739998817443848,3.7160000801086426,3.562000036239624,3.7109999656677246,2.7250053882598877,29106000,0.021
2013-6-14,3.7139999866485596,3.7799999713897705,3.7049999237060547,3.759000062942505,2.7602529525756836,21762000,
2013-6-17,3.7799999713897705,3.8340001106262207,3.7730000019073486,3.809000015258789,2.796966791152954,24727000,
2013-6-18,3.803999900817871,3.880000114440918,3.7980000972747803,3.875,2.8454315662384033,27383000,
2013-6-19,3.86899995803833,3.88700008392334,3.806999921798706,3.806999921798706,2.7954978942871094,24035000,
2013-6-20,3.7709999084472656,3.7939999103546143,3.691999912261963,3.7060000896453857,2.7213339805603027,31638000,
2013-6-21,3.7039999961853027,3.747999906539917,3.6619999408721924,3.73799991607666,2.7448315620422363,80030000,
2013-6-24,3.697999954223633,3.6989998817443848,3.609999895095825,3.6689999103546143,2.694164752960205,36858000,
2013-6-25,3.7130000591278076,3.759000062942505,3.680999994277954,3.7100000381469727,2.724271297454834,26019000,
2013-6-26,3.739000082015991,3.7720000743865967,3.6989998817443848,3.7249999046325684,2.735285758972168,20661000,
2013-6-27,3.747999906539917,3.7839999198913574,3.7290000915527344,3.7320001125335693,2.7404258251190186,26359000,
2013-6-28,3.700000047683716,3.76200008392334,3.6760001182556152,3.73799991607666,2.7448315620422363,22998000,
2013-7-1,3.7850000858306885,3.7869999408721924,3.7339999675750732,3.760999917984009,2.761720657348633,27147000,
2013-7-2,3.7950000762939453,3.8980000019073486,3.7820000648498535,3.8480000495910645,2.8256046772003174,40377000,
2013-7-3,3.8389999866485596,3.88700008392334,3.812999963760376,3.8589999675750732,2.8336830139160156,15203000,
2013-7-5,3.861999988555908,3.9179999828338623,3.815999984741211,3.88100004196167,2.849837303161621,14447000,
2013-7-8,3.8929998874664307,3.9030001163482666,3.7190001010894775,3.7269999980926514,2.736754894256592,22643000,
2013-7-9,3.7720000743865967,3.796999931335449,3.73799991607666,3.757999897003174,2.7595176696777344,13855000,
2013-7-10,3.757999897003174,3.8350000381469727,3.74399995803833,3.8329999446868896,2.8145904541015625,17363000,
2013-7-11,3.753000020980835,3.859999895095825,3.747999906539917,3.8589999675750732,2.8336830139160156,16769000,
2013-7-12,3.86899995803833,3.8980000019073486,3.868000030517578,3.8949999809265137,2.8601179122924805,18342000,
2013-7-15,3.8980000019073486,3.9079999923706055,3.7960000038146973,3.8010001182556152,2.7910919189453125,21551000,
2013-7-16,3.815999984741211,3.9140000343322754,3.815999984741211,3.88700008392334,2.8542425632476807,31254000,
2013-7-17,3.9010000228881836,3.9739999771118164,3.885999917984009,3.8919999599456787,2.857914924621582,23992000,
2013-7-18,3.875,3.888000011444092,3.744999885559082,3.759999990463257,2.760986328125,37050000,
2013-7-19,3.7750000953674316,3.815000057220459,3.750999927520752,3.7850000858306885,2.779343843460083,17757000,
2013-7-22,3.822999954223633,3.822999954223633,3.753999948501587,3.7790000438690186,2.774937629699707,9869000,
2013-7-23,3.808000087738037,3.815999984741211,3.750999927520752,3.760999917984009,2.761720657348633,16501000,
2013-7-24,3.7269999980926514,3.7990000247955322,3.686000108718872,3.688999891281128,2.7088499069213867,20506000,
2013-7-25,3.6500000953674316,3.697999954223633,3.630000114440918,3.690000057220459,2.7095844745635986,25512000,
2013-7-26,3.6530001163482666,3.684999942779541,3.634999990463257,3.677999973297119,2.700772762298584,12256000,
2013-7-29,3.6619999408721924,3.690000057220459,3.638000011444092,3.6589999198913574,2.686821222305298,13094000,
2013-7-30,3.674999952316284,3.700000047683716,3.634000062942505,3.684999942779541,2.7059130668640137,11651000,
2013-7-31,3.7009999752044678,3.7060000896453857,3.6559998989105225,3.6679999828338623,2.693429708480835,13124000,
2013-8-1,3.703000068664551,3.752000093460083,3.683000087738037,3.740000009536743,2.7462997436523438,19499000,
2013-8-2,3.7290000915527344,3.749000072479248,3.693000078201294,3.749000072479248,2.752908945083618,15183000,
2013-8-5,3.7219998836517334,3.740000009536743,3.696000099182129,3.7019999027252197,2.7183961868286133,11773000,
2013-8-6,3.693000078201294,3.694999933242798,3.6700000762939453,3.686000108718872,2.706648111343384,10730000,
2013-8-7,3.697000026702881,3.7309999465942383,3.6679999828338623,3.7290000915527344,2.738222599029541,18035000,
2013-8-8,3.759999990463257,3.759999990463257,3.7279999256134033,3.7320001125335693,2.7404258251190186,19396000,
2013-8-9,3.7179999351501465,3.7239999771118164,3.6740000247955322,3.683000087738037,2.704444408416748,13858000,
2013-8-12,3.684000015258789,3.7799999713897705,3.6740000247955322,3.7699999809265137,2.7683298587799072,9880000,
2013-8-13,3.7839999198913574,3.812000036239624,3.7320001125335693,3.802000045776367,2.7918267250061035,13754000,
2013-8-14,3.7899999618530273,3.7939999103546143,3.7149999141693115,3.7219998836517334,2.7330825328826904,15271000,
2013-8-15,3.614000082015991,3.694000005722046,3.575000047683716,3.6019999980926514,2.6449649333953857,25111000,
2013-8-16,3.5969998836517334,3.634999990463257,3.5889999866485596,3.625,2.661855459213257,13543000,
2013-8-19,3.631999969482422,3.6410000324249268,3.6080000400543213,3.625,2.661855459213257,23389000,
2013-8-20,3.634000062942505,3.7100000381469727,3.628000020980835,3.678999900817871,2.701507091522217,17417000,
2013-8-21,3.6640000343322754,3.6989998817443848,3.638000011444092,3.6589999198913574,2.686821222305298,14425000,
2013-8-22,3.621999979019165,3.7130000591278076,3.6080000400543213,3.6610000133514404,2.688290596008301,9940000,
2013-8-23,3.678999900817871,3.7049999237060547,3.6480000019073486,3.6740000247955322,2.69783616065979,18312000,
2013-8-26,3.694999933242798,3.7720000743865967,3.684999942779541,3.747999906539917,2.7521748542785645,13890000,
2013-8-27,3.7839999198913574,3.7839999198913574,3.634999990463257,3.6549999713897705,2.6838836669921875,29863000,
2013-8-28,3.8929998874664307,3.944999933242798,3.7899999618530273,3.828000068664551,2.8109190464019775,67806000,
2013-8-29,3.8399999141693115,3.9000000953674316,3.812999963760376,3.8949999809265137,2.8601179122924805,35955000,
2013-8-30,3.8959999084472656,3.8989999294281006,3.8289999961853027,3.8510000705718994,2.827807664871216,25073000,
2013-9-3,3.881999969482422,3.9130001068115234,3.803999900817871,3.8350000381469727,2.8160595893859863,17351000,
2013-9-4,3.8580000400543213,3.9130001068115234,3.815999984741211,3.8980000019073486,2.8623197078704834,12588000,
2013-9-5,3.9149999618530273,3.9200000762939453,3.871999979019165,3.878999948501587,2.8483688831329346,14372000,
2013-9-6,3.9179999828338623,3.9179999828338623,3.822999954223633,3.8559999465942383,2.8314788341522217,17155000,
2013-9-9,3.88700008392334,3.9000000953674316,3.86299991607666,3.877000093460083,2.8468997478485107,16364000,
2013-9-10,3.9000000953674316,3.9670000076293945,3.8949999809265137,3.9660000801086426,2.9122531414031982,24344000,
2013-9-11,3.9230000972747803,3.947000026702881,3.868000030517578,3.924999952316284,2.882145404815674,23927000,
2013-9-12,3.933000087738037,3.944999933242798,3.8610000610351562,3.9030001163482666,2.865992546081543,20006000,
2013-9-13,3.9159998893737793,3.927999973297119,3.869999885559082,3.8989999294281006,2.863053798675537,14480000,
2013-9-16,3.937000036239624,3.9679999351501465,3.9040000438690186,3.927999973297119,2.8843495845794678,21556000,
2013-9-17,3.9749999046325684,4.035999774932861,3.950000047683716,4.01200008392334,2.9633820056915283,37247000,0.023
2013-9-18,4.021999835968018,4.067999839782715,3.9839999675750732,4.066999912261963,3.00400710105896,23648000,
2013-9-19,4.074999809265137,4.079999923706055,4.014999866485596,4.074999809265137,3.0099165439605713,25017000,
2013-9-20,4.116000175476074,4.257999897003174,4.083000183105469,4.1620001792907715,3.0741772651672363,87192000,
2013-9-23,4.257999897003174,4.269000053405762,4.14900016784668,4.186999797821045,3.092642307281494,29711000,
2013-9-24,4.184999942779541,4.258999824523926,4.164000034332275,4.241000175476074,3.13252854347229,29753000,
2013-9-25,4.251999855041504,4.260000228881836,4.142000198364258,4.2210001945495605,3.1177568435668945,20584000,
2013-9-26,4.247000217437744,4.265999794006348,4.203999996185303,4.2270002365112305,3.122187852859497,16874000,
2013-9-27,4.210999965667725,4.2769999504089355,4.184000015258789,4.269999980926514,3.153949022293091,21998000,
2013-9-30,4.210000038146973,4.328999996185303,4.197000026702881,4.308000087738037,3.1820170879364014,35229000,
2013-10-1,4.314000129699707,4.36299991607666,4.297999858856201,4.3420000076293945,3.2071306705474854,27411000,
2013-10-2,4.307000160217285,4.34499979019165,4.294000148773193,4.341000080108643,3.2063918113708496,17366000,
2013-10-3,4.339000225067139,4.359000205993652,4.2829999923706055,4.329999923706055,3.1982665061950684,22817000,
2013-10-4,4.3420000076293945,4.373000144958496,4.328999996185303,4.349999904632568,3.2130401134490967,17246000,
2013-10-7,4.349999904632568,4.349999904632568,4.288000106811523,4.300000190734863,3.1761083602905273,14587000,
2013-10-8,4.310999870300293,4.3470001220703125,4.236000061035156,4.260000228881836,3.1465632915496826,21682000,
2013-10-9,4.296999931335449,4.306000232696533,4.183000087738037,4.21999979019165,3.1170172691345215,27594000,
2013-10-10,4.330999851226807,4.367000102996826,4.257999897003174,4.35099983215332,3.213778257369995,32464000,
2013-10-11,4.324999809265137,4.349999904632568,4.2779998779296875,4.328999996185303,3.1975278854370117,18979000,
2013-10-14,4.313000202178955,4.431000232696533,4.301000118255615,4.422999858856201,3.2669596672058105,20183000,
2013-10-15,4.427000045776367,4.443999767303467,4.357999801635742,4.374000072479248,3.2307655811309814,18761000,
2013-10-16,4.4079999923706055,4.460000038146973,4.38700008392334,4.449999809265137,3.286903142929077,16999000,
2013-10-17,4.408999919891357,4.513000011444092,4.400000095367432,4.510000228881836,3.331221103668213,23286000,
2013-10-18,4.627999782562256,4.627999782562256,4.505000114440918,4.605999946594238,3.4021289348602295,27417000,
2013-10-21,4.614999771118164,4.7210001945495605,4.605000019073486,4.704999923706055,3.475252628326416,43360000,
2013-10-22,4.705999851226807,4.705999851226807,4.645999908447266,4.686999797821045,3.461958646774292,47814000,
2013-10-23,4.651000022888184,4.6570000648498535,4.4710001945495605,4.539000034332275,3.3526411056518555,56673000,
2013-10-24,4.5279998779296875,4.570000171661377,4.495999813079834,4.548999786376953,3.3600263595581055,30021000,
2013-10-25,4.51800012588501,4.590000152587891,4.51800012588501,4.563000202178955,3.3703672885894775,21912000,
2013-10-28,4.534999847412109,4.574999809265137,4.521999835968018,4.551000118255615,3.3615047931671143,19048000,
2013-10-29,4.586999893188477,4.627999782562256,4.558000087738037,4.579999923706055,3.382925033569336,22162000,
2013-10-30,4.605999946594238,4.605999946594238,4.440000057220459,4.485000133514404,3.3127546310424805,20740000,
2013-10-31,4.5,4.560999870300293,4.5,4.543000221252441,3.355595111846924,17394000,
2013-11-1,4.578999996185303,4.589000225067139,4.456999778747559,4.4720001220703125,3.303152561187744,22074000,
2013-11-4,4.508999824523926,4.53000020980835,4.460000038146973,4.504000186920166,3.3267881870269775,13911000,
2013-11-5,4.504000186920166,4.519999980926514,4.459000110626221,4.502999782562256,3.326049566268921,12484000,
2013-11-6,4.51800012588501,4.548999786376953,4.497000217437744,4.5370001792907715,3.351163625717163,10405000,
2013-11-7,4.535999774932861,4.550000190734863,4.357999801635742,4.366000175476074,3.224856376647949,32309000,
2013-11-8,4.373000144958496,4.439000129699707,4.309999942779541,4.434999942779541,3.275822877883911,36069000,
2013-11-11,4.443999767303467,4.458000183105469,4.388999938964844,4.421000003814697,3.26548171043396,9140000,
2013-11-12,4.455999851226807,4.51800012588501,4.431000232696533,4.513000011444092,3.3334364891052246,13438000,
2013-11-13,4.434999942779541,4.538000106811523,4.434999942779541,4.538000106811523,3.3519012928009033,9863000,
2013-11-14,4.489999771118164,4.508999824523926,4.257999897003174,4.295000076293945,3.172415018081665,59660000,
2013-11-15,4.297999858856201,4.480999946594238,4.289000034332275,4.460999965667725,3.2950282096862793,48369000,
2013-11-18,4.460999965667725,4.4720001220703125,4.386000156402588,4.395999908447266,3.2470154762268066,13463000,
2013-11-19,4.383999824523926,4.425000190734863,4.293000221252441,4.295000076293945,3.172415018081665,12296000,
2013-11-20,4.324999809265137,4.326000213623047,4.244999885559082,4.269999980926514,3.153949022293091,11085000,
2013-11-21,4.293000221252441,4.322000026702881,4.271999835968018,4.304999828338623,3.1798014640808105,15434000,
2013-11-22,4.306000232696533,4.3520002365112305,4.295000076293945,4.329999923706055,3.1982665061950684,11219000,
2013-11-25,4.39300012588501,4.400000095367432,4.340000152587891,4.370999813079834,3.228551149368286,16001000,
2013-11-26,4.379000186920166,4.486000061035156,4.355000019073486,4.474999904632568,3.3053669929504395,18712000,
2013-11-27,4.449999809265137,4.480999946594238,4.373000144958496,4.4670000076293945,3.299459457397461,19086000,
2013-11-29,4.499000072479248,4.508999824523926,4.466000080108643,4.4730000495910645,3.3038923740386963,11401000,
2013-12-2,4.548999786376953,4.620999813079834,4.49399995803833,4.5,3.3238327503204346,24454000,
2013-12-3,4.493000030517578,4.497000217437744,4.460999965667725,4.478000164031982,3.307584285736084,16189000,
2013-12-4,4.447999954223633,4.489999771118164,4.441999912261963,4.449999809265137,3.286903142929077,26443000,
2013-12-5,4.552999973297119,4.76800012588501,4.50600004196167,4.758999824523926,3.515139102935791,45947000,
2013-12-6,4.830999851226807,4.830999851226807,4.695000171661377,4.696000099182129,3.468604564666748,27552000,
2013-12-9,4.709000110626221,4.754000186920166,4.65500020980835,4.736999988555908,3.498889207839966,20719000,
2013-12-10,4.736999988555908,4.741000175476074,4.6479997634887695,4.659999847412109,3.4420149326324463,15997000,
2013-12-11,4.676000118255615,4.698999881744385,4.605999946594238,4.611000061035156,3.4058220386505127,13005000,
2013-12-12,4.644999980926514,4.64900016784668,4.572999954223633,4.574999809265137,3.3792316913604736,13678000,
2013-12-13,4.603000164031982,4.614999771118164,4.560999870300293,4.565000057220459,3.371845245361328,15876000,
2013-12-16,4.9710001945495605,5.054999828338623,4.835999965667725,5.010000228881836,3.7005350589752197,121534000,
2013-12-17,5.034999847412109,5.453999996185303,5.03000020980835,5.355999946594238,3.9561026096343994,87230000,
2013-12-18,5.34499979019165,5.34499979019165,5.201000213623047,5.315000057220459,3.9442265033721924,42787000,0.025
2013-12-19,5.295000076293945,5.301000118255615,5.13100004196167,5.144000053405762,3.8173298835754395,30366000,
2013-12-20,5.14300012588501,5.202000141143799,5.132999897003174,5.164999961853027,3.8329131603240967,28889000,
2013-12-23,5.228000164031982,5.228000164031982,5.179999828338623,5.205999851226807,3.863339900970459,12988000,
2013-12-24,5.230999946594238,5.2789998054504395,5.223999977111816,5.26200008392334,3.904895544052124,7448000,
2013-12-26,5.2829999923706055,5.295000076293945,5.245999813079834,5.271999835968018,3.91231632232666,7010000,
2013-12-27,5.289000034332275,5.306000232696533,5.261000156402588,5.2779998779296875,3.916769504547119,8043000,
2013-12-30,5.2789998054504395,5.284999847412109,5.218999862670898,5.269999980926514,3.9108357429504395,10962000,
2013-12-31,5.2870001792907715,5.329999923706055,5.254000186920166,5.288000106811523,3.924191474914551,8655000,
2014-1-2,5.284999847412109,5.288000106811523,5.189000129699707,5.264999866485596,3.907123327255249,14537000,
2014-1-3,5.244999885559082,5.296000003814697,5.196000099182129,5.284999847412109,3.921964406967163,11661000,
2014-1-6,5.28000020980835,5.340000152587891,5.243000030517578,5.249000072479248,3.8952484130859375,12634000,
2014-1-7,5.2820000648498535,5.306000232696533,5.249000072479248,5.298999786376953,3.9323549270629883,13359000,
2014-1-8,5.310999870300293,5.392000198364258,5.285999774932861,5.377999782562256,3.9909791946411133,22968000,
2014-1-9,5.400000095367432,5.416999816894531,5.276000022888184,5.322999954223633,3.9501640796661377,12339000,
2014-1-10,5.394000053405762,5.4019999504089355,5.2870001792907715,5.329999923706055,3.9553582668304443,16691000,
2014-1-13,5.361999988555908,5.377999782562256,5.238999843597412,5.263999938964844,3.906381368637085,13944000,
2014-1-14,5.331999778747559,5.584000110626221,5.27400016784668,5.5269999504089355,4.1015520095825195,34855000,
2014-1-15,5.567999839782715,5.7179999351501465,5.552000045776367,5.697000026702881,4.22770881652832,27187000,
2014-1-16,5.676000118255615,5.696000099182129,5.514999866485596,5.543000221252441,4.113424301147461,24084000,
2014-1-17,5.526000022888184,5.642000198364258,5.5229997634887695,5.613999843597412,4.166111946105957,31181000,
2014-1-21,5.660999774932861,5.682000160217285,5.5879998207092285,5.611000061035156,4.1638875007629395,16597000,
2014-1-22,5.619999885559082,5.7179999351501465,5.585000038146973,5.715000152587891,4.24106502532959,25526000,
2014-1-23,5.672999858856201,5.715000152587891,5.573999881744385,5.605000019073486,4.159434795379639,15551000,
2014-1-24,5.570000171661377,5.598999977111816,5.414999961853027,5.448999881744385,4.0436692237854,17426000,
2014-1-27,5.461999893188477,5.525000095367432,5.374000072479248,5.445000171661377,4.0406999588012695,21031000,
2014-1-28,5.440000057220459,5.480000019073486,5.296000003814697,5.4720001220703125,4.060735702514648,25223000,
2014-1-29,5.394000053405762,5.593999862670898,5.336999893188477,5.4070000648498535,4.012499809265137,23974000,
2014-1-30,5.48199987411499,5.5269999504089355,5.408999919891357,5.505000114440918,4.085225582122803,11989000,
2014-1-31,5.382999897003174,5.5289998054504395,5.382999897003174,5.464000225067139,4.054800987243652,15784000,
2014-2-3,5.480000019073486,5.517000198364258,5.296000003814697,5.326000213623047,3.952389717102051,11421000,
2014-2-4,5.35099983215332,5.415999889373779,5.309999942779541,5.401000022888184,4.008047580718994,13487000,
2014-2-5,5.372000217437744,5.4730000495910645,5.318999767303467,5.3979997634887695,4.005820274353027,9017000,
2014-2-6,5.39900016784668,5.586999893188477,5.361999988555908,5.519999980926514,4.0963568687438965,18053000,
2014-2-7,5.546999931335449,5.684000015258789,5.513000011444092,5.6570000648498535,4.198023796081543,17039000,
2014-2-10,5.61899995803833,5.6479997634887695,5.557000160217285,5.63100004196167,4.178729057312012,12347000,
2014-2-11,5.619999885559082,5.815999984741211,5.61899995803833,5.807000160217285,4.309340000152588,17344000,
2014-2-12,5.820000171661377,5.980000019073486,5.820000171661377,5.894000053405762,4.373898983001709,25864000,
2014-2-13,5.743000030517578,5.951000213623047,5.73799991607666,5.9079999923706055,4.384289264678955,22614000,
2014-2-14,5.75,5.8379998207092285,5.74399995803833,5.808000087738037,4.310080051422119,28180000,
2014-2-18,5.85099983215332,5.85099983215332,5.7729997634887695,5.836999893188477,4.331602096557617,15872000,
2014-2-19,5.818999767303467,5.8420000076293945,5.749000072479248,5.769999980926514,4.281879901885986,14598000,
2014-2-20,5.803999900817871,5.9029998779296875,5.769999980926514,5.900000095367432,4.378350734710693,22282000,
2014-2-21,5.942999839782715,5.949999809265137,5.840000152587891,5.855000019073486,4.344958305358887,17998000,
2014-2-24,5.85099983215332,5.999000072479248,5.85099983215332,5.956999778747559,4.420652389526367,20672000,
2014-2-25,6,6,5.839000225067139,5.900000095367432,4.378350734710693,26929000,
2014-2-26,6,6.348999977111816,5.997000217437744,6.190000057220459,4.593558311462402,49125000,
2014-2-27,6.11899995803833,6.2220001220703125,6.078000068664551,6.138000011444092,4.5549702644348145,16460000,
2014-2-28,6.114999771118164,6.197000026702881,6.078999996185303,6.170000076293945,4.578718185424805,15225000,
2014-3-3,6.114999771118164,6.247000217437744,6.085000038146973,6.173999786376953,4.5816874504089355,15340000,
2014-3-4,6.25,6.409999847412109,6.228000164031982,6.335000038146973,4.701163291931152,36761000,
2014-3-5,6.315999984741211,6.422999858856201,6.294000148773193,6.308000087738037,4.681127071380615,24656000,
2014-3-6,6.328999996185303,6.390999794006348,6.304999828338623,6.363999843597412,4.722683429718018,12162000,
2014-3-7,6.394999980926514,6.394999980926514,6.244999885559082,6.275000095367432,4.656637668609619,15133000,
2014-3-10,6.293000221252441,6.3420000076293945,6.247000217437744,6.28000020980835,4.660348415374756,13519000,
2014-3-11,6.297999858856201,6.364999771118164,6.181000232696533,6.202000141143799,4.602463245391846,16191000,
2014-3-12,6.177000045776367,6.330999851226807,6.045000076293945,6.317999839782715,4.688547134399414,23598000,
2014-3-13,6.340000152587891,6.449999809265137,6.203999996185303,6.26800012588501,4.6514434814453125,35377000,
2014-3-14,6.2769999504089355,6.324999809265137,6.2210001945495605,6.26800012588501,4.6514434814453125,13939000,
2014-3-17,6.302999973297119,6.39900016784668,6.276000022888184,6.341000080108643,4.705615997314453,13968000,
2014-3-18,6.324999809265137,6.401000022888184,6.2789998054504395,6.381999969482422,4.756292343139648,13109000,0.027
2014-3-19,6.401000022888184,6.48799991607666,6.379000186920166,6.440999984741211,4.80026388168335,17558000,
2014-3-20,6.432000160217285,6.539000034332275,6.429999828338623,6.531000137329102,4.867338180541992,19966000,
2014-3-21,6.564000129699707,6.583000183105469,6.363999843597412,6.389999866485596,4.762256145477295,23267000,
2014-3-24,6.4029998779296875,6.435999870300293,6.235000133514404,6.315999984741211,4.707106590270996,24811000,
2014-3-25,6.36899995803833,6.498000144958496,6.328000068664551,6.400000095367432,4.769708633422852,16145000,
2014-3-26,6.439000129699707,6.48799991607666,6.211999893188477,6.281000137329102,4.681020259857178,28414000,
2014-3-27,6.2769999504089355,6.310999870300293,6.184000015258789,6.2779998779296875,4.678785800933838,25247000,
2014-3-28,6.298999786376953,6.4679999351501465,6.2870001792907715,6.410999774932861,4.77790641784668,14330000,
2014-3-31,6.449999809265137,6.5329999923706055,6.423999786376953,6.440999984741211,4.80026388168335,14819000,
2014-4-1,6.454999923706055,6.526000022888184,6.421999931335449,6.505000114440918,4.847961902618408,21962000,
2014-4-2,6.473999977111816,6.531000137329102,6.383999824523926,6.464000225067139,4.81740665435791,20979000,
2014-4-3,6.473999977111816,6.558000087738037,6.3470001220703125,6.39300012588501,4.764492511749268,21592000,
2014-4-4,6.455999851226807,6.473999977111816,6.004000186920166,6.179999828338623,4.605749607086182,38830000,
2014-4-7,6.099999904632568,6.193999767303467,5.882999897003174,6.035999774932861,4.498429775238037,43274000,
2014-4-8,6.061999797821045,6.0980000495910645,6.005000114440918,6.017000198364258,4.48427152633667,22055000,
2014-4-9,6.104000091552734,6.25600004196167,6.104000091552734,6.247000217437744,4.65568208694458,19256000,
2014-4-10,6.255000114440918,6.255000114440918,5.961999893188477,5.986000061035156,4.461167335510254,20396000,
2014-4-11,5.927000045776367,5.995999813079834,5.8460001945495605,5.853000164031982,4.3620476722717285,21903000,
2014-4-14,5.84499979019165,5.956999778747559,5.810999870300293,5.881999969482422,4.383659362792969,19419000,
2014-4-15,5.906000137329102,5.935999870300293,5.7270002365112305,5.894000053405762,4.392604351043701,25014000,
2014-4-16,5.946000099182129,5.946000099182129,5.810999870300293,5.931000232696533,4.420178413391113,17916000,
2014-4-17,5.934000015258789,6.165999889373779,5.892000198364258,6.089000225067139,4.537930488586426,19092000,
2014-4-21,6.0970001220703125,6.2179999351501465,6.081999778747559,6.189000129699707,4.612457752227783,12560000,
2014-4-22,6.160999774932861,6.379000186920166,6.160999774932861,6.343999862670898,4.727972507476807,22830000,
2014-4-23,6.3979997634887695,6.460999965667725,6.377999782562256,6.460000038146973,4.814424514770508,26984000,
2014-4-24,6.543000221252441,6.547999858856201,6.354000091552734,6.538000106811523,4.872554302215576,27519000,
2014-4-25,6.485000133514404,6.502999782562256,6.218999862670898,6.234000205993652,4.645994663238525,19266000,
2014-4-28,6.290999889373779,6.291999816894531,6.0320000648498535,6.078000068664551,4.529732704162598,30708000,
2014-4-29,6.0980000495910645,6.15500020980835,6.000999927520752,6.0920000076293945,4.540165901184082,21656000,
2014-4-30,6.110000133514404,6.367000102996826,6.0370001792907715,6.349999904632568,4.732445240020752,25375000,
2014-5-1,6.291999816894531,6.489999771118164,6.257999897003174,6.348999977111816,4.7316999435424805,18863000,
2014-5-2,6.4720001220703125,6.499000072479248,6.317999839782715,6.427000045776367,4.789828777313232,13407000,
2014-5-5,6.38700008392334,6.445000171661377,6.302000045776367,6.425000190734863,4.788341045379639,13529000,
2014-5-6,6.793000221252441,6.808000087738037,6.625,6.734000205993652,5.0186262130737305,127802000,
2014-5-7,6.775000095367432,6.861000061035156,6.635000228881836,6.681000232696533,4.979129314422607,560280000,
2014-5-8,6.681000232696533,6.89300012588501,6.671000003814697,6.795000076293945,5.064088344573975,53700000,
2014-5-9,6.791999816894531,6.855999946594238,6.668000221252441,6.741000175476074,5.0238447189331055,38700000,
2014-5-12,6.793000221252441,6.918000221252441,6.741000175476074,6.913000106811523,5.152030944824219,27394000,
2014-5-13,6.927000045776367,6.934000015258789,6.855999946594238,6.875999927520752,5.124454498291016,23021000,
2014-5-14,6.854000091552734,6.960000038146973,6.755000114440918,6.85099983215332,5.105823516845703,30243000,
2014-5-15,6.867000102996826,6.894999980926514,6.710999965667725,6.793000221252441,5.06259822845459,32093000,
2014-5-16,6.809000015258789,6.89300012588501,6.73199987411499,6.8480000495910645,5.103587627410889,52044000,
2014-5-19,6.909999847412109,6.940999984741211,6.814000129699707,6.831999778747559,5.091663837432861,37789000,
2014-5-20,6.835999965667725,6.8379998207092285,6.691999912261963,6.751999855041504,5.032041549682617,29085000,
2014-5-21,6.751999855041504,6.843999862670898,6.736999988555908,6.841000080108643,5.0983710289001465,16896000,
2014-5-22,6.8429999351501465,6.921999931335449,6.788000106811523,6.868000030517578,5.118491172790527,15679000,
2014-5-23,6.9120001792907715,7.060999870300293,6.873000144958496,7.054999828338623,5.257857799530029,32017000,
2014-5-27,7.103000164031982,7.127999782562256,7.0320000648498535,7.0929999351501465,5.286177635192871,31637000,
2014-5-28,7.054999828338623,7.074999809265137,6.984000205993652,7.010000228881836,5.224323272705078,34927000,
2014-5-29,7.047999858856201,7.085000038146973,6.980999946594238,7.078999996185303,5.275745391845703,27566000,
2014-5-30,7.184999942779541,7.199999809265137,6.940999984741211,7.066999912261963,5.266800880432129,38938000,
2014-6-2,7.120999813079834,7.199999809265137,7.059999942779541,7.164000034332275,5.339093208312988,26599000,
2014-6-3,7.132999897003174,7.208000183105469,7.084000110626221,7.144999980926514,5.324933052062988,22308000,
2014-6-4,7.125999927520752,7.185999870300293,7.113999843597412,7.160999774932861,5.336855888366699,19379000,
2014-6-5,7.151000022888184,7.199999809265137,7.123000144958496,7.186999797821045,5.3562331199646,27288000,
2014-6-6,7.228000164031982,7.235000133514404,7.124000072479248,7.163000106811523,5.338347434997559,15866000,
2014-6-9,7.188000202178955,7.25,7.146999835968018,7.178999900817871,5.350271224975586,17420000,
2014-6-10,7.175000190734863,7.224999904632568,7.150000095367432,7.185999870300293,5.355488300323486,16409000,
2014-6-11,7.166999816894531,7.238999843597412,7.135000228881836,7.175000190734863,5.3472900390625,24943000,
2014-6-12,7.133999824523926,7.203999996185303,7.119999885559082,7.176000118255615,5.348036766052246,13604000,
2014-6-13,7.2179999351501465,7.244999885559082,7.091000080108643,7.142000198364258,5.322697639465332,13508000,
2014-6-16,7.146999835968018,7.193999767303467,7.059999942779541,7.0879998207092285,5.2824506759643555,15668000,
2014-6-17,7.059000015258789,7.1620001792907715,7.059000015258789,7.1479997634887695,5.349053859710693,13817000,0.029
2014-6-18,7.1579999923706055,7.188000202178955,7.054999828338623,7.122000217437744,5.329596042633057,13833000,
2014-6-19,7.11299991607666,7.131999969482422,7.033999919891357,7.0929999351501465,5.307895183563232,12734000,
2014-6-20,7.116000175476074,7.195000171661377,7.086999893188477,7.1570000648498535,5.3557891845703125,21834000,
2014-6-23,7.160999774932861,7.196000099182129,7.078999996185303,7.124000072479248,5.331093788146973,13349000,
2014-6-24,7.177999973297119,7.230000019073486,7.063000202178955,7.066999912261963,5.2884392738342285,15304000,
2014-6-25,7.058000087738037,7.170000076293945,7.00600004196167,7.163000106811523,5.36027717590332,12827000,
2014-6-26,7.171999931335449,7.186999797821045,7.038000106811523,7.0960001945495605,5.310141563415527,8126000,
2014-6-27,7.073999881744385,7.117000102996826,7.025000095367432,7.093999862670898,5.308643817901611,16935000,
2014-6-30,7.0920000076293945,7.206999778747559,7.0920000076293945,7.206999778747559,5.3932037353515625,17773000,
2014-7-1,7.248000144958496,7.413000106811523,7.235000133514404,7.4029998779296875,5.539876461029053,21429000,
2014-7-2,7.357999801635742,7.460000038146973,7.357999801635742,7.432000160217285,5.561578273773193,16081000,
2014-7-3,7.4670000076293945,7.5370001792907715,7.440999984741211,7.51800012588501,5.625936031341553,7994000,
2014-7-7,7.543000221252441,7.554999828338623,7.442999839782715,7.453000068664551,5.577293395996094,19066000,
2014-7-8,7.433000087738037,7.449999809265137,7.210000038146973,7.339000225067139,5.491983890533447,19169000,
2014-7-9,7.366000175476074,7.422999858856201,7.309000015258789,7.422999858856201,5.554844379425049,9798000,
2014-7-10,7.206999778747559,7.354000091552734,7.204999923706055,7.315000057220459,5.474023818969727,15479000,
2014-7-11,7.327000141143799,7.3480000495910645,7.267000198364258,7.320000171661377,5.477766036987305,12517000,
2014-7-14,7.456999778747559,7.489999771118164,7.341000080108643,7.4039998054504395,5.540624618530273,12242000,
2014-7-15,7.401000022888184,7.438000202178955,7.269000053405762,7.3420000076293945,5.494227886199951,14556000,
2014-7-16,7.310999870300293,7.438000202178955,7.275000095367432,7.364999771118164,5.511439800262451,15180000,
2014-7-17,7.326000213623047,7.367000102996826,7.165999889373779,7.190000057220459,5.380483627319336,17816000,
2014-7-18,7.27400016784668,7.526000022888184,7.261000156402588,7.5,5.612464427947998,33949000,
2014-7-21,7.452000141143799,7.550000190734863,7.448999881744385,7.541999816894531,5.643894195556641,15368000,
2014-7-22,7.558000087738037,7.644000053405762,7.53000020980835,7.539000034332275,5.64164924621582,23997000,
2014-7-23,7.570000171661377,7.571000099182129,7.359000205993652,7.36299991607666,5.509945869445801,24450000,
2014-7-24,7.369999885559082,7.388999938964844,7.2270002365112305,7.250999927520752,5.426131725311279,20676000,
2014-7-25,7.228000164031982,7.230000019073486,6.9710001945495605,6.992000102996826,5.2323150634765625,36838000,
2014-7-28,7.001999855041504,7.074999809265137,6.914000034332275,7.051000118255615,5.276464939117432,31813000,
2014-7-29,7.039999961853027,7.117000102996826,6.984000205993652,6.98799991607666,5.229320526123047,19111000,
2014-7-30,7.09499979019165,7.104000091552734,6.9720001220703125,7.051000118255615,5.276464939117432,17545000,
2014-7-31,7.000999927520752,7.03000020980835,6.880000114440918,6.938000202178955,5.1919050216674805,18476000,
2014-8-1,6.992000102996826,7.071000099182129,6.870999813079834,7.044000148773193,5.271228313446045,19141000,
2014-8-4,7.0320000648498535,7.159999847412109,6.993000030517578,7.133999824523926,5.3385772705078125,15452000,
2014-8-5,7.081999778747559,7.142000198364258,6.984000205993652,7.01200008392334,5.247280597686768,15388000,
2014-8-6,6.980000019073486,7.0970001220703125,6.97599983215332,7.0289998054504395,5.2600016593933105,10354000,
2014-8-7,7.089000225067139,7.089000225067139,6.945000171661377,6.9629998207092285,5.210611820220947,11222000,
2014-8-8,6.9730000495910645,7.050000190734863,6.932000160217285,7.043000221252441,5.270480155944824,12822000,
2014-8-11,7.051000118255615,7.144999980926514,7.051000118255615,7.081999778747559,5.299663066864014,14173000,
2014-8-12,7.089000225067139,7.138999938964844,7.046000003814697,7.114999771118164,5.3243560791015625,9421000,
2014-8-13,7.163000106811523,7.2129998207092285,7.107999801635742,7.197000026702881,5.3857221603393555,10836000,
2014-8-14,7.26800012588501,7.422999858856201,7.26800012588501,7.383999824523926,5.525659561157227,18997000,
2014-8-15,7.453999996185303,7.488999843597412,7.3420000076293945,7.479000091552734,5.596749782562256,21143000,
2014-8-18,7.531000137329102,7.539999961853027,7.434999942779541,7.5370001792907715,5.640152454376221,12531000,
2014-8-19,7.558000087738037,7.6620001792907715,7.543000221252441,7.561999797821045,5.658860683441162,18734000,
2014-8-20,7.566999912261963,7.650000095367432,7.564000129699707,7.638000011444092,5.715734004974365,11375000,
2014-8-21,7.61299991607666,7.664000034332275,7.574999809265137,7.626999855041504,5.707502841949463,15550000,
2014-8-22,7.651000022888184,7.651000022888184,7.551000118255615,7.620999813079834,5.703012466430664,15837000,
2014-8-25,7.699999809265137,7.7210001945495605,7.541999816894531,7.577000141143799,5.67008638381958,17100000,
2014-8-26,7.585999965667725,7.614999771118164,7.5269999504089355,7.5960001945495605,5.684305667877197,13544000,
2014-8-27,7.599999904632568,7.651000022888184,7.551000118255615,7.616000175476074,5.699269771575928,13434000,
2014-8-28,7.553999900817871,7.64900016784668,7.494999885559082,7.636000156402588,5.714238166809082,18587000,
2014-8-29,8.182000160217285,8.479999542236328,7.650000095367432,8.208999633789062,6.14302921295166,62934000,
2014-9-2,8.29699993133545,8.513999938964844,8.239999771118164,8.501999855041504,6.362288951873779,41604000,
2014-9-3,8.527000427246094,8.619000434875488,8.449999809265137,8.538999557495117,6.389979362487793,32681000,
2014-9-4,8.553000450134277,8.725000381469727,8.54699993133545,8.609000205993652,6.442362308502197,28061000,
2014-9-5,8.63599967956543,8.805999755859375,8.625,8.788000106811523,6.5763139724731445,26594000,
2014-9-8,8.807000160217285,8.967000007629395,8.751999855041504,8.819000244140625,6.599510669708252,28949000,
2014-9-9,8.838000297546387,8.91100025177002,8.795999526977539,8.840999603271484,6.615973949432373,21896000,
2014-9-10,8.82800006866455,8.90999984741211,8.772000312805176,8.899999618530273,6.660125732421875,18855000,
2014-9-11,8.890999794006348,8.91100025177002,8.781999588012695,8.906999588012695,6.665360927581787,17888000,
2014-9-12,8.901000022888184,8.906999588012695,8.739999771118164,8.78499984741211,6.574067115783691,18244000,
2014-9-15,8.814000129699707,8.824000358581543,8.626999855041504,8.670999526977539,6.488758563995361,15998000,
2014-9-16,8.63700008392334,8.82699966430664,8.567000389099121,8.791999816894531,6.579306602478027,21146000,
2014-9-17,8.79699993133545,8.843000411987305,8.737000465393066,8.77400016784668,6.58981990814209,15653000,0.032
2014-9-18,8.817999839782715,8.95300006866455,8.803000450134277,8.95199966430664,6.723509788513184,18165000,
2014-9-19,9.012999534606934,9.088000297546387,8.890000343322754,8.90999984741211,6.691965579986572,41834000,
2014-9-22,8.86400032043457,8.916999816894531,8.642000198364258,8.718000411987305,6.547762393951416,23869000,
2014-9-23,8.701000213623047,8.795000076293945,8.637999534606934,8.755999565124512,6.576300621032715,20829000,
2014-9-24,8.769000053405762,8.904999732971191,8.734999656677246,8.902000427246094,6.6859564781188965,14503000,
2014-9-25,8.883999824523926,8.883999824523926,8.57699966430664,8.645999908447266,6.493685722351074,17940000,
2014-9-26,8.654999732971191,8.765999794006348,8.645999908447266,8.75,6.5717926025390625,9834000,
2014-9-29,8.640999794006348,8.730999946594238,8.607000350952148,8.711000442504883,6.542503833770752,9826000,
2014-9-30,8.76099967956543,8.791999816894531,8.619999885559082,8.699999809265137,6.534244537353516,14885000,
2014-10-1,8.711999893188477,8.711999893188477,8.484000205993652,8.553999900817871,6.424586772918701,22257000,
2014-10-2,8.508000373840332,8.539999961853027,8.083999633789062,8.321000099182129,6.24959135055542,34278000,
2014-10-3,8.362000465393066,8.444999694824219,8.305000305175781,8.347000122070312,6.269118309020996,20650000,
2014-10-6,8.406999588012695,8.451000213623047,8.253999710083008,8.288000106811523,6.22480583190918,19536000,
2014-10-7,8.241999626159668,8.267999649047852,8.097000122070312,8.102999687194824,6.085857391357422,15266000,
2014-10-8,8.100000381469727,8.37600040435791,7.929999828338623,8.329999923706055,6.256348609924316,27681000,
2014-10-9,8.291999816894531,8.329999923706055,8.057999610900879,8.0600004196167,6.053563594818115,18880000,
2014-10-10,7.775000095367432,7.7779998779296875,6.875,7.136000156402588,5.359580039978027,105981000,
2014-10-13,7.079999923706055,7.2129998207092285,6.880000114440918,6.9039998054504395,5.185335636138916,65240000,
2014-10-14,7.205999851226807,7.290999889373779,6.906000137329102,7.202000141143799,5.40915060043335,69034000,
2014-10-15,7.026000022888184,7.34499979019165,6.986000061035156,7.255000114440918,5.448957443237305,31955000,
2014-10-16,7.066999912261963,7.609000205993652,7.050000190734863,7.559999942779541,5.678030014038086,33985000,
2014-10-17,7.742000102996826,7.96999979019165,7.683000087738037,7.715000152587891,5.794445514678955,41607000,
2014-10-20,7.666999816894531,7.806000232696533,7.579999923706055,7.798999786376953,5.857534885406494,14370000,
2014-10-21,7.89900016784668,8.246000289916992,7.895999908447266,8.23799991607666,6.18725061416626,24112000,
2014-10-22,8.248000144958496,8.298999786376953,8.072999954223633,8.086000442504883,6.073090076446533,17307000,
2014-10-23,8.21399974822998,8.289999961853027,8.112000465393066,8.137999534606934,6.1121439933776855,18205000,
2014-10-24,8.170000076293945,8.241000175476074,8.07699966430664,8.1850004196167,6.147445201873779,11269000,
2014-10-27,8.151000022888184,8.196000099182129,8.01200008392334,8.156999588012695,6.126412391662598,14977000,
2014-10-28,8.215999603271484,8.423999786376953,8.157999992370605,8.420000076293945,6.323942184448242,18230000,
2014-10-29,8.456999778747559,8.513999938964844,8.355999946594238,8.48799991607666,6.375015735626221,14214000,
2014-10-30,8.383999824523926,8.456999778747559,8.118000030517578,8.23900032043457,6.188003063201904,19976000,
2014-10-31,8.51099967956543,8.791999816894531,8.449999809265137,8.625,6.477911949157715,25461000,
2014-11-3,8.644000053405762,8.788000106811523,8.609000205993652,8.633999824523926,6.484670639038086,15941000,
2014-11-4,8.59000015258789,8.656000137329102,8.486000061035156,8.53600025177002,6.411067008972168,18288000,
2014-11-5,8.579000473022461,8.678999900817871,8.480999946594238,8.670999526977539,6.5124616622924805,14789000,
2014-11-6,8.644000053405762,8.788999557495117,8.633999824523926,8.762999534606934,6.581561088562012,17114000,
2014-11-7,8.784000396728516,8.793000221252441,8.473999977111816,8.503999710083008,6.3870344161987305,19751000,
2014-11-10,8.491999626159668,8.607999801635742,8.350000381469727,8.590999603271484,6.4523749351501465,14364000,
2014-11-11,8.583999633789062,8.628999710083008,8.538000106811523,8.616000175476074,6.47115421295166,7927000,
2014-11-12,8.590999603271484,8.729000091552734,8.560999870300293,8.704999923706055,6.537998199462891,10396000,
2014-11-13,8.706999778747559,8.836999893188477,8.652999877929688,8.744999885559082,6.568039417266846,12281000,
2014-11-14,8.755999565124512,8.904999732971191,8.630999565124512,8.902000427246094,6.6859564781188965,12955000,
2014-11-17,8.878000259399414,8.904999732971191,8.758999824523926,8.85200023651123,6.648402690887451,11200000,
2014-11-18,8.835000038146973,9.177000045776367,8.833999633789062,9.140999794006348,6.865462303161621,20025000,
2014-11-19,9.151000022888184,9.199999809265137,8.90999984741211,8.925000190734863,6.7032318115234375,18763000,
2014-11-20,8.883999824523926,9.092000007629395,8.802000045776367,8.993000030517578,6.754303455352783,15121000,
2014-11-21,9.170000076293945,9.17300033569336,8.944999694824219,9.020999908447266,6.775332927703857,17461000,
2014-11-24,9.055000305175781,9.135000228881836,9.038000106811523,9.11400032043457,6.845183372497559,11876000,
2014-11-25,9.184000015258789,9.255999565124512,9.107000350952148,9.114999771118164,6.8459320068359375,25923000,
2014-11-26,9.157999992370605,9.38599967956543,9.157999992370605,9.378000259399414,7.043462753295898,16143000,
2014-11-28,9.413000106811523,9.442999839782715,9.267000198364258,9.34000015258789,7.01492166519165,8700000,
2014-12-1,9.305000305175781,9.336000442504883,9.001999855041504,9.095000267028809,6.830913066864014,17168000,
2014-12-2,9.069000244140625,9.241000175476074,8.972000122070312,9.220000267028809,6.924793720245361,19794000,
2014-12-3,9.303000450134277,9.550999641418457,9.303000450134277,9.512999534606934,7.144855976104736,31727000,
2014-12-4,10.154999732971191,10.378000259399414,9.951000213623047,10.307000160217285,7.741199970245361,61855000,
2014-12-5,10.383999824523926,10.5,10.17300033569336,10.39900016784668,7.810298442840576,29596000,
2014-12-8,10.399999618530273,10.416999816894531,9.965999603271484,10.071000099182129,7.563951015472412,34818000,
2014-12-9,9.98900032043457,10.303000450134277,9.725000381469727,10.263999938964844,7.708907127380371,22903000,
2014-12-10,10.199999809265137,10.350000381469727,9.916999816894531,9.925000190734863,7.454295635223389,22194000,
2014-12-11,10.008000373840332,10.279999732971191,9.984999656677246,10.055000305175781,7.551930904388428,15685000,
2014-12-12,9.89799976348877,10.118000030517578,9.883000373840332,9.920000076293945,7.45053768157959,13177000,
2014-12-15,9.996999740600586,10.085000038146973,9.723999977111816,9.821000099182129,7.376183986663818,16749000,
2014-12-16,9.774999618530273,9.968000411987305,9.60099983215332,9.732999801635742,7.310089588165283,22113000,
2014-12-17,9.732999801635742,9.984999656677246,9.550000190734863,9.89900016784668,7.461597919464111,27875000,0.035
2014-12-18,10.09000015258789,10.199999809265137,10,10.164999961853027,7.662102699279785,33281000,
2014-12-19,10.173999786376953,10.234999656677246,9.944999694824219,10.015000343322754,7.549038410186768,65173000,
2014-12-22,10.100000381469727,10.15999984741211,10,10.140999794006348,7.6440110206604,15924000,
2014-12-23,10.234000205993652,10.25,10.057000160217285,10.07800006866455,7.596522808074951,13011000,
2014-12-24,10.092000007629395,10.123000144958496,10.027999877929688,10.071999549865723,7.5920000076293945,6358000,
2014-12-26,10.097000122070312,10.133000373840332,10.020999908447266,10.062000274658203,7.584460735321045,5761000,
2014-12-29,10.062000274658203,10.138999938964844,9.918999671936035,10.128999710083008,7.6349663734436035,13677000,
2014-12-30,10.107000350952148,10.194000244140625,10.0600004196167,10.085000038146973,7.6017985343933105,11730000,
2014-12-31,10.109999656677246,10.303000450134277,10.043000221252441,10.059000015258789,7.582202434539795,15121000,
2015-1-2,10.093000411987305,10.220999717712402,9.913000106811523,10.008999824523926,7.544514179229736,13500000,
2015-1-5,10.006999969482422,10.081999778747559,9.84000015258789,9.848999977111816,7.423910617828369,15596000,
2015-1-6,9.895000457763672,9.907999992370605,9.517999649047852,9.625,7.255064010620117,22194000,
2015-1-7,9.704999923706055,9.939000129699707,9.652999877929688,9.885000228881836,7.451046943664551,30907000,
2015-1-8,10.053000450134277,10.430000305175781,10.03600025177002,10.378999710083008,7.823408603668213,33265000,
2015-1-9,10.446999549865723,10.579999923706055,10.258000373840332,10.489999771118164,7.907078266143799,23432000,
2015-1-12,10.506999969482422,10.564000129699707,10.272000312805176,10.315999984741211,7.7759199142456055,18692000,
2015-1-13,10.378000259399414,10.73799991607666,10.17300033569336,10.258000373840332,7.732203483581543,24337000,
2015-1-14,10.111000061035156,10.348999977111816,10.00100040435791,10.33899974822998,7.7932562828063965,20984000,
2015-1-15,10.355999946594238,10.553999900817871,10.104999542236328,10.131999969482422,7.637228488922119,18372000,
2015-1-16,10.069000244140625,10.390999794006348,10.031000137329102,10.381999969482422,7.825672626495361,15375000,
2015-1-20,10.369000434875488,10.52400016784668,10.258000373840332,10.487000465393066,7.904815673828125,12840000,
2015-1-21,10.432999610900879,10.687999725341797,10.41100025177002,10.538000106811523,7.943257808685303,16451000,
2015-1-22,10.597999572753906,10.64900016784668,10.152000427246094,10.520000457763672,7.929692268371582,20639000,
2015-1-23,10.503000259399414,10.75,10.425000190734863,10.697999954223633,8.063863754272461,15088000,
2015-1-26,10.673999786376953,10.706000328063965,10.461999893188477,10.67300033569336,8.045021057128906,9611000,
2015-1-27,10.506999969482422,10.597999572753906,10.281999588012695,10.479000091552734,7.89878511428833,15242000,
2015-1-28,10.711999893188477,10.833999633789062,10.486000061035156,10.5,7.914615631103516,23302000,
2015-1-29,10.463000297546387,10.65999984741211,10.22700023651123,10.652999877929688,8.029946327209473,15842000,
2015-1-30,10.529000282287598,10.67300033569336,10.26200008392334,10.288000106811523,7.754817008972168,16938000,
2015-2-2,10.324999809265137,10.348999977111816,9.916000366210938,10.241999626159668,7.72014045715332,21581000,
2015-2-3,10.25,10.371999740600586,10.13599967956543,10.319999694824219,7.778934001922607,15390000,
2015-2-4,10.293000221252441,10.527999877929688,10.244999885559082,10.479999542236328,7.899538993835449,16658000,
2015-2-5,10.473999977111816,10.621999740600586,10.375,10.619999885559082,8.005066871643066,16585000,
2015-2-6,10.626999855041504,10.711000442504883,10.425999641418457,10.473999977111816,7.895018100738525,10682000,
2015-2-9,10.395000457763672,10.4350004196167,10.182000160217285,10.223999977111816,7.7065749168396,20346000,
2015-2-10,10.303999900817871,10.746000289916992,10.288999557495117,10.704000473022461,8.068388938903809,20398000,
2015-2-11,10.678999900817871,10.829999923706055,10.633000373840332,10.793999671936035,8.136223793029785,17169000,
2015-2-12,10.880000114440918,11.003999710083008,10.845999717712402,10.970000267028809,8.26888656616211,21072000,
2015-2-13,11,11.020000457763672,10.809000015258789,11.015000343322754,8.302811622619629,14614000,
2015-2-17,11.020000457763672,11.135000228881836,10.909000396728516,11.086999893188477,8.357078552246094,15312000,
2015-2-18,11.031999588012695,11.059000015258789,10.928999900817871,11,8.291502952575684,16681000,
2015-2-19,11,11.109999656677246,10.96500015258789,11.09000015258789,8.359338760375977,13196000,
2015-2-20,11.142999649047852,11.215999603271484,11.045999526977539,11.206000328063965,8.446778297424316,19283000,
2015-2-23,11.300000190734863,11.322999954223633,11.196000099182129,11.28499984741211,8.506325721740723,23854000,
2015-2-24,11.350000381469727,11.359999656677246,11.16100025177002,11.317999839782715,8.531204223632812,23213000,
2015-2-25,11.329000473022461,11.390000343322754,11.230999946594238,11.267999649047852,8.493512153625488,38216000,
2015-2-26,12.324000358581543,12.98900032043457,12.305000305175781,12.925000190734863,9.74251651763916,89263000,
2015-2-27,12.869999885559082,12.869999885559082,12.61400032043457,12.76200008392334,9.619647979736328,33825000,
2015-3-2,12.720999717712402,13.086999893188477,12.720999717712402,12.902000427246094,9.725178718566895,27893000,
2015-3-3,12.824000358581543,12.894000053405762,12.756999969482422,12.821999549865723,9.664875030517578,18682000,
2015-3-4,12.769000053405762,12.98799991607666,12.437000274658203,12.9399995803833,9.75382137298584,36143000,
2015-3-5,12.935999870300293,13.154000282287598,12.878000259399414,13.057000160217285,9.842010498046875,21688000,
2015-3-6,13,13.048999786376953,12.75,12.788999557495117,9.640002250671387,22329000,
2015-3-9,12.779000282287598,12.859000205993652,12.692999839782715,12.711999893188477,9.58195972442627,17835000,
2015-3-10,12.571999549865723,12.692999839782715,12.451000213623047,12.51200008392334,9.431208610534668,17688000,
2015-3-11,12.529999732971191,12.647000312805176,12.45199966430664,12.465999603271484,9.396531105041504,17742000,
2015-3-12,12.288000106811523,12.621000289916992,12.154999732971191,12.612000465393066,9.506584167480469,22305000,
2015-3-13,12.571000099182129,12.675000190734863,12.394000053405762,12.5,9.422160148620605,18414000,
2015-3-16,12.687000274658203,13.045000076293945,12.670000076293945,12.987000465393066,9.789252281188965,23077000,
2015-3-17,12.880999565124512,12.960000038146973,12.75,12.90999984741211,9.731208801269531,19006000,
2015-3-18,12.866000175476074,13.128000259399414,12.769000053405762,13.043999671936035,9.861241340637207,21250000,0.038
2015-3-19,13.050000190734863,13.295000076293945,13.001999855041504,13.204000473022461,9.982199668884277,24461000,
2015-3-20,13.343000411987305,13.418000221252441,13.220000267028809,13.329000473022461,10.076698303222656,55522000,
2015-3-23,13.5,13.628000259399414,13.388999938964844,13.444000244140625,10.1636381149292,23849000,
2015-3-24,13.496999740600586,13.536999702453613,13.288000106811523,13.312000274658203,10.063848495483398,25819000,
2015-3-25,13.26200008392334,13.333000183105469,12.4399995803833,12.442999839782715,9.406883239746094,48853000,
2015-3-26,12.026000022888184,12.513999938964844,11.696000099182129,12.470999717712402,9.428053855895996,45058000,
2015-3-27,12.49899959564209,12.899999618530273,12.484999656677246,12.821000099182129,9.69265079498291,24297000,
2015-3-30,12.982999801635742,13.09000015258789,12.829999923706055,13.055000305175781,9.869556427001953,19523000,
2015-3-31,12.930999755859375,12.949999809265137,12.67300033569336,12.697999954223633,9.599661827087402,16402000,
2015-4-1,12.666000366210938,12.696000099182129,12.361000061035156,12.562999725341797,9.497604370117188,21830000,
2015-4-2,12.611000061035156,12.690999984741211,12.463000297546387,12.501999855041504,9.45148754119873,14508000,
2015-4-6,12.336999893188477,12.67300033569336,12.25,12.583000183105469,9.512725830078125,14227000,
2015-4-7,12.651000022888184,12.717000007629395,12.539999961853027,12.5649995803833,9.499117851257324,16132000,
2015-4-8,12.54699993133545,12.746999740600586,12.529999732971191,12.678999900817871,9.58530044555664,13607000,
2015-4-9,12.583999633789062,12.793999671936035,12.5649995803833,12.722000122070312,9.617807388305664,13961000,
2015-4-10,12.755999565124512,12.79699993133545,12.607000350952148,12.682000160217285,9.587566375732422,11669000,
2015-4-13,12.725000381469727,12.746999740600586,12.510000228881836,12.53499984741211,9.476436614990234,10483000,
2015-4-14,12.505999565124512,12.534000396728516,12.21399974822998,12.39799976348877,9.372867584228516,16047000,
2015-4-15,12.47700023651123,12.630000114440918,12.46500015258789,12.59000015258789,9.518017768859863,16893000,
2015-4-16,12.506999969482422,12.616000175476074,12.479999542236328,12.532999992370605,9.474922180175781,15456000,
2015-4-17,12.369000434875488,12.428000450134277,12.093999862670898,12.1850004196167,9.211838722229004,26817000,
2015-4-20,12.25,12.381999969482422,12.220000267028809,12.303000450134277,9.301044464111328,13295000,
2015-4-21,12.432000160217285,12.505000114440918,12.293999671936035,12.3100004196167,9.30633544921875,20616000,
2015-4-22,12.390999794006348,12.800000190734863,12.274999618530273,12.789999961853027,9.669214248657227,22580000,
2015-4-23,12.522000312805176,12.545999526977539,12.255000114440918,12.406999588012695,9.379664421081543,28053000,
2015-4-24,12.373000144958496,12.373000144958496,11.586999893188477,11.949999809265137,9.034177780151367,55059000,
2015-4-27,12,12.194000244140625,11.871999740600586,12.015000343322754,9.083317756652832,27320000,
2015-4-28,12.038000106811523,12.100000381469727,11.456000328063965,11.744999885559082,8.879199028015137,31023000,
2015-4-29,11.60200023651123,11.751999855041504,11.475000381469727,11.70300006866455,8.84744930267334,20903000,
2015-4-30,11.668999671936035,11.894000053405762,11.62600040435791,11.687999725341797,8.83610725402832,21339000,
2015-5-1,11.791999816894531,12.343000411987305,11.788000106811523,12.279999732971191,9.283659934997559,25334000,
2015-5-4,12.282999992370605,12.385000228881836,12.086000442504883,12.116000175476074,9.159671783447266,14207000,
2015-5-5,12.010000228881836,12.067000389099121,11.663000106811523,11.678999900817871,8.829300880432129,22090000,
2015-5-6,11.784000396728516,11.836999893188477,11.538999557495117,11.678000450134277,8.828543663024902,14475000,
2015-5-7,12,12.36400032043457,12,12.248000144958496,9.259466171264648,23542000,
2015-5-8,12.319999694824219,12.493000030517578,12.27299976348877,12.333000183105469,9.323723793029785,14846000,
2015-5-11,12.357000350952148,12.38599967956543,12.260000228881836,12.281000137329102,9.284411430358887,12418000,
2015-5-12,12.20199966430664,12.357999801635742,12.130000114440918,12.295000076293945,9.294997215270996,10264000,
2015-5-13,12.36299991607666,12.484000205993652,12.230999946594238,12.312999725341797,9.308606147766113,11857000,
2015-5-14,12.413999557495117,12.868000030517578,12.36400032043457,12.694000244140625,9.596641540527344,23279000,
2015-5-15,12.779000282287598,12.949999809265137,12.656999588012695,12.786999702453613,9.666949272155762,22627000,
2015-5-18,12.795000076293945,13.039999961853027,12.727999687194824,13.017999649047852,9.841581344604492,17984000,
2015-5-19,13.086000442504883,13.1850004196167,12.925000190734863,12.946999549865723,9.787906646728516,16053000,
2015-5-20,12.994000434875488,13.107000350952148,12.810999870300293,12.91100025177002,9.760688781738281,18721000,
2015-5-21,12.951000213623047,13.003000259399414,12.784000396728516,12.958999633789062,9.796977043151855,21309000,
2015-5-22,12.982000350952148,13.383000373840332,12.982000350952148,13.263999938964844,10.027557373046875,22856000,
2015-5-26,13.435999870300293,13.45300006866455,13.064000129699707,13.130000114440918,9.926252365112305,26781000,
2015-5-27,13.208999633789062,14.482000350952148,13.161999702453613,14.14900016784668,10.696619987487793,114248000,
2015-5-28,14.50100040435791,14.54699993133545,13.600000381469727,14.23799991607666,10.763899803161621,249123000,
2015-5-29,14.411999702453613,14.923999786376953,14.41100025177002,14.807000160217285,11.194066047668457,118244000,
2015-6-1,14.824000358581543,15.050000190734863,14.515000343322754,14.661999702453613,11.084442138671875,83579000,
2015-6-2,14.640999794006348,14.666999816894531,14.314000129699707,14.416000366210938,10.898466110229492,41264000,
2015-6-3,14.600000381469727,14.600000381469727,14.281000137329102,14.305999755859375,10.815308570861816,30450000,
2015-6-4,14.24899959564209,14.343999862670898,14.04800033569336,14.119999885559082,10.674695014953613,28017000,
2015-6-5,14.097000122070312,14.404000282287598,13.930999755859375,14.380999565124512,10.872011184692383,38593000,
2015-6-8,14.357000350952148,14.376999855041504,13.753000259399414,13.86299991607666,10.480402946472168,54422000,
2015-6-9,13.895000457763672,14.072999954223633,13.651000022888184,14.020999908447266,10.599848747253418,44071000,
2015-6-10,13.993000030517578,14.39799976348877,13.984000205993652,14.28600025177002,10.800189018249512,42617000,
2015-6-11,14.218000411987305,14.326000213623047,14.10200023651123,14.199000358581543,10.734417915344238,31517000,
2015-6-12,14.128999710083008,14.14799976348877,13.98799991607666,14.04699993133545,10.6195068359375,19145000,
2015-6-15,13.916000366210938,14.402000427246094,13.901000022888184,14.312000274658203,10.819847106933594,34565000,
2015-6-16,14.270000457763672,14.348999977111816,14.137999534606934,14.199000358581543,10.734417915344238,20998000,
2015-6-17,14.149999618530273,14.25,13.946000099182129,14.069000244140625,10.666186332702637,25429000,0.04
2015-6-18,14.072999954223633,14.375,14.072999954223633,14.300000190734863,10.841317176818848,25298000,
2015-6-19,14.300999641418457,14.390999794006348,14.15999984741211,14.288999557495117,10.832974433898926,26881000,
2015-6-22,14.416000366210938,14.513999938964844,14.199999809265137,14.32800006866455,10.862542152404785,22846000,
2015-6-23,14.395999908447266,14.395999908447266,14.086000442504883,14.163999557495117,10.738208770751953,21497000,
2015-6-24,14.206000328063965,14.222000122070312,13.982999801635742,13.996999740600586,10.611599922180176,22402000,
2015-6-25,14.012999534606934,14.104999542236328,13.883000373840332,13.92300033569336,10.555497169494629,17538000,
2015-6-26,13.885000228881836,13.904000282287598,13.475000381469727,13.515000343322754,10.24617862701416,71798000,
2015-6-29,13.28499984741211,13.520999908447266,13.104000091552734,13.201000213623047,10.008124351501465,40473000,
2015-6-30,13.380000114440918,13.437999725341797,13.211999893188477,13.293000221252441,10.077873229980469,28695000,
2015-7-1,13.440999984741211,13.770000457763672,13.432000160217285,13.550000190734863,10.27271556854248,43059000,
2015-7-2,13.5600004196167,13.774999618530273,13.53499984741211,13.763999938964844,10.434957504272461,32797000,
2015-7-6,13.616000175476074,13.76099967956543,13.38700008392334,13.420000076293945,10.174154281616211,30188000,
2015-7-7,13.395000457763672,13.444999694824219,12.616000175476074,13.284000396728516,10.071052551269531,59268000,
2015-7-8,13.010000228881836,13.133999824523926,12.685999870300293,12.805000305175781,9.707904815673828,51371000,
2015-7-9,13.017999649047852,13.13599967956543,12.371999740600586,12.468000411987305,9.452414512634277,73469000,
2015-7-10,12.66100025177002,13.081999778747559,12.649999618530273,12.984000205993652,9.843610763549805,50948000,
2015-7-13,13.137999534606934,13.137999534606934,12.845999717712402,12.918000221252441,9.793573379516602,25304000,
2015-7-14,12.9350004196167,13.248000144958496,12.85099983215332,13.229999542236328,10.030111312866211,26289000,
2015-7-15,13.166999816894531,13.348999977111816,13.081999778747559,13.17199993133545,9.986137390136719,23100000,
2015-7-16,13.36299991607666,13.47700023651123,13.08899974822998,13.470000267028809,10.212065696716309,33977000,
2015-7-17,13.496000289916992,13.5,13.196000099182129,13.366000175476074,10.133218765258789,29000000,
2015-7-20,13.454999923706055,13.562000274658203,13.375,13.46399974822998,10.20751667022705,23563000,
2015-7-21,13.510000228881836,13.637999534606934,13.413999557495117,13.451000213623047,10.197660446166992,31532000,
2015-7-22,12.704000473022461,13,12.538000106811523,12.958999633789062,9.824655532836914,61346000,
2015-7-23,13.118000030517578,13.5,13.050000190734863,13.196999549865723,10.00509262084961,30608000,
2015-7-24,13.35099983215332,13.385000228881836,12.833999633789062,12.847999572753906,9.740504264831543,36311000,
2015-7-27,12.734999656677246,12.75,12.40999984741211,12.46500015258789,9.450139045715332,34893000,
2015-7-28,12.557999610900879,12.954999923706055,12.35200023651123,12.842000007629395,9.735954284667969,27869000,
2015-7-29,12.836999893188477,12.911999702453613,12.545000076293945,12.857999801635742,9.748083114624023,33407000,
2015-7-30,12.574000358581543,12.878999710083008,12.506999969482422,12.765000343322754,9.67757797241211,39169000,
2015-7-31,12.833999633789062,12.833999633789062,12.496000289916992,12.513999938964844,9.487284660339355,30593000,
2015-8-3,12.642000198364258,12.74899959564209,12.423999786376953,12.579999923706055,9.537323951721191,27273000,
2015-8-4,12.555000305175781,12.555000305175781,11.87600040435791,12.347000122070312,9.360679626464844,47467000,
2015-8-5,12.300000190734863,12.569000244140625,12.100000381469727,12.475000381469727,9.457721710205078,34158000,
2015-8-6,12.503999710083008,12.539999961853027,12.0600004196167,12.32699966430664,9.345519065856934,46052000,
2015-8-7,12.10200023651123,12.39799976348877,12.081999778747559,12.255000114440918,9.290928840637207,30527000,
2015-8-10,12.348999977111816,12.739999771118164,12.300000190734863,12.727999687194824,9.649526596069336,28907000,
2015-8-11,12.564000129699707,12.623000144958496,12.291999816894531,12.420999526977539,9.416780471801758,26744000,
2015-8-12,12.159000396728516,12.668000221252441,12.062000274658203,12.572999954223633,9.532017707824707,27205000,
2015-8-13,12.562000274658203,12.682000160217285,12.401000022888184,12.418999671936035,9.415264129638672,14571000,
2015-8-14,12.399999618530273,12.449999809265137,12.116999626159668,12.196000099182129,9.246196746826172,26496000,
2015-8-17,12.131999969482422,12.552000045776367,12.079999923706055,12.552000045776367,9.516095161437988,21293000,
2015-8-18,12.57699966430664,12.57699966430664,12.178000450134277,12.223999977111816,9.26742935180664,19502000,
2015-8-19,12.157999992370605,12.277999877929688,11.930000305175781,12.145000457763672,9.207535743713379,30891000,
2015-8-20,12.008000373840332,12.064000129699707,11.503000259399414,11.503000259399414,8.72081470489502,41756000,
2015-8-21,11.274999618530273,11.548999786376953,11.133000373840332,11.145000457763672,8.44940185546875,56472000,
2015-8-24,10.109000205993652,11.50100040435791,10,10.994000434875488,8.334922790527344,69040000,
2015-8-25,11.413000106811523,11.5,10.819999694824219,10.85099983215332,8.226511001586914,43921000,
2015-8-26,11.260000228881836,11.673999786376953,11.118000030517578,11.619999885559082,8.809515953063965,59354000,
2015-8-27,12.050000190734863,12.699999809265137,12.038000106811523,12.62600040435791,9.572196960449219,91882000,
2015-8-28,12.553000450134277,12.772000312805176,12.468999862670898,12.76200008392334,9.675302505493164,36322000,
2015-8-31,12.663999557495117,12.803999900817871,12.5,12.597000122070312,9.550210952758789,30087000,
2015-9-1,12.152000427246094,12.501999855041504,11.8100004196167,11.937000274658203,9.049846649169922,49749000,
2015-9-2,12.21500015258789,12.406999588012695,12.015999794006348,12.404000282287598,9.403894424438477,36700000,
2015-9-3,12.539999961853027,12.6899995803833,12.321000099182129,12.376999855041504,9.3834228515625,29954000,
2015-9-4,12.12399959564209,12.380999565124512,12.0649995803833,12.114999771118164,9.18479061126709,24923000,
2015-9-8,12.539999961853027,12.932999610900879,12.482000350952148,12.916000366210938,9.792057991027832,35477000,
2015-9-9,13.017999649047852,13.178999900817871,12.630000114440918,12.717000007629395,9.641186714172363,31502000,
2015-9-10,12.854000091552734,12.916000366210938,12.479999542236328,12.871999740600586,9.75870132446289,36224000,
2015-9-11,12.815999984741211,13.121999740600586,12.694000244140625,13.107999801635742,9.937621116638184,39606000,
2015-9-14,13.25,13.373000144958496,13.0600004196167,13.119000434875488,9.94596004486084,34643000,
2015-9-15,13.213000297546387,13.494999885559082,13.100000381469727,13.437999725341797,10.187801361083984,30804000,
2015-9-16,13.388999938964844,13.388999938964844,13.026000022888184,13.14900016784668,9.999956130981445,27317000,0.042
2015-9-17,13.151000022888184,13.305999755859375,13.020000457763672,13.060999870300293,9.93303108215332,19918000,
2015-9-18,12.854000091552734,12.949000358581543,12.65999984741211,12.758999824523926,9.703357696533203,44021000,
2015-9-21,12.836999893188477,12.937999725341797,12.621999740600586,12.72599983215332,9.678258895874023,16515000,
2015-9-22,12.49899959564209,12.583999633789062,12.369999885559082,12.470000267028809,9.48357105255127,22483000,
2015-9-23,12.482000350952148,12.779999732971191,12.380999565124512,12.553999900817871,9.547451972961426,21879000,
2015-9-24,12.40999984741211,12.53499984741211,11.944999694824219,12.40999984741211,9.437941551208496,44995000,
2015-9-25,12.595999717712402,12.892999649047852,12.520000457763672,12.673999786376953,9.638712882995605,35087000,
2015-9-28,12.595999717712402,12.817000389099121,12.081000328063965,12.085000038146973,9.190773963928223,39887000,
2015-9-29,12.190999984741211,12.248000144958496,11.805999755859375,11.967000007629395,9.101034164428711,47991000,
2015-9-30,12.178999900817871,12.52299976348877,12.100000381469727,12.50100040435791,9.507145881652832,43955000,
2015-10-1,12.310999870300293,12.489999771118164,11.949999809265137,12.21399974822998,9.288878440856934,45674000,
2015-10-2,11.99899959564209,12.336000442504883,11.821000099182129,12.333000183105469,9.379382133483887,35207000,
2015-10-5,12.395999908447266,12.487000465393066,12.095999717712402,12.121999740600586,9.218913078308105,39085000,
2015-10-6,12.076000213623047,12.10099983215332,11.152999877929688,11.711000442504883,8.906339645385742,115846000,
2015-10-7,11.864999771118164,11.954000473022461,11.581999778747559,11.86400032043457,9.022700309753418,37284000,
2015-10-8,11.751999855041504,11.795999526977539,11.378999710083008,11.668999671936035,8.874401092529297,41409000,
2015-10-9,11.656000137329102,11.807999610900879,11.553999900817871,11.690999984741211,8.891131401062012,34479000,
2015-10-12,11.758999824523926,11.79800033569336,11.576000213623047,11.767999649047852,8.949689865112305,24184000,
2015-10-13,11.633999824523926,11.666999816894531,11.321000099182129,11.342000007629395,8.625713348388672,32475000,
2015-10-14,11.300000190734863,11.776000022888184,11.23799991607666,11.746000289916992,8.932960510253906,33530000,
2015-10-15,11.800000190734863,12.199000358581543,11.769000053405762,12.187000274658203,9.268343925476074,49316000,
2015-10-16,12.1899995803833,12.197999954223633,11.989999771118164,12.107000350952148,9.207504272460938,19866000,
2015-10-19,12.100000381469727,12.12600040435791,11.737000465393066,11.895999908447266,9.047037124633789,18593000,
2015-10-20,11.847000122070312,12.006999969482422,11.760000228881836,11.98900032043457,9.117762565612793,21920000,
2015-10-21,12.175999641418457,12.267999649047852,12.01099967956543,12.050000190734863,9.164156913757324,28197000,
2015-10-22,12.161999702453613,12.562000274658203,12.121000289916992,12.534000396728516,9.532238006591797,34344000,
2015-10-23,12.746999740600586,12.984000205993652,12.406000137329102,12.958000183105469,9.854700088500977,35498000,
2015-10-26,12.805999755859375,12.805999755859375,12.27400016784668,12.361000061035156,9.400675773620605,58129000,
2015-10-27,12.309000015258789,12.515000343322754,12.093999862670898,12.14900016784668,9.239446640014648,32280000,
2015-10-28,12.479000091552734,12.78499984741211,12.369999885559082,12.708999633789062,9.665334701538086,30966000,
2015-10-29,12.100000381469727,12.416000366210938,11.871999740600586,12.008999824523926,9.132975578308105,61582000,
2015-10-30,12.085000038146973,12.402000427246094,12.017000198364258,12.312999725341797,9.364171981811523,25516000,
2015-11-2,12.366000175476074,12.520999908447266,12.246000289916992,12.380000114440918,9.41512393951416,26068000,
2015-11-3,12.14799976348877,12.494999885559082,12.14799976348877,12.21399974822998,9.288878440856934,26222000,
2015-11-4,12.25,12.486000061035156,12.005999565124512,12.41100025177002,9.438701629638672,43098000,
2015-11-5,12.491000175476074,12.5,12.0600004196167,12.105999946594238,9.206742286682129,28308000,
2015-11-6,12.324999809265137,12.979000091552734,12.322999954223633,12.967000007629395,9.861542701721191,45287000,
2015-11-9,12.836999893188477,12.894000053405762,12.571000099182129,12.649999618530273,9.620462417602539,28250000,
2015-11-10,12.310999870300293,12.407999992370605,11.97700023651123,11.986000061035156,9.11548137664795,44759000,
2015-11-11,12.020999908447266,12.270000457763672,11.982000350952148,11.994999885559082,9.12232780456543,25953000,
2015-11-12,12.020999908447266,12.140999794006348,11.892000198364258,11.984999656677246,9.114724159240723,26588000,
2015-11-13,11.899999618530273,11.98900032043457,11.520999908447266,11.753999710083008,8.939043998718262,39824000,
2015-11-16,11.746999740600586,12.177000045776367,11.708000183105469,12.147000312805176,9.237926483154297,27796000,
2015-11-17,12.145999908447266,12.368000030517578,12.100000381469727,12.206000328063965,9.282793998718262,19868000,
2015-11-18,12.192000389099121,12.609999656677246,12.15999984741211,12.592000007629395,9.576351165771484,20270000,
2015-11-19,12.609999656677246,12.61299991607666,12.300999641418457,12.520999908447266,9.522355079650879,32780000,
2015-11-20,12.621000289916992,12.666999816894531,12.373000144958496,12.640000343322754,9.612855911254883,28057000,
2015-11-23,12.675000190734863,12.675000190734863,12.420999526977539,12.440999984741211,9.461514472961426,16003000,
2015-11-24,12.340999603271484,12.859000205993652,12.340999603271484,12.833999633789062,9.760396003723145,35659000,
2015-11-25,12.899999618530273,12.916999816894531,12.765999794006348,12.83899974822998,9.764198303222656,21396000,
2015-11-27,12.86299991607666,13.045000076293945,12.78600025177002,13.003999710083008,9.88968276977539,13262000,
2015-11-30,12.942999839782715,13.069999694824219,12.711999893188477,13.045000076293945,9.920863151550293,32615000,
2015-12-1,13.116999626159668,13.376999855041504,13.090999603271484,13.288999557495117,10.106427192687988,43255000,
2015-12-2,13.307000160217285,13.5,13.154000282287598,13.220999717712402,10.054718017578125,54364000,
2015-12-3,14.486000061035156,14.685999870300293,14.288000106811523,14.477999687194824,11.010675430297852,120661000,
2015-12-4,14.479999542236328,14.788999557495117,14.324000358581543,14.755999565124512,11.222098350524902,60329000,
2015-12-7,14.668999671936035,14.972000122070312,14.555000305175781,14.883000373840332,11.318683624267578,44769000,
2015-12-8,14.684000015258789,14.859000205993652,14.57699966430664,14.777999877929688,11.2388277053833,34560000,
2015-12-9,14.71399974822998,14.800000190734863,14.442000389099121,14.5649995803833,11.076837539672852,30803000,
2015-12-10,14.611000061035156,14.944000244140625,14.519000053405762,14.732999801635742,11.204608917236328,33078000,
2015-12-11,14.461999893188477,14.772000312805176,14.430000305175781,14.442000389099121,10.983296394348145,27777000,
2015-12-14,14.413999557495117,14.53600025177002,14.12399959564209,14.25100040435791,10.838040351867676,36993000,
2015-12-15,14.267999649047852,14.42300033569336,14.130999565124512,14.32699966430664,10.895837783813477,35398000,
2015-12-16,14.317000389099121,14.428000450134277,14.039999961853027,14.387999534606934,10.97593879699707,29644000,0.044
2015-12-17,14.493000030517578,14.550000190734863,14.041000366210938,14.04800033569336,10.716567039489746,24378000,
2015-12-18,14.02299976348877,14.190999984741211,13.854999542236328,14.020000457763672,10.695209503173828,51964000,
2015-12-21,14.3100004196167,14.600000381469727,14.185999870300293,14.579999923706055,11.122405052185059,26627000,
2015-12-22,14.722999572753906,14.722999572753906,14.276000022888184,14.510000228881836,11.069009780883789,21684000,
2015-12-23,14.60200023651123,14.666000366210938,14.439000129699707,14.651000022888184,11.1765718460083,16170000,
2015-12-24,14.640999794006348,14.729000091552734,14.571999549865723,14.631999969482422,11.162074089050293,7436000,
2015-12-28,14.59000015258789,14.640000343322754,14.392999649047852,14.635000228881836,11.164362907409668,13873000,
2015-12-29,14.699999809265137,14.878000259399414,14.50100040435791,14.793999671936035,11.28565502166748,22533000,
2015-12-30,14.75100040435791,14.888999938964844,14.711999893188477,14.737000465393066,11.242175102233887,17396000,
2015-12-31,14.657999992370605,14.75,14.51200008392334,14.515000343322754,11.072820663452148,19673000,
2016-1-4,14.206999778747559,14.234999656677246,13.98799991607666,14.227999687194824,10.853880882263184,30970000,
2016-1-5,14.314000129699707,14.329999923706055,13.720999717712402,13.751999855041504,10.490765571594238,38173000,
2016-1-6,13.456999778747559,13.605999946594238,13.227999687194824,13.329000473022461,10.168074607849121,50824000,
2016-1-7,13.130999565124512,13.376999855041504,12.819000244140625,12.904999732971191,9.844625473022461,50056000,
2016-1-8,13.003000259399414,13.345999717712402,12.805999755859375,12.819999694824219,9.779783248901367,64641000,
2016-1-11,12.949999809265137,12.996999740600586,12.541999816894531,12.803999900817871,9.767577171325684,38941000,
2016-1-12,12.986000061035156,13.166999816894531,12.685999870300293,12.991999626159668,9.910994529724121,41112000,
2016-1-13,12.774999618530273,12.998000144958496,12.307999610900879,12.331000328063965,9.406745910644531,48470000,
2016-1-14,12.418999671936035,12.668000221252441,12.029000282287598,12.519000053405762,9.550165176391602,63942000,
2016-1-15,12.020999908447266,12.378999710083008,11.930000305175781,11.996999740600586,9.15195369720459,75916000,
2016-1-19,12.276000022888184,12.479999542236328,11.901000022888184,12.006999969482422,9.15958309173584,54773000,
2016-1-20,11.782999992370605,12.557999610900879,11.717000007629395,12.383000373840332,9.446417808532715,103988000,
2016-1-21,12.479999542236328,12.600000381469727,12.335000038146973,12.45300006866455,9.499815940856934,48475000,
2016-1-22,12.64799976348877,12.64799976348877,12.42300033569336,12.451000213623047,9.498291015625,58428000,
2016-1-25,12.442999839782715,12.498000144958496,12.399999618530273,12.449000358581543,9.496764183044434,61359000,
2016-1-26,12.5,12.651000022888184,12.399999618530273,12.439000129699707,9.48913860321045,119134000,
2016-1-27,12.364999771118164,12.541000366210938,12.008999824523926,12.234999656677246,9.333514213562012,58156000,
2016-1-28,12.293999671936035,12.654999732971191,12.199999809265137,12.63700008392334,9.640180587768555,49969000,
2016-1-29,12.944000244140625,13.434000015258789,12.810999870300293,13.371000289916992,10.200111389160156,259449000,
2016-2-1,13.333999633789062,13.869000434875488,13.295999526977539,13.767999649047852,10.502968788146973,45619000,
2016-2-2,13.50100040435791,13.758999824523926,13.170000076293945,13.324000358581543,10.164261817932129,59005000,
2016-2-3,13.725000381469727,13.76099967956543,13.029000282287598,13.13599967956543,10.02084732055664,56234000,
2016-2-4,13.140000343322754,13.72700023651123,13.050000190734863,13.612000465393066,10.383964538574219,60833000,
2016-2-5,13.699999809265137,13.699999809265137,12.697999954223633,12.836000442504883,9.791987419128418,70953000,
2016-2-8,12.699000358581543,12.699000358581543,11.92199993133545,12.185999870300293,9.296133995056152,91242000,
2016-2-9,11.982999801635742,12.571999549865723,11.876999855041504,11.970999717712402,9.132120132446289,63400000,
2016-2-10,12.24899959564209,12.366999626159668,11.864999771118164,11.920000076293945,9.093213081359863,45473000,
2016-2-11,11.649999618530273,11.763999938964844,11.425000190734863,11.630999565124512,8.872747421264648,66673000,
2016-2-12,11.776000022888184,12.232999801635742,11.572999954223633,12.166000366210938,9.280878067016602,39965000,
2016-2-16,12.32699966430664,12.678999900817871,12.295000076293945,12.62399959564209,9.630265235900879,38521000,
2016-2-17,12.699999809265137,13.081999778747559,12.67300033569336,13.067999839782715,9.968971252441406,32742000,
2016-2-18,13.175999641418457,13.199000358581543,12.607999801635742,12.706999778747559,9.69357967376709,39202000,
2016-2-19,12.704999923706055,12.878999710083008,12.5,12.866999626159668,9.815637588500977,31118000,
2016-2-22,13,13.243000030517578,12.949000358581543,13.064000129699707,9.965920448303223,24204000,
2016-2-23,13.015999794006348,13.050000190734863,12.805999755859375,12.815999984741211,9.77673053741455,22352000,
2016-2-24,12.651000022888184,13.125,12.541000366210938,13.034000396728516,9.943033218383789,25680000,
2016-2-25,13.07800006866455,13.24899959564209,12.869000434875488,13.246999740600586,10.105521202087402,25652000,
2016-2-26,13.420000076293945,13.496999740600586,13.225000381469727,13.310999870300293,10.15434741973877,27142000,
2016-2-29,13.333999633789062,13.791999816894531,13.289999961853027,13.397000312805176,10.219947814941406,35911000,
2016-3-1,13.536999702453613,13.86400032043457,13.461999893188477,13.843000411987305,10.560184478759766,44906000,
2016-3-2,13.78499984741211,13.824000358581543,13.505000114440918,13.696999549865723,10.448805809020996,43834000,
2016-3-3,13.774999618530273,13.885000228881836,13.430000305175781,13.732999801635742,10.476266860961914,59437000,
2016-3-4,14.600000381469727,14.78600025177002,14.17199993133545,14.605999946594238,11.142237663269043,72399000,
2016-3-7,14.47599983215332,14.623000144958496,14.057000160217285,14.35099983215332,10.947710037231445,41363000,
2016-3-8,14.229000091552734,14.281999588012695,13.940999984741211,13.963000297546387,10.651725769042969,33216000,
2016-3-9,14.074999809265137,14.253000259399414,14.04699993133545,14.196000099182129,10.829471588134766,31152000,
2016-3-10,14.345999717712402,14.579999923706055,14.199999809265137,14.442000389099121,11.017130851745605,54546000,
2016-3-11,14.598999977111816,15.001999855041504,14.574999809265137,14.881999969482422,11.352788925170898,55822000,
2016-3-14,14.711000442504883,14.918999671936035,14.699999809265137,14.814000129699707,11.300911903381348,28444000,
2016-3-15,14.850000381469727,14.998000144958496,14.607999801635742,14.847000122070312,11.326089859008789,30891000,
2016-3-16,14.746000289916992,14.927000045776367,14.6850004196167,14.86299991607666,11.375840187072754,34906000,0.049
2016-3-17,14.737000465393066,15.17199993133545,14.737000465393066,15.154999732971191,11.599327087402344,44708000,
2016-3-18,15.194000244140625,15.300000190734863,15.086999893188477,15.24899959564209,11.671273231506348,70568000,
2016-3-21,15.258999824523926,15.300000190734863,15.083000183105469,15.288999557495117,11.701888084411621,28207000,
2016-3-22,15.239999771118164,15.560999870300293,15.154999732971191,15.47599983215332,11.845014572143555,33945000,
2016-3-23,15.482000350952148,15.531999588012695,15.234000205993652,15.298999786376953,11.709543228149414,27577000,
2016-3-24,15.175999641418457,15.329000473022461,15.112000465393066,15.300000190734863,11.710308074951172,25651000,
2016-3-28,15.32800006866455,15.350000381469727,15.206999778747559,15.3100004196167,11.717963218688965,17224000,
2016-3-29,15.32699966430664,15.493000030517578,15.218000411987305,15.413000106811523,11.796797752380371,26765000,
2016-3-30,15.5,15.727999687194824,15.454000473022461,15.692999839782715,12.011101722717285,26794000,
2016-3-31,15.70199966430664,15.737000465393066,15.444999694824219,15.449999809265137,11.825113296508789,24968000,
2016-4-1,15.404000282287598,15.791999816894531,15.116000175476074,15.779999732971191,12.077692031860352,25671000,
2016-4-4,15.800000190734863,15.833000183105469,15.565999984741211,15.60099983215332,11.940688133239746,17760000,
2016-4-5,15.444999694824219,15.704999923706055,15.444999694824219,15.503000259399414,11.865677833557129,56915000,
2016-4-6,15.470000267028809,15.777000427246094,15.371000289916992,15.753999710083008,12.057793617248535,28149000,
2016-4-7,15.748000144958496,15.795000076293945,15.468999862670898,15.496999740600586,11.861088752746582,22975000,
2016-4-8,15.628000259399414,15.6899995803833,15.46399974822998,15.614999771118164,11.95140552520752,18526000,
2016-4-11,15.743000030517578,15.779999732971191,15.5600004196167,15.560999870300293,11.91007137298584,18568000,
2016-4-12,15.60099983215332,15.63700008392334,15.300000190734863,15.543000221252441,11.8962984085083,16537000,
2016-4-13,15.647000312805176,15.96500015258789,15.560999870300293,15.947999954223633,12.206274032592773,21730000,
2016-4-14,15.729000091552734,15.91100025177002,15.600000381469727,15.881999969482422,12.15576171875,27549000,
2016-4-15,15.812999725341797,15.833999633789062,15.45199966430664,15.548999786376953,11.900887489318848,27685000,
2016-4-18,15.53499984741211,15.640000343322754,15.380999565124512,15.59000015258789,11.932267189025879,15297000,
2016-4-19,15.645000457763672,15.677000045776367,15.079000473022461,15.107000350952148,11.562590599060059,24560000,
2016-4-20,15.145999908447266,15.40999984741211,15.039999961853027,15.322999954223633,11.727911949157715,19435000,
2016-4-21,15.289999961853027,15.32800006866455,15.045000076293945,15.135000228881836,11.584016799926758,16117000,
2016-4-22,15.039999961853027,15.293999671936035,14.873000144958496,15.032999992370605,11.505952835083008,25699000,
2016-4-25,15.024999618530273,15.086000442504883,14.876999855041504,14.90999984741211,11.411809921264648,10870000,
2016-4-26,15.14900016784668,15.41100025177002,15.003999710083008,15.076000213623047,11.538863182067871,26309000,
2016-4-27,14.720999717712402,15.336000442504883,14.649999618530273,15.152999877929688,11.597795486450195,38930000,
2016-4-28,15.038999557495117,15.402000427246094,14.732999801635742,14.798999786376953,11.326854705810547,25520000,
2016-4-29,14.630999565124512,14.779000282287598,14.324999809265137,14.574999809265137,11.155410766601562,35067000,
2016-5-2,14.616000175476074,14.682999610900879,14.449999809265137,14.607999801635742,11.180667877197266,19525000,
2016-5-3,14.510000228881836,14.598999977111816,14.232999801635742,14.319999694824219,10.960233688354492,23986000,
2016-5-4,14.25100040435791,14.442000389099121,14.126999855041504,14.206999778747559,10.873748779296875,20888000,
2016-5-5,14.381999969482422,14.489999771118164,14.208999633789062,14.258000373840332,10.912782669067383,16841000,
2016-5-6,14.175999641418457,14.25,13.918000221252441,14.189000129699707,10.859970092773438,30027000,
2016-5-9,14.199999809265137,14.392000198364258,14.12600040435791,14.239999771118164,10.899007797241211,17300000,
2016-5-10,14.25,14.513999938964844,14.149999618530273,14.461000442504883,11.068157196044922,18461000,
2016-5-11,14.409000396728516,14.621999740600586,14.35099983215332,14.385000228881836,11.009987831115723,16716000,
2016-5-12,14.406999588012695,14.472999572753906,13.95199966430664,14.104000091552734,10.794917106628418,26452000,
2016-5-13,14.093999862670898,14.312999725341797,13.961999893188477,14.005000114440918,10.719141006469727,21716000,
2016-5-16,14.086999893188477,14.362000465393066,14.069000244140625,14.265000343322754,10.918142318725586,20373000,
2016-5-17,14.25100040435791,14.298999786376953,13.98799991607666,14.116999626159668,10.804863929748535,21248000,
2016-5-18,14.053000450134277,14.505000114440918,14.032999992370605,14.387999534606934,11.012282371520996,22620000,
2016-5-19,14.303000450134277,14.465999603271484,14.112000465393066,14.27400016784668,10.925027847290039,17478000,
2016-5-20,14.413000106811523,14.767000198364258,14.371000289916992,14.67300033569336,11.230414390563965,25889000,
2016-5-23,14.819000244140625,15.034000396728516,14.788000106811523,14.8100004196167,11.335272789001465,17609000,
2016-5-24,14.859999656677246,15.168000221252441,14.835000038146973,15.142000198364258,11.58937931060791,19907000,
2016-5-25,15.184000015258789,15.399999618530273,15.048999786376953,15.357000350952148,11.753937721252441,21737000,
2016-5-26,15.376999855041504,15.425000190734863,15.182000160217285,15.302000045776367,11.711840629577637,18431000,
2016-5-27,15.300000190734863,15.392999649047852,15.246000289916992,15.329999923706055,11.733269691467285,18693000,
2016-5-31,15.399999618530273,15.494999885559082,15.329999923706055,15.435999870300293,11.814399719238281,32058000,
2016-6-1,15.340999603271484,15.531999588012695,15.333999633789062,15.47700023651123,11.845781326293945,30777000,
2016-6-2,15.520999908447266,15.552000045776367,15.33899974822998,15.491000175476074,11.856494903564453,46746000,
2016-6-3,16.57699966430664,16.600000381469727,16.1200008392334,16.256000518798828,12.442012786865234,82985000,
2016-6-6,16.34000015258789,16.393999099731445,16.101999282836914,16.284000396728516,12.463443756103516,34010000,
2016-6-7,16.333999633789062,16.594999313354492,16.2810001373291,16.483999252319336,12.6165189743042,32340000,
2016-6-8,16.409000396728516,16.461999893188477,16.333999633789062,16.3700008392334,12.529267311096191,25620000,
2016-6-9,16.214000701904297,16.5049991607666,16.211999893188477,16.413999557495117,12.562941551208496,29143000,
2016-6-10,16.216999053955078,16.29800033569336,16,16.082000732421875,12.30883502960205,26657000,
2016-6-13,16.013999938964844,16.225000381469727,15.96399974822998,16.000999450683594,12.246838569641113,21568000,
2016-6-14,15.927000045776367,16.05299949645996,15.812999725341797,15.89900016784668,12.16877269744873,25669000,
2016-6-15,15.881999969482422,16.011999130249023,15.817999839782715,15.84000015258789,12.161859512329102,30884000,0.05
2016-6-16,15.704999923706055,15.883999824523926,15.5600004196167,15.86299991607666,12.179518699645996,22804000,
2016-6-17,15.897000312805176,15.975000381469727,15.493000030517578,15.600000381469727,11.977590560913086,43333000,
2016-6-20,15.84000015258789,15.960000038146973,15.668999671936035,15.692999839782715,12.048996925354004,20265000,
2016-6-21,15.76099967956543,15.84000015258789,15.560999870300293,15.581000328063965,11.96300220489502,16126000,
2016-6-22,15.572999954223633,15.717000007629395,15.479999542236328,15.513999938964844,11.911563873291016,16039000,
2016-6-23,15.734999656677246,15.86299991607666,15.597000122070312,15.862000465393066,12.178752899169922,24435000,
2016-6-24,15.199999809265137,15.487000465393066,14.84000015258789,14.871999740600586,11.418638229370117,64177000,
2016-6-27,14.649999618530273,14.725000381469727,14.22700023651123,14.36299991607666,11.02782917022705,37864000,
2016-6-28,14.670000076293945,14.993000030517578,14.657999992370605,14.97700023651123,11.49925708770752,37233000,
2016-6-29,15.201000213623047,15.5649995803833,15.07800006866455,15.5,11.900810241699219,47860000,
2016-6-30,15.5,15.723999977111816,15.416999816894531,15.539999961853027,11.93152141571045,42626000,
2016-7-1,15.446999549865723,15.586999893188477,15.362000465393066,15.42199993133545,11.840922355651855,19779000,
2016-7-5,15.157999992370605,15.170999526977539,14.95300006866455,15.076000213623047,11.575263023376465,26321000,
2016-7-6,14.935999870300293,15.126999855041504,14.715999603271484,15.062999725341797,11.565284729003906,20603000,
2016-7-7,15.013999938964844,15.300000190734863,15.013999938964844,15.098999977111816,11.592924118041992,19248000,
2016-7-8,15.265000343322754,15.524999618530273,15.194000244140625,15.513999938964844,11.911563873291016,26741000,
2016-7-11,15.710000038146973,15.847000122070312,15.628000259399414,15.736000061035156,12.082011222839355,25201000,
2016-7-12,15.857999801635742,16.090999603271484,15.824999809265137,15.859000205993652,12.176450729370117,20306000,
2016-7-13,15.890999794006348,16.038000106811523,15.734000205993652,15.741000175476074,12.08584976196289,15734000,
2016-7-14,15.954999923706055,16.106000900268555,15.88599967956543,16.07900047302246,12.345364570617676,23550000,
2016-7-15,16.111000061035156,16.156999588012695,15.965999603271484,16.115999221801758,12.373772621154785,19259000,
2016-7-18,16.242000579833984,16.3700008392334,16.19499969482422,16.232999801635742,12.463603973388672,14626000,
2016-7-19,16.14699935913086,16.200000762939453,15.979000091552734,16.05299949645996,12.325401306152344,14797000,
2016-7-20,16.15999984741211,16.37700080871582,16.091999053955078,16.267000198364258,12.489710807800293,18064000,
2016-7-21,16.301000595092773,16.347999572753906,15.982000350952148,16.041000366210938,12.316189765930176,19530000,
2016-7-22,15.958999633789062,16.030000686645508,15.668999671936035,15.967000007629395,12.259370803833008,19664000,
2016-7-25,15.96399974822998,16.06999969482422,15.927000045776367,15.977999687194824,12.267818450927734,9627000,
2016-7-26,16.141000747680664,16.350000381469727,16.03700065612793,16.3439998626709,12.548826217651367,28631000,
2016-7-27,16.5939998626709,16.760000228881836,16.270999908447266,16.56599998474121,12.719280242919922,30493000,
2016-7-28,16.5,16.69700050354004,16.392000198364258,16.42300033569336,12.609487533569336,19512000,
2016-7-29,16.39299964904785,16.46500015258789,16.110000610351562,16.197999954223633,12.436728477478027,26030000,
2016-8-1,16.277999877929688,16.38800048828125,16.190000534057617,16.35099983215332,12.554201126098633,17876000,
2016-8-2,16.309999465942383,16.39900016784668,16.226999282836914,16.288999557495117,12.506600379943848,22689000,
2016-8-3,16.187999725341797,16.415000915527344,16.128000259399414,16.410999298095703,12.600269317626953,15019000,
2016-8-4,16.427000045776367,16.700000762939453,16.420000076293945,16.698999404907227,12.821398735046387,19978000,
2016-8-5,16.795000076293945,17.020000457763672,16.722999572753906,17.011999130249023,13.061712265014648,25594000,
2016-8-8,17,17.12299919128418,16.785999298095703,16.834999084472656,12.925814628601074,19084000,
2016-8-9,16.893999099731445,17.216999053955078,16.8700008392334,17.117000579833984,13.14233684539795,32743000,
2016-8-10,17.121999740600586,17.218000411987305,16.983999252319336,17.184999465942383,13.194541931152344,19523000,
2016-8-11,17.207000732421875,17.31599998474121,17.09000015258789,17.208999633789062,13.212970733642578,15745000,
2016-8-12,17.21299934387207,17.261999130249023,17.13800048828125,17.246999740600586,13.242146492004395,16530000,
2016-8-15,17.336999893188477,17.58099937438965,17.25,17.554000854492188,13.477861404418945,25807000,
2016-8-16,17.481000900268555,17.499000549316406,17.209999084472656,17.239999771118164,13.236774444580078,19069000,
2016-8-17,17.225000381469727,17.327999114990234,17.176000595092773,17.30299949645996,13.285144805908203,16613000,
2016-8-18,17.281999588012695,17.417999267578125,17.263999938964844,17.39299964904785,13.354247093200684,21120000,
2016-8-19,17.417999267578125,17.506000518798828,17.343000411987305,17.493000030517578,13.431025505065918,15349000,
2016-8-22,17.5,17.631000518798828,17.4060001373291,17.593000411987305,13.507802963256836,15393000,
2016-8-23,17.672000885009766,17.746999740600586,17.61199951171875,17.733999252319336,13.61606502532959,19741000,
2016-8-24,17.756999969482422,17.768999099731445,17.437000274658203,17.530000686645508,13.459436416625977,21802000,
2016-8-25,17.552000045776367,17.714000701904297,17.4689998626709,17.604000091552734,13.516252517700195,18735000,
2016-8-26,17.683000564575195,17.864999771118164,17.51300048828125,17.715999603271484,13.602241516113281,22586000,
2016-8-29,17.729999542236328,17.868000030517578,17.690000534057617,17.739999771118164,13.620671272277832,16726000,
2016-8-30,17.81599998474121,17.941999435424805,17.5939998626709,17.700000762939453,13.589960098266602,27838000,
2016-8-31,17.709999084472656,17.832000732421875,17.53499984741211,17.642000198364258,13.545425415039062,32753000,
2016-9-1,17.687999725341797,17.767000198364258,17.48200035095215,17.708999633789062,13.596866607666016,39128000,
2016-9-2,17.700000762939453,17.733999252319336,16.8799991607666,17.31100082397461,13.291285514831543,80668000,
2016-9-6,17.36199951171875,17.399999618530273,16.964000701904297,17.110000610351562,13.136958122253418,36132000,
2016-9-7,17.142000198364258,17.200000762939453,16.770999908447266,16.889999389648438,12.968046188354492,31437000,
2016-9-8,16.839000701904297,16.882999420166016,16.6560001373291,16.83799934387207,12.928117752075195,18680000,
2016-9-9,16.632999420166016,16.704999923706055,16.066999435424805,16.077999114990234,12.344596862792969,45022000,
2016-9-12,15.913000106811523,16.475000381469727,15.875,16.447999954223633,12.628680229187012,35673000,
2016-9-13,16.447999954223633,16.736000061035156,16.43000030517578,16.52400016784668,12.687033653259277,36003000,
2016-9-14,16.523000717163086,16.993000030517578,16.5049991607666,16.961000442504883,13.02255630493164,40324000,
2016-9-15,16.933000564575195,17.299999237060547,16.81999969482422,17.27199935913086,13.301334381103516,36322000,0.051
2016-9-16,17.242000579833984,17.298999786376953,16.985000610351562,17.124000549316406,13.187363624572754,83067000,
2016-9-19,17.155000686645508,17.357999801635742,16.940000534057617,17.072999954223633,13.148085594177246,28306000,
2016-9-20,17.22100067138672,17.22100067138672,16.816999435424805,16.822999954223633,12.955557823181152,18722000,
2016-9-21,16.839000701904297,17.00200080871582,16.76099967956543,16.982999801635742,13.078774452209473,17977000,
2016-9-22,17.097000122070312,17.125,16.80699920654297,16.884000778198242,13.002534866333008,20619000,
2016-9-23,16.8700008392334,16.902999877929688,16.551000595092773,16.665000915527344,12.833884239196777,26875000,
2016-9-26,16.510000228881836,16.722999572753906,16.275999069213867,16.66900062561035,12.836960792541504,32033000,
2016-9-27,16.68899917602539,17.08799934387207,16.601999282836914,17.086000442504883,13.158099174499512,25353000,
2016-9-28,17.17799949645996,17.270999908447266,16.97800064086914,17.06999969482422,13.145774841308594,20843000,
2016-9-29,17,17.39900016784668,16.948999404907227,17.246000289916992,13.281315803527832,38570000,
2016-9-30,17.299999237060547,17.46500015258789,17.243999481201172,17.25200080871582,13.285933494567871,34220000,
2016-10-3,17.301000595092773,17.388999938964844,16.972000122070312,17.006999969482422,13.097258567810059,22807000,
2016-10-4,17.06100082397461,17.09000015258789,16.808000564575195,16.905000686645508,13.018705368041992,19596000,
2016-10-5,17.149999618530273,17.410999298095703,17.06800079345703,17.347999572753906,13.359864234924316,26149000,
2016-10-6,17.329999923706055,17.46500015258789,17.125999450683594,17.41900062561035,13.414542198181152,21014000,
2016-10-7,17.488000869750977,17.4950008392334,17.23900032043457,17.42099952697754,13.416084289550781,21842000,
2016-10-10,17.472999572753906,17.59000015258789,17.375999450683594,17.476999282836914,13.459212303161621,16336000,
2016-10-11,17.52899932861328,17.549999237060547,16.952999114990234,17.117000579833984,13.18197250366211,26181000,
2016-10-12,17.075000762939453,17.106000900268555,16.84000015258789,17.047000885009766,13.128060340881348,21740000,
2016-10-13,16.87700080871582,16.989999771118164,16.68000030517578,16.893999099731445,13.010234832763672,22373000,
2016-10-14,16.99799919128418,17.263999938964844,16.93400001525879,17.009000778198242,13.098797798156738,19570000,
2016-10-17,16.969999313354492,17.094999313354492,16.87299919128418,16.88800048828125,13.005616188049316,12741000,
2016-10-18,17.065000534057617,17.28700065612793,17.054000854492188,17.216999053955078,13.258983612060547,14167000,
2016-10-19,17.117000579833984,17.22800064086914,17.01099967956543,17.187000274658203,13.23587703704834,20440000,
2016-10-20,17.166000366210938,17.45800018310547,17.101999282836914,17.340999603271484,13.354472160339355,18961000,
2016-10-21,17.229000091552734,17.34000015258789,17.06999969482422,17.29199981689453,13.316740036010742,15842000,
2016-10-24,17.416000366210938,17.700000762939453,17.356000900268555,17.655000686645508,13.596290588378906,19772000,
2016-10-25,17.60300064086914,17.649999618530273,17.35099983215332,17.364999771118164,13.372960090637207,21622000,
2016-10-26,17.21500015258789,17.47800064086914,17.110000610351562,17.299999237060547,13.322898864746094,21075000,
2016-10-27,17.430999755859375,17.524999618530273,17.17799949645996,17.224000930786133,13.264375686645508,19840000,
2016-10-28,17.249000549316406,17.28700065612793,16.90399932861328,16.934999465942383,13.0418119430542,20651000,
2016-10-31,17,17.166000366210938,16.868999481201172,17.027999877929688,13.11342716217041,20317000,
2016-11-1,17.07200050354004,17.155000686645508,16.58300018310547,16.8799991607666,12.999455451965332,28452000,
2016-11-2,17.291000366210938,17.415000915527344,16.981000900268555,17.256000518798828,13.289015769958496,43501000,
2016-11-3,17.2450008392334,17.534000396728516,17.21500015258789,17.298999786376953,13.322129249572754,20654000,
2016-11-4,17.040000915527344,17.452999114990234,17.023000717163086,17.216999053955078,13.258983612060547,21753000,
2016-11-7,17.43899917602539,17.788000106811523,17.410999298095703,17.695999145507812,13.627863883972168,26126000,
2016-11-8,17.707000732421875,17.802000045776367,17.51099967956543,17.700000762939453,13.63094711303711,18923000,
2016-11-9,17.14699935913086,17.649999618530273,17.115999221801758,17.341999053955078,13.355243682861328,32506000,
2016-11-10,17.371999740600586,17.450000762939453,16.329999923706055,16.79400062561035,12.9332275390625,51217000,
2016-11-11,16.735000610351562,17,16.572999954223633,16.753999710083008,12.902421951293945,29793000,
2016-11-14,16.64699935913086,16.777000427246094,16.302000045776367,16.378000259399414,12.612859725952148,28187000,
2016-11-15,16.482999801635742,16.75,16.361000061035156,16.645000457763672,12.818480491638184,25380000,
2016-11-16,16.6299991607666,16.816999435424805,16.575000762939453,16.783000946044922,12.92475700378418,13333000,
2016-11-17,16.735000610351562,16.902000427246094,16.601999282836914,16.70400047302246,12.863914489746094,18100000,
2016-11-18,16.674999237060547,16.916000366210938,16.674999237060547,16.81599998474121,12.950165748596191,19524000,
2016-11-21,16.913000106811523,17.275999069213867,16.913000106811523,17.257999420166016,13.290558815002441,21384000,
2016-11-22,17.371999740600586,17.742000579833984,17.33099937438965,17.70199966430664,13.632484436035156,31024000,
2016-11-23,17.63599967956543,17.775999069213867,17.52400016784668,17.70800018310547,13.637105941772461,22123000,
2016-11-25,17.67799949645996,17.70199966430664,17.55699920654297,17.674999237060547,13.611695289611816,8198000,
2016-11-28,17.606000900268555,17.707000732421875,17.45400047302246,17.46500015258789,13.449969291687012,26570000,
2016-11-29,17.38599967956543,17.697999954223633,17.343000411987305,17.545000076293945,13.511576652526855,18514000,
2016-11-30,17.511999130249023,17.59000015258789,17.04400062561035,17.048999786376953,13.12960147857666,31249000,
2016-12-1,17.000999450683594,17.048999786376953,16.121000289916992,16.27899932861328,12.536619186401367,46389000,
2016-12-2,16.35700035095215,16.492000579833984,16.062000274658203,16.422000885009766,12.646743774414062,26945000,
2016-12-5,16.60099983215332,16.660999298095703,16.239999771118164,16.613000869750977,12.79383659362793,21372000,
2016-12-6,16.680999755859375,16.797000885009766,16.344999313354492,16.47599983215332,12.68832778930664,39184000,
2016-12-7,16.47599983215332,16.854999542236328,16.367000579833984,16.854999542236328,12.980199813842773,32659000,
2016-12-8,16.954999923706055,17.13800048828125,16.750999450683594,17.070999145507812,13.146543502807617,38361000,
2016-12-9,18.094999313354492,18.190000534057617,17.690000534057617,17.909000396728516,13.791894912719727,75744000,
2016-12-12,17.80500030517578,18.07699966430664,17.6560001373291,17.81599998474121,13.7202787399292,37194000,
2016-12-13,17.874000549316406,18.194000244140625,17.799999237060547,17.944000244140625,13.818852424621582,69076000,
2016-12-14,17.875,17.922000885009766,17.62299919128418,17.761999130249023,13.756890296936035,46795000,0.102
2016-12-15,17.83099937438965,18.1200008392334,17.656999588012695,18.000999450683594,13.942001342773438,38103000,
2016-12-16,18.075000762939453,18.108999252319336,17.74799919128418,17.841999053955078,13.81885051727295,41541000,
2016-12-19,17.906999588012695,18.141000747680664,17.812000274658203,18.04599952697754,13.976853370666504,22219000,
2016-12-20,18.100000381469727,18.327999114990234,18.013999938964844,18.207000732421875,14.10154914855957,27352000,
2016-12-21,18.37299919128418,18.39900016784668,18.17799949645996,18.229000091552734,14.118585586547852,21013000,
2016-12-22,18.28499984741211,18.299999237060547,17.937999725341797,18.059999465942383,13.987696647644043,17557000,
2016-12-23,18.0049991607666,18.197999954223633,17.965999603271484,18.194000244140625,14.09148120880127,8977000,
2016-12-27,18.211000442504883,18.3700008392334,18.204999923706055,18.231000900268555,14.120140075683594,8283000,
2016-12-28,18.263999938964844,18.299999237060547,17.983999252319336,18.018999099731445,13.955939292907715,14039000,
2016-12-29,17.969999313354492,18.066999435424805,17.863000869750977,17.98699951171875,13.931158065795898,13671000,
2016-12-30,18.03700065612793,18.09000015258789,17.601999282836914,17.677000045776367,13.691058158874512,25421000,
2017-1-3,17.82900047302246,18.09000015258789,17.65399932861328,17.833999633789062,13.812653541564941,32098000,
2017-1-4,17.826000213623047,17.899999618530273,17.667999267578125,17.707000732421875,13.71429443359375,23965000,
2017-1-5,17.632999420166016,17.700000762939453,17.38800048828125,17.42799949645996,13.498204231262207,24861000,
2017-1-6,17.42099952697754,17.690000534057617,17.33099937438965,17.659000396728516,13.677115440368652,23142000,
2017-1-9,17.665000915527344,17.829999923706055,17.663999557495117,17.69700050354004,13.706546783447266,20265000,
2017-1-10,17.749000549316406,18.073999404907227,17.690000534057617,18.05699920654297,13.985369682312012,30181000,
2017-1-11,18.0049991607666,18.047000885009766,17.775999069213867,17.941999435424805,13.896303176879883,18787000,
2017-1-12,17.80900001525879,17.90999984741211,17.540000915527344,17.88599967956543,13.852934837341309,23137000,
2017-1-13,17.889999389648438,18.077999114990234,17.839000701904297,18.045000076293945,13.976078033447266,20902000,
2017-1-17,17.947999954223633,17.96299934387207,17.756000518798828,17.910999298095703,13.87229061126709,26316000,
2017-1-18,18.035999298095703,18.506999969482422,18,18.50200080871582,14.330032348632812,35642000,
2017-1-19,18.510000228881836,18.687999725341797,18.468000411987305,18.555999755859375,14.371854782104492,45718000,
2017-1-20,18.860000610351562,19.15399932861328,18.809999465942383,19.107999801635742,14.799386024475098,57623000,
2017-1-23,19.10099983215332,19.152999877929688,18.841999053955078,19.100000381469727,14.79318904876709,33394000,
2017-1-24,19.27199935913086,19.964000701904297,19.22800064086914,19.774999618530273,15.315983772277832,62008000,
2017-1-25,19.992000579833984,20.259000778198242,19.80299949645996,20.24799919128418,15.682332992553711,60888000,
2017-1-26,20.444000244140625,20.527000427246094,20.113000869750977,20.41699981689453,15.813220024108887,38820000,
2017-1-27,20.538000106811523,20.57900047302246,20.354000091552734,20.570999145507812,15.932497024536133,25780000,
2017-1-30,20.44499969482422,20.48699951171875,20.06100082397461,20.32200050354004,15.739639282226562,33234000,
2017-1-31,20.246999740600586,20.246999740600586,19.88599967956543,19.950000762939453,15.451523780822754,26749000,
2017-2-1,20.225000381469727,20.447999954223633,20.020999908447266,20.368999481201172,15.776042938232422,31184000,
2017-2-2,20.19700050354004,20.503000259399414,20.100000381469727,20.405000686645508,15.80393123626709,22712000,
2017-2-3,20.4950008392334,20.65999984741211,20.30299949645996,20.615999221801758,15.967350006103516,24367000,
2017-2-6,20.614999771118164,20.666000366210938,20.43000030517578,20.6560001373291,15.998332977294922,18716000,
2017-2-7,20.72100067138672,20.739999771118164,20.493000030517578,20.590999603271484,15.947985649108887,22840000,
2017-2-8,20.597000122070312,20.875,20.516000747680664,20.68899917602539,16.02389144897461,21069000,
2017-2-9,20.732999801635742,20.768999099731445,20.363000869750977,20.534000396728516,15.903838157653809,27519000,
2017-2-10,20.600000381469727,20.649999618530273,20.385000228881836,20.552000045776367,15.917780876159668,23842000,
2017-2-13,20.67799949645996,20.711000442504883,20.517000198364258,20.67099952697754,16.00994873046875,12463000,
2017-2-14,20.698999404907227,20.700000762939453,20.479999542236328,20.533000946044922,15.903064727783203,17357000,
2017-2-15,20.582000732421875,20.694000244140625,20.479999542236328,20.599000930786133,15.954191207885742,17088000,
2017-2-16,20.645999908447266,20.82200050354004,20.51799964904785,20.81800079345703,16.123802185058594,17188000,
2017-2-17,20.899999618530273,21.041000366210938,20.68199920654297,21.041000366210938,16.296520233154297,30945000,
2017-2-21,21.100000381469727,21.36199951171875,21.090999603271484,21.274999618530273,16.47774887084961,30333000,
2017-2-22,21.299999237060547,21.493000030517578,21.149999618530273,21.416000366210938,16.58696174621582,23949000,
2017-2-23,21.507999420166016,21.59600067138672,20.964000701904297,21.058000564575195,16.30968475341797,29364000,
2017-2-24,20.83799934387207,21.065000534057617,20.26099967956543,21.03700065612793,16.293420791625977,27651000,
2017-2-27,21.066999435424805,21.344999313354492,21.018999099731445,21.327999114990234,16.518802642822266,26991000,
2017-2-28,21.413999557495117,21.43400001525879,21.030000686645508,21.093000411987305,16.336793899536133,27548000,
2017-3-1,21.30699920654297,21.538999557495117,21.055999755859375,21.513999938964844,16.662860870361328,51155000,
2017-3-2,22.410999298095703,22.49799919128418,21.601999282836914,21.729000091552734,16.829376220703125,71171000,
2017-3-3,21.799999237060547,22,21.770000457763672,21.832000732421875,16.909162521362305,30747000,
2017-3-6,21.636999130249023,21.85300064086914,21.517000198364258,21.79400062561035,16.879724502563477,22771000,
2017-3-7,21.733999252319336,22.136999130249023,21.708999633789062,21.924999237060547,16.981184005737305,29129000,
2017-3-8,21.922000885009766,22.124000549316406,21.854999542236328,21.96299934387207,17.010618209838867,24532000,
2017-3-9,21.878000259399414,22.285999298095703,21.812000274658203,22.201000213623047,17.1949520111084,25675000,
2017-3-10,22.273000717163086,22.641000747680664,22.273000717163086,22.635000228881836,17.53109359741211,39430000,
2017-3-13,22.586000442504883,22.774999618530273,22.535999298095703,22.645000457763672,17.53883934020996,26669000,
2017-3-14,22.47599983215332,22.628000259399414,22.35099983215332,22.434999465942383,17.376190185546875,22165000,
2017-3-15,22.433000564575195,22.665000915527344,22.323999404907227,22.593000411987305,17.498559951782227,20727000,
2017-3-16,22.54800033569336,22.582000732421875,22.156999588012695,22.236000061035156,17.300168991088867,27835000,0.102
2017-3-17,22.351999282836914,22.371000289916992,22.084999084472656,22.118000030517578,17.20836067199707,51635000,
2017-3-20,22.118000030517578,22.263999938964844,22.077999114990234,22.124000549316406,17.213027954101562,17215000,
2017-3-21,22.224000930786133,22.29800033569336,21.552000045776367,21.601999282836914,16.806896209716797,30557000,
2017-3-22,21.601999282836914,21.836999893188477,21.538999557495117,21.742000579833984,16.91581916809082,19131000,
2017-3-23,21.72599983215332,21.84600067138672,21.64299964904785,21.68600082397461,16.872249603271484,19223000,
2017-3-24,21.801000595092773,22.139999389648438,21.77400016784668,21.89699935913086,17.03641700744629,23794000,
2017-3-27,21.683000564575195,22.01799964904785,21.597000122070312,21.905000686645508,17.042638778686523,15358000,
2017-3-28,21.85099983215332,22.17799949645996,21.834999084472656,22.094999313354492,17.190462112426758,17929000,
2017-3-29,22.079999923706055,22.135000228881836,21.968000411987305,22.131000518798828,17.218473434448242,15927000,
2017-3-30,22.190000534057617,22.44499969482422,21.88599967956543,22.003999710083008,17.11966896057129,34168000,
2017-3-31,21.999000549316406,22.099000930786133,21.80299949645996,21.895999908447266,17.035640716552734,25897000,
2017-4-3,21.899999618530273,21.999000549316406,21.666000366210938,21.8799991607666,17.023191452026367,19210000,
2017-4-4,21.816999435424805,22.041000366210938,21.788000106811523,21.895999908447266,17.035640716552734,12634000,
2017-4-5,21.95400047302246,22.049999237060547,21.68000030517578,21.71299934387207,16.893260955810547,15690000,
2017-4-6,21.670000076293945,21.847000122070312,21.55900001525879,21.75,16.92204475402832,14615000,
2017-4-7,21.75,21.983999252319336,21.70400047302246,21.825000762939453,16.980392456054688,16412000,
2017-4-10,21.707000732421875,21.905000686645508,21.625999450683594,21.802000045776367,16.96250343322754,17994000,
2017-4-11,21.6560001373291,21.84000015258789,21.402999877929688,21.7549991607666,16.925935745239258,22219000,
2017-4-12,21.566999435424805,21.61400032043457,20.8439998626709,20.920000076293945,16.276281356811523,61026000,
2017-4-13,20.92099952697754,21.39699935913086,20.899999618530273,21.131999969482422,16.44123077392578,42579000,
2017-4-17,21.238000869750977,21.43600082397461,21.2189998626709,21.386999130249023,16.639619827270508,14507000,
2017-4-18,21.305999755859375,21.371000289916992,21.20599937438965,21.309999465942383,16.579715728759766,8486000,
2017-4-19,21.378000259399414,21.482999801635742,21.326000213623047,21.363000869750977,16.620948791503906,12081000,
2017-4-20,21.5,21.91200065612793,21.422000885009766,21.820999145507812,16.977275848388672,16916000,
2017-4-21,21.742000579833984,21.83300018310547,21.615999221801758,21.766000747680664,16.934490203857422,14683000,
2017-4-24,22.069000244140625,22.190000534057617,21.968000411987305,22.124000549316406,17.213027954101562,17531000,
2017-4-25,22.20199966430664,22.399999618530273,22.19499969482422,22.31999969482422,17.36551856994629,14848000,
2017-4-26,22.349000930786133,22.39299964904785,22.086999893188477,22.167999267578125,17.24726104736328,14726000,
2017-4-27,22.288999557495117,22.409000396728516,22.20599937438965,22.30900001525879,17.356962203979492,11850000,
2017-4-28,22.283000946044922,22.31399917602539,21.976999282836914,22.08099937438965,17.1795711517334,16490000,
2017-5-1,22.208999633789062,22.22599983215332,21.990999221801758,22.131999969482422,17.219249725341797,15339000,
2017-5-2,22.34600067138672,22.549999237060547,22.149999618530273,22.545000076293945,17.540573120117188,27277000,
2017-5-3,22.451000213623047,22.618999481201172,22.354999542236328,22.489999771118164,17.497779846191406,18002000,
2017-5-4,22.525999069213867,22.586000442504883,22.18600082397461,22.34000015258789,17.381080627441406,16245000,
2017-5-5,22.496000289916992,22.64900016784668,22.405000686645508,22.645000457763672,17.618379592895508,23128000,
2017-5-8,22.652000427246094,22.709999084472656,22.38599967956543,22.507999420166016,17.511781692504883,17448000,
2017-5-9,22.562000274658203,22.940000534057617,22.47100067138672,22.84600067138672,17.774763107299805,19261000,
2017-5-10,22.948999404907227,23.341999053955078,22.868999481201172,23.132999420166016,17.998050689697266,24433000,
2017-5-11,23.06800079345703,23.184999465942383,22.823999404907227,23.108999252319336,17.979381561279297,14823000,
2017-5-12,23.148000717163086,23.604999542236328,23.083999633789062,23.59600067138672,18.358280181884766,25852000,
2017-5-15,23.56100082397461,23.989999771118164,23.5,23.902999877929688,18.59712791442871,29172000,
2017-5-16,23.993999481201172,24.128999710083008,23.868999481201172,24.06800079345703,18.725505828857422,18128000,
2017-5-17,23.799999237060547,23.89699935913086,23.108999252319336,23.118000030517578,17.98638343811035,31447000,
2017-5-18,23.158000946044922,23.86199951171875,22.76799964904785,23.766000747680664,18.49055290222168,30699000,
2017-5-19,23.67099952697754,23.698999404907227,23.204999923706055,23.40999984741211,18.213565826416016,35812000,
2017-5-22,23.55299949645996,23.898000717163086,23.422000885009766,23.83799934387207,18.54656219482422,20419000,
2017-5-23,23.834999084472656,23.89299964904785,23.583999633789062,23.65399932861328,18.40340232849121,13696000,
2017-5-24,23.84600067138672,24.000999450683594,23.69700050354004,23.959999084472656,18.6414852142334,16392000,
2017-5-25,24.111000061035156,24.1560001373291,23.87299919128418,24.086000442504883,18.739513397216797,19010000,
2017-5-26,24.09000015258789,24.15999984741211,23.832000732421875,24.121000289916992,18.766738891601562,13120000,
2017-5-30,24.049999237060547,24.138999938964844,23.899999618530273,23.98200035095215,18.658597946166992,29364000,
2017-5-31,24.25200080871582,24.288999557495117,23.756000518798828,23.947999954223633,18.63214683532715,44830000,
2017-6-1,24.15999984741211,24.187000274658203,23.381000518798828,23.458999633789062,18.251691818237305,63774000,
2017-6-2,24.854000091552734,25.582000732421875,24.415000915527344,25.452999114990234,19.803070068359375,108613000,
2017-6-5,25.399999618530273,25.67799949645996,25.020000457763672,25.22100067138672,19.62257194519043,39532000,
2017-6-6,25.07699966430664,25.534000396728516,25.062000274658203,25.38599967956543,19.750944137573242,29653000,
2017-6-7,25.368000030517578,25.584999084472656,25.297000885009766,25.42799949645996,19.783620834350586,29290000,
2017-6-8,25.5,25.610000610351562,25.23200035095215,25.4950008392334,19.835750579833984,28273000,
2017-6-9,25.551000595092773,25.600000381469727,24.145000457763672,24.333999633789062,18.93246078491211,58191000,
2017-6-12,24.040000915527344,24.31100082397461,23.575000762939453,24.267000198364258,18.88033103942871,54872000,
2017-6-13,24.496000289916992,24.791000366210938,24.16699981689453,24.29400062561035,18.90134048461914,30853000,
2017-6-14,24.35700035095215,24.4950008392334,23.76300048828125,24.054000854492188,18.714611053466797,34509000,
2017-6-15,23.534000396728516,23.948999404907227,23.527000427246094,23.798999786376953,18.59506607055664,27527000,0.102
2017-6-16,23.89299964904785,23.94300079345703,23.51300048828125,23.625,18.459117889404297,35819000,
2017-6-19,24.481000900268555,24.481000900268555,24.03499984741211,24.114999771118164,18.841970443725586,28519000,
2017-6-20,24.200000762939453,24.364999771118164,23.985000610351562,23.999000549316406,18.7513370513916,24429000,
2017-6-21,24.357999801635742,24.590999603271484,24.191999435424805,24.511999130249023,19.15216064453125,34998000,
2017-6-22,24.551000595092773,24.641000747680664,24.308000564575195,24.40399932861328,19.06778335571289,18666000,
2017-6-23,24.354000091552734,24.687000274658203,24.27899932861328,24.525999069213867,19.163105010986328,34985000,
2017-6-26,24.599000930786133,24.790000915527344,24.1200008392334,24.274999618530273,18.96698570251465,32103000,
2017-6-27,24.13599967956543,24.198999404907227,23.523000717163086,23.533000946044922,18.387231826782227,33582000,
2017-6-28,23.659000396728516,24.17300033569336,23.450000762939453,24.104999542236328,18.83415985107422,24533000,
2017-6-29,23.8700008392334,23.89699935913086,23.05699920654297,23.40399932861328,18.28643798828125,34513000,
2017-6-30,23.62700080871582,23.66900062561035,23.285999298095703,23.30500030517578,18.209087371826172,26534000,
2017-7-3,23.451000213623047,23.52400016784668,22.908000946044922,22.97599983215332,17.952024459838867,21123000,
2017-7-5,23.100000381469727,23.232999801635742,22.910999298095703,23.160999298095703,18.096576690673828,29699000,
2017-7-6,22.756000518798828,23.572999954223633,22.75,23.503999710083008,18.36457633972168,26334000,
2017-7-7,23.530000686645508,24.018999099731445,23.527000427246094,23.961999893188477,18.722429275512695,24731000,
2017-7-10,24.051000595092773,24.194000244140625,23.881000518798828,24.177000045776367,18.890419006347656,22499000,
2017-7-11,24.200000762939453,24.260000228881836,23.93899917602539,24.089000701904297,18.821653366088867,20502000,
2017-7-12,24.299999237060547,24.718000411987305,24.106000900268555,24.642000198364258,19.253734588623047,27710000,
2017-7-13,24.711999893188477,24.98699951171875,24.655000686645508,24.731000900268555,19.323278427124023,20400000,
2017-7-14,24.863000869750977,25.040000915527344,24.78499984741211,25.02899932861328,19.556114196777344,14417000,
2017-7-17,25.07900047302246,25.236000061035156,24.88599967956543,24.902000427246094,19.456886291503906,18746000,
2017-7-18,24.72599983215332,25.093000411987305,24.606000900268555,25.08799934387207,19.602214813232422,13003000,
2017-7-19,25.200000762939453,25.45400047302246,25.05500030517578,25.440000534057617,19.87724494934082,25526000,
2017-7-20,25.450000762939453,25.5,25.235000610351562,25.343000411987305,19.801456451416016,12135000,
2017-7-21,25.152999877929688,25.351999282836914,25.04599952697754,25.31100082397461,19.776451110839844,15504000,
2017-7-24,25.32900047302246,25.368000030517578,25.16900062561035,25.30299949645996,19.770204544067383,13638000,
2017-7-25,25.280000686645508,25.44099998474121,25.01799964904785,25.43000030517578,19.869428634643555,16123000,
2017-7-26,25.4689998626709,25.819000244140625,25.461999893188477,25.701000213623047,20.081172943115234,19971000,
2017-7-27,25.820999145507812,25.849000930786133,24.895000457763672,25.094999313354492,19.607681274414062,32010000,
2017-7-28,24.892000198364258,25.11199951171875,24.75,25.03700065612793,19.562360763549805,31919000,
2017-7-31,25.097999572753906,25.2450008392334,24.54599952697754,24.666000366210938,19.272491455078125,18902000,
2017-8-1,24.822999954223633,25,24.695999145507812,24.839000701904297,19.407665252685547,17582000,
2017-8-2,25.459999084472656,25.72800064086914,25.106000900268555,25.336000442504883,19.795984268188477,36970000,
2017-8-3,25.2810001373291,25.299999237060547,24.722999572753906,25.02899932861328,19.556114196777344,23447000,
2017-8-4,25.073999404907227,25.097000122070312,24.812000274658203,24.91699981689453,19.46860694885254,13454000,
2017-8-7,24.93899917602539,25.288999557495117,24.889999389648438,25.243999481201172,19.724103927612305,18730000,
2017-8-8,25.197999954223633,25.429000854492188,25.04199981689453,25.13599967956543,19.63971710205078,20439000,
2017-8-9,24.952999114990234,25.035999298095703,24.75200080871582,24.91699981689453,19.46860694885254,21256000,
2017-8-10,24.666000366210938,24.700000762939453,24.04599952697754,24.070999145507812,18.807594299316406,29033000,
2017-8-11,24.0049991607666,24.52400016784668,23.8700008392334,24.41699981689453,19.077939987182617,16976000,
2017-8-14,24.68600082397461,25.125,24.600000381469727,25.090999603271484,19.604555130004883,16736000,
2017-8-15,25.312000274658203,25.4060001373291,25.12700080871582,25.368999481201172,19.821767807006836,20942000,
2017-8-16,25.43199920654297,25.474000930786133,25.180999755859375,25.341999053955078,19.800670623779297,15394000,
2017-8-17,25.299999237060547,25.424999237060547,24.665000915527344,24.69499969482422,19.295150756835938,22793000,
2017-8-18,24.732999801635742,25.148000717163086,24.613000869750977,24.937000274658203,19.484233856201172,20126000,
2017-8-21,25.18899917602539,25.18899917602539,24.618000030517578,24.961999893188477,19.503767013549805,20693000,
2017-8-22,25.183000564575195,25.618999481201172,25.100000381469727,25.518999099731445,19.93896484375,26917000,
2017-8-23,25.392000198364258,25.891000747680664,25.339000701904297,25.691999435424805,20.074146270751953,27928000,
2017-8-24,25.867000579833984,25.93600082397461,25.110000610351562,25.5049991607666,19.928028106689453,52119000,
2017-8-25,25.225000381469727,25.440000534057617,24.378000259399414,24.55900001525879,19.188888549804688,69099000,
2017-8-28,24.70400047302246,24.763999938964844,24.25,24.325000762939453,19.006052017211914,34174000,
2017-8-29,24.128999710083008,24.45800018310547,24.003000259399414,24.17300033569336,18.887290954589844,33536000,
2017-8-30,24.1560001373291,24.634000778198242,24.08799934387207,24.601999282836914,19.22247886657715,21924000,
2017-8-31,24.66200065612793,25.253000259399414,24.55500030517578,25.207000732421875,19.6951961517334,29491000,
2017-9-1,25.232999801635742,25.534000396728516,25.229999542236328,25.273000717163086,19.74675941467285,23242000,
2017-9-5,25.011999130249023,25.273000717163086,24.70199966430664,24.905000686645508,19.459230422973633,24306000,
2017-9-6,25.06100082397461,25.131000518798828,24.770000457763672,24.937999725341797,19.485015869140625,13996000,
2017-9-7,24.979000091552734,25,24.613000869750977,24.655000686645508,19.263891220092773,16088000,
2017-9-8,24.591999053955078,24.639999389648438,24.309999465942383,24.410999298095703,19.073246002197266,18094000,
2017-9-11,24.70800018310547,24.823999404907227,24.60099983215332,24.77400016784668,19.35687255859375,16878000,
2017-9-12,24.965999603271484,24.974000930786133,24.549999237060547,24.714000701904297,19.30999755859375,18396000,
2017-9-13,24.582000732421875,24.791000366210938,24.514999389648438,24.624000549316406,19.239673614501953,29664000,
2017-9-14,24.461999893188477,24.750999450683594,24.323999404907227,24.69499969482422,19.295150756835938,28645000,
2017-9-15,24.76300048828125,25.118999481201172,24.51099967956543,25.05500030517578,19.576427459716797,50066000,
2017-9-18,25.104999542236328,25.283000946044922,24.861000061035156,24.98200035095215,19.599185943603516,25743000,0.102
2017-9-19,25.117000579833984,25.184999465942383,24.83300018310547,24.97599983215332,19.59447479248047,22088000,
2017-9-20,24.974000930786133,24.988000869750977,23.785999298095703,24.291000366210938,19.057071685791016,57010000,
2017-9-21,24.246000289916992,24.270000457763672,23.81800079345703,24.038000106811523,18.85858154296875,28620000,
2017-9-22,23.833999633789062,24.075000762939453,23.812000274658203,23.923999786376953,18.76914405822754,23100000,
2017-9-25,23.7189998626709,23.7810001373291,23.152999877929688,23.551000595092773,18.47651481628418,38692000,
2017-9-26,23.788000106811523,23.9950008392334,23.5310001373291,23.726999282836914,18.614595413208008,39010000,
2017-9-27,23.950000762939453,24.267000198364258,23.857999801635742,24.058000564575195,18.8742733001709,26489000,
2017-9-28,23.951000213623047,24.336000442504883,23.950000762939453,24.29400062561035,19.05942726135254,21932000,
2017-9-29,24.29400062561035,24.42799949645996,24.150999069213867,24.253999710083008,19.02804183959961,17319000,
2017-10-2,24.5310001373291,24.5310001373291,23.975000381469727,24.047000885009766,18.86564064025879,19431000,
2017-10-3,24.007999420166016,24.094999313354492,23.788999557495117,23.950000762939453,18.789548873901367,25611000,
2017-10-4,23.878000259399414,24.232999801635742,23.750999450683594,24.200000762939453,18.98568344116211,23271000,
2017-10-5,24.32699966430664,24.573999404907227,24.23699951171875,24.367000579833984,19.116695404052734,22811000,
2017-10-6,24.030000686645508,24.575000762939453,24.030000686645508,24.573999404907227,19.279094696044922,17489000,
2017-10-9,24.600000381469727,24.725000381469727,24.538999557495117,24.642000198364258,19.332441329956055,16551000,
2017-10-10,24.753000259399414,24.81599998474121,24.304000854492188,24.599000930786133,19.2987060546875,15348000,
2017-10-11,24.520999908447266,25.117000579833984,24.513999938964844,25.040000915527344,19.644678115844727,26603000,
2017-10-12,25.04199981689453,25.128000259399414,24.827999114990234,24.874000549316406,19.51445960998535,20067000,
2017-10-13,25.014999389648438,25.083999633789062,24.746999740600586,24.79599952697754,19.45325469970703,15257000,
2017-10-16,24.857999801635742,24.94700050354004,24.562000274658203,24.66699981689453,19.352054595947266,14899000,
2017-10-17,24.583999633789062,24.5939998626709,24.233999252319336,24.261999130249023,19.03432273864746,26965000,
2017-10-18,24.33300018310547,24.461000442504883,23.979999542236328,24.399999618530273,19.142581939697266,19905000,
2017-10-19,24.082000732421875,24.437000274658203,23.836000442504883,24.429000854492188,19.165332794189453,25844000,
2017-10-20,24.695999145507812,24.700000762939453,24.375999450683594,24.423999786376953,19.161413192749023,23548000,
2017-10-23,24.51799964904785,24.565000534057617,24.270999908447266,24.427000045776367,19.163761138916016,23418000,
2017-10-24,24.506999969482422,24.81399917602539,24.410999298095703,24.76799964904785,19.431291580200195,22887000,
2017-10-25,24.58799934387207,24.89299964904785,24.42300033569336,24.582000732421875,19.285369873046875,20955000,
2017-10-26,24.726999282836914,24.78499984741211,24.375999450683594,24.375999450683594,19.123756408691406,24446000,
2017-10-27,24.457000732421875,25.298999786376953,24.27899932861328,25.290000915527344,19.84081268310547,44753000,
2017-10-30,25.329999923706055,26.219999313354492,25.32699966430664,26.12299919128418,20.494335174560547,50202000,
2017-10-31,26.25,26.670000076293945,26.1299991607666,26.391000747680664,20.70458221435547,32845000,
2017-11-1,26.423999786376953,26.56399917602539,25.68899917602539,25.929000854492188,20.34213638305664,27333000,
2017-11-2,26.216999053955078,26.464000701904297,24.886999130249023,25.950000762939453,20.358610153198242,67196000,
2017-11-3,26.402999877929688,27.799999237060547,25.711000442504883,27.363000869750977,21.467153549194336,120503000,
2017-11-6,27.829999923706055,28.18000030517578,27.003000259399414,27.75200080871582,21.772335052490234,78088000,
2017-11-7,27.253999710083008,27.450000762939453,26.753999710083008,27.131999969482422,21.285924911499023,36789000,
2017-11-8,26.933000564575195,27.381999969482422,26.724000930786133,27.239999771118164,21.370656967163086,30254000,
2017-11-9,26.86400032043457,27.040000915527344,26.25,26.56399917602539,20.840309143066406,30980000,
2017-11-10,26.57900047302246,26.663999557495117,26.360000610351562,26.496000289916992,20.786970138549805,20338000,
2017-11-13,26.25,26.597999572753906,26.155000686645508,26.500999450683594,20.790884017944336,28064000,
2017-11-14,26.329999923706055,26.558000564575195,26.125999450683594,26.326000213623047,20.653594970703125,19718000,
2017-11-15,26.229999542236328,26.700000762939453,25.80299949645996,26.559999465942383,20.83717155456543,29032000,
2017-11-16,26.68000030517578,27.46500015258789,26.611000061035156,27.211000442504883,21.3479061126709,31000000,
2017-11-17,27.177000045776367,27.211000442504883,26.843000411987305,27.18600082397461,21.328292846679688,24069000,
2017-11-20,27.261999130249023,27.674999237060547,27.138999938964844,27.488000869750977,21.565221786499023,28639000,
2017-11-21,27.610000610351562,27.820999145507812,27.490999221801758,27.659000396728516,21.699378967285156,20903000,
2017-11-22,27.70199966430664,27.770999908447266,27.41699981689453,27.53700065612793,21.603656768798828,18642000,
2017-11-24,27.66699981689453,28.298999786376953,27.650999069213867,28.238000869750977,22.15361976623535,11572000,
2017-11-27,28.025999069213867,28.56800079345703,27.976999282836914,28.461999893188477,22.329355239868164,26230000,
2017-11-28,28.486000061035156,28.489999771118164,27.68400001525879,27.739999771118164,21.762922286987305,26796000,
2017-11-29,27.799999237060547,27.81399917602539,26.48699951171875,27.149999618530273,21.300046920776367,47231000,
2017-11-30,27.17799949645996,27.834999084472656,27.009000778198242,27.79400062561035,21.80529022216797,31452000,
2017-12-1,27.520999908447266,27.551000595092773,26.405000686645508,27.1560001373291,21.304758071899414,47729000,
2017-12-4,27.391000747680664,27.45199966430664,26.013999938964844,26.361000061035156,20.681049346923828,48439000,
2017-12-5,26.266000747680664,26.61199951171875,26.045000076293945,26.165000915527344,20.52729034423828,38117000,
2017-12-6,25.882999420166016,26.441999435424805,25.420000076293945,26.388999938964844,20.703020095825195,48751000,
2017-12-7,27.48900032043457,27.56999969482422,26.16699981689453,26.388999938964844,20.703020095825195,79282000,
2017-12-8,26.57699966430664,26.694000244140625,25.93000030517578,25.990999221801758,20.390775680541992,41848000,
2017-12-11,25.93400001525879,26.354999542236328,25.878999710083008,25.9950008392334,20.393911361694336,34941000,
2017-12-12,25.93600082397461,26.08799934387207,25.57200050354004,25.8700008392334,20.295846939086914,28541000,
2017-12-13,26.041000366210938,26.32900047302246,26.01799964904785,26.202999114990234,20.557092666625977,26943000,
2017-12-14,26.233999252319336,26.299999237060547,25.670000076293945,25.93400001525879,20.346054077148438,37595000,
2017-12-15,26.165000915527344,26.600000381469727,25.826000213623047,26.572999954223633,20.847368240356445,45091000,
2017-12-18,26.408000946044922,26.650999069213867,26.259000778198242,26.43899917602539,20.879749298095703,29786000,0.175
2017-12-19,26.329999923706055,26.52899932861328,26.12700080871582,26.3700008392334,20.82526397705078,19094000,
2017-12-20,26.61400032043457,26.635000228881836,26.277999877929688,26.56399917602539,20.97846794128418,19845000,
2017-12-21,26.594999313354492,26.625,26.10700035095215,26.152999877929688,20.653888702392578,17758000,
2017-12-22,26.18199920654297,26.336999893188477,25.8700008392334,26.235000610351562,20.718647003173828,14617000,
2017-12-26,25.722999572753906,26.235000610351562,25.339000701904297,25.809999465942383,20.38300895690918,22256000,
2017-12-27,25.884000778198242,26.160999298095703,25.850000381469727,25.91200065612793,20.463560104370117,35615000,
2017-12-28,26.016000747680664,26.079999923706055,25.854999542236328,26.04199981689453,20.566232681274414,13641000,
2017-12-29,25.976999282836914,26.19499969482422,25.663999557495117,25.690000534057617,20.28824234008789,17980000,
2018-1-2,25.976999282836914,26.75,25.756999969482422,26.701000213623047,21.086654663085938,33135000,
2018-1-3,26.729000091552734,27.072999954223633,26.60300064086914,26.993000030517578,21.317258834838867,31161000,
2018-1-4,27.159000396728516,27.176000595092773,26.843000411987305,27.00200080871582,21.324373245239258,19067000,
2018-1-5,27.19700050354004,27.426000595092773,26.94499969482422,27.16200065612793,21.450727462768555,28633000,
2018-1-8,27.091999053955078,27.2549991607666,26.9060001373291,27.226999282836914,21.502063751220703,20971000,
2018-1-9,27.305999755859375,27.385000228881836,26.819000244140625,26.850000381469727,21.204334259033203,26027000,
2018-1-10,26.597999572753906,26.61400032043457,26.072999954223633,26.283000946044922,20.75655746459961,31607000,
2018-1-11,26.35700035095215,26.385000228881836,26.155000686645508,26.350000381469727,20.809465408325195,17726000,
2018-1-12,26.339000701904297,26.531999588012695,26.201000213623047,26.429000854492188,20.871854782104492,19881000,
2018-1-16,26.51799964904785,26.700000762939453,26.166000366210938,26.325000762939453,20.78972053527832,33528000,
2018-1-17,26.54800033569336,26.652999877929688,26.04599952697754,26.58099937438965,20.99189567565918,37365000,
2018-1-18,26.54599952697754,27.006000518798828,26.447999954223633,26.979999542236328,21.30699920654297,30319000,
2018-1-19,26.915000915527344,26.944000244140625,26.60700035095215,26.638999938964844,21.037691116333008,29963000,
2018-1-22,26.565000534057617,26.677000045776367,26.062000274658203,26.211000442504883,20.69969367980957,27230000,
2018-1-23,26.173999786376953,26.44099998474121,25.81100082397461,26.290000915527344,20.762083053588867,35398000,
2018-1-24,26.097000122070312,26.32699966430664,25.600000381469727,25.68600082397461,20.28508949279785,45405000,
2018-1-25,25.77400016784668,25.784000396728516,24.700000762939453,24.729000091552734,19.529308319091797,59520000,
2018-1-26,24.941999435424805,25.094999313354492,24.52400016784668,25.07900047302246,19.80571937561035,49014000,
2018-1-29,24.827999114990234,24.948999404907227,24.349000930786133,24.547000885009766,19.38558006286621,50401000,
2018-1-30,24.125,24.503000259399414,23.701000213623047,24.097999572753906,19.030988693237305,46002000,
2018-1-31,25,25.31399917602539,24.486000061035156,24.80299949645996,19.587753295898438,80482000,
2018-2-1,24.172000885009766,24.59000015258789,23.809999465942383,23.878999710083008,18.8580379486084,66851000,
2018-2-2,23.677000045776367,23.79599952697754,23.409000396728516,23.54800033569336,18.59663200378418,58352000,
2018-2-5,23.468000411987305,24.399999618530273,22.760000228881836,22.809999465942383,18.01380729675293,70776000,
2018-2-6,22.562000274658203,24.040000915527344,22.489999771118164,24.038000106811523,18.983600616455078,77744000,
2018-2-7,23.875999450683594,24.309999465942383,23.700000762939453,23.738000869750977,18.746685028076172,40475000,
2018-2-8,23.73900032043457,23.851999282836914,22.951000213623047,22.957000732421875,18.129905700683594,43200000,
2018-2-9,23.27899932861328,23.711999893188477,22.625,23.549999237060547,18.598209381103516,43282000,
2018-2-12,23.785999298095703,24.54800033569336,23.75,24.440000534057617,19.30107307434082,35063000,
2018-2-13,24.10099983215332,24.60300064086914,24.006000518798828,24.586000442504883,19.4163761138916,23719000,
2018-2-14,24.5,24.864999771118164,24.347999572753906,24.766000747680664,19.558528900146484,25491000,
2018-2-15,24.92799949645996,25.18400001525879,24.44300079345703,25.183000564575195,19.88784408569336,25540000,
2018-2-16,25.12700080871582,25.23699951171875,24.804000854492188,24.888999938964844,19.655668258666992,32639000,
2018-2-20,24.875,25.573999404907227,24.75200080871582,24.961999893188477,19.71331214904785,41693000,
2018-2-21,25.249000549316406,25.347000122070312,24.844999313354492,24.86199951171875,19.634342193603516,28156000,
2018-2-22,24.91200065612793,25.309999465942383,24.82699966430664,24.934999465942383,19.691997528076172,19342000,
2018-2-23,25.214000701904297,25.503000259399414,25.02899932861328,25.371000289916992,20.036319732666016,18280000,
2018-2-26,25.195999145507812,25.444000244140625,25.100000381469727,25.295000076293945,19.97629737854004,28878000,
2018-2-27,25.208999633789062,25.566999435424805,25.167999267578125,25.180999755859375,19.886266708374023,21176000,
2018-2-28,25.408000946044922,25.448999404907227,24.597999572753906,24.645999908447266,19.463756561279297,28834000,
2018-3-1,24.586000442504883,24.91200065612793,24.131000518798828,24.33099937438965,19.21499252319336,26044000,
2018-3-2,24.042999267578125,25.118000030517578,24.023000717163086,25.086999893188477,19.812036514282227,27402000,
2018-3-5,24.989999771118164,25.134000778198242,24.341999053955078,24.697999954223633,19.504823684692383,25900000,
2018-3-6,24.930999755859375,25.1299991607666,24.73200035095215,25.09600067138672,19.819143295288086,30030000,
2018-3-7,24.868999481201172,24.940000534057617,24.433000564575195,24.704999923706055,19.51035499572754,31549000,
2018-3-8,24.826000213623047,24.829999923706055,24.591999053955078,24.69499969482422,19.502458572387695,33554000,
2018-3-9,24.857999801635742,25.42799949645996,24.76300048828125,25.378000259399414,20.041852951049805,30782000,
2018-3-12,26.065000534057617,26.43000030517578,25.961999893188477,26.284000396728516,20.75734519958496,53881000,
2018-3-13,26.64299964904785,27.385000228881836,26.023000717163086,26.121999740600586,20.629404067993164,66855000,
2018-3-14,26.200000762939453,26.233999252319336,25.514999389648438,26.05900001525879,20.579654693603516,39619000,
2018-3-15,26.37299919128418,26.889999389648438,26.350000381469727,26.775999069213867,21.145889282226562,57990000,
2018-3-16,26.299999237060547,26.360000610351562,25.44099998474121,25.48699951171875,20.127931594848633,113955000,
2018-3-19,25.309999465942383,25.64900016784668,24.277000427246094,24.4950008392334,19.344514846801758,71267000,
2018-3-20,24.510000228881836,24.80500030517578,24.128000259399414,24.236000061035156,19.139968872070312,61918000,
2018-3-21,24.058000564575195,25.05900001525879,24.006000518798828,24.600000381469727,19.712100982666016,54912000,0.35
2018-3-22,24.202999114990234,24.672000885009766,24.149999618530273,24.35700035095215,19.517385482788086,43078000,
2018-3-23,24.33799934387207,24.52199935913086,24.041000366210938,24.24799919128418,19.43004035949707,59070000,
2018-3-26,24.767000198364258,24.882999420166016,24.051000595092773,24.773000717163086,19.85072898864746,48713000,
2018-3-27,24.808000564575195,25.424999237060547,24.15999984741211,24.437000274658203,19.58148765563965,63917000,
2018-3-28,24.408000946044922,24.69300079345703,23.559999465942383,23.667999267578125,18.965282440185547,41744000,
2018-3-29,23.80900001525879,24.083999633789062,23.47599983215332,23.565000534057617,18.882753372192383,46874000,
2018-4-2,23.395000457763672,23.61199951171875,22.54400062561035,22.76799964904785,18.244110107421875,53088000,
2018-4-3,23.086000442504883,23.697999954223633,22.72100067138672,23.67799949645996,18.973299026489258,45569000,
2018-4-4,23.0049991607666,23.79199981689453,22.950000762939453,23.698999404907227,18.990129470825195,37720000,
2018-4-5,24.076000213623047,24.167999267578125,23.5,23.631000518798828,18.935638427734375,35798000,
2018-4-6,23.37299919128418,23.65399932861328,22.775999069213867,22.886999130249023,18.339466094970703,30248000,
2018-4-9,22.99799919128418,23.965999603271484,22.926000595092773,23.474000930786133,18.809831619262695,37494000,
2018-4-10,23.95599937438965,24.1560001373291,23.766000747680664,23.975000381469727,19.211284637451172,33244000,
2018-4-11,23.812000274658203,24.07200050354004,23.70800018310547,24.031999588012695,19.256961822509766,19922000,
2018-4-12,24.14299964904785,24.263999938964844,23.709999084472656,23.94300079345703,19.18564224243164,41036000,
2018-4-13,25,25.200000762939453,24.489999771118164,24.694000244140625,19.787424087524414,48312000,
2018-4-16,24.909000396728516,24.98900032043457,24.56800079345703,24.937000274658203,19.982141494750977,25172000,
2018-4-17,25.089000701904297,25.28499984741211,24.964000701904297,25.173999786376953,20.17205047607422,25084000,
2018-4-18,25.100000381469727,25.16699981689453,24.746000289916992,24.958999633789062,19.999773025512695,20511000,
2018-4-19,24.354000091552734,24.628000259399414,24.06599998474121,24.285999298095703,19.460491180419922,50141000,
2018-4-20,24.121999740600586,24.15999984741211,23.500999450683594,23.711999893188477,19.00054168701172,41530000,
2018-4-23,23.798999786376953,23.832000732421875,23.211999893188477,23.344999313354492,18.706462860107422,31337000,
2018-4-24,23.573999404907227,23.61199951171875,22.66900062561035,22.839000701904297,18.301000595092773,44889000,
2018-4-25,22.899999618530273,23.110000610351562,22.586000442504883,22.899999618530273,18.349878311157227,34023000,
2018-4-26,23.100000381469727,23.187999725341797,22.829999923706055,23.04199981689453,18.46366310119629,32751000,
2018-4-27,23.35700035095215,23.420000076293945,23.06999969482422,23.277999877929688,18.652780532836914,27211000,
2018-4-30,23.257999420166016,23.41200065612793,22.832000732421875,22.941999435424805,18.383535385131836,39682000,
2018-5-1,23.084999084472656,23.084999084472656,22.63599967956543,23.038000106811523,18.460460662841797,44947000,
2018-5-2,23.329999923706055,23.3439998626709,22.68000030517578,22.874000549316406,18.329051971435547,52950000,
2018-5-3,22.64900016784668,22.788000106811523,22.26799964904785,22.524999618530273,18.04939079284668,58011000,
2018-5-4,22.364999771118164,23.208999633789062,22.197999954223633,23.052000045776367,18.4716739654541,51303000,
2018-5-7,23.1299991607666,23.690000534057617,23.100000381469727,23.597000122070312,18.908388137817383,36953000,
2018-5-8,23.573999404907227,23.895999908447266,23.48200035095215,23.885000228881836,19.139169692993164,40149000,
2018-5-9,23.579999923706055,23.913000106811523,23.405000686645508,23.80500030517578,19.075063705444336,35031000,
2018-5-10,23.972999572753906,24.37299919128418,23.861000061035156,24.35099983215332,19.512577056884766,25747000,
2018-5-11,24.308000564575195,24.450000762939453,24.15999984741211,24.33799934387207,19.502161026000977,24052000,
2018-5-14,24.628000259399414,24.841999053955078,24.3799991607666,24.47599983215332,19.612741470336914,27580000,
2018-5-15,24.231000900268555,24.444000244140625,23.850000381469727,24.158000946044922,19.357927322387695,24984000,
2018-5-16,24.214000701904297,24.22100067138672,23.89900016784668,24.051000595092773,19.272186279296875,29330000,
2018-5-17,23.812000274658203,24.166000366210938,23.799999237060547,23.94499969482422,19.18724822998047,22825000,
2018-5-18,23.986000061035156,24.062000274658203,23.58799934387207,23.599000930786133,18.909996032714844,25262000,
2018-5-21,23.945999145507812,24.049999237060547,23.66699981689453,23.905000686645508,19.155193328857422,25720000,
2018-5-22,24.02400016784668,24.136999130249023,23.757999420166016,23.849000930786133,19.110322952270508,19218000,
2018-5-23,23.62299919128418,24.062999725341797,23.60300064086914,24.055999755859375,19.276187896728516,23454000,
2018-5-24,24.086000442504883,24.43600082397461,24,24.35300064086914,19.51418113708496,22799000,
2018-5-25,24.40399932861328,25.06800079345703,24.40399932861328,25.003000259399414,20.035024642944336,32214000,
2018-5-29,24.86400032043457,25.111000061035156,24.847000122070312,24.9689998626709,20.007781982421875,28281000,
2018-5-30,25.118000030517578,25.202999114990234,24.933000564575195,24.940000534057617,19.984540939331055,26844000,
2018-5-31,24.926000595092773,25.52899932861328,24.899999618530273,25.207000732421875,20.19849395751953,34698000,
2018-6-1,25.437000274658203,25.770000457763672,25.253999710083008,25.634000778198242,20.540653228759766,26360000,
2018-6-4,25.799999237060547,25.93600082397461,25.62299919128418,25.836999893188477,20.70331382751465,25886000,
2018-6-5,25.945999145507812,26.135000228881836,25.804000854492188,25.926000595092773,20.77463150024414,42374000,
2018-6-6,26.073999404907227,26.378000259399414,25.97100067138672,26.351999282836914,21.115989685058594,37465000,
2018-6-7,26.299999237060547,26.648000717163086,26.29199981689453,26.468000411987305,21.208938598632812,46077000,
2018-6-8,25.673999786376953,25.993000030517578,25.374000549316406,25.797000885009766,20.6712646484375,73694000,
2018-6-11,25.785999298095703,26.18000030517578,25.631999969482422,26.08300018310547,20.900442123413086,31859000,
2018-6-12,26.033000946044922,26.17300033569336,25.84000015258789,26.14299964904785,20.94851303100586,27594000,
2018-6-13,26.176000595092773,26.60700035095215,26.070999145507812,26.357999801635742,21.120792388916016,34868000,
2018-6-14,26.5,26.906999588012695,26.40999984741211,26.84600067138672,21.511829376220703,37042000,
2018-6-15,27.003999710083008,27.180999755859375,26.632999420166016,27.023000717163086,21.653661727905273,60969000,
2018-6-18,26.899999618530273,26.899999618530273,26.42300033569336,26.450000762939453,21.194515228271484,30191000,
2018-6-19,25.600000381469727,26.113000869750977,25.415000915527344,26.094999313354492,21.190454483032227,36221000,0.35
2018-6-20,26.149999618530273,26.402000427246094,26.073999404907227,26.121999740600586,21.212383270263672,24951000,
2018-6-21,26.158000946044922,26.256999969482422,25.8439998626709,25.96500015258789,21.084888458251953,18186000,
2018-6-22,26.118000030517578,26.149999618530273,25.895999908447266,25.97100067138672,21.089765548706055,52412000,
2018-6-25,25.642000198364258,25.642000198364258,25.042999267578125,25.242000579833984,20.497777938842773,29705000,
2018-6-26,25.299999237060547,25.461000442504883,25.05500030517578,25.15399932861328,20.426311492919922,24233000,
2018-6-27,25.208999633789062,25.516000747680664,24.684999465942383,24.711000442504883,20.06658172607422,24720000,
2018-6-28,24.628000259399414,24.73200035095215,24.226999282836914,24.489999771118164,19.887115478515625,33238000,
2018-6-29,24.69499969482422,24.69499969482422,24.256999969482422,24.263999938964844,19.703588485717773,42794000,
2018-7-2,24.009000778198242,24.222000122070312,23.742000579833984,24.204999923706055,19.655677795410156,33369000,
2018-7-3,24.336000442504883,24.339000701904297,23.899999618530273,23.929000854492188,19.43155860900879,11591000,
2018-7-5,24.179000854492188,24.56100082397461,24.06800079345703,24.540000915527344,19.927719116210938,25299000,
2018-7-6,24.489999771118164,24.860000610351562,24.441999435424805,24.76799964904785,20.11286735534668,23112000,
2018-7-9,24.899999618530273,24.92300033569336,24.55299949645996,24.743000030517578,20.09256362915039,17955000,
2018-7-10,24.833999633789062,25.18000030517578,24.704999923706055,25.055999755859375,20.34673500061035,16413000,
2018-7-11,24.4950008392334,24.753999710083008,24.26099967956543,24.3439998626709,19.7685546875,35761000,
2018-7-12,20.70800018310547,21.027999877929688,19.746000289916992,20.99799919128418,17.051437377929688,435083000,
2018-7-13,21.25,21.399999618530273,20.190000534057617,20.246000289916992,16.44076919555664,161678000,
2018-7-16,20.15999984741211,20.63800048828125,20.05299949645996,20.325000762939453,16.504928588867188,102277000,
2018-7-17,20.22100067138672,20.909000396728516,20.201000213623047,20.83099937438965,16.915817260742188,110827000,
2018-7-18,20.722000122070312,20.988000869750977,20.663000106811523,20.878000259399414,16.953994750976562,80834000,
2018-7-19,20.82900047302246,21.148000717163086,20.804000854492188,21.03700065612793,17.08310317993164,63247000,
2018-7-20,21.010000228881836,21.121000289916992,20.875999450683594,21.033000946044922,17.079858779907227,62893000,
2018-7-23,21.041000366210938,21.86400032043457,21.040000915527344,21.672000885009766,17.59876251220703,82211000,
2018-7-24,21.780000686645508,22.038999557495117,21.600000381469727,21.733999252319336,17.64910316467285,81158000,
2018-7-25,21.770999908447266,22.864999771118164,21.770999908447266,22.597000122070312,18.349899291992188,92271000,
2018-7-26,22.649999618530273,22.976999282836914,22.156999588012695,22.31800079345703,18.123342514038086,85069000,
2018-7-27,22.400999069213867,22.929000854492188,22.006999969482422,22.104999542236328,17.950374603271484,79443000,
2018-7-30,22.111000061035156,22.802000045776367,22.104999542236328,22.518999099731445,18.286561965942383,75275000,
2018-7-31,22.667999267578125,22.884000778198242,22.15399932861328,22.177000045776367,18.00884437561035,63860000,
2018-8-1,22.326000213623047,22.393999099731445,21.6200008392334,21.68000030517578,17.60525131225586,42669000,
2018-8-2,21.427000045776367,21.826000213623047,21.325000762939453,21.635000228881836,17.568708419799805,40312000,
2018-8-3,21.575000762939453,21.799999237060547,21.440000534057617,21.7810001373291,17.687271118164062,24832000,
2018-8-6,21.663000106811523,21.83099937438965,21.586000442504883,21.69499969482422,17.617433547973633,22638000,
2018-8-7,21.922000885009766,22.18400001525879,21.714000701904297,22.0310001373291,17.890281677246094,29798000,
2018-8-8,22.054000854492188,22.12299919128418,21.895000457763672,21.945999145507812,17.821256637573242,15801000,
2018-8-9,22.014999389648438,22.024999618530273,21.5939998626709,21.658000946044922,17.587387084960938,27563000,
2018-8-10,21.2810001373291,21.447999954223633,21.04599952697754,21.222999572753906,17.234142303466797,37017000,
2018-8-13,21.165000915527344,21.398000717163086,21.045000076293945,21.107999801635742,17.140758514404297,29842000,
2018-8-14,21.158000946044922,21.158000946044922,20.68400001525879,20.729999542236328,16.833803176879883,36327000,
2018-8-15,20.51300048828125,20.757999420166016,20.277000427246094,20.658000946044922,16.775339126586914,41132000,
2018-8-16,20.777000427246094,20.88599967956543,20.66900062561035,20.868999481201172,16.946680068969727,29239000,
2018-8-17,20.797000885009766,21.118999481201172,20.551000595092773,20.927000045776367,16.99378204345703,39093000,
2018-8-20,20.947999954223633,21,20.586000442504883,20.672000885009766,16.786706924438477,54489000,
2018-8-21,20.75200080871582,21.143999099731445,20.711000442504883,21.051000595092773,17.094472885131836,29952000,
2018-8-22,21.045000076293945,21.17099952697754,20.743000030517578,20.753999710083008,16.853296279907227,26890000,
2018-8-23,20.773000717163086,20.908000946044922,20.527999877929688,20.55900001525879,16.694942474365234,35578000,
2018-8-24,20.635000228881836,20.927000045776367,20.468000411987305,20.899999618530273,16.971853256225586,20541000,
2018-8-27,21.024999618530273,21.437000274658203,20.863000869750977,21.297000885009766,17.29423713684082,28213000,
2018-8-28,21.46299934387207,21.59600067138672,21.256999969482422,21.44300079345703,17.412796020507812,24340000,
2018-8-29,21.481000900268555,21.579999923706055,21.344999313354492,21.499000549316406,17.458274841308594,18125000,
2018-8-30,21.496999740600586,21.694000244140625,21.461000442504883,21.665000915527344,17.593074798583984,26529000,
2018-8-31,21.60300064086914,21.93199920654297,21.584999084472656,21.902999877929688,17.78634262084961,27623000,
2018-9-4,21.858999252319336,22.02899932861328,21.71299934387207,21.94300079345703,17.818830490112305,36663000,
2018-9-5,21.9950008392334,22.18000030517578,21.95800018310547,22.142000198364258,17.980419158935547,37194000,
2018-9-6,22.149999618530273,22.281999588012695,21.392000198364258,21.597000122070312,17.537851333618164,62509000,
2018-9-7,22.420000076293945,23.541000366210938,22.399999618530273,23.257999420166016,18.88667106628418,104703000,
2018-9-10,23.465999603271484,24.094999313354492,23.204999923706055,24.06100082397461,19.538747787475586,60880000,
2018-9-11,23.770000457763672,23.969999313354492,23.040000915527344,23.2549991607666,18.88422966003418,60755000,
2018-9-12,22.809999465942383,23.084999084472656,22.283000946044922,22.98900032043457,18.66822624206543,53077000,
2018-9-13,23.368999481201172,23.922000885009766,23.11199951171875,23.54199981689453,19.117292404174805,43757000,
2018-9-14,23.516000747680664,23.708999633789062,23.368999481201172,23.634000778198242,19.191993713378906,28095000,
2018-9-17,24,24.030000686645508,23.430999755859375,23.482999801635742,19.069379806518555,36739000,
2018-9-18,23.5,24.139999389648438,23.48699951171875,23.972999572753906,19.613439559936523,50511000,0.175
2018-9-19,24.047000885009766,24.249000549316406,23.976999282836914,24.179000854492188,19.781986236572266,31160000,
2018-9-20,24.298999786376953,24.604000091552734,24.172000885009766,24.493000030517578,20.03888702392578,39986000,
2018-9-21,24.632999420166016,24.87700080871582,24.51799964904785,24.809999465942383,20.298240661621094,135321000,
2018-9-24,24.80500030517578,25.010000228881836,24.731000900268555,24.94499969482422,20.408689498901367,45326000,
2018-9-25,24.898000717163086,24.934999465942383,24.579999923706055,24.764999389648438,20.261415481567383,47037000,
2018-9-26,24.56399917602539,24.80500030517578,24.479999542236328,24.542999267578125,20.079788208007812,33428000,
2018-9-27,24.569000244140625,24.788000106811523,24.490999221801758,24.645000457763672,20.163244247436523,29572000,
2018-9-28,24.554000854492188,24.69700050354004,24.385000228881836,24.67300033569336,20.186155319213867,26739000,
2018-10-1,24.788000106811523,25.214000701904297,24.767000198364258,24.951000213623047,20.413597106933594,27709000,
2018-10-2,24.913999557495117,25.17099952697754,24.79199981689453,24.809999465942383,20.298240661621094,24888000,
2018-10-3,24.881000518798828,25.132999420166016,24.70400047302246,24.941999435424805,20.40622901916504,19607000,
2018-10-4,24.666000366210938,24.972999572753906,24.6200008392334,24.816999435424805,20.30396842956543,25660000,
2018-10-5,24.839000701904297,25.0049991607666,24.239999771118164,24.42300033569336,19.981611251831055,33860000,
2018-10-8,24.33099937438965,24.54199981689453,24.038000106811523,24.136999130249023,19.747623443603516,33397000,
2018-10-9,24.05900001525879,24.572999954223633,24.03700065612793,24.469999313354492,20.020071029663086,24675000,
2018-10-10,24.292999267578125,24.506999969482422,23.163999557495117,23.183000564575195,18.96710968017578,56327000,
2018-10-11,23.19700050354004,23.559999465942383,22.7189998626709,22.889999389648438,18.72739601135254,37424000,
2018-10-12,23.47599983215332,23.566999435424805,22.910999298095703,23.295000076293945,19.05874252319336,32589000,
2018-10-15,23.10300064086914,23.533000946044922,23.003999710083008,23.246999740600586,19.01947021484375,30099000,
2018-10-16,23.600000381469727,23.875999450683594,23.417999267578125,23.832000732421875,19.498088836669922,30355000,
2018-10-17,23.974000930786133,23.974000930786133,23.392000198364258,23.716999053955078,19.404003143310547,20262000,
2018-10-18,23.542999267578125,23.68199920654297,22.652999877929688,22.802000045776367,18.6554012298584,37442000,
2018-10-19,23,23.108999252319336,22.69300079345703,22.827999114990234,18.67667007446289,32231000,
2018-10-22,23.055999755859375,23.243000030517578,22.804000854492188,22.86199951171875,18.704492568969727,25619000,
2018-10-23,22.2810001373291,22.95400047302246,21.881999969482422,22.905000686645508,18.739665985107422,35990000,
2018-10-24,22.639999389648438,22.641000747680664,21.784000396728516,21.871000289916992,17.89370346069336,37810000,
2018-10-25,21.988000869750977,22.339000701904297,21.915000915527344,22.224000930786133,18.182510375976562,35193000,
2018-10-26,21.55699920654297,21.733999252319336,20.920000076293945,21.315000534057617,17.438810348510742,53324000,
2018-10-29,21.618999481201172,21.868999481201172,20.822999954223633,21.149999618530273,17.30381965637207,28636000,
2018-10-30,21.378000259399414,22.1560001373291,21.100000381469727,22.10099983215332,18.081876754760742,29697000,
2018-10-31,22.5,22.566999435424805,22.17099952697754,22.349000930786133,18.284772872924805,28146000,
2018-11-1,22.516000747680664,23.42300033569336,22.371999740600586,22.988000869750977,18.807580947875977,36830000,
2018-11-2,22.533000946044922,22.597000122070312,21.774999618530273,22.07699966430664,18.06224250793457,40241000,
2018-11-5,21.902000427246094,22.110000610351562,21.371000289916992,22.009000778198242,18.006607055664062,27609000,
2018-11-6,22.030000686645508,22.916000366210938,21.972000122070312,22.825000762939453,18.674213409423828,29464000,
2018-11-7,23.198999404907227,23.52899932861328,22.92099952697754,23.440000534057617,19.17737579345703,29004000,
2018-11-8,23.270999908447266,24.261999130249023,23.270999908447266,24.024999618530273,19.655994415283203,29796000,
2018-11-9,23.5,23.902000427246094,23.253999710083008,23.89900016784668,19.552907943725586,33611000,
2018-11-12,23.100000381469727,23.187000274658203,22.027999877929688,22.363000869750977,18.29623031616211,50306000,
2018-11-13,22.548999786376953,22.98200035095215,22.23200035095215,22.482999801635742,18.394407272338867,26697000,
2018-11-14,22.676000595092773,23.05299949645996,22.562000274658203,22.6200008392334,18.50649070739746,25411000,
2018-11-15,22.621999740600586,23.930999755859375,22.586000442504883,23.634000778198242,19.336097717285156,36694000,
2018-11-16,23.381999969482422,23.920000076293945,23.165000915527344,23.76099967956543,19.440004348754883,36005000,
2018-11-19,23.652999877929688,24.107999801635742,22.854000091552734,22.913000106811523,18.74620819091797,35326000,
2018-11-20,22.393999099731445,22.908000946044922,22.257999420166016,22.770999908447266,18.630033493041992,32123000,
2018-11-21,23.02199935913086,23.33099937438965,22.750999450683594,23,18.817392349243164,19926000,
2018-11-23,22.757999420166016,23.268999099731445,22.757999420166016,22.989999771118164,18.809207916259766,8066000,
2018-11-26,23.422000885009766,23.815000534057617,23.155000686645508,23.5310001373291,19.2518253326416,28714000,
2018-11-27,23.357999801635742,23.836999893188477,23.242000579833984,23.58300018310547,19.294370651245117,30406000,
2018-11-28,23.649999618530273,23.799999237060547,23.16200065612793,23.52199935913086,19.244462966918945,31080000,
2018-11-29,23.427000045776367,23.863000869750977,23.275999069213867,23.577999114990234,19.290279388427734,17920000,
2018-11-30,23.540000915527344,23.827999114990234,23.339000701904297,23.740999221801758,19.423633575439453,40083000,
2018-12-3,24.520000457763672,24.70400047302246,24.14699935913086,24.207000732421875,19.804893493652344,35241000,
2018-12-4,24.048999786376953,24.113000869750977,23.158000946044922,23.20400047302246,18.984296798706055,36455000,
2018-12-6,22.624000549316406,22.725000381469727,21.76099967956543,22.724000930786133,18.59157943725586,57859000,
2018-12-7,23.405000686645508,23.827999114990234,22.450000762939453,22.856000900268555,18.6995792388916,78396000,
2018-12-10,22.795000076293945,24.031999588012695,22.650999069213867,23.924999237060547,19.574176788330078,43344000,
2018-12-11,24.34600067138672,25.034000396728516,24.341999053955078,24.68400001525879,20.195152282714844,57730000,
2018-12-12,25.243999481201172,26.018999099731445,25.200000762939453,25.49799919128418,20.86112403869629,68703000,
2018-12-13,25.84600067138672,26.149999618530273,25.45800018310547,25.829999923706055,21.132747650146484,54355000,
2018-12-14,25.535999298095703,26.159000396728516,25.46299934387207,25.482999801635742,20.848846435546875,42727000,
2018-12-17,25.39900016784668,26.131999969482422,25.308000564575195,25.413000106811523,20.79157829284668,56238000,
2018-12-18,25.507999420166016,25.55900001525879,24.881000518798828,24.966999053955078,20.641937255859375,51849000,0.265
2018-12-19,24.899999618530273,25.593000411987305,24.25200080871582,24.388999938964844,20.164060592651367,59728000,
2018-12-20,24.440000534057617,24.850000381469727,23.844999313354492,24.18899917602539,19.99871063232422,75365000,
2018-12-21,24.18899917602539,25.173999786376953,24.18899917602539,24.490999221801758,20.248394012451172,102138000,
2018-12-24,24.200000762939453,24.3700008392334,23.35099983215332,23.3799991607666,19.329851150512695,28494000,
2018-12-26,23.777999877929688,24.850000381469727,23.350000381469727,24.81399917602539,20.51544189453125,36741000,
2018-12-27,24.5,25.12299919128418,24.214000701904297,25.084999084472656,20.739490509033203,37507000,
2018-12-28,25.299999237060547,25.805999755859375,25.115999221801758,25.358999252319336,20.966022491455078,28702000,
2018-12-31,25.783000946044922,25.850000381469727,25.094999313354492,25.42799949645996,21.023069381713867,26590000,
2019-1-2,24.885000228881836,25.469999313354492,24.64900016784668,25.35099983215332,20.959413528442383,30346000,
2019-1-3,24.45599937438965,24.65399932861328,23.033000946044922,23.09600067138672,19.095054626464844,68580000,
2019-1-4,23.429000854492188,23.645000457763672,23.16699981689453,23.322999954223633,19.282724380493164,54248000,
2019-1-7,23.364999771118164,24.02400016784668,23.076000213623047,23.79800033569336,19.675447463989258,53433000,
2019-1-8,24.01099967956543,24.190000534057617,23.336999893188477,23.60700035095215,19.517528533935547,36795000,
2019-1-9,23.841999053955078,24.667999267578125,23.78499984741211,24.628000259399414,20.361661911010742,52971000,
2019-1-10,24.55699920654297,25.05699920654297,24.43600082397461,24.95199966430664,20.629528045654297,29594000,
2019-1-11,24.94300079345703,25.29199981689453,24.93199920654297,25.05699920654297,20.716341018676758,20158000,
2019-1-14,24.81100082397461,25.158000946044922,24.59000015258789,25.086999893188477,20.74114418029785,25498000,
2019-1-15,25.275999069213867,26.222000122070312,25.201000213623047,25.64900016784668,21.205787658691406,39247000,
2019-1-16,25.719999313354492,25.735000610351562,25.13599967956543,25.170000076293945,20.809770584106445,24484000,
2019-1-17,25.006000518798828,25.735000610351562,24.871999740600586,25.533000946044922,21.109886169433594,35154000,
2019-1-18,25.913000106811523,26.194000244140625,25.700000762939453,26.082000732421875,21.56378173828125,34634000,
2019-1-22,25.799999237060547,25.945999145507812,25.489999771118164,25.82900047302246,21.354604721069336,37156000,
2019-1-23,25.95400047302246,26.090999603271484,25.364999771118164,25.75200080871582,21.29094886779785,31771000,
2019-1-24,26.108999252319336,26.674999237060547,26,26.354999542236328,21.78948974609375,35999000,
2019-1-25,26.517000198364258,26.83099937438965,26.090999603271484,26.79400062561035,22.15244483947754,30333000,
2019-1-28,26.1560001373291,26.885000228881836,25.864999771118164,26.761999130249023,22.1259822845459,31320000,
2019-1-29,26.735000610351562,26.760000228881836,26.382999420166016,26.631999969482422,22.01850128173828,27870000,
2019-1-30,27,27.375,26.73699951171875,27.082000732421875,22.39055061340332,28727000,
2019-1-31,27.055999755859375,27.100000381469727,26.635000228881836,26.825000762939453,22.178071975708008,21063000,
2019-2-1,26.915000915527344,26.959999084472656,26.48900032043457,26.680999755859375,22.059017181396484,22878000,
2019-2-4,26.75,27.214000701904297,26.4950008392334,27.211999893188477,22.498031616210938,20761000,
2019-2-5,27.195999145507812,27.46299934387207,26.990999221801758,27,22.322757720947266,22619000,
2019-2-6,27.32699966430664,28,27.274999618530273,27.621000289916992,22.836179733276367,27064000,
2019-2-7,27.285999298095703,27.457000732421875,26.6299991607666,26.909000396728516,22.24751853942871,28646000,
2019-2-8,26.732999801635742,27.429000854492188,26.70599937438965,27.4060001373291,22.658418655395508,23903000,
2019-2-11,27.440000534057617,27.600000381469727,27.327999114990234,27.57200050354004,22.795663833618164,18012000,
2019-2-12,27.864999771118164,28.038999557495117,27.70599937438965,27.93899917602539,23.099092483520508,19809000,
2019-2-13,28,28.215999603271484,27.797000885009766,28.131999969482422,23.258657455444336,19190000,
2019-2-14,28.059999465942383,28.284000396728516,27.895000457763672,28.149999618530273,23.273536682128906,16015000,
2019-2-15,28.409000396728516,28.409000396728516,27.878999710083008,28.19300079345703,23.30908966064453,17352000,
2019-2-19,28.114999771118164,28.283000946044922,28.014999389648438,28.166000366210938,23.286766052246094,15152000,
2019-2-20,28.325000762939453,28.663000106811523,28.22800064086914,28.341999053955078,23.432283401489258,16150000,
2019-2-21,28.323999404907227,28.334999084472656,27.89299964904785,28.0939998626709,23.227245330810547,13254000,
2019-2-22,27.9950008392334,28,27.465999603271484,27.649999618530273,22.860158920288086,27225000,
2019-2-25,28.077999114990234,28.08300018310547,27.847999572753906,27.860000610351562,23.033777236938477,19245000,
2019-2-26,27.792999267578125,27.801000595092773,27.44499969482422,27.5,22.73613929748535,27211000,
2019-2-27,27.32200050354004,27.510000228881836,26.95800018310547,27.14900016784668,22.44594383239746,29146000,
2019-2-28,26.996999740600586,27.570999145507812,26.863000869750977,27.535999298095703,22.76590347290039,31460000,
2019-3-1,27.773000717163086,27.81599998474121,27.113000869750977,27.274999618530273,22.550119400024414,19035000,
2019-3-4,27.5,27.658000946044922,27.086000442504883,27.48900032043457,22.7270450592041,17382000,
2019-3-5,27.549999237060547,28.04400062561035,27.452999114990234,27.701000213623047,22.90231704711914,21699000,
2019-3-6,27.666000366210938,27.69300079345703,27.04800033569336,27.135000228881836,22.434370040893555,19973000,
2019-3-7,27.01799964904785,27.033000946044922,26.408000946044922,26.551000595092773,21.9515323638916,25411000,
2019-3-8,26.1560001373291,26.47599983215332,25.920000076293945,26.41900062561035,21.842403411865234,22167000,
2019-3-11,26.48900032043457,27.05500030517578,26.405000686645508,26.9060001373291,22.245038986206055,27161000,
2019-3-12,26.97599983215332,27.003000259399414,26.427000045776367,26.96299934387207,22.292165756225586,23324000,
2019-3-13,27.051000595092773,27.308000564575195,26.902000427246094,27.121000289916992,22.42279624938965,32089000,
2019-3-14,27.208999633789062,27.22599983215332,26.788999557495117,26.81999969482422,22.173938751220703,43094000,
2019-3-15,28.645999908447266,29.954999923706055,28.350000381469727,29.02899932861328,24.00027084350586,144066000,
2019-3-18,29.023000717163086,29.697999954223633,29.020999908447266,29.384000778198242,24.293771743774414,56746000,
2019-3-19,29.416000366210938,30.097999572753906,29.410999298095703,29.930999755859375,24.746015548706055,51556000,
2019-3-20,29.799999237060547,29.899999618530273,29.02899932861328,29.10300064086914,24.276390075683594,41263000,0.265
2019-3-21,29.187999725341797,29.937000274658203,29.100000381469727,29.68000030517578,24.757692337036133,27379000,
2019-3-22,29.591999053955078,29.643999099731445,29.139999389648438,29.264999389648438,24.411518096923828,23307000,
2019-3-25,29.219999313354492,29.417999267578125,28.899999618530273,29.215999603271484,24.37064552307129,23878000,
2019-3-26,29.437000274658203,29.94700050354004,29.42300033569336,29.702999114990234,24.776880264282227,28009000,
2019-3-27,29.756999969482422,29.868000030517578,29.246000289916992,29.597000122070312,24.688459396362305,21862000,
2019-3-28,29.711000442504883,30.329999923706055,29.566999435424805,29.906999588012695,24.947044372558594,33030000,
2019-3-29,30.121999740600586,30.267000198364258,29.827999114990234,30.070999145507812,25.083847045898438,24493000,
2019-4-1,30.31100082397461,30.674999237060547,29.975000381469727,30.57900047302246,25.507596969604492,27040000,
2019-4-2,30.615999221801758,30.735000610351562,30.26099967956543,30.30500030517578,25.279041290283203,22857000,
2019-4-3,30.621999740600586,30.739999771118164,30.18199920654297,30.420000076293945,25.374969482421875,22266000,
2019-4-4,30.475000381469727,30.600000381469727,30.16699981689453,30.200000762939453,25.191450119018555,15228000,
2019-4-5,30.399999618530273,30.444000244140625,30.18000030517578,30.42799949645996,25.381641387939453,18875000,
2019-4-8,30.413999557495117,30.530000686645508,30.200000762939453,30.447999954223633,25.398319244384766,13899000,
2019-4-9,30.257999420166016,30.410999298095703,30.02899932861328,30.344999313354492,25.31240463256836,11621000,
2019-4-10,30.360000610351562,30.777000427246094,30.299999237060547,30.750999450683594,25.65106773376465,14992000,
2019-4-11,30.815000534057617,31.018999099731445,30.62299919128418,30.94099998474121,25.809560775756836,16669000,
2019-4-12,31.135000228881836,31.743999481201172,31.05699920654297,31.702999114990234,26.4451904296875,30087000,
2019-4-15,31.702999114990234,31.75200080871582,31.316999435424805,31.639999389648438,26.392635345458984,16216000,
2019-4-16,32,32.000999450683594,31.610000610351562,31.850000381469727,26.56781005859375,21116000,
2019-4-17,32.02399826049805,32.09400177001953,31.784000396728516,32.053001403808594,26.737138748168945,18138000,
2019-4-18,32.104000091552734,32.244998931884766,31.81599998474121,31.86199951171875,26.577817916870117,26548000,
2019-4-22,31.73200035095215,31.788999557495117,31.420000076293945,31.5,26.275854110717773,13504000,
2019-4-23,31.676000595092773,31.80900001525879,31.41900062561035,31.56399917602539,26.329238891601562,19777000,
2019-4-24,31.45800018310547,31.701000213623047,31.319000244140625,31.433000564575195,26.219961166381836,23335000,
2019-4-25,31.295000076293945,31.295000076293945,30.656999588012695,31.18199920654297,26.010595321655273,26732000,
2019-4-26,30.915000915527344,31.094999313354492,30.51099967956543,31.041000366210938,25.892974853515625,16404000,
2019-4-29,31.124000549316406,31.466999053955078,31.04400062561035,31.27199935913086,26.085662841796875,13404000,
2019-4-30,31.332000732421875,31.841999053955078,31.253000259399414,31.84000015258789,26.559465408325195,18953000,
2019-5-1,32.04999923706055,32.31999969482422,31.868999481201172,31.889999389648438,26.601173400878906,18158000,
2019-5-2,31.99799919128418,32.21900177001953,31.42300033569336,31.582000732421875,26.34425163269043,20428000,
2019-5-3,31.4950008392334,31.665000915527344,31.069000244140625,31.570999145507812,26.335073471069336,19214000,
2019-5-6,30.679000854492188,31.19300079345703,30.53499984741211,31.156999588012695,25.9897403717041,14371000,
2019-5-7,30.864999771118164,30.961999893188477,30.37299919128418,30.729000091552734,25.632720947265625,21734000,
2019-5-8,30.530000686645508,30.766000747680664,30.31100082397461,30.339000701904297,25.307403564453125,15099000,
2019-5-9,30,30.584999084472656,29.684999465942383,30.4060001373291,25.3632869720459,22282000,
2019-5-10,30.322999954223633,30.540000915527344,29.666000366210938,30.395999908447266,25.354948043823242,21025000,
2019-5-13,29.381999969482422,29.56800079345703,28.81999969482422,29.33799934387207,24.472408294677734,37864000,
2019-5-14,29.569000244140625,30.459999084472656,29.54800033569336,30.200000762939453,25.191450119018555,34277000,
2019-5-15,30.027000427246094,30.777000427246094,29.861000061035156,30.437000274658203,25.389150619506836,18166000,
2019-5-16,29.975000381469727,30.309999465942383,29.469999313354492,29.729000091552734,24.798566818237305,34233000,
2019-5-17,29.277999877929688,29.35700035095215,28.840999603271484,28.98900032043457,24.181291580200195,39094000,
2019-5-20,27.799999237060547,27.9950008392334,26.86400032043457,27.259000778198242,22.738203048706055,65162000,
2019-5-21,27.708999633789062,27.97800064086914,27.46500015258789,27.533000946044922,22.966760635375977,25060000,
2019-5-22,27.04800033569336,27.506000518798828,26.89699935913086,26.922000885009766,22.45709228515625,31809000,
2019-5-23,26.45800018310547,26.548999786376953,25.816999435424805,26.009000778198242,21.695512771606445,46607000,
2019-5-24,26.270000457763672,26.573999404907227,25.573999404907227,25.5939998626709,21.349332809448242,27963000,
2019-5-28,25.656999588012695,25.773000717163086,25.009000778198242,25.447999954223633,21.227558135986328,61965000,
2019-5-29,25.27400016784668,25.636999130249023,25.158000946044922,25.41200065612793,21.197525024414062,28132000,
2019-5-30,25.465999603271484,25.733999252319336,25.41200065612793,25.66200065612793,21.406063079833984,17310000,
2019-5-31,25.304000854492188,25.573999404907227,25.100000381469727,25.163999557495117,20.990650177001953,22192000,
2019-6-3,25.2549991607666,25.83300018310547,25.1200008392334,25.31800079345703,21.119112014770508,28911000,
2019-6-4,25.695999145507812,26.600000381469727,25.576000213623047,26.56999969482422,22.16347312927246,36805000,
2019-6-5,26.900999069213867,27.150999069213867,26.239999771118164,26.57200050354004,22.165145874023438,23651000,
2019-6-6,26.70199966430664,27.5,26.527999877929688,27.27899932861328,22.7548885345459,32687000,
2019-6-7,27.47800064086914,27.78700065612793,27.327999114990234,27.48699951171875,22.928396224975586,25963000,
2019-6-10,27.67300033569336,28.476999282836914,27.672000885009766,28.020999908447266,23.373825073242188,23280000,
2019-6-11,29.048999786376953,29.174999237060547,27.94099998474121,28.347999572753906,23.646596908569336,37105000,
2019-6-12,28.16699981689453,28.31599998474121,27.740999221801758,27.972999572753906,23.33378791809082,27057000,
2019-6-13,28.152000427246094,28.288999557495117,27.740999221801758,28.160999298095703,23.490610122680664,37735000,
2019-6-14,25.81100082397461,26.80900001525879,25.746999740600586,26.593000411987305,22.182659149169922,100797000,
2019-6-17,26.483999252319336,26.8700008392334,26.134000778198242,26.597000122070312,22.18600082397461,35785000,
2019-6-18,26.815000534057617,28.302000045776367,26.645999908447266,27.80500030517578,23.19365119934082,54920000,
2019-6-19,27.878000259399414,27.906999588012695,27.371000289916992,27.749000549316406,23.146940231323242,28920000,
2019-6-20,28.250999450683594,28.545000076293945,27.715999603271484,27.905000686645508,23.277070999145508,57291000,
2019-6-21,27.660999298095703,28.100000381469727,27.395999908447266,27.39900016784668,23.07411003112793,45399000,0.265
2019-6-24,27.552000045776367,27.94499969482422,27.5,27.920000076293945,23.512868881225586,20506000,
2019-6-25,27.916000366210938,28.288000106811523,27.601999282836914,27.650999069213867,23.286331176757812,24436000,
2019-6-26,27.857999801635742,28.402999877929688,27.809999465942383,28.143999099731445,23.701515197753906,24774000,
2019-6-27,28.292999267578125,28.844999313354492,28.222999572753906,28.570999145507812,24.06110954284668,21813000,
2019-6-28,28.785999298095703,28.93000030517578,28.48200035095215,28.785999298095703,24.242176055908203,49265000,
2019-7-1,30.167999267578125,30.575000762939453,29.632999420166016,30.03499984741211,25.294015884399414,44832000,
2019-7-2,29.88800048828125,30.066999435424805,29.389999389648438,29.533000946044922,24.87126350402832,19011000,
2019-7-3,28.3700008392334,28.878000259399414,28.302000045776367,28.48900032043457,23.992053985595703,49411000,
2019-7-5,28.364999771118164,28.54400062561035,28.19700050354004,28.266000747680664,23.804256439208984,24565000,
2019-7-8,28,28.118999481201172,27.43899917602539,27.496000289916992,23.155799865722656,34291000,
2019-7-9,27.344999313354492,27.597999572753906,27.240999221801758,27.55299949645996,23.20380210876465,26131000,
2019-7-10,27.785999298095703,27.8799991607666,27.399999618530273,27.450000762939453,23.1170597076416,30134000,
2019-7-11,27.52400016784668,27.7450008392334,27.295000076293945,27.606000900268555,23.248437881469727,20712000,
2019-7-12,27.63800048828125,28.593000411987305,27.63800048828125,28.538999557495117,24.034168243408203,21971000,
2019-7-15,29.110000610351562,29.448999404907227,28.726999282836914,28.833999633789062,24.282596588134766,30334000,
2019-7-16,28.698999404907227,28.77899932861328,28.23900032043457,28.413000106811523,23.92805290222168,14617000,
2019-7-17,28.555999755859375,28.729000091552734,28.319000244140625,28.507999420166016,24.008056640625,15453000,
2019-7-18,28.618000030517578,29.030000686645508,28.3799991607666,28.97800064086914,24.40386962890625,19357000,
2019-7-19,29.183000564575195,29.31599998474121,28.952999114990234,29,24.422393798828125,22047000,
2019-7-22,29.299999237060547,29.999000549316406,29.224000930786133,29.614999771118164,24.940319061279297,33905000,
2019-7-23,29.950000762939453,30.236000061035156,29.92099952697754,30.077999114990234,25.33023452758789,19692000,
2019-7-24,30.1200008392334,30.488000869750977,30.049999237060547,30.37700080871582,25.582035064697266,19006000,
2019-7-25,30.21299934387207,30.21299934387207,29.940000534057617,30.038999557495117,25.29738998413086,15741000,
2019-7-26,30.159000396728516,30.302000045776367,30.05299949645996,30.091999053955078,25.342023849487305,14996000,
2019-7-29,30.12299919128418,30.2549991607666,29.695999145507812,30.173999786376953,25.41107749938965,12068000,
2019-7-30,29.909000396728516,30.093000411987305,29.709999084472656,29.95599937438965,25.22749137878418,11164000,
2019-7-31,30.003000259399414,30.08300018310547,28.66699981689453,28.999000549316406,24.421554565429688,20819000,
2019-8-1,28.913000106811523,29.781999588012695,28.23200035095215,28.534000396728516,24.02994728088379,21911000,
2019-8-2,28.207000732421875,28.384000778198242,27.590999603271484,27.85300064086914,23.45644760131836,20080000,
2019-8-5,27.19499969482422,27.224000930786133,26.408000946044922,26.766000747680664,22.541030883789062,27765000,
2019-8-6,27.01300048828125,27.218000411987305,26.45599937438965,26.643999099731445,22.43828582763672,22199000,
2019-8-7,26.402999877929688,27.27199935913086,26.299999237060547,27.0049991607666,22.74230194091797,22244000,
2019-8-8,27.038000106811523,27.256000518798828,26.25,27.097999572753906,22.82062339782715,29163000,
2019-8-9,26.95800018310547,28.05500030517578,26.95800018310547,27.572999954223633,23.22064208984375,30735000,
2019-8-12,27.33799934387207,27.820999145507812,27.253999710083008,27.56399917602539,23.213062286376953,20040000,
2019-8-13,27.530000686645508,28.549999237060547,27.202999114990234,28.3700008392334,23.89183807373047,22340000,
2019-8-14,27.878999710083008,28.014999389648438,27.038000106811523,27.1560001373291,22.86947250366211,27108000,
2019-8-15,27.200000762939453,27.277999877929688,26.485000610351562,26.86400032043457,22.623558044433594,20010000,
2019-8-16,27.21500015258789,27.575000762939453,27.197999954223633,27.378000259399414,23.056425094604492,17458000,
2019-8-19,27.950000762939453,28.006999969482422,27.56100082397461,27.878000259399414,23.47749900817871,17489000,
2019-8-20,27.81599998474121,28.496000289916992,27.701000213623047,28.03700065612793,23.61140251159668,17920000,
2019-8-21,28.464000701904297,28.826000213623047,28.405000686645508,28.75,24.21185874938965,19381000,
2019-8-22,28.839000701904297,28.94099998474121,28.454999923706055,28.761999130249023,24.221961975097656,12294000,
2019-8-23,28.39900016784668,28.54800033569336,27.104999542236328,27.21299934387207,22.9174747467041,25742000,
2019-8-26,27.69499969482422,27.795000076293945,27.5,27.722000122070312,23.34612274169922,14249000,
2019-8-27,27.915000915527344,28.02199935913086,27.490999221801758,27.55699920654297,23.207172393798828,14298000,
2019-8-28,27.433000564575195,27.641000747680664,27.047000885009766,27.606000900268555,23.248437881469727,17202000,
2019-8-29,28.14900016784668,28.548999786376953,28.104999542236328,28.336999893188477,23.864057540893555,16429000,
2019-8-30,28.535999298095703,28.59000015258789,27.989999771118164,28.263999938964844,23.802568435668945,16720000,
2019-9-3,28,28.084999084472656,27.093000411987305,27.405000686645508,23.079164505004883,22210000,
2019-9-4,27.878999710083008,28.434999465942383,27.81999969482422,28.302000045776367,23.83457374572754,19865000,
2019-9-5,28.836000442504883,29.368000030517578,28.836000442504883,29.101999282836914,24.50829315185547,20938000,
2019-9-6,29.184999465942383,29.329999923706055,28.93000030517578,29.19099998474121,24.58324432373047,13748000,
2019-9-9,29.5,29.719999313354492,29.040000915527344,29.26099967956543,24.642192840576172,21686000,
2019-9-10,29.135000228881836,29.44499969482422,28.881999969482422,29.444000244140625,24.796306610107422,20850000,
2019-9-11,29.631999969482422,29.878000259399414,29.454999923706055,29.801000595092773,25.096961975097656,19260000,
2019-9-12,30.14299964904785,30.232999801635742,29.64699935913086,30.058000564575195,25.313392639160156,33109000,
2019-9-13,29.764999389648438,29.798999786376953,28.388999938964844,29.031999588012695,24.449342727661133,62557000,
2019-9-16,28.68000030517578,29.027000427246094,28.56999969482422,28.865999221801758,24.30954360961914,22176000,
2019-9-17,28.802000045776367,28.93000030517578,28.375,28.882999420166016,24.32386016845703,21912000,
2019-9-18,28.849000930786133,29.076000213623047,28.38800048828125,28.77400016784668,24.23206901550293,16510000,
2019-9-19,28.850000381469727,29.19499969482422,28.722999572753906,29.06399917602539,24.47629165649414,19421000,
2019-9-20,28.767000198364258,28.84000015258789,28.18199920654297,28.426000595092773,24.15928077697754,35524000,0.265
2019-9-23,28.36199951171875,28.715999603271484,28.20800018310547,28.54599952697754,24.26126480102539,14850000,
2019-9-24,28.73200035095215,28.889999389648438,27.975000381469727,28.231000900268555,23.993553161621094,20292000,
2019-9-25,27.174999237060547,27.72100067138672,27,27.57699966430664,23.43770980834961,55588000,
2019-9-26,27.525999069213867,27.865999221801758,27.26799964904785,27.69099998474121,23.534605026245117,27477000,
2019-9-27,27.663000106811523,28.128000259399414,27.29599952697754,27.413999557495117,23.299177169799805,28660000,
2019-9-30,27.57900047302246,27.672000885009766,27.25,27.60700035095215,23.463207244873047,19826000,
2019-10-1,27.82699966430664,27.96500015258789,27.33799934387207,27.485000610351562,23.35952377319336,19429000,
2019-10-2,27.34600067138672,27.3799991607666,26.832000732421875,27.006999969482422,22.953271865844727,19543000,
2019-10-3,27,27.450000762939453,26.722000122070312,27.44300079345703,23.323823928833008,17096000,
2019-10-4,27.849000930786133,28.170000076293945,27.520000457763672,28.14299964904785,23.91875457763672,25884000,
2019-10-7,28.000999450683594,28.101999282836914,27.56999969482422,27.607999801635742,23.464061737060547,18658000,
2019-10-8,27.4060001373291,27.489999771118164,26.891000747680664,27.033000946044922,22.97536849975586,22757000,
2019-10-9,27.368000030517578,27.490999221801758,27.20199966430664,27.315000534057617,23.21504020690918,16329000,
2019-10-10,27.45599937438965,27.878000259399414,27.364999771118164,27.44499969482422,23.325525283813477,17340000,
2019-10-11,27.948999404907227,28.408000946044922,27.909000396728516,28.090999603271484,23.874561309814453,23697000,
2019-10-14,28.04199981689453,28.264999389648438,27.988000869750977,28.166000366210938,23.938304901123047,13312000,
2019-10-15,28.263999938964844,29.062000274658203,28.219999313354492,29.031999588012695,24.674318313598633,21230000,
2019-10-16,28.899999618530273,29.010000228881836,28.65399932861328,28.847999572753906,24.5179386138916,20046000,
2019-10-17,29.013999938964844,29.17099952697754,28.832000732421875,28.94300079345703,24.598674774169922,13125000,
2019-10-18,28.950000762939453,28.993999481201172,28.399999618530273,28.67300033569336,24.36920928955078,16981000,
2019-10-21,28.8439998626709,29.190000534057617,28.70599937438965,28.957000732421875,24.610578536987305,13031000,
2019-10-22,28.958999633789062,29.086000442504883,28.724000930786133,28.746000289916992,24.431251525878906,13046000,
2019-10-23,28.29599952697754,28.354000091552734,27.875999450683594,28.031999588012695,23.824417114257812,20957000,
2019-10-24,28.288999557495117,28.350000381469727,27.8700008392334,28.231000900268555,23.993553161621094,16896000,
2019-10-25,28.326000213623047,29.136999130249023,28.32200050354004,28.98200035095215,24.63182258605957,20869000,
2019-10-28,29.115999221801758,29.24799919128418,28.832000732421875,29.155000686645508,24.778854370117188,12999000,
2019-10-29,29.22800064086914,29.3700008392334,28.80699920654297,28.81599998474121,24.49074363708496,13272000,
2019-10-30,29.000999450683594,29.097000122070312,28.652000427246094,29.02400016784668,24.66752052307129,17281000,
2019-10-31,28.979999542236328,29.408000946044922,28.780000686645508,29.28499984741211,24.889341354370117,27881000,
2019-11-1,29.298999786376953,29.659000396728516,29.208999633789062,29.659000396728516,25.20720863342285,21234000,
2019-11-4,29.95199966430664,30.54599952697754,29.90999984741211,30.5,25.921968460083008,34075000,
2019-11-5,30.5,31.67799949645996,30.44700050354004,31.40399932861328,26.690282821655273,38711000,
2019-11-6,31.20599937438965,31.42799949645996,30.871000289916992,31.31599998474121,26.615493774414062,18076000,
2019-11-7,31.558000564575195,31.950000762939453,31.065000534057617,31.173999786376953,26.494802474975586,23981000,
2019-11-8,30.98699951171875,31.360000610351562,30.51300048828125,31.340999603271484,26.636735916137695,17830000,
2019-11-11,31.1200008392334,31.323999404907227,31.083999633789062,31.274999618530273,26.580646514892578,9154000,
2019-11-12,31.399999618530273,31.639999389648438,31.326000213623047,31.55299949645996,26.81692123413086,16875000,
2019-11-13,31.24799919128418,31.570999145507812,31.200000762939453,31.367000579833984,26.65884017944336,12625000,
2019-11-14,31.075000762939453,31.18400001525879,30.611000061035156,30.89699935913086,26.25937843322754,17268000,
2019-11-15,31.226999282836914,31.305999755859375,31.007999420166016,31.291000366210938,26.594240188598633,18120000,
2019-11-18,31.18199920654297,31.340999603271484,30.80299949645996,31.10700035095215,26.437864303588867,15850000,
2019-11-19,31.665000915527344,32.56700134277344,31.665000915527344,31.770000457763672,27.0013484954834,31743000,
2019-11-20,31.59000015258789,31.683000564575195,30.899999618530273,31.16699981689453,26.488855361938477,19927000,
2019-11-21,31.11400032043457,31.56999969482422,30.979999542236328,31.524999618530273,26.793119430541992,19317000,
2019-11-22,31.663999557495117,31.947999954223633,31.371000289916992,31.492000579833984,26.765079498291016,13216000,
2019-11-25,31.660999298095703,32.018001556396484,31.62700080871582,31.961999893188477,27.164527893066406,19636000,
2019-11-26,31.899999618530273,32.018001556396484,31.604999542236328,31.62700080871582,26.879810333251953,30793000,
2019-11-27,31.79400062561035,31.993999481201172,31.64699935913086,31.8439998626709,27.06424331665039,20182000,
2019-11-29,31.684999465942383,31.77899932861328,31.5,31.621000289916992,26.87471580505371,9229000,
2019-12-2,31.77199935913086,31.792999267578125,31.055999755859375,31.07200050354004,26.40811538696289,23158000,
2019-12-3,30.582000732421875,30.899999618530273,30.312999725341797,30.652000427246094,26.05116081237793,18736000,
2019-12-4,30.975000381469727,31.136999130249023,30.71299934387207,30.972000122070312,26.323131561279297,14439000,
2019-12-5,31.05900001525879,31.246000289916992,30.9060001373291,31.118999481201172,26.448055267333984,15494000,
2019-12-6,31.464000701904297,31.634000778198242,31.20599937438965,31.604999542236328,26.861114501953125,16937000,
2019-12-9,31.600000381469727,31.71500015258789,31.393999099731445,31.437999725341797,26.71918296813965,24694000,
2019-12-10,31.510000228881836,31.590999603271484,31.325000762939453,31.506000518798828,26.7769775390625,14563000,
2019-12-11,31.51799964904785,32.1349983215332,31.51799964904785,31.972000122070312,27.17302894592285,20829000,
2019-12-12,31.972999572753906,33.01599884033203,31.94300079345703,32.779998779296875,27.85974884033203,38935000,
2019-12-13,31.805999755859375,31.976999282836914,31.062000274658203,31.54199981689453,26.807573318481445,70952000,
2019-12-16,31.797000885009766,32.7599983215332,31.753000259399414,32.3129997253418,27.462839126586914,37921000,
2019-12-17,32.374000549316406,32.494998931884766,32.17499923706055,32.380001068115234,27.51978874206543,20248000,
2019-12-18,32.439998626708984,33.119998931884766,32.35499954223633,32.74399948120117,27.829147338867188,35155000,
2019-12-19,32.92100143432617,32.92599868774414,32.37099838256836,32.40999984741211,27.5452823638916,31787000,
2019-12-20,32.24700164794922,32.24700164794922,31.69099998474121,31.899999618530273,27.386459350585938,50540000,0.325
2019-12-23,32.05400085449219,32.233001708984375,31.76099967956543,31.952999114990234,27.431957244873047,20254000,
2019-12-24,32,32.06800079345703,31.900999069213867,32.04999923706055,27.515235900878906,7024000,
2019-12-26,32.12699890136719,32.17399978637695,31.68199920654297,31.79800033569336,27.298892974853516,15848000,
2019-12-27,31.93000030517578,31.934999465942383,31.52199935913086,31.652999877929688,27.174407958984375,14487000,
2019-12-30,31.652000427246094,31.732999801635742,31.274999618530273,31.34600067138672,26.910844802856445,13104000,
2019-12-31,31.312000274658203,31.63599967956543,31.280000686645508,31.601999282836914,27.130626678466797,12487000,
2020-1-2,31.93199920654297,32.25,31.73200035095215,32.23899841308594,27.6774959564209,20329000,
2020-1-3,31.750999450683594,32,31.408000946044922,31.41900062561035,26.9735164642334,22870000,
2020-1-6,31.084999084472656,31.392000198364258,30.96299934387207,31.371999740600586,26.933162689208984,20789000,
2020-1-7,31.524999618530273,31.658000946044922,31.225000381469727,31.263999938964844,26.840444564819336,18565000,
2020-1-8,31.29800033569336,31.349000930786133,30.840999603271484,30.874000549316406,26.505630493164062,31979000,
2020-1-9,31.23200035095215,31.298999786376953,30.30500030517578,30.625999450683594,26.292713165283203,42397000,
2020-1-10,30.545000076293945,30.55500030517578,29.8799991607666,29.922000885009766,25.688325881958008,40705000,
2020-1-13,30.00200080871582,30.3799991607666,29.966999053955078,30.118000030517578,25.856597900390625,22054000,
2020-1-14,30.200000762939453,30.915000915527344,30.159000396728516,30.81800079345703,26.457550048828125,28911000,
2020-1-15,30.731000900268555,30.788000106811523,30.06999969482422,30.31399917602539,26.024860382080078,22733000,
2020-1-16,30.5,30.785999298095703,30.42099952697754,30.704999923706055,26.36053466796875,21508000,
2020-1-17,30.865999221801758,30.893999099731445,30.406999588012695,30.878999710083008,26.509920120239258,26896000,
2020-1-21,30.780000686645508,30.951000213623047,30.632999420166016,30.80699920654297,26.448110580444336,21967000,
2020-1-22,31.079999923706055,31.79199981689453,31.049999237060547,31.297000885009766,26.868778228759766,29264000,
2020-1-23,31.51799964904785,31.979999542236328,31.082000732421875,31.96500015258789,27.442264556884766,30266000,
2020-1-24,33.04999923706055,33.15800094604492,32.07699966430664,32.400001525878906,27.81571388244629,55782000,
2020-1-27,31.641000747680664,31.988000869750977,30.86400032043457,30.902999877929688,26.53053092956543,38843000,
2020-1-28,31.35300064086914,31.92300033569336,31.277000427246094,31.83099937438965,27.327219009399414,23166000,
2020-1-29,32.082000732421875,32.542999267578125,31.714000701904297,31.750999450683594,27.258543014526367,23668000,
2020-1-30,31.43199920654297,31.552000045776367,30.858999252319336,31.520000457763672,27.060226440429688,21128000,
2020-1-31,31.416000366210938,31.45800018310547,30.36199951171875,30.516000747680664,26.19828224182129,22123000,
2020-2-3,30.562999725341797,30.65999984741211,30.36400032043457,30.523000717163086,26.20429229736328,21288000,
2020-2-4,31.179000854492188,31.457000732421875,30.96500015258789,31.15999984741211,26.751161575317383,22559000,
2020-2-5,31.75,31.981000900268555,31.586000442504883,31.738000869750977,27.247379302978516,24825000,
2020-2-6,31.884000778198242,31.988000869750977,31.42300033569336,31.9689998626709,27.44569969177246,22683000,
2020-2-7,31.832000732421875,31.851999282836914,31.48699951171875,31.523000717163086,27.062801361083984,15883000,
2020-2-10,31.23699951171875,31.459999084472656,31.030000686645508,31.420000076293945,26.974376678466797,19218000,
2020-2-11,31.665000915527344,32.07899856567383,31.60099983215332,32.01599884033203,27.48604965209961,15527000,
2020-2-12,32.20399856567383,32.50899887084961,32.16299819946289,32.470001220703125,27.875816345214844,15310000,
2020-2-13,32.14799880981445,32.54600143432617,32.095001220703125,32.39699935913086,27.813140869140625,13857000,
2020-2-14,32.48400115966797,32.56999969482422,31.709999084472656,31.777000427246094,27.280866622924805,19137000,
2020-2-18,31.5,31.500999450683594,30.80500030517578,31.075000762939453,26.678192138671875,26693000,
2020-2-19,31.299999237060547,31.683000564575195,31.170000076293945,31.569000244140625,27.1022891998291,20525000,
2020-2-20,31.395999908447266,31.569000244140625,30.61199951171875,30.923999786376953,26.548555374145508,25521000,
2020-2-21,30.850000381469727,30.94499969482422,30.229000091552734,30.450000762939453,26.141626358032227,24522000,
2020-2-24,29.420000076293945,29.8799991607666,29.006000518798828,29.15999984741211,25.03413963317871,36849000,
2020-2-25,29.410999298095703,29.572999954223633,28.10700035095215,28.26799964904785,24.26835060119629,31892000,
2020-2-26,28.434999465942383,28.81999969482422,28.399999618530273,28.58799934387207,24.543075561523438,23074000,
2020-2-27,28.030000686645508,28.5310001373291,27.354000091552734,27.395000457763672,23.518871307373047,34837000,
2020-2-28,26.33300018310547,27.413000106811523,26.27400016784668,27.261999130249023,23.404691696166992,44586000,
2020-3-2,27.676000595092773,28.540000915527344,27.114999771118164,28.496999740600586,24.464946746826172,31976000,
2020-3-3,28.46500015258789,28.847999572753906,27.156999588012695,27.424999237060547,23.54462432861328,29930000,
2020-3-4,27.753999710083008,28.57200050354004,27.476999282836914,28.545000076293945,24.506160736083984,23477000,
2020-3-5,27.72599983215332,28.30900001525879,27.2450008392334,27.40399932861328,23.52659797668457,24374000,
2020-3-6,26.697999954223633,27.093000411987305,26.25,26.94499969482422,23.132545471191406,30169000,
2020-3-9,25.107999801635742,26.027000427246094,24.424999237060547,24.77199935913086,21.26700210571289,43934000,
2020-3-10,25.659000396728516,26.368000030517578,24.34000015258789,26.290000915527344,22.570222854614258,55071000,
2020-3-11,25.38800048828125,25.64900016784668,24.249000549316406,24.597000122070312,21.116764068603516,36030000,
2020-3-12,22.698999404907227,24.275999069213867,21.631999969482422,21.878000259399414,18.782472610473633,64281000,
2020-3-13,22.551000595092773,23.44700050354004,20.115999221801758,23.422000885009766,20.108016967773438,84714000,
2020-3-16,20.81800079345703,21.8799991607666,18.023000717163086,18.757999420166016,16.103927612304688,76935000,
2020-3-17,19.18199920654297,20.000999450683594,18.148000717163086,19.951000213623047,17.128124237060547,70662000,
2020-3-18,18.56599998474121,18.74799919128418,15.567000389099121,16.78700065612793,14.411806106567383,98993000,
2020-3-19,16.763999938964844,20.746999740600586,16.5,19.44499969482422,16.693721771240234,74438000,
2020-3-20,20.200000762939453,20.868000030517578,18.791000366210938,19.222000122070312,16.782777786254883,74044000,0.325
2020-3-23,19.288000106811523,19.597000122070312,17.774999618530273,19.347000122070312,16.891916275024414,46921000,
2020-3-24,20.56399917602539,21.871000289916992,20.128999710083008,21.275999069213867,18.57613182067871,62970000,
2020-3-25,21.2189998626709,24.399999618530273,20.922000885009766,21.7549991607666,18.994342803955078,64442000,
2020-3-26,22.60300064086914,24.479999542236328,22.60300064086914,24.316999435424805,21.231233596801758,60213000,
2020-3-27,23.299999237060547,24.208999633789062,23,23.069000244140625,20.141603469848633,39448000,
2020-3-30,23.219999313354492,24.13599967956543,22.8439998626709,24.01099967956543,20.964065551757812,52343000,
2020-3-31,23.799999237060547,25.270999908447266,23.606000900268555,23.709999084472656,20.701257705688477,50191000,
2020-4-1,22.798999786376953,23.44099998474121,21.968000411987305,22.363000869750977,19.525190353393555,41858000,
2020-4-2,22.239999771118164,23.795000076293945,22.145000457763672,23.70599937438965,20.697771072387695,45049000,
2020-4-3,23.663999557495117,24.2549991607666,23.05500030517578,23.426000595092773,20.453298568725586,28960000,
2020-4-6,24.45800018310547,25.340999603271484,24.356000900268555,25.243999481201172,22.04060173034668,38868000,
2020-4-7,26.18400001525879,26.549999237060547,25.253000259399414,25.32699966430664,22.113067626953125,45892000,
2020-4-8,25.677000045776367,26.219999313354492,25.36400032043457,26.110000610351562,22.79670524597168,27565000,
2020-4-9,26.57900047302246,26.75,25.131000518798828,25.43000030517578,22.203001022338867,34828000,
2020-4-13,25.350000381469727,26.152000427246094,25.280000686645508,25.992000579833984,22.693679809570312,25729000,
2020-4-14,26.61199951171875,26.83799934387207,26.23200035095215,26.76300048828125,23.366840362548828,23094000,
2020-4-15,26.100000381469727,26.23200035095215,25.615999221801758,25.743999481201172,22.477155685424805,25926000,
2020-4-16,26.176000595092773,26.176000595092773,25.410999298095703,25.82900047302246,22.551372528076172,26896000,
2020-4-17,26.32200050354004,26.743000030517578,25.893999099731445,26.58799934387207,23.214046478271484,34089000,
2020-4-20,26,26.525999069213867,25.791000366210938,25.827999114990234,22.550491333007812,23801000,
2020-4-21,25.45599937438965,25.479000091552734,24.68000030517578,24.764999389648438,21.622385025024414,29138000,
2020-4-22,25.476999282836914,26.222000122070312,25.073999404907227,25.996999740600586,22.698043823242188,35438000,
2020-4-23,26.024999618530273,26.520000457763672,25.851999282836914,25.89299964904785,22.60724639892578,21659000,
2020-4-24,25.981000900268555,26.506999969482422,25.88800048828125,26.481000900268555,23.120628356933594,23373000,
2020-4-27,26.434999465942383,27.121999740600586,26.434999465942383,26.844999313354492,23.438438415527344,16588000,
2020-4-28,27.423999786376953,27.641000747680664,26.41200065612793,26.472999572753906,23.113643646240234,18988000,
2020-4-29,27.107999801635742,27.698999404907227,26.92300033569336,27.601999282836914,24.099374771118164,28871000,
2020-4-30,27.35300064086914,27.405000686645508,26.8799991607666,27.16200065612793,23.7152156829834,23379000,
2020-5-1,26.600000381469727,26.78499984741211,25.81999969482422,25.969999313354492,22.674470901489258,26836000,
2020-5-4,25.92099952697754,26.243000030517578,25.531999588012695,26.22599983215332,22.89798927307129,17046000,
2020-5-5,26.655000686645508,26.893999099731445,26.371000289916992,26.48699951171875,23.12586784362793,26462000,
2020-5-6,26.83300018310547,27.04800033569336,26.36199951171875,26.417999267578125,23.065624237060547,22727000,
2020-5-7,27,27.047000885009766,26.600000381469727,26.774999618530273,23.377323150634766,18238000,
2020-5-8,27.219999313354492,27.55500030517578,27.003000259399414,27.503000259399414,24.012941360473633,16757000,
2020-5-11,27.336999893188477,27.673999786376953,27.174999237060547,27.540000915527344,24.045244216918945,20851000,
2020-5-12,27.658000946044922,27.77199935913086,26.82200050354004,26.844999313354492,23.438438415527344,18764000,
2020-5-13,27.006999969482422,27.033000946044922,25.93600082397461,26.315000534057617,22.975692749023438,21927000,
2020-5-14,26.09600067138672,26.69499969482422,25.475000381469727,26.65999984741211,23.276918411254883,19912000,
2020-5-15,25.941999435424805,26.4060001373291,25.677000045776367,26.041000366210938,22.736461639404297,21650000,
2020-5-18,26.86199951171875,27.67300033569336,26.799999237060547,27.35300064086914,23.881973266601562,26531000,
2020-5-19,27.35300064086914,27.60300064086914,27.160999298095703,27.19499969482422,23.7440242767334,18702000,
2020-5-20,27.69700050354004,28.131000518798828,27.607999801635742,27.868000030517578,24.331615447998047,18605000,
2020-5-21,27.892000198364258,27.950000762939453,27.46500015258789,27.479999542236328,23.992856979370117,14847000,
2020-5-22,27.374000549316406,27.725000381469727,27.051000595092773,27.665000915527344,24.15437889099121,17452000,
2020-5-26,28.5,28.708999633789062,28.138999938964844,28.20199966430664,24.623239517211914,23573000,
2020-5-27,28.302000045776367,28.780000686645508,28,28.759000778198242,25.109554290771484,22812000,
2020-5-28,28.5,28.93000030517578,28.243000030517578,28.31399917602539,24.721025466918945,18543000,
2020-5-29,28.290000915527344,29.200000762939453,28.19099998474121,29.12700080871582,25.430858612060547,27300000,
2020-6-1,29.04199981689453,29.110000610351562,28.73699951171875,28.999000549316406,25.31909942626953,18444000,
2020-6-2,29.10300064086914,29.832000732421875,29.009000778198242,29.805999755859375,26.02368927001953,31847000,
2020-6-3,30.104999542236328,31.084999084472656,30.051000595092773,30.952999114990234,27.0251407623291,31926000,
2020-6-4,30.575000762939453,31.299999237060547,30.209999084472656,30.888999938964844,26.969263076782227,34997000,
2020-6-5,31.969999313354492,32.81100082397461,31.509000778198242,31.70800018310547,27.684341430664062,50958000,
2020-6-8,31.75,31.884000778198242,31.336000442504883,31.75200080871582,27.722755432128906,23916000,
2020-6-9,31.200000762939453,31.88800048828125,31.156999588012695,31.531999588012695,27.53066635131836,22335000,
2020-6-10,31.665000915527344,31.92099952697754,31.469999313354492,31.503999710083008,27.5062198638916,25914000,
2020-6-11,30.761999130249023,30.854999542236328,29.34000015258789,29.375,25.64738655090332,45115000,
2020-6-12,30.281999588012695,30.395000457763672,29.273000717163086,30.024999618530273,26.21490478515625,39439000,
2020-6-15,29.5,30.674999237060547,29.240999221801758,30.409000396728516,26.5501766204834,29824000,
2020-6-16,31,31.454999923706055,30.399999618530273,31.07200050354004,27.129039764404297,30387000,
2020-6-17,31.341999053955078,31.67099952697754,31.179000854492188,31.3439998626709,27.36652374267578,20279000,
2020-6-18,31.211999893188477,31.91200065612793,31.152000427246094,31.871000289916992,27.82665252685547,33625000,
2020-6-19,31.76799964904785,31.809999465942383,30.277000427246094,30.277000427246094,26.7072696685791,58465000,0.325
2020-6-22,30.549999237060547,31.417999267578125,30.35300064086914,31.354000091552734,27.657289505004883,27195000,
2020-6-23,31.506000518798828,31.743999481201172,31.128999710083008,31.1299991607666,27.459699630737305,22419000,
2020-6-24,30.920000076293945,31.097000122070312,30.451000213623047,30.69700050354004,27.0777530670166,19096000,
2020-6-25,30.606000900268555,30.947999954223633,30.299999237060547,30.885000228881836,27.243581771850586,15029000,
2020-6-26,31.35700035095215,31.577999114990234,30.315000534057617,30.740999221801758,27.116561889648438,31425000,
2020-6-29,30.80699920654297,31.041000366210938,30.44499969482422,30.97800064086914,27.32562255859375,14516000,
2020-6-30,30.9950008392334,31.707000732421875,30.674999237060547,31.56100082397461,27.839881896972656,25125000,
2020-7-1,31.51099967956543,31.684999465942383,31.194000244140625,31.273000717163086,27.585832595825195,15661000,
2020-7-2,31.774999618530273,31.937999725341797,31.465999603271484,31.547000885009766,27.827539443969727,16638000,
2020-7-6,32,32.0989990234375,31.733999252319336,31.878999710083008,28.120389938354492,17561000,
2020-7-7,31.733999252319336,31.81599998474121,31.2549991607666,31.312000274658203,27.620241165161133,16150000,
2020-7-8,31.61400032043457,31.983999252319336,31.41200065612793,31.957000732421875,28.189193725585938,18023000,
2020-7-9,32.000999450683594,32.43299865722656,31.524999618530273,32.150001525878906,28.35944175720215,25225000,
2020-7-10,32.191001892089844,32.29899978637695,31.54400062561035,31.944000244140625,28.177722930908203,13280000,
2020-7-13,32.167999267578125,32.35300064086914,31.058000564575195,31.131000518798828,27.46057891845703,21549000,
2020-7-14,30.89900016784668,31.621999740600586,30.518999099731445,31.507999420166016,27.79313087463379,18363000,
2020-7-15,31.594999313354492,31.777000427246094,31.017000198364258,31.378000259399414,27.678462982177734,15253000,
2020-7-16,31.06100082397461,31.38800048828125,30.93000030517578,31.134000778198242,27.46323013305664,12929000,
2020-7-17,31.415000915527344,31.520999908447266,31,31.270999908447266,27.584074020385742,13354000,
2020-7-20,31.184999465942383,31.764999389648438,31.025999069213867,31.71299934387207,27.973957061767578,14323000,
2020-7-21,31.92300033569336,31.92300033569336,31.267000198364258,31.43400001525879,27.727859497070312,14312000,
2020-7-22,31.500999450683594,31.56800079345703,31.03700065612793,31.3799991607666,27.680219650268555,14404000,
2020-7-23,31.336999893188477,31.608999252319336,30.83799934387207,30.966999053955078,27.315916061401367,19417000,
2020-7-24,30.659000396728516,31.090999603271484,30.417999267578125,30.57900047302246,26.973663330078125,15631000,
2020-7-27,30.829999923706055,31.29599952697754,30.749000549316406,31.26799964904785,27.581424713134766,20646000,
2020-7-28,31.118000030517578,31.211000442504883,30.615999221801758,30.735000610351562,27.111268997192383,13974000,
2020-7-29,30.85300064086914,31.12299919128418,30.743999481201172,30.885000228881836,27.243581771850586,16562000,
2020-7-30,30.600000381469727,31.292999267578125,30.600000381469727,31.209999084472656,27.530263900756836,21259000,
2020-7-31,31.469999313354492,31.84000015258789,31.139999389648438,31.674999237060547,27.940439224243164,24719000,
2020-8-3,31.799999237060547,32.3489990234375,31.72800064086914,32.12300109863281,28.335622787475586,20796000,
2020-8-4,32.04999923706055,32.85900115966797,32.03900146484375,32.8390007019043,28.967206954956055,25258000,
2020-8-5,32.82500076293945,33.15800094604492,32.58000183105469,32.95399856567383,29.068645477294922,22299000,
2020-8-6,32.777000427246094,33.0880012512207,32.54100036621094,32.91600036621094,29.035123825073242,14193000,
2020-8-7,32.8390007019043,32.972999572753906,32.14799880981445,32.59299850463867,28.75020980834961,14192000,
2020-8-10,32.422000885009766,32.926998138427734,32.40599822998047,32.736000061035156,28.8763484954834,11989000,
2020-8-11,32.75699996948242,33.332000732421875,32.2760009765625,32.40299987792969,28.58260726928711,19316000,
2020-8-12,32.584999084472656,33.5880012512207,32.5359992980957,33.36399841308594,29.43030548095703,18471000,
2020-8-13,33.22100067138672,33.340999603271484,32.78499984741211,32.94200134277344,29.05806541442871,15095000,
2020-8-14,32.801998138427734,32.98500061035156,32.599998474121094,32.78200149536133,28.91692543029785,10140000,
2020-8-17,32.95100021362305,33.17900085449219,32.900001525878906,33.03200149536133,29.137447357177734,10594000,
2020-8-18,33.18600082397461,33.31800079345703,32.81399917602539,32.86399841308594,28.989259719848633,8857000,
2020-8-19,32.946998596191406,33.308998107910156,32.82400131225586,32.92100143432617,29.039539337158203,11273000,
2020-8-20,32.76900100708008,32.999000549316406,32.60599899291992,32.882999420166016,29.00601577758789,8910000,
2020-8-21,32.83000183105469,33.04600143432617,32.5,33.00199890136719,29.110984802246094,11508000,
2020-8-24,33.20100021362305,33.61899948120117,33.11399841308594,33.400001525878906,29.462060928344727,11996000,
2020-8-25,33.5,33.70899963378906,33.29999923706055,33.61399841308594,29.65082359313965,11140000,
2020-8-26,33.4739990234375,34.1510009765625,33.35100173950195,33.96699905395508,29.96220588684082,14844000,
2020-8-27,34.04899978637695,34.130001068115234,33.61399841308594,33.91400146484375,29.91545295715332,12552000,
2020-8-28,33.900001525878906,34.481998443603516,33.77000045776367,34.481998443603516,30.41649055480957,14589000,
2020-8-31,34.35200119018555,35.05799865722656,34.35200119018555,34.71500015258789,30.622020721435547,22229000,
2020-9-1,35,36.207000732421875,34.742000579833984,35.95399856567383,31.71494483947754,29205000,
2020-9-2,36.58599853515625,37.895999908447266,36.356998443603516,37.500999450683594,33.07954788208008,37053000,
2020-9-3,36.60100173950195,36.88999938964844,35.01599884033203,35.20899963378906,31.057771682739258,41795000,
2020-9-4,36.09700012207031,37.25299835205078,35.349998474121094,36.29499816894531,32.0157356262207,58514000,
2020-9-8,35.26599884033203,36.275001525878906,35,35.05400085449219,30.921051025390625,26685000,
2020-9-9,35.61600112915039,36.185001373291016,35.11000061035156,36.00299835205078,31.75815773010254,26273000,
2020-9-10,36.2130012512207,36.78300094604492,35.43899917602539,35.70800018310547,31.49793243408203,22851000,
2020-9-11,36.04999923706055,36.426998138427734,35.46799850463867,35.970001220703125,31.72905921936035,17362000,
2020-9-14,36.441001892089844,36.5890007019043,35.935001373291016,36.220001220703125,31.949575424194336,16447000,
2020-9-15,36.630001068115234,37.11199951171875,36.53499984741211,36.691001892089844,32.36504364013672,16618000,
2020-9-16,36.81800079345703,37.20000076293945,36.6349983215332,36.70399856567383,32.37650680541992,18498000,
2020-9-17,35.5,37.012001037597656,35.5,36.59199905395508,32.2777099609375,22862000,
2020-9-18,36.71200180053711,36.784000396728516,35.505001068115234,35.972999572753906,31.731704711914062,35295000,
2020-9-21,35.000999450683594,35.19599914550781,34.347999572753906,35.17900085449219,31.314218521118164,24198000,0.325
2020-9-22,35.637001037597656,36.18000030517578,35.29499816894531,36.159000396728516,32.186561584472656,19500000,
2020-9-23,36.018001556396484,36.12099838256836,35.005001068115234,35.159000396728516,31.296419143676758,15542000,
2020-9-24,35.02000045776367,35.75699996948242,34.909000396728516,35.25199890136719,31.379209518432617,13611000,
2020-9-25,35.20500183105469,35.77199935913086,34.827999114990234,35.68000030517578,31.76018524169922,18183000,
2020-9-28,36.167999267578125,36.84299850463867,35.90299987792969,36.72999954223633,32.694828033447266,22192000,
2020-9-29,36.749000549316406,37.08000183105469,36.39899826049805,36.42599868774414,32.424224853515625,13722000,
2020-9-30,36.29499816894531,37.099998474121094,36.17100143432617,36.43199920654297,32.42957305908203,22403000,
2020-10-1,36.89799880981445,37.07099914550781,36.481998443603516,36.86000061035156,32.810543060302734,16016000,
2020-10-2,36,36.492000579833984,35.6150016784668,35.68299865722656,31.762845993041992,17100000,
2020-10-5,36.08399963378906,36.685001373291016,35.9900016784668,36.61000061035156,32.5880126953125,18923000,
2020-10-6,36.611000061035156,37.20000076293945,36.20199966430664,36.39799880981445,32.3993034362793,16672000,
2020-10-7,36.834999084472656,36.986000061035156,36.60599899291992,36.67399978637695,32.644981384277344,12747000,
2020-10-8,36.98899841308594,37.42900085449219,36.83100128173828,37.33300018310547,33.23158645629883,17045000,
2020-10-9,37.59299850463867,38,37.400001525878906,37.66999816894531,33.531558990478516,17253000,
2020-10-12,38.17900085449219,38.5099983215332,37.979000091552734,38.24300003051758,34.041603088378906,18839000,
2020-10-13,38.441001892089844,38.779998779296875,37.861000061035156,38.14899826049805,33.95793151855469,16731000,
2020-10-14,38.354000091552734,38.374000549316406,37.78499984741211,38.029998779296875,33.85200881958008,17298000,
2020-10-15,37.505001068115234,38.04899978637695,37.50199890136719,37.99300003051758,33.81907272338867,14361000,
2020-10-16,38.327999114990234,38.327999114990234,37.814998626708984,37.8650016784668,33.705135345458984,10295000,
2020-10-19,38.124000549316406,38.361000061035156,37.51499938964844,37.57699966430664,33.44878005981445,14803000,
2020-10-20,37.70100021362305,38.11399841308594,37.555999755859375,37.69900131225586,33.55736541748047,13297000,
2020-10-21,37.57699966430664,37.68600082397461,37.03099822998047,37.20500183105469,33.11764907836914,11896000,
2020-10-22,37.108001708984375,37.430999755859375,36.71099853515625,37.33700180053711,33.23514175415039,13547000,
2020-10-23,37.32600021362305,37.39400100708008,37.07600021362305,37.27199935913086,33.17728042602539,8868000,
2020-10-26,36.959999084472656,36.99599838256836,35.76100158691406,36.30400085449219,32.31563186645508,15509000,
2020-10-27,36.518001556396484,36.518001556396484,35.922000885009766,35.959999084472656,32.009422302246094,9620000,
2020-10-28,35.400001525878906,35.486000061035156,34.553001403808594,34.72100067138672,30.90654754638672,22331000,
2020-10-29,34.72600173950195,35.944000244140625,34.5369987487793,35.500999450683594,31.600847244262695,15697000,
2020-10-30,34.93899917602539,35.29899978637695,34.44200134277344,34.9630012512207,31.1219539642334,18530000,
2020-11-2,35.50400161743164,35.53900146484375,34.834999084472656,35.125,31.266149520874023,11757000,
2020-11-3,35.595001220703125,35.92399978637695,34.66600036621094,35.375999450683594,31.489578247070312,15457000,
2020-11-4,36.04800033569336,36.89799880981445,35.7140007019043,36.4630012512207,32.45716857910156,21277000,
2020-11-5,37.236000061035156,38.26499938964844,37.20100021362305,38.08700180053711,33.90275192260742,21783000,
2020-11-6,38.005001068115234,38.367000579833984,37.71699905395508,38.0620002746582,33.880496978759766,13545000,
2020-11-9,38.90999984741211,39.388999938964844,37.500999450683594,37.55400085449219,33.428306579589844,24088000,
2020-11-10,37.03200149536133,37.31999969482422,36.0359992980957,36.3129997253418,32.323646545410156,26784000,
2020-11-11,37.08599853515625,37.7140007019043,36.85499954223633,37.59199905395508,33.462127685546875,15133000,
2020-11-12,37.722999572753906,37.86000061035156,36.827999114990234,37.02000045776367,32.95296859741211,12160000,
2020-11-13,37.5,37.733001708984375,37.15800094604492,37.349998474121094,33.2467155456543,10997000,
2020-11-16,37.48099899291992,38.137001037597656,37.400001525878906,38.08100128173828,33.897403717041016,12100000,
2020-11-17,37.86600112915039,38.24399948120117,37.702999114990234,38.060001373291016,33.87871551513672,11950000,
2020-11-18,37.98899841308594,38.49399948120117,37.96200180053711,38.0620002746582,33.880496978759766,13517000,
2020-11-19,37.77199935913086,38.48400115966797,37.435001373291016,38.43299865722656,34.21073913574219,14555000,
2020-11-20,38.430999755859375,38.8849983215332,38.27000045776367,38.33300018310547,34.1217155456543,16140000,
2020-11-23,38.5369987487793,38.915000915527344,38.29999923706055,38.70000076293945,34.448402404785156,12212000,
2020-11-24,38.86199951171875,39.28099822998047,38.61800003051758,39.222999572753906,34.91394805908203,13455000,
2020-11-25,39.284000396728516,39.54999923706055,38.900001525878906,39.08300018310547,34.78932571411133,11787000,
2020-11-27,39.314998626708984,39.91699981689453,39.29999923706055,39.494998931884766,35.15606689453125,6846000,
2020-11-30,39.402000427246094,40.215999603271484,39.27399826049805,40.15800094604492,35.74623107910156,15454000,
2020-12-1,40.34600067138672,40.667999267578125,40.012001037597656,40.457000732421875,36.01238250732422,18181000,
2020-12-2,40.4739990234375,40.54100036621094,40.111000061035156,40.37300109863281,35.937618255615234,10031000,
2020-12-3,40.45000076293945,40.66400146484375,39.810001373291016,39.97999954223633,35.58778381347656,16120000,
2020-12-4,40.2400016784668,41.2400016784668,40.23899841308594,41.167999267578125,36.645267486572266,20083000,
2020-12-7,41.64099884033203,42.284000396728516,41.33399963378906,42.0890007019043,37.465087890625,19707000,
2020-12-8,41.928001403808594,42.66999816894531,41.816001892089844,42.340999603271484,37.68940353393555,18121000,
2020-12-9,41.946998596191406,42.61000061035156,41.367000579833984,41.62200164794922,37.049400329589844,20908000,
2020-12-10,41.14400100708008,41.525001525878906,40.80099868774414,41.00400161743164,36.499290466308594,26244000,
2020-12-11,40.400001525878906,40.70000076293945,39.827999114990234,40.582000732421875,36.12363052368164,26664000,
2020-12-14,40.65299987792969,41.43000030517578,40.599998474121094,41.18000030517578,36.65595626831055,26116000,
2020-12-15,41.52799987792969,41.93899917602539,41.29899978637695,41.805999755859375,37.213172912597656,21207000,
2020-12-16,41.79999923706055,42.71500015258789,41.69599914550781,42.4900016784668,37.82203674316406,23160000,
2020-12-17,42.650001525878906,43.000999450683594,42.45500183105469,42.61000061035156,37.928855895996094,17152000,
2020-12-18,42.47999954223633,43.564998626708984,42.20000076293945,43.45600128173828,39.01150894165039,45243000,0.36
2020-12-21,42.814998626708984,43.20000076293945,42.369998931884766,42.88800048828125,38.50159454345703,19096000,
2020-12-22,42.88800048828125,43.35499954223633,42.79999923706055,43.310001373291016,38.88044357299805,17929000,
2020-12-23,43.5,43.599998474121094,42.507999420166016,42.54600143432617,38.194580078125,10533000,
2020-12-24,42.8489990234375,43.20000076293945,42.75699996948242,43.145999908447266,38.733211517333984,4123000,
2020-12-28,43.433998107910156,43.72700119018555,43.1150016784668,43.1879997253418,38.77091979980469,10625000,
2020-12-29,43.58300018310547,43.58300018310547,42.67900085449219,42.90399932861328,38.51595687866211,9593000,
2020-12-30,43.16699981689453,43.79999923706055,43.0099983215332,43.483001708984375,39.035743713378906,10553000,
2020-12-31,43.63100051879883,43.849998474121094,43.30500030517578,43.78499984741211,39.30685806274414,10211000,
2021-1-4,43.93299865722656,44.2239990234375,42.124000549316406,42.52199935913086,38.173038482666016,24171000,
2021-1-5,42.505001068115234,42.93899917602539,42.2400016784668,42.810001373291016,38.43156433105469,15069000,
2021-1-6,42.33000183105469,43.45800018310547,42.05400085449219,42.54600143432617,38.194580078125,17226000,
2021-1-7,43.20600128173828,44.45899963378906,43.060001373291016,44.3390007019043,39.80419921875,21267000,
2021-1-8,44.70000076293945,44.999000549316406,43.8650016784668,44.56399917602539,40.00617980957031,15271000,
2021-1-11,44.06100082397461,44.87799835205078,44.04199981689453,44.57600021362305,40.0169563293457,11660000,
2021-1-12,44.777000427246094,45.47600173950195,44.560001373291016,44.93899917602539,40.342830657958984,13846000,
2021-1-13,45.029998779296875,45.3489990234375,44.81100082397461,45.12099838256836,40.50621795654297,13118000,
2021-1-14,45.35100173950195,45.849998474121094,45.132999420166016,45.207000732421875,40.58342361450195,19692000,
2021-1-15,44.81800079345703,45,44.066001892089844,44.584999084472656,40.02503967285156,18165000,
2021-1-19,44.827999114990234,45.94900131225586,44.827999114990234,45.926998138427734,41.22978210449219,18819000,
2021-1-20,45.95199966430664,46.57899856567383,45.5,46.1879997253418,41.464088439941406,14710000,
2021-1-21,46.21099853515625,46.946998596191406,46.040000915527344,46.68199920654297,41.90756607055664,15749000,
2021-1-22,46.37200164794922,46.755001068115234,46.237998962402344,46.50199890136719,41.74598693847656,16248000,
2021-1-25,46.95600128173828,47,45.608001708984375,46.479000091552734,41.72532653808594,14692000,
2021-1-26,46.26499938964844,46.702999114990234,46.1879997253418,46.387001037597656,41.64273452758789,10742000,
2021-1-27,45.55400085449219,45.69599914550781,44.1510009765625,44.470001220703125,39.921791076660156,21857000,
2021-1-28,45.553001403808594,45.847999572753906,44.702999114990234,45.17399978637695,40.55379104614258,16946000,
2021-1-29,44.9900016784668,45.810001373291016,44.76300048828125,45.04999923706055,40.44247817993164,22069000,
2021-2-1,45.584999084472656,46.93199920654297,45.35900115966797,46.67399978637695,41.9003791809082,17027000,
2021-2-2,46.97600173950195,47.696998596191406,46.79999923706055,47.6879997253418,42.81067657470703,16141000,
2021-2-3,47.69300079345703,47.85200119018555,46.45899963378906,46.51900100708008,41.761234283447266,17857000,
2021-2-4,46,47.11600112915039,45.74800109863281,47.0629997253418,42.249595642089844,15243000,
2021-2-5,47.43299865722656,47.69200134277344,46.5359992980957,46.60100173950195,41.83485412597656,12488000,
2021-2-8,46.875,47.34199905395508,46.55799865722656,47.27000045776367,42.435420989990234,17610000,
2021-2-9,47.20000076293945,47.51900100708008,46.86199951171875,47.4630012512207,42.60868835449219,12758000,
2021-2-10,47.72100067138672,47.749000549316406,46.54899978637695,47.005001068115234,42.19752883911133,14587000,
2021-2-11,47.36899948120117,47.935001373291016,46.91899871826172,47.8390007019043,42.94623565673828,17123000,
2021-2-12,47.8380012512207,48.70199966430664,47.48899841308594,48.63199996948242,43.65812683105469,13551000,
2021-2-16,49.0880012512207,49.47800064086914,48.70199966430664,48.91299819946289,43.9103889465332,15163000,
2021-2-17,48.42300033569336,48.61199951171875,47.50600051879883,48.24800109863281,43.31340408325195,14084000,
2021-2-18,48.02299880981445,48.54100036621094,47.51300048828125,48.32600021362305,43.383419036865234,16715000,
2021-2-19,48.724998474121094,49.513999938964844,48.676998138427734,48.99599838256836,43.98488235473633,17992000,
2021-2-22,48.400001525878906,48.6609992980957,47.53200149536133,47.63600158691406,42.76399230957031,16967000,
2021-2-23,47.11399841308594,47.46200180053711,45.60599899291992,47.189998626708984,42.363609313964844,21303000,
2021-2-24,46.768001556396484,48.14099884033203,46.26599884033203,48.0880012512207,43.169769287109375,15125000,
2021-2-25,47.474998474121094,47.9379997253418,45.520999908447266,45.715999603271484,41.04035568237305,23148000,
2021-2-26,46.75299835205078,47.57600021362305,46.07400131225586,46.98699951171875,42.181373596191406,22640000,
2021-3-1,47.970001220703125,49,47.38600158691406,48.95800018310547,43.95077896118164,24677000,
2021-3-2,49.0369987487793,49.08599853515625,47.959999084472656,48.05099868774414,43.13654327392578,18546000,
2021-3-3,47.79999923706055,48.138999938964844,46.196998596191406,46.305999755859375,41.57002258300781,23991000,
2021-3-4,46.16699981689453,46.70000076293945,44.143001556396484,44.35900115966797,39.82215118408203,34575000,
2021-3-5,45.42499923706055,45.599998474121094,43.29999923706055,45.013999938964844,40.410160064697266,42414000,
2021-3-8,44.68299865722656,44.79600143432617,41.92599868774414,42.125,37.81663513183594,45243000,
2021-3-9,43.569000244140625,44.689998626708984,43.060001373291016,44.36000061035156,39.82305145263672,37884000,
2021-3-10,44.73500061035156,45.40299987792969,43.5099983215332,43.75899887084961,39.283512115478516,19914000,
2021-3-11,44.902000427246094,45.744998931884766,44.20899963378906,45.36899948120117,40.72885513305664,26170000,
2021-3-12,44.5359992980957,45.3489990234375,44.45199966430664,45.117000579833984,40.50263214111328,18906000,
2021-3-15,45.518001556396484,47.12300109863281,45.319000244140625,47.07699966430664,42.26216125488281,31241000,
2021-3-16,47.12699890136719,48.400001525878906,46.74100112915039,47.81800079345703,42.9273796081543,31190000,
2021-3-17,47.029998779296875,48.72700119018555,47.000999450683594,48.35900115966797,43.41305160522461,23754000,
2021-3-18,47.45600128173828,48.334999084472656,46.375,46.415000915527344,41.667869567871094,28728000,
2021-3-19,45.70500183105469,47.667999267578125,45.40999984741211,47.44599914550781,42.926361083984375,108602000,0.36
2021-3-22,47.29100036621094,48.12799835205078,47.16699981689453,47.52799987792969,43.000553131103516,31805000,
2021-3-23,47.37799835205078,47.5369987487793,46.26499938964844,46.40599822998047,41.98543930053711,24712000,
2021-3-24,46.94499969482422,46.999000549316406,45.6870002746582,45.72700119018555,41.37112045288086,20882000,
2021-3-25,45.49599838256836,46.402000427246094,44.930999755859375,46.16999816894531,41.77192687988281,17537000,
2021-3-26,45.66400146484375,48.29999923706055,45.66400146484375,48.20399856567383,43.612152099609375,28925000,
2021-3-29,48.040000915527344,48.11600112915039,46.82699966430664,47.262001037597656,42.7598991394043,28410000,
2021-3-30,46.38800048828125,46.400001525878906,45.1619987487793,45.61600112915039,41.270694732666016,27935000,
2021-3-31,45.900001525878906,46.707000732421875,45.2400016784668,46.36600112915039,41.949241638183594,28684000,
2021-4-1,47.207000732421875,47.65800094604492,46.91999816894531,47.595001220703125,43.06117248535156,23528000,
2021-4-5,48.029998779296875,48.9640007019043,47.68199920654297,48.847999572753906,44.1948127746582,22966000,
2021-4-6,48.3120002746582,48.821998596191406,47.77399826049805,48.387001037597656,43.77772521972656,18063000,
2021-4-7,48.000999450683594,48.39099884033203,47.79999923706055,48.24599838256836,43.65015411376953,12074000,
2021-4-8,48.79800033569336,48.79800033569336,48.012001037597656,48.54800033569336,43.92339324951172,18121000,
2021-4-9,48,48.53099822998047,47.65399932861328,48.50899887084961,43.88811111450195,16614000,
2021-4-12,48.19300079345703,48.54199981689453,47.86000061035156,48.367000579833984,43.75962829589844,23247000,
2021-4-13,48.5,48.821998596191406,48.02899932861328,48.49599838256836,43.876346588134766,15281000,
2021-4-14,48.24700164794922,48.91899871826172,47.51900100708008,47.72999954223633,43.18331527709961,18220000,
2021-4-15,48.16400146484375,48.23099899291992,47.678001403808594,48,43.42759323120117,18370000,
2021-4-16,48.04800033569336,48.178001403808594,47.678001403808594,47.87900161743164,43.318115234375,16263000,
2021-4-19,47.65299987792969,47.68000030517578,46.005001068115234,46.20000076293945,41.79905700683594,26319000,
2021-4-20,46.000999450683594,46.202999114990234,45.45399856567383,45.72600173950195,41.370216369628906,19128000,
2021-4-21,45.52199935913086,46.034000396728516,45.2599983215332,45.979000091552734,41.599117279052734,25947000,
2021-4-22,45.5099983215332,46.11399841308594,44.900001525878906,45.51100158691406,41.175689697265625,27057000,
2021-4-23,45.8489990234375,46.78499984741211,45.75,46.612998962402344,42.17271041870117,22890000,
2021-4-26,46.70199966430664,47.382999420166016,46.356998443603516,47.185001373291016,42.690242767333984,18271000,
2021-4-27,47.369998931884766,47.42599868774414,46.50600051879883,46.6349983215332,42.1926155090332,13267000,
2021-4-28,46.5369987487793,46.59700012207031,45.60499954223633,45.91999816894531,41.54573059082031,15940000,
2021-4-29,46.96900177001953,46.96900177001953,45.90299987792969,46.62900161743164,42.18719482421875,14650000,
2021-4-30,45.97100067138672,46.073001861572266,45.38399887084961,45.619998931884766,41.2743034362793,19367000,
2021-5-3,45.974998474121094,45.98400115966797,44.827999114990234,45.013999938964844,40.72603225708008,15098000,
2021-5-4,44.72200012207031,44.77000045776367,43.73099899291992,44.45399856567383,40.21937561035156,23497000,
2021-5-5,45.04100036621094,45.14400100708008,44.23699951171875,44.382999420166016,40.1551513671875,16388000,
2021-5-6,44.380001068115234,44.909000396728516,43.98400115966797,44.858001708984375,40.58489990234375,13495000,
2021-5-7,45.45899963378906,45.8380012512207,44.91999816894531,45.257999420166016,40.94679260253906,11712000,
2021-5-10,44.8380012512207,44.85300064086914,43.57699966430664,43.61000061035156,39.455780029296875,25239000,
2021-5-11,42.5,44.17599868774414,42.30500030517578,44.00699996948242,39.81496047973633,17887000,
2021-5-12,42.92900085449219,43.08599853515625,41.91400146484375,42.237998962402344,38.2144775390625,29940000,
2021-5-13,42.98899841308594,43.481998443603516,42.56399917602539,43.060001373291016,38.95817947387695,21841000,
2021-5-14,43.638999938964844,44.512001037597656,43.20500183105469,44.1619987487793,39.9551887512207,16964000,
2021-5-17,44.2140007019043,44.2140007019043,43.284000396728516,43.99399948120117,39.803192138671875,15725000,
2021-5-18,44.391998291015625,44.444000244140625,43.327999114990234,43.374000549316406,39.24226379394531,17824000,
2021-5-19,42.599998474121094,44.25,42.56999969482422,44.172000885009766,39.96424102783203,21369000,
2021-5-20,44.57500076293945,45.93000030517578,44.53300094604492,45.5,41.16574478149414,21886000,
2021-5-21,45.79899978637695,45.79899978637695,44.933998107910156,45.124000549316406,40.82555389404297,13216000,
2021-5-24,45.69200134277344,46.24399948120117,45.63600158691406,45.91899871826172,41.54481887817383,14420000,
2021-5-25,46.189998626708984,46.29600143432617,45.650001525878906,45.95399856567383,41.57648468017578,9600000,
2021-5-26,46.07699966430664,46.209999084472656,45.553001403808594,46.04899978637695,41.66244125366211,9873000,
2021-5-27,46,46.84400177001953,45.96500015258789,46.768001556396484,42.31295394897461,19098000,
2021-5-28,47,47.46200180053711,46.768001556396484,47.233001708984375,42.7336540222168,19946000,
2021-6-1,47.54399871826172,47.79999923706055,46.720001220703125,46.83100128173828,42.36995315551758,16277000,
2021-6-2,47.18299865722656,47.77000045776367,46.946998596191406,47.37300109863281,42.860321044921875,13286000,
2021-6-3,46.880001068115234,46.97600173950195,46.32600021362305,46.47999954223633,42.05239486694336,20389000,
2021-6-4,47.04999923706055,47.84000015258789,46.95199966430664,47.5,42.975215911865234,23865000,
2021-6-7,47.29999923706055,47.448001861572266,46.24700164794922,46.37799835205078,41.960105895996094,24142000,
2021-6-8,46.80500030517578,47.23899841308594,46.35100173950195,46.35300064086914,41.93748092651367,16615000,
2021-6-9,46.71900177001953,46.71900177001953,46.172000885009766,46.393001556396484,41.97368240356445,12126000,
2021-6-10,46.54999923706055,46.95399856567383,46.020999908447266,46.867000579833984,42.402523040771484,15413000,
2021-6-11,46.84400177001953,47.2130012512207,46.71500015258789,47.06999969482422,42.586185455322266,14508000,
2021-6-14,47.04899978637695,47.59000015258789,46.60599899291992,47.58300018310547,43.05032730102539,14675000,
2021-6-15,47.65599822998047,47.65700149536133,46.85499954223633,47.07400131225586,42.58980178833008,11131000,
2021-6-16,47.027000427246094,47.11199951171875,46.14799880981445,46.57500076293945,42.138343811035156,20437000,
2021-6-17,46.487998962402344,47.52399826049805,46.39400100708008,47.117000579833984,42.62870407104492,20881000,
2021-6-18,46.72700119018555,46.97600173950195,46.05099868774414,46.349998474121094,41.93477249145508,28537000,
2021-6-21,46.117000579833984,46.53799819946289,45.84400177001953,46.46099853515625,42.36423110961914,18591000,0.36
2021-6-22,46.65800094604492,46.858001708984375,46.13199996948242,46.44499969482422,42.34965515136719,13722000,
2021-6-23,46.38600158691406,46.78799819946289,46.30400085449219,46.66600036621094,42.55116271972656,17674000,
2021-6-24,46.98899841308594,47.3650016784668,46.86000061035156,47.00600051879883,42.861183166503906,12502000,
2021-6-25,47.1349983215332,47.244998931884766,46,46.220001220703125,42.144493103027344,19100000,
2021-6-28,46.599998474121094,47.62900161743164,46.55099868774414,47.279998779296875,43.111019134521484,13987000,
2021-6-29,47.23699951171875,47.73099899291992,47.07400131225586,47.71500015258789,43.50767517089844,14184000,
2021-6-30,47.8129997253418,47.85900115966797,47.25299835205078,47.683998107910156,43.47939682006836,15381000,
2021-7-1,47.784000396728516,47.784000396728516,46.893001556396484,46.9640007019043,42.8228874206543,11153000,
2021-7-2,47.676998138427734,47.858001708984375,45.57099914550781,46.81700134277344,42.68885040283203,37054000,
2021-7-6,47.040000915527344,47.67499923706055,46.83000183105469,47.327999114990234,43.15478515625,13870000,
2021-7-7,47.5,47.5359992980957,46.637001037597656,46.95399856567383,42.81376266479492,12581000,
2021-7-8,46.44200134277344,47.108001708984375,46.15599822998047,47.04999923706055,42.901309967041016,16011000,
2021-7-9,46.957000732421875,48.0880012512207,46.803001403808594,48.018001556396484,43.7839469909668,16782000,
2021-7-12,48.13199996948242,49.402000427246094,47.32600021362305,48.57500076293945,44.29184341430664,33142000,
2021-7-13,48.53300094604492,48.75299835205078,48.20000076293945,48.4010009765625,44.1331787109375,11806000,
2021-7-14,48.91999816894531,49.20000076293945,48.07500076293945,48.159000396728516,43.91252136230469,14020000,
2021-7-15,48.327999114990234,48.44499969482422,47.3120002746582,47.73400115966797,43.52499771118164,12624000,
2021-7-16,47.90599822998047,48.02799987792969,46.72600173950195,46.80699920654297,42.679725646972656,13980000,
2021-7-19,46.347999572753906,46.59700012207031,45.75899887084961,46.56700134277344,42.46088790893555,14938000,
2021-7-20,46.78900146484375,47.224998474121094,46.32699966430664,46.85900115966797,42.72714614868164,20727000,
2021-7-21,46.9630012512207,47.928001403808594,46.849998474121094,47.902000427246094,43.67816925048828,13660000,
2021-7-22,47.65999984741211,47.89899826049805,47.45100021362305,47.632999420166016,43.43289566040039,12583000,
2021-7-23,48.00299835205078,48.358001708984375,47.68299865722656,48.314998626708984,44.05476760864258,13489000,
2021-7-26,48.215999603271484,48.36199951171875,47.96799850463867,48.2239990234375,43.97178649902344,11160000,
2021-7-27,48.07600021362305,48.180999755859375,46.779998779296875,47.5359992980957,43.344451904296875,14715000,
2021-7-28,47.66999816894531,47.90800094604492,47.43199920654297,47.76499938964844,43.55325698852539,8359000,
2021-7-29,47.84700012207031,48.58300018310547,47.74399948120117,48.4109992980957,44.14229202270508,9162000,
2021-7-30,48.19599914550781,48.63399887084961,47.957000732421875,48.540000915527344,44.259918212890625,11548000,
2021-8-2,48.904998779296875,49.459999084472656,48.35100173950195,48.46799850463867,44.19426727294922,15619000,
2021-8-3,48.54899978637695,48.7760009765625,47.99599838256836,48.67900085449219,44.38667297363281,11135000,
2021-8-4,48.85300064086914,48.99800109863281,48.4010009765625,48.779998779296875,44.4787483215332,12123000,
2021-8-5,49.042999267578125,49.042999267578125,48.48899841308594,48.766998291015625,44.46690368652344,8372000,
2021-8-6,48.50699996948242,48.8120002746582,48.40299987792969,48.542999267578125,44.26266098022461,9964000,
2021-8-9,48.64899826049805,48.68299865722656,48.099998474121094,48.46799850463867,44.19426727294922,5952000,
2021-8-10,48.59000015258789,48.64500045776367,47.78300094604492,48.22600173950195,43.97360610961914,9319000,
2021-8-11,48.48099899291992,48.59700012207031,47.979000091552734,48.35499954223633,44.09123992919922,9816000,
2021-8-12,48.22800064086914,48.5,47.67300033569336,48.42599868774414,44.155967712402344,8702000,
2021-8-13,48.26100158691406,48.89699935913086,48.21099853515625,48.61600112915039,44.32921600341797,8582000,
2021-8-16,48.483001708984375,48.89099884033203,48.439998626708984,48.81399917602539,44.509765625,9188000,
2021-8-17,48.558998107910156,48.62200164794922,47.45199966430664,47.86899948120117,43.6480827331543,16499000,
2021-8-18,47.665000915527344,47.70800018310547,46.834999084472656,46.89699935913086,42.761783599853516,15616000,
2021-8-19,46.6349983215332,47.58300018310547,46.26599884033203,47.35300064086914,43.17757797241211,14044000,
2021-8-20,47.28200149536133,47.62300109863281,47.04399871826172,47.516998291015625,43.32712173461914,10007000,
2021-8-23,47.632999420166016,48.61899948120117,47.56999969482422,48.244998931884766,43.99093246459961,15707000,
2021-8-24,48.2400016784668,48.30400085449219,48.01599884033203,48.143001556396484,43.897926330566406,9429000,
2021-8-25,48.15700149536133,48.62699890136719,48.15700149536133,48.340999603271484,44.078468322753906,10017000,
2021-8-26,48.29999923706055,48.81100082397461,48.060001373291016,48.57400131225586,44.29092788696289,10836000,
2021-8-27,48.80099868774414,49.64400100708008,48.66400146484375,49.59400177001953,45.220977783203125,16459000,
2021-8-30,50,50.78499984741211,49.82500076293945,49.888999938964844,45.48997116088867,19614000,
2021-8-31,50.12900161743164,50.12900161743164,49.27000045776367,49.72100067138672,45.3367919921875,17378000,
2021-9-1,49.62699890136719,49.92399978637695,49.28900146484375,49.316001892089844,44.967498779296875,12586000,
2021-9-2,49.57899856567383,49.597999572753906,49.01599884033203,49.189998626708984,44.85260772705078,16991000,
2021-9-3,49.590999603271484,50.599998474121094,49.50400161743164,49.768001556396484,45.37964630126953,25191000,
2021-9-7,49.7599983215332,49.7599983215332,49.099998474121094,49.659000396728516,45.280250549316406,12398000,
2021-9-8,49.96200180053711,49.98899841308594,48.81100082397461,49.4379997253418,45.0787353515625,13987000,
2021-9-9,49.28499984741211,49.869998931884766,49.28499984741211,49.3489990234375,44.997581481933594,13174000,
2021-9-10,49.70500183105469,50.5989990234375,49.6510009765625,49.814998626708984,45.4224853515625,16110000,
2021-9-13,50.20000076293945,50.24700164794922,49.32600021362305,49.895999908447266,45.49634552001953,14927000,
2021-9-14,50.20000076293945,50.54199981689453,49.83599853515625,50.1870002746582,45.761695861816406,14134000,
2021-9-15,50.21200180053711,51.06999969482422,49.94200134277344,50.9739990234375,46.47929763793945,23346000,
2021-9-16,50.52000045776367,50.915000915527344,50.020999908447266,50.73500061035156,46.261383056640625,17569000,
2021-9-17,50.39699935913086,50.762001037597656,50.099998474121094,50.599998474121094,46.13827133178711,34470000,
2021-9-20,49.900001525878906,50.29999923706055,48.84400177001953,49.481998443603516,45.118865966796875,30105000,
2021-9-21,49.3489990234375,49.375,48.70000076293945,49.0989990234375,45.09773254394531,16935000,0.36
2021-9-22,49.42499923706055,50.29999923706055,49.22200012207031,50.058998107910156,45.97949981689453,20610000,
2021-9-23,50.250999450683594,50.729000091552734,50.058998107910156,50.43000030517578,46.32026672363281,18370000,
2021-9-24,50.22700119018555,50.54999923706055,50.08300018310547,50.492000579833984,46.377220153808594,10605000,
2021-9-27,49.97800064086914,50.582000732421875,49.737998962402344,50.48500061035156,46.370784759521484,9831000,
2021-9-28,49.70000076293945,50.14500045776367,49.05400085449219,49.10200119018555,45.10049057006836,20124000,
2021-9-29,49.362998962402344,49.426998138427734,48.76499938964844,48.948001861572266,44.95903396606445,15783000,
2021-9-30,49.45199966430664,49.45199966430664,48.448001861572266,48.49300003051758,44.54111862182617,15735000,
2021-10-1,48.78499984741211,48.86600112915039,47.75,48.73500061035156,44.76340103149414,16052000,
2021-10-4,48.49300003051758,48.65599822998047,47.27799987792969,47.595001220703125,43.71630096435547,20093000,
2021-10-5,47.59400177001953,48.979000091552734,47.53300094604492,48.54199981689453,44.58613204956055,16557000,
2021-10-6,48.3129997253418,48.935001373291016,47.970001220703125,48.87799835205078,44.894737243652344,12042000,
2021-10-7,49.26300048828125,49.9900016784668,49.26300048828125,49.391998291015625,45.366851806640625,13261000,
2021-10-8,49.68199920654297,49.79999923706055,49.12799835205078,49.28499984741211,45.26856994628906,10279000,
2021-10-11,49.124000549316406,49.95899963378906,49.084999084472656,49.23400115966797,45.22174072265625,11186000,
2021-10-12,49.58399963378906,49.66999816894531,48.20199966430664,48.52799987792969,44.573265075683594,20991000,
2021-10-13,48.117000579833984,48.53799819946289,47.95500183105469,48.500999450683594,44.548465728759766,16424000,
2021-10-14,49.18600082397461,49.915000915527344,49.082000732421875,49.7599983215332,45.704872131347656,19233000,
2021-10-15,50.439998626708984,50.58599853515625,50.108001708984375,50.32500076293945,46.223819732666016,25103000,
2021-10-18,50.03900146484375,50.39799880981445,49.86600112915039,50.33599853515625,46.23392105102539,16042000,
2021-10-19,50.43199920654297,51.08700180053711,50.176998138427734,51.03900146484375,46.87963104248047,16383000,
2021-10-20,51.099998474121094,51.34299850463867,50.84400177001953,50.93899917602539,46.787784576416016,13458000,
2021-10-21,50.94200134277344,51.479000091552734,50.86000061035156,51.415000915527344,47.22499084472656,11787000,
2021-10-22,51.4739990234375,52.13800048828125,51.301998138427734,51.54100036621094,47.34071350097656,15367000,
2021-10-25,51.749000549316406,52.45000076293945,51.518001556396484,52.207000732421875,47.95244598388672,12416000,
2021-10-26,52.52299880981445,53.499000549316406,52.400001525878906,53.387001037597656,49.03629684448242,24043000,
2021-10-27,53.18199920654297,53.606998443603516,52.18600082397461,52.31100082397461,48.047977447509766,23500000,
2021-10-28,52.41400146484375,52.994998931884766,52.34299850463867,52.957000732421875,48.641334533691406,11872000,
2021-10-29,52.349998474121094,53.21500015258789,52.349998474121094,53.16699981689453,48.8342170715332,15564000,
2021-11-1,53.034000396728516,53.257999420166016,52.49300003051758,52.80500030517578,48.5017204284668,16896000,
2021-11-2,52.744998931884766,54.082000732421875,52.667999267578125,53.707000732421875,49.3302116394043,16262000,
2021-11-3,53.904998779296875,54.37900161743164,53.37699890136719,54.23699951171875,49.817012786865234,14038000,
2021-11-4,54.380001068115234,54.90700149536133,54.09199905395508,54.86199951171875,50.39107131958008,15956000,
2021-11-5,55,55.96699905395508,54.98099899291992,55.891998291015625,51.33713912963867,18674000,
2021-11-8,56.196998596191406,56.388999938964844,55.810001373291016,55.89500045776367,51.33989715576172,17231000,
2021-11-9,55.91899871826172,56.189998626708984,55.513999938964844,55.779998779296875,51.23427200317383,15838000,
2021-11-10,55.43000030517578,56.09000015258789,54.80500030517578,54.87699890136719,50.40486526489258,18450000,
2021-11-11,55.26900100708008,55.71200180053711,54.88100051879883,55.540000915527344,51.01383972167969,14157000,
2021-11-12,55.840999603271484,56.58399963378906,55.45899963378906,56.321998596191406,51.73210906982422,13592000,
2021-11-15,56.76900100708008,56.76900100708008,55.983001708984375,56.57699966430664,51.96632385253906,13972000,
2021-11-16,56.409000396728516,56.952999114990234,56.27399826049805,56.87699890136719,52.24187469482422,13194000,
2021-11-17,56.81399917602539,57.13600158691406,56.40999984741211,56.9640007019043,52.32178497314453,12532000,
2021-11-18,57.11000061035156,57.67300033569336,56.9640007019043,57.48099899291992,52.79664993286133,12712000,
2021-11-19,57.62799835205078,57.72100067138672,56.59299850463867,56.87200164794922,52.23728561401367,19612000,
2021-11-22,57.167999267578125,57.20399856567383,55.24800109863281,55.327999114990234,50.8191032409668,25898000,
2021-11-23,55.242000579833984,55.58599853515625,54.85300064086914,55.512001037597656,50.98810958862305,17109000,
2021-11-24,55.323001861572266,55.90800094604492,54.73899841308594,55.87300109863281,51.31968688964844,12084000,
2021-11-26,55.176998138427734,55.72999954223633,54.332000732421875,54.659000396728516,50.204620361328125,14219000,
2021-11-29,55.619998931884766,56.755001068115234,55.36800003051758,56.433998107910156,51.83496856689453,18703000,
2021-11-30,56.32699966430664,56.499000549316406,55.20000076293945,55.36800003051758,50.8558464050293,22574000,
2021-12-1,56.347999572753906,56.847999572753906,55.33300018310547,55.47600173950195,50.955055236816406,21980000,
2021-12-2,54.606998443603516,55.9109992980957,54.400001525878906,55.244998931884766,50.74287414550781,22619000,
2021-12-3,56.49399948120117,56.900001525878906,55.040000915527344,55.8120002746582,51.263668060302734,20305000,
2021-12-6,56.46500015258789,56.83700180053711,55.595001220703125,56.49800109863281,51.89375686645508,22482000,
2021-12-7,57.20000076293945,59.30699920654297,57.20000076293945,59.040000915527344,54.228607177734375,29562000,
2021-12-8,59.09400177001953,59.09400177001953,58.24300003051758,58.85599899291992,54.059593200683594,17998000,
2021-12-9,58.244998931884766,59.02399826049805,58.244998931884766,58.34199905395508,53.587486267089844,29080000,
2021-12-10,62.39799880981445,64.4749984741211,61.85900115966797,63.167999267578125,58.02020263671875,57087000,
2021-12-13,63.400001525878906,63.44200134277344,62.12300109863281,62.16600036621094,57.099849700927734,26898000,
2021-12-14,61.784000396728516,61.86199951171875,60.56399917602539,61.49100112915039,56.479862213134766,35956000,
2021-12-15,61.55699920654297,64.08599853515625,61.034000396728516,63.986000061035156,58.771541595458984,29092000,
2021-12-16,63.736000061035156,64.06600189208984,61.150001525878906,62.06800079345703,57.00983810424805,42748000,
2021-12-17,61.75299835205078,63.999000549316406,61.5099983215332,63.49599838256836,58.321468353271484,50661000,
2021-12-20,62.630001068115234,64.60900115966797,62.50899887084961,64.50299835205078,59.246402740478516,32770000,
2021-12-21,64.80999755859375,64.9469985961914,63.33000183105469,64.6240005493164,59.737247467041016,36534000,0.41
2021-12-22,64.33200073242188,65.71600341796875,63.92599868774414,65.5199966430664,60.565486907958984,28383000,
2021-12-23,65.61299896240234,67.072998046875,65.61299896240234,66.4800033569336,61.45289993286133,23596000,
2021-12-27,66.4800033569336,67.62999725341797,66.44599914550781,67.4280014038086,62.32920837402344,19442000,
2021-12-28,67.75499725341797,67.7760009765625,66.7030029296875,66.9000015258789,61.841156005859375,17247000,
2021-12-29,66.9800033569336,67.69999694824219,66.91200256347656,67.26100158691406,62.17484664916992,14797000,
2021-12-30,67.30999755859375,67.56999969482422,66.38400268554688,66.50800323486328,61.47880172729492,11473000,
2021-12-31,66.6969985961914,67.13099670410156,66.3270034790039,66.54100036621094,61.50928497314453,12046000,
2022-1-3,66.63200378417969,67.16999816894531,66.12200164794922,66.33200073242188,61.316097259521484,22591000,
2022-1-4,66.28800201416016,67.21900177001953,65.7229995727539,67.09200286865234,62.018619537353516,21103000,
2022-1-5,67.12100219726562,67.12100219726562,64.20099639892578,64.30000305175781,59.43775177001953,34961000,
2022-1-6,64.01599884033203,64.86499786376953,63.44300079345703,63.702999114990234,58.88589096069336,28581000,
2022-1-7,63.584999084472656,63.99100112915039,61.84600067138672,61.915000915527344,57.23310089111328,27832000,
2022-1-10,60.88600158691406,62.20399856567383,60.356998443603516,62.11600112915039,57.41889572143555,29793000,
2022-1-11,61.55400085449219,62.79999923706055,61.457000732421875,62.20500183105469,57.50117111206055,19037000,
2022-1-12,62.750999450683594,63.0989990234375,61.9739990234375,62.20000076293945,57.496543884277344,18806000,
2022-1-13,62.74700164794922,62.78799819946289,59.415000915527344,59.71900177001953,55.20315933227539,30048000,
2022-1-14,59.577999114990234,60.03799819946289,59.20000076293945,59.637001037597656,55.12736129760742,25661000,
2022-1-18,58.832000732421875,59.104000091552734,57.5989990234375,57.77899932861328,53.40985107421875,35825000,
2022-1-19,58.15800094604492,58.472999572753906,56.33300018310547,56.39699935913086,52.132362365722656,22692000,
2022-1-20,56.79999923706055,57.013999938964844,54.676998138427734,54.77199935913086,50.6302375793457,25225000,
2022-1-21,54.66400146484375,55.540000915527344,53.13399887084961,53.323001861572266,49.29080581665039,38010000,
2022-1-24,53.0890007019043,54.35100173950195,51.34000015258789,54.15800094604492,50.06267166137695,54256000,
2022-1-25,52.79999923706055,54.540000915527344,52.422000885009766,53.41400146484375,49.37492370605469,38158000,
2022-1-26,55.20000076293945,57.41699981689453,55.00699996948242,55.71200180053711,51.49916076660156,49715000,
2022-1-27,56.97200012207031,57.0260009765625,54.10300064086914,54.23099899291992,50.1301383972168,34183000,
2022-1-28,54.33599853515625,56.04999923706055,53.23899841308594,56.0099983215332,51.774620056152344,30254000,
2022-1-31,55.939998626708984,58.637001037597656,55.599998474121094,58.5880012512207,54.15768051147461,40288000,
2022-2-1,58.58700180053711,59.38999938964844,57.582000732421875,59.27199935913086,54.78995895385742,25719000,
2022-2-2,59.900001525878906,60.47999954223633,59.362998962402344,60.34299850463867,55.77996826171875,24443000,
2022-2-3,59.56700134277344,59.902000427246094,58.012001037597656,58.084999084472656,53.692718505859375,30602000,
2022-2-4,57.63800048828125,59.65299987792969,57.61399841308594,59.01599884033203,54.553321838378906,20548000,
2022-2-7,59.01599884033203,60.15800094604492,58.41600036621094,58.76300048828125,54.31945037841797,18671000,
2022-2-8,58.8380012512207,60.185001373291016,58.69900131225586,60.02199935913086,55.483245849609375,14570000,
2022-2-9,60.73500061035156,61.172000885009766,60.15599822998047,61.13399887084961,56.51115798950195,22004000,
2022-2-10,59.529998779296875,61.4640007019043,58.856998443603516,59.13600158691406,54.66425323486328,24920000,
2022-2-11,59.13600158691406,59.97600173950195,56.90800094604492,57.34199905395508,53.00590133666992,27281000,
2022-2-14,57.5,58.28099822998047,57.00699996948242,57.858001708984375,53.48288345336914,19291000,
2022-2-15,58.90299987792969,60.604000091552734,58.82500076293945,60.277000427246094,55.71895980834961,34284000,
2022-2-16,59.40599822998047,60.08100128173828,58.72200012207031,59.72100067138672,55.20500564575195,22931000,
2022-2-17,58.970001220703125,59.15800094604492,57.888999938964844,57.900001525878906,53.52170181274414,21424000,
2022-2-18,58.09400177001953,58.77399826049805,57.327999114990234,57.999000549316406,53.613224029541016,19708000,
2022-2-22,57.999000549316406,59.020999908447266,56.98099899291992,57.74599838256836,53.37934875488281,20204000,
2022-2-23,58.02299880981445,58.50699996948242,56.4739990234375,56.51900100708008,52.245140075683594,22416000,
2022-2-24,55.15800094604492,58.569000244140625,54.902000427246094,58,53.6141357421875,35316000,
2022-2-25,57.983001708984375,58.9379997253418,57.400001525878906,58.80099868774414,54.354576110839844,22380000,
2022-2-28,58.099998474121094,59.22999954223633,57.63800048828125,58.74399948120117,54.301883697509766,25005000,
2022-3-1,58.479000091552734,58.762001037597656,56.529998779296875,57.012001037597656,52.70085525512695,24898000,
2022-3-2,57.45199966430664,59.053001403808594,57.358001708984375,58.577999114990234,54.148433685302734,21771000,
2022-3-3,59.36800003051758,59.369998931884766,57.43299865722656,57.86000061035156,53.4847297668457,26454000,
2022-3-4,59.27899932861328,60.590999603271484,58.4010009765625,59.5989990234375,55.09223175048828,44757000,
2022-3-7,59.70800018310547,59.87799835205078,57,57.06999969482422,52.75446701049805,26494000,
2022-3-8,57.21699905395508,59.60499954223633,56.361000061035156,57.595001220703125,53.23977279663086,26993000,
2022-3-9,58.87900161743164,60.16400146484375,58.70000076293945,59.70199966430664,55.187442779541016,22560000,
2022-3-10,58.555999755859375,59.00199890136719,57.637001037597656,58.77299880981445,54.328697204589844,19323000,
2022-3-11,59.20000076293945,59.44300079345703,57.71200180053711,57.78499984741211,53.415401458740234,19813000,
2022-3-14,57.69599914550781,57.99800109863281,56.474998474121094,56.779998779296875,52.48639678955078,25234000,
2022-3-15,57.72700119018555,59.67599868774414,57.50400161743164,59.2760009765625,54.793643951416016,28260000,
2022-3-16,59.665000915527344,60.770999908447266,58.40599822998047,60.71200180053711,56.12105941772461,29454000,
2022-3-17,60.47200012207031,60.70000076293945,59.76300048828125,60.266998291015625,55.709712982177734,18174000,
2022-3-18,60.39699935913086,61.32099914550781,59.5989990234375,61.04100036621094,56.4251823425293,41538000,
2022-3-21,60.560001373291016,60.560001373291016,58.88600158691406,60.12900161743164,55.958011627197266,25789000,0.41
2022-3-22,60.172000885009766,61.349998474121094,59.93299865722656,61.13399887084961,56.8932991027832,19262000,
2022-3-23,60.79999923706055,61.137001037597656,59.91600036621094,59.9379997253418,55.78025817871094,13839000,
2022-3-24,60.66299819946289,62.72200012207031,60.20000076293945,62.643001556396484,58.29762268066406,26016000,
2022-3-25,62.70800018310547,63.04100036621094,62.00699996948242,62.887001037597656,58.524696350097656,14538000,
2022-3-28,62.5880012512207,63.33000183105469,61.577999114990234,63.28799819946289,58.89788055419922,14427000,
2022-3-29,64,64.53099822998047,63,64.14700317382812,59.697288513183594,23001000,
2022-3-30,63.887001037597656,64.42900085449219,62.733001708984375,63.10900115966797,58.73129653930664,18626000,
2022-3-31,63.04800033569336,63.900001525878906,62.80500030517578,62.96799850463867,58.60008239746094,21731000,
2022-4-1,63.16899871826172,63.457000732421875,61.86899948120117,62.698001861572266,58.34880828857422,16267000,
2022-4-4,62.641998291015625,63.672000885009766,62.45199966430664,63.48500061035156,59.08121109008789,16484000,
2022-4-5,62.95500183105469,63.22600173950195,61.29999923706055,61.4119987487793,57.15201187133789,19778000,
2022-4-6,60.20800018310547,61.159000396728516,59.37699890136719,60.20000076293945,56.02408981323242,23742000,
2022-4-7,59.983001708984375,60.763999938964844,59.32400131225586,60.30500030517578,56.12179946899414,16583000,
2022-4-8,59.737998962402344,59.85900115966797,58.59700012207031,58.70000076293945,54.628143310546875,20464000,
2022-4-11,58.257999420166016,58.928001403808594,57.94300079345703,58.06100082397461,54.03346633911133,23512000,
2022-4-12,58.9109992980957,59.85900115966797,58.21699905395508,58.50699996948242,54.44853210449219,17350000,
2022-4-13,58.849998474121094,59.67100143432617,58.60499954223633,59.25400161743164,55.14371109008789,20266000,
2022-4-14,59.499000549316406,59.70600128173828,57.2859992980957,57.3849983215332,53.40435028076172,27385000,
2022-4-18,57.28499984741211,59.12200164794922,57.28499984741211,58.650001525878906,54.58160400390625,21375000,
2022-4-19,57.93600082397461,59.869998931884766,57.93600082397461,59.762001037597656,55.61647033691406,16581000,
2022-4-20,60.41999816894531,61.34299850463867,59.51300048828125,59.77199935913086,55.62577438354492,13920000,
2022-4-21,60.55400085449219,61.58700180053711,59.066001892089844,59.27299880981445,55.16139602661133,20352000,
2022-4-22,59.01100158691406,59.874000549316406,58.625999450683594,58.69499969482422,54.62348556518555,21064000,
2022-4-25,58.14899826049805,58.875999450683594,57.11199951171875,58.78799819946289,54.71003341674805,26959000,
2022-4-26,58.380001068115234,58.54600143432617,55.97100067138672,56.00699996948242,52.121944427490234,35809000,
2022-4-27,55.57899856567383,57.007999420166016,55.5,55.95399856567383,52.07262420654297,19313000,
2022-4-28,56.59400177001953,58.50199890136719,55.797000885009766,57.89400100708008,53.87804412841797,22334000,
2022-4-29,57.262001037597656,57.827999114990234,55.34000015258789,55.43899917602539,51.59334182739258,26108000,
2022-5-2,55.7140007019043,57.763999938964844,55.63800048828125,57.6349983215332,53.63701629638672,26725000,
2022-5-3,57.60100173950195,58.67499923706055,57.176998138427734,58.117000579833984,54.0855712890625,17064000,
2022-5-4,58.17900085449219,60.40700149536133,57.39799880981445,60.36600112915039,56.17856216430664,23896000,
2022-5-5,59.42300033569336,59.7869987487793,57.42900085449219,57.999000549316406,53.975765228271484,32806000,
2022-5-6,57.49399948120117,58.99800109863281,56.94300079345703,58.0099983215332,53.98599624633789,20745000,
2022-5-9,57.28799819946289,57.79999923706055,56.027000427246094,56.29199981689453,52.387176513671875,30074000,
2022-5-10,58.04899978637695,59.1150016784668,57.18000030517578,58.138999938964844,54.10605239868164,29271000,
2022-5-11,57.45800018310547,58.46900177001953,56.58599853515625,56.71099853515625,52.7771110534668,26660000,
2022-5-12,56.34000015258789,57.361000061035156,55.82600021362305,57.15700149536133,53.19217300415039,25518000,
2022-5-13,57.70500183105469,59.159000396728516,57.349998474121094,58.82400131225586,54.74353790283203,19449000,
2022-5-16,58.4379997253418,58.91400146484375,57.76499938964844,58.266998291015625,54.22517395019531,14189000,
2022-5-17,59.54499816894531,60.900001525878906,59.361000061035156,60.814998626708984,56.59642791748047,24676000,
2022-5-18,60,60.071998596191406,56.61800003051758,57.05699920654297,53.09910583496094,35024000,
2022-5-19,55.79999923706055,56.07500076293945,53.895999908447266,54.62099838256836,50.83207702636719,34884000,
2022-5-20,55.38999938964844,55.499000549316406,51.24399948120117,54.319000244140625,50.55104064941406,40281000,
2022-5-23,52.400001525878906,53.55699920654297,51.42599868774414,52.63600158691406,48.98477554321289,58586000,
2022-5-24,52.66600036621094,52.887001037597656,51.61899948120117,52.41999816894531,48.78376388549805,25060000,
2022-5-25,52.38999938964844,53.744998931884766,52.38999938964844,53.16299819946289,49.475223541259766,17842000,
2022-5-26,53.15399932861328,55.457000732421875,52.77199935913086,55.066001892089844,51.24622344970703,39743000,
2022-5-27,56.20899963378906,58.54600143432617,56.000999450683594,58.327999114990234,54.28193664550781,37301000,
2022-5-31,58.45000076293945,58.702999114990234,57.599998474121094,58.01300048828125,53.98878860473633,30009000,
2022-6-1,58.757999420166016,59.09400177001953,56.84299850463867,57.36199951171875,53.3829460144043,18345000,
2022-6-2,57.775001525878906,57.777000427246094,56.8129997253418,57.67399978637695,53.673301696777344,29488000,
2022-6-3,56.887001037597656,56.959999084472656,56.097999572753906,56.332000732421875,52.42440414428711,20562000,
2022-6-6,57.152000427246094,57.27199935913086,55.75400161743164,56.12300109863281,52.22990036010742,14557000,
2022-6-7,56.05400085449219,57.45399856567383,55.75299835205078,57.29899978637695,53.32432556152344,15895000,
2022-6-8,57.18199920654297,57.62699890136719,56.2140007019043,56.5359992980957,52.6142463684082,24004000,
2022-6-9,56.11600112915039,57.36399841308594,55.59299850463867,55.62200164794922,51.763648986816406,18787000,
2022-6-10,55.00899887084961,55.104000091552734,53.97200012207031,54.12699890136719,50.372352600097656,24018000,
2022-6-13,52.678001403808594,53.29999923706055,51.60200119018555,51.762001037597656,48.171409606933594,31619000,
2022-6-14,52.49700164794922,52.49700164794922,51.45899963378906,52.016998291015625,48.40871810913086,24380000,
2022-6-15,52.915000915527344,53.382999420166016,51.551998138427734,52.67100143432617,49.017356872558594,19141000,
2022-6-16,51.19499969482422,51.44300079345703,49.22800064086914,49.71799850463867,46.269187927246094,37244000,
2022-6-17,49.5,50.0359992980957,48.7869987487793,49.8650016784668,46.406002044677734,43504000,
2022-6-21,50.40800094604492,51.090999603271484,50.28900146484375,50.37699890136719,47.271148681640625,21901000,0.41
2022-6-22,49.63100051879883,50.37699890136719,49.41999816894531,49.61000061035156,46.55144500732422,24721000,
2022-6-23,50.17499923706055,50.17499923706055,49.10100173950195,49.65800094604492,46.59648513793945,16707000,
2022-6-24,50.5,51.18000030517578,50.14500045776367,50.909000396728516,47.77035903930664,21201000,
2022-6-27,51.380001068115234,51.40399932861328,50.28200149536133,50.57099914550781,47.45319366455078,13207000,
2022-6-28,51.26100158691406,51.415000915527344,49.81100082397461,49.845001220703125,46.77195358276367,15667000,
2022-6-29,49.54800033569336,49.59299850463867,48.66699981689453,49.04100036621094,46.017520904541016,14444000,
2022-6-30,48.803001403808594,49.374000549316406,48.07099914550781,48.58100128173828,45.585880279541016,18890000,
2022-7-1,47.941001892089844,48.426998138427734,46.94300079345703,47.784000396728516,44.838016510009766,21315000,
2022-7-5,47.20000076293945,47.69300079345703,46.39099884033203,47.630001068115234,44.69350814819336,20711000,
2022-7-6,48.053001403808594,48.70500183105469,47.54999923706055,48.26100158691406,45.28561019897461,22975000,
2022-7-7,48.81100082397461,50.138999938964844,48.81100082397461,49.854000091552734,46.780399322509766,21319000,
2022-7-8,49.29899978637695,49.9630012512207,49,49.86899948120117,46.794471740722656,12713000,
2022-7-11,48.94900131225586,49.1619987487793,48.097999572753906,48.2859992980957,45.30906677246094,21449000,
2022-7-12,48.78200149536133,49.2599983215332,48.00699996948242,48.137001037597656,45.16926956176758,21159000,
2022-7-13,47.49800109863281,48.56399917602539,47.229000091552734,48.17300033569336,45.20303726196289,17665000,
2022-7-14,48.244998931884766,48.667999267578125,47.34299850463867,48.4640007019043,45.47609329223633,19957000,
2022-7-15,49.08300018310547,49.4739990234375,48.612998962402344,49.44599914550781,46.39754867553711,18714000,
2022-7-18,50.01599884033203,50.24100112915039,48.819000244140625,49.10599899291992,46.078514099121094,18042000,
2022-7-19,49.68000030517578,51.1349983215332,49.5890007019043,50.900001525878906,47.76191329956055,27257000,
2022-7-20,50.95399856567383,51.76100158691406,50.446998596191406,51.176998138427734,48.02183532714844,27412000,
2022-7-21,51.255001068115234,51.78099822998047,50.60200119018555,51.768001556396484,48.57639694213867,13912000,
2022-7-22,51.88100051879883,51.979000091552734,50.667999267578125,51.25199890136719,48.09221649169922,17867000,
2022-7-25,51.04600143432617,51.332000732421875,50.65299987792969,51.31100082397461,48.14756774902344,15061000,
2022-7-26,51.4630012512207,51.680999755859375,50.891998291015625,51.10900115966797,47.958030700683594,17958000,
2022-7-27,51.81999969482422,53.01900100708008,51.69300079345703,52.77899932861328,49.52507400512695,25699000,
2022-7-28,52.85900115966797,53.652000427246094,52.05799865722656,53.361000061035156,50.07118606567383,14867000,
2022-7-29,53.198001861572266,53.78300094604492,53.027000427246094,53.54800033569336,50.24665451049805,18482000,
2022-8-1,53.143001556396484,53.979000091552734,53.04399871826172,53.637001037597656,50.33017349243164,11485000,
2022-8-2,53.321998596191406,53.91999816894531,52.722999572753906,53.12099838256836,49.845985412597656,13072000,
2022-8-3,53.52899932861328,54.79999923706055,53.4119987487793,54.67399978637695,51.30324172973633,19228000,
2022-8-4,54.840999603271484,55.314998626708984,54.500999450683594,55.279998779296875,51.87187194824219,16293000,
2022-8-5,54.4900016784668,55.20000076293945,54.327999114990234,55.14400100708008,51.74425506591797,14357000,
2022-8-8,54.935001373291016,55.29899978637695,53.874000549316406,54.553001403808594,51.189697265625,13722000,
2022-8-9,53.909000396728516,53.935001373291016,52.775001525878906,53.279998779296875,49.995182037353516,20072000,
2022-8-10,54.60599899291992,55.10200119018555,53.92399978637695,55.04100036621094,51.64760971069336,19519000,
2022-8-11,55.39500045776367,55.777000427246094,54.42499923706055,54.542999267578125,51.1803092956543,14268000,
2022-8-12,54.78099822998047,55.840999603271484,54.564998626708984,55.823001861572266,52.38139724731445,18399000,
2022-8-15,55.42300033569336,55.979000091552734,55.04999923706055,55.895999908447266,52.44990158081055,14329000,
2022-8-16,55.75199890136719,55.79399871826172,54.60100173950195,55.165000915527344,51.76396942138672,14782000,
2022-8-17,54.4370002746582,54.47100067138672,53.104000091552734,53.85900115966797,50.538482666015625,19022000,
2022-8-18,54.340999603271484,56.055999755859375,54.16299819946289,55.845001220703125,52.40204620361328,23459000,
2022-8-19,55.08599853515625,55.55799865722656,54.7869987487793,54.84299850463867,51.46181869506836,16923000,
2022-8-22,54.25699996948242,54.308998107910156,52.70500183105469,52.875,49.615150451660156,18555000,
2022-8-23,53.3849983215332,53.762001037597656,52.89099884033203,52.97800064086914,49.71179962158203,9003000,
2022-8-24,52.95600128173828,53.130001068115234,52.34400177001953,53.08399963378906,49.81126022338867,11883000,
2022-8-25,53.345001220703125,55.04800033569336,53.22600173950195,55.01300048828125,51.621337890625,17345000,
2022-8-26,54.88399887084961,55.0989990234375,52,52.08599853515625,48.874786376953125,25682000,
2022-8-29,52,52.27399826049805,51.20000076293945,51.417999267578125,48.24797058105469,16580000,
2022-8-30,51.683998107910156,51.79100036621094,50.138999938964844,50.638999938964844,47.51700973510742,18282000,
2022-8-31,51.01599884033203,51.01599884033203,49.65399932861328,49.9109992980957,46.833892822265625,32445000,
2022-9-1,49.14699935913086,49.32899856567383,48.08399963378906,49.20100021362305,46.167667388916016,31930000,
2022-9-2,51.79999923706055,51.98099899291992,49.83000183105469,50.02199935913086,46.93803787231445,40426000,
2022-9-6,49.85300064086914,50.400001525878906,49.0369987487793,49.81999969482422,46.748504638671875,24738000,
2022-9-7,50.29100036621094,50.94300079345703,49.90800094604492,50.51300048828125,47.398765563964844,20440000,
2022-9-8,50.2599983215332,51.27399826049805,49.869998931884766,51.19300079345703,48.03684997558594,22535000,
2022-9-9,51.54399871826172,52.59700012207031,51.54399871826172,52.2400016784668,49.01929473876953,23019000,
2022-9-12,52.67499923706055,53.125999450683594,52.45600128173828,52.90599822998047,49.64423370361328,18157000,
2022-9-13,51.38399887084961,51.82699966430664,50.167999267578125,50.3650016784668,47.25990295410156,35136000,
2022-9-14,50.7130012512207,51.29999923706055,50.277000427246094,51.07500076293945,47.926124572753906,20605000,
2022-9-15,50.893001556396484,51.15599822998047,49.72800064086914,50.013999938964844,46.930538177490234,36574000,
2022-9-16,49.77199935913086,50.36899948120117,48.986000061035156,50.25,47.1519889831543,59012000,
2022-9-19,49.44200134277344,50.3390007019043,49.44200134277344,50.183998107910156,47.09005355834961,17948000,
2022-9-20,49.599998474121094,49.882999420166016,48.97200012207031,49.305999755859375,46.26618957519531,17132000,
2022-9-21,49.0989990234375,49.987998962402344,48.176998138427734,48.2140007019043,45.6208610534668,20669000,0.41
2022-9-22,48.24300003051758,48.32099914550781,47.29999923706055,47.76100158691406,45.192230224609375,23540000,
2022-9-23,47.494998931884766,47.79899978637695,46.20000076293945,46.86800003051758,44.347259521484375,29649000,
2022-9-26,46.89799880981445,47.33000183105469,46.13100051879883,46.22600173950195,43.73978805541992,19361000,
2022-9-27,46.95500183105469,46.98899841308594,45.6510009765625,46.474998474121094,43.975399017333984,17850000,
2022-9-28,46.13399887084961,46.875,45.6349983215332,46.59600067138672,44.08989334106445,27605000,
2022-9-29,46.09000015258789,46.137001037597656,44.487998962402344,45.01300048828125,42.59203338623047,39997000,
2022-9-30,44.90599822998047,45.78200149536133,44.36399841308594,44.4010009765625,42.0129508972168,27202000,
2022-10-3,44.92399978637695,46.095001220703125,44.696998596191406,45.678001403808594,43.22126388549805,21479000,
2022-10-4,46.849998474121094,48.01599884033203,46.58599853515625,47.986000061035156,45.40512466430664,27277000,
2022-10-5,47.255001068115234,48.808998107910156,47.145999908447266,48.47999954223633,45.872562408447266,18493000,
2022-10-6,48.37900161743164,48.970001220703125,47.87200164794922,47.95000076293945,45.371063232421875,17250000,
2022-10-7,47.237998962402344,47.33399963378906,45.902000427246094,46.04800033569336,43.57135772705078,28425000,
2022-10-10,46,46.0099983215332,43.183998107910156,43.77000045776367,41.41588592529297,33454000,
2022-10-11,43.52000045776367,43.869998931884766,42.55799865722656,43.07600021362305,40.75920486450195,28046000,
2022-10-12,43.224998474121094,43.571998596191406,42.80099868774414,43.05699920654297,40.74123001098633,15046000,
2022-10-13,41.742000579833984,44.37699890136719,41.50699996948242,43.797000885009766,41.441429138183594,27980000,
2022-10-14,44.327999114990234,44.395999908447266,42.64099884033203,42.709999084472656,40.41288757324219,22816000,
2022-10-17,43.95500183105469,44.124000549316406,43.3390007019043,43.5369987487793,41.19541549682617,24120000,
2022-10-18,44.82099914550781,44.85499954223633,43.01599884033203,43.483001708984375,41.144317626953125,20341000,
2022-10-19,43.323001861572266,43.83000183105469,43.0880012512207,43.529998779296875,41.18878936767578,12702000,
2022-10-20,43.51300048828125,44.21900177001953,42.81399917602539,43.029998779296875,40.715675354003906,23402000,
2022-10-21,43.20899963378906,45.066001892089844,42.91699981689453,44.972999572753906,42.554176330566406,26980000,
2022-10-24,45.27299880981445,45.87900161743164,45.111000061035156,45.652000427246094,43.19666290283203,25287000,
2022-10-25,45.79899978637695,46.42599868774414,45.68299865722656,46.00699996948242,43.53256607055664,18246000,
2022-10-26,45.79899978637695,47.17599868774414,45.534000396728516,46.11800003051758,43.63759231567383,29291000,
2022-10-27,46.60499954223633,47.07699966430664,45.49100112915039,45.540000915527344,43.09068298339844,18512000,
2022-10-28,45.69599914550781,47.433998107910156,45.564998626708984,47.290000915527344,44.74656677246094,23094000,
2022-10-31,46.685001373291016,47.28099822998047,46.500999450683594,47.012001037597656,44.48351287841797,19259000,
2022-11-1,47.58000183105469,47.68299865722656,46.31700134277344,46.790000915527344,44.27345657348633,16324000,
2022-11-2,47.02799987792969,48.04499816894531,45.571998596191406,45.60300064086914,43.150299072265625,21070000,
2022-11-3,45.09400177001953,45.2859992980957,44.13600158691406,44.4119987487793,42.02334976196289,23887000,
2022-11-4,45.68600082397461,46.888999938964844,45.327999114990234,46.529998779296875,44.02743911743164,28891000,
2022-11-7,46.676998138427734,47.77399826049805,46.15700149536133,47.52199935913086,44.966087341308594,17687000,
2022-11-8,48.125,48.880001068115234,47.349998474121094,48.21099853515625,45.61802291870117,20743000,
2022-11-9,47.849998474121094,47.900001525878906,46.90299987792969,46.946998596191406,44.42200469970703,23695000,
2022-11-10,49.099998474121094,50.71699905395508,48.71900177001953,50.65700149536133,47.93247604370117,33970000,
2022-11-11,50.47999954223633,51.900001525878906,50.20000076293945,51.808998107910156,49.02250289916992,26728000,
2022-11-14,51.53900146484375,52.50199890136719,51.29999923706055,51.321998596191406,48.56170654296875,21608000,
2022-11-15,52.99599838256836,53.25699996948242,51.590999603271484,52.44200134277344,49.6214714050293,23315000,
2022-11-16,51.672000885009766,51.854000091552734,51.02799987792969,51.17300033569336,48.420719146728516,25405000,
2022-11-17,50.5,51.27399826049805,50.31399917602539,51.21099853515625,48.456668853759766,20375000,
2022-11-18,51.6870002746582,51.77299880981445,51.099998474121094,51.51599884033203,48.74527359008789,14536000,
2022-11-21,51.29399871826172,52.084999084472656,51.111000061035156,51.74399948120117,48.961002349853516,18622000,
2022-11-22,52.297000885009766,53.02799987792969,51.9010009765625,53.005001068115234,50.1541862487793,18920000,
2022-11-23,53.03499984741211,54.14799880981445,52.880001068115234,53.36399841308594,50.49388122558594,13964000,
2022-11-25,53.069000244140625,53.45800018310547,52.948001861572266,52.99100112915039,50.14094543457031,7455000,
2022-11-28,52.52399826049805,52.875999450683594,51.624000549316406,52.22100067138672,49.412357330322266,23505000,
2022-11-29,52.29999923706055,52.584999084472656,51.483001708984375,52.138999938964844,49.33476257324219,12694000,
2022-11-30,52.4109992980957,55.16600036621094,51.78300094604492,55.10300064086914,52.139347076416016,47349000,
2022-12-1,55.10300064086914,55.242000579833984,54.19599914550781,55.07500076293945,52.11285400390625,23006000,
2022-12-2,53.70500183105469,54.27000045776367,53.608001708984375,54.08000183105469,51.17136764526367,19320000,
2022-12-5,53.777000427246094,53.948001861572266,52.54899978637695,53.06399917602539,50.21001434326172,18548000,
2022-12-6,53.064998626708984,53.356998443603516,52.17499923706055,52.582000732421875,49.753936767578125,19655000,
2022-12-7,51.959999084472656,52.5,51.60499954223633,51.849998474121094,49.061309814453125,16524000,
2022-12-8,52.08100128173828,53.242000579833984,52.03799819946289,53.108001708984375,50.25164794921875,27514000,
2022-12-9,55.09400177001953,55.263999938964844,54.099998474121094,54.47200012207031,51.54228591918945,37028000,
2022-12-12,54.474998474121094,55.6870002746582,54.2239990234375,55.66299819946289,52.669227600097656,23416000,
2022-12-13,57.582000732421875,58.183998107910156,56.50299835205078,57.104000091552734,54.0327262878418,40414000,
2022-12-14,56.85499954223633,58.564998626708984,56.77299880981445,57.444000244140625,54.35444259643555,35218000,
2022-12-15,56.37799835205078,56.64899826049805,55.77000045776367,55.79999923706055,52.79886245727539,36876000,
2022-12-16,55.744998931884766,55.97999954223633,55.08700180053711,55.590999603271484,52.601104736328125,49549000,
2022-12-19,55.402000427246094,55.64799880981445,54.571998596191406,54.9630012512207,52.44081497192383,25092000,0.46
2022-12-20,54.516998291015625,54.900001525878906,54.09199905395508,54.402000427246094,51.90556716918945,29831000,
2022-12-21,54.766998291015625,56.191001892089844,54.69499969482422,56.12300109863281,53.54758071899414,25619000,
2022-12-22,55.334999084472656,55.49399948120117,54.720001220703125,55.308998107910156,52.77093505859375,27553000,
2022-12-23,55,55.36199951171875,54.744998931884766,55.24300003051758,52.70796585083008,13761000,
2022-12-27,55.154998779296875,55.81100082397461,54.694000244140625,55.354000091552734,52.813880920410156,16677000,
2022-12-28,55.16400146484375,55.777000427246094,54.244998931884766,54.48899841308594,51.988555908203125,15410000,
2022-12-29,55.185001373291016,56.2599983215332,55.04999923706055,55.78099822998047,53.22127151489258,18176000,
2022-12-30,55.18199920654297,55.96500015258789,54.80099868774414,55.91299819946289,53.34721374511719,14376000,
2023-1-3,56.5,56.75699996948242,55.07899856567383,55.347999572753906,52.808143615722656,20173000,
2023-1-4,56.29899978637695,56.816001892089844,55.60300064086914,56.02399826049805,53.453128814697266,17074000,
2023-1-5,55.57099914550781,55.98400115966797,55.11199951171875,55.50199890136719,52.955074310302734,16277000,
2023-1-6,56.3120002746582,59.099998474121094,56.22999954223633,58.84299850463867,56.14276123046875,35261000,
2023-1-9,59.22999954223633,60.16699981689453,56.055999755859375,57.68899917602539,55.041717529296875,37739000,
2023-1-10,57.20000076293945,57.51300048828125,54.999000549316406,57.49300003051758,54.854705810546875,44635000,
2023-1-11,57.29999923706055,57.83399963378906,56.6870002746582,57.81399917602539,55.16098403930664,22502000,
2023-1-12,57.558998107910156,58.51100158691406,57.375999450683594,58.194000244140625,55.523536682128906,19514000,
2023-1-13,57.71500015258789,58.19300079345703,57.66699981689453,57.900001525878906,55.243038177490234,19647000,
2023-1-17,57.4900016784668,58.5359992980957,57.45399856567383,57.92399978637695,55.265926361083984,15835000,
2023-1-18,58.32099914550781,58.75600051879883,57.37200164794922,57.42900085449219,54.79365158081055,15703000,
2023-1-19,56.9119987487793,57.00600051879883,56.03099822998047,56.321998596191406,53.737449645996094,22692000,
2023-1-20,56.303001403808594,57.13600158691406,55.9109992980957,57.077999114990234,54.458763122558594,22950000,
2023-1-23,57.20000076293945,58.479000091552734,56.97800064086914,58.16299819946289,55.49396514892578,23429000,
2023-1-24,57.84400177001953,58.66899871826172,57.5629997253418,58.50299835205078,55.818363189697266,13825000,
2023-1-25,57.766998291015625,58.696998596191406,57.604000091552734,58.56800079345703,55.88038635253906,13766000,
2023-1-26,59.04100036621094,60.055999755859375,58.625999450683594,59.858001708984375,57.11118698120117,24525000,
2023-1-27,59.332000732421875,59.92499923706055,59.01900100708008,59.0989990234375,56.387020111083984,19344000,
2023-1-30,58.29999923706055,58.96099853515625,57.97600173950195,58.14500045776367,55.4767951965332,16984000,
2023-1-31,58.207000732421875,58.722999572753906,58.07400131225586,58.500999450683594,55.81646728515625,23719000,
2023-2-1,58.356998443603516,60.83000183105469,58.27000045776367,60.275001525878906,57.50905227661133,26553000,
2023-2-2,60.76300048828125,61.31399917602539,59.974998474121094,60.57699966430664,57.79719543457031,24188000,
2023-2-3,59.79999923706055,60.80400085449219,59.625,59.762001037597656,57.01959228515625,19093000,
2023-2-6,59.33399963378906,60.321998596191406,59.22600173950195,60.130001068115234,57.370704650878906,18709000,
2023-2-7,60.066001892089844,61.70100021362305,59.97200012207031,61.44499969482422,58.625370025634766,24025000,
2023-2-8,60.667999267578125,61.018001556396484,60.0620002746582,60.17100143432617,57.409820556640625,15290000,
2023-2-9,61.2599983215332,61.49300003051758,59.54800033569336,59.941001892089844,57.19038391113281,18837000,
2023-2-10,59.63100051879883,59.84600067138672,58.9630012512207,59.32500076293945,56.60264205932617,21035000,
2023-2-13,59.5,60.14799880981445,59.34700012207031,60.11199951171875,57.35353088378906,19847000,
2023-2-14,59.41699981689453,60.55799865722656,59.332000732421875,60.23099899291992,57.46706771850586,17571000,
2023-2-15,59.88600158691406,60.827999114990234,59.66999816894531,60.76900100708008,57.98038864135742,12683000,
2023-2-16,60.07500076293945,60.89400100708008,59.95500183105469,60.05400085449219,57.298194885253906,17449000,
2023-2-17,60,60.084999084472656,59.244998931884766,59.558998107910156,56.82590103149414,14215000,
2023-2-21,59,59.308998107910156,57.98400115966797,58.15399932861328,55.48537826538086,22737000,
2023-2-22,58.224998474121094,58.308998107910156,57.209999084472656,57.617000579833984,54.973026275634766,23475000,
2023-2-23,58.57500076293945,58.59400177001953,57.36800003051758,58.380001068115234,55.70100402832031,18939000,
2023-2-24,57.75299835205078,58.02399826049805,57.361000061035156,57.775001525878906,55.123775482177734,15353000,
2023-2-27,58.58700180053711,58.97999954223633,58.42599868774414,58.54499816894531,55.858436584472656,18321000,
2023-2-28,58.555999755859375,59.858001708984375,58.21799850463867,59.42900085449219,56.701873779296875,27822000,
2023-3-1,59.400001525878906,59.82099914550781,59.029998779296875,59.356998443603516,56.63317108154297,15484000,
2023-3-2,58.93899917602539,60.09400177001953,58.612998962402344,59.8650016784668,57.11786651611328,27525000,
2023-3-3,61.77000045776367,63.573001861572266,61.57500076293945,63.2760009765625,60.372344970703125,46088000,
2023-3-6,63.5,64.40499877929688,63.17300033569336,63.29199981689453,60.387603759765625,24983000,
2023-3-7,63.48699951171875,63.577999114990234,62.35100173950195,62.51499938964844,59.64625930786133,19334000,
2023-3-8,62.77799987792969,63.27299880981445,62.367000579833984,63.22600173950195,60.32463836669922,20912000,
2023-3-9,63.007999420166016,64.24400329589844,62.1879997253418,62.25199890136719,59.395328521728516,21775000,
2023-3-10,62.819000244140625,63.01599884033203,61.28200149536133,61.483001708984375,58.66162109375,26098000,
2023-3-13,60.70899963378906,62.43899917602539,60.6879997253418,61.64699935913086,58.81808853149414,22364000,
2023-3-14,62.3390007019043,63.33700180053711,61.849998474121094,63.24599838256836,60.343719482421875,25893000,
2023-3-15,62.766998291015625,63.00699996948242,61.619998931884766,62.604000091552734,59.73117446899414,22963000,
2023-3-16,62.185001373291016,63.707000732421875,61.78099822998047,63.650001525878906,60.729183197021484,31716000,
2023-3-17,63.650001525878906,63.957000732421875,62.70800018310547,63.09700012207031,60.20155715942383,79303000,
2023-3-20,63.27399826049805,64.4739990234375,63.15999984741211,64.37100219726562,61.41709899902344,25857000,
2023-3-21,64.30899810791016,64.65899658203125,63.43299865722656,63.67499923706055,61.190303802490234,25000000,0.46
2023-3-22,63.689998626708984,64.8499984741211,63.06700134277344,63.09199905395508,60.630043029785156,25799000,
2023-3-23,63.88999938964844,64.81800079345703,63.15299987792969,63.92300033569336,61.428619384765625,27162000,
2023-3-24,63.803001403808594,63.93000030517578,62.85499954223633,63.617000579833984,61.13456344604492,17228000,
2023-3-27,63.900001525878906,63.90999984741211,62.5989990234375,62.683998107910156,60.23796463012695,14707000,
2023-3-28,62.52299880981445,62.65399932861328,61.88600158691406,62.470001220703125,60.032318115234375,12439000,
2023-3-29,63.27799987792969,63.4010009765625,62.4640007019043,62.54999923706055,60.10919952392578,26395000,
2023-3-30,63.27299880981445,63.60499954223633,62.93000030517578,63.375,60.902000427246094,21523000,
2023-3-31,63.05400085449219,64.22200012207031,62.590999603271484,64.15399932861328,61.65060043334961,22097000,
2023-4-3,63.900001525878906,64.38999938964844,63.64400100708008,64.24700164794922,61.73998260498047,15682000,
2023-4-4,64.31500244140625,64.42400360107422,63.20000076293945,63.441001892089844,60.96543502807617,13429000,
2023-4-5,63.11399841308594,63.16999816894531,62.56999969482422,62.9010009765625,60.44650650024414,16908000,
2023-4-6,62.41600036621094,62.84000015258789,61.89699935913086,62.263999938964844,59.8343620300293,14493000,
2023-4-10,61.80500030517578,62.7869987487793,61.64500045776367,62.73899841308594,60.29081726074219,15400000,
2023-4-11,63.077999114990234,63.0880012512207,62.082000732421875,62.15700149536133,59.73153305053711,16518000,
2023-4-12,62.73400115966797,62.75199890136719,61.625999450683594,61.66999816894531,59.26353073120117,14112000,
2023-4-13,61.90700149536133,62.650001525878906,61.71099853515625,62.42399978637695,59.98811721801758,17265000,
2023-4-14,62.04800033569336,62.803001403808594,61.520999908447266,61.95399856567383,59.53644943237305,17465000,
2023-4-17,61.861000061035156,62.83399963378906,61.78099822998047,62.736000061035156,60.28794479370117,13201000,
2023-4-18,63.1619987487793,63.54999923706055,62.7130012512207,63.231998443603516,60.76457977294922,16806000,
2023-4-19,62.67900085449219,63.67900085449219,62.55500030517578,63.45000076293945,60.974082946777344,19060000,
2023-4-20,62.7859992980957,64.27300262451172,62.7140007019043,63.301998138427734,60.831851959228516,20239000,
2023-4-21,63.060001373291016,63.380001068115234,62.19900131225586,63.290000915527344,60.8203239440918,14807000,
2023-4-24,63.36399841308594,63.8849983215332,63.17900085449219,63.45399856567383,60.97792053222656,12338000,
2023-4-25,63.39899826049805,63.5989990234375,62.17399978637695,62.20199966430664,59.774784088134766,23670000,
2023-4-26,61.99700164794922,62.3129997253418,61.35100173950195,61.61899948120117,59.21453094482422,17179000,
2023-4-27,61.61899948120117,62.00899887084961,60.323001861572266,61.840999603271484,59.4278678894043,18250000,
2023-4-28,61.90700149536133,62.678001403808594,61.45600128173828,62.650001525878906,60.20529556274414,16183000,
2023-5-1,62.650001525878906,63.89899826049805,62.619998931884766,63.79499816894531,61.30561828613281,17030000,
2023-5-2,62.57600021362305,62.650001525878906,60.50199890136719,61.23400115966797,58.84454345703125,28357000,
2023-5-3,61.689998626708984,62.19499969482422,61.2400016784668,61.31999969482422,58.92719268798828,19816000,
2023-5-4,61,61.395999908447266,60.12900161743164,61.01599884033203,58.63505554199219,17684000,
2023-5-5,61.595001220703125,63.14699935913086,61.33700180053711,63.012001037597656,60.55318069458008,24876000,
2023-5-8,62.97800064086914,63.073001861572266,62.05799865722656,62.90599822998047,60.45130920410156,13934000,
2023-5-9,62.27299880981445,62.40700149536133,61.58599853515625,61.85100173950195,59.43748092651367,16990000,
2023-5-10,62.20600128173828,62.79999923706055,61.82699966430664,62.62699890136719,60.18319320678711,19174000,
2023-5-11,62.65800094604492,62.847999572753906,61.79899978637695,62.766998291015625,60.31772994995117,14430000,
2023-5-12,62.8380012512207,63.27000045776367,62.42100143432617,63.1150016784668,60.652156829833984,11942000,
2023-5-15,63.1870002746582,64.00199890136719,62.84700012207031,63.97999954223633,61.483394622802734,14614000,
2023-5-16,64.0459976196289,64.69100189208984,63.87300109863281,64.14399719238281,61.6410026550293,14967000,
2023-5-17,64.73500061035156,66.08999633789062,64.45800018310547,65.74700164794922,63.18143844604492,24133000,
2023-5-18,65.5999984741211,67.93599700927734,65.5999984741211,67.79000091552734,65.14471435546875,26389000,
2023-5-19,68,68.49500274658203,67.84100341796875,68.2249984741211,65.562744140625,22968000,
2023-5-22,68.13999938964844,68.46800231933594,67.41200256347656,67.83699798583984,65.18989562988281,17796000,
2023-5-23,69.06400299072266,69.89900207519531,68.2020034790039,68.6500015258789,65.9711685180664,36088000,
2023-5-24,68.14399719238281,68.43099975585938,67.60600280761719,67.9530029296875,65.30137634277344,23021000,
2023-5-25,69.94100189208984,73.23899841308594,69.0770034790039,72.87999725341797,70.03608703613281,49263000,
2023-5-26,74.74299621582031,81.49800109863281,74.7020034790039,81.27300262451172,78.10160827636719,82500000,
2023-5-30,83.51200103759766,92.1780014038086,79.88099670410156,80.33399963378906,77.1992416381836,116912000,
2023-5-31,79.48999786376953,82.16699981689453,79.01300048828125,80.7959976196289,77.64321899414062,89998000,
2023-6-1,80.06199645996094,80.5790023803711,78.51599884033203,78.99500274658203,75.91248321533203,80792000,
2023-6-2,79.06400299072266,82.37699890136719,78.72000122070312,81.19999694824219,78.03144836425781,62815000,
2023-6-5,80.91999816894531,80.91999816894531,79.447998046875,80.2300033569336,77.09929656982422,26222000,
2023-6-6,80.19999694824219,80.19999694824219,77.63800048828125,79,75.91728210449219,37823000,
2023-6-7,78.98200225830078,80.54499816894531,78.7509994506836,79.26300048828125,76.17002868652344,28957000,
2023-6-8,79.49099731445312,80.5009994506836,78.87799835205078,80.41999816894531,77.28186798095703,21909000,
2023-6-9,80.58000183105469,81.7750015258789,80.38800048828125,80.46199798583984,77.3222427368164,19241000,
2023-6-12,81.11199951171875,85.80000305175781,81.11199951171875,85.53600311279297,82.1982650756836,51065000,
2023-6-13,86.11299896240234,86.32599639892578,84.0999984741211,85.11199951171875,81.79080200195312,38990000,
2023-6-14,85.58999633789062,88.85399627685547,84.72200012207031,88.61799621582031,85.15999603271484,43524000,
2023-6-15,88.44100189208984,88.7969970703125,87.10199737548828,88.34300231933594,84.89570617675781,33814000,
2023-6-16,88.9280014038086,88.99500274658203,86.54499816894531,86.81099700927734,83.4234848022461,68299000,
2023-6-20,86.26599884033203,87.70700073242188,86.10099792480469,86.8030014038086,83.41580963134766,27535000,
2023-6-21,86,86.5999984741211,84.45999908447266,84.76599884033203,81.89228057861328,23229000,0.46
2023-6-22,84.50900268554688,84.89099884033203,83.53099822998047,84.24299621582031,81.38700103759766,23464000,
2023-6-23,83.4010009765625,83.60199737548828,81.88500213623047,82.21499633789062,79.42774963378906,37413000,
2023-6-26,82.5,83.69999694824219,82.02200317382812,82.16300201416016,79.37751007080078,21372000,
2023-6-27,82.86799621582031,85,82.0999984741211,84.83999633789062,81.96375274658203,24923000,
2023-6-28,83.87300109863281,85.85299682617188,83.70600128173828,84.79399871826172,81.9193115234375,19445000,
2023-6-29,85.44499969482422,86.28399658203125,84.64099884033203,86.25700378417969,83.33271789550781,23386000,
2023-6-30,86.85199737548828,87.45700073242188,86.43299865722656,86.74299621582031,83.80224609375,23145000,
2023-7-3,86.86199951171875,87.6729965209961,86.49199676513672,87.64399719238281,84.67269134521484,9038000,
2023-7-5,86.73999786376953,87.69000244140625,86.17500305175781,86.18599700927734,83.26411437988281,14440000,
2023-7-6,84.5,85.38999938964844,84.43299865722656,84.80000305175781,81.92511749267578,23939000,
2023-7-7,85.04299926757812,85.79900360107422,84.46600341796875,84.67500305175781,81.80435180664062,19409000,
2023-7-10,84.8280029296875,87.91699981689453,84.8280029296875,87.77300262451172,84.79733276367188,30622000,
2023-7-11,88.11100006103516,88.30000305175781,86.46299743652344,88.20500183105469,85.21469116210938,25498000,
2023-7-12,88.9000015258789,89.75900268554688,88.19999694824219,88.99500274658203,85.97789764404297,28197000,
2023-7-13,89.89399719238281,89.89399719238281,87.8270034790039,89.03600311279297,86.01750183105469,25912000,
2023-7-14,88.61599731445312,90.33499908447266,88.61599731445312,88.85800170898438,85.84554290771484,18510000,
2023-7-17,89.10099792480469,91.32099914550781,88.97799682617188,91.03500366210938,87.94873809814453,26819000,
2023-7-18,90.5979995727539,90.98999786376953,89.82599639892578,90.34300231933594,87.28018951416016,24513000,
2023-7-19,89.72699737548828,90.59700012207031,88.56300354003906,90.13700103759766,87.08118438720703,24118000,
2023-7-20,89.25399780273438,90.69999694824219,88.5999984741211,88.83399963378906,85.82235717773438,28268000,
2023-7-21,90.4489974975586,91.11499786376953,89.38300323486328,89.67500305175781,86.63485717773438,74287000,
2023-7-24,90.08000183105469,90.54399871826172,89.4229965209961,90.15899658203125,87.10243225097656,19992000,
2023-7-25,90.06199645996094,92.31800079345703,90.06199645996094,91.79900360107422,88.68685150146484,20042000,
2023-7-26,90.9000015258789,91.06199645996094,88.76499938964844,89.30899810791016,86.28125,19877000,
2023-7-27,90.8499984741211,90.98500061035156,88.5999984741211,89.35299682617188,86.32376098632812,21922000,
2023-7-28,89.93199920654297,90.35600280761719,89.3949966430664,89.97899627685547,86.92854309082031,18791000,
2023-7-31,89.75,90.0999984741211,89.0999984741211,89.86499786376953,86.81840515136719,14952000,
2023-8-1,89.89800262451172,92.06199645996094,89.7699966430664,92,88.88101959228516,19683000,
2023-8-2,91.2300033569336,91.30000305175781,89.02899932861328,89.2300033569336,86.2049331665039,26877000,
2023-8-3,88.66200256347656,89.53299713134766,88.10800170898438,88.49800109863281,85.49775695800781,18281000,
2023-8-4,88.49800109863281,89.36199951171875,87.33699798583984,88.16500091552734,85.17604064941406,21156000,
2023-8-7,88.76799774169922,89.73699951171875,88.5270004272461,89.70600128173828,86.664794921875,11146000,
2023-8-8,89.00900268554688,89.05999755859375,87.33999633789062,88.31600189208984,85.32191467285156,14081000,
2023-8-9,88.27200317382812,88.35299682617188,84.87200164794922,85.072998046875,82.1888656616211,24672000,
2023-8-10,85.31199645996094,86.1500015258789,83.70700073242188,84.29000091552734,81.43240356445312,20186000,
2023-8-11,83.4010009765625,83.63999938964844,82.3479995727539,82.97599792480469,80.1629638671875,20331000,
2023-8-14,83.11299896240234,85.41799926757812,82.73799896240234,85.41000366210938,82.51443481445312,17688000,
2023-8-15,84.9209976196289,85.46199798583984,83.64600372314453,84.25199890136719,81.39569091796875,14035000,
2023-8-16,84.77899932861328,85.44999694824219,83.19599914550781,83.29900360107422,80.47499084472656,16003000,
2023-8-17,83.6510009765625,83.94200134277344,82.70099639892578,82.70999908447266,79.90596771240234,19228000,
2023-8-18,82,82.81700134277344,81.19999694824219,82.58399963378906,79.78424835205078,17759000,
2023-8-21,83.40599822998047,86.73400115966797,83.177001953125,86.51399993896484,83.58100891113281,30012000,
2023-8-22,87.34100341796875,87.4749984741211,85.08799743652344,85.5790023803711,82.67771911621094,17079000,
2023-8-23,85.0770034790039,87.81900024414062,85,87.65799713134766,84.68621826171875,19692000,
2023-8-24,90.23500061035156,90.98600006103516,85.24600219726562,85.44599914550781,82.54922485351562,30934000,
2023-8-25,85.7020034790039,86.94400024414062,83.76699829101562,85.18199920654297,82.2941665649414,24181000,
2023-8-28,85.63899993896484,86.41300201416016,84.71099853515625,86.10800170898438,83.18876647949219,14306000,
2023-8-29,85.83999633789062,89.28399658203125,85.64199829101562,88.99299621582031,85.97596740722656,27822000,
2023-8-30,89.23899841308594,89.87100219726562,87.91100311279297,89.22799682617188,86.20298767089844,23234000,
2023-8-31,89.8010025024414,92.36699676513672,89.37699890136719,92.28900146484375,89.16022491455078,55203000,
2023-9-1,90.18699645996094,90.18699645996094,86.46600341796875,87.25199890136719,84.29398345947266,65017000,
2023-9-5,86.95099639892578,88.30000305175781,86.69999694824219,87.21700286865234,84.26017761230469,24808000,
2023-9-6,87.25,87.73699951171875,86.67400360107422,87.22699737548828,84.26983642578125,20142000,
2023-9-7,85.94999694824219,86.16899871826172,84.052001953125,85.7030029296875,82.7975082397461,27789000,
2023-9-8,85.5,86.08300018310547,85.01200103759766,85.75499725341797,82.84773254394531,16810000,
2023-9-11,86.87699890136719,86.9000015258789,84.56500244140625,85.91400146484375,83.00135803222656,15710000,
2023-9-12,85.02400207519531,85.8270034790039,84.16600036621094,84.4520034790039,81.58892059326172,16680000,
2023-9-13,84.71900177001953,85.91100311279297,84.42400360107422,85.29299926757812,82.40139770507812,17413000,
2023-9-14,85.90299987792969,87.66699981689453,85.5,87.16400146484375,84.2089614868164,19648000,
2023-9-15,86.81600189208984,86.81600189208984,84.29000091552734,85.16799926757812,82.2806396484375,50190000,
2023-9-18,84.25800323486328,85.63300323486328,84,85,82.11834716796875,16541000,
2023-9-19,84.5989990234375,85.10299682617188,83.8499984741211,84.91999816894531,82.04104614257812,13126000,
2023-9-20,84.9990005493164,84.9990005493164,83.03500366210938,83.05699920654297,80.67822265625,13681000,0.46
2023-9-21,79.51100158691406,82.25,79.50900268554688,80.83599853515625,78.5208511352539,53654000,
2023-9-22,81.1240005493164,83.05799865722656,81.03800201416016,82.90799713134766,80.53350067138672,27764000,
2023-9-25,82.80000305175781,83.85600280761719,82.3010025024414,83.38899993896484,81.00071716308594,15648000,
2023-9-26,82.91699981689453,83.0270004272461,81.12100219726562,81.61900329589844,79.28142547607422,17641000,
2023-9-27,81.9260025024414,82.36799621582031,80.43800354003906,81.68099975585938,79.34163665771484,15352000,
2023-9-28,82.01699829101562,83.88600158691406,81.46800231933594,83.19999694824219,80.817138671875,16180000,
2023-9-29,83.6449966430664,84.40399932861328,82.29100036621094,83.05799865722656,80.67920684814453,16481000,
2023-10-2,82.90599822998047,83.85600280761719,82.3499984741211,83.49500274658203,81.10369110107422,14676000,
2023-10-3,82.69999694824219,83.57499694824219,80.89099884033203,81.48300170898438,79.14932250976562,18761000,
2023-10-4,82.03299713134766,83.05799865722656,81.62999725341797,82.38099670410156,80.02157592773438,16417000,
2023-10-5,82.01100158691406,82.86299896240234,81.5479965209961,82.38600158691406,80.02644348144531,11474000,
2023-10-6,81.94000244140625,84.83899688720703,81.1719970703125,84.5260009765625,82.10515594482422,21103000,
2023-10-9,84.0459976196289,85.66100311279297,83.78299713134766,85.58799743652344,83.13674926757812,15760000,
2023-10-10,85.71499633789062,87.25499725341797,85.5719985961914,85.84100341796875,83.38251495361328,14718000,
2023-10-11,85.97100067138672,87.53399658203125,85.65499877929688,87.45600128173828,84.95124816894531,14334000,
2023-10-12,87.64299774169922,91.79299926757812,87.64299774169922,90.55999755859375,87.96635437011719,43871000,
2023-10-13,90.9000015258789,92.59100341796875,88.20899963378906,88.31800079345703,85.7885513305664,28312000,
2023-10-16,89.09700012207031,91.5790023803711,89.09700012207031,90.25700378417969,87.67203521728516,21150000,
2023-10-17,88.51499938964844,89.2979965209961,86.5999984741211,88.44000244140625,85.90705871582031,33008000,
2023-10-18,87.99500274658203,89.56300354003906,87.5199966430664,88.7030029296875,86.16253662109375,20404000,
2023-10-19,88.7020034790039,88.9489974975586,86.56700134277344,86.78299713134766,84.29750061035156,26620000,
2023-10-20,87.48999786376953,87.48999786376953,85.18399810791016,85.36299896240234,82.9181900024414,26953000,
2023-10-23,85.7959976196289,87.36000061035156,84.28199768066406,86.22200012207031,83.75257873535156,16456000,
2023-10-24,86.4000015258789,88.30000305175781,86.31199645996094,88.11100006103516,85.58748626708984,14972000,
2023-10-25,87.70700073242188,87.87300109863281,84.60800170898438,84.96299743652344,82.5296401977539,21432000,
2023-10-26,84.79100036621094,85.44200134277344,81.83399963378906,82.67500305175781,80.30717468261719,27917000,
2023-10-27,83,84.02100372314453,82.85399627685547,83.83599853515625,81.43492126464844,18236000,
2023-10-30,84.11000061035156,84.94300079345703,82.71499633789062,84.125,81.71564483642578,20889000,
2023-10-31,84.38899993896484,84.55000305175781,83.26000213623047,84.13700103759766,81.72730255126953,14747000,
2023-11-1,84.19999694824219,85.38300323486328,83.55699920654297,85.29399871826172,82.85115051269531,18684000,
2023-11-2,86.19999694824219,88.05000305175781,86,87.12999725341797,84.63459014892578,18759000,
2023-11-3,87.75,88.75,87.10600280761719,88.26799774169922,85.73998260498047,18041000,
2023-11-6,88.15599822998047,88.58899688720703,87.12100219726562,88.08300018310547,85.5602798461914,12870000,
2023-11-7,88.23200225830078,90.177001953125,87.61599731445312,89.78199768066406,87.21061706542969,19365000,
2023-11-8,90,91.29100036621094,89.9000015258789,91.11299896240234,88.5035171508789,15280000,
2023-11-9,91.25,92.9800033569336,90.85600280761719,91.13800048828125,88.52778625488281,24486000,
2023-11-10,92.17400360107422,95.8949966430664,91.82099914550781,95.75199890136719,93.00965118408203,36272000,
2023-11-13,95.00499725341797,95.23999786376953,94.0479965209961,94.69300079345703,91.9809799194336,16893000,
2023-11-14,96.23400115966797,97.677001953125,95.5250015258789,97.2959976196289,94.50941467285156,23886000,
2023-11-15,97.95099639892578,98.17500305175781,96.69100189208984,97.54000091552734,94.74644470214844,16099000,
2023-11-16,96.4000015258789,96.87000274658203,95.052001953125,95.95500183105469,93.20684051513672,26198000,
2023-11-17,95.82099914550781,98.38899993896484,95.0999984741211,97.77300262451172,94.9727554321289,19789000,
2023-11-20,97.30000305175781,99.98699951171875,97.30000305175781,99.57099914550781,96.71926879882812,18674000,
2023-11-21,97.5,99.0999984741211,97.16300201416016,98.12000274658203,95.30982971191406,43344000,
2023-11-22,98.36900329589844,98.79900360107422,97.0999984741211,97.19999694824219,94.4161605834961,33743000,
2023-11-24,97.49600219726562,97.98600006103516,96.67500305175781,97.88700103759766,95.08350372314453,23158000,
2023-11-27,97.61499786376953,98.10099792480469,94.93299865722656,95.02400207519531,92.302490234375,96962000,
2023-11-28,93.99400329589844,95.08599853515625,93.41600036621094,94.63500213623047,91.92462921142578,39025000,
2023-11-29,94.83399963378906,95.94300079345703,93.93699645996094,94.08300018310547,91.3884506225586,34843000,
2023-11-30,94.0999984741211,94.24199676513672,91.83699798583984,92.572998046875,89.92169189453125,49571000,
2023-12-1,92.24600219726562,93.38999938964844,90.80000305175781,93,90.33647155761719,29612000,
2023-12-4,92.06400299072266,93.09700012207031,91.64399719238281,92.39700317382812,89.750732421875,25009000,
2023-12-5,91.16000366210938,91.72699737548828,90.58499908447266,91.31199645996094,88.69681549072266,37066000,
2023-12-6,92.03600311279297,92.09700012207031,90.30999755859375,90.36399841308594,87.77596282958984,24813000,
2023-12-7,90.55400085449219,92.41200256347656,90.36399841308594,92.22599792480469,89.5846176147461,43517000,
2023-12-8,92.78399658203125,95.072998046875,91.0530014038086,94.43000030517578,91.72549438476562,69668000,
2023-12-11,95.70099639892578,103.95099639892578,95.60900115966797,102.92400360107422,99.97623443603516,101184000,
2023-12-12,102.79900360107422,107.93900299072266,102.45800018310547,107.22799682617188,104.15696716308594,90242000,
2023-12-13,106.80000305175781,109.97799682617188,106.25399780273438,108.96900177001953,105.84811401367188,71654000,
2023-12-14,109.21800231933594,112.14600372314453,109.02799987792969,110.64900207519531,107.47998809814453,66964000,
2023-12-15,109.52200317382812,114.98799896240234,109.46199798583984,112.9739990234375,109.73839569091797,118544000,
2023-12-18,112.08000183105469,115.18199920654297,111.86399841308594,114.69999694824219,111.41496276855469,54741000,
2023-12-19,114.19999694824219,115.0459976196289,113.2509994506836,113.95800018310547,111.2032241821289,36020000,0.525
2023-12-20,113.2699966430664,114.13600158691406,110.9260025024414,111.03800201416016,108.35380554199219,34523000,
2023-12-21,113.26499938964844,113.54199981689453,111.5,112.72899627685547,110.00392150878906,24106000,
2023-12-22,112.7979965209961,113.19999694824219,111.35299682617188,112.197998046875,109.48575592041016,19089000,
2023-12-26,112.42400360107422,113.55000305175781,112.302001953125,113.18900299072266,110.45281219482422,16793000,
2023-12-27,113.5999984741211,113.95700073242188,112.2959976196289,112.61699676513672,109.8946304321289,20055000,
2023-12-28,113.16899871826172,113.2239990234375,111.90499877929688,112.24099731445312,109.5277099609375,21247000,
2023-12-29,112.14600372314453,112.43800354003906,111.46700286865234,111.625,108.9266128540039,20558000,
2024-1-2,109.21199798583984,110.19999694824219,107.70899963378906,108.53800201416016,105.91423797607422,28831000,
2024-1-3,107.0199966430664,107.5,105.53099822998047,105.85800170898438,103.29902648925781,34735000,
2024-1-4,105.7959976196289,106.94999694824219,104.73699951171875,104.9010009765625,102.36515808105469,25658000,
2024-1-5,105.16000366210938,105.5459976196289,104.1510009765625,104.9280014038086,102.39149475097656,22475000,
2024-1-8,105.6500015258789,107.80000305175781,105.19999694824219,107.48500061035156,104.88668823242188,33110000,
2024-1-9,106.56199645996094,108.8550033569336,106.47100067138672,108.2490005493164,105.63221740722656,23225000,
2024-1-10,108.03500366210938,108.2959976196289,106.26000213623047,108.05699920654297,105.44486236572266,17643000,
2024-1-11,108.43199920654297,110.12999725341797,107.45099639892578,109.99800109863281,107.33893585205078,25757000,
2024-1-12,111.20999908447266,111.56900024414062,110.0009994506836,110.76799774169922,108.09033966064453,26882000,
2024-1-16,111.23400115966797,112.6240005493164,109.86299896240234,111.49600219726562,108.80073547363281,26145000,
2024-1-17,110.62899780273438,111.31099700927734,109.02100372314453,110.36699676513672,107.69901275634766,18314000,
2024-1-18,112.48999786376953,114.65499877929688,112.18800354003906,114.39099884033203,111.62574005126953,32228000,
2024-1-19,115.73100280761719,121.69999694824219,115.5999984741211,121.12000274658203,118.19207763671875,53077000,
2024-1-22,121.625,123.13300323486328,120.8219985961914,122.05000305175781,119.09960174560547,31222000,
2024-1-23,122.0999984741211,122.697998046875,120.35199737548828,122.63099670410156,119.66655731201172,16952000,
2024-1-24,124.2300033569336,128.4550018310547,123.10099792480469,125.38700103759766,122.35594177246094,34805000,
2024-1-25,128.10000610351562,128.10000610351562,122.87999725341797,123,120.0266342163086,36356000,
2024-1-26,121.97000122070312,122.12100219726562,120.02300262451172,120.48799896240234,117.57535552978516,25818000,
2024-1-29,121.49099731445312,122.36699676513672,120.4990005493164,121.7770004272461,118.83320617675781,21526000,
2024-1-30,121.677001953125,122.80000305175781,120.42900085449219,120.81600189208984,117.89544677734375,20683000,
2024-1-31,118.94499969482422,119.72200012207031,117.43099975585938,118,115.14749908447266,27400000,
2024-2-1,118.73500061035156,120.30899810791016,117.91100311279297,120.0009994506836,117.10013580322266,19411000,
2024-2-2,120.875,123.46900177001953,120.51499938964844,122.43399810791016,119.47431945800781,26689000,
2024-2-5,122.69599914550781,124.7750015258789,122.21499633789062,124.30999755859375,121.30496215820312,22045000,
2024-2-6,126.35700225830078,127.21099853515625,121.19400024414062,122.26499938964844,119.30940246582031,25354000,
2024-2-7,123.4000015258789,125.95099639892578,122.66999816894531,125.70600128173828,122.66722106933594,25768000,
2024-2-8,126.69999694824219,129.5970001220703,126.5009994506836,127.47599792480469,124.39442443847656,29326000,
2024-2-9,125.2030029296875,128.5749969482422,124.89900207519531,128.343994140625,125.24143981933594,26293000,
2024-2-12,129.00100708007812,129.0070037841797,125.9000015258789,126.5,123.44202423095703,24778000,
2024-2-13,123.51200103759766,125.58699798583984,122.70899963378906,125.16500091552734,122.13929748535156,31907000,
2024-2-14,126.92400360107422,127.30000305175781,124.13200378417969,126.22200012207031,123.17074584960938,27306000,
2024-2-15,127.99500274658203,128,124.48500061035156,126.50700378417969,123.44886779785156,21873000,
2024-2-16,125.90399932861328,127.56800079345703,124.23899841308594,124.5479965209961,121.5372085571289,21268000,
2024-2-20,123.58599853515625,123.77200317382812,121.25599670410156,122.65499877929688,119.68997955322266,26329000,
2024-2-21,121.80000305175781,122.80500030517578,120.26399993896484,122.74500274658203,119.77779388427734,20579000,
2024-2-22,128.17100524902344,131.09800720214844,127.64700317382812,130.49000549316406,127.33557891845703,40819000,
2024-2-23,130.83700561523438,131.96200561523438,128.8820037841797,129.63699340820312,126.50320434570312,23115000,
2024-2-26,131,131.87899780273438,130.14599609375,130.91299438476562,127.74833679199219,16282000,
2024-2-27,130.91299438476562,131.19400024414062,129.2220001220703,129.6230010986328,126.4895248413086,12126000,
2024-2-28,129.3000030517578,129.8520050048828,128.2969970703125,128.94200134277344,125.82499694824219,10967000,
2024-2-29,130.33099365234375,130.83999633789062,128.72799682617188,130.0489959716797,126.90523529052734,27536000,
2024-3-1,132.59300231933594,140.7760009765625,132,139.91700744628906,136.53469848632812,44488000,
2024-3-4,140.31500244140625,143.81700134277344,138.5189971923828,140.2259979248047,136.8362274169922,34854000,
2024-3-5,139.5,139.5,133.23699951171875,134.27499389648438,131.02906799316406,36040000,
2024-3-6,139.1580047607422,139.48300170898438,134.70599365234375,135,131.73654174804688,43196000,
2024-3-7,138.19900512695312,141.43099975585938,137.28900146484375,140.7010040283203,137.2997589111328,62832000,
2024-3-8,139.4250030517578,141.3000030517578,130.1580047607422,130.8719940185547,127.70834350585938,74025000,
2024-3-11,127.79299926757812,129.90199279785156,125.25599670410156,129.31199645996094,126.18605041503906,31105000,
2024-3-12,130.6999969482422,130.7790069580078,125.9280014038086,129.18800354003906,126.0650405883789,42789000,
2024-3-13,128.28799438476562,128.28799438476562,125.23600006103516,125.78700256347656,122.74626922607422,37838000,
2024-3-14,126.25399780273438,127.31300354003906,124.77100372314453,126.22699737548828,123.17562866210938,38029000,
2024-3-15,125.34600067138672,126.73699951171875,123.00700378417969,123.55000305175781,120.56334686279297,88823000,
2024-3-18,125.39800262451172,126.28800201416016,123.16999816894531,123.7239990234375,120.73313903808594,25737000,
2024-3-19,121.69499969482422,124.0270004272461,120.4020004272461,123.8010025024414,120.80827331542969,24491000,
2024-3-20,123.9020004272461,128.7989959716797,122.65899658203125,127.5999984741211,125.04572296142578,40946000,0.525
2024-3-21,132.83200073242188,140.36099243164062,131.60000610351562,134.8000030517578,132.1016082763672,72468000,
2024-3-22,135,137.6219940185547,134.61500549316406,135.3470001220703,132.63763427734375,38624000,
2024-3-25,134.5030059814453,135.843994140625,133.7469940185547,135.1580047607422,132.4524383544922,21237000,
2024-3-26,136.468994140625,137.99400329589844,133.05099487304688,133.1490020751953,130.483642578125,23522000,
2024-3-27,135,135,129.6020050048828,131.8730010986328,129.23318481445312,25583000,
2024-3-28,131.7899932861328,133.00900268554688,131.1529998779297,132.54100036621094,129.8878173828125,19856000,
2024-4-1,132.5679931640625,136.29800415039062,132.54100036621094,135.0260009765625,132.3230743408203,17252000,
2024-4-2,131.57899475097656,134.23699951171875,130.34100341796875,133.87600708007812,131.19607543945312,24694000,
2024-4-3,132.8000030517578,137.6820068359375,132.52699279785156,136.3209991455078,133.5921173095703,28650000,
2024-4-4,138.53199768066406,140.3979949951172,131.5,131.75,129.11264038085938,27014000,
2024-4-5,132.60000610351562,136.1230010986328,131.4199981689453,133.9429931640625,131.26174926757812,19438000,
2024-4-8,133.36500549316406,134.25,131.5749969482422,133.61000061035156,130.93539428710938,17139000,
2024-4-9,135.73699951171875,135.947998046875,130.86399841308594,133.4080047607422,130.73745727539062,17986000,
2024-4-10,132.3000030517578,133.5749969482422,131.54800415039062,132.23699951171875,129.5898895263672,17467000,
2024-4-11,133.26800537109375,139.18699645996094,132.36500549316406,138.24600219726562,135.47857666015625,31713000,
2024-4-12,135.2010040283203,136.6510009765625,133.66200256347656,134.40699768066406,131.71646118164062,27823000,
2024-4-15,137,137,130.60000610351562,131.06900024414062,128.4452667236328,24370000,
2024-4-16,131.53799438476562,133.6320037841797,131.10000610351562,132.906005859375,130.24549865722656,18923000,
2024-4-17,134.31100463867188,134.6999969482422,128.14199829101562,128.26300048828125,125.6954574584961,24718000,
2024-4-18,128.8000030517578,129.26499938964844,125.5459976196289,125.89900207519531,123.37877655029297,24888000,
2024-4-19,125.89900207519531,126,119.75599670410156,120.47100067138672,118.05941772460938,44797000,
2024-4-22,122.44999694824219,123.31999969482422,120.05400085449219,122.44599914550781,119.9948959350586,25162000,
2024-4-23,122.81700134277344,125.79000091552734,122.802001953125,124.91899871826172,122.41838836669922,22025000,
2024-4-24,126.38999938964844,128.56199645996094,124.49600219726562,125.68199920654297,123.16610717773438,20108000,
2024-4-25,127.24500274658203,130.80299377441406,125.69999694824219,129.44200134277344,126.85083770751953,30410000,
2024-4-26,131,135.58299255371094,130.31300354003906,134.40699768066406,131.71646118164062,24100000,
2024-4-29,134.4080047607422,135.29800415039062,132.57000732421875,133.86199951171875,131.18235778808594,13372000,
2024-4-30,132.88800048828125,134.8350067138672,129.90499877929688,130.02699279785156,127.42411041259766,22113000,
2024-5-1,127.83300018310547,129.23699951171875,124.13500213623047,124.28600311279297,121.79806518554688,30958000,
2024-5-2,125.62799835205078,126.44499969482422,122.33100128173828,123.85700225830078,121.37764739990234,29480000,
2024-5-3,125.9000015258789,128.38800048828125,124.71399688720703,127.81099700927734,125.25248718261719,24898000,
2024-5-6,128.6219940185547,131.07699584960938,127.50700378417969,131.031005859375,128.40805053710938,16287000,
2024-5-7,131.6439971923828,131.8990020751953,129.67599487304688,130.31100463867188,127.70246887207031,12413000,
2024-5-8,129.35000610351562,133.79100036621094,128.8489990234375,132.53700256347656,129.8839111328125,13918000,
2024-5-9,131.7830047607422,132.16099548339844,130.1999969482422,130.56700134277344,127.95333099365234,12170000,
2024-5-10,131.531005859375,134.39999389648438,131.531005859375,133.27999877929688,130.6120147705078,16300000,
2024-5-13,134.8000030517578,135.83900451660156,133.01100158691406,133.75100708007812,131.07359313964844,18507000,
2024-5-14,133.23399353027344,138.19900512695312,132.5800018310547,138.0030059814453,135.24049377441406,19420000,
2024-5-15,138,143.89500427246094,136.9980010986328,143.61700439453125,140.74208068847656,32757000,
2024-5-16,142.60000610351562,144.5399932861328,140.50599670410156,141.21299743652344,138.38621520996094,28395000,
2024-5-17,141.24200439453125,141.9530029296875,138.17799377441406,139.5290069580078,136.73593139648438,18174000,
2024-5-20,139.60000610351562,141.69400024414062,139.3159942626953,141.4029998779297,138.57241821289062,27170000,
2024-5-21,139.8679962158203,140.93899536132812,139.3459930419922,139.9199981689453,137.11911010742188,15333000,
2024-5-22,139.6009979248047,140.5,138.4219970703125,139.2239990234375,136.43701171875,21002000,
2024-5-23,142.84300231933594,142.89999389648438,137.8000030517578,139.32899475097656,136.5399169921875,31039000,
2024-5-24,139.97900390625,141.35800170898438,139.20199584960938,140.78399658203125,137.96578979492188,16730000,
2024-5-28,141,141.71800231933594,139.25399780273438,141.2449951171875,138.41757202148438,22919000,
2024-5-29,139.91000366210938,139.91000366210938,138.3000030517578,139.06700134277344,136.28314208984375,26861000,
2024-5-30,137.89999389648438,138.2779998779297,135.56399536132812,136.4080047607422,133.67739868164062,21717000,
2024-5-31,136.13600158691406,136.2550048828125,130.7259979248047,132.85499572753906,130.1955108642578,73091000,
2024-6-3,135.27000427246094,135.3000030517578,130.2530059814453,132.19000244140625,129.54383850097656,26278000,
2024-6-4,132.0399932861328,133.19900512695312,130.7010040283203,133.08200073242188,130.41796875,23048000,
2024-6-5,134.60000610351562,141.43499755859375,134.0540008544922,141.3090057373047,138.48031616210938,32947000,
2024-6-6,142.18699645996094,142.2689971923828,138.82400512695312,140.1269989013672,137.3219757080078,20172000,
2024-6-7,140.7779998779297,142.5,139.70199584960938,140.66400146484375,137.84817504882812,17859000,
2024-6-10,140.97999572753906,144.90499877929688,140.91299438476562,144.0469970703125,141.16348266601562,31042000,
2024-6-11,143.82000732421875,146.50100708007812,141.6230010986328,146.10299682617188,143.17832946777344,34844000,
2024-6-12,150,150.5800018310547,147.63999938964844,149.55099487304688,146.5572967529297,56697000,
2024-6-13,171,173.5850067138672,165.2519989013672,167.8990020751953,164.5380096435547,89061000,
2024-6-14,168.68600463867188,174.7239990234375,168.2100067138672,173.50399780273438,170.03082275390625,69705000,
2024-6-17,180,184.3000030517578,177.85800170898438,182.88699340820312,179.22598266601562,87528000,
2024-6-18,183.95899963378906,185.16200256347656,178.50100708007812,180.2519989013672,176.6437530517578,86797000,
2024-6-20,180.3459930419922,180.47500610351562,172.2220001220703,173.45599365234375,169.9837646484375,68157000,
2024-6-21,169.5659942626953,171.39999389648438,165.14199829101562,165.86300659179688,162.54278564453125,99289000,
2024-6-24,164.2050018310547,166.10000610351562,159.0659942626953,159.2209930419922,156.5291748046875,58575000,0.525
2024-6-25,160.01300048828125,160.60400390625,156.39999389648438,158.07899475097656,155.40646362304688,53329000,
2024-6-26,159.76199340820312,161.8179931640625,157.35899353027344,159.1999969482422,156.508544921875,46479000,
2024-6-27,159.1999969482422,160.56199645996094,157.10000610351562,158.66600036621094,155.9835662841797,31649000,
2024-6-28,159.58799743652344,163.92300415039062,158.60000610351562,160.55299377441406,157.83865356445312,69377000,
2024-7-1,160.82000732421875,164.875,159.35000610351562,164.0800018310547,161.3060302734375,47623000,
2024-7-2,164.0800018310547,165.9199981689453,162.1999969482422,165.7480010986328,162.94583129882812,32539000,
2024-7-3,167,172.9219970703125,166.4459991455078,172.9219970703125,169.99855041503906,39954000,
2024-7-5,175.55599975585938,176.5469970703125,169.60000610351562,170.33099365234375,167.4513397216797,45240000,
2024-7-8,170.5,175.69000244140625,170.5,174.58599853515625,171.63442993164062,36398000,
2024-7-9,175.656005859375,177.09800720214844,170.55599975585938,173.33099365234375,170.400634765625,37802000,
2024-7-10,174.60000610351562,176.6490020751953,172.63600158691406,174.468994140625,171.51937866210938,41074000,
2024-7-11,176.46600341796875,176.48699951171875,166.85000610351562,170.59500122070312,167.71087646484375,51026000,
2024-7-12,171.10299682617188,172.59100341796875,169.13099670410156,170.06700134277344,167.1918182373047,30453000,
2024-7-15,170,173.50999450683594,169.25999450683594,171.4199981689453,168.5219268798828,22999200,
2024-7-16,172.39999389648438,172.80999755859375,166.39999389648438,169.3800048828125,166.5164337158203,22244900,
2024-7-17,162.30999755859375,162.83999633789062,155.61000061035156,155.97999572753906,153.34300231933594,43343400,
2024-7-18,158.88999938964844,161.50999450683594,153.89999389648438,160.52000427246094,157.8062286376953,37973500,
2024-7-19,161.83999633789062,163.9499969482422,157.1199951171875,157.35000610351562,154.6898193359375,26309500,
2024-7-22,160.22999572753906,162.99000549316406,157.89999389648438,161.05999755859375,158.33709716796875,28813300,
2024-7-23,160.39999389648438,165.3300018310547,159.89999389648438,163.77000427246094,161.0012664794922,21570200,
2024-7-24,160.35000610351562,161.41000366210938,151.10000610351562,151.33999633789062,148.7814178466797,37162600,
2024-7-25,151.25999450683594,153.5500030517578,145.52000427246094,149.25999450683594,146.736572265625,30872100,
2024-7-26,153.5,153.5800018310547,149.9199981689453,151.6300048828125,149.0665283203125,20839900,
2024-7-29,152.02000427246094,155,149.14999389648438,150.22000122070312,147.68035888671875,16625800,
2024-7-30,153.27999877929688,153.47000122070312,143.35000610351562,143.52000427246094,141.0936279296875,31102300,
2024-7-31,151.47000122070312,161.3300018310547,151,160.67999267578125,157.9635009765625,45827500,
2024-8-1,157.5,158.91000366210938,146.1699981689453,147.02000427246094,144.5344696044922,40320000,
2024-8-2,141.92999267578125,145.35000610351562,139.60000610351562,143.82000732421875,141.38858032226562,33745800,
2024-8-5,129.61000061035156,145.4199981689453,128.5,142.0800018310547,139.677978515625,41309300,
2024-8-6,141.72999572753906,148.91000366210938,140.25,143.9199981689453,141.48684692382812,24751300,
2024-8-7,148.25,150.10000610351562,135.8300018310547,136.27000427246094,133.9661865234375,29749800,
2024-8-8,141.1999969482422,146.27000427246094,138.39999389648438,145.74000549316406,143.27609252929688,27583200,
2024-8-9,144.1999969482422,149.5500030517578,144.11000061035156,148.25999450683594,145.75347900390625,18438700,
2024-8-12,148.0800018310547,151.1300048828125,146.3699951171875,148.6199951171875,146.10739135742188,17778500,
2024-8-13,151.5500030517578,156.3800048828125,149.80999755859375,156.16000366210938,153.51991271972656,22053600,
2024-8-14,158.02000427246094,160.25,154.72000122070312,157.69000244140625,155.02407836914062,20184200,
2024-8-15,161.1999969482422,166.6699981689453,160.33999633789062,166.1300048828125,163.32138061523438,27945000,
2024-8-16,164.47000122070312,166.08999633789062,162.67999267578125,165.72000122070312,162.91831970214844,19296900,
2024-8-19,164.86000061035156,167.8300018310547,160.4199981689453,167.7100067138672,164.8746795654297,20441700,
2024-8-20,167.0500030517578,168.3699951171875,164.14999389648438,165.9499969482422,163.1444091796875,19417500,
2024-8-21,165.1199951171875,166.47000122070312,162.8800048828125,165.77999877929688,162.977294921875,16097700,
2024-8-22,170.83999633789062,172.4199981689453,161.49000549316406,162.33999633789062,159.59547424316406,30044500,
2024-8-23,165.02999877929688,168.27999877929688,163.4600067138672,166.36000061035156,163.5474853515625,18848000,
2024-8-26,164.9600067138672,165.6999969482422,158.66000366210938,159.6199951171875,156.92144775390625,18521200,
2024-8-27,157.60000610351562,162.02999877929688,155.8300018310547,161.38999938964844,158.66151428222656,16683100,
2024-8-28,160.0800018310547,162.27999877929688,156.25,158.17999267578125,155.5057830810547,18063600,
2024-8-29,158.49000549316406,163.1999969482422,155.41000366210938,156.92999267578125,154.27691650390625,23519300,
2024-8-30,161.1199951171875,163.24000549316406,158.7100067138672,162.82000732421875,160.06735229492188,25158500,
2024-9-3,160.3800048828125,160.74000549316406,151.3800048828125,152.7899932861328,150.20689392089844,37179100,
2024-9-4,150.3000030517578,157.7899932861328,149.14999389648438,154.1199951171875,151.51441955566406,20324100,
2024-9-5,150.57000732421875,156.36000061035156,150.11000061035156,152.82000732421875,150.2364044189453,31548500,
2024-9-6,143.25,143.5,136.60000610351562,137,134.68385314941406,76634600,
2024-9-9,139.11000061035156,141.58999633789062,134.89999389648438,140.82000732421875,138.43930053710938,39516700,
2024-9-10,141.22000122070312,149.86000061035156,141.0399932861328,148.2100067138672,145.70433044433594,36067500,
2024-9-11,148.38999938964844,158.8699951171875,145.0399932861328,158.27000427246094,155.59426879882812,39700800,
2024-9-12,158.10000610351562,166.32000732421875,156.8300018310547,164.55999755859375,161.77793884277344,43530700,
2024-9-13,166.74000549316406,168.0800018310547,164.0399932861328,167.69000244140625,164.85499572753906,29850000,
2024-9-16,165.19000244140625,165.5,160.41000366210938,164.02000427246094,161.24705505371094,26126900,
2024-9-17,165.49000549316406,166.02000427246094,160.6999969482422,162.47000122070312,159.72325134277344,19844300,
2024-9-18,163.77000427246094,167.47000122070312,161.36000061035156,161.6699981689453,158.936767578125,26557600,
2024-9-19,167.67999267578125,170,165.66000366210938,167.4199981689453,165.1309051513672,32453100,0.53
2024-9-20,167.17999267578125,172.02000427246094,166.47000122070312,171.10000610351562,168.76060485839844,91758500,
2024-9-23,172,173.32000732421875,168.35000610351562,172.94000244140625,170.575439453125,29431100,
2024-9-24,172.80999755859375,175.99000549316406,171.67999267578125,174.83999633789062,172.44944763183594,34223400,
2024-9-25,174.64999389648438,177.13999938964844,173.75999450683594,175.52000427246094,173.12014770507812,16613800,
2024-9-26,178.5,180.25,175,178.08999633789062,175.65501403808594,24340000,
2024-9-27,178.1699981689453,178.47000122070312,171.75999450683594,172.69000244140625,170.32887268066406,20580900,
2024-9-30,171.8699951171875,172.9199981689453,169.6300048828125,172.5,170.14144897460938,16902000,
2024-10-1,172.16000366210938,172.25,165.8000030517578,167.47000122070312,165.18023681640625,23770400,
2024-10-2,167.5500030517578,172.83999633789062,167.02000427246094,170.66000366210938,168.3266143798828,14317800,
2024-10-3,169.6199951171875,174.94000244140625,169.19000244140625,171.88999938964844,169.53977966308594,13072300,
2024-10-4,176.3000030517578,176.89999389648438,172.60000610351562,176.63999938964844,174.22483825683594,17921400,
2024-10-7,174.82000732421875,178.30999755859375,173.86000061035156,175.0800018310547,172.68618774414062,15588300,
2024-10-8,175.4199981689453,181.60000610351562,174.88999938964844,180.72999572753906,178.25892639160156,20774200,
2024-10-9,179.24000549316406,186.4199981689453,176.4199981689453,185.9499969482422,183.40756225585938,25504100,
2024-10-10,183.55999755859375,186.30999755859375,182.52999877929688,185.69000244140625,183.15109252929688,16318000,
2024-10-11,181.13999938964844,182.58999633789062,177.39999389648438,181.47999572753906,178.9986572265625,23070000,
2024-10-14,183.3000030517578,184.9499969482422,180.1300048828125,182.30999755859375,179.8173370361328,17195800,
2024-10-15,180.7899932861328,181.6999969482422,173.3699951171875,175.97999572753906,173.57386779785156,27657500,
2024-10-16,178.50999450683594,179.25,175.3300018310547,176.82000732421875,174.40240478515625,15285100,
2024-10-17,181.3699951171875,185.50999450683594,180.69000244140625,181.52999877929688,179.0479736328125,25232400,
2024-10-18,182.32000732421875,182.7100067138672,178.67999267578125,179.88999938964844,177.430419921875,17835200,
2024-10-21,179.3800048828125,181.72000122070312,178.25,179.99000549316406,177.529052734375,13695100,
2024-10-22,178.66000366210938,180.69000244140625,177.41000366210938,179.3800048828125,176.92739868164062,12062600,
2024-10-23,177.58999633789062,178.97999572753906,172.57000732421875,173.50999450683594,171.1376495361328,19513700,
2024-10-24,174.25999450683594,174.3000030517578,169.5,171.35000610351562,169.00718688964844,20485200,
2024-10-25,174.19000244140625,176.8000030517578,172.72000122070312,173,170.63462829589844,19977700,
2024-10-28,173,173.97000122070312,171.35000610351562,172.02000427246094,169.6680145263672,13195800,
2024-10-29,172.44000244140625,180.22999572753906,171.2100067138672,179.24000549316406,176.78929138183594,23702300,
2024-10-30,177.47000122070312,179.19000244140625,175.6199951171875,176.63999938964844,174.22483825683594,17911500,
2024-10-31,174.4499969482422,174.4499969482422,167.3800048828125,169.77000427246094,167.44879150390625,26086600,
2024-11-1,168.25999450683594,171.3300018310547,167.5,168.9199981689453,166.61041259765625,17847000,
2024-11-4,169.27999877929688,172.4499969482422,168.4199981689453,168.5500030517578,166.24546813964844,13621300,
2024-11-5,170.0500030517578,174.39999389648438,170.0500030517578,173.89999389648438,171.52230834960938,13441800,
2024-11-6,179.6300048828125,180.2100067138672,175.9600067138672,179.5500030517578,177.09507751464844,24300800,
2024-11-7,181.99000549316406,184.8699951171875,181.7899932861328,183.80999755859375,181.29681396484375,18970600,
2024-11-8,182.99000549316406,185.0500030517578,181.8300018310547,183.63999938964844,181.129150390625,13503200,
2024-11-11,183.39999389648438,183.6300048828125,176.82000732421875,178.91000366210938,176.4638214111328,17036700,
2024-11-12,178.89999389648438,179.55999755859375,173.1999969482422,176.22000122070312,173.8105926513672,15862000,
2024-11-13,174.7100067138672,175.58999633789062,172.60000610351562,173.5800018310547,171.20669555664062,17472500,
2024-11-14,174.77000427246094,175.57000732421875,169.8699951171875,170.3800048828125,168.05043029785156,20638900,
2024-11-15,168.47000122070312,169.13999938964844,163.42999267578125,164.83999633789062,162.58616638183594,20836200,
2024-11-18,165.66000366210938,166.35000610351562,162.22000122070312,165.6699981689453,163.4048309326172,17856900,
2024-11-19,166.66000366210938,166.8000030517578,164.30999755859375,165.35000610351562,163.08920288085938,18003400,
2024-11-20,165.5399932861328,165.5399932861328,160.86000061035156,163.25,161.01792907714844,17196700,
2024-11-21,166.25,166.33999633789062,160.60000610351562,163.94000244140625,161.69847106933594,24835300,
2024-11-22,164.3000030517578,164.91000366210938,162.39999389648438,164.22999572753906,161.98452758789062,17332500,
2024-11-25,165.39999389648438,167.22999572753906,162.88999938964844,164.82000732421875,162.5664520263672,26850600,
2024-11-26,164.60000610351562,166.3699951171875,162.69000244140625,164.74000549316406,162.48756408691406,16308800,
2024-11-27,163.1999969482422,163.1999969482422,157.5399932861328,159.6699981689453,157.4868621826172,19722700,
2024-11-29,159.57000732421875,162.69000244140625,159.0800018310547,162.0800018310547,159.8639373779297,11024000,
2024-12-2,162.9499969482422,168.3800048828125,162.75,166.50999450683594,164.23333740234375,21472400,
2024-12-3,164.47999572753906,168.27000427246094,164.02999877929688,168.14999389648438,165.85092163085938,17024400,
2024-12-4,173.44000244140625,175.38999938964844,168.55999755859375,170.55999755859375,168.22796630859375,32748200,
2024-12-5,170.75,172.39999389648438,169.1999969482422,170.47000122070312,168.1392059326172,18490000,
2024-12-6,170.10000610351562,180.67999267578125,169.3300018310547,179.52999877929688,177.07533264160156,27830800,
2024-12-9,178.9499969482422,180.7899932861328,176.02000427246094,178.94000244140625,176.493408203125,20886300,
2024-12-10,177.80999755859375,178.5,169.72999572753906,171.80999755859375,169.4608917236328,27762600,
2024-12-11,180.00999450683594,184.8699951171875,176.42999267578125,183.1999969482422,180.6951446533203,41295200,
2024-12-12,180.92999267578125,182,175.99000549316406,180.66000366210938,178.18988037109375,46967200,
2024-12-13,213.89999389648438,228.6999969482422,211.11000061035156,224.8000030517578,221.7263641357422,121336600,
2024-12-16,231.7899932861328,251.8800048828125,230.80999755859375,250,246.58181762695312,111623200,
2024-12-17,240.64999389648438,242.47000122070312,233.8000030517578,240.22999572753906,236.94540405273438,70382100,
2024-12-18,239.41000366210938,239.85000610351562,219.22000122070312,223.6199951171875,220.56248474121094,53960100,
2024-12-19,227.91000366210938,228.0500030517578,217.5800018310547,218.32000732421875,215.33499145507812,40845200,
2024-12-20,220.36000061035156,230.2899932861328,218.91000366210938,220.7899932861328,217.77117919921875,131910400,
2024-12-23,226.69000244140625,233.39999389648438,225.1300048828125,232.35000610351562,229.7871856689453,40643800,0.59
2024-12-24,240.1199951171875,240.22999572753906,234.8000030517578,239.67999267578125,237.03631591796875,22827200,
2024-12-26,240,247.27999877929688,237.60000610351562,245.36000061035156,242.6536865234375,28459000,
2024-12-27,245.63999938964844,245.77999877929688,236.35000610351562,241.75,239.08349609375,29282200,
2024-12-30,234.6999969482422,238.77000427246094,231.6199951171875,235.5800018310547,232.9815673828125,27316800,
2024-12-31,235.8800048828125,237.4600067138672,231.30999755859375,231.83999633789062,229.2827911376953,17927700,
2025-1-2,236.16000366210938,239.5,230.24000549316406,231.97999572753906,229.42124938964844,31525800,
2025-1-3,233.58999633789062,236.49000549316406,229,232.5500030517578,229.9849853515625,24973200,
2025-1-6,236.5,241.75,233.3000030517578,236.41000366210938,233.80239868164062,34028400,
2025-1-7,239.5,239.5,227.60000610351562,228.63999938964844,226.11810302734375,25928600,
2025-1-8,229.6999969482422,232.47000122070312,226.05999755859375,229.30999755859375,226.7807159423828,18756500,
2025-1-10,227.3000030517578,227.8300018310547,221.25,224.30999755859375,221.8358612060547,23864000,
2025-1-13,219.99000549316406,229.25999450683594,219.50999450683594,225.2899932861328,222.80503845214844,23772100,
2025-1-14,226.57000732421875,230.25999450683594,223.10000610351562,224.6999969482422,222.2215576171875,18143100,
2025-1-15,228.5500030517578,230.33999633789062,225.5800018310547,228,225.4851531982422,21745600,
2025-1-16,235.22000122070312,238.60000610351562,229.2100067138672,229.41000366210938,226.87962341308594,23471900,
2025-1-17,237.0800018310547,238.10000610351562,232.66000366210938,237.44000244140625,234.82102966308594,31196600,
2025-1-21,241.5,242.75,237.39999389648438,240.30999755859375,237.6593780517578,30903200,
2025-1-22,246.75,246.99000549316406,240.69000244140625,240.91000366210938,238.25274658203125,29610500,
2025-1-23,238.41000366210938,240.39999389648438,236.1199951171875,240.27999877929688,237.6297149658203,17653900,
2025-1-24,244.6999969482422,249.58999633789062,241.91000366210938,244.6999969482422,242.00096130371094,25387800,
2025-1-27,213.39999389648438,218.42999267578125,196.22999572753906,202.1300048828125,199.9005126953125,90569400,
2025-1-28,208.00999450683594,209.9499969482422,198.88999938964844,207.36000061035156,205.0728302001953,50316000,
2025-1-29,208.83999633789062,211.4499969482422,202.77000427246094,206.35000610351562,204.07395935058594,32533700,
2025-1-30,218.57000732421875,221.9600067138672,213.6999969482422,215.66000366210938,213.28128051757812,42449500,
2025-1-31,219.66000366210938,226.8000030517578,216.3000030517578,221.27000427246094,218.8293914794922,41104700,
2025-2-3,215.4600067138672,220.94000244140625,213.50999450683594,217.72999572753906,215.3284454345703,24507300,
2025-2-4,219.35000610351562,223.02999877929688,215.3000030517578,222.42999267578125,219.97659301757812,23768500,
2025-2-5,233.94000244140625,237.92999267578125,227.5,232,229.4410400390625,29196000,
2025-2-6,234.5,234.8000030517578,228.55999755859375,231.36000061035156,228.80810546875,21169500,
2025-2-7,235,235.64999389648438,224.11000061035156,224.8699951171875,222.38967895507812,22117500,
2025-2-10,227.42999267578125,235.82000732421875,227.1199951171875,235.0399932861328,232.44749450683594,23901600,
2025-2-11,232.47999572753906,237.88999938964844,229.97000122070312,235.0399932861328,232.44749450683594,18476200,
2025-2-12,230.36000061035156,236.47999572753906,230,236.35000610351562,233.74307250976562,16397300,
2025-2-13,236.05999755859375,236.9499969482422,230.72999572753906,235.8000030517578,233.19912719726562,20962000,
2025-2-14,234.52999877929688,235.74000549316406,228.89999389648438,233.0399932861328,230.4695587158203,16988800,
2025-2-18,230.10000610351562,232.1999969482422,224.3000030517578,228.52999877929688,226.00930786132812,26080500,
2025-2-19,227.85000610351562,229.07000732421875,224.39999389648438,228.72999572753906,226.2071075439453,16375500,
2025-2-20,228.64999389648438,228.97999572753906,222.75,226.74000549316406,224.23907470703125,16104000,
2025-2-21,225.64999389648438,227.75,215.6300048828125,218.66000366210938,216.24818420410156,24883600,
2025-2-24,218.60000610351562,219.47999572753906,207.5399932861328,207.92999267578125,205.6365203857422,33050400,
2025-2-25,207,208.63999938964844,200.9199981689453,202.5399932861328,200.3059844970703,33100800,
2025-2-26,206.91000366210938,213.5399932861328,206,212.94000244140625,210.59127807617188,21368300,
2025-2-27,217.27999877929688,219.25,197.39999389648438,197.8000030517578,195.61827087402344,27572900,
2025-2-28,195.75999450683594,201.19000244140625,193.14999389648438,199.42999267578125,197.23028564453125,39747200,
2025-3-3,204,204.05999755859375,184.52999877929688,187.3699951171875,185.30331420898438,37435600,
2025-3-4,189.22000122070312,193.9499969482422,180.47999572753906,187.47999572753906,185.41209411621094,37910500,
2025-3-5,191.86000061035156,194.0800018310547,187.10000610351562,191.5800018310547,189.4668731689453,25644500,
2025-3-6,181.0399932861328,186.8300018310547,177.61000061035156,179.4499969482422,177.4706573486328,56864100,
2025-3-7,187.72999572753906,195.47999572753906,181.55999755859375,194.9600067138672,192.80958557128906,74528900,
2025-3-10,189.60000610351562,191.97999572753906,180.42999267578125,184.4499969482422,182.41549682617188,44217100,
2025-3-11,188.0500030517578,195.6199951171875,185.35000610351562,190.08999633789062,187.99331665039062,42153200,
2025-3-12,196.22000122070312,199.97999572753906,192.4499969482422,194.22999572753906,192.08763122558594,30409700,
2025-3-13,193.14999389648438,196.32000732421875,189.47000122070312,191.36000061035156,189.24929809570312,27236100,
2025-3-14,196.1999969482422,197.5,193.1999969482422,195.5399932861328,193.38319396972656,25900900,
2025-3-17,188.0500030517578,196.72000122070312,187.5,194.5,192.35467529296875,26830600,
2025-3-18,190.44000244140625,192.88999938964844,186.89999389648438,188.6699981689453,186.58895874023438,24951000,
2025-3-19,189.33999633789062,198.27000427246094,186.89999389648438,195.57000732421875,193.41287231445312,37962700,
2025-3-20,191.52000427246094,193.83999633789062,188.94000244140625,190.5399932861328,189.00856018066406,31430000,0.59
2025-3-21,188.2100067138672,192.07000732421875,187.3699951171875,191.66000366210938,190.1195526123047,43086500,
2025-3-24,194.3000030517578,196.69000244140625,190.6699981689453,191.25,189.7128448486328,33180300,
2025-3-25,190.88999938964844,191.60000610351562,187.67999267578125,188.25999450683594,186.74685668945312,23417300,
2025-3-26,186.66000366210938,188.05999755859375,177.5800018310547,179.27000427246094,177.8291473388672,30578500,
2025-3-27,177.66000366210938,178.3800048828125,170.4600067138672,171.99000549316406,170.60765075683594,32151700,
2025-3-28,171.92999267578125,173.3000030517578,166.47000122070312,169.1199951171875,167.76071166992188,30391500,
2025-3-31,164.49000549316406,167.94000244140625,160.6199951171875,167.42999267578125,166.08428955078125,35656400,
2025-4-1,166.3699951171875,168.7100067138672,163.4199981689453,168.52000427246094,167.16554260253906,20472400,
2025-4-2,166.0800018310547,173.42999267578125,165.5,172.08999633789062,170.70684814453125,19523700,
2025-4-3,160.5399932861328,163.42999267578125,153.6999969482422,154.00999450683594,152.77215576171875,44354900,
2025-4-4,148.1699981689453,152.8000030517578,139.1699981689453,146.2899932861328,145.11419677734375,72302200,
2025-4-7,144.49000549316406,160.42999267578125,138.10000610351562,154.13999938964844,152.90110778808594,68503500,
2025-4-8,167.6199951171875,169.77999877929688,153.08999633789062,156.02999877929688,154.77590942382812,58888200,
2025-4-9,160.5,187.3300018310547,157.50999450683594,185.14999389648438,183.661865234375,72708300,
2025-4-10,175.3000030517578,176.9499969482422,166.39999389648438,172.3000030517578,170.91514587402344,51212200,
2025-4-11,173.6199951171875,182.66000366210938,173.30999755859375,181.94000244140625,180.47767639160156,33964100,
2025-4-14,185.0800018310547,186,175.82000732421875,178.36000061035156,176.9264373779297,25748300,
2025-4-15,179.72999572753906,182.25999450683594,178.0800018310547,178.9499969482422,177.51171875,17242400,
2025-4-16,170.42999267578125,176.0800018310547,166.9199981689453,174.61000061035156,173.20657348632812,34638600,
2025-4-17,176.25,176.25,169.9199981689453,170.99000549316406,169.6156768798828,22501800,
2025-4-21,166.99000549316406,168,161.61000061035156,166.2100067138672,164.8740997314453,23469800,
2025-4-22,167.42999267578125,170.52000427246094,165.22000122070312,169.5800018310547,168.21701049804688,18504900,
2025-4-23,177.77999877929688,180.4499969482422,175.82000732421875,176.91000366210938,175.48809814453125,24380500,
2025-4-24,179.69000244140625,188.57000732421875,178.3000030517578,188.14999389648438,186.63775634765625,27576900,
2025-4-25,186.9199981689453,193.3699951171875,186.88999938964844,192.30999755859375,190.76431274414062,21242300,
2025-4-28,190.52999877929688,193.10000610351562,187.67999267578125,192.47000122070312,190.92303466796875,16385800,
2025-4-29,191.72000122070312,193.25,190.10000610351562,191.1699981689453,189.63348388671875,14630000,
2025-4-30,185.89999389648438,193.1999969482422,184.02000427246094,192.47000122070312,190.92303466796875,22768900,
2025-5-1,198.13999938964844,201.39999389648438,196.24000549316406,197.3300018310547,195.74398803710938,24939700,
2025-5-2,203.89999389648438,205.67999267578125,201.0800018310547,203.63999938964844,202.00326538085938,17766800,
2025-5-5,200.25,203.22999572753906,200,200.72000122070312,199.10675048828125,14025400,
2025-5-6,196.44000244140625,201.91000366210938,195.94000244140625,200.08999633789062,198.48178100585938,16348800,
2025-5-7,199.2899932861328,206.22999572753906,198.42999267578125,204.80999755859375,203.1638641357422,20253700,
2025-5-8,208,211.16000366210938,203.69000244140625,207.77000427246094,206.10006713867188,18460900,
2025-5-9,209.3300018310547,209.9600067138672,206.52000427246094,208.1999969482422,206.526611328125,13289200,
2025-5-12,219.49000549316406,221.8000030517578,215.8800048828125,221.5800018310547,219.79905700683594,25437700,
2025-5-13,222,235.27999877929688,222,232.4199981689453,230.55194091796875,28790500,
2025-5-14,230.22999572753906,233.5,228.35000610351562,232.1199951171875,230.2543487548828,19751400,
2025-5-15,230.16000366210938,234.4600067138672,228.07000732421875,232.63999938964844,230.77017211914062,18803700,
2025-5-16,232.32000732421875,232.63999938964844,226.38999938964844,228.61000061035156,226.77255249023438,23094600,
2025-5-19,221.85000610351562,231.25,221.60000610351562,230.6300048828125,228.77635192871094,15355500,
2025-5-20,226.49000549316406,231.77000427246094,226.33999633789062,231.67999267578125,229.81788635253906,11787200,
2025-5-21,228.38999938964844,236.5,227.8300018310547,229.72999572753906,227.88357543945312,17642900,
2025-5-22,228.33999633789062,233.69000244140625,227.42999267578125,230.52999877929688,228.67713928222656,14340200,
2025-5-23,226.94000244140625,230.64999389648438,226.17999267578125,228.72000122070312,226.8816680908203,15385600,
2025-5-27,232.8699951171875,236.47999572753906,231.1300048828125,235.64999389648438,233.75596618652344,17941700,
2025-5-28,237.14999389648438,240.99000549316406,234.42999267578125,239.42999267578125,237.50558471679688,20443000,
2025-5-29,245.91000366210938,246.07000732421875,237.39999389648438,241.97000122070312,240.0251922607422,20743700,
2025-5-30,241.22000122070312,243.1699981689453,234.89999389648438,242.07000732421875,240.12437438964844,27088600,
2025-6-2,243.25,250,243.19000244140625,248.7100067138672,246.7110137939453,19197000,
2025-6-3,250.0800018310547,257.8800048828125,249.39999389648438,256.8500061035156,254.78558349609375,30380200,
2025-6-4,258.05999755859375,265.42999267578125,257.5899963378906,261.0799865722656,258.9815673828125,31536000,
2025-6-5,262.95001220703125,264.8900146484375,259.05999755859375,259.92999267578125,257.8408508300781,41970900,
2025-6-6,251.13999938964844,255.32000732421875,246.1300048828125,246.92999267578125,244.9453125,41146700,
2025-6-9,245.0500030517578,248.1699981689453,241.11000061035156,244.27999877929688,242.31661987304688,25334100,
2025-6-10,244.22000122070312,246.27999877929688,241.39999389648438,244.6300048828125,242.663818359375,25491300,
2025-6-11,246.36000061035156,254.77000427246094,243.8000030517578,252.91000366210938,250.87725830078125,24599000,
2025-6-12,250.19000244140625,257.8900146484375,249.5,256.07000732421875,254.01187133789062,20410900,
2025-6-13,250.66000366210938,254,248.35000610351562,248.6999969482422,246.7010955810547,19028400,
2025-6-16,250.35000610351562,255.19000244140625,249.57000732421875,252.10000610351562,250.07376098632812,20363000,
2025-6-17,250.9499969482422,253.9600067138672,247.9199981689453,249.3699951171875,247.36569213867188,22014300,
2025-6-18,250.88999938964844,255.63999938964844,249.41000366210938,251.25999450683594,249.24050903320312,30435500,
2025-6-20,253.2100067138672,253.52000427246094,244.1699981689453,249.99000549316406,248.56442260742188,42134900,0.59
2025-6-23,249.11000061035156,254.2100067138672,246.4600067138672,253.77000427246094,252.32284545898438,19747000,
2025-6-24,258.7699890136719,265.8699951171875,258.7699890136719,263.7699890136719,262.26580810546875,32764900,
2025-6-25,266,269.8699951171875,263.42999267578125,264.6499938964844,263.1407775878906,18894200,
2025-6-26,265.0799865722656,271.6700134277344,264.1300048828125,270.1700134277344,268.62933349609375,23569600,
2025-6-27,270.29998779296875,271.8500061035156,266.8800048828125,269.3500061035156,267.8139953613281,27477600,
2025-6-30,274.7300109863281,277.7099914550781,272.1300048828125,275.6499938964844,274.0780944824219,24708400,
2025-7-1,274.3999938964844,274.5,262.6600036621094,264.739990234375,263.2302551269531,28847600,
2025-7-2,263.989990234375,272,262.7300109863281,269.8999938964844,268.3608703613281,17582100,
2025-7-3,270.7300109863281,275.79998779296875,270.1199951171875,275.17999267578125,273.6107482910156,10592700,
2025-7-7,275.1300048828125,277.55999755859375,272.6600036621094,274.17999267578125,272.616455078125,16760600,
2025-7-8,276.3500061035156,276.3500061035156,271.1499938964844,271.79998779296875,270.25,14869400,
2025-7-9,272.9599914550781,279.45001220703125,272.7200012207031,277.8999938964844,276.31524658203125,20133000,
2025-7-10,279.7900085449219,281.17999267578125,272.70001220703125,275.3999938964844,273.8294982910156,17891600,
2025-7-11,274.1400146484375,276.4700012207031,271.8900146484375,274.3800048828125,272.8153076171875,14274700,
2025-7-14,274.1300048828125,278.3599853515625,269.5799865722656,275.6000061035156,274.0283508300781,11934200,
2025-7-15,279.80999755859375,283.3599853515625,277.8500061035156,280.94000244140625,279.337890625,17918400,
2025-7-16,280.1099853515625,281.510009765625,275.6700134277344,280.80999755859375,279.2086181640625,15031000,
2025-7-17,281.1400146484375,288.2799987792969,279.9100036621094,286.45001220703125,284.81646728515625,17231100,
2025-7-18,287.1099853515625,287.5299987792969,281,283.3399963378906,281.7242126464844,15012400,
2025-7-21,283.9599914550781,290.5400085449219,283.6300048828125,288.2099914550781,286.5664367675781,17726800,
2025-7-22,287.6499938964844,288,276.42999267578125,278.5899963378906,277.0013122558594,16564800,
2025-7-23,276.7799987792969,284,273,283.69000244140625,282.0722351074219,20556200,
2025-7-24,289.7900085449219,291.20001220703125,283.5,288.7099914550781,287.0635986328125,16413800,
2025-7-25,288.07000732421875,292.5899963378906,287.2699890136719,290.17999267578125,288.5251770019531,12476200,
2025-7-28,292.4599914550781,295.45001220703125,290.5899963378906,294.29998779296875,292.6217041015625,13683400,
2025-7-29,297.5,302.19000244140625,294.8699951171875,297.4200134277344,295.7239685058594,19210800,
2025-7-30,297.1499938964844,303.260009765625,295.79998779296875,302.6199951171875,300.8942565917969,16738900,
2025-7-31,302.79998779296875,306.95001220703125,290.2300109863281,293.70001220703125,292.025146484375,25488500,
2025-8-1,286.5400085449219,292.6400146484375,281.6099853515625,288.6400146484375,286.9940185546875,21428100,
2025-8-4,292.20001220703125,298.4800109863281,291.3999938964844,297.7200012207031,296.022216796875,17164600,
2025-8-5,297.80999755859375,301.20001220703125,291.45001220703125,292.92999267578125,291.259521484375,18477500,
2025-8-6,292.8999938964844,302.80999755859375,291.8999938964844,301.6700134277344,299.9496765136719,17392100,
2025-8-7,306.1700134277344,310.3399963378906,299.8800048828125,303.760009765625,302.02777099609375,16319400,
2025-8-8,304.04998779296875,307.8699951171875,302.54998779296875,304.9700012207031,303.2308654785156,12458700,
2025-8-11,305.04998779296875,308.30999755859375,301.2900085449219,303.8999938964844,302.1669616699219,12396400,
2025-8-12,306.6300048828125,313.44000244140625,304.6700134277344,312.8299865722656,311.0460205078125,17609600,
2025-8-13,316.75,317.3500061035156,304.75,309.0899963378906,307.3273620605469,17371200,
2025-8-14,307.010009765625,314.1700134277344,307,311.2300109863281,309.4552001953125,15717600,
2025-8-15,311.0299987792969,311.5,299.760009765625,306.3399963378906,304.59307861328125,22806900,
2025-8-18,302.70001220703125,306.1700134277344,299,305.760009765625,304.0163879394531,14724700,
2025-8-19,302.4200134277344,302.8999938964844,292.3900146484375,294.9100036621094,293.2282409667969,20149600,
2025-8-20,295.4599914550781,295.489990234375,281.8699951171875,291.1700134277344,289.50958251953125,23600500,
2025-8-21,290.05999755859375,292.3900146484375,286.1700134277344,289.6000061035156,287.9485168457031,14946300,
2025-8-22,291.75,300.0899963378906,289.010009765625,294,292.3233947753906,16301300,
2025-8-25,292.80999755859375,298.3999938964844,291.7099914550781,294.2300109863281,292.5521240234375,15124700,
2025-8-26,294.3500061035156,300.25,293.989990234375,298.010009765625,296.310546875,25689100,
2025-8-27,297.5299987792969,301.17999267578125,293.7799987792969,300.25,298.53778076171875,13830300,
2025-8-28,302.92999267578125,311,302.3299865722656,308.6499938964844,306.8898620605469,18907100,
2025-8-29,307.010009765625,307.010009765625,293.6600036621094,297.3900146484375,295.6941223144531,21610700,
2025-9-2,289.3399963378906,298.7099914550781,287.1700134277344,298.239990234375,296.5392761230469,19693000,
2025-9-3,302.2900085449219,304.45001220703125,296.3999938964844,302.3900146484375,300.66558837890625,18529400,
2025-9-4,305.05999755859375,308.7799987792969,302.25,306.1000061035156,304.35443115234375,31220800,
2025-9-5,355.7799987792969,356.3399963378906,331.4200134277344,334.8900146484375,332.9802551269531,78401600,
2025-9-8,342.75,354.1700134277344,341.25,345.6499938964844,343.6788635253906,43535600,
2025-9-9,349.54998779296875,350.9800109863281,335.8299865722656,336.6700134277344,334.7501220703125,26972300,
2025-9-10,351.5199890136719,372.9700012207031,350.54998779296875,369.57000732421875,367.4624938964844,51086800,
2025-9-11,371.17999267578125,374.2300109863281,358.760009765625,359.6300048828125,357.5791931152344,29430900,
2025-9-12,362.9100036621094,364.3900146484375,357.1600036621094,359.8699951171875,357.8177795410156,31949800,
2025-9-15,359.8699951171875,365.5,356.3399963378906,364.0899963378906,362.01373291015625,21792200,
2025-9-16,365.42999267578125,365.69000244140625,356.989990234375,360,357.9470520019531,21306500,
2025-9-17,358.8500061035156,359.92999267578125,341.5,346.1700134277344,344.1959228515625,45197100,
2025-9-18,350,350.70001220703125,343.7900085449219,345.3500061035156,343.380615234375,24663900,
2025-9-19,344.6499938964844,346.2699890136719,336.42999267578125,344.94000244140625,342.9729309082031,41240100,
2025-9-22,342.42999267578125,346.6700134277344,337.94000244140625,338.7900085449219,337.4351806640625,28660000,0.59
2025-9-23,340.239990234375,345.2200012207031,337.0199890136719,338.94000244140625,337.5845642089844,21944100,
2025-9-24,339.760009765625,340.0799865722656,333.80999755859375,339.30999755859375,337.9530944824219,19677300,
2025-9-25,332.989990234375,338.05999755859375,327.29998779296875,336.1000061035156,334.75592041015625,21678200,
2025-9-26,337.42999267578125,339.0799865722656,330.5799865722656,334.5299987792969,333.19219970703125,15464700,
2025-9-29,336,341.04998779296875,327.54998779296875,327.8999938964844,326.5887145996094,21336000,
2025-9-30,330.1199951171875,331.04998779296875,324.6099853515625,329.9100036621094,328.5906677246094,20109500,
2025-10-1,328.1499938964844,337.95001220703125,324.5,333.3900146484375,332.0567626953125,21122700,
2025-10-2,347.6099853515625,347.6099853515625,335.25,338.17999267578125,336.82757568359375,19917600,
2025-10-3,341.5,344.3999938964844,335.739990234375,338.3699951171875,337.0168151855469,14749100,
2025-10-6,335.9200134277344,344.1300048828125,334.55999755859375,335.489990234375,334.1483459472656,18465700,
2025-10-7,337.0299987792969,338.1099853515625,326.5799865722656,336.4100036621094,335.0646667480469,18086700,
2025-10-8,333.82000732421875,346.5400085449219,332.6199951171875,345.5,344.1183166503906,21478300,
2025-10-9,345.75,347.30999755859375,340.3999938964844,345.0199890136719,343.6402282714844,17643700,
2025-10-10,345.3900146484375,350.6000061035156,324.04998779296875,324.6300048828125,323.331787109375,28941000,
2025-10-13,352.7699890136719,359.3800048828125,343.5199890136719,356.70001220703125,355.2735290527344,45984300,
2025-10-14,350.1300048828125,350.6700134277344,339.6499938964844,344.1300048828125,342.7538146972656,22078000,
2025-10-15,354.4700012207031,359.3999938964844,347.5,351.3299865722656,349.92498779296875,23918500,
2025-10-16,356.79998779296875,363.239990234375,349.489990234375,354.1499938964844,352.7337341308594,20317200,
2025-10-17,349.6099853515625,350.9700012207031,340.7799987792969,349.3299865722656,347.9330139160156,20937900,
2025-10-20,353.79998779296875,356.5899963378906,347.8399963378906,349.239990234375,347.8433532714844,15640200,
2025-10-21,350,351.1000061035156,341.30999755859375,342.6600036621094,341.2897033691406,16092600,
2025-10-22,347.29998779296875,348.010009765625,335.510009765625,340.29998779296875,338.9391174316406,19268800,
2025-10-23,340.3999938964844,346.57000732421875,340.3999938964844,344.2900085449219,342.9131774902344,12859200,
2025-10-24,352.510009765625,358.29998779296875,350.8800048828125,354.1300048828125,352.71380615234375,16143700,
2025-10-27,361.5400085449219,362.75,355.0799865722656,362.04998779296875,360.6021423339844,20065800,
2025-10-28,362.6199951171875,374.05999755859375,362.5299987792969,372.9700012207031,371.47845458984375,21056000,
2025-10-29,373.19000244140625,386.4800109863281,373.19000244140625,385.9800109863281,384.43646240234375,24975200,
2025-10-30,386.3999938964844,386.3999938964844,370.05999755859375,376.4700012207031,374.9644775390625,24295300,
2025-10-31,378.2699890136719,378.82000732421875,365.1000061035156,369.6300048828125,368.1518249511719,21598400,
2025-11-3,372,374.8500061035156,361.9800109863281,362.54998779296875,361.1001281738281,17198900,
2025-11-4,358.5199890136719,368.95001220703125,351,351.94000244140625,350.5325622558594,24047500,
2025-11-5,350.8900146484375,364.8699951171875,350.0899963378906,358.9800109863281,357.54443359375,17087600,
2025-11-6,360.1099853515625,363.5,352.7099914550781,355.5899963378906,354.16796875,19896900,
2025-11-7,354.19000244140625,354.5,337.2699890136719,349.42999267578125,348.0325927734375,21903200,
2025-11-10,357.8999938964844,360,354.6099853515625,358.3900146484375,356.9568176269531,16409000,
2025-11-11,358.9700012207031,361.8900146484375,349.6700134277344,351.9599914550781,350.552490234375,16446800,
2025-11-12,358.0400085449219,358.8699951171875,351.67999267578125,355.2200012207031,353.7994689941406,12190500,
2025-11-13,351.5799865722656,353.54998779296875,334.1600036621094,339.9800109863281,338.62042236328125,22616600,
2025-11-14,331.4700012207031,344.739990234375,329.05999755859375,342.4599914550781,341.0904541015625,18500800,
2025-11-17,339.82000732421875,352.20001220703125,337.5199890136719,342.6499938964844,341.27972412109375,14799600,
2025-11-18,343.20001220703125,347.9700012207031,335.510009765625,340.5,339.1383056640625,21726800,
2025-11-19,340.7099914550781,359.69000244140625,337.79998779296875,354.4200134277344,353.0026550292969,21851900,
2025-11-20,366,376.0799865722656,345.17999267578125,346.82000732421875,345.4330749511719,28867000,
2025-11-21,345.1600036621094,348.6000061035156,331.79998779296875,340.20001220703125,338.83953857421875,30280300,
2025-11-24,347.7300109863281,382,347.6600036621094,377.9599914550781,376.4485168457031,47262400,
2025-11-25,384.92999267578125,388.1300048828125,371.75,385.0299987792969,383.4902648925781,33507600,
2025-11-26,385.54998779296875,399.8699951171875,383.260009765625,397.57000732421875,395.9801025390625,28693000,
2025-11-28,399.3500061035156,403,397.1600036621094,402.9599914550781,401.3485412597656,13365500,
2025-12-1,394.8500061035156,395.4200134277344,385.1000061035156,386.0799865722656,384.5360412597656,23252000,
2025-12-2,388.30999755859375,393.5,379.7900085449219,381.57000732421875,380.0440979003906,22207000,
2025-12-3,380,382.29998779296875,370.6499938964844,380.6099853515625,379.087890625,21336400,
2025-12-4,380.67999267578125,383.8900146484375,376.5299987792969,381.0299987792969,379.5062561035156,15845900,
2025-12-5,386.1700134277344,393.5299987792969,385.1499938964844,390.239990234375,388.6794128417969,24779900,
2025-12-8,402.4800109863281,407.2900085449219,397.3999938964844,401.1000061035156,399.4960021972656,30410600,
2025-12-9,398.75,406.92999267578125,395.510009765625,406.2900085449219,404.66522216796875,24546000,
2025-12-10,402.20001220703125,414.6099853515625,399.55999755859375,412.9700012207031,411.3185119628906,31531000,
2025-12-11,404.8299865722656,409.29998779296875,394.19000244140625,406.3699951171875,404.7449035644531,45681600,
2025-12-12,379.9599914550781,382,355.1499938964844,359.92999267578125,358.4906005859375,95588500,
2025-12-15,361.8900146484375,362,337.510009765625,339.80999755859375,338.4510803222656,65894900,
2025-12-16,336.0199890136719,347.5,335.05999755859375,341.29998779296875,339.93511962890625,58061100,
2025-12-17,346.6099853515625,346.6099853515625,321.4200134277344,326.0199890136719,324.7162170410156,73300900,
2025-12-18,336,336.0299987792969,323.6300048828125,329.8800048828125,328.5608215332031,54501900,
2025-12-19,333.3399963378906,343.45001220703125,332.5799865722656,340.3599853515625,338.9988708496094,159095200,
2025-12-22,346.0299987792969,346.239990234375,337.2200012207031,341.45001220703125,340.7352600097656,28739600,0.65
2025-12-23,340.80999755859375,350.1099853515625,338.5400085449219,349.32000732421875,348.5887756347656,28232600,
2025-12-24,350.69000244140625,352.8599853515625,347.1400146484375,350.2200012207031,349.48687744140625,11424400,
2025-12-26,351.05999755859375,353.25,347.75,352.1300048828125,351.39288330078125,15028100,
2025-12-29,348.7200012207031,350.3299865722656,344.69000244140625,349.3900146484375,348.65863037109375,21946900,
2025-12-30,349.9700012207031,352.67999267578125,349.29998779296875,349.8500061035156,349.1176452636719,16633600,
2025-12-31,349.7300109863281,349.8800048828125,345.4200134277344,346.1000061035156,345.3755187988281,15346100,
2026-1-2,352.7799987792969,360.6600036621094,345.55999755859375,347.6199951171875,346.8923034667969,25398600,
2026-1-5,354.739990234375,355.0299987792969,336.5,343.4200134277344,342.7011413574219,31136000,
2026-1-6,343.6000061035156,349.04998779296875,338,343.7699890136719,343.0503845214844,27135500,
2026-1-7,341.70001220703125,349.70001220703125,335.8800048828125,343.5,342.78094482421875,20249300,
2026-1-8,342.7799987792969,343.67999267578125,330.5,332.4800109863281,331.7840270996094,24385200,
2026-1-9,337.9200134277344,347.3900146484375,333.5,344.9700012207031,344.24786376953125,22482500,
2026-1-12,340.95001220703125,353.8999938964844,340.95001220703125,352.2099914550781,351.47271728515625,20949600,
2026-1-13,352.8800048828125,359.489990234375,350.9100036621094,354.6099853515625,353.86767578125,18308000,
2026-1-14,348.9700012207031,350.69000244140625,334.4200134277344,339.8900146484375,339.17852783203125,30094700,
2026-1-15,349.1199951171875,349.67999267578125,341.6700134277344,343.0199890136719,342.30194091796875,22218800,
2026-1-16,346.2699890136719,354.510009765625,344.04998779296875,351.7099914550781,350.9737548828125,31291200,
2026-1-20,344.1000061035156,345.3999938964844,331.79998779296875,332.6000061035156,331.9037780761719,32293900,
2026-1-21,335.510009765625,335.79998779296875,324.20001220703125,328.79998779296875,328.1116943359375,32006600,
2026-1-22,335.3500061035156,336.989990234375,324.8900146484375,325.489990234375,324.8086242675781,24275400,
2026-1-23,319.29998779296875,321.989990234375,314.1099853515625,320.04998779296875,319.3800354003906,30259500,
2026-1-26,319.79998779296875,328.67999267578125,317.6000061035156,324.8500061035156,324.16998291015625,25006400,
2026-1-27,329.760009765625,334.760009765625,327.0199890136719,332.7900085449219,332.0933837890625,25537600,
2026-1-28,338.8500061035156,339.989990234375,326.70001220703125,333.239990234375,332.54241943359375,23001700,
2026-1-29,332.55999755859375,335.95001220703125,320.2799987792969,330.7300109863281,330.0376892089844,20447500,
2026-1-30,332.44000244140625,338.20001220703125,328.3299865722656,331.29998779296875,330.6064758300781,28313000,
2026-2-2,326.1099853515625,336.05999755859375,325.75,331.1099853515625,330.4168701171875,17278200,
2026-2-3,336.739990234375,338.8999938964844,308.6499938964844,320.3299865722656,319.659423828125,36914800,
2026-2-4,319.510009765625,319.510009765625,295.29998779296875,308.04998779296875,307.4051513671875,43330300,
2026-2-5,314.3399963378906,326.5299987792969,306.70001220703125,310.510009765625,309.8600158691406,42775800,
2026-2-6,320.1000061035156,335,316.29998779296875,332.9200134277344,332.2231140136719,33003400,
2026-2-9,330.7699890136719,352.3399963378906,330.6499938964844,343.94000244140625,343.22003173828125,30091000,
2026-2-10,347.4700012207031,348.010009765625,339.8399963378906,340.44000244140625,339.72735595703125,19542700,
2026-2-11,346.79998779296875,347.20001220703125,333.739990234375,342.760009765625,342.0425109863281,17004700,
2026-2-12,343.8299865722656,346.2900085449219,329.55999755859375,331.1700134277344,330.4767761230469,22007300,
2026-2-13,329.8500061035156,334.32000732421875,324.69000244140625,325.1700134277344,324.48931884765625,18397200,
2026-2-17,319.67999267578125,335.75,316.30999755859375,332.5400085449219,331.8439025878906,23469700,
2026-2-18,329.5199890136719,337.8800048828125,327.2300109863281,333.510009765625,332.8118591308594,13565300,
2026-2-19,333.010009765625,338.44000244140625,329.67999267578125,333.989990234375,333.29083251953125,15180900,
2026-2-20,332.3599853515625,340.1099853515625,329.5799865722656,332.6499938964844,331.9536437988281,17658900,
2026-2-23,332.25,338.5,325.32000732421875,330.3399963378906,329.64849853515625,16472400,
2026-2-24,322.5400085449219,328.30999755859375,314.45001220703125,325.489990234375,324.8086242675781,23614400,
2026-2-25,330.739990234375,335.9100036621094,329.2799987792969,332.30999755859375,331.6143798828125,20182300,
2026-2-26,326.5,326.5799865722656,307.92999267578125,321.70001220703125,321.0265808105469,33025300,
2026-2-27,310.70001220703125,320,310,319.54998779296875,318.8810729980469,28004200,
2026-3-2,309.3599853515625,320.0400085449219,307.20001220703125,318.82000732421875,318.1526184082031,20567200,
2026-3-3,313,315.8800048828125,307.3999938964844,313.8399963378906,313.18304443359375,20826200,
2026-3-4,315.67999267578125,322.6400146484375,311.739990234375,317.5299987792969,316.86529541015625,34895800,
2026-3-5,330.17999267578125,336.1199951171875,323.0299987792969,332.7699890136719,332.0733947753906,57076600,
2026-3-6,328.2799987792969,343.510009765625,327.3999938964844,330.4800109863281,329.7882080078125,39152200,
2026-3-9,327.25,348.489990234375,323.6099853515625,345.75,345.0262451171875,40605800,
2026-3-10,348.7300109863281,353.1400146484375,340.79998779296875,342.5799865722656,341.86285400390625,29531700,
2026-3-11,342.5899963378906,345.80999755859375,338.2200012207031,341.57000732421875,340.85498046875,20104100,
2026-3-12,337.739990234375,339.8299865722656,332.20001220703125,335.9700012207031,335.2667236328125,21982700,
2026-3-13,337.67999267578125,338.32000732421875,321.42999267578125,322.1600036621094,321.4856262207031,34725000,
2026-3-16,326.0199890136719,329.20001220703125,320.05999755859375,324.9200134277344,324.2398681640625,31363100,
2026-3-17,325.760009765625,327.44000244140625,317.25,321.30999755859375,320.63739013671875,38026500,
2026-3-18,320.42999267578125,325.44000244140625,315.54998779296875,315.92999267578125,315.2686462402344,25460600,
2026-3-19,312.4700012207031,323.2699890136719,308.510009765625,319.8399963378906,319.17047119140625,23524800,
2026-3-20,320.1199951171875,321.510009765625,309.9200134277344,310.510009765625,309.8600158691406,43325900,
2026-3-23,318,326.4800109863281,314.92999267578125,322.510009765625,322.510009765625,27369200,0.65
2026-3-24,320,324.3999938964844,314.8399963378906,318.2900085449219,318.2900085449219,19799000,
2026-3-25,322.5899963378906,324.29998779296875,316.7200012207031,318.80999755859375,318.80999755859375,19900000,
2026-3-26,314.0199890136719,316.9200134277344,309.1700134277344,309.4200134277344,309.4200134277344,20343700,
2026-3-27,307.05999755859375,307.5,298.8699951171875,300.67999267578125,300.67999267578125,23593900,
2026-3-30,300.8699951171875,304.7699890136719,289.9599914550781,293.4100036621094,293.4100036621094,28054500,
2026-3-31,299.3900146484375,310.30999755859375,296.3399963378906,309.510009765625,309.510009765625,29289500,
2026-4-1,313.3699951171875,315.7900085449219,310.4800109863281,313.489990234375,313.489990234375,19171000,
2026-4-2,304.489990234375,314.69000244140625,301.75,314.54998779296875,314.54998779296875,14021100,
2026-4-6,315.05999755859375,316.3999938964844,310.2799987792969,314.42999267578125,314.42999267578125,12111300,
2026-4-7,326.7099914550781,334.1499938964844,321.79998779296875,333.9700012207031,333.9700012207031,28781018,