date,ew_ret_mean,ew_ret_median,ret_xs_std,n_with_ret,total_volume,ew_cum_index,ew_ret_mean_lag1,nrc_anger_mean,nrc_anticipation_mean,nrc_disgust_mean,nrc_fear_mean,nrc_joy_mean,nrc_sadness_mean,nrc_surprise_mean,nrc_trust_mean,nrc_positive_mean,nrc_negative_mean,nrc_net_sentiment_mean,hf_neutral_score_mean,hf_negative_score_mean,hf_very_negative_score_mean,hf_very_positive_score_mean,hf_positive_score_mean,fb_negative_score_mean,fb_neutral_score_mean,fb_positive_score_mean,fb_net_sentiment_mean,n_calendar_source_days,nrc_anger_mean_lag1,nrc_anticipation_mean_lag1,nrc_disgust_mean_lag1,nrc_fear_mean_lag1,nrc_joy_mean_lag1,nrc_sadness_mean_lag1,nrc_surprise_mean_lag1,nrc_trust_mean_lag1,nrc_positive_mean_lag1,nrc_negative_mean_lag1,nrc_net_sentiment_mean_lag1,hf_neutral_score_mean_lag1,hf_negative_score_mean_lag1,hf_very_negative_score_mean_lag1,hf_very_positive_score_mean_lag1,hf_positive_score_mean_lag1,fb_negative_score_mean_lag1,fb_neutral_score_mean_lag1,fb_positive_score_mean_lag1,fb_net_sentiment_mean_lag1,n_calendar_source_days_lag1,hf_net_4_mean_lag1,soxx_ret_1d,spy_ret_1d,vix_ret_1d
2023-01-04,0.0289570003023559,0.0284951069984062,0.0184082366568802,12,607863900.0,1.028957000302356,,0.1258741258741259,0.3146853146853147,0.0909090909090909,0.1748251748251748,0.1118881118881118,0.1538461538461538,0.1118881118881118,0.4405594405594406,0.6433566433566433,0.3986013986013986,0.2447552447552447,0.689472027972028,0.1442174825174825,0.0390041958041958,0.0423552447552447,0.0849517482517482,0.1250048951048951,0.7568713286713287,0.1181300699300699,-0.0068748251748251,1,0.1691492858608101,0.318826879017728,0.1273154841787089,0.293183857167219,0.1791526718123243,0.2048191728886614,0.1222612718820205,0.4750873056476188,0.8041585416187814,0.448780686730283,0.3553778548884984,0.6640754596367393,0.1869616338328229,0.0350924641571081,0.0374987154391974,0.0763733659076697,0.1428672524115636,0.7146576496553497,0.1424748322471102,-0.0003924201644534,3.0,-0.1081820166430639,0.0257407810689445,0.0077200921766618,-0.0388646028154632
2023-01-05,-0.0171078967897428,-0.0133892928888561,0.0161470468800851,12,549807400.0,1.0113537101400998,0.0289570003023559,0.125,0.3369565217391304,0.0543478260869565,0.1902173913043478,0.1304347826086956,0.1793478260869565,0.0706521739130434,0.3206521739130434,0.6847826086956522,0.3369565217391304,0.3478260869565217,0.6819027173913044,0.1791668478260869,0.0371304347826087,0.0325826086956521,0.0692255434782608,0.1280048913043478,0.7418809782608696,0.1301168478260869,0.0021119565217391,1,0.1258741258741259,0.3146853146853147,0.0909090909090909,0.1748251748251748,0.1118881118881118,0.1538461538461538,0.1118881118881118,0.4405594405594406,0.6433566433566433,0.3986013986013986,0.2447552447552447,0.689472027972028,0.1442174825174825,0.0390041958041958,0.0423552447552447,0.0849517482517482,0.1250048951048951,0.7568713286713287,0.1181300699300699,-0.0068748251748251,1.0,-0.05591468531468542,-0.0168617633944357,-0.01141324031106,0.0204451999505355
2023-01-06,0.0487759334454303,0.0482287595893575,0.0140119690558019,12,633053900.0,1.0606834313956823,-0.0171078967897428,0.1607142857142857,0.2946428571428571,0.0714285714285714,0.1875,0.0446428571428571,0.1428571428571428,0.0714285714285714,0.3392857142857143,0.5714285714285714,0.3571428571428571,0.2142857142857142,0.6782660714285714,0.1759071428571428,0.0321723214285714,0.0332848214285714,0.0803678571428571,0.1513258928571428,0.7241580357142857,0.1245205357142857,-0.0268053571428571,1,0.125,0.3369565217391304,0.0543478260869565,0.1902173913043478,0.1304347826086956,0.1793478260869565,0.0706521739130434,0.3206521739130434,0.6847826086956522,0.3369565217391304,0.3478260869565217,0.6819027173913044,0.1791668478260869,0.0371304347826087,0.0325826086956521,0.0692255434782608,0.1280048913043478,0.7418809782608696,0.1301168478260869,0.0021119565217391,1.0,-0.1144891304347827,0.0465323088258058,0.0229320088438405,-0.0592163837008136
2023-01-09,0.0207178208501971,0.0220026806289872,0.0226661104521107,12,731585100.0,1.0826584807061104,0.0487759334454303,0.1068376068376067,0.3121212121212121,0.0704517704517704,0.1213490213490213,0.1278425278425277,0.1252784252784252,0.113094313094313,0.3684611684611685,0.69003959003959,0.3063492063492063,0.3836903836903837,0.6268585551485552,0.1947718396418395,0.0432004895104894,0.0406355592555592,0.0945360169460169,0.13359478003478,0.7441499814999816,0.1222548055648055,-0.0113399744699744,3,0.1607142857142857,0.2946428571428571,0.0714285714285714,0.1875,0.0446428571428571,0.1428571428571428,0.0714285714285714,0.3392857142857143,0.5714285714285714,0.3571428571428571,0.2142857142857142,0.6782660714285714,0.1759071428571428,0.0321723214285714,0.0332848214285714,0.0803678571428571,0.1513258928571428,0.7241580357142857,0.1245205357142857,-0.0268053571428571,1.0,-0.0944267857142857,0.0184230412674319,-0.0005670698525388,0.0397539132016422
2023-01-10,0.0123062987165639,0.0141073103793387,0.0074748185971892,12,546986100.0,1.0959819993777011,0.0207178208501971,0.1897810218978102,0.2481751824817518,0.0583941605839416,0.1970802919708029,0.0802919708029197,0.1532846715328467,0.0656934306569343,0.1751824817518248,0.4744525547445255,0.3576642335766423,0.1167883211678832,0.6523481751824818,0.1690678832116788,0.0347649635036496,0.0501532846715328,0.0936627737226277,0.1396664233576642,0.7436635036496351,0.1166693430656934,-0.0229970802919708,1,0.1068376068376067,0.3121212121212121,0.0704517704517704,0.1213490213490213,0.1278425278425277,0.1252784252784252,0.113094313094313,0.3684611684611685,0.69003959003959,0.3063492063492063,0.3836903836903837,0.6268585551485552,0.1947718396418395,0.0432004895104894,0.0406355592555592,0.0945360169460169,0.13359478003478,0.7441499814999816,0.1222548055648055,-0.0113399744699744,3.0,-0.1028007529507528,0.0129330772666143,0.007013150632088,-0.0632680670501215
2023-01-11,0.0139893478042869,0.0132928964426154,0.008900204637743,12,515239400.0,1.1113140727542337,0.0123062987165639,0.1610738255033557,0.3355704697986577,0.087248322147651,0.1610738255033557,0.1006711409395973,0.1812080536912751,0.1006711409395973,0.3624161073825503,0.5302013422818792,0.3758389261744966,0.1543624161073825,0.653926845637584,0.1846073825503355,0.0453751677852349,0.0314906040268456,0.0845973154362416,0.1572080536912751,0.7384040268456376,0.104389932885906,-0.0528181208053691,1,0.1897810218978102,0.2481751824817518,0.0583941605839416,0.1970802919708029,0.0802919708029197,0.1532846715328467,0.0656934306569343,0.1751824817518248,0.4744525547445255,0.3576642335766423,0.1167883211678832,0.6523481751824818,0.1690678832116788,0.0347649635036496,0.0501532846715328,0.0936627737226277,0.1396664233576642,0.7436635036496351,0.1166693430656934,-0.0229970802919708,1.0,-0.060016788321167885,0.0129012789805875,0.0126476941745199,0.0247813523213071
2023-01-12,0.0170387888549668,0.0135514982326422,0.0196741754475553,12,767626100.0,1.1302495185914463,0.0139893478042869,0.1007194244604316,0.2517985611510791,0.0935251798561151,0.1438848920863309,0.1007194244604316,0.1510791366906475,0.0935251798561151,0.2949640287769784,0.6115107913669064,0.2733812949640288,0.3381294964028777,0.6443071942446044,0.195046762589928,0.0416158273381295,0.0369230215827338,0.0821165467625899,0.1484374100719424,0.7245057553956834,0.1270582733812949,-0.0213791366906474,1,0.1610738255033557,0.3355704697986577,0.087248322147651,0.1610738255033557,0.1006711409395973,0.1812080536912751,0.1006711409395973,0.3624161073825503,0.5302013422818792,0.3758389261744966,0.1543624161073825,0.653926845637584,0.1846073825503355,0.0453751677852349,0.0314906040268456,0.0845973154362416,0.1572080536912751,0.7384040268456376,0.104389932885906,-0.0528181208053691,1.0,-0.11389463087248321,0.0121578352662121,0.0036409659984948,-0.1071598014476314
2023-01-13,0.0041220769770664,0.0001139002634189,0.0133709729815669,12,615137400.0,1.1349084941103726,0.0170387888549668,0.1081081081081081,0.3851351351351351,0.0743243243243243,0.2229729729729729,0.1148648648648648,0.2229729729729729,0.0945945945945946,0.3986486486486486,0.6013513513513513,0.4459459459459459,0.1554054054054054,0.6472554054054054,0.2027756756756756,0.035827027027027,0.0339425675675675,0.0802094594594594,0.1537824324324324,0.7399331081081081,0.1062858108108108,-0.0474966216216216,1,0.1007194244604316,0.2517985611510791,0.0935251798561151,0.1438848920863309,0.1007194244604316,0.1510791366906475,0.0935251798561151,0.2949640287769784,0.6115107913669064,0.2733812949640288,0.3381294964028777,0.6443071942446044,0.195046762589928,0.0416158273381295,0.0369230215827338,0.0821165467625899,0.1484374100719424,0.7245057553956834,0.1270582733812949,-0.0213791366906474,1.0,-0.1176230215827338,0.0041339228988201,0.0038794879133694,-0.025491213180093
2023-01-17,0.0041294004612632,-0.000536126380262,0.017279479290824,12,672610800.0,1.1395949857694436,0.0041220769770664,0.1448040819962324,0.3499174796821942,0.0742031552998303,0.1831843852438413,0.1393162132644531,0.1948036804359144,0.1061309967317968,0.3558147565176023,0.5878701821130413,0.3438468571839134,0.2440233249291278,0.6527245700291258,0.1892487269732179,0.0428414807609438,0.0410498461136356,0.0741304108618436,0.1701865493097138,0.7004078259458223,0.1294058873446044,-0.0407806619651093,4,0.1081081081081081,0.3851351351351351,0.0743243243243243,0.2229729729729729,0.1148648648648648,0.2229729729729729,0.0945945945945946,0.3986486486486486,0.6013513513513513,0.4459459459459459,0.1554054054054054,0.6472554054054054,0.2027756756756756,0.035827027027027,0.0339425675675675,0.0802094594594594,0.1537824324324324,0.7399331081081081,0.1062858108108108,-0.0474966216216216,1.0,-0.12445067567567569,0.0011393144155333,-0.0018319128127091,0.0550408832635098
2023-01-18,-0.0070561625210076,-0.0086252905819066,0.0111358579649142,12,606365600.0,1.1315538183417289,0.0041294004612632,0.2258064516129032,0.2741935483870967,0.0967741935483871,0.1532258064516129,0.1774193548387097,0.1290322580645161,0.0967741935483871,0.5564516129032258,0.8951612903225806,0.4516129032258064,0.4435483870967742,0.6414637096774194,0.1787427419354838,0.0453693548387096,0.0460572580645161,0.0883693548387096,0.1154459677419354,0.7424532258064516,0.1421064516129032,0.0266604838709677,1,0.1448040819962324,0.3499174796821942,0.0742031552998303,0.1831843852438413,0.1393162132644531,0.1948036804359144,0.1061309967317968,0.3558147565176023,0.5878701821130413,0.3438468571839134,0.2440233249291278,0.6527245700291258,0.1892487269732179,0.0428414807609438,0.0410498461136356,0.0741304108618436,0.1701865493097138,0.7004078259458223,0.1294058873446044,-0.0407806619651093,4.0,-0.11690995075868249,-0.0052502366805677,-0.0157880697689364,0.0506198094700645
2023-01-19,-0.0276433714874641,-0.0317471469794534,0.0131130450603978,12,623786300.0,1.10027385578325,-0.0070561625210076,0.116504854368932,0.203883495145631,0.0388349514563106,0.174757281553398,0.0970873786407767,0.1359223300970873,0.058252427184466,0.3106796116504854,0.5339805825242718,0.2912621359223301,0.2427184466019417,0.6676019417475728,0.1737543689320388,0.0415116504854368,0.0368242718446601,0.0803174757281553,0.1763184466019417,0.723368932038835,0.1003106796116504,-0.0760077669902912,1,0.2258064516129032,0.2741935483870967,0.0967741935483871,0.1532258064516129,0.1774193548387097,0.1290322580645161,0.0967741935483871,0.5564516129032258,0.8951612903225806,0.4516129032258064,0.4435483870967742,0.6414637096774194,0.1787427419354838,0.0453693548387096,0.0460572580645161,0.0883693548387096,0.1154459677419354,0.7424532258064516,0.1421064516129032,0.0266604838709677,1.0,-0.08968548387096772,-0.0280534775449986,-0.0072798862435951,0.0088495724594612
2023-01-20,0.0340791554477078,0.0313130275618235,0.0124999734758375,12,743336500.0,1.137770259549536,-0.0276433714874641,0.1553398058252427,0.3009708737864077,0.0776699029126213,0.1650485436893204,0.1650485436893204,0.116504854368932,0.1067961165048543,0.4368932038834951,0.6504854368932039,0.3203883495145631,0.3300970873786408,0.6541281553398058,0.1783436893203883,0.0365689320388349,0.036978640776699,0.0939776699029126,0.1527912621359223,0.7120446601941747,0.1351601941747572,-0.017631067961165,1,0.116504854368932,0.203883495145631,0.0388349514563106,0.174757281553398,0.0970873786407767,0.1359223300970873,0.058252427184466,0.3106796116504854,0.5339805825242718,0.2912621359223301,0.2427184466019417,0.6676019417475728,0.1737543689320388,0.0415116504854368,0.0368242718446601,0.0803174757281553,0.1763184466019417,0.723368932038835,0.1003106796116504,-0.0760077669902912,1.0,-0.0981242718446602,0.0312976249096974,0.0186291654960177,-0.0326510751143991
2023-01-23,0.0525337543580616,0.0463757886632434,0.022701455875755,12,899225100.0,1.1975416028806194,0.0340791554477078,0.1057471264367815,0.3227011494252873,0.0844827586206896,0.1656130268199233,0.1600574712643677,0.1913793103448275,0.1296934865900383,0.3766283524904215,0.6227969348659004,0.3199233716475095,0.3028735632183907,0.6612234865900383,0.1740022126436781,0.0393024616858237,0.0438098659003831,0.0816584674329501,0.1405418390804597,0.7115546743295019,0.1479034291187738,0.0073615900383141,3,0.1553398058252427,0.3009708737864077,0.0776699029126213,0.1650485436893204,0.1650485436893204,0.116504854368932,0.1067961165048543,0.4368932038834951,0.6504854368932039,0.3203883495145631,0.3300970873786408,0.6541281553398058,0.1783436893203883,0.0365689320388349,0.036978640776699,0.0939776699029126,0.1527912621359223,0.7120446601941747,0.1351601941747572,-0.017631067961165,1.0,-0.0839563106796116,0.050216299106667,0.0119985419468902,-0.0020151594336836
2023-01-24,-0.0071782405975685,-0.007794057524651,0.0076836953579977,12,649320400.0,1.1889453611295444,0.0525337543580616,0.1484375,0.265625,0.0625,0.2109375,0.140625,0.1875,0.109375,0.3671875,0.6640625,0.375,0.2890625,0.63610546875,0.1899078125,0.0409640625,0.0423890625,0.0906375,0.1817921875,0.70749609375,0.1107140625,-0.0710781249999999,1,0.1057471264367815,0.3227011494252873,0.0844827586206896,0.1656130268199233,0.1600574712643677,0.1913793103448275,0.1296934865900383,0.3766283524904215,0.6227969348659004,0.3199233716475095,0.3028735632183907,0.6612234865900383,0.1740022126436781,0.0393024616858237,0.0438098659003831,0.0816584674329501,0.1405418390804597,0.7115546743295019,0.1479034291187738,0.0073615900383141,3.0,-0.08783634099616859,-0.0075576679401075,-0.0010731847476498,-0.0307924643840423
2023-01-25,0.0013940516884262,0.0029110551267948,0.0095429154565005,12,609418500.0,1.1906028124176735,-0.0071782405975685,0.1481481481481481,0.3148148148148148,0.1018518518518518,0.2129629629629629,0.1481481481481481,0.1759259259259259,0.074074074074074,0.4259259259259259,0.7777777777777778,0.4074074074074074,0.3703703703703703,0.6874175925925926,0.1505564814814814,0.0545842592592592,0.041674074074074,0.0657685185185185,0.1341185185185185,0.7677194444444445,0.0981638888888888,-0.0359546296296296,1,0.1484375,0.265625,0.0625,0.2109375,0.140625,0.1875,0.109375,0.3671875,0.6640625,0.375,0.2890625,0.63610546875,0.1899078125,0.0409640625,0.0423890625,0.0906375,0.1817921875,0.70749609375,0.1107140625,-0.0710781249999999,1.0,-0.0978453125,0.0027129335038016,0.0003746579754502,-0.0062500434617184
2023-01-26,0.0171951503265374,0.0168361901196058,0.0096202715245519,12,699339000.0,1.211075406756394,0.0013940516884262,0.125,0.2307692307692307,0.0673076923076923,0.2307692307692307,0.125,0.1538461538461538,0.0769230769230769,0.3269230769230769,0.5192307692307693,0.3846153846153846,0.1346153846153846,0.6713201923076924,0.1742163461538461,0.047676923076923,0.030725,0.0760576923076923,0.2200711538461538,0.656739423076923,0.123189423076923,-0.0968817307692307,1,0.1481481481481481,0.3148148148148148,0.1018518518518518,0.2129629629629629,0.1481481481481481,0.1759259259259259,0.074074074074074,0.4259259259259259,0.7777777777777778,0.4074074074074074,0.3703703703703703,0.6874175925925926,0.1505564814814814,0.0545842592592592,0.041674074074074,0.0657685185185185,0.1341185185185185,0.7677194444444445,0.0981638888888888,-0.0359546296296296,1.0,-0.09769814814814809,0.0168520150303768,0.0109903837223652,-0.0183438355801494
2023-01-27,-0.0155256593208717,-0.008430161480139,0.02924067592932,12,841687000.0,1.192272662579208,0.0171951503265374,0.2543859649122807,0.2982456140350877,0.0614035087719298,0.3421052631578947,0.1403508771929824,0.2631578947368421,0.1228070175438596,0.3771929824561403,0.7368421052631579,0.543859649122807,0.1929824561403508,0.6880008771929825,0.1657798245614035,0.0577745614035087,0.0314131578947368,0.0570219298245614,0.2314842105263158,0.6340508771929825,0.1344622807017544,-0.0970219298245614,1,0.125,0.2307692307692307,0.0673076923076923,0.2307692307692307,0.125,0.1538461538461538,0.0769230769230769,0.3269230769230769,0.5192307692307693,0.3846153846153846,0.1346153846153846,0.6713201923076924,0.1742163461538461,0.047676923076923,0.030725,0.0760576923076923,0.2200711538461538,0.656739423076923,0.123189423076923,-0.0968817307692307,1.0,-0.1151105769230768,-0.0063707139296236,0.0022976322975072,-0.0117458258799415
2023-01-30,-0.0269721152308726,-0.0274315053102312,0.0180609367110199,12,684636100.0,1.160114546937502,-0.0155256593208717,0.1384952750893066,0.3394673737036625,0.0756781436570623,0.163050750299749,0.1709253439388882,0.1727493325175214,0.1252402627903239,0.3596166147513628,0.6039515117242061,0.3947571723464482,0.2091943393777579,0.6327144492187983,0.1931658911045598,0.0440418366274829,0.0434126941029776,0.0866612720717295,0.1752422937448238,0.6937973248940063,0.1309589004230479,-0.044283393321776,3,0.2543859649122807,0.2982456140350877,0.0614035087719298,0.3421052631578947,0.1403508771929824,0.2631578947368421,0.1228070175438596,0.3771929824561403,0.7368421052631579,0.543859649122807,0.1929824561403508,0.6880008771929825,0.1657798245614035,0.0577745614035087,0.0314131578947368,0.0570219298245614,0.2314842105263158,0.6340508771929825,0.1344622807017544,-0.0970219298245614,1.0,-0.135119298245614,-0.0265534629894808,-0.0125466057252554,0.0772555530790592
2023-01-31,0.0158644752203079,0.0142867884837167,0.0183702531371323,12,726412800.0,1.1785191554201109,-0.0269721152308726,0.0333333333333333,0.3,0.0166666666666666,0.1333333333333333,0.1333333333333333,0.0666666666666666,0.0666666666666666,0.4,0.7166666666666667,0.2,0.5166666666666667,0.7176100000000001,0.1163316666666666,0.0389983333333333,0.03663,0.090445,0.1184149999999999,0.7615999999999999,0.1199883333333333,0.0015733333333333,1,0.1384952750893066,0.3394673737036625,0.0756781436570623,0.163050750299749,0.1709253439388882,0.1727493325175214,0.1252402627903239,0.3596166147513628,0.6039515117242061,0.3947571723464482,0.2091943393777579,0.6327144492187983,0.1931658911045598,0.0440418366274829,0.0434126941029776,0.0866612720717295,0.1752422937448238,0.6937973248940063,0.1309589004230479,-0.044283393321776,3.0,-0.10713376155733562,0.018648138266331,0.0147033662629252,-0.0270812889199787
2023-02-01,0.0519894012200096,0.0417323483295306,0.0293746068162698,12,1003837700.0,1.2397896606367136,0.0158644752203079,0.1598984771573604,0.4441624365482233,0.0456852791878172,0.1472081218274111,0.215736040609137,0.1218274111675127,0.1116751269035533,0.5482233502538071,0.9060913705583756,0.4137055837563452,0.4923857868020304,0.6605060913705584,0.1669218274111675,0.0339175126903553,0.0457982233502538,0.0928639593908629,0.2074850253807106,0.5606540609137055,0.2318644670050761,0.0243794416243654,1,0.0333333333333333,0.3,0.0166666666666666,0.1333333333333333,0.1333333333333333,0.0666666666666666,0.0666666666666666,0.4,0.7166666666666667,0.2,0.5166666666666667,0.7176100000000001,0.1163316666666666,0.0389983333333333,0.03663,0.090445,0.1184149999999999,0.7615999999999999,0.1199883333333333,0.0015733333333333,1.0,-0.028254999999999905,0.0521450021375327,0.010627595205165,-0.0788659180093729
2023-02-02,0.0244241602463801,0.0234436170043992,0.0210516338790481,12,848095500.0,1.27007048197991,0.0519894012200096,0.2344827586206896,0.3862068965517241,0.096551724137931,0.193103448275862,0.2,0.1724137931034483,0.1172413793103448,0.4344827586206896,0.6482758620689655,0.4689655172413793,0.1793103448275862,0.6936882758620689,0.1723848275862068,0.0423455172413793,0.0302482758620689,0.0613324137931034,0.2062951724137931,0.6665937931034482,0.1271124137931034,-0.0791827586206896,1,0.1598984771573604,0.4441624365482233,0.0456852791878172,0.1472081218274111,0.215736040609137,0.1218274111675127,0.1116751269035533,0.5482233502538071,0.9060913705583756,0.4137055837563452,0.4923857868020304,0.6605060913705584,0.1669218274111675,0.0339175126903553,0.0457982233502538,0.0928639593908629,0.2074850253807106,0.5606540609137055,0.2318644670050761,0.0243794416243654,1.0,-0.06217715736040612,0.0231676865277936,0.0145570815504523,0.048125274908483
2023-02-03,-0.0200649565860664,-0.0211905862857916,0.0129797792903135,12,643135800.0,1.2445865728977386,0.0244241602463801,0.1130952380952381,0.3154761904761904,0.0773809523809523,0.2619047619047619,0.1309523809523809,0.1785714285714285,0.0892857142857142,0.369047619047619,0.7440476190476191,0.369047619047619,0.375,0.6705363095238095,0.169035119047619,0.0459761904761904,0.0399089285714285,0.0745452380952381,0.1866065476190476,0.6658261904761905,0.1475630952380952,-0.0390434523809523,1,0.2344827586206896,0.3862068965517241,0.096551724137931,0.193103448275862,0.2,0.1724137931034483,0.1172413793103448,0.4344827586206896,0.6482758620689655,0.4689655172413793,0.1793103448275862,0.6936882758620689,0.1723848275862068,0.0423455172413793,0.0302482758620689,0.0613324137931034,0.2062951724137931,0.6665937931034482,0.1271124137931034,-0.0791827586206896,1.0,-0.1231496551724138,-0.0195133759349083,-0.0106293076873018,-0.0213560933425689
2023-02-06,-0.0206137247575762,-0.021471511932187,0.0150311202568801,12,628210200.0,1.2189310078470494,-0.0200649565860664,0.13683908045977,0.290356926799758,0.0647761645493042,0.2014579552329098,0.1401905626134301,0.1635964912280701,0.1127102238354506,0.3681941923774954,0.7355989110707805,0.3881820931639443,0.347416817906836,0.6833416076830007,0.1643842310949787,0.032025466122202,0.0379509446460979,0.082294762552934,0.1587727244404113,0.7151781830006051,0.1260484168179068,-0.0327243076225045,3,0.1130952380952381,0.3154761904761904,0.0773809523809523,0.2619047619047619,0.1309523809523809,0.1785714285714285,0.0892857142857142,0.369047619047619,0.7440476190476191,0.369047619047619,0.375,0.6705363095238095,0.169035119047619,0.0459761904761904,0.0399089285714285,0.0745452380952381,0.1866065476190476,0.6658261904761905,0.1475630952380952,-0.0390434523809523,1.0,-0.10055714285714282,-0.016241021442965,-0.0061111870258385,0.0600109321357444
2023-02-07,0.0287736113310148,0.0271809340573281,0.009738502059657,12,870569200.0,1.2540040549061626,-0.0206137247575762,0.1037037037037037,0.5777777777777777,0.0259259259259259,0.1148148148148148,0.2777777777777778,0.1259259259259259,0.2037037037037037,0.6888888888888889,0.9518518518518518,0.4037037037037037,0.5481481481481482,0.6605477777777778,0.1739477777777777,0.0346574074074074,0.0550955555555555,0.0757485185185185,0.1837648148148148,0.6214596296296295,0.1947751851851852,0.0110103703703703,1,0.13683908045977,0.290356926799758,0.0647761645493042,0.2014579552329098,0.1401905626134301,0.1635964912280701,0.1127102238354506,0.3681941923774954,0.7355989110707805,0.3881820931639443,0.347416817906836,0.6833416076830007,0.1643842310949787,0.032025466122202,0.0379509446460979,0.082294762552934,0.1587727244404113,0.7151781830006051,0.1260484168179068,-0.0327243076225045,3.0,-0.07616399001814882,0.0318012772021967,0.0130785598320828,-0.0396294619490334
2023-02-08,-0.0235556611623279,-0.0283158740568852,0.0124910059011233,12,723788800.0,1.2244651602926078,0.0287736113310148,0.1921182266009852,0.4088669950738916,0.0886699507389162,0.2068965517241379,0.1280788177339901,0.1773399014778325,0.1280788177339901,0.4532019704433497,0.7487684729064039,0.3201970443349753,0.4285714285714285,0.6362842364532019,0.1775305418719212,0.0501620689655172,0.0466763546798029,0.0893561576354679,0.1274295566502463,0.7455004926108375,0.1270714285714285,-0.0003581280788177,1,0.1037037037037037,0.5777777777777777,0.0259259259259259,0.1148148148148148,0.2777777777777778,0.1259259259259259,0.2037037037037037,0.6888888888888889,0.9518518518518518,0.4037037037037037,0.5481481481481482,0.6605477777777778,0.1739477777777777,0.0346574074074074,0.0550955555555555,0.0757485185185185,0.1837648148148148,0.6214596296296295,0.1947751851851852,0.0110103703703703,1.0,-0.0777611111111111,-0.0215029474124416,-0.0109347675540532,0.0519828146455756
2023-02-09,-0.0020540284856979,-0.0015698451553219,0.011560919626926,12,691887200.0,1.221950073973622,-0.0235556611623279,0.111864406779661,0.2745762711864407,0.0508474576271186,0.2101694915254237,0.1559322033898305,0.1389830508474576,0.0813559322033898,0.4542372881355932,0.8677966101694915,0.3728813559322034,0.4949152542372881,0.6977525423728813,0.166417627118644,0.0342952542372881,0.0325247457627118,0.0690098305084745,0.1342867796610169,0.6979166101694916,0.1677983050847457,0.0335115254237288,1,0.1921182266009852,0.4088669950738916,0.0886699507389162,0.2068965517241379,0.1280788177339901,0.1773399014778325,0.1280788177339901,0.4532019704433497,0.7487684729064039,0.3201970443349753,0.4285714285714285,0.6362842364532019,0.1775305418719212,0.0501620689655172,0.0466763546798029,0.0893561576354679,0.1274295566502463,0.7455004926108375,0.1270714285714285,-0.0003581280788177,1.0,-0.09166009852216758,0.0025519132429216,-0.0086690193259099,0.0550178283178224
2023-02-10,-0.0150487671217517,-0.0121060950896182,0.0120925086114148,12,704628300.0,1.2035612318759856,-0.0020540284856979,0.16,0.275,0.065,0.2,0.1,0.125,0.07,0.33,0.57,0.35,0.22,0.660627,0.1595659999999999,0.037299,0.04935,0.09316,0.16268,0.664002,0.1733125,0.0106325,1,0.111864406779661,0.2745762711864407,0.0508474576271186,0.2101694915254237,0.1559322033898305,0.1389830508474576,0.0813559322033898,0.4542372881355932,0.8677966101694915,0.3728813559322034,0.4949152542372881,0.6977525423728813,0.166417627118644,0.0342952542372881,0.0325247457627118,0.0690098305084745,0.1342867796610169,0.6979166101694916,0.1677983050847457,0.0335115254237288,1.0,-0.09917830508474579,-0.0159093014977962,0.0023334556625047,-0.0086913764260908
2023-02-13,0.0165169104070427,0.016538300914843,0.00679315031264,12,619316100.0,1.2234403449122715,-0.0150487671217517,0.1445963238020067,0.3277794309342866,0.0755858329411483,0.1807550774767625,0.1381367026773397,0.1656758279676093,0.0822357429320524,0.3701315420151485,0.7205764521572989,0.3695940902820425,0.3509823618752563,0.6404171118933707,0.1854860405353975,0.0454474826998929,0.0440377191927249,0.0846134936965493,0.1367429512923814,0.7139082252274497,0.1493525215912791,0.0126095702988977,3,0.16,0.275,0.065,0.2,0.1,0.125,0.07,0.33,0.57,0.35,0.22,0.660627,0.1595659999999999,0.037299,0.04935,0.09316,0.16268,0.664002,0.1733125,0.0106325,1.0,-0.0543549999999999,0.0147055506282427,0.0117391200212269,-0.0092547748515765
2023-02-14,0.0193290847210047,0.0147299995976044,0.0165276539773901,12,836363400.0,1.2470883269901762,0.0165169104070427,0.0763358778625954,0.5267175572519084,0.0687022900763358,0.2099236641221374,0.2480916030534351,0.1412213740458015,0.1908396946564885,0.7862595419847328,0.931297709923664,0.4580152671755725,0.4732824427480916,0.7356725190839695,0.1063026717557251,0.0286408396946564,0.0537198473282442,0.0756675572519084,0.1826175572519084,0.6100648854961832,0.2073209923664122,0.0247034351145038,1,0.1445963238020067,0.3277794309342866,0.0755858329411483,0.1807550774767625,0.1381367026773397,0.1656758279676093,0.0822357429320524,0.3701315420151485,0.7205764521572989,0.3695940902820425,0.3509823618752563,0.6404171118933707,0.1854860405353975,0.0454474826998929,0.0440377191927249,0.0846134936965493,0.1367429512923814,0.7139082252274497,0.1493525215912791,0.0126095702988977,3.0,-0.1022823103460162,0.0181509309382046,-0.0004601251830437,-0.0703048325687372
2023-02-15,-0.0035093072941225,0.0021526862714862,0.0172519698551793,12,570944300.0,1.2427119108278546,0.0193290847210047,0.1128205128205128,0.3692307692307692,0.0358974358974358,0.123076923076923,0.1641025641025641,0.1179487179487179,0.0871794871794871,0.5076923076923077,0.8666666666666667,0.3333333333333333,0.5333333333333333,0.7017697435897436,0.1535584615384615,0.0335707692307692,0.0397358974358974,0.0713579487179487,0.1334148717948718,0.708448717948718,0.1581394871794871,0.0247246153846153,1,0.0763358778625954,0.5267175572519084,0.0687022900763358,0.2099236641221374,0.2480916030534351,0.1412213740458015,0.1908396946564885,0.7862595419847328,0.931297709923664,0.4580152671755725,0.4732824427480916,0.7356725190839695,0.1063026717557251,0.0286408396946564,0.0537198473282442,0.0756675572519084,0.1826175572519084,0.6100648854961832,0.2073209923664122,0.0247034351145038,1.0,-0.005556106870228922,0.0040801451258989,0.0032472003495074,-0.0359598260530309
2023-02-16,-0.0292862724680294,-0.0288500897503602,0.0118816885771576,12,583550100.0,1.2063175112080846,-0.0035093072941225,0.102112676056338,0.3626760563380282,0.0246478873239436,0.176056338028169,0.1654929577464788,0.1443661971830986,0.1338028169014084,0.4295774647887324,0.7464788732394366,0.3274647887323944,0.4190140845070422,0.6728514084507042,0.1557031690140845,0.0325996478873239,0.0430165492957746,0.0958306338028169,0.1399672535211267,0.6731468309859154,0.1868820422535211,0.0469147887323943,1,0.1128205128205128,0.3692307692307692,0.0358974358974358,0.123076923076923,0.1641025641025641,0.1179487179487179,0.0871794871794871,0.5076923076923077,0.8666666666666667,0.3333333333333333,0.5333333333333333,0.7017697435897436,0.1535584615384615,0.0335707692307692,0.0397358974358974,0.0713579487179487,0.1334148717948718,0.708448717948718,0.1581394871794871,0.0247246153846153,1.0,-0.07603538461538462,-0.0245198689091554,-0.0137687174137484,0.1064180242880923
2023-02-17,-0.0153935605450807,-0.0149089995491441,0.0096461201286562,12,622069300.0,1.187747989562712,-0.0292862724680294,0.1582278481012658,0.3037974683544304,0.0696202531645569,0.2658227848101265,0.1392405063291139,0.2025316455696202,0.0949367088607595,0.360759493670886,0.7974683544303798,0.3987341772151899,0.3987341772151899,0.6765803797468354,0.1517284810126582,0.0401278481012658,0.0493721518987341,0.0821898734177215,0.1483341772151898,0.7088993670886076,0.1427645569620253,-0.0055696202531645,1,0.102112676056338,0.3626760563380282,0.0246478873239436,0.176056338028169,0.1654929577464788,0.1443661971830986,0.1338028169014084,0.4295774647887324,0.7464788732394366,0.3274647887323944,0.4190140845070422,0.6728514084507042,0.1557031690140845,0.0325996478873239,0.0430165492957746,0.0958306338028169,0.1399672535211267,0.6731468309859154,0.1868820422535211,0.0469147887323943,1.0,-0.049455633802816895,-0.015573853670655,-0.0024981129068438,-0.0074367683670248
2023-02-21,-0.031946017314438,-0.0327255121439417,0.0092293614278347,12,607138400.0,1.1498041717229526,-0.0153935605450807,0.1875416111435631,0.3917398670959736,0.0893407597905091,0.2273029114100071,0.1949429525926492,0.1917643064174322,0.133739995926754,0.4772168062988426,0.7828708392675684,0.4494206012341069,0.3334502380334614,0.635692995147031,0.1903433613741144,0.036421027427248,0.0424888764975806,0.0950474387619658,0.1820452621863779,0.6748154961734953,0.1431364650423289,-0.038908797144049,4,0.1582278481012658,0.3037974683544304,0.0696202531645569,0.2658227848101265,0.1392405063291139,0.2025316455696202,0.0949367088607595,0.360759493670886,0.7974683544303798,0.3987341772151899,0.3987341772151899,0.6765803797468354,0.1517284810126582,0.0401278481012658,0.0493721518987341,0.0821898734177215,0.1483341772151898,0.7088993670886076,0.1427645569620253,-0.0055696202531645,1.0,-0.06029430379746839,-0.032386278501491,-0.0200610603629635,0.1423576581570211
2023-02-22,-0.0047132452234656,-0.0038448292444618,0.0082850399534115,12,729077800.0,1.1443848627026585,-0.031946017314438,0.1697247706422018,0.3738532110091743,0.0802752293577981,0.1720183486238532,0.1903669724770642,0.1651376146788991,0.1123853211009174,0.4701834862385321,0.7912844036697247,0.4013761467889908,0.3899082568807339,0.7260302752293578,0.1295084862385321,0.0300373853211009,0.042370871559633,0.0720538990825688,0.2321465596330275,0.5565855504587156,0.2112688073394495,-0.0208777522935779,1,0.1875416111435631,0.3917398670959736,0.0893407597905091,0.2273029114100071,0.1949429525926492,0.1917643064174322,0.133739995926754,0.4772168062988426,0.7828708392675684,0.4494206012341069,0.3334502380334614,0.635692995147031,0.1903433613741144,0.036421027427248,0.0424888764975806,0.0950474387619658,0.1820452621863779,0.6748154961734953,0.1431364650423289,-0.038908797144049,4.0,-0.089228073541816,-0.004795420092632,-0.0013780455236812,-0.0253607303201784
2023-02-23,0.035807919332009,0.0253782836609994,0.0353659429251062,12,1341973500.0,1.1853629035510875,-0.0047132452234656,0.1474926253687315,0.5191740412979351,0.0737463126843657,0.2241887905604719,0.2595870206489675,0.2212389380530973,0.1563421828908554,0.7197640117994101,0.9616519174041298,0.5545722713864307,0.4070796460176991,0.714976401179941,0.1234318584070796,0.0333383480825958,0.0476498525073746,0.0806035398230088,0.1959607669616519,0.542976401179941,0.26106401179941,0.0651032448377581,1,0.1697247706422018,0.3738532110091743,0.0802752293577981,0.1720183486238532,0.1903669724770642,0.1651376146788991,0.1123853211009174,0.4701834862385321,0.7912844036697247,0.4013761467889908,0.3899082568807339,0.7260302752293578,0.1295084862385321,0.0300373853211009,0.042370871559633,0.0720538990825688,0.2321465596330275,0.5565855504587156,0.2112688073394495,-0.0208777522935779,1.0,-0.045121100917431184,0.0328823195848488,0.0053192984922503,-0.0515927087772261
2023-02-24,-0.0186415363528632,-0.0171628348688688,0.0070074708395875,12,748926700.0,1.1632659178932043,0.035807919332009,0.2435233160621761,0.3056994818652849,0.0725388601036269,0.2487046632124352,0.160621761658031,0.2072538860103626,0.077720207253886,0.4145077720207253,0.7461139896373057,0.4145077720207253,0.3316062176165803,0.717401554404145,0.1450253886010362,0.0349984455958549,0.0337020725388601,0.0688652849740932,0.1823564766839378,0.6366347150259067,0.1810046632124352,-0.0013518134715025,1,0.1474926253687315,0.5191740412979351,0.0737463126843657,0.2241887905604719,0.2595870206489675,0.2212389380530973,0.1563421828908554,0.7197640117994101,0.9616519174041298,0.5545722713864307,0.4070796460176991,0.714976401179941,0.1234318584070796,0.0333383480825958,0.0476498525073746,0.0806035398230088,0.1959607669616519,0.542976401179941,0.26106401179941,0.0651032448377581,1.0,-0.028516814159291998,-0.0179122654425074,-0.0106824184560613,0.0250709887392444
2023-02-27,0.0038629550989266,0.007697156288436,0.0101715625328605,12,603354800.0,1.1677595619021377,-0.0186415363528632,0.1463026630347918,0.3369947936326569,0.070512441211577,0.1589088052560165,0.1589292090470409,0.1358283769124303,0.1188085546294501,0.338541741055488,0.6704644923026698,0.3566844519711762,0.3137800403314936,0.6533396010718792,0.1995267817100416,0.0395697280174656,0.0386100243825302,0.0689463533324491,0.1674569453144394,0.6907126729646368,0.1418308698816239,-0.0256260754328153,3,0.2435233160621761,0.3056994818652849,0.0725388601036269,0.2487046632124352,0.160621761658031,0.2072538860103626,0.077720207253886,0.4145077720207253,0.7461139896373057,0.4145077720207253,0.3316062176165803,0.717401554404145,0.1450253886010362,0.0349984455958549,0.0337020725388601,0.0688652849740932,0.1823564766839378,0.6366347150259067,0.1810046632124352,-0.0013518134715025,1.0,-0.07745647668393782,0.0052922782238788,0.0034059443281617,-0.0332256257877054
2023-02-28,0.0032418445737203,0.0008281629666619,0.0151158284556412,12,638834400.0,1.1715452569013,0.0038629550989266,0.0857142857142857,0.4057142857142857,0.0971428571428571,0.1771428571428571,0.1428571428571428,0.1428571428571428,0.1428571428571428,0.4742857142857143,0.8571428571428571,0.28,0.5771428571428572,0.7027291428571428,0.1388325714285714,0.0322497142857142,0.0460708571428571,0.0801165714285714,0.1523685714285714,0.7081611428571429,0.139476,-0.0128925714285714,1,0.1463026630347918,0.3369947936326569,0.070512441211577,0.1589088052560165,0.1589292090470409,0.1358283769124303,0.1188085546294501,0.338541741055488,0.6704644923026698,0.3566844519711762,0.3137800403314936,0.6533396010718792,0.1995267817100416,0.0395697280174656,0.0386100243825302,0.0689463533324491,0.1674569453144394,0.6907126729646368,0.1418308698816239,-0.0256260754328153,3.0,-0.1315401320125279,0.0034276592610473,-0.0036959710258026,-0.0119331737897714
2023-03-01,0.0017027281778759,0.0017197011003896,0.0110429198040616,12,615058200.0,1.1735400800218827,0.0032418445737203,0.1774193548387097,0.3911290322580645,0.0846774193548387,0.1935483870967742,0.1733870967741935,0.1854838709677419,0.0725806451612903,0.4677419354838709,0.7983870967741935,0.5040322580645161,0.2943548387096774,0.6639358870967742,0.172266129032258,0.0343233870967742,0.0381858870967741,0.0912931451612903,0.1885959677419355,0.632858064516129,0.1785467741935484,-0.010049193548387,1,0.0857142857142857,0.4057142857142857,0.0971428571428571,0.1771428571428571,0.1428571428571428,0.1428571428571428,0.1428571428571428,0.4742857142857143,0.8571428571428571,0.28,0.5771428571428572,0.7027291428571428,0.1388325714285714,0.0322497142857142,0.0460708571428571,0.0801165714285714,0.1523685714285714,0.7081611428571429,0.139476,-0.0128925714285714,1.0,-0.044894857142857084,0.0002682270636991,-0.0038361309858256,-0.0057971417782864
2023-03-02,0.0109724970400282,0.0093534468290175,0.0144546264549637,12,587514600.0,1.1864167450762773,0.0017027281778759,0.1438848920863309,0.5863309352517986,0.079136690647482,0.2014388489208633,0.2661870503597122,0.1366906474820144,0.1762589928057553,0.7877697841726619,0.9712230215827338,0.4676258992805755,0.5035971223021583,0.6491532374100719,0.1737420863309352,0.0344697841726618,0.0542165467625899,0.0884237410071942,0.2265820143884892,0.5549165467625898,0.2184996402877697,-0.0080823741007194,1,0.1774193548387097,0.3911290322580645,0.0846774193548387,0.1935483870967742,0.1733870967741935,0.1854838709677419,0.0725806451612903,0.4677419354838709,0.7983870967741935,0.5040322580645161,0.2943548387096774,0.6639358870967742,0.172266129032258,0.0343233870967742,0.0381858870967741,0.0912931451612903,0.1885959677419355,0.632858064516129,0.1785467741935484,-0.010049193548387,1.0,-0.07711048387096779,0.0080013332316797,0.0077774525971763,-0.0481049453249893
2023-03-03,0.0088372186618277,0.0080726386992617,0.0234837627964734,12,645603900.0,1.1969013692765702,0.0109724970400282,0.1319444444444444,0.5555555555555556,0.0520833333333333,0.2118055555555555,0.2638888888888889,0.1875,0.1666666666666666,0.7395833333333334,0.9201388888888888,0.4583333333333333,0.4618055555555556,0.7178868055555555,0.1173190972222222,0.0305975694444444,0.0516208333333333,0.0825663194444444,0.1922715277777777,0.5822513888888889,0.2254809027777778,0.033209375,1,0.1438848920863309,0.5863309352517986,0.079136690647482,0.2014388489208633,0.2661870503597122,0.1366906474820144,0.1762589928057553,0.7877697841726619,0.9712230215827338,0.4676258992805755,0.5035971223021583,0.6491532374100719,0.1737420863309352,0.0344697841726618,0.0542165467625899,0.0884237410071942,0.2265820143884892,0.5549165467625898,0.2184996402877697,-0.0080823741007194,1.0,-0.06557158273381292,0.0154155933753261,0.0160379155991248,-0.056151116534035
2023-03-06,-0.0110220715555383,-0.0072514923367584,0.0120041688241751,12,623036000.0,1.183709036739482,0.0088372186618277,0.123548065368522,0.3736379539319795,0.0759040725259054,0.1794184152019622,0.1556764601494034,0.1161507684497987,0.0936787329030056,0.4646944894677143,0.8464671740868175,0.3159917388882043,0.5304754351986132,0.6432067374400875,0.1876478944801997,0.0382761534856435,0.0383449299585363,0.0925246139215109,0.1320316162774654,0.7038941440681447,0.1640716639863339,0.0320400477088684,3,0.1319444444444444,0.5555555555555556,0.0520833333333333,0.2118055555555555,0.2638888888888889,0.1875,0.1666666666666666,0.7395833333333334,0.9201388888888888,0.4583333333333333,0.4618055555555556,0.7178868055555555,0.1173190972222222,0.0305975694444444,0.0516208333333333,0.0825663194444444,0.1922715277777777,0.5822513888888889,0.2254809027777778,0.033209375,1.0,-0.013729513888888892,-0.0116306533850206,0.0006927728184804,0.006490040060511
2023-03-07,-0.0144791778910062,-0.0149877387554913,0.0103464616003913,12,709782100.0,1.1665699030253396,-0.0110220715555383,0.1102362204724409,0.3622047244094488,0.0708661417322834,0.1653543307086614,0.2440944881889764,0.1653543307086614,0.1653543307086614,0.3543307086614173,0.8582677165354331,0.3464566929133858,0.5118110236220472,0.6817960629921259,0.171315748031496,0.0313307086614173,0.0470488188976378,0.068515748031496,0.2203023622047244,0.6393582677165354,0.1403448818897637,-0.0799574803149606,1,0.123548065368522,0.3736379539319795,0.0759040725259054,0.1794184152019622,0.1556764601494034,0.1161507684497987,0.0936787329030056,0.4646944894677143,0.8464671740868175,0.3159917388882043,0.5304754351986132,0.6432067374400875,0.1876478944801997,0.0382761534856435,0.0383449299585363,0.0925246139215109,0.1320316162774654,0.7038941440681447,0.1640716639863339,0.0320400477088684,3.0,-0.095054504085796,-0.0105376384178684,-0.0153289112933596,0.0526598339653581
2023-03-08,0.0264068572707141,0.0231115313978434,0.0114761070424088,12,699874700.0,1.1973753479508404,-0.0144791778910062,0.1136363636363636,0.3712121212121212,0.0606060606060606,0.1818181818181818,0.1818181818181818,0.106060606060606,0.0984848484848484,0.4090909090909091,0.7045454545454546,0.3409090909090909,0.3636363636363636,0.6684568181818182,0.1741659090909091,0.0348992424242424,0.0479234848484848,0.0745454545454545,0.1060325757575757,0.7454333333333333,0.148540909090909,0.0425083333333333,1,0.1102362204724409,0.3622047244094488,0.0708661417322834,0.1653543307086614,0.2440944881889764,0.1653543307086614,0.1653543307086614,0.3543307086614173,0.8582677165354331,0.3464566929133858,0.5118110236220472,0.6817960629921259,0.171315748031496,0.0313307086614173,0.0470488188976378,0.068515748031496,0.2203023622047244,0.6393582677165354,0.1403448818897637,-0.0799574803149606,1.0,-0.08708188976377948,0.0265879444142089,0.0016322650220976,-0.0245022735322908
2023-03-09,-0.0199780506111124,-0.0220721216199782,0.0165749435311474,12,718987400.0,1.17345412264898,0.0264068572707141,0.2797619047619047,0.2916666666666667,0.125,0.2916666666666667,0.1666666666666666,0.2142857142857142,0.1785714285714285,0.4880952380952381,0.8214285714285714,0.6130952380952381,0.2083333333333333,0.64555,0.1675720238095238,0.0393297619047619,0.0494982142857142,0.0980511904761904,0.1490863095238095,0.7235511904761905,0.1273607142857142,-0.0217255952380952,1,0.1136363636363636,0.3712121212121212,0.0606060606060606,0.1818181818181818,0.1818181818181818,0.106060606060606,0.0984848484848484,0.4090909090909091,0.7045454545454546,0.3409090909090909,0.3636363636363636,0.6684568181818182,0.1741659090909091,0.0348992424242424,0.0479234848484848,0.0745454545454545,0.1060325757575757,0.7454333333333333,0.148540909090909,0.0425083333333333,1.0,-0.0865962121212122,-0.0198694377042677,-0.01845002460647,0.1831501773005757
2023-03-10,-0.0168469780909648,-0.0178286438695579,0.0189912649286474,12,711971000.0,1.1536849667539602,-0.0199780506111124,0.1381578947368421,0.2960526315789473,0.0855263157894736,0.2236842105263158,0.1447368421052631,0.2565789473684211,0.1907894736842105,0.4342105263157895,0.631578947368421,0.4144736842105263,0.2171052631578947,0.6433046052631579,0.1955710526315789,0.0355934210526315,0.0321138157894736,0.0934131578947368,0.1541782894736842,0.7064203947368421,0.1394026315789473,-0.0147756578947368,1,0.2797619047619047,0.2916666666666667,0.125,0.2916666666666667,0.1666666666666666,0.2142857142857142,0.1785714285714285,0.4880952380952381,0.8214285714285714,0.6130952380952381,0.2083333333333333,0.64555,0.1675720238095238,0.0393297619047619,0.0494982142857142,0.0980511904761904,0.1490863095238095,0.7235511904761905,0.1273607142857142,-0.0217255952380952,1.0,-0.0593523809523811,-0.0193276650016666,-0.0144293663727519,0.0968597331972798
2023-03-13,-0.0037724953017513,-0.0051994528867961,0.0095694161622615,12,643407700.0,1.1493326956371797,-0.0168469780909648,0.1572651928625245,0.3485875533176927,0.0758374119198861,0.1893260480282917,0.1526208108985549,0.1695397475870489,0.113350198977852,0.3411358378611258,0.6975857217822045,0.4039350448083013,0.2936506769739031,0.6620795185328114,0.1734135903200183,0.0395883923732983,0.0399142121845093,0.0850026190140744,0.1518135857871212,0.7162152352920758,0.1319679931516499,-0.0198455926354713,3,0.1381578947368421,0.2960526315789473,0.0855263157894736,0.2236842105263158,0.1447368421052631,0.2565789473684211,0.1907894736842105,0.4342105263157895,0.631578947368421,0.4144736842105263,0.2171052631578947,0.6433046052631579,0.1955710526315789,0.0355934210526315,0.0321138157894736,0.0934131578947368,0.1541782894736842,0.7064203947368421,0.1394026315789473,-0.0147756578947368,1.0,-0.1056375,0.0002963740641099,-0.0014253574715532,0.0693548900651896
2023-03-14,0.0317945961518621,0.0323923788133764,0.016434693391335,12,689804400.0,1.1858752645390949,-0.0037724953017513,0.1325301204819277,0.3493975903614458,0.0542168674698795,0.1746987951807229,0.1325301204819277,0.144578313253012,0.1024096385542168,0.4337349397590361,0.8975903614457831,0.3012048192771084,0.5963855421686747,0.730043373493976,0.1352204819277108,0.0333927710843373,0.0383240963855421,0.0630168674698795,0.1304463855421686,0.7264397590361446,0.1431114457831325,0.0126650602409638,1,0.1572651928625245,0.3485875533176927,0.0758374119198861,0.1893260480282917,0.1526208108985549,0.1695397475870489,0.113350198977852,0.3411358378611258,0.6975857217822045,0.4039350448083013,0.2936506769739031,0.6620795185328114,0.1734135903200183,0.0395883923732983,0.0399142121845093,0.0850026190140744,0.1518135857871212,0.7162152352920758,0.1319679931516499,-0.0198455926354713,3.0,-0.0880851514947329,0.029233191279443,0.0165302057099976,-0.1052036526157215
2023-03-15,-0.0086867817645695,-0.0120898493821729,0.0168742700946218,12,761083700.0,1.1755738249160426,0.0317945961518621,0.1238938053097345,0.243362831858407,0.0619469026548672,0.1991150442477876,0.1106194690265486,0.1415929203539823,0.1150442477876106,0.3982300884955752,0.5707964601769911,0.3982300884955752,0.1725663716814159,0.7021517699115044,0.1453871681415929,0.0355818584070796,0.0404451327433628,0.0764389380530973,0.1341721238938053,0.7264212389380531,0.139404424778761,0.0052323008849557,1,0.1325301204819277,0.3493975903614458,0.0542168674698795,0.1746987951807229,0.1325301204819277,0.144578313253012,0.1024096385542168,0.4337349397590361,0.8975903614457831,0.3012048192771084,0.5963855421686747,0.730043373493976,0.1352204819277108,0.0333927710843373,0.0383240963855421,0.0630168674698795,0.1304463855421686,0.7264397590361446,0.1431114457831325,0.0126650602409638,1.0,-0.0672722891566265,-0.0116586015613144,-0.0062544101584044,0.101559203282858
2023-03-16,0.0494860380390162,0.048989164406808,0.0169860135824552,12,888905200.0,1.2337483159335096,-0.0086867817645695,0.1693989071038251,0.4043715846994535,0.0765027322404371,0.174863387978142,0.1202185792349726,0.1967213114754098,0.1530054644808743,0.4699453551912568,0.9617486338797814,0.4098360655737705,0.5519125683060109,0.6875639344262295,0.1503846994535519,0.0382994535519125,0.0442180327868852,0.0795267759562841,0.1236087431693989,0.6945956284153005,0.1817934426229508,0.0581846994535519,1,0.1238938053097345,0.243362831858407,0.0619469026548672,0.1991150442477876,0.1106194690265486,0.1415929203539823,0.1150442477876106,0.3982300884955752,0.5707964601769911,0.3982300884955752,0.1725663716814159,0.7021517699115044,0.1453871681415929,0.0355818584070796,0.0404451327433628,0.0764389380530973,0.1341721238938053,0.7264212389380531,0.139404424778761,0.0052323008849557,1.0,-0.06408495575221239,0.0390533845898912,0.0175451738137524,-0.1205049614414944
2023-03-17,-0.0017442426090884,-0.0001407272550186,0.0082192958427531,12,1204920600.0,1.2315963595519672,0.0494860380390162,0.1578947368421052,0.3742690058479532,0.0818713450292397,0.1871345029239766,0.1403508771929824,0.2222222222222222,0.0760233918128654,0.4152046783625731,0.8538011695906432,0.4912280701754385,0.3625730994152046,0.7080812865497076,0.1552081871345029,0.0364473684210526,0.0387964912280701,0.0614748538011695,0.183491812865497,0.664838596491228,0.1516713450292397,-0.0318204678362573,1,0.1693989071038251,0.4043715846994535,0.0765027322404371,0.174863387978142,0.1202185792349726,0.1967213114754098,0.1530054644808743,0.4699453551912568,0.9617486338797814,0.4098360655737705,0.5519125683060109,0.6875639344262295,0.1503846994535519,0.0382994535519125,0.0442180327868852,0.0795267759562841,0.1236087431693989,0.6945956284153005,0.1817934426229508,0.0581846994535519,1.0,-0.0649393442622951,-0.0061902276189843,-0.0116925329165415,0.1096128961658144
2023-03-20,0.0069918886343567,0.0092677712312807,0.0121618410690365,12,637481300.0,1.2402075441404337,-0.0017442426090884,0.1392587026833144,0.3030076745638609,0.0496295677878579,0.1726968578195827,0.1216062781766572,0.1582803040141493,0.0955214188976085,0.3938937434679628,0.7319480776485285,0.3246423999554739,0.4073056776930545,0.6643741191258047,0.1736465459824492,0.0380141717222314,0.0418505053709578,0.0821163362151598,0.1308849292839341,0.748440895839904,0.1206723291775662,-0.0102126001063678,3,0.1578947368421052,0.3742690058479532,0.0818713450292397,0.1871345029239766,0.1403508771929824,0.2222222222222222,0.0760233918128654,0.4152046783625731,0.8538011695906432,0.4912280701754385,0.3625730994152046,0.7080812865497076,0.1552081871345029,0.0364473684210526,0.0387964912280701,0.0614748538011695,0.183491812865497,0.664838596491228,0.1516713450292397,-0.0318204678362573,1.0,-0.09138421052631591,0.0105775024701362,0.0096155363035752,-0.0533124499470525
2023-03-21,-0.0004227963133114,-0.0050954085777466,0.0182817146103375,12,777945500.0,1.23968318896303,0.0069918886343567,0.1454545454545454,0.5318181818181819,0.0545454545454545,0.2136363636363636,0.1863636363636363,0.1227272727272727,0.0909090909090909,0.4863636363636364,1.231818181818182,0.3181818181818182,0.9136363636363636,0.6830313636363636,0.1409927272727272,0.035295,0.0660986363636363,0.0745845454545454,0.1250072727272727,0.7130381818181819,0.1619504545454545,0.0369431818181818,1,0.1392587026833144,0.3030076745638609,0.0496295677878579,0.1726968578195827,0.1216062781766572,0.1582803040141493,0.0955214188976085,0.3938937434679628,0.7319480776485285,0.3246423999554739,0.4073056776930545,0.6643741191258047,0.1736465459824492,0.0380141717222314,0.0418505053709578,0.0821163362151598,0.1308849292839341,0.748440895839904,0.1206723291775662,-0.0102126001063678,3.0,-0.08769387611856298,0.0019767866525377,0.0131303479993662,-0.1146998137274608
2023-03-22,-0.0053441284030895,-0.0080782293230482,0.0111163886143676,12,1040385200.0,1.23305816282206,-0.0004227963133114,0.1442307692307692,0.3894230769230769,0.1057692307692307,0.1875,0.1923076923076923,0.2163461538461538,0.110576923076923,0.4134615384615384,0.7403846153846154,0.4134615384615384,0.3269230769230769,0.7241466346153846,0.1371971153846153,0.0301480769230769,0.040933173076923,0.0675721153846153,0.1512341346153846,0.7168870192307693,0.1318841346153846,-0.0193499999999999,1,0.1454545454545454,0.5318181818181819,0.0545454545454545,0.2136363636363636,0.1863636363636363,0.1227272727272727,0.0909090909090909,0.4863636363636364,1.231818181818182,0.3181818181818182,0.9136363636363636,0.6830313636363636,0.1409927272727272,0.035295,0.0660986363636363,0.0745845454545454,0.1250072727272727,0.7130381818181819,0.1619504545454545,0.0369431818181818,1.0,-0.03560454545454547,-0.0099352432416557,-0.0170464284090233,0.0411600141561314
2023-03-23,0.0307549060377157,0.0298319944496541,0.0129757689619643,12,799649000.0,1.2709807507586908,-0.0053441284030895,0.1831683168316831,0.3613861386138614,0.1089108910891089,0.3267326732673267,0.1534653465346534,0.2673267326732673,0.1138613861386138,0.5148514851485149,0.8960396039603961,0.4851485148514851,0.4108910891089108,0.680910891089109,0.1569316831683168,0.0425975247524752,0.0387138613861386,0.0808455445544554,0.1420430693069307,0.7086633663366337,0.1492925742574257,0.007249504950495,1,0.1442307692307692,0.3894230769230769,0.1057692307692307,0.1875,0.1923076923076923,0.2163461538461538,0.110576923076923,0.4134615384615384,0.7403846153846154,0.4134615384615384,0.3269230769230769,0.7241466346153846,0.1371971153846153,0.0301480769230769,0.040933173076923,0.0675721153846153,0.1512341346153846,0.7168870192307693,0.1318841346153846,-0.0193499999999999,1.0,-0.058839903846153896,0.027247307107417,0.0027035003321245,0.0157232874155863
2023-03-24,-0.017120282011471,-0.021132184170049,0.0161963017930632,12,659297900.0,1.2492212018745508,0.0307549060377157,0.1598746081504702,0.463949843260188,0.0846394984326018,0.329153605015674,0.2664576802507837,0.2351097178683385,0.2163009404388714,0.8714733542319749,1.141065830721003,0.6394984326018809,0.5015673981191222,0.6367131661442006,0.1857579937304075,0.0300768025078369,0.0457705329153605,0.1016786833855799,0.2311379310344827,0.5328012539184952,0.2360614420062696,0.0049235109717868,1,0.1831683168316831,0.3613861386138614,0.1089108910891089,0.3267326732673267,0.1534653465346534,0.2673267326732673,0.1138613861386138,0.5148514851485149,0.8960396039603961,0.4851485148514851,0.4108910891089108,0.680910891089109,0.1569316831683168,0.0425975247524752,0.0387138613861386,0.0808455445544554,0.1420430693069307,0.7086633663366337,0.1492925742574257,0.007249504950495,1.0,-0.07996980198019799,-0.0173445641945232,0.0065620682690625,-0.0384785853935397
2023-03-27,-0.0101005096679451,-0.0092792725740128,0.0077005962742951,12,524052700.0,1.2366034310476148,-0.017120282011471,0.1531558717847394,0.4202276145577743,0.0545606002125892,0.1990130601529784,0.2092475593580659,0.1399947465316387,0.1183629779048003,0.511063605257757,0.9997835816094912,0.3684473703557349,0.6313362112537563,0.6613213704047468,0.1669798471478108,0.0407125479436423,0.0417465296323184,0.089242422147581,0.1216788273163506,0.7026676369883994,0.1756475758804536,0.0539687485641029,3,0.1598746081504702,0.463949843260188,0.0846394984326018,0.329153605015674,0.2664576802507837,0.2351097178683385,0.2163009404388714,0.8714733542319749,1.141065830721003,0.6394984326018809,0.5015673981191222,0.6367131661442006,0.1857579937304075,0.0300768025078369,0.0457705329153605,0.1016786833855799,0.2311379310344827,0.5328012539184952,0.2360614420062696,0.0049235109717868,1.0,-0.06838557993730401,-0.0117357938993026,0.0018698429368795,-0.0524378749609252
2023-03-28,-0.010512874475778,-0.0082887710737536,0.0091825003018067,12,530102300.0,1.223603174400695,-0.0101005096679451,0.165680473372781,0.3431952662721893,0.0710059171597633,0.2248520710059171,0.2071005917159763,0.1893491124260355,0.136094674556213,0.4319526627218935,0.8284023668639053,0.4319526627218935,0.3964497041420118,0.686431952662722,0.1686461538461538,0.036896449704142,0.0328213017751479,0.0752005917159763,0.1511816568047337,0.7143757396449705,0.1344437869822485,-0.0167378698224852,1,0.1531558717847394,0.4202276145577743,0.0545606002125892,0.1990130601529784,0.2092475593580659,0.1399947465316387,0.1183629779048003,0.511063605257757,0.9997835816094912,0.3684473703557349,0.6313362112537563,0.6613213704047468,0.1669798471478108,0.0407125479436423,0.0417465296323184,0.089242422147581,0.1216788273163506,0.7026676369883994,0.1756475758804536,0.0539687485641029,3.0,-0.07670344331155368,-0.0074925938570311,-0.0022446787859378,-0.0305825755557722
2023-03-29,0.0380429298646569,0.0306234744823965,0.0235274267322059,12,671361700.0,1.2701526241465924,-0.010512874475778,0.0794701986754966,0.3178807947019867,0.0529801324503311,0.2450331125827814,0.1324503311258278,0.1589403973509933,0.0794701986754966,0.4966887417218543,0.7549668874172185,0.3642384105960264,0.390728476821192,0.6781543046357617,0.1650649006622516,0.0348986754966887,0.0381986754966887,0.083692715231788,0.1406854304635761,0.7053927152317881,0.1539258278145695,0.0132403973509933,1,0.165680473372781,0.3431952662721893,0.0710059171597633,0.2248520710059171,0.2071005917159763,0.1893491124260355,0.136094674556213,0.4319526627218935,0.8284023668639053,0.4319526627218935,0.3964497041420118,0.686431952662722,0.1686461538461538,0.036896449704142,0.0328213017751479,0.0752005917159763,0.1511816568047337,0.7143757396449705,0.1344437869822485,-0.0167378698224852,1.0,-0.0975207100591716,0.0321438617262141,0.0145348154415207,-0.0425637708236011
2023-03-30,0.0158200602703727,0.0182751974443794,0.0113202489005179,12,595712600.0,1.2902465152131637,0.0380429298646569,0.205607476635514,0.2990654205607476,0.0747663551401869,0.2289719626168224,0.1074766355140186,0.1822429906542056,0.0887850467289719,0.2990654205607476,0.6121495327102804,0.4953271028037383,0.116822429906542,0.6876317757009346,0.1700948598130841,0.0393705607476635,0.0418130841121495,0.0610831775700934,0.1569565420560748,0.6958060747663551,0.1472401869158878,-0.0097163551401869,1,0.0794701986754966,0.3178807947019867,0.0529801324503311,0.2450331125827814,0.1324503311258278,0.1589403973509933,0.0794701986754966,0.4966887417218543,0.7549668874172185,0.3642384105960264,0.390728476821192,0.6781543046357617,0.1650649006622516,0.0348986754966887,0.0381986754966887,0.083692715231788,0.1406854304635761,0.7053927152317881,0.1539258278145695,0.0132403973509933,1.0,-0.0780721854304636,0.0164682603246586,0.0058553825444427,-0.0052301452447914
2023-03-31,0.0023715026730326,0.005922120391736,0.0156561966257661,12,649101400.0,1.2933063382728625,0.0158200602703727,0.1773255813953488,0.4825581395348837,0.0784883720930232,0.3023255813953488,0.2906976744186046,0.2238372093023256,0.1831395348837209,0.7965116279069767,1.055232558139535,0.6773255813953488,0.377906976744186,0.6447061046511627,0.1504142441860465,0.0364895348837209,0.0670340116279069,0.1013691860465116,0.1812610465116279,0.5588627906976744,0.2598718023255814,0.0786107558139534,1,0.205607476635514,0.2990654205607476,0.0747663551401869,0.2289719626168224,0.1074766355140186,0.1822429906542056,0.0887850467289719,0.2990654205607476,0.6121495327102804,0.4953271028037383,0.116822429906542,0.6876317757009346,0.1700948598130841,0.0393705607476635,0.0418130841121495,0.0610831775700934,0.1569565420560748,0.6958060747663551,0.1472401869158878,-0.0097163551401869,1.0,-0.1065691588785047,0.0062001190674998,0.0140944758798442,-0.0168243789233769
2023-04-03,-0.0081692230934423,-0.0070120384538007,0.0117073766040227,12,585937900.0,1.2827410302673483,0.0023715026730326,0.1793979727538341,0.4324296126553941,0.09465604276752,0.2637756857924232,0.2497508548358238,0.182013111810118,0.145702121994502,0.6213888113875509,1.0699794593915808,0.5206166148076495,0.5493628445839311,0.6763384610736352,0.1651295757616099,0.0360546905855465,0.0374247329508464,0.0850492139003881,0.1226923443155482,0.7092785904402849,0.1680245122018578,0.0453321678863095,3,0.1773255813953488,0.4825581395348837,0.0784883720930232,0.3023255813953488,0.2906976744186046,0.2238372093023256,0.1831395348837209,0.7965116279069767,1.055232558139535,0.6773255813953488,0.377906976744186,0.6447061046511627,0.1504142441860465,0.0364895348837209,0.0670340116279069,0.1013691860465116,0.1812610465116279,0.5588627906976744,0.2598718023255814,0.0786107558139534,1.0,-0.01850058139534888,-0.0086355936514717,0.0038105293654231,-0.0080214716448667
2023-04-04,-0.017246808935785,-0.0166872286870064,0.0132502558171126,12,545076000.0,1.2606178408042357,-0.0081692230934423,0.2064516129032258,0.3806451612903225,0.0516129032258064,0.2064516129032258,0.2,0.1548387096774193,0.1161290322580645,0.5290322580645161,1.1225806451612903,0.432258064516129,0.6903225806451613,0.66878,0.1679070967741935,0.0381922580645161,0.0348496774193548,0.0902703225806451,0.1719987096774193,0.6303335483870968,0.1976651612903225,0.0256664516129032,1,0.1793979727538341,0.4324296126553941,0.09465604276752,0.2637756857924232,0.2497508548358238,0.182013111810118,0.145702121994502,0.6213888113875509,1.0699794593915808,0.5206166148076495,0.5493628445839311,0.6763384610736352,0.1651295757616099,0.0360546905855465,0.0374247329508464,0.0850492139003881,0.1226923443155482,0.7092785904402849,0.1680245122018578,0.0453321678863095,3.0,-0.07871031949592189,-0.0186466632886632,-0.0055481296679588,0.0242588022343639
2023-04-05,-0.0150324047495923,-0.0146736772991348,0.0116977464515774,12,695481900.0,1.2416677231867093,-0.017246808935785,0.1176470588235294,0.4215686274509804,0.0392156862745098,0.1617647058823529,0.2107843137254902,0.1225490196078431,0.1372549019607843,0.446078431372549,0.7450980392156863,0.3284313725490196,0.4166666666666667,0.5519352941176471,0.2252098039215686,0.0332156862745098,0.0518838235294117,0.1377593137254902,0.1210161764705882,0.7066225490196079,0.1723647058823529,0.0513485294117647,1,0.2064516129032258,0.3806451612903225,0.0516129032258064,0.2064516129032258,0.2,0.1548387096774193,0.1161290322580645,0.5290322580645161,1.1225806451612903,0.432258064516129,0.6903225806451613,0.66878,0.1679070967741935,0.0381922580645161,0.0348496774193548,0.0902703225806451,0.1719987096774193,0.6303335483870968,0.1976651612903225,0.0256664516129032,1.0,-0.08097935483870969,-0.0173363790832908,-0.002618161015622,0.0042105223003185
2023-04-06,-0.0041388342310379,-0.0007907391923374,0.0142751847055303,12,546864800.0,1.2365286663104091,-0.0150324047495923,0.2190201729106628,0.4293948126801152,0.063400576368876,0.3631123919308357,0.3170028818443804,0.1988472622478386,0.1671469740634005,0.7521613832853026,1.1412103746397697,0.6311239193083573,0.5100864553314121,0.548564265129683,0.2525619596541786,0.0503899135446685,0.0613498559077809,0.0871400576368876,0.2647792507204611,0.5453023054755043,0.1899227665706052,-0.0748564841498559,1,0.1176470588235294,0.4215686274509804,0.0392156862745098,0.1617647058823529,0.2107843137254902,0.1225490196078431,0.1372549019607843,0.446078431372549,0.7450980392156863,0.3284313725490196,0.4166666666666667,0.5519352941176471,0.2252098039215686,0.0332156862745098,0.0518838235294117,0.1377593137254902,0.1210161764705882,0.7066225490196079,0.1723647058823529,0.0513485294117647,1.0,-0.06878235294117652,-0.0051519040979286,0.0039008660145072,-0.0356394291349504
2023-04-10,0.0191790532959653,0.0189791862318956,0.0239201395800282,12,582386300.0,1.2602441155035653,-0.0041388342310379,0.1605778964831002,0.4267545926619349,0.1210086845373269,0.2751062175203322,0.1814777652127296,0.1818520366134894,0.1584027359431177,0.5264376907331636,0.8979783664639253,0.4845053035427854,0.4134730629211398,0.6438689174898019,0.1918429889687303,0.0476599794780784,0.0394401404737293,0.0771856950984829,0.1795810575990334,0.7013368245909661,0.1190792506681231,-0.0605018069309102,4,0.2190201729106628,0.4293948126801152,0.063400576368876,0.3631123919308357,0.3170028818443804,0.1988472622478386,0.1671469740634005,0.7521613832853026,1.1412103746397697,0.6311239193083573,0.5100864553314121,0.548564265129683,0.2525619596541786,0.0503899135446685,0.0613498559077809,0.0871400576368876,0.2647792507204611,0.5453023054755043,0.1899227665706052,-0.0748564841498559,1.0,-0.15446195965417858,0.0176629732041615,0.001026279004666,0.0309782449261675
2023-04-11,-0.005460959177396,-0.0055103054820089,0.0065470338651551,12,470592200.0,1.2533619738352466,0.0191790532959653,0.0962566844919786,0.2994652406417112,0.0641711229946524,0.2245989304812834,0.0962566844919786,0.1283422459893048,0.0374331550802139,0.4171122994652406,0.962566844919786,0.4438502673796791,0.5187165775401069,0.6832080213903743,0.1705973262032085,0.0425967914438502,0.030155614973262,0.0734438502673796,0.1523732620320855,0.6801352941176471,0.1674903743315508,0.0151171122994652,1,0.1605778964831002,0.4267545926619349,0.1210086845373269,0.2751062175203322,0.1814777652127296,0.1818520366134894,0.1584027359431177,0.5264376907331636,0.8979783664639253,0.4845053035427854,0.4134730629211398,0.6438689174898019,0.1918429889687303,0.0476599794780784,0.0394401404737293,0.0771856950984829,0.1795810575990334,0.7013368245909661,0.1190792506681231,-0.0605018069309102,4.0,-0.1228771328745965,-0.0052507308126784,0.0002686555747271,0.0068529822256617
2023-04-12,-0.0191687726405584,-0.0205657898907953,0.0075368341872342,12,609853700.0,1.229336563122477,-0.005460959177396,0.185378590078329,0.5169712793733682,0.1122715404699739,0.237597911227154,0.2637075718015665,0.1592689295039164,0.1436031331592689,0.660574412532637,0.9843342036553524,0.3864229765013054,0.597911227154047,0.632401044386423,0.1852872062663185,0.0359258485639686,0.0430216710182767,0.1033710182767624,0.1493342036553525,0.6405514360313316,0.2101135770234987,0.0607793733681462,1,0.0962566844919786,0.2994652406417112,0.0641711229946524,0.2245989304812834,0.0962566844919786,0.1283422459893048,0.0374331550802139,0.4171122994652406,0.962566844919786,0.4438502673796791,0.5187165775401069,0.6832080213903743,0.1705973262032085,0.0425967914438502,0.030155614973262,0.0734438502673796,0.1523732620320855,0.6801352941176471,0.1674903743315508,0.0151171122994652,1.0,-0.10959465240641711,-0.0182890802642651,-0.0040759662269123,-0.0005235721823093
2023-04-13,0.0077362849847202,0.0052929440452702,0.0078473377446691,12,506887800.0,1.238847061116929,-0.0191687726405584,0.130281690140845,0.4154929577464789,0.0845070422535211,0.1971830985915492,0.176056338028169,0.1161971830985915,0.1197183098591549,0.4154929577464789,0.7746478873239436,0.4084507042253521,0.3661971830985915,0.6778954225352113,0.1567415492957746,0.0362679577464788,0.0476021126760563,0.081487676056338,0.135819014084507,0.7351461267605633,0.1290316901408451,-0.0067873239436619,1,0.185378590078329,0.5169712793733682,0.1122715404699739,0.237597911227154,0.2637075718015665,0.1592689295039164,0.1436031331592689,0.660574412532637,0.9843342036553524,0.3864229765013054,0.597911227154047,0.632401044386423,0.1852872062663185,0.0359258485639686,0.0430216710182767,0.1033710182767624,0.1493342036553525,0.6405514360313316,0.2101135770234987,0.0607793733681462,1.0,-0.07482036553524801,0.0082323161668464,0.0132825304096315,-0.0675746938300819
2023-04-14,-0.0016067222598366,-0.0030839411210379,0.0058910065170063,12,528024300.0,1.2368565779672993,0.0077362849847202,0.1291208791208791,0.4203296703296703,0.0851648351648351,0.2197802197802197,0.217032967032967,0.1648351648351648,0.1648351648351648,0.6043956043956044,1.098901098901099,0.5082417582417582,0.5906593406593407,0.6038590659340659,0.2155840659340659,0.0333027472527472,0.0448631868131868,0.1023920329670329,0.1580365384615384,0.7066967032967033,0.1352703296703296,-0.0227662087912087,1,0.130281690140845,0.4154929577464789,0.0845070422535211,0.1971830985915492,0.176056338028169,0.1161971830985915,0.1197183098591549,0.4154929577464789,0.7746478873239436,0.4084507042253521,0.3661971830985915,0.6778954225352113,0.1567415492957746,0.0362679577464788,0.0476021126760563,0.081487676056338,0.135819014084507,0.7351461267605633,0.1290316901408451,-0.0067873239436619,1.0,-0.06391971830985911,-0.0015575100751191,-0.0024425746451762,-0.0410112119958089
2023-04-17,-0.0050253954072143,-0.0039641609184484,0.0155252093925578,12,467047400.0,1.2306408846009995,-0.0016067222598366,0.1745216260512239,0.4319710261013836,0.0728208165723675,0.1931605936411908,0.2220520255617663,0.1919389730582124,0.1701854859276652,0.5250084949556924,0.9337839246939948,0.3984752521558739,0.5353086725381209,0.6433422114364883,0.1793247026421675,0.0398408977020871,0.0395415249567879,0.097952351026182,0.1245469156973093,0.7270334458112413,0.1484195739278023,0.0238726582304929,3,0.1291208791208791,0.4203296703296703,0.0851648351648351,0.2197802197802197,0.217032967032967,0.1648351648351648,0.1648351648351648,0.6043956043956044,1.098901098901099,0.5082417582417582,0.5906593406593407,0.6038590659340659,0.2155840659340659,0.0333027472527472,0.0448631868131868,0.1023920329670329,0.1580365384615384,0.7066967032967033,0.1352703296703296,-0.0227662087912087,1.0,-0.10163159340659339,0.0,0.003588103246831,-0.0070298145301754
2023-04-18,0.0045360359912734,0.0003516429129497,0.015740904871008,12,751829300.0,1.236223115945882,-0.0050253954072143,0.1378205128205128,0.4423076923076923,0.0576923076923076,0.1891025641025641,0.1987179487179487,0.173076923076923,0.1217948717948717,0.5160256410256411,0.9198717948717948,0.4102564102564102,0.5096153846153846,0.6612820512820513,0.1732150641025641,0.0409253205128205,0.0466983974358974,0.0778772435897435,0.1342147435897435,0.6766878205128205,0.1890980769230769,0.0548833333333333,1,0.1745216260512239,0.4319710261013836,0.0728208165723675,0.1931605936411908,0.2220520255617663,0.1919389730582124,0.1701854859276652,0.5250084949556924,0.9337839246939948,0.3984752521558739,0.5353086725381209,0.6433422114364883,0.1793247026421675,0.0398408977020871,0.0395415249567879,0.097952351026182,0.1245469156973093,0.7270334458112413,0.1484195739278023,0.0238726582304929,3.0,-0.0816717243612847,0.0043249910823501,0.0006523553014268,-0.0070796952113285
2023-04-19,-0.0116101717119751,-0.0095528680904999,0.0138421238005949,12,506652700.0,1.2218703532954376,0.0045360359912734,0.1841155234657039,0.335740072202166,0.0577617328519855,0.1660649819494584,0.1444043321299639,0.1732851985559566,0.1263537906137184,0.4223826714801444,0.8158844765342961,0.3321299638989169,0.483754512635379,0.6177140794223827,0.1989115523465704,0.0460176895306859,0.050182310469314,0.0871783393501805,0.1549425992779783,0.7182635379061372,0.1267960288808664,-0.0281465703971119,1,0.1378205128205128,0.4423076923076923,0.0576923076923076,0.1891025641025641,0.1987179487179487,0.173076923076923,0.1217948717948717,0.5160256410256411,0.9198717948717948,0.4102564102564102,0.5096153846153846,0.6612820512820513,0.1732150641025641,0.0409253205128205,0.0466983974358974,0.0778772435897435,0.1342147435897435,0.6766878205128205,0.1890980769230769,0.0548833333333333,1.0,-0.0895647435897437,-0.0109428401975312,-0.0001689735214587,-0.0219846013613006
2023-04-20,0.0104519367163474,0.0076227310697845,0.0305608763809692,12,626387000.0,1.2346412649036624,-0.0116101717119751,0.1526717557251908,0.3129770992366412,0.0839694656488549,0.1450381679389313,0.1603053435114503,0.1564885496183206,0.0877862595419847,0.4503816793893129,0.7099236641221374,0.3854961832061068,0.3244274809160305,0.6002877862595419,0.2519011450381679,0.0416618320610687,0.0337687022900763,0.072380534351145,0.2276354961832061,0.5887263358778626,0.1836385496183206,-0.0439969465648855,1,0.1841155234657039,0.335740072202166,0.0577617328519855,0.1660649819494584,0.1444043321299639,0.1732851985559566,0.1263537906137184,0.4223826714801444,0.8158844765342961,0.3321299638989169,0.483754512635379,0.6177140794223827,0.1989115523465704,0.0460176895306859,0.050182310469314,0.0871783393501805,0.1549425992779783,0.7182635379061372,0.1267960288808664,-0.0281465703971119,1.0,-0.1075685920577618,-0.0009279423412394,-0.0054569982366964,0.0431349350736636
2023-04-21,-0.0115750867319245,-0.0090423141705851,0.0124019279577879,12,492201100.0,1.2203501851795897,0.0104519367163474,0.0946502057613168,0.3374485596707819,0.0823045267489712,0.1687242798353909,0.1522633744855967,0.1646090534979424,0.1481481481481481,0.5061728395061729,0.8806584362139918,0.4320987654320987,0.448559670781893,0.662040329218107,0.190895061728395,0.0350333333333333,0.0354082304526748,0.0766296296296296,0.1522679012345679,0.6929024691358026,0.1548300411522633,0.0025621399176954,1,0.1526717557251908,0.3129770992366412,0.0839694656488549,0.1450381679389313,0.1603053435114503,0.1564885496183206,0.0877862595419847,0.4503816793893129,0.7099236641221374,0.3854961832061068,0.3244274809160305,0.6002877862595419,0.2519011450381679,0.0416618320610687,0.0337687022900763,0.072380534351145,0.2276354961832061,0.5887263358778626,0.1836385496183206,-0.0439969465648855,1.0,-0.1874137404580153,-0.0073352602533017,0.0007767320400735,-0.0232964249710482
2023-04-24,-0.0075530680398735,-0.006048114829054,0.0088414486532765,12,480634100.0,1.2111327971984558,-0.0115750867319245,0.1895717048708569,0.3582304307615245,0.1077612924381119,0.1899585436297222,0.1723125898921406,0.1783360319923359,0.142413795227965,0.4436555304319644,0.8797898263440559,0.4285327324012862,0.4512570939427696,0.6338953328308615,0.1899234756107042,0.0444029327494567,0.0454832656228591,0.0862953446034496,0.1659375650242839,0.6993941633663227,0.1346696858377563,-0.0312678791865276,3,0.0946502057613168,0.3374485596707819,0.0823045267489712,0.1687242798353909,0.1522633744855967,0.1646090534979424,0.1481481481481481,0.5061728395061729,0.8806584362139918,0.4320987654320987,0.448559670781893,0.662040329218107,0.190895061728395,0.0350333333333333,0.0354082304526748,0.0766296296296296,0.1522679012345679,0.6929024691358026,0.1548300411522633,0.0025621399176954,1.0,-0.11389053497942389,-0.0044865843726245,0.0010432505841742,0.0071555711752655
2023-04-25,-0.0311531261417859,-0.0283105749084218,0.0083324778009806,12,563920800.0,1.1734022243928783,-0.0075530680398735,0.1458333333333333,0.4409722222222222,0.1145833333333333,0.1805555555555555,0.2291666666666666,0.1458333333333333,0.1180555555555555,0.7152777777777778,1.0659722222222223,0.4027777777777778,0.6631944444444444,0.7028680555555555,0.1373798611111111,0.0387583333333333,0.0486618055555555,0.0723364583333333,0.1795197916666666,0.6248885416666667,0.195596875,0.0160770833333333,1,0.1895717048708569,0.3582304307615245,0.1077612924381119,0.1899585436297222,0.1723125898921406,0.1783360319923359,0.142413795227965,0.4436555304319644,0.8797898263440559,0.4285327324012862,0.4512570939427696,0.6338953328308615,0.1899234756107042,0.0444029327494567,0.0454832656228591,0.0862953446034496,0.1659375650242839,0.6993941633663227,0.1346696858377563,-0.0312678791865276,3.0,-0.10254779813385217,-0.0335948992119231,-0.0158738539661693,0.1107164539259537
2023-04-26,0.0106733196481652,0.0032391055559761,0.0182664110606967,12,587373300.0,1.1859263214096916,-0.0311531261417859,0.173780487804878,0.4085365853658536,0.1036585365853658,0.2195121951219512,0.2042682926829268,0.198170731707317,0.1280487804878048,0.5060975609756098,0.9115853658536586,0.4603658536585366,0.4512195121951219,0.632309756097561,0.1811884146341463,0.0338009146341463,0.0471579268292682,0.1055417682926829,0.1676548780487805,0.6347185975609756,0.197620731707317,0.0299658536585365,1,0.1458333333333333,0.4409722222222222,0.1145833333333333,0.1805555555555555,0.2291666666666666,0.1458333333333333,0.1180555555555555,0.7152777777777778,1.0659722222222223,0.4027777777777778,0.6631944444444444,0.7028680555555555,0.1373798611111111,0.0387583333333333,0.0486618055555555,0.0723364583333333,0.1795197916666666,0.6248885416666667,0.195596875,0.0160770833333333,1.0,-0.05513993055555562,0.0053364775937643,-0.0042357371481364,0.0042643882052246
2023-04-27,0.0223341444065876,0.0158538877000653,0.0210417598269698,12,587679300.0,1.2124129711276288,0.0106733196481652,0.175595238095238,0.5386904761904762,0.0892857142857142,0.2321428571428571,0.2797619047619047,0.2202380952380952,0.1577380952380952,0.7708333333333334,1.1071428571428572,0.5267857142857143,0.5803571428571429,0.683522619047619,0.15850625,0.04175,0.0470511904761904,0.0691717261904762,0.1947559523809524,0.60730625,0.1979375,0.0031815476190476,1,0.173780487804878,0.4085365853658536,0.1036585365853658,0.2195121951219512,0.2042682926829268,0.198170731707317,0.1280487804878048,0.5060975609756098,0.9115853658536586,0.4603658536585366,0.4512195121951219,0.632309756097561,0.1811884146341463,0.0338009146341463,0.0471579268292682,0.1055417682926829,0.1676548780487805,0.6347185975609756,0.197620731707317,0.0299658536585365,1.0,-0.06228963414634153,0.0042168170434027,0.0199082130692185,-0.0960721577114084
2023-04-28,0.0190205655455343,0.0161456861890457,0.0115897882904113,12,505666800.0,1.235473751513218,0.0223341444065876,0.1404494382022472,0.4578651685393258,0.0337078651685393,0.1713483146067415,0.2022471910112359,0.1910112359550561,0.146067415730337,0.6432584269662921,0.848314606741573,0.5168539325842697,0.3314606741573033,0.638939606741573,0.1746247191011236,0.0400949438202247,0.0532620786516854,0.0930752808988764,0.2188483146067415,0.5963441011235955,0.1848081460674157,-0.0340401685393258,1,0.175595238095238,0.5386904761904762,0.0892857142857142,0.2321428571428571,0.2797619047619047,0.2202380952380952,0.1577380952380952,0.7708333333333334,1.1071428571428572,0.5267857142857143,0.5803571428571429,0.683522619047619,0.15850625,0.04175,0.0470511904761904,0.0691717261904762,0.1947559523809524,0.60730625,0.1979375,0.0031815476190476,1.0,-0.0840333333333334,0.0180320095705215,0.0085351493668441,-0.0733999356003863
2023-05-01,0.0002561380817275,-0.0005924535862152,0.0189819562038947,12,732629200.0,1.235790203389955,0.0190205655455343,0.1899162600424872,0.3771866801319816,0.0651927678575644,0.2076066886726073,0.1663141803394257,0.1760239137518239,0.1265409049420268,0.4249777545710224,0.7656340335162214,0.4011355119349509,0.3644985215812705,0.6369241952686554,0.1996210126375623,0.040478265996639,0.0403785485928543,0.0825980438864029,0.1734712523619956,0.690552881988927,0.1359758506051633,-0.0374954017568322,3,0.1404494382022472,0.4578651685393258,0.0337078651685393,0.1713483146067415,0.2022471910112359,0.1910112359550561,0.146067415730337,0.6432584269662921,0.848314606741573,0.5168539325842697,0.3314606741573033,0.638939606741573,0.1746247191011236,0.0400949438202247,0.0532620786516854,0.0930752808988764,0.2188483146067415,0.5963441011235955,0.1848081460674157,-0.0340401685393258,1.0,-0.0683823033707865,0.009050234055431,-0.0010095723716464,0.0190114192529442
2023-05-02,-0.0114589243872963,-0.0096813949317992,0.012120998784447,12,592054200.0,1.2216293768907478,0.0002561380817275,0.1931818181818181,0.4886363636363636,0.1079545454545454,0.2784090909090909,0.2727272727272727,0.1875,0.1534090909090909,0.5056818181818182,1.2386363636363635,0.4715909090909091,0.7670454545454546,0.6776477272727273,0.1708704545454545,0.0325982954545454,0.045747159090909,0.0731323863636363,0.1484755681818181,0.6591585227272727,0.1923670454545454,0.0438914772727272,1,0.1899162600424872,0.3771866801319816,0.0651927678575644,0.2076066886726073,0.1663141803394257,0.1760239137518239,0.1265409049420268,0.4249777545710224,0.7656340335162214,0.4011355119349509,0.3644985215812705,0.6369241952686554,0.1996210126375623,0.040478265996639,0.0403785485928543,0.0825980438864029,0.1734712523619956,0.690552881988927,0.1359758506051633,-0.0374954017568322,3.0,-0.11712268615494409,-0.0071415999800394,-0.011239246377692,0.1057214409829203
2023-05-03,-0.0104950775906033,-0.0019369565548866,0.0295870815381179,12,618954700.0,1.208808281793319,-0.0114589243872963,0.0833333333333333,0.4019607843137255,0.0490196078431372,0.1372549019607843,0.1813725490196078,0.1225490196078431,0.0931372549019607,0.5735294117647058,0.8088235294117647,0.3186274509803921,0.4901960784313725,0.6694872549019608,0.1430632352941176,0.0333176470588235,0.0685661764705882,0.0855612745098039,0.178553431372549,0.648378431372549,0.1730725490196078,-0.0054808823529411,1,0.1931818181818181,0.4886363636363636,0.1079545454545454,0.2784090909090909,0.2727272727272727,0.1875,0.1534090909090909,0.5056818181818182,1.2386363636363635,0.4715909090909091,0.7670454545454546,0.6776477272727273,0.1708704545454545,0.0325982954545454,0.045747159090909,0.0731323863636363,0.1484755681818181,0.6591585227272727,0.1923670454545454,0.0438914772727272,1.0,-0.0845892045454546,-0.0114799078972108,-0.0068641694906829,0.0314960317387948
2023-05-04,-0.0008725513548693,-0.004756008717527,0.026706915482738,12,575582700.0,1.207753534489263,-0.0104950775906033,0.1910569105691057,0.3455284552845528,0.089430894308943,0.2113821138211382,0.1504065040650406,0.1138211382113821,0.1138211382113821,0.4430894308943089,0.8414634146341463,0.3699186991869919,0.4715447154471545,0.687161382113821,0.1616552845528455,0.0317943089430894,0.0425780487804878,0.0768121951219512,0.1576166666666666,0.6325626016260163,0.2098260162601626,0.0522093495934959,1,0.0833333333333333,0.4019607843137255,0.0490196078431372,0.1372549019607843,0.1813725490196078,0.1225490196078431,0.0931372549019607,0.5735294117647058,0.8088235294117647,0.3186274509803921,0.4901960784313725,0.6694872549019608,0.1430632352941176,0.0333176470588235,0.0685661764705882,0.0855612745098039,0.178553431372549,0.648378431372549,0.1730725490196078,-0.0054808823529411,1.0,-0.02225343137254901,-0.0056104524765681,-0.0070827603450916,0.0954198465343558
2023-05-05,0.0264935789539822,0.0324080472688273,0.0142504898855649,12,564438500.0,1.2397512481122053,-0.0008725513548693,0.1370558375634517,0.4060913705583756,0.065989847715736,0.1370558375634517,0.1675126903553299,0.0862944162436548,0.0710659898477157,0.4416243654822335,0.7969543147208121,0.2741116751269035,0.5228426395939086,0.6820177664974618,0.1518807106598984,0.0368248730964467,0.0433147208121827,0.0859588832487309,0.0965035532994923,0.7603969543147209,0.1430954314720812,0.0465918781725888,1,0.1910569105691057,0.3455284552845528,0.089430894308943,0.2113821138211382,0.1504065040650406,0.1138211382113821,0.1138211382113821,0.4430894308943089,0.8414634146341463,0.3699186991869919,0.4715447154471545,0.687161382113821,0.1616552845528455,0.0317943089430894,0.0425780487804878,0.0768121951219512,0.1576166666666666,0.6325626016260163,0.2098260162601626,0.0522093495934959,1.0,-0.07405934959349592,0.0222484017349877,0.0185123925021106,-0.144350403011655
2023-05-08,0.0046967649778709,-0.0021766709027241,0.0181621585900822,12,530177300.0,1.2455740683556105,0.0264935789539822,0.1553328412363416,0.3463025726507278,0.0881448520994405,0.2014412319521117,0.173892175311286,0.1452974125632592,0.1040672509452073,0.5166946214722942,0.7694153056026282,0.3827524047486204,0.3866629008540077,0.6339925273743391,0.1854738098703566,0.0354588139653891,0.0485436681787674,0.0965316559294798,0.1576965228033817,0.6981459821031487,0.144154964808134,-0.0135415579952476,3,0.1370558375634517,0.4060913705583756,0.065989847715736,0.1370558375634517,0.1675126903553299,0.0862944162436548,0.0710659898477157,0.4416243654822335,0.7969543147208121,0.2741116751269035,0.5228426395939086,0.6820177664974618,0.1518807106598984,0.0368248730964467,0.0433147208121827,0.0859588832487309,0.0965035532994923,0.7603969543147209,0.1430954314720812,0.0465918781725888,1.0,-0.059431979695431486,0.0042180588750582,0.0002665355815778,-0.0122164622045953
2023-05-09,-0.015590804255219,-0.0190629203687667,0.008985484860706,12,483740100.0,1.2261545668705012,0.0046967649778709,0.2491349480968858,0.4083044982698962,0.0968858131487889,0.245674740484429,0.2283737024221453,0.1799307958477508,0.1695501730103806,0.7474048442906575,1.0795847750865053,0.5363321799307958,0.5432525951557093,0.7325332179930796,0.1132532871972318,0.0294470588235294,0.0445148788927335,0.0802546712802768,0.1399892733564013,0.6976768166089966,0.1623325259515571,0.0223432525951557,1,0.1553328412363416,0.3463025726507278,0.0881448520994405,0.2014412319521117,0.173892175311286,0.1452974125632592,0.1040672509452073,0.5166946214722942,0.7694153056026282,0.3827524047486204,0.3866629008540077,0.6339925273743391,0.1854738098703566,0.0354588139653891,0.0485436681787674,0.0965316559294798,0.1576965228033817,0.6981459821031487,0.144154964808134,-0.0135415579952476,3.0,-0.07585729972749852,-0.0170166390424347,-0.0043853704502789,0.0429917292059116
2023-05-10,0.0105334680041519,0.011774436957274,0.0126709208422768,12,582959500.0,1.2390702267687763,-0.015590804255219,0.125,0.4166666666666667,0.0572916666666666,0.1875,0.203125,0.1458333333333333,0.1458333333333333,0.5364583333333334,0.9322916666666666,0.3489583333333333,0.5833333333333334,0.5834223958333333,0.2362578125,0.0370286458333333,0.0423682291666666,0.1009182291666666,0.1229651041666666,0.7410942708333333,0.1359385416666666,0.0129734374999999,1,0.2491349480968858,0.4083044982698962,0.0968858131487889,0.245674740484429,0.2283737024221453,0.1799307958477508,0.1695501730103806,0.7474048442906575,1.0795847750865053,0.5363321799307958,0.5432525951557093,0.7325332179930796,0.1132532871972318,0.0294470588235294,0.0445148788927335,0.0802546712802768,0.1399892733564013,0.6976768166089966,0.1623325259515571,0.0223432525951557,1.0,-0.017930795847750883,0.0101815857057689,0.004672556406035,-0.0434781812659798
2023-05-11,-0.0070133608074251,-0.0051175077275601,0.0160948758481287,12,500327600.0,1.230380180202709,0.0105334680041519,0.1390728476821192,0.3377483443708609,0.0596026490066225,0.2119205298013245,0.1721854304635761,0.1721854304635761,0.1390728476821192,0.423841059602649,0.8741721854304636,0.3509933774834437,0.5231788079470199,0.647453642384106,0.2028225165562913,0.0426807947019867,0.0365774834437086,0.0704609271523178,0.1372682119205298,0.723541059602649,0.1391880794701986,0.0019198675496688,1,0.125,0.4166666666666667,0.0572916666666666,0.1875,0.203125,0.1458333333333333,0.1458333333333333,0.5364583333333334,0.9322916666666666,0.3489583333333333,0.5833333333333334,0.5834223958333333,0.2362578125,0.0370286458333333,0.0423682291666666,0.1009182291666666,0.1229651041666666,0.7410942708333333,0.1359385416666666,0.0129734374999999,1.0,-0.1300000000000001,-0.0065506443265048,-0.0017440786398568,-0.0005903322648502
2023-05-12,-0.0015934772599885,-0.0003602243798133,0.0082326801335538,12,411591900.0,1.2284195973644154,-0.0070133608074251,0.1233766233766233,0.4090909090909091,0.1233766233766233,0.2402597402597402,0.2012987012987013,0.2597402597402597,0.1753246753246753,0.5974025974025974,0.7077922077922078,0.5714285714285714,0.1363636363636363,0.6324785714285714,0.1853590909090909,0.0513266233766233,0.0494448051948051,0.0813987012987012,0.184512987012987,0.673824025974026,0.1416688311688311,-0.0428441558441558,1,0.1390728476821192,0.3377483443708609,0.0596026490066225,0.2119205298013245,0.1721854304635761,0.1721854304635761,0.1390728476821192,0.423841059602649,0.8741721854304636,0.3509933774834437,0.5231788079470199,0.647453642384106,0.2028225165562913,0.0426807947019867,0.0365774834437086,0.0704609271523178,0.1372682119205298,0.723541059602649,0.1391880794701986,0.0019198675496688,1.0,-0.1384649006622516,-0.0009240584519848,-0.0013102096627866,0.0059066969679353
2023-05-15,0.0330936170517277,0.0280450373599021,0.0154157545930772,12,461635700.0,1.269072445098431,-0.0015934772599885,0.1156118329764208,0.4110713587775523,0.078947357662252,0.1695857444343325,0.166849211235751,0.1523967100276453,0.1578985992515059,0.390217123784433,0.7688846751687873,0.3246979326878655,0.4441867424809217,0.6348265148132977,0.1920454436630255,0.0383571086902662,0.0401452604438796,0.0946334325574473,0.1179270539432488,0.7583616372673835,0.1237079963311198,0.005780942387871,3,0.1233766233766233,0.4090909090909091,0.1233766233766233,0.2402597402597402,0.2012987012987013,0.2597402597402597,0.1753246753246753,0.5974025974025974,0.7077922077922078,0.5714285714285714,0.1363636363636363,0.6324785714285714,0.1853590909090909,0.0513266233766233,0.0494448051948051,0.0813987012987012,0.184512987012987,0.673824025974026,0.1416688311688311,-0.0428441558441558,1.0,-0.1058422077922079,0.0271526766821956,0.0034500631539464,0.0052848002911982
2023-05-16,0.0005097990827694,0.0004973541456661,0.0175194625198659,12,646481100.0,1.2697194170669102,0.0330936170517277,0.1437125748502994,0.2994011976047904,0.0838323353293413,0.1437125748502994,0.1377245508982036,0.155688622754491,0.1197604790419161,0.3952095808383233,0.6706586826347305,0.3233532934131736,0.3473053892215569,0.7062988023952096,0.1611808383233533,0.0348443113772455,0.0303293413173652,0.0673485029940119,0.1232107784431137,0.7696053892215569,0.1071904191616766,-0.0160203592814371,1,0.1156118329764208,0.4110713587775523,0.078947357662252,0.1695857444343325,0.166849211235751,0.1523967100276453,0.1578985992515059,0.390217123784433,0.7688846751687873,0.3246979326878655,0.4441867424809217,0.6348265148132977,0.1920454436630255,0.0383571086902662,0.0401452604438796,0.0946334325574473,0.1179270539432488,0.7583616372673835,0.1237079963311198,0.005780942387871,3.0,-0.09562385935196482,-0.00187328690655,-0.00668259699095,0.0508176921283214
2023-05-17,0.0263177986140894,0.0260746690785749,0.0178164678804247,12,661071200.0,1.3031356369816762,0.0005097990827694,0.1479289940828402,0.3727810650887574,0.0650887573964497,0.1301775147928994,0.2248520710059171,0.1242603550295858,0.1183431952662721,0.3254437869822485,0.7928994082840237,0.2840236686390532,0.5088757396449705,0.6545715976331361,0.1888686390532544,0.0332473372781065,0.0342958579881656,0.0890183431952662,0.1122473372781065,0.7202786982248521,0.1674704142011834,0.0552230769230769,1,0.1437125748502994,0.2994011976047904,0.0838323353293413,0.1437125748502994,0.1377245508982036,0.155688622754491,0.1197604790419161,0.3952095808383233,0.6706586826347305,0.3233532934131736,0.3473053892215569,0.7062988023952096,0.1611808383233533,0.0348443113772455,0.0303293413173652,0.0673485029940119,0.1232107784431137,0.7696053892215569,0.1071904191616766,-0.0160203592814371,1.0,-0.0983473053892217,0.0247034085534685,0.0121388181364914,-0.0622567507578768
2023-05-18,0.0332401835072315,0.0323228097440676,0.009290358380114,12,990783500.0,1.3464521046897602,0.0263177986140894,0.0651162790697674,0.2697674418604651,0.0372093023255813,0.1255813953488372,0.1488372093023255,0.0930232558139534,0.0511627906976744,0.5209302325581395,0.8511627906976744,0.2325581395348837,0.6186046511627907,0.6699474418604652,0.1816106976744186,0.0336306976744186,0.0411283720930232,0.073693488372093,0.1386706976744186,0.7186544186046512,0.1426758139534883,0.0040051162790697,1,0.1479289940828402,0.3727810650887574,0.0650887573964497,0.1301775147928994,0.2248520710059171,0.1242603550295858,0.1183431952662721,0.3254437869822485,0.7928994082840237,0.2840236686390532,0.5088757396449705,0.6545715976331361,0.1888686390532544,0.0332473372781065,0.0342958579881656,0.0890183431952662,0.1122473372781065,0.7202786982248521,0.1674704142011834,0.0552230769230769,1.0,-0.0988017751479291,0.0315949811546274,0.0096331872086219,-0.0486070872187409
2023-05-19,-0.0047903706603399,-0.0065287997416631,0.0126807408733682,12,672909700.0,1.3400021000319011,0.0332401835072315,0.1486068111455108,0.3684210526315789,0.0866873065015479,0.1517027863777089,0.2043343653250774,0.1393188854489164,0.1176470588235294,0.4643962848297213,0.7554179566563467,0.3281733746130031,0.4272445820433436,0.5434891640866873,0.2385176470588235,0.0560024767801857,0.0489003095975232,0.1130928792569659,0.1513863777089783,0.6623374613003096,0.1862752321981424,0.034888854489164,1,0.0651162790697674,0.2697674418604651,0.0372093023255813,0.1255813953488372,0.1488372093023255,0.0930232558139534,0.0511627906976744,0.5209302325581395,0.8511627906976744,0.2325581395348837,0.6186046511627907,0.6699474418604652,0.1816106976744186,0.0336306976744186,0.0411283720930232,0.073693488372093,0.1386706976744186,0.7186544186046512,0.1426758139534883,0.0040051162790697,1.0,-0.10041953488372099,-0.0051458446170438,-0.001454970391118,0.0473520414335562
2023-05-22,-0.0006214237761573,-0.0043149446461358,0.0139099392231634,12,564619000.0,1.3391693908668407,-0.0047903706603399,0.149789340344409,0.3113730400971075,0.0597216346081201,0.1899428351163224,0.1567845189707015,0.1308519675208896,0.0891923050044574,0.4616920201165491,0.8507233398432582,0.357119821021139,0.4936035188221191,0.6814353058358265,0.1574363467233798,0.0399816851111912,0.0364270774348944,0.0847192772708556,0.1592031334915484,0.7088662881513702,0.1319263025909375,-0.0272768309006109,3,0.1486068111455108,0.3684210526315789,0.0866873065015479,0.1517027863777089,0.2043343653250774,0.1393188854489164,0.1176470588235294,0.4643962848297213,0.7554179566563467,0.3281733746130031,0.4272445820433436,0.5434891640866873,0.2385176470588235,0.0560024767801857,0.0489003095975232,0.1130928792569659,0.1513863777089783,0.6623374613003096,0.1862752321981424,0.034888854489164,1.0,-0.13252693498452012,0.0034555917974112,0.0004061277795719,0.0237953379677784
2023-05-23,-0.0111325597711096,-0.0150983671207542,0.0117012328679969,12,555540200.0,1.3242610075793753,-0.0006214237761573,0.140893470790378,0.4295532646048109,0.0618556701030927,0.1890034364261168,0.1855670103092783,0.1305841924398625,0.1752577319587628,0.4810996563573883,0.8797250859106529,0.3264604810996563,0.5532646048109966,0.5885577319587628,0.2090457044673539,0.0409742268041237,0.0488381443298969,0.1125865979381443,0.1315941580756013,0.6846,0.1838072164948453,0.0522130584192439,1,0.149789340344409,0.3113730400971075,0.0597216346081201,0.1899428351163224,0.1567845189707015,0.1308519675208896,0.0891923050044574,0.4616920201165491,0.8507233398432582,0.357119821021139,0.4936035188221191,0.6814353058358265,0.1574363467233798,0.0399816851111912,0.0364270774348944,0.0847192772708556,0.1592031334915484,0.7088662881513702,0.1319263025909375,-0.0272768309006109,3.0,-0.076271677128821,-0.0123573334444303,-0.0112228562947346,0.0766996904354162
2023-05-24,-0.0094337812268221,-0.011622818958525,0.0088031782806996,12,907261200.0,1.3117682189466604,-0.0111325597711096,0.2171945701357466,0.5542986425339367,0.1085972850678733,0.248868778280543,0.2352941176470588,0.1809954751131221,0.1493212669683258,0.6515837104072398,1.0995475113122173,0.5090497737556561,0.5904977375565611,0.6438719457013575,0.1611309954751131,0.0488898190045248,0.0527305429864253,0.0933823529411764,0.1615015837104072,0.6348509049773756,0.203645701357466,0.0421441176470588,1,0.140893470790378,0.4295532646048109,0.0618556701030927,0.1890034364261168,0.1855670103092783,0.1305841924398625,0.1752577319587628,0.4810996563573883,0.8797250859106529,0.3264604810996563,0.5532646048109966,0.5885577319587628,0.2090457044673539,0.0409742268041237,0.0488381443298969,0.1125865979381443,0.1315941580756013,0.6846,0.1838072164948453,0.0522130584192439,1.0,-0.0885951890034364,-0.0178905545707612,-0.0072449144874165,0.0809498081174409
2023-05-25,0.0737415022761825,0.0679117386618435,0.0702598802721935,12,1952776300.0,1.4084999780499394,-0.0094337812268221,0.1494252873563218,0.3850574712643678,0.0632183908045977,0.1494252873563218,0.2040229885057471,0.1206896551724138,0.132183908045977,0.4913793103448275,0.7614942528735632,0.3534482758620689,0.4080459770114942,0.6590514367816092,0.1752333333333333,0.0405807471264367,0.042394540229885,0.0827367816091954,0.1653985632183908,0.6143212643678161,0.2202807471264368,0.0548821839080459,1,0.2171945701357466,0.5542986425339367,0.1085972850678733,0.248868778280543,0.2352941176470588,0.1809954751131221,0.1493212669683258,0.6515837104072398,1.0995475113122173,0.5090497737556561,0.5904977375565611,0.6438719457013575,0.1611309954751131,0.0488898190045248,0.0527305429864253,0.0933823529411764,0.1615015837104072,0.6348509049773756,0.203645701357466,0.0421441176470588,1.0,-0.06390791855203617,0.0666002877504325,0.0086599883435991,-0.0444334132045465
2023-05-26,0.0759244333250468,0.0569494707775103,0.0817329899700911,12,1167138900.0,1.515439540721722,0.0737415022761825,0.1204379562043795,0.3321167883211678,0.1131386861313868,0.1715328467153284,0.2116788321167883,0.1642335766423357,0.1678832116788321,0.3722627737226277,0.7883211678832117,0.3832116788321167,0.4051094890510949,0.6080335766423358,0.1869357664233576,0.0412981751824817,0.0537054744525547,0.1100302919708029,0.1315496350364963,0.6570762773722628,0.2113645985401459,0.0798149635036496,1,0.1494252873563218,0.3850574712643678,0.0632183908045977,0.1494252873563218,0.2040229885057471,0.1206896551724138,0.132183908045977,0.4913793103448275,0.7614942528735632,0.3534482758620689,0.4080459770114942,0.6590514367816092,0.1752333333333333,0.0405807471264367,0.042394540229885,0.0827367816091954,0.1653985632183908,0.6143212643678161,0.2202807471264368,0.0548821839080459,1.0,-0.09068275862068959,0.0653566929527806,0.0129506535823493,-0.0621733889580256
2023-05-30,0.0005109758505902,-0.0078780985523055,0.0256905209443073,12,1338065100.0,1.5162138937300609,0.0759244333250468,0.1244725592802545,0.3705449745066007,0.0584119282511326,0.1493900898995237,0.1909544144699473,0.1313775032309863,0.1314567754713022,0.4661230013803614,0.8610105236567014,0.3599698384599158,0.5010406851967856,0.6208303821084815,0.1917879770024592,0.0370264281950116,0.0492684312063964,0.1010889361685915,0.1234613054709732,0.6974524771190495,0.1790846019939127,0.0556232965229395,4,0.1204379562043795,0.3321167883211678,0.1131386861313868,0.1715328467153284,0.2116788321167883,0.1642335766423357,0.1678832116788321,0.3722627737226277,0.7883211678832117,0.3832116788321167,0.4051094890510949,0.6080335766423358,0.1869357664233576,0.0412981751824817,0.0537054744525547,0.1100302919708029,0.1315496350364963,0.6570762773722628,0.2113645985401459,0.0798149635036496,1.0,-0.0644981751824817,-0.0008371081949456,0.0003809905209921,-0.0272981424869062
2023-05-31,-0.0267129429557259,-0.0285928634134788,0.0332591417933687,12,1463156100.0,1.4757113584781705,0.0005109758505902,0.1223021582733813,0.4712230215827338,0.0431654676258992,0.2050359712230215,0.2266187050359712,0.1942446043165467,0.1294964028776978,0.5359712230215827,0.8669064748201439,0.4352517985611511,0.4316546762589928,0.6740190647482014,0.1630571942446043,0.0348399280575539,0.0528143884892086,0.0752708633093525,0.1849431654676259,0.6340226618705036,0.1810298561151079,-0.0039133093525179,1,0.1244725592802545,0.3705449745066007,0.0584119282511326,0.1493900898995237,0.1909544144699473,0.1313775032309863,0.1314567754713022,0.4661230013803614,0.8610105236567014,0.3599698384599158,0.5010406851967856,0.6208303821084815,0.1917879770024592,0.0370264281950116,0.0492684312063964,0.1010889361685915,0.1234613054709732,0.6974524771190495,0.1790846019939127,0.0556232965229395,4.0,-0.0784570378224829,-0.0256716495476162,-0.0055452029401931,0.0274914933994372
2023-06-01,0.0128896080122311,0.0110685614076675,0.0204622762379156,12,923935300.0,1.494732699428151,-0.0267129429557259,0.1666666666666666,0.5357142857142857,0.0634920634920634,0.1746031746031746,0.242063492063492,0.2023809523809523,0.1984126984126984,0.6785714285714286,1.011904761904762,0.503968253968254,0.5079365079365079,0.7050726190476191,0.1436087301587301,0.0328051587301587,0.043915873015873,0.074597619047619,0.1698607142857142,0.6634738095238095,0.1666678571428571,-0.0031928571428571,1,0.1223021582733813,0.4712230215827338,0.0431654676258992,0.2050359712230215,0.2266187050359712,0.1942446043165467,0.1294964028776978,0.5359712230215827,0.8669064748201439,0.4352517985611511,0.4316546762589928,0.6740190647482014,0.1630571942446043,0.0348399280575539,0.0528143884892086,0.0752708633093525,0.1849431654676259,0.6340226618705036,0.1810298561151079,-0.0039133093525179,1.0,-0.0698118705035971,0.0172018015799122,0.009500835572316,-0.1276477618370169
2023-06-02,-0.0006489595753562,-0.0016482367010505,0.0120806641777266,12,706068000.0,1.4937626783302589,0.0128896080122311,0.1356589147286821,0.4922480620155038,0.1201550387596899,0.2170542635658914,0.2984496124031007,0.1782945736434108,0.2170542635658914,0.6782945736434108,1.0465116279069768,0.4302325581395348,0.6162790697674418,0.6173170542635659,0.1737387596899224,0.03979496124031,0.0577027131782945,0.1114445736434108,0.12609496124031,0.6851457364341085,0.1887589147286821,0.0626639534883721,1,0.1666666666666666,0.5357142857142857,0.0634920634920634,0.1746031746031746,0.242063492063492,0.2023809523809523,0.1984126984126984,0.6785714285714286,1.011904761904762,0.503968253968254,0.5079365079365079,0.7050726190476191,0.1436087301587301,0.0328051587301587,0.043915873015873,0.074597619047619,0.1698607142857142,0.6634738095238095,0.1666678571428571,-0.0031928571428571,1.0,-0.05790039682539681,-0.0023510553289848,0.014461271186275,-0.0670926046424501
2023-06-05,-0.0145673298307431,-0.010470654226451,0.0147011217715243,12,585754900.0,1.4720025447061678,-0.0006489595753562,0.1553694397915502,0.3103015075376884,0.0688125814256467,0.1525497859668713,0.1588293318444071,0.1452093802345058,0.1230802158942862,0.396251628512935,0.7790098641354923,0.33642843848874,0.4425814256467522,0.6437028235622557,0.1748243893541782,0.0354142389726409,0.0409746173459891,0.1050867926670388,0.1162243491531732,0.7148735592778709,0.1689018870277312,0.0526775378745579,3,0.1356589147286821,0.4922480620155038,0.1201550387596899,0.2170542635658914,0.2984496124031007,0.1782945736434108,0.2170542635658914,0.6782945736434108,1.0465116279069768,0.4302325581395348,0.6162790697674418,0.6173170542635659,0.1737387596899224,0.03979496124031,0.0577027131782945,0.1114445736434108,0.12609496124031,0.6851457364341085,0.1887589147286821,0.0626639534883721,1.0,-0.04438643410852708,-0.0154826538374174,-0.0019162511466602,0.0089040518746559
2023-06-06,0.0115747674926659,0.0086609234778342,0.0212656413114804,12,612983200.0,1.489040631909754,-0.0145673298307431,0.1269035532994923,0.2842639593908629,0.0862944162436548,0.1979695431472081,0.1725888324873096,0.1624365482233502,0.1269035532994923,0.4263959390862944,0.700507614213198,0.350253807106599,0.350253807106599,0.677271573604061,0.1344060913705583,0.0449345177664974,0.0523253807106599,0.0910680203045685,0.143830964467005,0.7109715736040608,0.1451939086294416,0.0013629441624365,1,0.1553694397915502,0.3103015075376884,0.0688125814256467,0.1525497859668713,0.1588293318444071,0.1452093802345058,0.1230802158942862,0.396251628512935,0.7790098641354923,0.33642843848874,0.4425814256467522,0.6437028235622557,0.1748243893541782,0.0354142389726409,0.0409746173459891,0.1050867926670388,0.1162243491531732,0.7148735592778709,0.1689018870277312,0.0526775378745579,3.0,-0.0641772183137912,0.0120728936985541,0.0021774356483303,-0.0522742381546912
2023-06-07,-0.0062402176358102,0.0004465434322974,0.0180907851368596,12,741036700.0,1.4797486942980729,0.0115747674926659,0.0993788819875776,0.3043478260869565,0.0496894409937888,0.1118012422360248,0.1490683229813664,0.1490683229813664,0.0807453416149068,0.4782608695652174,0.8074534161490683,0.2608695652173913,0.546583850931677,0.6872850931677019,0.1588801242236024,0.0347080745341614,0.0362981366459627,0.082827950310559,0.1164527950310558,0.7191291925465838,0.1644167701863354,0.0479639751552795,1,0.1269035532994923,0.2842639593908629,0.0862944162436548,0.1979695431472081,0.1725888324873096,0.1624365482233502,0.1269035532994923,0.4263959390862944,0.700507614213198,0.350253807106599,0.350253807106599,0.677271573604061,0.1344060913705583,0.0449345177664974,0.0523253807106599,0.0910680203045685,0.143830964467005,0.7109715736040608,0.1451939086294416,0.0013629441624365,1.0,-0.035947208121827307,-0.001472916422029,-0.0034577308353366,-0.0014326975436259
2023-06-08,0.0103920279969962,0.01200639809781,0.0145801536557064,12,608352200.0,1.495126284157737,-0.0062402176358102,0.0852713178294573,0.2790697674418604,0.0387596899224806,0.0542635658914728,0.1395348837209302,0.1007751937984496,0.1007751937984496,0.3643410852713178,0.7674418604651163,0.1937984496124031,0.5736434108527132,0.6496333333333334,0.1816930232558139,0.0467178294573643,0.0362201550387596,0.0857325581395348,0.0965589147286821,0.7634372093023256,0.1400015503875968,0.0434426356589147,1,0.0993788819875776,0.3043478260869565,0.0496894409937888,0.1118012422360248,0.1490683229813664,0.1490683229813664,0.0807453416149068,0.4782608695652174,0.8074534161490683,0.2608695652173913,0.546583850931677,0.6872850931677019,0.1588801242236024,0.0347080745341614,0.0362981366459627,0.082827950310559,0.1164527950310558,0.7191291925465838,0.1644167701863354,0.0479639751552795,1.0,-0.07446211180124208,0.0102359919216779,0.0060485491325754,-0.0208034412182567
2023-06-09,0.0038641243217117,0.001103226990187,0.0165862317584005,12,636318300.0,1.5009036379963814,0.0103920279969962,0.1733333333333333,0.4333333333333333,0.07,0.2333333333333333,0.1766666666666666,0.1433333333333333,0.12,0.4266666666666667,0.8066666666666666,0.4,0.4066666666666667,0.649794,0.2008793333333333,0.036813,0.03793,0.074582,0.1364303333333333,0.6983956666666666,0.165174,0.0287436666666666,1,0.0852713178294573,0.2790697674418604,0.0387596899224806,0.0542635658914728,0.1395348837209302,0.1007751937984496,0.1007751937984496,0.3643410852713178,0.7674418604651163,0.1937984496124031,0.5736434108527132,0.6496333333333334,0.1816930232558139,0.0467178294573643,0.0362201550387596,0.0857325581395348,0.0965589147286821,0.7634372093023256,0.1400015503875968,0.0434426356589147,1.0,-0.10645813953488381,0.0026360437139349,0.0017943068152324,0.0131868359125391
2023-06-12,0.033887143347709,0.0324335333680967,0.0137234386681544,12,669203000.0,1.5517649747282627,0.0038641243217117,0.1525808940247787,0.4121411590738724,0.0579150856175265,0.1271751170369277,0.1736161079438878,0.129217241447643,0.0948434735726482,0.4744551658538485,0.9004678743797948,0.3690218234322586,0.5314460509475362,0.6209461699490306,0.2164844974843295,0.0383327179626998,0.0367951322477991,0.0874370908832486,0.1329275941676626,0.7221958752981871,0.1448743753531949,0.0119467811855323,3,0.1733333333333333,0.4333333333333333,0.07,0.2333333333333333,0.1766666666666666,0.1433333333333333,0.12,0.4266666666666667,0.8066666666666666,0.4,0.4066666666666667,0.649794,0.2008793333333333,0.036813,0.03793,0.074582,0.1364303333333333,0.6983956666666666,0.165174,0.0287436666666666,1.0,-0.12518033333333328,0.0322062778695544,0.0090718715181388,0.0853217868174487
2023-06-13,0.0077863281104573,0.0095523471104412,0.0185007184770392,12,907965300.0,1.5638475259718123,0.033887143347709,0.1494252873563218,0.3793103448275862,0.0229885057471264,0.1034482758620689,0.1034482758620689,0.057471264367816,0.0919540229885057,0.4482758620689655,0.8620689655172413,0.2298850574712643,0.632183908045977,0.6500540229885057,0.1817436781609195,0.0354597701149425,0.0345597701149425,0.0981781609195402,0.0831816091954023,0.6763793103448276,0.240435632183908,0.1572540229885057,1,0.1525808940247787,0.4121411590738724,0.0579150856175265,0.1271751170369277,0.1736161079438878,0.129217241447643,0.0948434735726482,0.4744551658538485,0.9004678743797948,0.3690218234322586,0.5314460509475362,0.6209461699490306,0.2164844974843295,0.0383327179626998,0.0367951322477991,0.0874370908832486,0.1329275941676626,0.7221958752981871,0.1448743753531949,0.0119467811855323,3.0,-0.13058499231598159,0.0133919834790345,0.0065929056229916,-0.0266489384480433
2023-06-14,0.0153034987727465,0.006444672484878,0.0205959793943698,12,1018367000.0,1.5877798646662848,0.0077863281104573,0.1156462585034013,0.4625850340136054,0.1088435374149659,0.1428571428571428,0.1496598639455782,0.1020408163265306,0.1700680272108843,0.6190476190476191,0.979591836734694,0.3401360544217687,0.6394557823129252,0.6296251700680272,0.1720809523809524,0.0350006802721088,0.0614571428571428,0.1018360544217687,0.0666455782312925,0.723395918367347,0.2099625850340136,0.143317006802721,1,0.1494252873563218,0.3793103448275862,0.0229885057471264,0.1034482758620689,0.1034482758620689,0.057471264367816,0.0919540229885057,0.4482758620689655,0.8620689655172413,0.2298850574712643,0.632183908045977,0.6500540229885057,0.1817436781609195,0.0354597701149425,0.0345597701149425,0.0981781609195402,0.0831816091954023,0.6763793103448276,0.240435632183908,0.1572540229885057,1.0,-0.0844655172413793,0.0141968035744972,0.001190852290595,-0.0499657467070983
2023-06-15,-0.0085963804079227,-0.0077547463617087,0.0089401899364323,12,825113200.0,1.5741307049455733,0.0153034987727465,0.1688311688311688,0.3896103896103896,0.0779220779220779,0.2207792207792207,0.1948051948051948,0.2337662337662337,0.1818181818181818,0.4675324675324675,1.0389610389610389,0.4025974025974026,0.6363636363636364,0.6837311688311688,0.160751948051948,0.0342064935064935,0.0341272727272727,0.0871753246753246,0.1011844155844155,0.7107168831168831,0.1881,0.0869155844155844,1,0.1156462585034013,0.4625850340136054,0.1088435374149659,0.1428571428571428,0.1496598639455782,0.1020408163265306,0.1700680272108843,0.6190476190476191,0.979591836734694,0.3401360544217687,0.6394557823129252,0.6296251700680272,0.1720809523809524,0.0350006802721088,0.0614571428571428,0.1018360544217687,0.0666455782312925,0.723395918367347,0.2099625850340136,0.143317006802721,1.0,-0.04378843537414967,-0.0082671209064625,0.0123977850103227,0.0446685792829373
2023-06-16,-0.0116918664926197,-0.0140582639023263,0.0122178262535396,12,1029661100.0,1.5557261789014163,-0.0085963804079227,0.2175572519083969,0.4236641221374045,0.0954198473282442,0.2709923664122137,0.1870229007633587,0.1679389312977099,0.1374045801526717,0.5343511450381679,0.8206106870229007,0.5534351145038168,0.2671755725190839,0.616385496183206,0.1995339694656488,0.0374152671755725,0.0541152671755725,0.092556106870229,0.1511534351145038,0.6491614503816794,0.1996843511450381,0.0485309160305343,1,0.1688311688311688,0.3896103896103896,0.0779220779220779,0.2207792207792207,0.1948051948051948,0.2337662337662337,0.1818181818181818,0.4675324675324675,1.0389610389610389,0.4025974025974026,0.6363636363636364,0.6837311688311688,0.160751948051948,0.0342064935064935,0.0341272727272727,0.0871753246753246,0.1011844155844155,0.7107168831168831,0.1881,0.0869155844155844,1.0,-0.0736558441558442,-0.0092341554036475,-0.0034061702137874,-0.0662068991825498
2023-06-20,-0.0057834813339848,-0.003847866850167,0.0151879827827178,12,660638500.0,1.5467286655849484,-0.0116918664926197,0.1860224386986245,0.3813469789814006,0.0902251140312726,0.2171361306836029,0.1783727701539363,0.1795057951935187,0.1323713540536224,0.4248934667023719,0.7485521668768628,0.4423302799740428,0.3062218869028199,0.6349387126421582,0.1967561304202258,0.0442923473953516,0.0385737513346395,0.0854382040236581,0.1547691352295821,0.661814400956783,0.1834148094013023,0.0286456741717202,4,0.2175572519083969,0.4236641221374045,0.0954198473282442,0.2709923664122137,0.1870229007633587,0.1679389312977099,0.1374045801526717,0.5343511450381679,0.8206106870229007,0.5534351145038168,0.2671755725190839,0.616385496183206,0.1995339694656488,0.0374152671755725,0.0541152671755725,0.092556106870229,0.1511534351145038,0.6491614503816794,0.1996843511450381,0.0485309160305343,1.0,-0.09027786259541981,-0.0080987206035664,-0.0051883330233399,0.0251107942057453
2023-06-21,-0.026752715458238,-0.0182310921363198,0.0162915233380051,12,782119500.0,1.505349473703454,-0.0057834813339848,0.1038062283737024,0.28719723183391,0.0726643598615917,0.1418685121107266,0.1072664359861591,0.1314878892733564,0.0726643598615917,0.4567474048442906,0.7577854671280276,0.3321799307958477,0.4256055363321799,0.6924449826989619,0.1588051903114186,0.0385515570934256,0.0340740484429065,0.076116955017301,0.1318560553633218,0.7080906574394464,0.160056401384083,0.0282003460207612,1,0.1860224386986245,0.3813469789814006,0.0902251140312726,0.2171361306836029,0.1783727701539363,0.1795057951935187,0.1323713540536224,0.4248934667023719,0.7485521668768628,0.4423302799740428,0.3062218869028199,0.6349387126421582,0.1967561304202258,0.0442923473953516,0.0385737513346395,0.0854382040236581,0.1547691352295821,0.661814400956783,0.1834148094013023,0.0286456741717202,4.0,-0.1170365224572798,-0.0243747363150403,-0.0051236075562623,-0.0489913760496515
2023-06-22,0.0070500745507404,0.0061839663241936,0.0118205288153994,12,608280700.0,1.5159622997179814,-0.026752715458238,0.1595744680851064,0.3882978723404255,0.0957446808510638,0.2872340425531915,0.1702127659574468,0.2765957446808511,0.175531914893617,0.4414893617021276,0.6702127659574468,0.5372340425531915,0.1329787234042553,0.6519196808510639,0.1960797872340425,0.040252659574468,0.0386037234042553,0.073138829787234,0.1900218085106383,0.6405196808510638,0.1694601063829787,-0.0205617021276595,1,0.1038062283737024,0.28719723183391,0.0726643598615917,0.1418685121107266,0.1072664359861591,0.1314878892733564,0.0726643598615917,0.4567474048442906,0.7577854671280276,0.3321799307958477,0.4256055363321799,0.6924449826989619,0.1588051903114186,0.0385515570934256,0.0340740484429065,0.076116955017301,0.1318560553633218,0.7080906574394464,0.160056401384083,0.0282003460207612,1.0,-0.0871657439446367,0.004663090654744,0.003609586947866,-0.0219696943972282
2023-06-23,-0.0168620749779214,-0.0197404137018692,0.0100635647640453,12,592908300.0,1.4904000297564346,0.0070500745507404,0.1161616161616161,0.2575757575757575,0.0505050505050505,0.1515151515151515,0.1111111111111111,0.1464646464646464,0.0909090909090909,0.3838383838383838,0.7373737373737373,0.3131313131313131,0.4242424242424242,0.6375535353535354,0.1933257575757575,0.0380530303030303,0.0405282828282828,0.0905393939393939,0.1128762626262626,0.7457520202020201,0.1413742424242424,0.0284979797979797,1,0.1595744680851064,0.3882978723404255,0.0957446808510638,0.2872340425531915,0.1702127659574468,0.2765957446808511,0.175531914893617,0.4414893617021276,0.6702127659574468,0.5372340425531915,0.1329787234042553,0.6519196808510639,0.1960797872340425,0.040252659574468,0.0386037234042553,0.073138829787234,0.1900218085106383,0.6405196808510638,0.1694601063829787,-0.0205617021276595,1.0,-0.1245898936170212,-0.0176124113492956,-0.0075599705548755,0.0410534267417077
2023-06-26,0.0012343939958964,0.0029857733385394,0.019662908305228,12,787297700.0,1.49223977060465,-0.0168620749779214,0.1390355564543551,0.3302558999611115,0.0805291221664293,0.1711992084250251,0.1462554633538341,0.1577233198251726,0.1246632772285505,0.3752503732157384,0.7430979853140962,0.3789016012546977,0.3641963840593984,0.6095306950678205,0.2258670506729845,0.0401550009164516,0.0357369329572329,0.0887143267369997,0.1497542775738242,0.7071458212671354,0.143100228109858,-0.0066540494639661,3,0.1161616161616161,0.2575757575757575,0.0505050505050505,0.1515151515151515,0.1111111111111111,0.1464646464646464,0.0909090909090909,0.3838383838383838,0.7373737373737373,0.3131313131313131,0.4242424242424242,0.6375535353535354,0.1933257575757575,0.0380530303030303,0.0405282828282828,0.0905393939393939,0.1128762626262626,0.7457520202020201,0.1413742424242424,0.0284979797979797,1.0,-0.10031111111111109,0.0032390073707735,-0.0040858910873938,0.0602678902459905
2023-06-27,0.0332932911090286,0.0315987458044821,0.0106598453130147,12,649834700.0,1.5419213436918608,0.0012343939958964,0.1462450592885375,0.3122529644268774,0.0909090909090909,0.217391304347826,0.1778656126482213,0.2490118577075099,0.1225296442687747,0.4268774703557312,0.9565217391304348,0.4268774703557312,0.5296442687747036,0.6218415019762845,0.191993280632411,0.0377667984189723,0.0416241106719367,0.1067754940711462,0.1610660079051383,0.6714798418972332,0.1674509881422924,0.0063849802371541,1,0.1390355564543551,0.3302558999611115,0.0805291221664293,0.1711992084250251,0.1462554633538341,0.1577233198251726,0.1246632772285505,0.3752503732157384,0.7430979853140962,0.3789016012546977,0.3641963840593984,0.6095306950678205,0.2258670506729845,0.0401550009164516,0.0357369329572329,0.0887143267369997,0.1497542775738242,0.7071458212671354,0.143100228109858,-0.0066540494639661,3.0,-0.1415707918952035,0.0349380450685856,0.0109634060274932,-0.0357894897460937
2023-06-28,-0.0087629730251726,-0.0096673100913682,0.007782851274622,12,775333600.0,1.528409528550151,0.0332932911090286,0.1842105263157894,0.4013157894736842,0.0756578947368421,0.1677631578947368,0.2006578947368421,0.1973684210526315,0.1282894736842105,0.4671052631578947,0.8947368421052632,0.3881578947368421,0.506578947368421,0.6280509868421053,0.1901703947368421,0.0375450657894736,0.0464148026315789,0.0978190789473684,0.1860746710526315,0.6267286184210527,0.1871970394736842,0.0011223684210526,1,0.1462450592885375,0.3122529644268774,0.0909090909090909,0.217391304347826,0.1778656126482213,0.2490118577075099,0.1225296442687747,0.4268774703557312,0.9565217391304348,0.4268774703557312,0.5296442687747036,0.6218415019762845,0.191993280632411,0.0377667984189723,0.0416241106719367,0.1067754940711462,0.1610660079051383,0.6714798418972332,0.1674509881422924,0.0063849802371541,1.0,-0.0813604743083004,-0.0077093983896191,0.0005043909101267,-0.022561824680231
2023-06-29,-0.0053397231714362,-0.0019671596367384,0.0165999748839046,12,598389300.0,1.5202482447751078,-0.0087629730251726,0.1483253588516746,0.4019138755980861,0.0717703349282296,0.2296650717703349,0.1196172248803827,0.1196172248803827,0.0956937799043062,0.4210526315789473,0.7655502392344498,0.2631578947368421,0.5023923444976076,0.7007153110047847,0.1273598086124401,0.0351282296650717,0.0565114832535885,0.0802952153110048,0.119078947368421,0.7409497607655502,0.1399727272727272,0.0208937799043062,1,0.1842105263157894,0.4013157894736842,0.0756578947368421,0.1677631578947368,0.2006578947368421,0.1973684210526315,0.1282894736842105,0.4671052631578947,0.8947368421052632,0.3881578947368421,0.506578947368421,0.6280509868421053,0.1901703947368421,0.0375450657894736,0.0464148026315789,0.0978190789473684,0.1860746710526315,0.6267286184210527,0.1871970394736842,0.0011223684210526,1.0,-0.08348157894736842,0.0002803956082944,0.0039412870159947,0.0081905922693727
2023-06-30,0.0102152332630297,0.0069676400114579,0.0142679242794221,12,689250800.0,1.5357779352131973,-0.0053397231714362,0.1583333333333333,0.4722222222222222,0.0722222222222222,0.2055555555555555,0.2638888888888889,0.1666666666666666,0.1694444444444444,0.6416666666666667,0.975,0.3972222222222222,0.5777777777777777,0.6458455555555556,0.1735038888888888,0.0487791666666666,0.0462886111111111,0.0855836111111111,0.1741269444444444,0.6781683333333334,0.1477052777777777,-0.0264216666666666,1,0.1483253588516746,0.4019138755980861,0.0717703349282296,0.2296650717703349,0.1196172248803827,0.1196172248803827,0.0956937799043062,0.4210526315789473,0.7655502392344498,0.2631578947368421,0.5023923444976076,0.7007153110047847,0.1273598086124401,0.0351282296650717,0.0565114832535885,0.0802952153110048,0.119078947368421,0.7409497607655502,0.1399727272727272,0.0208937799043062,1.0,-0.0256813397129185,0.015454157003127,0.0118008811086089,0.0036927762832887
2023-07-03,0.0113437685845121,0.0114523688923377,0.0077073339533289,12,291490900.0,1.5531994447074555,0.0102152332630297,0.2051018102238397,0.4312449451699612,0.0805433644948737,0.2125505483003877,0.1899190335164965,0.1867151633007445,0.0985128392682984,0.5176468576797736,0.9361635921406312,0.4727293406122885,0.4634342515283426,0.6596031174920907,0.1852494203745331,0.0452048361194367,0.0327940240461237,0.0771521692505767,0.1708370863067627,0.6677260747163348,0.1614353570494065,-0.0094017292573562,3,0.1583333333333333,0.4722222222222222,0.0722222222222222,0.2055555555555555,0.2638888888888889,0.1666666666666666,0.1694444444444444,0.6416666666666667,0.975,0.3972222222222222,0.5777777777777777,0.6458455555555556,0.1735038888888888,0.0487791666666666,0.0462886111111111,0.0855836111111111,0.1741269444444444,0.6781683333333334,0.1477052777777777,-0.0264216666666666,1.0,-0.09041083333333319,0.0088908625504044,0.0011504796112218,-0.0014717040131794
2023-07-05,-0.0236440902334026,-0.0247307590650207,0.009212576063951,12,482641100.0,1.5164754568863217,0.0113437685845121,0.1362489911218724,0.2702784503631961,0.0380851493139628,0.1975383373688458,0.1251008878127521,0.1539548022598869,0.0694612590799031,0.3977502017756255,0.8513922518159807,0.4146993543179984,0.4366928974979822,0.68955498385795,0.1796246620258272,0.0319862338579499,0.0319951119854721,0.0668343825665859,0.1396451119854721,0.7335693704600484,0.126782571630347,-0.012862540355125,2,0.2051018102238397,0.4312449451699612,0.0805433644948737,0.2125505483003877,0.1899190335164965,0.1867151633007445,0.0985128392682984,0.5176468576797736,0.9361635921406312,0.4727293406122885,0.4634342515283426,0.6596031174920907,0.1852494203745331,0.0452048361194367,0.0327940240461237,0.0771521692505767,0.1708370863067627,0.6677260747163348,0.1614353570494065,-0.0094017292573562,3.0,-0.1205080631972694,-0.0220997750493789,-0.0014871199097931,0.0449521462100124
2023-07-06,-0.0137093125288177,-0.0145893072233349,0.0050589869875129,12,475256200.0,1.4956856209055855,-0.0236440902334026,0.1506849315068493,0.3698630136986301,0.0684931506849315,0.2767123287671232,0.2219178082191781,0.1616438356164383,0.1260273972602739,0.5753424657534246,1.158904109589041,0.5013698630136987,0.6575342465753424,0.6929241095890412,0.1661797260273972,0.0316701369863013,0.0341301369863013,0.0750923287671232,0.148377808219178,0.6752350684931507,0.1763860273972602,0.0280082191780821,1,0.1362489911218724,0.2702784503631961,0.0380851493139628,0.1975383373688458,0.1251008878127521,0.1539548022598869,0.0694612590799031,0.3977502017756255,0.8513922518159807,0.4146993543179984,0.4366928974979822,0.68955498385795,0.1796246620258272,0.0319862338579499,0.0319951119854721,0.0668343825665859,0.1396451119854721,0.7335693704600484,0.126782571630347,-0.012862540355125,2.0,-0.1127814013317191,-0.0126083322343343,-0.0078307719884714,0.0888574928131427
2023-07-07,-0.0010680171136987,-0.0032034527110339,0.0068887825962445,12,492562600.0,1.4940882030657452,-0.0137093125288177,0.2564102564102564,0.3461538461538461,0.0897435897435897,0.173076923076923,0.1282051282051282,0.1923076923076923,0.0512820512820512,0.5,0.7435897435897436,0.4358974358974359,0.3076923076923077,0.6774102564102564,0.1554929487179487,0.0323724358974358,0.0411782051282051,0.0935467948717948,0.0909551282051282,0.7433230769230769,0.1657211538461538,0.0747660256410256,1,0.1506849315068493,0.3698630136986301,0.0684931506849315,0.2767123287671232,0.2219178082191781,0.1616438356164383,0.1260273972602739,0.5753424657534246,1.158904109589041,0.5013698630136987,0.6575342465753424,0.6929241095890412,0.1661797260273972,0.0316701369863013,0.0341301369863013,0.0750923287671232,0.148377808219178,0.6752350684931507,0.1763860273972602,0.0280082191780821,1.0,-0.088627397260274,0.0004250619149908,-0.002524644405729,-0.0395077508585076
2023-07-10,0.0152694693833694,0.0172999360942338,0.0139016735911728,12,532435500.0,1.5169021371385112,-0.0010680171136987,0.1417248800942546,0.3417638436633177,0.0871582570296772,0.2011086063102427,0.1522404052211182,0.1564424406037497,0.1101133654318925,0.4219160798938706,0.8501066859629104,0.3939462673828541,0.4561604185800562,0.6721648396927445,0.1762315775143098,0.0383034695666693,0.0356884900689283,0.0776088390247974,0.1553454278570964,0.6904383290658949,0.1542178051450465,-0.0011276227120499,3,0.2564102564102564,0.3461538461538461,0.0897435897435897,0.173076923076923,0.1282051282051282,0.1923076923076923,0.0512820512820512,0.5,0.7435897435897436,0.4358974358974359,0.3076923076923077,0.6774102564102564,0.1554929487179487,0.0323724358974358,0.0411782051282051,0.0935467948717948,0.0909551282051282,0.7433230769230769,0.1657211538461538,0.0747660256410256,1.0,-0.05314038461538459,0.0208147467428834,0.0025310343674855,0.0161833966522495
2023-07-11,0.0008586411693739,0.0013936239744662,0.0170888133567464,12,471755500.0,1.5182046117633694,0.0152694693833694,0.1591836734693877,0.4326530612244898,0.0938775510204081,0.1877551020408163,0.2408163265306122,0.1387755102040816,0.1959183673469387,0.4693877551020408,0.9102040816326532,0.3959183673469387,0.5142857142857142,0.5804310204081633,0.2113436734693877,0.0415077551020408,0.0432828571428571,0.1234342857142857,0.1544183673469387,0.6345057142857143,0.2110714285714285,0.0566530612244898,1,0.1417248800942546,0.3417638436633177,0.0871582570296772,0.2011086063102427,0.1522404052211182,0.1564424406037497,0.1101133654318925,0.4219160798938706,0.8501066859629104,0.3939462673828541,0.4561604185800562,0.6721648396927445,0.1762315775143098,0.0383034695666693,0.0356884900689283,0.0776088390247974,0.1553454278570964,0.6904383290658949,0.1542178051450465,-0.0011276227120499,3.0,-0.1012377179872534,3.949444885642528e-05,0.0063684911500185,-0.0152620800858623
2023-07-12,0.0172975781485579,0.0149148121028962,0.0104279633616294,12,669988100.0,1.5444658746808475,0.0008586411693739,0.1969696969696969,0.4583333333333333,0.0871212121212121,0.25,0.2424242424242424,0.1856060606060606,0.1704545454545454,0.5757575757575758,0.9583333333333334,0.4810606060606061,0.4772727272727273,0.5918465909090909,0.2208200757575757,0.0462530303030302,0.0353242424242424,0.105755303030303,0.152092803030303,0.6912621212121213,0.1566401515151515,0.0045473484848484,1,0.1591836734693877,0.4326530612244898,0.0938775510204081,0.1877551020408163,0.2408163265306122,0.1387755102040816,0.1959183673469387,0.4693877551020408,0.9102040816326532,0.3959183673469387,0.5142857142857142,0.5804310204081633,0.2113436734693877,0.0415077551020408,0.0432828571428571,0.1234342857142857,0.1544183673469387,0.6345057142857143,0.2110714285714285,0.0566530612244898,1.0,-0.08613428571428569,0.0186261228535915,0.0080460753424451,-0.0876010901191373
2023-07-13,0.0224815228263264,0.0230681594140726,0.0158346946136791,12,647790500.0,1.5791878194969673,0.0172975781485579,0.1065989847715736,0.4010152284263959,0.0761421319796954,0.1675126903553299,0.1370558375634517,0.1269035532994923,0.0862944162436548,0.3045685279187817,0.7106598984771574,0.3401015228426396,0.3705583756345177,0.6875842639593909,0.182743654822335,0.0348010152284264,0.0296634517766497,0.0652086294416243,0.1651421319796954,0.6911065989847716,0.1437563451776649,-0.0213857868020304,1,0.1969696969696969,0.4583333333333333,0.0871212121212121,0.25,0.2424242424242424,0.1856060606060606,0.1704545454545454,0.5757575757575758,0.9583333333333334,0.4810606060606061,0.4772727272727273,0.5918465909090909,0.2208200757575757,0.0462530303030302,0.0353242424242424,0.105755303030303,0.152092803030303,0.6912621212121213,0.1566401515151515,0.0045473484848484,1.0,-0.12599356060606048,0.0206586304394804,0.00793679916342,0.0051698445362948
2023-07-14,-0.0063213878198187,-0.0031188279615971,0.0098690985653782,12,973552400.0,1.5692051608495932,0.0224815228263264,0.1189189189189189,0.2972972972972973,0.0378378378378378,0.1027027027027027,0.1729729729729729,0.1243243243243243,0.081081081081081,0.4162162162162162,0.9243243243243244,0.3081081081081081,0.6162162162162163,0.6654027027027027,0.1788772972972973,0.0359264864864864,0.0364572972972973,0.0833378378378378,0.1187627027027027,0.7321102702702703,0.1491275675675675,0.0303648648648648,1,0.1065989847715736,0.4010152284263959,0.0761421319796954,0.1675126903553299,0.1370558375634517,0.1269035532994923,0.0862944162436548,0.3045685279187817,0.7106598984771574,0.3401015228426396,0.3705583756345177,0.6875842639593909,0.182743654822335,0.0348010152284264,0.0296634517766497,0.0652086294416243,0.1651421319796954,0.6911065989847716,0.1437563451776649,-0.0213857868020304,1.0,-0.12267258883248741,-0.0125023763491146,-0.000622831738021,-0.0198383182145702
2023-07-17,0.0189999552040371,0.0199317401629433,0.0126322798252582,12,699090900.0,1.5990199886116794,-0.0063213878198187,0.1916140037321556,0.4724801381369587,0.0841707530254193,0.2324230916337286,0.2472719241885277,0.15789681315222,0.1553303438685917,0.545872076377841,0.9562558579305191,0.4337799720110584,0.5224758859194608,0.6291186795773785,0.1968233972501733,0.0380556022631592,0.0397681932350113,0.096234041383204,0.1309527013514036,0.701151540055221,0.1678983963752406,0.0369456950238368,3,0.1189189189189189,0.2972972972972973,0.0378378378378378,0.1027027027027027,0.1729729729729729,0.1243243243243243,0.081081081081081,0.4162162162162162,0.9243243243243244,0.3081081081081081,0.6162162162162163,0.6654027027027027,0.1788772972972973,0.0359264864864864,0.0364572972972973,0.0833378378378378,0.1187627027027027,0.7321102702702703,0.1491275675675675,0.0303648648648648,1.0,-0.0950086486486486,0.0239321057788319,0.0034722954774011,0.0104947067501552
2023-07-18,-0.0010232490031566,-0.0038760130161309,0.011475628777516,12,738217400.0,1.597383793002305,0.0189999552040371,0.134185303514377,0.5079872204472844,0.060702875399361,0.1757188498402556,0.2076677316293929,0.134185303514377,0.1277955271565495,0.5878594249201278,1.012779552715655,0.3418530351437699,0.670926517571885,0.6827047923322683,0.1730076677316294,0.0330361022364217,0.0355099041533546,0.0757415335463258,0.1237121405750798,0.6987808306709266,0.1775092651757188,0.0537971246006389,1,0.1916140037321556,0.4724801381369587,0.0841707530254193,0.2324230916337286,0.2472719241885277,0.15789681315222,0.1553303438685917,0.545872076377841,0.9562558579305191,0.4337799720110584,0.5224758859194608,0.6291186795773785,0.1968233972501733,0.0380556022631592,0.0397681932350113,0.096234041383204,0.1309527013514036,0.701151540055221,0.1678983963752406,0.0369456950238368,3.0,-0.0988767648951172,0.0018471593732978,0.0074305447269706,-0.0133530680722562
2023-07-19,-0.0116770245673963,-0.0055301579393441,0.0177299953163931,12,606860900.0,1.578731103207856,-0.0010232490031566,0.0989010989010989,0.3736263736263736,0.0439560439560439,0.1831501831501831,0.2051282051282051,0.1245421245421245,0.0879120879120879,0.6007326007326007,0.8974358974358975,0.326007326007326,0.5714285714285714,0.6532619047619047,0.1732457875457875,0.0329040293040293,0.0342095238095238,0.1063728937728937,0.0806919413919414,0.7790432234432234,0.1402673992673992,0.0595754578754578,1,0.134185303514377,0.5079872204472844,0.060702875399361,0.1757188498402556,0.2076677316293929,0.134185303514377,0.1277955271565495,0.5878594249201278,1.012779552715655,0.3418530351437699,0.670926517571885,0.6827047923322683,0.1730076677316294,0.0330361022364217,0.0355099041533546,0.0757415335463258,0.1237121405750798,0.6987808306709266,0.1775092651757188,0.0537971246006389,1.0,-0.0947923322683707,-0.0118718591640923,0.0022236363957626,0.0345864685376036
2023-07-20,-0.0371043929405154,-0.037568183509082,0.01600023485232,12,769091500.0,1.5201532440070185,-0.0116770245673963,0.1137123745819397,0.4180602006688963,0.0568561872909698,0.1337792642140468,0.1672240802675585,0.1103678929765886,0.1103678929765886,0.4882943143812709,0.842809364548495,0.2775919732441471,0.5652173913043478,0.6447779264214047,0.1999849498327759,0.0386996655518394,0.0356204013377926,0.0809177257525083,0.1511755852842809,0.7065588628762541,0.1422665551839464,-0.0089090301003344,1,0.0989010989010989,0.3736263736263736,0.0439560439560439,0.1831501831501831,0.2051282051282051,0.1245421245421245,0.0879120879120879,0.6007326007326007,0.8974358974358975,0.326007326007326,0.5714285714285714,0.6532619047619047,0.1732457875457875,0.0329040293040293,0.0342095238095238,0.1063728937728937,0.0806919413919414,0.7790432234432234,0.1402673992673992,0.0595754578754578,1.0,-0.0655673992673993,-0.0363671589978945,-0.0066344523836808,0.0167150827333248
2023-07-21,0.0107082798829051,0.0140080376413759,0.0156477932814538,12,1323845400.0,1.536431470408752,-0.0371043929405154,0.1741071428571428,0.3883928571428571,0.1071428571428571,0.21875,0.1785714285714285,0.1473214285714285,0.09375,0.3973214285714285,0.9955357142857144,0.3839285714285714,0.6116071428571429,0.6507330357142856,0.1629709821428571,0.0403562499999999,0.0460415178571428,0.0998955357142857,0.1744901785714285,0.6905616071428572,0.1349540178571428,-0.0395361607142857,1,0.1137123745819397,0.4180602006688963,0.0568561872909698,0.1337792642140468,0.1672240802675585,0.1103678929765886,0.1103678929765886,0.4882943143812709,0.842809364548495,0.2775919732441471,0.5652173913043478,0.6447779264214047,0.1999849498327759,0.0386996655518394,0.0356204013377926,0.0809177257525083,0.1511755852842809,0.7065588628762541,0.1422665551839464,-0.0089090301003344,1.0,-0.1221464882943144,0.0090298458595683,0.0,-0.0278770118676897
2023-07-24,0.0022632420823231,0.0013438822457557,0.0109579179365281,12,522746100.0,1.539908786769187,0.0107082798829051,0.1545614878948212,0.3431938431938432,0.0947570947570947,0.2145262145262144,0.2073112073112072,0.1796536796536796,0.0956389289722622,0.4427609427609427,0.8383036716370049,0.423039923039923,0.4152637485970818,0.6152027016193683,0.21484265672599,0.0439984688151354,0.0343212842712842,0.0916347122013788,0.1589555956389289,0.7062691358024692,0.1347765512265512,-0.0241790444123777,3,0.1741071428571428,0.3883928571428571,0.1071428571428571,0.21875,0.1785714285714285,0.1473214285714285,0.09375,0.3973214285714285,0.9955357142857144,0.3839285714285714,0.6116071428571429,0.6507330357142856,0.1629709821428571,0.0403562499999999,0.0460415178571428,0.0998955357142857,0.1744901785714285,0.6905616071428572,0.1349540178571428,-0.0395361607142857,1.0,-0.0573901785714285,-3.9211678901529545e-05,0.0044673214881141,0.0227940777387596
2023-07-25,0.0139415071568794,0.0132466438541756,0.0067759585345497,12,491186100.0,1.561377436140871,0.0022632420823231,0.1464435146443514,0.2468619246861924,0.0753138075313807,0.205020920502092,0.1589958158995816,0.1882845188284518,0.0920502092050209,0.4518828451882845,0.7447698744769874,0.3891213389121339,0.3556485355648535,0.6538489539748954,0.1714292887029288,0.0350707112970711,0.039086610878661,0.1005623430962343,0.1083698744769874,0.7557778242677824,0.1358581589958159,0.0274882845188284,1,0.1545614878948212,0.3431938431938432,0.0947570947570947,0.2145262145262144,0.2073112073112072,0.1796536796536796,0.0956389289722622,0.4427609427609427,0.8383036716370049,0.423039923039923,0.4152637485970818,0.6152027016193683,0.21484265672599,0.0439984688151354,0.0343212842712842,0.0916347122013788,0.1589555956389289,0.7062691358024692,0.1347765512265512,-0.0241790444123777,3.0,-0.13288512906846245,0.0168218300433384,0.0027301466990385,-0.0035945500563154
2023-07-26,-0.007199420830843,-0.0079103980337184,0.0142254871357405,12,526042500.0,1.5501364229023102,0.0139415071568794,0.1198501872659176,0.3558052434456928,0.0674157303370786,0.1423220973782771,0.149812734082397,0.1048689138576779,0.0936329588014981,0.4606741573033708,0.9737827715355806,0.2734082397003745,0.700374531835206,0.7053977528089888,0.1507955056179775,0.0316363295880149,0.0331003745318352,0.0790730337078651,0.1200516853932584,0.7141265917602996,0.1658213483146067,0.0457696629213483,1,0.1464435146443514,0.2468619246861924,0.0753138075313807,0.205020920502092,0.1589958158995816,0.1882845188284518,0.0920502092050209,0.4518828451882845,0.7447698744769874,0.3891213389121339,0.3556485355648535,0.6538489539748954,0.1714292887029288,0.0350707112970711,0.039086610878661,0.1005623430962343,0.1083698744769874,0.7557778242677824,0.1358581589958159,0.0274882845188284,1.0,-0.06685104602510461,-0.0138086947735586,0.0001537323274596,-0.0483405550425943
2023-07-27,0.0274234200301908,0.0123060739539794,0.029716213191239,12,705551900.0,1.592646465131658,-0.007199420830843,0.136,0.3,0.092,0.244,0.14,0.228,0.128,0.452,0.708,0.38,0.328,0.6760668,0.1765235999999999,0.0340768,0.0335255999999999,0.079802,0.1453231999999999,0.6990008,0.1556768,0.0103536,1,0.1198501872659176,0.3558052434456928,0.0674157303370786,0.1423220973782771,0.149812734082397,0.1048689138576779,0.0936329588014981,0.4606741573033708,0.9737827715355806,0.2734082397003745,0.700374531835206,0.7053977528089888,0.1507955056179775,0.0316363295880149,0.0331003745318352,0.0790730337078651,0.1200516853932584,0.7141265917602996,0.1658213483146067,0.0457696629213483,1.0,-0.07025842696629209,0.0188060611386129,-0.0066301442038676,0.0924943370614841
2023-07-28,0.0259262858359628,0.0176300422153131,0.0198830870779096,12,563196800.0,1.633937872622297,0.0274234200301908,0.1886792452830188,0.4276729559748428,0.0691823899371069,0.2452830188679245,0.2452830188679245,0.1792452830188679,0.1635220125786163,0.5691823899371069,0.8867924528301887,0.4276729559748428,0.4591194968553459,0.5963238993710692,0.1922374213836478,0.042653144654088,0.0573663522012578,0.1114245283018867,0.1688053459119497,0.6277584905660377,0.2034333333333333,0.0346279874213836,1,0.136,0.3,0.092,0.244,0.14,0.228,0.128,0.452,0.708,0.38,0.328,0.6760668,0.1765235999999999,0.0340768,0.0335255999999999,0.079802,0.1453231999999999,0.6990008,0.1556768,0.0103536,1.0,-0.09727279999999999,0.0218324788049952,0.0097905252283401,-0.0749479483096602
2023-07-31,-0.0009103272186281,-0.0008580663583044,0.0127231975539957,12,431486600.0,1.6324504545033016,0.0259262858359628,0.1630315964518795,0.3602540300702828,0.0935434610200277,0.1965973928711296,0.1736446229765822,0.1705037976195112,0.1347912246038274,0.4548532171056605,0.8567397459453011,0.4412547018351569,0.4154850441101441,0.6598503185385678,0.1815185032925204,0.0369260108323273,0.0340643428485539,0.0876400805188995,0.1226730530033497,0.7408937511089504,0.1364338132548536,0.0137607602515038,3,0.1886792452830188,0.4276729559748428,0.0691823899371069,0.2452830188679245,0.2452830188679245,0.1792452830188679,0.1635220125786163,0.5691823899371069,0.8867924528301887,0.4276729559748428,0.4591194968553459,0.5963238993710692,0.1922374213836478,0.042653144654088,0.0573663522012578,0.1114245283018867,0.1688053459119497,0.6277584905660377,0.2034333333333333,0.0346279874213836,1.0,-0.06609968553459131,0.0041456285670207,0.0019038125207966,0.022505640844104
2023-08-01,0.0031987815090929,-1.9347273431150022e-05,0.0123113132399672,12,425193000.0,1.6376723068316772,-0.0009103272186281,0.1614035087719298,0.3719298245614035,0.0771929824561403,0.3403508771929824,0.1824561403508772,0.1122807017543859,0.1157894736842105,0.5789473684210527,1.024561403508772,0.4947368421052631,0.5298245614035088,0.6690456140350877,0.1496126315789473,0.0261459649122807,0.0455168421052631,0.1096771929824561,0.1189508771929824,0.6707284210526316,0.2103217543859649,0.0913708771929824,1,0.1630315964518795,0.3602540300702828,0.0935434610200277,0.1965973928711296,0.1736446229765822,0.1705037976195112,0.1347912246038274,0.4548532171056605,0.8567397459453011,0.4412547018351569,0.4154850441101441,0.6598503185385678,0.1815185032925204,0.0369260108323273,0.0340643428485539,0.0876400805188995,0.1226730530033497,0.7408937511089504,0.1364338132548536,0.0137607602515038,3.0,-0.09674009075739429,0.0006351424749959,-0.0028615422415839,0.0220102852689645
2023-08-02,-0.0393732210811085,-0.036397599005333,0.0137722986824485,12,843553100.0,1.5731918730363843,0.0031987815090929,0.1474654377880184,0.5207373271889401,0.0737327188940092,0.1658986175115207,0.2258064516129032,0.1981566820276497,0.1059907834101382,0.5483870967741935,0.976958525345622,0.4792626728110599,0.4976958525345622,0.6705967741935484,0.1750972350230414,0.036931797235023,0.046,0.0713820276497695,0.1660115207373272,0.6699239631336406,0.164063594470046,-0.0019479262672811,1,0.1614035087719298,0.3719298245614035,0.0771929824561403,0.3403508771929824,0.1824561403508772,0.1122807017543859,0.1157894736842105,0.5789473684210527,1.024561403508772,0.4947368421052631,0.5298245614035088,0.6690456140350877,0.1496126315789473,0.0261459649122807,0.0455168421052631,0.1096771929824561,0.1189508771929824,0.6707284210526316,0.2103217543859649,0.0913708771929824,1.0,-0.02056456140350879,-0.0382720624853983,-0.0139107735628232,0.1550610050316758
2023-08-03,-0.0006551274322165,0.0046943327061158,0.0280282783127107,12,534098000.0,1.5721612318842184,-0.0393732210811085,0.173780487804878,0.4176829268292683,0.0670731707317073,0.2195121951219512,0.1859756097560975,0.1189024390243902,0.1006097560975609,0.7103658536585366,1.7225609756097562,0.3871951219512195,1.3353658536585369,0.7424993902439024,0.1406442073170731,0.0271356707317073,0.0293115853658536,0.0604121951219512,0.0984533536585366,0.7366033536585366,0.1649405487804878,0.0664871951219512,1,0.1474654377880184,0.5207373271889401,0.0737327188940092,0.1658986175115207,0.2258064516129032,0.1981566820276497,0.1059907834101382,0.5483870967741935,0.976958525345622,0.4792626728110599,0.4976958525345622,0.6705967741935484,0.1750972350230414,0.036931797235023,0.046,0.0713820276497695,0.1660115207373272,0.6699239631336406,0.164063594470046,-0.0019479262672811,1.0,-0.0946470046082949,-0.0025622525060973,-0.0028658061760973,-0.0105655733176983
2023-08-04,0.0043476758488114,0.0045797886071817,0.0125160953356418,12,545025700.0,1.578996479302519,-0.0006551274322165,0.1565656565656565,0.4797979797979798,0.0656565656565656,0.1515151515151515,0.303030303030303,0.1515151515151515,0.1868686868686868,0.6919191919191919,1.0707070707070707,0.4292929292929293,0.6414141414141414,0.593060101010101,0.19515,0.036770202020202,0.0693727272727272,0.1056434343434343,0.1580388888888889,0.5862338383838384,0.2557287878787879,0.097689898989899,1,0.173780487804878,0.4176829268292683,0.0670731707317073,0.2195121951219512,0.1859756097560975,0.1189024390243902,0.1006097560975609,0.7103658536585366,1.7225609756097562,0.3871951219512195,1.3353658536585369,0.7424993902439024,0.1406442073170731,0.0271356707317073,0.0293115853658536,0.0604121951219512,0.0984533536585366,0.7366033536585366,0.1649405487804878,0.0664871951219512,1.0,-0.07805609756097562,-0.0015766564726626,-0.0045228088240739,0.0741206218291976
2023-08-07,0.0110139007605057,0.0151067960924788,0.0141443868486923,12,463420500.0,1.596387389826745,0.0043476758488114,0.136471764117941,0.3519107113110111,0.0592803598200899,0.1615492253873063,0.1494985840413126,0.1560386473429951,0.1179643511577544,0.4315075795435616,0.845264034649342,0.3836615025820423,0.4616025320672997,0.6595320136598368,0.183653681492587,0.0422454705980342,0.0354556784940862,0.0791126276861568,0.1118530704647676,0.7301093366650009,0.1580348222555388,0.0461817517907712,3,0.1565656565656565,0.4797979797979798,0.0656565656565656,0.1515151515151515,0.303030303030303,0.1515151515151515,0.1868686868686868,0.6919191919191919,1.0707070707070707,0.4292929292929293,0.6414141414141414,0.593060101010101,0.19515,0.036770202020202,0.0693727272727272,0.1056434343434343,0.1580388888888889,0.5862338383838384,0.2557287878787879,0.097689898989899,1.0,-0.056904040404040485,0.0105263071697843,0.0087284086213055,-0.0777777715810636
2023-08-08,-0.0180594852936041,-0.0161699519004505,0.0065149261940431,12,510760800.0,1.567557455237274,0.0110139007605057,0.1394557823129251,0.3979591836734694,0.0544217687074829,0.2108843537414966,0.1598639455782313,0.1870748299319728,0.0884353741496598,0.4183673469387755,0.9455782312925172,0.3843537414965986,0.5612244897959183,0.697687074829932,0.1614329931972789,0.0285625850340136,0.0330506802721088,0.079262925170068,0.1415499999999999,0.6871452380952381,0.1713057823129251,0.0297557823129251,1,0.136471764117941,0.3519107113110111,0.0592803598200899,0.1615492253873063,0.1494985840413126,0.1560386473429951,0.1179643511577544,0.4315075795435616,0.845264034649342,0.3836615025820423,0.4616025320672997,0.6595320136598368,0.183653681492587,0.0422454705980342,0.0354556784940862,0.0791126276861568,0.1118530704647676,0.7301093366650009,0.1580348222555388,0.0461817517907712,3.0,-0.11133084591037821,-0.0159140088170458,-0.0043484883971258,0.0139504950519
2023-08-09,-0.0202362911325838,-0.0167757938716667,0.0128972771057286,12,741929900.0,1.5358359062060405,-0.0180594852936041,0.1442307692307692,0.3990384615384615,0.0913461538461538,0.2740384615384615,0.1682692307692307,0.1971153846153846,0.1490384615384615,0.4278846153846153,0.7451923076923077,0.4278846153846153,0.3173076923076923,0.6164639423076923,0.2107197115384615,0.0417173076923076,0.0401903846153846,0.0909115384615384,0.1616653846153846,0.6955432692307693,0.14279375,-0.0188716346153846,1,0.1394557823129251,0.3979591836734694,0.0544217687074829,0.2108843537414966,0.1598639455782313,0.1870748299319728,0.0884353741496598,0.4183673469387755,0.9455782312925172,0.3843537414965986,0.5612244897959183,0.697687074829932,0.1614329931972789,0.0285625850340136,0.0330506802721088,0.079262925170068,0.1415499999999999,0.6871452380952381,0.1713057823129251,0.0297557823129251,1.0,-0.0776819727891157,-0.0183471758996341,-0.006685242181787,-0.0018761559349974
2023-08-10,-0.0025450163360596,-0.0029805728373853,0.0097173244627822,12,652562200.0,1.5319271787352389,-0.0202362911325838,0.1336206896551724,0.25,0.0646551724137931,0.1422413793103448,0.1034482758620689,0.1379310344827586,0.0732758620689655,0.3836206896551724,0.9051724137931034,0.3318965517241379,0.5732758620689655,0.6782344827586207,0.1696185344827586,0.032726724137931,0.0320987068965517,0.0873275862068965,0.1070564655172413,0.7456469827586207,0.1472913793103448,0.0402349137931034,1,0.1442307692307692,0.3990384615384615,0.0913461538461538,0.2740384615384615,0.1682692307692307,0.1971153846153846,0.1490384615384615,0.4278846153846153,0.7451923076923077,0.4278846153846153,0.3173076923076923,0.6164639423076923,0.2107197115384615,0.0417173076923076,0.0401903846153846,0.0909115384615384,0.1616653846153846,0.6955432692307693,0.14279375,-0.0188716346153846,1.0,-0.1213350961538461,-0.0040336786724483,0.0003588750080096,-0.0068922090485168
2023-08-11,-0.025361771034777,-0.0268864391030455,0.0151811191687501,12,698915100.0,1.4930747923862038,-0.0025450163360596,0.1857707509881423,0.4189723320158103,0.0474308300395256,0.2134387351778656,0.2292490118577075,0.1541501976284585,0.1699604743083003,0.541501976284585,0.9723320158102768,0.4426877470355731,0.5296442687747036,0.6227794466403161,0.2072320158102766,0.0343703557312253,0.0420015810276679,0.0936162055335968,0.1824750988142292,0.6553509881422924,0.1621750988142292,-0.0203,1,0.1336206896551724,0.25,0.0646551724137931,0.1422413793103448,0.1034482758620689,0.1379310344827586,0.0732758620689655,0.3836206896551724,0.9051724137931034,0.3318965517241379,0.5732758620689655,0.6782344827586207,0.1696185344827586,0.032726724137931,0.0320987068965517,0.0873275862068965,0.1070564655172413,0.7456469827586207,0.1472913793103448,0.0402349137931034,1.0,-0.0829189655172414,-0.0242390757303605,-0.0005829361061072,-0.0637224103831965
2023-08-14,0.0295788146787137,0.0255073940193019,0.0216918452177968,12,874484600.0,1.5372381749716542,-0.025361771034777,0.1493135062917994,0.347526803476383,0.0758450194077838,0.1709196870498929,0.1858485208288913,0.1679665611024064,0.1130816222338284,0.4286007421447866,0.7940491489981828,0.3418706065152513,0.4521785424829314,0.6040453852117448,0.2142277125157221,0.0378382172876309,0.0445392543603125,0.0993516746442992,0.1347593929239996,0.7068737789723035,0.1583657746649687,0.0236063817409691,3,0.1857707509881423,0.4189723320158103,0.0474308300395256,0.2134387351778656,0.2292490118577075,0.1541501976284585,0.1699604743083003,0.541501976284585,0.9723320158102768,0.4426877470355731,0.5296442687747036,0.6227794466403161,0.2072320158102766,0.0343703557312253,0.0420015810276679,0.0936162055335968,0.1824750988142292,0.6553509881422924,0.1621750988142292,-0.0203,1.0,-0.10598458498023719,0.0288479668395214,0.0055198892406365,-0.0013477397276295
2023-08-15,-0.0161417730892238,-0.0149641413293539,0.0116764830503876,12,818263100.0,1.5124244251671692,0.0295788146787137,0.1492537313432835,0.3992537313432835,0.0597014925373134,0.1940298507462686,0.208955223880597,0.1828358208955224,0.0970149253731343,0.4626865671641791,0.9552238805970148,0.3992537313432835,0.5559701492537313,0.6212440298507463,0.1931298507462686,0.041370895522388,0.0536499999999999,0.0906078358208955,0.0972843283582089,0.7473208955223881,0.1553936567164179,0.0581093283582089,1,0.1493135062917994,0.347526803476383,0.0758450194077838,0.1709196870498929,0.1858485208288913,0.1679665611024064,0.1130816222338284,0.4286007421447866,0.7940491489981828,0.3418706065152513,0.4521785424829314,0.6040453852117448,0.2142277125157221,0.0378382172876309,0.0445392543603125,0.0993516746442992,0.1347593929239996,0.7068737789723035,0.1583657746649687,0.0236063817409691,3.0,-0.10817500079874129,-0.0166958062817776,-0.0116487947367311,0.110661229650443
2023-08-16,-0.0174381084720952,-0.0141232540706706,0.0114529263797749,12,682922900.0,1.486050603985258,-0.0161417730892238,0.1515151515151515,0.4006734006734007,0.0572390572390572,0.2121212121212121,0.1851851851851851,0.202020202020202,0.1346801346801346,0.494949494949495,0.915824915824916,0.5387205387205387,0.3771043771043771,0.6683956228956228,0.1680619528619528,0.0330868686868686,0.0380434343434343,0.0924138047138047,0.1315242424242424,0.7452585858585858,0.1232171717171717,-0.0083070707070707,1,0.1492537313432835,0.3992537313432835,0.0597014925373134,0.1940298507462686,0.208955223880597,0.1828358208955224,0.0970149253731343,0.4626865671641791,0.9552238805970148,0.3992537313432835,0.5559701492537313,0.6212440298507463,0.1931298507462686,0.041370895522388,0.0536499999999999,0.0906078358208955,0.0972843283582089,0.7473208955223881,0.1553936567164179,0.0581093283582089,1.0,-0.09024291044776118,-0.0193552539935083,-0.007338206399477,0.0194411676775074
2023-08-17,-0.0066813671493321,-0.0032570405457612,0.0102506032366634,12,622927100.0,1.4761217542975458,-0.0174381084720952,0.1106870229007633,0.3282442748091603,0.0534351145038167,0.1412213740458015,0.1526717557251908,0.1374045801526717,0.0763358778625954,0.3931297709923664,0.6793893129770993,0.3396946564885496,0.3396946564885496,0.6695870229007634,0.1791339694656488,0.0338423664122137,0.0359778625954198,0.0814564885496183,0.1345828244274809,0.7246587786259542,0.1407576335877862,0.0061748091603053,1,0.1515151515151515,0.4006734006734007,0.0572390572390572,0.2121212121212121,0.1851851851851851,0.202020202020202,0.1346801346801346,0.494949494949495,0.915824915824916,0.5387205387205387,0.3771043771043771,0.6683956228956228,0.1680619528619528,0.0330868686868686,0.0380434343434343,0.0924138047138047,0.1315242424242424,0.7452585858585858,0.1232171717171717,-0.0083070707070707,1.0,-0.07069158249158242,-0.0097753496654755,-0.007619912760666,0.0661500987831502
2023-08-18,0.0065716700238244,0.0028694916611338,0.0114721390216856,12,745082500.0,1.4858223393817782,-0.0066813671493321,0.1651785714285714,0.3080357142857143,0.0446428571428571,0.1383928571428571,0.1651785714285714,0.1294642857142857,0.1116071428571428,0.3928571428571428,0.8571428571428571,0.375,0.4821428571428571,0.668909375,0.1782933035714285,0.0451647321428571,0.0302008928571428,0.077428125,0.1716446428571428,0.6830616071428571,0.1452888392857143,-0.0263558035714285,1,0.1106870229007633,0.3282442748091603,0.0534351145038167,0.1412213740458015,0.1526717557251908,0.1374045801526717,0.0763358778625954,0.3931297709923664,0.6793893129770993,0.3396946564885496,0.3396946564885496,0.6695870229007634,0.1791339694656488,0.0338423664122137,0.0359778625954198,0.0814564885496183,0.1345828244274809,0.7246587786259542,0.1407576335877862,0.0061748091603053,1.0,-0.09554198473282438,0.0053748476926356,0.0004812954160993,-0.0329793277091601
2023-08-21,0.0287833672344214,0.0256164502404564,0.0228315548123416,12,873344800.0,1.528589309421311,0.0065716700238244,0.1569217819217818,0.2889633514633514,0.0573685573685573,0.2147435897435897,0.1496050246050245,0.1829108391608391,0.1015361952861952,0.3961570836570836,0.7391462703962705,0.4004467754467753,0.338699494949495,0.6529587558275058,0.1975085389147889,0.0400137634356384,0.0357481173918673,0.0737714881183631,0.1673631717819217,0.704935610916861,0.1277020218207718,-0.0396611499611499,3,0.1651785714285714,0.3080357142857143,0.0446428571428571,0.1383928571428571,0.1651785714285714,0.1294642857142857,0.1116071428571428,0.3928571428571428,0.8571428571428571,0.375,0.4821428571428571,0.668909375,0.1782933035714285,0.0451647321428571,0.0302008928571428,0.077428125,0.1716446428571428,0.6830616071428571,0.1452888392857143,-0.0263558035714285,1.0,-0.11582901785714281,0.0287296290862113,0.0065062333819971,-0.0098265944387885
2023-08-22,-0.0091972184095608,-0.0078374481304862,0.0091288353398828,12,889709500.0,1.5145305396840434,0.0287833672344214,0.1220238095238095,0.5684523809523809,0.0535714285714285,0.175595238095238,0.1994047619047619,0.1845238095238095,0.1547619047619047,0.5476190476190477,0.9345238095238096,0.3869047619047619,0.5476190476190477,0.6445627976190477,0.1583017857142857,0.0385166666666666,0.0516723214285714,0.1069491071428571,0.1394,0.6883630952380952,0.1722383928571428,0.0328383928571428,1,0.1569217819217818,0.2889633514633514,0.0573685573685573,0.2147435897435897,0.1496050246050245,0.1829108391608391,0.1015361952861952,0.3961570836570836,0.7391462703962705,0.4004467754467753,0.338699494949495,0.6529587558275058,0.1975085389147889,0.0400137634356384,0.0357481173918673,0.0737714881183631,0.1673631717819217,0.704935610916861,0.1277020218207718,-0.0396611499611499,3.0,-0.1280026968401969,-0.0088168137441371,-0.0027085030252933,-0.0093403301372344
2023-08-23,0.0226685916058986,0.022879416165414,0.0098361681359723,12,942904900.0,1.5488628139628022,-0.0091972184095608,0.2067901234567901,0.4228395061728395,0.0462962962962962,0.132716049382716,0.2222222222222222,0.1666666666666666,0.074074074074074,0.5092592592592593,0.8549382716049383,0.404320987654321,0.4506172839506173,0.6515216049382716,0.1845268518518518,0.0353654320987654,0.0468574074074074,0.0817206790123456,0.1423675925925926,0.6411990740740741,0.2164348765432098,0.0740672839506172,1,0.1220238095238095,0.5684523809523809,0.0535714285714285,0.175595238095238,0.1994047619047619,0.1845238095238095,0.1547619047619047,0.5476190476190477,0.9345238095238096,0.3869047619047619,0.5476190476190477,0.6445627976190477,0.1583017857142857,0.0385166666666666,0.0516723214285714,0.1069491071428571,0.1394,0.6883630952380952,0.1722383928571428,0.0328383928571428,1.0,-0.03819702380952379,0.0204431421923489,0.0111377474538192,-0.0583382328329905
2023-08-24,-0.0347856077808683,-0.0344660253240576,0.0199718112680519,12,1415766100.0,1.4949846796099202,0.0226685916058986,0.1356589147286821,0.3023255813953488,0.0426356589147286,0.2015503875968992,0.127906976744186,0.1550387596899224,0.0891472868217054,0.3798449612403101,0.6782945736434108,0.3372093023255814,0.3410852713178294,0.6383968992248062,0.1967437984496124,0.0421945736434108,0.0350310077519379,0.0876313953488372,0.1431635658914728,0.7133395348837209,0.1434953488372093,0.0003317829457364,1,0.2067901234567901,0.4228395061728395,0.0462962962962962,0.132716049382716,0.2222222222222222,0.1666666666666666,0.074074074074074,0.5092592592592593,0.8549382716049383,0.404320987654321,0.4506172839506173,0.6515216049382716,0.1845268518518518,0.0353654320987654,0.0468574074074074,0.0817206790123456,0.1423675925925926,0.6411990740740741,0.2164348765432098,0.0740672839506172,1.0,-0.09131419753086421,-0.0330494691217878,-0.0138591179732715,0.0763455103661656
2023-08-25,-0.0008249219523833,0.0055420862815076,0.0234969100249551,12,1124992700.0,1.4937514339292333,-0.0347856077808683,0.2099644128113879,0.505338078291815,0.0533807829181494,0.2597864768683274,0.195729537366548,0.199288256227758,0.1850533807829181,0.3523131672597864,0.8291814946619217,0.4056939501779359,0.4234875444839858,0.6427637010676157,0.1767658362989324,0.0469800711743772,0.0477195729537366,0.0857775800711743,0.1356633451957295,0.7222580071174377,0.1420761565836299,0.0064128113879003,1,0.1356589147286821,0.3023255813953488,0.0426356589147286,0.2015503875968992,0.127906976744186,0.1550387596899224,0.0891472868217054,0.3798449612403101,0.6782945736434108,0.3372093023255814,0.3410852713178294,0.6383968992248062,0.1967437984496124,0.0421945736434108,0.0350310077519379,0.0876313953488372,0.1431635658914728,0.7133395348837209,0.1434953488372093,0.0003317829457364,1.0,-0.11627596899224812,0.0043009032060805,0.007049835339677,-0.0883721157175057
2023-08-28,0.0133400533132241,0.0109993036131646,0.0077596705168163,12,820974900.0,1.5136781576945544,-0.0008249219523833,0.130477647037652,0.3624486551959986,0.0759479830066185,0.1680965374142692,0.1853996300524056,0.1666798183319916,0.1414817822318412,0.4621476583194883,0.8860509764464397,0.347580740686507,0.5384702357599327,0.6262458612177604,0.2002551222618004,0.043271535658454,0.0402995823810085,0.0899328191944302,0.1273119596412738,0.7272448127070971,0.1454407488573026,0.0181287892160288,3,0.2099644128113879,0.505338078291815,0.0533807829181494,0.2597864768683274,0.195729537366548,0.199288256227758,0.1850533807829181,0.3523131672597864,0.8291814946619217,0.4056939501779359,0.4234875444839858,0.6427637010676157,0.1767658362989324,0.0469800711743772,0.0477195729537366,0.0857775800711743,0.1356633451957295,0.7222580071174377,0.1420761565836299,0.0064128113879003,1.0,-0.0902487544483987,0.0126618857135993,0.0063413825986411,-0.0382653297061271
2023-08-29,0.0242998186882927,0.0221947918100346,0.0090843663056824,12,863211000.0,1.5504602624789612,0.0133400533132241,0.092526690391459,0.3701067615658363,0.0569395017793594,0.199288256227758,0.2170818505338078,0.1672597864768683,0.099644128113879,0.5409252669039146,0.9252669039145908,0.3772241992882562,0.5480427046263345,0.6481341637010676,0.1899092526690391,0.0371345195729537,0.0409241992882562,0.0838925266903914,0.1634014234875444,0.6657412811387899,0.1708569395017793,0.0074555160142348,1,0.130477647037652,0.3624486551959986,0.0759479830066185,0.1680965374142692,0.1853996300524056,0.1666798183319916,0.1414817822318412,0.4621476583194883,0.8860509764464397,0.347580740686507,0.5384702357599327,0.6262458612177604,0.2002551222618004,0.043271535658454,0.0402995823810085,0.0899328191944302,0.1273119596412738,0.7272448127070971,0.1454407488573026,0.0181287892160288,3.0,-0.1132942563448157,0.0262674739194277,0.0144547949764735,-0.0417771961291952
2023-08-30,0.0067201585275868,0.0046983295370535,0.0076203505733855,12,894876200.0,1.5608796012335435,0.0242998186882927,0.1637630662020905,0.3519163763066202,0.073170731707317,0.1254355400696864,0.181184668989547,0.1289198606271777,0.1254355400696864,0.4216027874564459,0.794425087108014,0.2404181184668989,0.554006968641115,0.627911149825784,0.1664400696864111,0.0356609756097561,0.0474940766550522,0.1224867595818815,0.1040379790940766,0.7203766550522648,0.1755787456445993,0.0715407665505226,1,0.092526690391459,0.3701067615658363,0.0569395017793594,0.199288256227758,0.2170818505338078,0.1672597864768683,0.099644128113879,0.5409252669039146,0.9252669039145908,0.3772241992882562,0.5480427046263345,0.6481341637010676,0.1899092526690391,0.0371345195729537,0.0409241992882562,0.0838925266903914,0.1634014234875444,0.6657412811387899,0.1708569395017793,0.0074555160142348,1.0,-0.10222704626334521,0.0047149965370343,0.0041187675520859,-0.0394463461832534
2023-08-31,0.0096532794188008,0.0115573331008544,0.0154593673010247,12,761650900.0,1.5759472081633576,0.0067201585275868,0.1223021582733813,0.3309352517985611,0.0539568345323741,0.1510791366906475,0.1726618705035971,0.1474820143884892,0.1079136690647482,0.4460431654676259,0.7697841726618705,0.2805755395683453,0.4892086330935252,0.6530089928057553,0.1894794964028777,0.0528377697841726,0.0351025179856115,0.0695708633093525,0.1576079136690647,0.7177758992805755,0.1246165467625899,-0.0329913669064748,1,0.1637630662020905,0.3519163763066202,0.073170731707317,0.1254355400696864,0.181184668989547,0.1289198606271777,0.1254355400696864,0.4216027874564459,0.794425087108014,0.2404181184668989,0.554006968641115,0.627911149825784,0.1664400696864111,0.0356609756097561,0.0474940766550522,0.1224867595818815,0.1040379790940766,0.7203766550522648,0.1755787456445993,0.0715407665505226,1.0,-0.03212020905923346,0.0069208553373913,-0.0014634534208136,-0.0223343239957304
2023-09-01,0.0025688729785212,0.0047234254208547,0.0243247774709564,12,669724700.0,1.5799956163619844,0.0096532794188008,0.2386363636363636,0.3522727272727273,0.0795454545454545,0.1704545454545454,0.1647727272727272,0.1988636363636363,0.1022727272727272,0.4034090909090909,0.9715909090909092,0.4375,0.5340909090909091,0.66291875,0.16480625,0.0380602272727272,0.0420607954545454,0.0921511363636363,0.1524164772727272,0.7179409090909091,0.1296454545454545,-0.0227710227272727,1,0.1223021582733813,0.3309352517985611,0.0539568345323741,0.1510791366906475,0.1726618705035971,0.1474820143884892,0.1079136690647482,0.4460431654676259,0.7697841726618705,0.2805755395683453,0.4892086330935252,0.6530089928057553,0.1894794964028777,0.0528377697841726,0.0351025179856115,0.0695708633093525,0.1576079136690647,0.7177758992805755,0.1246165467625899,-0.0329913669064748,1.0,-0.1376438848920863,0.0026044232601851,0.0018652877367872,-0.0353721114982343
2023-09-05,0.003860541830731,0.0011870149784492,0.006328522241509,12,558180500.0,1.5860952555313212,0.0025688729785212,0.1542550077919861,0.4231762524938671,0.0760867856266924,0.2036773465202142,0.1921793666859456,0.1542701398342889,0.1301061962793455,0.5398945044662375,1.0363109747041,0.3891295524343038,0.6471814222697962,0.6494057049511675,0.1737404628529307,0.0338396634689965,0.0490146114492687,0.0940007654276058,0.1174492839925715,0.6852913089875128,0.1972617366076665,0.0798124526150948,4,0.2386363636363636,0.3522727272727273,0.0795454545454545,0.1704545454545454,0.1647727272727272,0.1988636363636363,0.1022727272727272,0.4034090909090909,0.9715909090909092,0.4375,0.5340909090909091,0.66291875,0.16480625,0.0380602272727272,0.0420607954545454,0.0921511363636363,0.1524164772727272,0.7179409090909091,0.1296454545454545,-0.0227710227272727,1.0,-0.0686545454545455,-0.0003322055604865,-0.0043220128189112,0.0702826635270941
2023-09-06,-0.0083173968978687,-0.0046318133565766,0.0124136396805575,12,625398900.0,1.5729030717732408,0.003860541830731,0.16,0.3709090909090909,0.0909090909090909,0.1418181818181818,0.1818181818181818,0.1563636363636363,0.0763636363636363,0.3709090909090909,0.9454545454545454,0.4218181818181818,0.5236363636363637,0.6806305454545454,0.1546930909090909,0.0371778181818181,0.0371210909090909,0.0903778181818181,0.1510781818181818,0.6840301818181818,0.1648887272727272,0.0138105454545454,1,0.1542550077919861,0.4231762524938671,0.0760867856266924,0.2036773465202142,0.1921793666859456,0.1542701398342889,0.1301061962793455,0.5398945044662375,1.0363109747041,0.3891295524343038,0.6471814222697962,0.6494057049511675,0.1737404628529307,0.0338396634689965,0.0490146114492687,0.0940007654276058,0.1174492839925715,0.6852913089875128,0.1972617366076665,0.0798124526150948,4.0,-0.06456474944505272,-0.007228692838281,-0.0067224004220436,0.0314061080082093
2023-09-07,-0.0223081631682948,-0.0242848701175557,0.0248343268147783,12,654434600.0,1.5378144934002111,-0.0083173968978687,0.1978021978021978,0.3443223443223443,0.0805860805860805,0.2417582417582417,0.1282051282051282,0.2271062271062271,0.1318681318681318,0.358974358974359,0.7032967032967034,0.4249084249084249,0.2783882783882784,0.6327586080586081,0.2140714285714285,0.0411578754578754,0.032958608058608,0.0790534798534798,0.131654945054945,0.7366483516483516,0.1316901098901099,3.516483516483414e-05,1,0.16,0.3709090909090909,0.0909090909090909,0.1418181818181818,0.1818181818181818,0.1563636363636363,0.0763636363636363,0.3709090909090909,0.9454545454545454,0.4218181818181818,0.5236363636363637,0.6806305454545454,0.1546930909090909,0.0371778181818181,0.0371210909090909,0.0903778181818181,0.1510781818181818,0.6840301818181818,0.1648887272727272,0.0138105454545454,1.0,-0.06437199999999998,-0.0228878721890334,-0.0030702016186391,-0.0034602208577749
2023-09-08,-0.0059293287253212,-0.0046218838945455,0.0067142760208075,12,630465600.0,1.528696285750278,-0.0223081631682948,0.1407942238267148,0.3068592057761732,0.0613718411552346,0.1624548736462094,0.1696750902527075,0.1227436823104693,0.0830324909747292,0.4981949458483754,0.8483754512635379,0.3610108303249097,0.4873646209386281,0.651303249097473,0.1986606498194946,0.0364765342960288,0.0325350180505415,0.0810310469314079,0.1295718411552346,0.6948194945848376,0.1756115523465704,0.0460397111913357,1,0.1978021978021978,0.3443223443223443,0.0805860805860805,0.2417582417582417,0.1282051282051282,0.2271062271062271,0.1318681318681318,0.358974358974359,0.7032967032967034,0.4249084249084249,0.2783882783882784,0.6327586080586081,0.2140714285714285,0.0411578754578754,0.032958608058608,0.0790534798534798,0.131654945054945,0.7366483516483516,0.1316901098901099,3.516483516483414e-05,1.0,-0.1432172161172161,-0.0051762520400412,0.001506162403172,-0.0388888528317571
2023-09-11,0.0022743768452286,-0.0012919717757264,0.0137474120543263,12,636058700.0,1.5321731171859754,-0.0059293287253212,0.1282704723071695,0.2689592149836798,0.074427249044986,0.1666805671392827,0.1492663639452629,0.1577497708996179,0.0919166177575963,0.3753910151463668,0.7462479020582996,0.336412030601633,0.4098358714566665,0.6514400405173034,0.1897288974865885,0.0383517136708573,0.0329592062830135,0.0875176814526508,0.1164753212038838,0.7480155545773742,0.1355064671176597,0.0190311459137758,3,0.1407942238267148,0.3068592057761732,0.0613718411552346,0.1624548736462094,0.1696750902527075,0.1227436823104693,0.0830324909747292,0.4981949458483754,0.8483754512635379,0.3610108303249097,0.4873646209386281,0.651303249097473,0.1986606498194946,0.0364765342960288,0.0325350180505415,0.0810310469314079,0.1295718411552346,0.6948194945848376,0.1756115523465704,0.0460397111913357,1.0,-0.12157111913357399,-0.0005668126380885,0.0065765543362856,-0.0028901706222559
2023-09-12,-0.0058128814814693,-0.0093568134549339,0.0109893000308364,12,515313800.0,1.5232667764466798,0.0022743768452286,0.0726495726495726,0.3162393162393162,0.0512820512820512,0.0811965811965812,0.1367521367521367,0.0854700854700854,0.1111111111111111,0.376068376068376,0.7564102564102564,0.2136752136752136,0.5427350427350427,0.6590055555555556,0.1845333333333333,0.0401837606837606,0.0409773504273504,0.0753021367521367,0.1038034188034188,0.7425970085470085,0.1535961538461538,0.049792735042735,1,0.1282704723071695,0.2689592149836798,0.074427249044986,0.1666805671392827,0.1492663639452629,0.1577497708996179,0.0919166177575963,0.3753910151463668,0.7462479020582996,0.336412030601633,0.4098358714566665,0.6514400405173034,0.1897288974865885,0.0383517136708573,0.0329592062830135,0.0875176814526508,0.1164753212038838,0.7480155545773742,0.1355064671176597,0.0190311459137758,3.0,-0.10760372342178148,-0.0084879115717103,-0.0054856362777964,0.0311593728665424
2023-09-13,0.0063535183350053,0.0079292871633126,0.0082797922671471,12,545937700.0,1.5329448798399383,-0.0058128814814693,0.1706349206349206,0.3888888888888889,0.0714285714285714,0.1388888888888889,0.1626984126984127,0.123015873015873,0.119047619047619,0.3888888888888889,0.8134920634920635,0.3373015873015873,0.4761904761904761,0.682661111111111,0.1735587301587301,0.0314130952380952,0.0345940476190476,0.0777742063492063,0.1168269841269841,0.7383150793650793,0.1448619047619047,0.0280349206349206,1,0.0726495726495726,0.3162393162393162,0.0512820512820512,0.0811965811965812,0.1367521367521367,0.0854700854700854,0.1111111111111111,0.376068376068376,0.7564102564102564,0.2136752136752136,0.5427350427350427,0.6590055555555556,0.1845333333333333,0.0401837606837606,0.0409773504273504,0.0753021367521367,0.1038034188034188,0.7425970085470085,0.1535961538461538,0.049792735042735,1.0,-0.1084376068376068,0.0051281616034157,0.0011659464572846,-0.0527055533469211
2023-09-14,0.0039749311422151,0.0032137015127175,0.0092525956275463,12,517086600.0,1.5390382301821133,0.0063535183350053,0.1576086956521739,0.2010869565217391,0.0434782608695652,0.108695652173913,0.0652173913043478,0.1032608695652173,0.1032608695652173,0.2717391304347826,0.625,0.2989130434782608,0.3260869565217391,0.6913451086956521,0.1732152173913043,0.0346864130434782,0.0349961956521739,0.0657521739130434,0.1549777173913043,0.7077249999999999,0.1372913043478261,-0.0176864130434782,1,0.1706349206349206,0.3888888888888889,0.0714285714285714,0.1388888888888889,0.1626984126984127,0.123015873015873,0.119047619047619,0.3888888888888889,0.8134920634920635,0.3373015873015873,0.4761904761904761,0.682661111111111,0.1735587301587301,0.0314130952380952,0.0345940476190476,0.0777742063492063,0.1168269841269841,0.7383150793650793,0.1448619047619047,0.0280349206349206,1.0,-0.09260357142857141,0.0071547513000251,0.0086223287540663,-0.0489614146754351
2023-09-15,-0.0333273065499588,-0.0317425050985862,0.014266362616687,12,810560100.0,1.487746231292728,0.0039749311422151,0.1111111111111111,0.3594771241830065,0.088235294117647,0.1372549019607843,0.2287581699346405,0.1470588235294117,0.1013071895424836,0.4477124183006536,0.7875816993464052,0.2941176470588235,0.4934640522875817,0.6116800653594772,0.2158382352941176,0.0371633986928104,0.038482679738562,0.0968333333333333,0.1189849673202614,0.7653248366013072,0.1156898692810457,-0.0032950980392156,1,0.1576086956521739,0.2010869565217391,0.0434782608695652,0.108695652173913,0.0652173913043478,0.1032608695652173,0.1032608695652173,0.2717391304347826,0.625,0.2989130434782608,0.3260869565217391,0.6913451086956521,0.1732152173913043,0.0346864130434782,0.0349961956521739,0.0657521739130434,0.1549777173913043,0.7077249999999999,0.1372913043478261,-0.0176864130434782,1.0,-0.1071532608695652,-0.0288601465794977,-0.012048228271881,0.0756630491512744
2023-09-18,0.0048931953071066,0.0039728445136315,0.0073276949558644,12,647176400.0,1.4950260641698552,-0.0333273065499588,0.1488290211209471,0.3481190052591259,0.0589211169806897,0.1805435144195799,0.1511851725624352,0.1626397100010738,0.0709824309287961,0.3672297012015429,0.751546026577154,0.3511072524193872,0.4004387741577666,0.6644629516338146,0.1763525579574253,0.0372489222461178,0.0382992332066404,0.0836357264602183,0.1547795453488184,0.7227943564339331,0.1224228297284556,-0.0323567156203627,3,0.1111111111111111,0.3594771241830065,0.088235294117647,0.1372549019607843,0.2287581699346405,0.1470588235294117,0.1013071895424836,0.4477124183006536,0.7875816993464052,0.2941176470588235,0.4934640522875817,0.6116800653594772,0.2158382352941176,0.0371633986928104,0.038482679738562,0.0968333333333333,0.1189849673202614,0.7653248366013072,0.1156898692810457,-0.0032950980392156,1.0,-0.11768562091503271,0.0034081744581793,0.0005863452914065,0.0152284292043429
2023-09-19,-0.0113863013664056,-0.0087871380296137,0.0123924964158761,12,529797900.0,1.478003246852586,0.0048931953071066,0.151639344262295,0.4467213114754098,0.0778688524590164,0.180327868852459,0.1967213114754098,0.151639344262295,0.1188524590163934,0.4877049180327868,0.9549180327868853,0.3729508196721312,0.5819672131147541,0.6205622950819673,0.1852745901639344,0.0410122950819672,0.0484909836065573,0.1046590163934426,0.124705737704918,0.7233303278688525,0.1519622950819672,0.0272565573770491,1,0.1488290211209471,0.3481190052591259,0.0589211169806897,0.1805435144195799,0.1511851725624352,0.1626397100010738,0.0709824309287961,0.3672297012015429,0.751546026577154,0.3511072524193872,0.4004387741577666,0.6644629516338146,0.1763525579574253,0.0372489222461178,0.0382992332066404,0.0836357264602183,0.1547795453488184,0.7227943564339331,0.1224228297284556,-0.0323567156203627,3.0,-0.09166652053668439,-0.0084294800560663,-0.0020737519004956,0.0078571183340889
2023-09-20,-0.0163757928998393,-0.0130232803972767,0.0112345365037164,12,545175400.0,1.4537997717768378,-0.0113863013664056,0.1034482758620689,0.3152709359605911,0.0541871921182266,0.0886699507389162,0.1822660098522167,0.1527093596059113,0.1231527093596059,0.3940886699507389,0.7536945812807881,0.2512315270935961,0.5024630541871922,0.6918349753694581,0.1573049261083743,0.0370546798029556,0.0344,0.0794108374384236,0.1310458128078817,0.7285950738916256,0.1403581280788177,0.0093123152709359,1,0.151639344262295,0.4467213114754098,0.0778688524590164,0.180327868852459,0.1967213114754098,0.151639344262295,0.1188524590163934,0.4877049180327868,0.9549180327868853,0.3729508196721312,0.5819672131147541,0.6205622950819673,0.1852745901639344,0.0410122950819672,0.0484909836065573,0.1046590163934426,0.124705737704918,0.7233303278688525,0.1519622950819672,0.0272565573770491,1.0,-0.07313688524590171,-0.0164175078095621,-0.0091931809720419,0.0729979242882605
2023-09-21,-0.0192016594717798,-0.0172323258629551,0.0107741476607724,12,679351700.0,1.4258844036190277,-0.0163757928998393,0.1493506493506493,0.422077922077922,0.0551948051948051,0.1948051948051948,0.2045454545454545,0.1461038961038961,0.1428571428571428,0.4090909090909091,0.7824675324675324,0.3603896103896103,0.422077922077922,0.6310116883116883,0.1847194805194805,0.0415678571428571,0.0457574675324675,0.0969405844155844,0.152951948051948,0.6858172077922078,0.1612282467532467,0.0082762987012987,1,0.1034482758620689,0.3152709359605911,0.0541871921182266,0.0886699507389162,0.1822660098522167,0.1527093596059113,0.1231527093596059,0.3940886699507389,0.7536945812807881,0.2512315270935961,0.5024630541871922,0.6918349753694581,0.1573049261083743,0.0370546798029556,0.0344,0.0794108374384236,0.1310458128078817,0.7285950738916256,0.1403581280788177,0.0093123152709359,1.0,-0.08054876847290629,-0.0184538304338677,-0.0165284516501534,0.1585205097609572
2023-09-22,0.007708980398526,0.0087141127561282,0.0099649213651819,12,647052700.0,1.4368765185370906,-0.0192016594717798,0.1023255813953488,0.2511627906976744,0.0604651162790697,0.2232558139534883,0.1395348837209302,0.1953488372093023,0.0837209302325581,0.2744186046511628,0.5953488372093023,0.3674418604651163,0.227906976744186,0.6394781395348836,0.1947027906976744,0.0442241860465116,0.035393488372093,0.0861976744186046,0.1623027906976744,0.7331795348837209,0.1045153488372093,-0.0577874418604651,1,0.1493506493506493,0.422077922077922,0.0551948051948051,0.1948051948051948,0.2045454545454545,0.1461038961038961,0.1428571428571428,0.4090909090909091,0.7824675324675324,0.3603896103896103,0.422077922077922,0.6310116883116883,0.1847194805194805,0.0415678571428571,0.0457574675324675,0.0969405844155844,0.152951948051948,0.6858172077922078,0.1612282467532467,0.0082762987012987,1.0,-0.0835892857142857,0.0083293864826845,-0.0022484894694745,-0.01938427222583
2023-09-25,0.0068513996889147,0.0060555933515495,0.0079084327174084,12,550608400.0,1.4467211338692043,0.007708980398526,0.1777569704535996,0.316078859758635,0.081772784019975,0.1951674989596337,0.1791042446941323,0.172862047440699,0.1142634207240948,0.444735746982938,0.8517218060757387,0.4022575946733249,0.4494642114024136,0.6224279660840616,0.1977354697253432,0.0473344761756137,0.0411203001456512,0.0913792067207657,0.14479683312526,0.7150339388264669,0.1401702002704951,-0.0046266328547649,3,0.1023255813953488,0.2511627906976744,0.0604651162790697,0.2232558139534883,0.1395348837209302,0.1953488372093023,0.0837209302325581,0.2744186046511628,0.5953488372093023,0.3674418604651163,0.227906976744186,0.6394781395348836,0.1947027906976744,0.0442241860465116,0.035393488372093,0.0861976744186046,0.1623027906976744,0.7331795348837209,0.1045153488372093,-0.0577874418604651,1.0,-0.11733581395348841,0.0073166547336369,0.0042051564516725,-0.0174419262268631
2023-09-26,-0.0166406314967335,-0.0179281882781605,0.0063171003940843,12,550628200.0,1.4226467806019505,0.0068513996889147,0.1128205128205128,0.2923076923076923,0.041025641025641,0.1384615384615384,0.1641025641025641,0.123076923076923,0.0461538461538461,0.441025641025641,0.7128205128205128,0.3179487179487179,0.3948717948717948,0.6579066666666666,0.1774174358974359,0.0352661538461538,0.0390866666666666,0.0903210256410256,0.1237615384615384,0.7385005128205128,0.1377394871794872,0.0139779487179487,1,0.1777569704535996,0.316078859758635,0.081772784019975,0.1951674989596337,0.1791042446941323,0.172862047440699,0.1142634207240948,0.444735746982938,0.8517218060757387,0.4022575946733249,0.4494642114024136,0.6224279660840616,0.1977354697253432,0.0473344761756137,0.0411203001456512,0.0913792067207657,0.14479683312526,0.7150339388264669,0.1401702002704951,-0.0046266328547649,3.0,-0.11257043903454,-0.0181570851387464,-0.0146912335905849,0.1207101160695029
2023-09-27,0.0093816936922282,0.0101892472623467,0.0088439875147713,12,620287900.0,1.4359936169297924,-0.0166406314967335,0.1322957198443579,0.3618677042801556,0.046692607003891,0.1828793774319066,0.1673151750972762,0.1167315175097276,0.1322957198443579,0.4280155642023346,0.9027237354085604,0.3035019455252918,0.5992217898832685,0.6805175097276265,0.1700027237354085,0.0309062256809338,0.038652140077821,0.0799155642023346,0.1235373540856031,0.7179077821011672,0.158553307392996,0.0350159533073929,1,0.1128205128205128,0.2923076923076923,0.041025641025641,0.1384615384615384,0.1641025641025641,0.123076923076923,0.0461538461538461,0.441025641025641,0.7128205128205128,0.3179487179487179,0.3948717948717948,0.6579066666666666,0.1774174358974359,0.0352661538461538,0.0390866666666666,0.0903210256410256,0.1237615384615384,0.7385005128205128,0.1377394871794872,0.0139779487179487,1.0,-0.08327589743589747,0.0088175334804205,0.0003990644533449,-0.0380148469060721
2023-09-28,0.0161788040825748,0.0180446295152102,0.0214537878926219,12,633126900.0,1.4592262763219277,0.0093816936922282,0.1422924901185771,0.383399209486166,0.0395256916996047,0.1936758893280632,0.1067193675889328,0.1660079051383399,0.1027667984189723,0.4150197628458498,0.7154150197628458,0.4189723320158103,0.2964426877470356,0.6847407114624505,0.1640217391304348,0.0383351778656126,0.0417873517786561,0.0711142292490118,0.1661608695652174,0.7253094861660079,0.1085288537549407,-0.0576320158102766,1,0.1322957198443579,0.3618677042801556,0.046692607003891,0.1828793774319066,0.1673151750972762,0.1167315175097276,0.1322957198443579,0.4280155642023346,0.9027237354085604,0.3035019455252918,0.5992217898832685,0.6805175097276265,0.1700027237354085,0.0309062256809338,0.038652140077821,0.0799155642023346,0.1235373540856031,0.7179077821011672,0.158553307392996,0.0350159533073929,1.0,-0.08234124513618671,0.0185171243876978,0.0057975020017313,-0.0482985287557941
2023-09-29,0.007128355417637,0.0020357259838945,0.0124782406915644,12,557663200.0,1.4696281598543053,0.0161788040825748,0.1338289962825278,0.3568773234200743,0.0743494423791821,0.1858736059479553,0.1263940520446096,0.1710037174721189,0.1263940520446096,0.3717472118959107,0.7286245353159851,0.3494423791821561,0.379182156133829,0.636582156133829,0.1763669144981412,0.0398661710037174,0.042928252788104,0.1042628252788104,0.1179438661710037,0.7431263940520446,0.1389330855018587,0.020989219330855,1,0.1422924901185771,0.383399209486166,0.0395256916996047,0.1936758893280632,0.1067193675889328,0.1660079051383399,0.1027667984189723,0.4150197628458498,0.7154150197628458,0.4189723320158103,0.2964426877470356,0.6847407114624505,0.1640217391304348,0.0383351778656126,0.0417873517786561,0.0711142292490118,0.1661608695652174,0.7253094861660079,0.1085288537549407,-0.0576320158102766,1.0,-0.08945533596837951,0.0036230859254695,-0.002426878626753,0.010380640345549
2023-10-02,0.0050468684450945,0.0048189671644995,0.0095664981036152,12,569465100.0,1.4770451798402964,0.007128355417637,0.2311714413708529,0.3752194495901589,0.0722765332932053,0.201696010211865,0.1858303453596032,0.1627139795658919,0.1319646597515181,0.4238715318316495,0.7903679142646126,0.4167924988454572,0.3735754154191551,0.6561380528616226,0.1735479949442273,0.0457630766010955,0.0427170349095651,0.0818344320082469,0.1458593927019065,0.730729612160145,0.1234112369000485,-0.022448155801858,3,0.1338289962825278,0.3568773234200743,0.0743494423791821,0.1858736059479553,0.1263940520446096,0.1710037174721189,0.1263940520446096,0.3717472118959107,0.7286245353159851,0.3494423791821561,0.379182156133829,0.636582156133829,0.1763669144981412,0.0398661710037174,0.042928252788104,0.1042628252788104,0.1179438661710037,0.7431263940520446,0.1389330855018587,0.020989219330855,1.0,-0.06904200743494421,0.0050460356112422,-0.0003977180997677,0.0051369948765045
2023-10-03,-0.0190674385964985,-0.0201202350500169,0.0123885402942034,12,637010400.0,1.4488817115694377,0.0050468684450945,0.1666666666666666,0.3012820512820512,0.0641025641025641,0.0833333333333333,0.1666666666666666,0.141025641025641,0.0705128205128205,0.5,0.8141025641025641,0.3461538461538461,0.4679487179487179,0.6640852564102564,0.177175641025641,0.0517846153846153,0.0343967948717948,0.072551923076923,0.1183147435897435,0.7567326923076922,0.1249538461538461,0.0066391025641025,1,0.2311714413708529,0.3752194495901589,0.0722765332932053,0.201696010211865,0.1858303453596032,0.1627139795658919,0.1319646597515181,0.4238715318316495,0.7903679142646126,0.4167924988454572,0.3735754154191551,0.6561380528616226,0.1735479949442273,0.0457630766010955,0.0427170349095651,0.0818344320082469,0.1458593927019065,0.730729612160145,0.1234112369000485,-0.022448155801858,3.0,-0.09475960462751079,-0.0206916934741243,-0.0133861074549058,0.1232254401523627
2023-10-04,0.016463826199962,0.0145108306710278,0.012290167394529,12,520586800.0,1.4727358482530204,-0.0190674385964985,0.144,0.344,0.048,0.144,0.096,0.16,0.064,0.368,0.664,0.272,0.392,0.6584632,0.1632448,0.0384584,0.0396152,0.1002128,0.1217776,0.73698,0.1412487999999999,0.0194712,1,0.1666666666666666,0.3012820512820512,0.0641025641025641,0.0833333333333333,0.1666666666666666,0.141025641025641,0.0705128205128205,0.5,0.8141025641025641,0.3461538461538461,0.4679487179487179,0.6640852564102564,0.177175641025641,0.0517846153846153,0.0343967948717948,0.072551923076923,0.1183147435897435,0.7567326923076922,0.1249538461538461,0.0066391025641025,1.0,-0.1220115384615385,0.0132778356709828,0.0072819447455521,-0.0606673772134717
2023-10-05,-0.0007317683420451,-0.0002994806111309,0.009039889389097,12,528847500.0,1.4716581467830738,0.016463826199962,0.1962616822429906,0.2710280373831775,0.0747663551401869,0.1682242990654205,0.1495327102803738,0.0747663551401869,0.0747663551401869,0.4766355140186916,0.9532710280373832,0.308411214953271,0.6448598130841121,0.6987186915887851,0.134111214953271,0.0335990654205607,0.0322439252336448,0.1013205607476635,0.0986280373831775,0.8055065420560747,0.0958588785046729,-0.0027691588785046,1,0.144,0.344,0.048,0.144,0.096,0.16,0.064,0.368,0.664,0.272,0.392,0.6584632,0.1632448,0.0384584,0.0396152,0.1002128,0.1217776,0.73698,0.1412487999999999,0.0194712,1.0,-0.06187519999999999,-0.0048476162457076,-0.0003767825160456,-0.0048439264239749
2023-10-06,0.0192497503273295,0.0195749453967108,0.0112144600900041,12,612263400.0,1.4999871986758284,-0.0007317683420451,0.2475247524752475,0.3118811881188119,0.0891089108910891,0.2376237623762376,0.1237623762376237,0.2227722772277227,0.1237623762376237,0.396039603960396,0.6881188118811881,0.4158415841584158,0.2722772277227723,0.6015742574257426,0.208819801980198,0.059379207920792,0.038729702970297,0.0914980198019802,0.2024955445544554,0.645808910891089,0.1516920792079208,-0.0508034653465346,1,0.1962616822429906,0.2710280373831775,0.0747663551401869,0.1682242990654205,0.1495327102803738,0.0747663551401869,0.0747663551401869,0.4766355140186916,0.9532710280373832,0.308411214953271,0.6448598130841121,0.6987186915887851,0.134111214953271,0.0335990654205607,0.0322439252336448,0.1013205607476635,0.0986280373831775,0.8055065420560747,0.0958588785046729,-0.0027691588785046,1.0,-0.03414579439252341,0.0214851978282983,0.0118728261663652,-0.0562465668497852
2023-10-09,-0.0021126278084533,-0.003047272786576,0.0067227112160866,12,519307100.0,1.496818284007582,0.0192497503273295,0.1965379188712521,0.3759312169312169,0.0562804232804232,0.2024891240446795,0.1714579659024103,0.1146819517930628,0.0965308641975308,0.4479500293944738,0.8038618459729571,0.3773251028806584,0.4265367430922986,0.6849089149323927,0.1593837926513814,0.0377313536155202,0.0365009420928865,0.0814757264550264,0.1212199270429159,0.7554390303938859,0.1233404252792474,0.0021204982363315,3,0.2475247524752475,0.3118811881188119,0.0891089108910891,0.2376237623762376,0.1237623762376237,0.2227722772277227,0.1237623762376237,0.396039603960396,0.6881188118811881,0.4158415841584158,0.2722772277227723,0.6015742574257426,0.208819801980198,0.059379207920792,0.038729702970297,0.0914980198019802,0.2024955445544554,0.645808910891089,0.1516920792079208,-0.0508034653465346,1.0,-0.13797128712871282,-0.0024991643461593,0.0064020921089704,0.014326646938088
2023-10-10,0.0107264085104562,0.0111272642416566,0.0073846133539455,12,505844500.0,1.512873768387767,-0.0021126278084533,0.1850393700787401,0.3818897637795275,0.0629921259842519,0.2165354330708661,0.1496062992125984,0.1535433070866141,0.1181102362204724,0.374015748031496,0.7913385826771654,0.3818897637795275,0.4094488188976378,0.6486055118110237,0.1973240157480315,0.0395507874015748,0.0415779527559055,0.0729374015748031,0.1561385826771653,0.712142125984252,0.1317228346456692,-0.024415748031496,1,0.1965379188712521,0.3759312169312169,0.0562804232804232,0.2024891240446795,0.1714579659024103,0.1146819517930628,0.0965308641975308,0.4479500293944738,0.8038618459729571,0.3773251028806584,0.4265367430922986,0.6849089149323927,0.1593837926513814,0.0377313536155202,0.0365009420928865,0.0814757264550264,0.1212199270429159,0.7554390303938859,0.1233404252792474,0.0021204982363315,3.0,-0.07913847771898869,0.0128189205966839,0.0052048666056285,-0.0378531100234076
2023-10-11,0.0092796812221361,0.01196922564669,0.010232879891617,12,508682100.0,1.5269127546877372,0.0107264085104562,0.1512195121951219,0.3512195121951219,0.073170731707317,0.1658536585365853,0.1121951219512195,0.1414634146341463,0.1073170731707317,0.4341463414634146,0.8585365853658536,0.3463414634146341,0.5121951219512195,0.6584814634146341,0.1904536585365853,0.0414497560975609,0.0337326829268292,0.0758751219512195,0.1210634146341463,0.7519331707317073,0.1270058536585366,0.0059424390243902,1,0.1850393700787401,0.3818897637795275,0.0629921259842519,0.2165354330708661,0.1496062992125984,0.1535433070866141,0.1181102362204724,0.374015748031496,0.7913385826771654,0.3818897637795275,0.4094488188976378,0.6486055118110237,0.1973240157480315,0.0395507874015748,0.0415779527559055,0.0729374015748031,0.1561385826771653,0.712142125984252,0.1317228346456692,-0.024415748031496,1.0,-0.12235944881889768,0.0075236346149125,0.0040963096478541,-0.055196740819555
2023-10-12,0.0108024397387678,0.0044984383552499,0.0154909801220408,12,669110000.0,1.5434071377066074,0.0092796812221361,0.2083333333333333,0.4166666666666667,0.0729166666666666,0.234375,0.1927083333333333,0.21875,0.1145833333333333,0.4583333333333333,0.984375,0.46875,0.515625,0.6500203125,0.1858697916666666,0.0357375,0.0453427083333333,0.0830276041666666,0.113559375,0.7841515625,0.1022854166666666,-0.0112739583333333,1,0.1512195121951219,0.3512195121951219,0.073170731707317,0.1658536585365853,0.1121951219512195,0.1414634146341463,0.1073170731707317,0.4341463414634146,0.8585365853658536,0.3463414634146341,0.5121951219512195,0.6584814634146341,0.1904536585365853,0.0414497560975609,0.0337326829268292,0.0758751219512195,0.1210634146341463,0.7519331707317073,0.1270058536585366,0.0059424390243902,1.0,-0.12229560975609752,0.0025572514979865,-0.0060963787070308,0.0372902657414346
2023-10-13,-0.025203589502434,-0.0258709353831339,0.0079479338060635,12,638331300.0,1.5045077377727234,0.0108024397387678,0.1935483870967742,0.3830645161290322,0.1169354838709677,0.2580645161290322,0.1733870967741935,0.1693548387096774,0.0766129032258064,0.4516129032258064,0.75,0.4516129032258064,0.2983870967741935,0.632016935483871,0.2014532258064516,0.0464129032258064,0.0355568548387096,0.084558064516129,0.1491774193548387,0.7262084677419355,0.1246096774193548,-0.0245677419354838,1,0.2083333333333333,0.4166666666666667,0.0729166666666666,0.234375,0.1927083333333333,0.21875,0.1145833333333333,0.4583333333333333,0.984375,0.46875,0.515625,0.6500203125,0.1858697916666666,0.0357375,0.0453427083333333,0.0830276041666666,0.113559375,0.7841515625,0.1022854166666666,-0.0112739583333333,1.0,-0.09323697916666668,-0.0272227686653132,-0.0049807815479627,0.157579333529668
2023-10-16,0.0110084751440729,0.011037413905797,0.0075012727528067,12,522149800.0,1.5210700738080598,-0.025203589502434,0.148292111016163,0.3654818848578506,0.0723944887396418,0.2050768854160252,0.1658011707148088,0.1424705756907222,0.1215696168820018,0.4136763278421972,0.805835051659931,0.3317220861411015,0.4741129655188295,0.6531654716174496,0.1770399229318631,0.0360547657494081,0.0413679802241007,0.0923713358193376,0.1339834395717224,0.730853084868063,0.1351664708850645,0.0011830313133421,3,0.1935483870967742,0.3830645161290322,0.1169354838709677,0.2580645161290322,0.1733870967741935,0.1693548387096774,0.0766129032258064,0.4516129032258064,0.75,0.4516129032258064,0.2983870967741935,0.632016935483871,0.2014532258064516,0.0464129032258064,0.0355568548387096,0.084558064516129,0.1491774193548387,0.7262084677419355,0.1246096774193548,-0.0245677419354838,1.0,-0.1277512096774194,0.0141602121338875,0.0105212366340272,-0.1092132838344105
2023-10-17,-0.0067715453337921,-0.0057716294572026,0.016574813811501,12,974146800.0,1.510770078847394,0.0110084751440729,0.1049382716049382,0.2962962962962963,0.0432098765432098,0.1296296296296296,0.1265432098765432,0.1296296296296296,0.0895061728395061,0.3919753086419753,0.8950617283950617,0.2839506172839506,0.6111111111111112,0.6944888888888888,0.1408379629629629,0.032879012345679,0.0429679012345679,0.0888185185185185,0.1451682098765432,0.6852212962962962,0.1696138888888889,0.0244456790123456,1,0.148292111016163,0.3654818848578506,0.0723944887396418,0.2050768854160252,0.1658011707148088,0.1424705756907222,0.1215696168820018,0.4136763278421972,0.805835051659931,0.3317220861411015,0.4741129655188295,0.6531654716174496,0.1770399229318631,0.0360547657494081,0.0413679802241007,0.0923713358193376,0.1339834395717224,0.730853084868063,0.1351664708850645,0.0011830313133421,3.0,-0.0793553726378329,-0.0073016233109332,-4.5850583562434544e-05,0.0389308606586991
2023-10-18,-0.0174601253191332,-0.0130763732362982,0.0147721235812372,12,779291100.0,1.4843918439423218,-0.0067715453337921,0.1361867704280155,0.3190661478599221,0.0661478599221789,0.1400778210116731,0.1400778210116731,0.1206225680933852,0.1011673151750972,0.311284046692607,0.7198443579766537,0.3385214007782101,0.3813229571984435,0.6250548638132296,0.1809591439688716,0.0491976653696498,0.0440875486381323,0.1007003891050583,0.1551747081712062,0.6723132295719845,0.1725167315175097,0.0173420233463035,1,0.1049382716049382,0.2962962962962963,0.0432098765432098,0.1296296296296296,0.1265432098765432,0.1296296296296296,0.0895061728395061,0.3919753086419753,0.8950617283950617,0.2839506172839506,0.6111111111111112,0.6944888888888888,0.1408379629629629,0.032879012345679,0.0429679012345679,0.0888185185185185,0.1451682098765432,0.6852212962962962,0.1696138888888889,0.0244456790123456,1.0,-0.04193055555555547,-0.0180245009004933,-0.013325079368472,0.074944083640015
2023-10-19,-0.0128511250132437,-0.0087028668397351,0.0269595504735365,12,708393800.0,1.4653157387871798,-0.0174601253191332,0.1742160278745644,0.3902439024390244,0.0696864111498257,0.2264808362369338,0.1463414634146341,0.2613240418118467,0.1533101045296167,0.3763066202090592,0.6968641114982579,0.4773519163763066,0.2195121951219512,0.6880334494773519,0.1481682926829268,0.034866550522648,0.0404233449477351,0.0885101045296167,0.1810843205574912,0.6773365853658536,0.141574912891986,-0.0395094076655052,1,0.1361867704280155,0.3190661478599221,0.0661478599221789,0.1400778210116731,0.1400778210116731,0.1206225680933852,0.1011673151750972,0.311284046692607,0.7198443579766537,0.3385214007782101,0.3813229571984435,0.6250548638132296,0.1809591439688716,0.0491976653696498,0.0440875486381323,0.1007003891050583,0.1551747081712062,0.6723132295719845,0.1725167315175097,0.0173420233463035,1.0,-0.08536887159533081,-0.0154053610194456,-0.0087863413221871,0.113423537099768
2023-10-20,-0.012780139583208,-0.0146723195251128,0.0082410961178062,12,660234600.0,1.446588799112008,-0.0128511250132437,0.2042553191489361,0.2808510638297872,0.0638297872340425,0.2553191489361702,0.1404255319148936,0.2085106382978723,0.1191489361702127,0.4,0.8042553191489362,0.451063829787234,0.3531914893617021,0.6377612765957447,0.1739327659574468,0.0567085106382978,0.0398034042553191,0.0917970212765957,0.1664931914893617,0.6957685106382978,0.1377361702127659,-0.0287570212765957,1,0.1742160278745644,0.3902439024390244,0.0696864111498257,0.2264808362369338,0.1463414634146341,0.2613240418118467,0.1533101045296167,0.3763066202090592,0.6968641114982579,0.4773519163763066,0.2195121951219512,0.6880334494773519,0.1481682926829268,0.034866550522648,0.0404233449477351,0.0885101045296167,0.1810843205574912,0.6773365853658536,0.141574912891986,-0.0395094076655052,1.0,-0.05410139372822301,-0.0144614747095601,-0.0122880766207881,0.0144859566106698
2023-10-23,-0.0002419932509039,-0.0005114422105346,0.0168295379844798,12,646592000.0,1.4462387343857896,-0.012780139583208,0.1480279257161596,0.3553311235684124,0.0584765362673385,0.1700886035447398,0.1530001686366159,0.1431240526650067,0.1213142002813992,0.4083282384414823,0.8841720173225417,0.3248130158832856,0.559359001439256,0.6652849747312394,0.182401526904427,0.0395670457229956,0.0315842996818557,0.0811619672462564,0.1397594874044939,0.7405545069562831,0.1196875439748746,-0.0200719434296193,3,0.2042553191489361,0.2808510638297872,0.0638297872340425,0.2553191489361702,0.1404255319148936,0.2085106382978723,0.1191489361702127,0.4,0.8042553191489362,0.451063829787234,0.3531914893617021,0.6377612765957447,0.1739327659574468,0.0567085106382978,0.0398034042553191,0.0917970212765957,0.1664931914893617,0.6957685106382978,0.1377361702127659,-0.0287570212765957,1.0,-0.09904085106382979,-0.0056854780021462,-0.0017331862026238,-0.0617226302048831
2023-10-24,0.0139487981834325,0.0163037570239713,0.0066425976356059,12,570963400.0,1.4664120266168,-0.0002419932509039,0.1464646464646464,0.4242424242424242,0.0757575757575757,0.2828282828282828,0.2121212121212121,0.1868686868686868,0.1464646464646464,0.494949494949495,0.8939393939393939,0.3333333333333333,0.5606060606060606,0.6670833333333334,0.1746313131313131,0.0329848484848484,0.0429171717171717,0.0823848484848484,0.130070202020202,0.705489898989899,0.1644373737373737,0.0343671717171717,1,0.1480279257161596,0.3553311235684124,0.0584765362673385,0.1700886035447398,0.1530001686366159,0.1431240526650067,0.1213142002813992,0.4083282384414823,0.8841720173225417,0.3248130158832856,0.559359001439256,0.6652849747312394,0.182401526904427,0.0395670457229956,0.0315842996818557,0.0811619672462564,0.1397594874044939,0.7405545069562831,0.1196875439748746,-0.0200719434296193,3.0,-0.10922230569931052,0.0135697737886855,0.007539412967386,-0.0687285944133321
2023-10-25,-0.0387090441360655,-0.0374637395461017,0.0089905433771395,12,581870700.0,1.4096486187568331,0.0139487981834325,0.154696132596685,0.3646408839779005,0.0607734806629834,0.2209944751381215,0.2044198895027624,0.1878453038674033,0.143646408839779,0.430939226519337,0.7790055248618785,0.3756906077348066,0.4033149171270718,0.6416906077348067,0.1833408839779005,0.0406469613259668,0.0426955801104972,0.0916254143646408,0.1287690607734806,0.6854563535911602,0.1857740331491713,0.0570049723756906,1,0.1464646464646464,0.4242424242424242,0.0757575757575757,0.2828282828282828,0.2121212121212121,0.1868686868686868,0.1464646464646464,0.494949494949495,0.8939393939393939,0.3333333333333333,0.5606060606060606,0.6670833333333334,0.1746313131313131,0.0329848484848484,0.0429171717171717,0.0823848484848484,0.130070202020202,0.705489898989899,0.1644373737373737,0.0343671717171717,1.0,-0.08231414141414142,-0.0404243766809807,-0.0143522495028491,0.0643121383691494
2023-10-26,-0.009555731380574,-0.0058052869701509,0.0166084672689675,12,740591900.0,1.3961783952149958,-0.0387090441360655,0.152317880794702,0.4503311258278146,0.0562913907284768,0.1721854304635761,0.1026490066225165,0.1655629139072847,0.1059602649006622,0.4403973509933774,0.8774834437086093,0.3675496688741722,0.5099337748344371,0.6557062913907284,0.1971814569536424,0.0386109271523178,0.036819536423841,0.0716907284768211,0.1686897350993377,0.710676821192053,0.1206324503311258,-0.0480572847682119,1,0.154696132596685,0.3646408839779005,0.0607734806629834,0.2209944751381215,0.2044198895027624,0.1878453038674033,0.143646408839779,0.430939226519337,0.7790055248618785,0.3756906077348066,0.4033149171270718,0.6416906077348067,0.1833408839779005,0.0406469613259668,0.0426955801104972,0.0916254143646408,0.1287690607734806,0.6854563535911602,0.1857740331491713,0.0570049723756906,1.0,-0.08966685082872927,-0.005947245606088,-0.0119746847793869,0.0242694283386275
2023-10-27,0.0139014094420773,0.0061339980659814,0.0273706679625814,12,625734100.0,1.4155872427410618,-0.009555731380574,0.1263537906137184,0.3826714801444043,0.0541516245487364,0.1949458483754512,0.2057761732851985,0.1768953068592057,0.1227436823104693,0.4296028880866426,0.9711191335740073,0.335740072202166,0.6353790613718412,0.629954512635379,0.1981490974729242,0.0385454873646209,0.0372263537906137,0.0961317689530685,0.150696750902527,0.7005530685920578,0.1487505415162454,-0.0019462093862815,1,0.152317880794702,0.4503311258278146,0.0562913907284768,0.1721854304635761,0.1026490066225165,0.1655629139072847,0.1059602649006622,0.4403973509933774,0.8774834437086093,0.3675496688741722,0.5099337748344371,0.6557062913907284,0.1971814569536424,0.0386109271523178,0.036819536423841,0.0716907284768211,0.1686897350993377,0.710676821192053,0.1206324503311258,-0.0480572847682119,1.0,-0.12728211920529808,0.0107598201861451,-0.0045327678960916,0.0285299876151465
2023-10-30,0.0025873607604233,0.0021305917665799,0.0069636272031431,12,539078100.0,1.4192498776258862,0.0139014094420773,0.131374341743524,0.2951879181761962,0.0560638326241242,0.143528165821584,0.1115802345913698,0.1268769277851217,0.0844631789073482,0.3743549499236187,0.6791609364861072,0.2944483598032754,0.3847125766828318,0.6591523086437154,0.1812223889614817,0.040487180649577,0.0356379936050549,0.0834993688483892,0.1244909903021852,0.753687363850275,0.121824105742625,-0.0026668845595602,3,0.1263537906137184,0.3826714801444043,0.0541516245487364,0.1949458483754512,0.2057761732851985,0.1768953068592057,0.1227436823104693,0.4296028880866426,0.9711191335740073,0.335740072202166,0.6353790613718412,0.629954512635379,0.1981490974729242,0.0385454873646209,0.0372263537906137,0.0961317689530685,0.150696750902527,0.7005530685920578,0.1487505415162454,-0.0019462093862815,1.0,-0.10333646209386291,-0.0133909416576496,0.0119558952573695,-0.0714621732510994
2023-10-31,0.0107447013573121,0.0104156368296876,0.0098969083161874,12,698498300.0,1.434499293712378,0.0025873607604233,0.178988326848249,0.4319066147859922,0.0622568093385214,0.1517509727626459,0.1439688715953307,0.1556420233463035,0.1089494163424124,0.5175097276264592,0.9377431906614786,0.3813229571984435,0.556420233463035,0.7101147859922179,0.1418568093385214,0.0323949416342412,0.0368431906614786,0.0787918287937743,0.1665509727626459,0.663288326848249,0.1701568093385214,0.0036058365758754,1,0.131374341743524,0.2951879181761962,0.0560638326241242,0.143528165821584,0.1115802345913698,0.1268769277851217,0.0844631789073482,0.3743549499236187,0.6791609364861072,0.2944483598032754,0.3847125766828318,0.6591523086437154,0.1812223889614817,0.040487180649577,0.0356379936050549,0.0834993688483892,0.1244909903021852,0.753687363850275,0.121824105742625,-0.0026668845595602,3.0,-0.10257220715761461,0.0091471675980936,0.0062802423883556,-0.0815190182456487
2023-11-01,0.0282779057632106,0.0200220913931006,0.0234339963278204,12,701982600.0,1.4750639295573686,0.0107447013573121,0.1587301587301587,0.328042328042328,0.1058201058201058,0.1798941798941798,0.2063492063492063,0.2169312169312169,0.1269841269841269,0.5185185185185185,1.0105820105820107,0.4444444444444444,0.5661375661375662,0.6489116402116403,0.1842190476190476,0.0389931216931216,0.0364761904761904,0.0914058201058201,0.1698550264550264,0.6672015873015873,0.1629407407407407,-0.0069142857142857,1,0.178988326848249,0.4319066147859922,0.0622568093385214,0.1517509727626459,0.1439688715953307,0.1556420233463035,0.1089494163424124,0.5175097276264592,0.9377431906614786,0.3813229571984435,0.556420233463035,0.7101147859922179,0.1418568093385214,0.0323949416342412,0.0368431906614786,0.0787918287937743,0.1665509727626459,0.663288326848249,0.1701568093385214,0.0036058365758754,1.0,-0.05861673151750971,0.0235313178090985,0.010664768860745,-0.0700109478029951
2023-11-02,0.0252983470512528,0.0260195212031553,0.0146606567857293,12,611364800.0,1.5123806087700955,0.0282779057632106,0.2039800995024875,0.5074626865671642,0.0547263681592039,0.2288557213930348,0.2686567164179104,0.1741293532338308,0.1293532338308457,0.7761194029850746,1.2686567164179106,0.5373134328358209,0.7313432835820896,0.6090701492537314,0.204118407960199,0.0484159203980099,0.0402975124378109,0.098092039800995,0.1770562189054726,0.6745587064676617,0.1483855721393034,-0.0286706467661691,1,0.1587301587301587,0.328042328042328,0.1058201058201058,0.1798941798941798,0.2063492063492063,0.2169312169312169,0.1269841269841269,0.5185185185185185,1.0105820105820107,0.4444444444444444,0.5661375661375662,0.6489116402116403,0.1842190476190476,0.0389931216931216,0.0364761904761904,0.0914058201058201,0.1698550264550264,0.6672015873015873,0.1629407407407407,-0.0069142857142857,1.0,-0.09533015873015871,0.0227253117400123,0.0191644088315841,-0.0717250107662871
2023-11-03,0.0232074693343979,0.0179291978669756,0.0129320090674386,12,599975100.0,1.547479135370066,0.0252983470512528,0.2051282051282051,0.3384615384615385,0.0615384615384615,0.1641025641025641,0.2153846153846154,0.1743589743589743,0.0769230769230769,0.4512820512820513,0.8153846153846154,0.4051282051282051,0.4102564102564102,0.6798641025641026,0.1603364102564102,0.0405835897435897,0.0381410256410256,0.0810723076923077,0.1108210256410256,0.7221799999999999,0.1669989743589743,0.0561779487179487,1,0.2039800995024875,0.5074626865671642,0.0547263681592039,0.2288557213930348,0.2686567164179104,0.1741293532338308,0.1293532338308457,0.7761194029850746,1.2686567164179106,0.5373134328358209,0.7313432835820896,0.6090701492537314,0.204118407960199,0.0484159203980099,0.0402975124378109,0.098092039800995,0.1770562189054726,0.6745587064676617,0.1483855721393034,-0.0286706467661691,1.0,-0.11414477611940302,0.0262798677660385,0.0091233254741356,-0.0478927207731704
2023-11-06,0.0021553012104503,0.0009545940026596,0.0067813992057415,12,532427500.0,1.5508144190236757,0.0232074693343979,0.1395336156658065,0.3754317331428714,0.0540109851615359,0.1776861449444068,0.1975541118747972,0.1574749313427403,0.1084874258068872,0.5045958280352405,0.9681835459069242,0.3541725512349747,0.6140109946719493,0.6473276153716178,0.185676932943977,0.0395368856074792,0.0359425893907534,0.0915230860689244,0.0901016531396886,0.7789735737391491,0.1309225586451718,0.0408209055054831,3,0.2051282051282051,0.3384615384615385,0.0615384615384615,0.1641025641025641,0.2153846153846154,0.1743589743589743,0.0769230769230769,0.4512820512820513,0.8153846153846154,0.4051282051282051,0.4102564102564102,0.6798641025641026,0.1603364102564102,0.0405835897435897,0.0381410256410256,0.0810723076923077,0.1108210256410256,0.7221799999999999,0.1669989743589743,0.0561779487179487,1.0,-0.08170666666666662,-0.0018513927967921,0.002300517960583,-0.0013413483765277
2023-11-07,0.0068619622590136,0.0055231362012609,0.0083206487483215,12,487063200.0,1.56145604903775,0.0021553012104503,0.2322834645669291,0.4251968503937008,0.0472440944881889,0.2637795275590551,0.1653543307086614,0.0826771653543307,0.0826771653543307,0.4330708661417323,1.0,0.3228346456692913,0.6771653543307087,0.703582283464567,0.1591956692913385,0.0353681102362204,0.035001968503937,0.0668531496062992,0.090855905511811,0.745244094488189,0.1638992125984252,0.0730433070866141,1,0.1395336156658065,0.3754317331428714,0.0540109851615359,0.1776861449444068,0.1975541118747972,0.1574749313427403,0.1084874258068872,0.5045958280352405,0.9681835459069242,0.3541725512349747,0.6140109946719493,0.6473276153716178,0.185676932943977,0.0395368856074792,0.0359425893907534,0.0915230860689244,0.0901016531396886,0.7789735737391491,0.1309225586451718,0.0408209055054831,3.0,-0.0977481430917784,0.0063661013193507,0.0028461034506033,-0.0053727281303878
2023-11-08,0.00387164884781,0.0062493399725475,0.0118638331250143,12,483136200.0,1.567501458550913,0.0068619622590136,0.1063829787234042,0.2606382978723404,0.0372340425531914,0.101063829787234,0.175531914893617,0.1063829787234042,0.0957446808510638,0.425531914893617,1.0159574468085106,0.2872340425531915,0.7287234042553191,0.720058510638298,0.1282670212765957,0.030881914893617,0.040275,0.0805122340425532,0.1227010638297872,0.6988159574468085,0.1784808510638298,0.0557797872340425,1,0.2322834645669291,0.4251968503937008,0.0472440944881889,0.2637795275590551,0.1653543307086614,0.0826771653543307,0.0826771653543307,0.4330708661417323,1.0,0.3228346456692913,0.6771653543307087,0.703582283464567,0.1591956692913385,0.0353681102362204,0.035001968503937,0.0668531496062992,0.090855905511811,0.745244094488189,0.1638992125984252,0.0730433070866141,1.0,-0.09270866141732269,0.0010054300039992,0.0007323310805187,-0.0243079405909213
2023-11-09,0.0012986903646869,-0.0003030647578411,0.0091595862941593,12,748873800.0,1.569537157591766,0.00387164884781,0.1232876712328767,0.3082191780821918,0.0410958904109589,0.1506849315068493,0.136986301369863,0.1027397260273972,0.1232876712328767,0.3493150684931507,0.726027397260274,0.2945205479452055,0.4315068493150685,0.6908616438356164,0.1579328767123287,0.0400335616438356,0.0370924657534246,0.0740719178082191,0.1230965753424657,0.7130308219178083,0.1638712328767123,0.0407746575342465,1,0.1063829787234042,0.2606382978723404,0.0372340425531914,0.101063829787234,0.175531914893617,0.1063829787234042,0.0957446808510638,0.425531914893617,1.0159574468085106,0.2872340425531915,0.7287234042553191,0.720058510638298,0.1282670212765957,0.030881914893617,0.040275,0.0805122340425532,0.1227010638297872,0.6988159574468085,0.1784808510638298,0.0557797872340425,1.0,-0.03836170212765949,-0.0047920183637587,-0.0077987345120877,0.058131499216304
2023-11-10,0.0433266304500019,0.0437693797071171,0.012344242195693,12,649521700.0,1.637539913996291,0.0012986903646869,0.1193181818181818,0.375,0.0625,0.2443181818181818,0.1590909090909091,0.2045454545454545,0.1420454545454545,0.3863636363636363,0.6704545454545454,0.4261363636363636,0.2443181818181818,0.6720732954545454,0.1755113636363636,0.0473011363636363,0.0359994318181818,0.0691153409090909,0.1565585227272727,0.68793125,0.1555096590909091,-0.0010488636363636,1,0.1232876712328767,0.3082191780821918,0.0410958904109589,0.1506849315068493,0.136986301369863,0.1027397260273972,0.1232876712328767,0.3493150684931507,0.726027397260274,0.2945205479452055,0.4315068493150685,0.6908616438356164,0.1579328767123287,0.0400335616438356,0.0370924657534246,0.0740719178082191,0.1230965753424657,0.7130308219178083,0.1638712328767123,0.0407746575342465,1.0,-0.08680205479452058,0.0403290880340612,0.0156048216406754,-0.0732504832147394
2023-11-13,-0.0103429227272029,-0.0107638388418881,0.0072377816578649,12,519249200.0,1.6206029652031169,0.0433266304500019,0.178930316984534,0.3306665770960649,0.0840077115157517,0.1836211764248786,0.1620951589842105,0.1887695353495642,0.1017400184961154,0.4141111588803172,0.8531324578982765,0.385089989996257,0.4680424679020195,0.6636827695262107,0.1794931202055378,0.0332923277889611,0.0353396327225884,0.088190692652509,0.1277650569210217,0.7397465649420397,0.1324891207926634,0.0047240638716417,3,0.1193181818181818,0.375,0.0625,0.2443181818181818,0.1590909090909091,0.2045454545454545,0.1420454545454545,0.3863636363636363,0.6704545454545454,0.4261363636363636,0.2443181818181818,0.6720732954545454,0.1755113636363636,0.0473011363636363,0.0359994318181818,0.0691153409090909,0.1565585227272727,0.68793125,0.1555096590909091,-0.0010488636363636,1.0,-0.1176977272727272,-0.0097422118708054,-0.0009531611917122,0.0416372723649414
2023-11-14,0.0322744126054364,0.0299247005312337,0.0115262146671776,12,616266000.0,1.672906973971676,-0.0103429227272029,0.1935483870967742,0.3691756272401433,0.068100358422939,0.2616487455197133,0.1577060931899641,0.1827956989247312,0.2222222222222222,0.5591397849462365,0.8673835125448028,0.4050179211469534,0.4623655913978494,0.6717275985663083,0.152253046594982,0.0442946236559139,0.0452448028673835,0.0864802867383512,0.1203096774193548,0.7090132616487455,0.1706781362007168,0.050368458781362,1,0.178930316984534,0.3306665770960649,0.0840077115157517,0.1836211764248786,0.1620951589842105,0.1887695353495642,0.1017400184961154,0.4141111588803172,0.8531324578982765,0.385089989996257,0.4680424679020195,0.6636827695262107,0.1794931202055378,0.0332923277889611,0.0353396327225884,0.088190692652509,0.1277650569210217,0.7397465649420397,0.1324891207926634,0.0047240638716417,3.0,-0.08925512261940148,0.0369835352697189,0.0194006271016695,-0.0406504317185353
2023-11-15,0.0026194088435276,0.0024814063011116,0.0120487149680113,12,648083800.0,1.6772890012936963,0.0322744126054364,0.1173708920187793,0.352112676056338,0.0657276995305164,0.1784037558685446,0.1830985915492957,0.136150234741784,0.1877934272300469,0.3708920187793427,0.704225352112676,0.3427230046948357,0.3615023474178404,0.6354492957746478,0.1555291079812206,0.0340361502347417,0.0569399061032863,0.1180469483568075,0.0801596244131455,0.7522896713615023,0.167550234741784,0.0873906103286385,1,0.1935483870967742,0.3691756272401433,0.068100358422939,0.2616487455197133,0.1577060931899641,0.1827956989247312,0.2222222222222222,0.5591397849462365,0.8673835125448028,0.4050179211469534,0.4623655913978494,0.6717275985663083,0.152253046594982,0.0442946236559139,0.0452448028673835,0.0864802867383512,0.1203096774193548,0.7090132616487455,0.1706781362007168,0.050368458781362,1.0,-0.0648225806451612,0.0072627532788627,0.0021170485874333,0.0014124617216946
2023-11-16,0.0023961470103231,-0.0008624857826614,0.0255010607310159,12,575518400.0,1.681308032319594,0.0026194088435276,0.0970873786407767,0.313915857605178,0.0323624595469255,0.1618122977346278,0.1262135922330097,0.0809061488673139,0.087378640776699,0.517799352750809,0.8770226537216829,0.2686084142394822,0.6084142394822006,0.6772016181229774,0.1554744336569579,0.0303608414239482,0.0504644012944983,0.0865055016181229,0.1147831715210355,0.7276627831715211,0.1575550161812297,0.0427718446601941,1,0.1173708920187793,0.352112676056338,0.0657276995305164,0.1784037558685446,0.1830985915492957,0.136150234741784,0.1877934272300469,0.3708920187793427,0.704225352112676,0.3427230046948357,0.3615023474178404,0.6354492957746478,0.1555291079812206,0.0340361502347417,0.0569399061032863,0.1180469483568075,0.0801596244131455,0.7522896713615023,0.167550234741784,0.0873906103286385,1.0,-0.014578403755868496,0.0004885023807561,0.0012230998892215,0.0098730173931897
2023-11-17,0.0036029903560964,0.0071297340662338,0.0154140426132544,12,494252500.0,1.6873657689456694,0.0023961470103231,0.1433447098976109,0.3174061433447099,0.0614334470989761,0.1399317406143344,0.1262798634812286,0.167235494880546,0.0955631399317406,0.3993174061433447,0.78839590443686,0.3617747440273037,0.4266211604095563,0.641278156996587,0.1959897610921501,0.0329071672354948,0.0348515358361774,0.0949716723549488,0.1127525597269624,0.6914515358361775,0.1958,0.0830474402730375,1,0.0970873786407767,0.313915857605178,0.0323624595469255,0.1618122977346278,0.1262135922330097,0.0809061488673139,0.087378640776699,0.517799352750809,0.8770226537216829,0.2686084142394822,0.6084142394822006,0.6772016181229774,0.1554744336569579,0.0303608414239482,0.0504644012944983,0.0865055016181229,0.1147831715210355,0.7276627831715211,0.1575550161812297,0.0427718446601941,1.0,-0.04886537216828489,0.0070310904626216,0.0012439133873205,-0.0363128153052476
2023-11-20,0.0159806124179621,0.0163917117387638,0.0088858322586442,12,571622500.0,1.714330907306527,0.0036029903560964,0.135201742197372,0.3229951995718226,0.0740600347212395,0.1596464794072419,0.153043086536043,0.1475169145356686,0.0880820981895602,0.3891016987026818,0.7166227399625519,0.3346180398091751,0.3820047001533768,0.6690058101438939,0.1767400892390236,0.0390236487059041,0.0361403974631505,0.0790918255665546,0.1188055825716212,0.751654168098456,0.1295407005189637,0.0107351179473423,3,0.1433447098976109,0.3174061433447099,0.0614334470989761,0.1399317406143344,0.1262798634812286,0.167235494880546,0.0955631399317406,0.3993174061433447,0.78839590443686,0.3617747440273037,0.4266211604095563,0.641278156996587,0.1959897610921501,0.0329071672354948,0.0348515358361774,0.0949716723549488,0.1127525597269624,0.6914515358361775,0.1958,0.0830474402730375,1.0,-0.09907372013651872,0.0147399468851709,0.0076976109280331,-0.0282608940530736
2023-11-21,-0.0185089302002178,-0.0178032348859349,0.0059215600128786,12,749949400.0,1.6826004762031144,0.0159806124179621,0.1524390243902439,0.4024390243902439,0.0853658536585365,0.1890243902439024,0.1890243902439024,0.1006097560975609,0.0884146341463414,0.4908536585365853,0.9085365853658536,0.2865853658536585,0.6219512195121951,0.6929274390243902,0.1564368902439024,0.032440243902439,0.0417542682926829,0.0764445121951219,0.1286067073170731,0.6582317073170731,0.2131585365853658,0.0845518292682926,1,0.135201742197372,0.3229951995718226,0.0740600347212395,0.1596464794072419,0.153043086536043,0.1475169145356686,0.0880820981895602,0.3891016987026818,0.7166227399625519,0.3346180398091751,0.3820047001533768,0.6690058101438939,0.1767400892390236,0.0390236487059041,0.0361403974631505,0.0790918255665546,0.1188055825716212,0.751654168098456,0.1295407005189637,0.0107351179473423,3.0,-0.10053151491522261,-0.0186924453363204,-0.0021792992973678,-0.0044742331562338
2023-11-22,0.0038305460618954,0.0037360127277696,0.0129177330607693,12,1065420700.0,1.6890457548309776,-0.0185089302002178,0.1661016949152542,0.3457627118644067,0.0745762711864406,0.1389830508474576,0.1796610169491525,0.1796610169491525,0.1186440677966101,0.4067796610169492,0.8440677966101695,0.3661016949152542,0.4779661016949152,0.642624406779661,0.1871111864406779,0.0352901694915254,0.0341969491525423,0.1007738983050847,0.1112054237288135,0.6950271186440677,0.1937742372881356,0.082568813559322,1,0.1524390243902439,0.4024390243902439,0.0853658536585365,0.1890243902439024,0.1890243902439024,0.1006097560975609,0.0884146341463414,0.4908536585365853,0.9085365853658536,0.2865853658536585,0.6219512195121951,0.6929274390243902,0.1564368902439024,0.032440243902439,0.0417542682926829,0.0764445121951219,0.1286067073170731,0.6582317073170731,0.2131585365853658,0.0845518292682926,1.0,-0.07067835365853659,0.0031941524724967,0.003860567249645,-0.0374531824503928
2023-11-24,0.000897850831939,0.0023067487472389,0.0083084364076105,12,370974800.0,1.6905622659671358,0.0038305460618954,0.1166797797010227,0.3129556779438761,0.0714310691494011,0.1821400472069236,0.1360958125710289,0.1662120814756534,0.0880583967129993,0.3524346533787919,0.702876125535449,0.3253518664218899,0.3775242591135588,0.6683294999562899,0.1772456237433342,0.037909395052015,0.0361120596205961,0.0804019284902526,0.1311057845965555,0.7545578826820526,0.114335680566483,-0.0167701040300725,2,0.1661016949152542,0.3457627118644067,0.0745762711864406,0.1389830508474576,0.1796610169491525,0.1796610169491525,0.1186440677966101,0.4067796610169492,0.8440677966101695,0.3661016949152542,0.4779661016949152,0.642624406779661,0.1871111864406779,0.0352901694915254,0.0341969491525423,0.1007738983050847,0.1112054237288135,0.6950271186440677,0.1937742372881356,0.082568813559322,1.0,-0.0874305084745763,0.0007185180810644,0.0006154785911705,-0.0303502203692656
2023-11-27,-0.0002051959951542,0.0027548683427923,0.0103215642330522,12,602262000.0,1.6902153693606004,0.000897850831939,0.16384258882836,0.3928286852589641,0.0799125493490889,0.1944214073411568,0.186324994805359,0.1589822117425987,0.1367961261529844,0.4568393094289509,0.9110849120524704,0.3564824601819479,0.5546024518705224,0.6395885333044241,0.1812834356903451,0.0373473690724629,0.0435271989592649,0.098252672575006,0.1198595710581709,0.7474505854134482,0.132691032333252,0.012831461275081,3,0.1166797797010227,0.3129556779438761,0.0714310691494011,0.1821400472069236,0.1360958125710289,0.1662120814756534,0.0880583967129993,0.3524346533787919,0.702876125535449,0.3253518664218899,0.3775242591135588,0.6683294999562899,0.1772456237433342,0.037909395052015,0.0361120596205961,0.0804019284902526,0.1311057845965555,0.7545578826820526,0.114335680566483,-0.0167701040300725,2.0,-0.09864103068450049,-0.0013969324874918,-0.0018009741054305,0.0184590322256958
2023-11-28,-0.0094559924368082,-0.0106427321218488,0.008938872607435,12,555626100.0,1.6742327056113493,-0.0002051959951542,0.1497175141242938,0.4265536723163842,0.0508474576271186,0.2288135593220339,0.231638418079096,0.1412429378531073,0.1384180790960452,0.5706214689265536,1.0169491525423728,0.3785310734463277,0.6384180790960452,0.6536031073446328,0.1808302259887005,0.0357353107344632,0.0462853107344632,0.0835491525423728,0.1374658192090395,0.7075084745762712,0.1550214689265536,0.0175556497175141,1,0.16384258882836,0.3928286852589641,0.0799125493490889,0.1944214073411568,0.186324994805359,0.1589822117425987,0.1367961261529844,0.4568393094289509,0.9110849120524704,0.3564824601819479,0.5546024518705224,0.6395885333044241,0.1812834356903451,0.0373473690724629,0.0435271989592649,0.098252672575006,0.1198595710581709,0.7474505854134482,0.132691032333252,0.012831461275081,3.0,-0.0768509332285371,-0.0058476551818986,0.0009900922194836,0.0
2023-11-29,0.0083567466667396,0.0089829334429729,0.0077891000661252,12,548324700.0,1.6882238441933133,-0.0094559924368082,0.1475409836065573,0.4098360655737705,0.0532786885245901,0.151639344262295,0.1762295081967213,0.1598360655737705,0.1065573770491803,0.4713114754098361,0.7581967213114754,0.3688524590163934,0.3893442622950819,0.6594975409836065,0.1735959016393442,0.0333360655737704,0.0430192622950819,0.0905569672131147,0.1116946721311475,0.7624627049180328,0.1258446721311475,0.01415,1,0.1497175141242938,0.4265536723163842,0.0508474576271186,0.2288135593220339,0.231638418079096,0.1412429378531073,0.1384180790960452,0.5706214689265536,1.0169491525423728,0.3785310734463277,0.6384180790960452,0.6536031073446328,0.1808302259887005,0.0357353107344632,0.0462853107344632,0.0835491525423728,0.1374658192090395,0.7075084745762712,0.1550214689265536,0.0175556497175141,1.0,-0.08673107344632769,0.0108458105222131,-0.0007033553364585,0.0228526376235127
2023-11-30,-0.0076362328805881,-0.0060971771696701,0.011061300153132,12,750292200.0,1.6753321737644915,0.0083567466667396,0.1462264150943396,0.3066037735849056,0.1037735849056603,0.1556603773584905,0.1462264150943396,0.1556603773584905,0.1226415094339622,0.4575471698113207,0.7358490566037735,0.320754716981132,0.4150943396226415,0.6774929245283019,0.1624924528301886,0.0342863207547169,0.0390858490566037,0.0866415094339622,0.102604716981132,0.7103301886792452,0.1870641509433962,0.0844594339622641,1,0.1475409836065573,0.4098360655737705,0.0532786885245901,0.151639344262295,0.1762295081967213,0.1598360655737705,0.1065573770491803,0.4713114754098361,0.7581967213114754,0.3688524590163934,0.3893442622950819,0.6594975409836065,0.1735959016393442,0.0333360655737704,0.0430192622950819,0.0905569672131147,0.1116946721311475,0.7624627049180328,0.1258446721311475,0.01415,1.0,-0.07335573770491802,-0.0069792395094481,0.0039373514282143,-0.0046224551662846
2023-12-01,-0.0009601662697613,0.0047084471787066,0.0187519145509387,12,549328800.0,1.6737235763205969,-0.0076362328805881,0.25,0.3175675675675675,0.0405405405405405,0.1824324324324324,0.1486486486486486,0.1418918918918918,0.0675675675675675,0.3310810810810811,0.8378378378378378,0.4121621621621621,0.4256756756756756,0.7180222972972974,0.1294851351351351,0.0273628378378378,0.0398128378378378,0.0853236486486486,0.1322777027027027,0.7193472972972973,0.1483709459459459,0.0160932432432432,1,0.1462264150943396,0.3066037735849056,0.1037735849056603,0.1556603773584905,0.1462264150943396,0.1556603773584905,0.1226415094339622,0.4575471698113207,0.7358490566037735,0.320754716981132,0.4150943396226415,0.6774929245283019,0.1624924528301886,0.0342863207547169,0.0390858490566037,0.0866415094339622,0.102604716981132,0.7103301886792452,0.1870641509433962,0.0844594339622641,1.0,-0.0710514150943396,0.0046920171599047,0.0059159078366446,-0.0224458173483396
2023-12-04,-0.0163968281340081,-0.0168932419870221,0.0099209229824947,12,612528600.0,1.6462798184958307,-0.0009601662697613,0.1564337038021248,0.3546767125714494,0.0704825125877757,0.1906213906213906,0.2134077397235291,0.1497194128773075,0.1294678136783399,0.533562249351723,1.049915155178313,0.3854657433604802,0.6644494118178329,0.6287814440814441,0.1833082709893236,0.0374816574353416,0.0463378464873201,0.104089413728361,0.1105984634489897,0.7357391766665451,0.153661222668591,0.0430627592196012,3,0.25,0.3175675675675675,0.0405405405405405,0.1824324324324324,0.1486486486486486,0.1418918918918918,0.0675675675675675,0.3310810810810811,0.8378378378378378,0.4121621621621621,0.4256756756756756,0.7180222972972974,0.1294851351351351,0.0273628378378378,0.0398128378378378,0.0853236486486486,0.1322777027027027,0.7193472972972973,0.1483709459459459,0.0160932432432432,1.0,-0.0317114864864865,-0.0112001584791195,-0.0052495045693052,0.0356294382571393
2023-12-05,-0.0051150419381492,-0.0062253397464211,0.0128362274340379,12,531323900.0,1.6378590281822958,-0.0163968281340081,0.1886792452830188,0.3867924528301887,0.1132075471698113,0.1698113207547169,0.1792452830188679,0.0754716981132075,0.0566037735849056,0.4150943396226415,0.7452830188679245,0.3113207547169811,0.4339622641509434,0.6197594339622642,0.1725396226415094,0.0485745283018867,0.0473867924528301,0.1117292452830188,0.1312245283018868,0.7443415094339623,0.1244358490566037,-0.006788679245283,1,0.1564337038021248,0.3546767125714494,0.0704825125877757,0.1906213906213906,0.2134077397235291,0.1497194128773075,0.1294678136783399,0.533562249351723,1.049915155178313,0.3854657433604802,0.6644494118178329,0.6287814440814441,0.1833082709893236,0.0374816574353416,0.0463378464873201,0.104089413728361,0.1105984634489897,0.7357391766665451,0.153661222668591,0.0430627592196012,3.0,-0.0703626682089841,-0.0056831538071916,-0.0001968947709133,-0.0175840629646701
2023-12-06,-0.0084677672885662,-0.0087602264046364,0.0086760497428103,12,545601600.0,1.6239900190801708,-0.0051150419381492,0.1731843575418994,0.3351955307262569,0.1117318435754189,0.2737430167597765,0.1955307262569832,0.1340782122905028,0.1173184357541899,0.3854748603351955,0.7430167597765364,0.4078212290502793,0.3351955307262569,0.6415189944134079,0.1284932960893854,0.0756016759776536,0.0599290502793296,0.0944636871508379,0.1197329608938547,0.7192279329608939,0.1610430167597765,0.0413100558659217,1,0.1886792452830188,0.3867924528301887,0.1132075471698113,0.1698113207547169,0.1792452830188679,0.0754716981132075,0.0566037735849056,0.4150943396226415,0.7452830188679245,0.3113207547169811,0.4339622641509434,0.6197594339622642,0.1725396226415094,0.0485745283018867,0.0473867924528301,0.1117292452830188,0.1312245283018868,0.7443415094339623,0.1244358490566037,-0.006788679245283,1.0,-0.06199811320754721,-0.0061690301613938,-0.0040298974911245,0.0093385122176437
2023-12-07,0.0269772966497971,0.0221266024433558,0.0237558143762122,12,597777000.0,1.6678008795812065,-0.0084677672885662,0.1283783783783783,0.4763513513513513,0.081081081081081,0.1081081081081081,0.1621621621621621,0.1216216216216216,0.1182432432432432,0.5202702702702703,0.9391891891891893,0.3108108108108108,0.6283783783783784,0.7078641891891893,0.134106081081081,0.0285256756756756,0.0423287162162162,0.0871797297297297,0.0733797297297297,0.7869273648648648,0.1396898648648648,0.0663101351351351,1,0.1731843575418994,0.3351955307262569,0.1117318435754189,0.2737430167597765,0.1955307262569832,0.1340782122905028,0.1173184357541899,0.3854748603351955,0.7430167597765364,0.4078212290502793,0.3351955307262569,0.6415189944134079,0.1284932960893854,0.0756016759776536,0.0599290502793296,0.0944636871508379,0.1197329608938547,0.7192279329608939,0.1610430167597765,0.0413100558659217,1.0,-0.049702234636871484,0.0268122202832823,0.0076304817995624,0.0069391018299884
2023-12-08,0.0061770197130308,0.0074801378159261,0.0118128810196862,12,613285200.0,1.6781029184917895,0.0269772966497971,0.1861702127659574,0.351063829787234,0.0797872340425532,0.1542553191489361,0.175531914893617,0.1117021276595744,0.1382978723404255,0.4042553191489361,0.9095744680851064,0.324468085106383,0.5851063829787234,0.6811569148936171,0.1512627659574468,0.0297829787234042,0.0347920212765957,0.1030074468085106,0.1089771276595744,0.6623239361702128,0.2286946808510638,0.1197175531914893,1,0.1283783783783783,0.4763513513513513,0.081081081081081,0.1081081081081081,0.1621621621621621,0.1216216216216216,0.1182432432432432,0.5202702702702703,0.9391891891891893,0.3108108108108108,0.6283783783783784,0.7078641891891893,0.134106081081081,0.0285256756756756,0.0423287162162162,0.0871797297297297,0.0733797297297297,0.7869273648648648,0.1396898648648648,0.0663101351351351,1.0,-0.033123310810810686,0.0078991325641257,0.0042991935276082,-0.0543644728433945
2023-12-11,0.0347654010955822,0.0401690464523433,0.0264964958247821,12,836295300.0,1.736442839532824,0.0061770197130308,0.1290906838904102,0.3475724026001445,0.0515917708666815,0.1469835032957325,0.1672670307237457,0.1053631242884111,0.0938859600028558,0.3936065834294913,0.7605600480495974,0.3700000690956075,0.3905599789539897,0.6850040692322633,0.1599435522921955,0.0396822480204747,0.0356529611562407,0.0797195505765772,0.1080807635781185,0.7385382575469678,0.1533808844698408,0.0453001208917223,3,0.1861702127659574,0.351063829787234,0.0797872340425532,0.1542553191489361,0.175531914893617,0.1117021276595744,0.1382978723404255,0.4042553191489361,0.9095744680851064,0.324468085106383,0.5851063829787234,0.6811569148936171,0.1512627659574468,0.0297829787234042,0.0347920212765957,0.1030074468085106,0.1089771276595744,0.6623239361702128,0.2286946808510638,0.1197175531914893,1.0,-0.04324627659574472,0.0341086632377227,0.0038895931064037,0.0226720424552626
2023-12-12,0.0096610441377878,0.0055976582153789,0.0145226741301897,12,657440500.0,1.753218690448296,0.0347654010955822,0.15234375,0.37109375,0.1015625,0.1875,0.12890625,0.15234375,0.109375,0.39453125,0.9609375,0.296875,0.6640625,0.64820546875,0.18320546875,0.03562890625,0.04005703125,0.092903515625,0.10117578125,0.72751015625,0.171313671875,0.070137890625,1,0.1290906838904102,0.3475724026001445,0.0515917708666815,0.1469835032957325,0.1672670307237457,0.1053631242884111,0.0938859600028558,0.3936065834294913,0.7605600480495974,0.3700000690956075,0.3905599789539897,0.6850040692322633,0.1599435522921955,0.0396822480204747,0.0356529611562407,0.0797195505765772,0.1080807635781185,0.7385382575469678,0.1533808844698408,0.0453001208917223,3.0,-0.08425328857985231,0.0072082996671083,0.0045671296017071,-0.0443389085148466
2023-12-13,0.0148519525217028,0.0137726857194045,0.0143216999824332,12,681828000.0,1.779257411198996,0.0096610441377878,0.1587301587301587,0.3571428571428571,0.1031746031746031,0.1825396825396825,0.1587301587301587,0.119047619047619,0.1071428571428571,0.4801587301587302,0.9523809523809524,0.3055555555555556,0.6468253968253969,0.6143289682539683,0.2014821428571428,0.0362694444444444,0.0414920634920634,0.1064257936507936,0.131797619047619,0.7256301587301588,0.1425738095238095,0.0107761904761904,1,0.15234375,0.37109375,0.1015625,0.1875,0.12890625,0.15234375,0.109375,0.39453125,0.9609375,0.296875,0.6640625,0.64820546875,0.18320546875,0.03562890625,0.04005703125,0.092903515625,0.10117578125,0.72751015625,0.171313671875,0.070137890625,1.0,-0.085873828125,0.0153986065303317,0.0137901091308236,0.0099419957409394
2023-12-14,0.0214190501378604,0.0199943931662197,0.0127996042938207,12,688104600.0,1.817367414897627,0.0148519525217028,0.110655737704918,0.4098360655737705,0.0450819672131147,0.1721311475409836,0.1762295081967213,0.1393442622950819,0.1188524590163934,0.5122950819672131,1.0,0.3155737704918033,0.6844262295081968,0.6848987704918033,0.1494016393442623,0.0385491803278688,0.0458926229508196,0.0812737704918032,0.127583606557377,0.716202868852459,0.1562135245901639,0.0286299180327868,1,0.1587301587301587,0.3571428571428571,0.1031746031746031,0.1825396825396825,0.1587301587301587,0.119047619047619,0.1071428571428571,0.4801587301587302,0.9523809523809524,0.3055555555555556,0.6468253968253969,0.6143289682539683,0.2014821428571428,0.0362694444444444,0.0414920634920634,0.1064257936507936,0.131797619047619,0.7256301587301588,0.1425738095238095,0.0107761904761904,1.0,-0.08983373015873022,0.0277215596081328,0.003209349351261,0.0237899894861119
2023-12-15,0.0061377089311777,0.0066292432308424,0.0098692566942002,12,859059300.0,1.8285218871112756,0.0214190501378604,0.1216617210682492,0.3471810089020771,0.0474777448071216,0.1899109792284866,0.1958456973293768,0.1305637982195845,0.115727002967359,0.4362017804154303,0.8456973293768546,0.3471810089020771,0.4985163204747774,0.6509821958456973,0.1701807121661721,0.0331240356083086,0.0376172106824925,0.108093768545994,0.1232620178041543,0.6748679525222552,0.2018729970326409,0.0786109792284866,1,0.110655737704918,0.4098360655737705,0.0450819672131147,0.1721311475409836,0.1762295081967213,0.1393442622950819,0.1188524590163934,0.5122950819672131,1.0,0.3155737704918033,0.6844262295081968,0.6848987704918033,0.1494016393442623,0.0385491803278688,0.0458926229508196,0.0812737704918032,0.127583606557377,0.716202868852459,0.1562135245901639,0.0286299180327868,1.0,-0.060784426229508276,0.0037200835559236,-0.0016465001965407,-0.0160256263302152
2023-12-18,-0.0015177755171108,-0.0032124865817219,0.0119283939215503,12,589800400.0,1.8257466013585169,0.0061377089311777,0.1536104835647209,0.3684340947562867,0.0682931381824968,0.205619597469218,0.2214530756209491,0.2180160523148415,0.1515701532500466,0.4770414566799899,0.9507070355995804,0.4312498793180019,0.5194571562815784,0.6493566857826951,0.1801044330520638,0.0359013954057167,0.0422290705233414,0.0924063266330687,0.1538888193760579,0.6787921675774135,0.1673203402266889,0.0134315208506311,3,0.1216617210682492,0.3471810089020771,0.0474777448071216,0.1899109792284866,0.1958456973293768,0.1305637982195845,0.115727002967359,0.4362017804154303,0.8456973293768546,0.3471810089020771,0.4985163204747774,0.6509821958456973,0.1701807121661721,0.0331240356083086,0.0376172106824925,0.108093768545994,0.1232620178041543,0.6748679525222552,0.2018729970326409,0.0786109792284866,1.0,-0.057593768545994184,-0.0027751470023225,0.0056251321647491,0.0228013593431699
2023-12-19,0.0065259274084362,0.0082391537220126,0.0082858945716858,12,649305500.0,1.8376612911451813,-0.0015177755171108,0.1721311475409836,0.3565573770491803,0.0860655737704918,0.2418032786885245,0.1967213114754098,0.1885245901639344,0.110655737704918,0.5655737704918032,0.971311475409836,0.4631147540983606,0.5081967213114754,0.6238213114754099,0.2082983606557377,0.0438549180327868,0.042652868852459,0.0813692622950819,0.1901012295081967,0.662735655737705,0.1471655737704918,-0.0429356557377049,1,0.1536104835647209,0.3684340947562867,0.0682931381824968,0.205619597469218,0.2214530756209491,0.2180160523148415,0.1515701532500466,0.4770414566799899,0.9507070355995804,0.4312498793180019,0.5194571562815784,0.6493566857826951,0.1801044330520638,0.0359013954057167,0.0422290705233414,0.0924063266330687,0.1538888193760579,0.6787921675774135,0.1673203402266889,0.0134315208506311,3.0,-0.08137043130137041,0.0053366056016377,0.0060808672628895,-0.002388589621275
2023-12-20,-0.029605704318179,-0.0317129087851575,0.0075120572676108,12,603111300.0,1.7832560343225738,0.0065259274084362,0.1770833333333333,0.3723958333333333,0.0390625,0.1536458333333333,0.1848958333333333,0.140625,0.1197916666666666,0.4427083333333333,0.8255208333333334,0.4583333333333333,0.3671875,0.6126630208333333,0.21520390625,0.0404192708333333,0.0414708333333333,0.0902380208333333,0.1684205729166666,0.64751171875,0.1840705729166666,0.01565,1,0.1721311475409836,0.3565573770491803,0.0860655737704918,0.2418032786885245,0.1967213114754098,0.1885245901639344,0.110655737704918,0.5655737704918032,0.971311475409836,0.4631147540983606,0.5081967213114754,0.6238213114754099,0.2082983606557377,0.0438549180327868,0.042652868852459,0.0813692622950819,0.1901012295081967,0.662735655737705,0.1471655737704918,-0.0429356557377049,1.0,-0.1281311475409836,-0.0296441499267517,-0.013857315461203,0.0909816733932546
2023-12-21,0.0325888490282501,0.0289873740994631,0.0191820808757731,12,494755800.0,1.8413702960038285,-0.029605704318179,0.217391304347826,0.3739130434782609,0.1014492753623188,0.2347826086956521,0.1681159420289855,0.1768115942028985,0.1391304347826087,0.3884057971014493,0.7681159420289855,0.4695652173913043,0.2985507246376812,0.6394385507246377,0.1926049275362319,0.033571304347826,0.0345446376811594,0.0998420289855072,0.1767399999999999,0.6563773913043478,0.1668849275362318,-0.0098550724637681,1,0.1770833333333333,0.3723958333333333,0.0390625,0.1536458333333333,0.1848958333333333,0.140625,0.1197916666666666,0.4427083333333333,0.8255208333333334,0.4583333333333333,0.3671875,0.6126630208333333,0.21520390625,0.0404192708333333,0.0414708333333333,0.0902380208333333,0.1684205729166666,0.64751171875,0.1840705729166666,0.01565,1.0,-0.12391432291666671,0.0276789707641154,0.0094819571669255,-0.0014630912693524
2023-12-22,0.0035492161132601,0.0038709018841986,0.0071127490683,12,382551900.0,1.847905717128884,0.0325888490282501,0.1446808510638297,0.2553191489361702,0.051063829787234,0.1659574468085106,0.1148936170212766,0.1744680851063829,0.1063829787234042,0.4382978723404255,0.7191489361702128,0.3702127659574468,0.3489361702127659,0.6721340425531915,0.1681361702127659,0.0344863829787234,0.0351348936170212,0.0901063829787234,0.0833910638297872,0.7643289361702128,0.1522808510638298,0.0688897872340425,1,0.217391304347826,0.3739130434782609,0.1014492753623188,0.2347826086956521,0.1681159420289855,0.1768115942028985,0.1391304347826087,0.3884057971014493,0.7681159420289855,0.4695652173913043,0.2985507246376812,0.6394385507246377,0.1926049275362319,0.033571304347826,0.0345446376811594,0.0998420289855072,0.1767399999999999,0.6563773913043478,0.1668849275362318,-0.0098550724637681,1.0,-0.0917895652173913,0.0032037673499605,0.0020096736315229,-0.04542123830666
2023-12-26,0.0173027301962438,0.013745128471046,0.0122208671541099,12,405725900.0,1.8798795311804608,0.0035492161132601,0.1561257915934515,0.3402142292064155,0.0575338034083945,0.1714575504387109,0.1778914352294847,0.1595588690845545,0.1140518566200989,0.41292764410577,0.8013291545124692,0.348862362292702,0.4524667922197672,0.6255278289076832,0.2109410269782103,0.036741229143953,0.0338254805164349,0.0929681108131761,0.1389876105333638,0.7119528992431535,0.1490615549163124,0.0100739443829485,4,0.1446808510638297,0.2553191489361702,0.051063829787234,0.1659574468085106,0.1148936170212766,0.1744680851063829,0.1063829787234042,0.4382978723404255,0.7191489361702128,0.3702127659574468,0.3489361702127659,0.6721340425531915,0.1681361702127659,0.0344863829787234,0.0351348936170212,0.0901063829787234,0.0833910638297872,0.7643289361702128,0.1522808510638298,0.0688897872340425,1.0,-0.07738127659574467,0.017670052106433,0.0042226082931333,-0.0030698359687461
2023-12-27,0.0019069395173196,0.0017789492001732,0.0059984935245487,12,391184200.0,1.8834643477462696,0.0173027301962438,0.1024258760107816,0.3638814016172507,0.0566037735849056,0.1509433962264151,0.1347708894878706,0.1347708894878706,0.0970350404312668,0.4204851752021563,0.784366576819407,0.3477088948787062,0.4366576819407008,0.6753167115902965,0.1791964959568733,0.0333417789757412,0.031798921832884,0.080343396226415,0.1505827493261455,0.6543288409703504,0.1950851752021563,0.0445024258760107,1,0.1561257915934515,0.3402142292064155,0.0575338034083945,0.1714575504387109,0.1778914352294847,0.1595588690845545,0.1140518566200989,0.41292764410577,0.8013291545124692,0.348862362292702,0.4524667922197672,0.6255278289076832,0.2109410269782103,0.036741229143953,0.0338254805164349,0.0929681108131761,0.1389876105333638,0.7119528992431535,0.1490615549163124,0.0100739443829485,4.0,-0.12088866479255231,0.0025690891939296,0.0018080695834516,-0.0431100443271353
2023-12-28,-0.0021456244810971,-0.0049779699790946,0.0076445752806,12,393218000.0,1.8794231405324715,0.0019069395173196,0.1366666666666666,0.3566666666666667,0.0666666666666666,0.2033333333333333,0.2,0.1333333333333333,0.1,0.42,0.8533333333333334,0.35,0.5033333333333333,0.645907,0.199978,0.0409483333333333,0.0370193333333333,0.07614,0.12852,0.718099,0.153384,0.024864,1,0.1024258760107816,0.3638814016172507,0.0566037735849056,0.1509433962264151,0.1347708894878706,0.1347708894878706,0.0970350404312668,0.4204851752021563,0.784366576819407,0.3477088948787062,0.4366576819407008,0.6753167115902965,0.1791964959568733,0.0333417789757412,0.031798921832884,0.080343396226415,0.1505827493261455,0.6543288409703504,0.1950851752021563,0.0445024258760107,1.0,-0.10039595687331548,-0.0018744980448698,0.0003776629382952,0.0032180177691847
2023-12-29,-0.0066011792327901,-0.0065612911055318,0.0042090789123975,12,532998100.0,1.8670167315275636,-0.0021456244810971,0.1678082191780822,0.3801369863013699,0.0787671232876712,0.184931506849315,0.1986301369863013,0.1952054794520548,0.1027397260273972,0.5376712328767124,0.9417808219178082,0.3698630136986301,0.571917808219178,0.6407924657534246,0.1778592465753424,0.0421082191780821,0.0387698630136986,0.1004715753424657,0.1241332191780821,0.6953530821917808,0.180511301369863,0.0563780821917808,1,0.1366666666666666,0.3566666666666667,0.0666666666666666,0.2033333333333333,0.2,0.1333333333333333,0.1,0.42,0.8533333333333334,0.35,0.5033333333333333,0.645907,0.199978,0.0409483333333333,0.0370193333333333,0.07614,0.12852,0.718099,0.153384,0.024864,1.0,-0.127767,-0.0073402684574493,-0.0028949148158422,-0.0016038859130222
2024-01-02,-0.0390123038009261,-0.0357272179303145,0.0113708097727998,12,612980100.0,1.794180107595798,-0.0066011792327901,0.1288557113661697,0.362492627549322,0.0595812814208605,0.1531545315733487,0.1878871497464038,0.1350062761649667,0.1275993146668924,0.4841130520658257,0.9396698764878836,0.3850711140688458,0.5545987624190376,0.6344387908773591,0.1996061418416752,0.0401794422132785,0.0368092545165348,0.0889647843253637,0.1392426118610448,0.6953117879590409,0.1654459384460048,0.0262033265849599,4,0.1678082191780822,0.3801369863013699,0.0787671232876712,0.184931506849315,0.1986301369863013,0.1952054794520548,0.1027397260273972,0.5376712328767124,0.9417808219178082,0.3698630136986301,0.571917808219178,0.6407924657534246,0.1778592465753424,0.0421082191780821,0.0387698630136986,0.1004715753424657,0.1241332191780821,0.6953530821917808,0.180511301369863,0.0563780821917808,1.0,-0.0807260273972602,-0.0360180772052141,-0.0055964508355125,0.0602409647783175
2024-01-03,-0.0168288431747101,-0.0176317441370147,0.006511066207076,12,504718900.0,1.7639861319378836,-0.0390123038009261,0.1317829457364341,0.3333333333333333,0.0465116279069767,0.2015503875968992,0.2480620155038759,0.1317829457364341,0.0852713178294573,0.4651162790697674,1.1007751937984496,0.3333333333333333,0.7674418604651163,0.7181426356589147,0.1391705426356589,0.0351713178294573,0.0292906976744186,0.0782255813953488,0.1083100775193798,0.7744751937984496,0.1172279069767441,0.0089178294573643,1,0.1288557113661697,0.362492627549322,0.0595812814208605,0.1531545315733487,0.1878871497464038,0.1350062761649667,0.1275993146668924,0.4841130520658257,0.9396698764878836,0.3850711140688458,0.5545987624190376,0.6344387908773591,0.1996061418416752,0.0401794422132785,0.0368092545165348,0.0889647843253637,0.1392426118610448,0.6953117879590409,0.1654459384460048,0.0262033265849599,4.0,-0.11401154521305519,-0.0214820496171938,-0.0081665277979665,0.0636363761155731
2024-01-04,-0.0022889706522758,-0.0061585912347782,0.0111847456566479,12,508513000.0,1.759948419450856,-0.0168288431747101,0.16,0.2577777777777778,0.0666666666666666,0.2311111111111111,0.1688888888888889,0.2133333333333333,0.1333333333333333,0.4355555555555555,0.8933333333333333,0.4177777777777778,0.4755555555555555,0.6081253333333334,0.2228315555555555,0.0366777777777777,0.0440515555555555,0.0883186666666666,0.1822817777777777,0.5760457777777778,0.2416733333333333,0.0593915555555555,1,0.1317829457364341,0.3333333333333333,0.0465116279069767,0.2015503875968992,0.2480620155038759,0.1317829457364341,0.0852713178294573,0.4651162790697674,1.1007751937984496,0.3333333333333333,0.7674418604651163,0.7181426356589147,0.1391705426356589,0.0351713178294573,0.0292906976744186,0.0782255813953488,0.1083100775193798,0.7744751937984496,0.1172279069767441,0.0089178294573643,1.0,-0.0668255813953488,-0.0084095927563158,-0.0032212262064413,0.0064102672957566
2024-01-05,0.0077019057575751,0.0042340194720301,0.0110651095541895,12,603339100.0,1.7735033763156598,-0.0022889706522758,0.2081218274111675,0.3401015228426396,0.0761421319796954,0.2791878172588832,0.1472081218274111,0.2690355329949238,0.1218274111675127,0.416243654822335,1.0406091370558377,0.5634517766497462,0.4771573604060913,0.6377842639593909,0.2188304568527918,0.041797461928934,0.0348472081218274,0.0667441624365482,0.1982472081218274,0.6465934010152284,0.1551649746192893,-0.043082233502538,1,0.16,0.2577777777777778,0.0666666666666666,0.2311111111111111,0.1688888888888889,0.2133333333333333,0.1333333333333333,0.4355555555555555,0.8933333333333333,0.4177777777777778,0.4755555555555555,0.6081253333333334,0.2228315555555555,0.0366777777777777,0.0440515555555555,0.0883186666666666,0.1822817777777777,0.5760457777777778,0.2416733333333333,0.0593915555555555,1.0,-0.1271391111111111,0.0055487017436919,0.0013696387133315,-0.0552016791687092
2024-01-08,0.0347431530274492,0.0297820870132232,0.0183528552997874,12,864259800.0,1.835120475513693,0.0077019057575751,0.1642241635088968,0.4532999754160203,0.0930768546069529,0.1941021761060671,0.2033285860820765,0.1301552181616269,0.1622807575256648,0.5944681807007282,1.141098268101015,0.4100459466103778,0.7310523214906368,0.6523164098064648,0.1699024703720658,0.0312065469681171,0.0454098473673948,0.1011640811101786,0.1176073145816908,0.6893851202283767,0.1930074654764628,0.075400150894772,3,0.2081218274111675,0.3401015228426396,0.0761421319796954,0.2791878172588832,0.1472081218274111,0.2690355329949238,0.1218274111675127,0.416243654822335,1.0406091370558377,0.5634517766497462,0.4771573604060913,0.6377842639593909,0.2188304568527918,0.041797461928934,0.0348472081218274,0.0667441624365482,0.1982472081218274,0.6465934010152284,0.1551649746192893,-0.043082233502538,1.0,-0.1590365482233502,0.0325742638043327,0.0142760259077947,-0.0202247528126248
2024-01-09,-0.0014306388732453,-0.0051404710296601,0.0119028399440092,12,943344800.0,1.8324950808243343,0.0347431530274492,0.1504424778761062,0.3421828908554572,0.0648967551622418,0.1887905604719764,0.1445427728613569,0.0943952802359882,0.1533923303834808,0.5752212389380531,0.8820058997050148,0.3333333333333333,0.5486725663716814,0.6907309734513275,0.1552610619469026,0.0315548672566371,0.0383867256637168,0.0840592920353982,0.1609203539823009,0.6155300884955752,0.2235454277286135,0.0626250737463126,1,0.1642241635088968,0.4532999754160203,0.0930768546069529,0.1941021761060671,0.2033285860820765,0.1301552181616269,0.1622807575256648,0.5944681807007282,1.141098268101015,0.4100459466103778,0.7310523214906368,0.6523164098064648,0.1699024703720658,0.0312065469681171,0.0454098473673948,0.1011640811101786,0.1176073145816908,0.6893851202283767,0.1930074654764628,0.075400150894772,3.0,-0.05453508886260951,0.0003396681075873,-0.0015171277458958,-0.0244648086154997
2024-01-10,-0.0026523798619977,-0.0036221614712319,0.0092923281248067,12,687604100.0,1.827634607774746,-0.0014306388732453,0.1624548736462094,0.516245487364621,0.0794223826714801,0.2346570397111913,0.2021660649819494,0.1335740072202166,0.1552346570397112,0.4945848375451263,0.96028880866426,0.3826714801444043,0.5776173285198556,0.6742054151624548,0.1553624548736462,0.0344462093862815,0.0390884476534296,0.0968953068592057,0.1996830324909747,0.6089602888086643,0.1913628158844765,-0.0083202166064981,1,0.1504424778761062,0.3421828908554572,0.0648967551622418,0.1887905604719764,0.1445427728613569,0.0943952802359882,0.1533923303834808,0.5752212389380531,0.8820058997050148,0.3333333333333333,0.5486725663716814,0.6907309734513275,0.1552610619469026,0.0315548672566371,0.0383867256637168,0.0840592920353982,0.1609203539823009,0.6155300884955752,0.2235454277286135,0.0626250737463126,1.0,-0.06436991150442468,-0.0033591174481024,0.0056554905213443,-0.0054859441412932
2024-01-11,0.0099855335216746,0.0097820927745719,0.0112739196592595,12,774848200.0,1.8458845144160536,-0.0026523798619977,0.2376237623762376,0.4356435643564356,0.0759075907590759,0.3465346534653465,0.1683168316831683,0.2376237623762376,0.1089108910891089,0.504950495049505,0.966996699669967,0.5478547854785478,0.4191419141914191,0.6294465346534653,0.216713201320132,0.0356240924092409,0.0347145214521452,0.0835013201320132,0.1431508250825082,0.6682435643564356,0.1886039603960396,0.0454531353135313,1,0.1624548736462094,0.516245487364621,0.0794223826714801,0.2346570397111913,0.2021660649819494,0.1335740072202166,0.1552346570397112,0.4945848375451263,0.96028880866426,0.3826714801444043,0.5776173285198556,0.6742054151624548,0.1553624548736462,0.0344462093862815,0.0390884476534296,0.0968953068592057,0.1996830324909747,0.6089602888086643,0.1913628158844765,-0.0083202166064981,1.0,-0.05382490974729241,0.0036929946943939,-0.0004406592478169,-0.0197005522668779
2024-01-12,-0.0031250480081904,-0.0028032038080427,0.0064606487911385,12,503093300.0,1.840116036690928,0.0099855335216746,0.1848739495798319,0.3655462184873949,0.1008403361344537,0.1974789915966386,0.180672268907563,0.1722689075630252,0.1218487394957983,0.5462184873949579,1.050420168067227,0.4159663865546218,0.634453781512605,0.6467071428571429,0.1816987394957983,0.0376831932773109,0.0420831932773109,0.0918340336134453,0.1654205882352941,0.6339525210084033,0.2006289915966386,0.0352084033613445,1,0.2376237623762376,0.4356435643564356,0.0759075907590759,0.3465346534653465,0.1683168316831683,0.2376237623762376,0.1089108910891089,0.504950495049505,0.966996699669967,0.5478547854785478,0.4191419141914191,0.6294465346534653,0.216713201320132,0.0356240924092409,0.0347145214521452,0.0835013201320132,0.1431508250825082,0.6682435643564356,0.1886039603960396,0.0454531353135313,1.0,-0.13412145214521448,-0.0044117725094089,0.0006926475547639,0.0209003406472643
2024-01-16,0.0145376580060781,0.0065670557182963,0.0245552571342485,12,690175700.0,1.8668670143238408,-0.0031250480081904,0.1475154389241076,0.4211913566596229,0.0693400167084377,0.1817257604796304,0.193584963225056,0.1434867806771831,0.1119767351384998,0.5334460538601405,1.0406177822005995,0.3916454739790653,0.6489723082215342,0.6314165244094714,0.1900979910458335,0.0373985338141104,0.0454469462053827,0.0956343122409782,0.1121820183629006,0.7019483241395974,0.185869520922404,0.0736875025595032,4,0.1848739495798319,0.3655462184873949,0.1008403361344537,0.1974789915966386,0.180672268907563,0.1722689075630252,0.1218487394957983,0.5462184873949579,1.050420168067227,0.4159663865546218,0.634453781512605,0.6467071428571429,0.1816987394957983,0.0376831932773109,0.0420831932773109,0.0918340336134453,0.1654205882352941,0.6339525210084033,0.2006289915966386,0.0352084033613445,1.0,-0.085464705882353,0.0141732364777207,-0.0036711486997771,0.0897638079089639
2024-01-17,-0.0049439848363082,-0.006719470997413,0.0104375222806426,12,693082100.0,1.8576372521136195,0.0145376580060781,0.1704180064308681,0.5273311897106109,0.067524115755627,0.1736334405144694,0.157556270096463,0.1254019292604501,0.1543408360128617,0.472668810289389,0.9292604501607716,0.3858520900321543,0.5434083601286174,0.6628604501607717,0.1634022508038585,0.030668810289389,0.0471318327974276,0.0959334405144694,0.163544694533762,0.6211826366559486,0.215268810289389,0.051724115755627,1,0.1475154389241076,0.4211913566596229,0.0693400167084377,0.1817257604796304,0.193584963225056,0.1434867806771831,0.1119767351384998,0.5334460538601405,1.0406177822005995,0.3916454739790653,0.6489723082215342,0.6314165244094714,0.1900979910458335,0.0373985338141104,0.0454469462053827,0.0956343122409782,0.1121820183629006,0.7019483241395974,0.185869520922404,0.0736875025595032,4.0,-0.08641526641358302,-0.0091634100817136,-0.0055586726848316,0.0686416039589059
2024-01-18,0.0393015937265765,0.0431745765068733,0.0227120212035261,12,838290700.0,1.9306453566875432,-0.0049439848363082,0.1709401709401709,0.3817663817663818,0.0769230769230769,0.1225071225071225,0.1652421652421652,0.1225071225071225,0.1367521367521367,0.4843304843304843,0.8717948717948718,0.3418803418803419,0.5299145299145299,0.6529860398860399,0.1859646723646723,0.0341886039886039,0.0354242165242165,0.0914396011396011,0.1193934472934473,0.691265527065527,0.1893413105413105,0.0699478632478632,1,0.1704180064308681,0.5273311897106109,0.067524115755627,0.1736334405144694,0.157556270096463,0.1254019292604501,0.1543408360128617,0.472668810289389,0.9292604501607716,0.3858520900321543,0.5434083601286174,0.6628604501607717,0.1634022508038585,0.030668810289389,0.0471318327974276,0.0959334405144694,0.163544694533762,0.6211826366559486,0.215268810289389,0.051724115755627,1.0,-0.05100578778135051,0.0330113649595456,0.0088927990762148,-0.0446247362484386
2024-01-19,0.0406539112410752,0.041911079784615,0.0167471876643343,12,914643800.0,2.009133641656313,0.0393015937265765,0.1671554252199413,0.4486803519061583,0.0703812316715542,0.1935483870967742,0.1554252199413489,0.1906158357771261,0.1173020527859237,0.4574780058651026,0.8533724340175953,0.4281524926686217,0.4252199413489736,0.6207448680351907,0.2146645161290322,0.0403598240469208,0.0366785923753665,0.0875533724340175,0.1590073313782991,0.6706073313782991,0.1703868035190615,0.0113794721407624,1,0.1709401709401709,0.3817663817663818,0.0769230769230769,0.1225071225071225,0.1652421652421652,0.1225071225071225,0.1367521367521367,0.4843304843304843,0.8717948717948718,0.3418803418803419,0.5299145299145299,0.6529860398860399,0.1859646723646723,0.0341886039886039,0.0354242165242165,0.0914396011396011,0.1193934472934473,0.691265527065527,0.1893413105413105,0.0699478632478632,1.0,-0.0932894586894586,0.0391116490958731,0.0124661650384709,-0.0587402630561758
2024-01-22,0.0015054814002507,0.0043641106475216,0.0149373046040378,12,732899200.0,2.012158354984445,0.0406539112410752,0.140245942992318,0.3938570440782286,0.0686412349290205,0.1577581541639049,0.1846962020530465,0.1505397233770297,0.1501789832460758,0.4573630848821313,0.8153591991144215,0.3891645102937803,0.4261946888206411,0.6327938390130391,0.202291886034762,0.0413550498939906,0.0334275440760326,0.0901302140065226,0.1220973818902486,0.7218942287904472,0.1560058805868771,0.0339084986966283,3,0.1671554252199413,0.4486803519061583,0.0703812316715542,0.1935483870967742,0.1554252199413489,0.1906158357771261,0.1173020527859237,0.4574780058651026,0.8533724340175953,0.4281524926686217,0.4252199413489736,0.6207448680351907,0.2146645161290322,0.0403598240469208,0.0366785923753665,0.0875533724340175,0.1590073313782991,0.6706073313782991,0.1703868035190615,0.0113794721407624,1.0,-0.130792375366569,0.0032766024075101,0.0021142836343215,-0.0082707224642141
2024-01-23,0.0019541640887684,0.0038961609982129,0.0097815167981724,12,486547100.0,2.0160904425826707,0.0015054814002507,0.1408045977011494,0.3735632183908046,0.0804597701149425,0.2126436781609195,0.1580459770114942,0.1724137931034483,0.1293103448275862,0.5316091954022989,1.0517241379310345,0.3879310344827586,0.6637931034482759,0.626028735632184,0.1921186781609195,0.0298175287356321,0.0441287356321839,0.1079066091954022,0.1513959770114942,0.5973172413793103,0.2512896551724138,0.0998936781609195,1,0.140245942992318,0.3938570440782286,0.0686412349290205,0.1577581541639049,0.1846962020530465,0.1505397233770297,0.1501789832460758,0.4573630848821313,0.8153591991144215,0.3891645102937803,0.4261946888206411,0.6327938390130391,0.202291886034762,0.0413550498939906,0.0334275440760326,0.0901302140065226,0.1220973818902486,0.7218942287904472,0.1560058805868771,0.0339084986966283,3.0,-0.12008917784619741,0.0066311518460588,0.0029165084040065,-0.0485215625480588
2024-01-24,0.0291651668495658,0.0231350714921676,0.0243008044023556,12,871439700.0,2.074890056724409,0.0019541640887684,0.08008658008658,0.4112554112554112,0.0649350649350649,0.1277056277056277,0.1471861471861472,0.1212121212121212,0.1038961038961039,0.4004329004329004,0.7142857142857143,0.2943722943722944,0.4199134199134199,0.6793383116883117,0.1571123376623376,0.0329443722943723,0.0390402597402597,0.0915655844155844,0.1248813852813852,0.6630573593073593,0.2120612554112554,0.0871798701298701,1,0.1408045977011494,0.3735632183908046,0.0804597701149425,0.2126436781609195,0.1580459770114942,0.1724137931034483,0.1293103448275862,0.5316091954022989,1.0517241379310345,0.3879310344827586,0.6637931034482759,0.626028735632184,0.1921186781609195,0.0298175287356321,0.0441287356321839,0.1079066091954022,0.1513959770114942,0.5973172413793103,0.2512896551724138,0.0998936781609195,1.0,-0.06990086206896548,0.0145588049120142,0.0010931698517426,0.0470119636351449
2024-01-25,0.0025627247798275,0.0046152574376263,0.0161265814217736,12,829632300.0,2.080207428888195,0.0291651668495658,0.1566579634464752,0.4151436031331593,0.0496083550913838,0.1540469973890339,0.1723237597911227,0.1436031331592689,0.1253263707571801,0.3733681462140992,0.7728459530026109,0.3942558746736292,0.3785900783289817,0.6482595300261097,0.1810370757180156,0.0316908616187989,0.0367133159268929,0.1022973890339425,0.168018276762402,0.6295125326370757,0.2024712793733681,0.034453002610966,1,0.08008658008658,0.4112554112554112,0.0649350649350649,0.1277056277056277,0.1471861471861472,0.1212121212121212,0.1038961038961039,0.4004329004329004,0.7142857142857143,0.2943722943722944,0.4199134199134199,0.6793383116883117,0.1571123376623376,0.0329443722943723,0.0390402597402597,0.0915655844155844,0.1248813852813852,0.6630573593073593,0.2120612554112554,0.0871798701298701,1.0,-0.05945086580086578,-0.0027758638566084,0.0054388848677418,0.0235920439758521
2024-01-26,-0.0297171108857769,-0.0223495369133472,0.033508158349626,12,725492700.0,2.018389674058507,0.0025627247798275,0.1948051948051948,0.4025974025974026,0.0692640692640692,0.1861471861471861,0.1645021645021645,0.1731601731601731,0.0649350649350649,0.3852813852813853,0.7575757575757576,0.4329004329004329,0.3246753246753247,0.5809471861471862,0.2389731601731602,0.043969264069264,0.0364025974025974,0.0997038961038961,0.2271792207792208,0.5652151515151514,0.2076064935064935,-0.0195727272727272,1,0.1566579634464752,0.4151436031331593,0.0496083550913838,0.1540469973890339,0.1723237597911227,0.1436031331592689,0.1253263707571801,0.3733681462140992,0.7728459530026109,0.3942558746736292,0.3785900783289817,0.6482595300261097,0.1810370757180156,0.0316908616187989,0.0367133159268929,0.1022973890339425,0.168018276762402,0.6295125326370757,0.2024712793733681,0.034453002610966,1.0,-0.07371723237597912,-0.0269561508333052,-0.001270411102514,-0.0141263630541034
2024-01-29,0.0092132897621358,0.0087619272683801,0.0107492316193984,12,570458800.0,2.036985682978511,-0.0297171108857769,0.1500938120446213,0.3229409951710942,0.0848742014924352,0.183642847390848,0.1665739908769384,0.1546843483906635,0.1077663643340951,0.4612125410938122,0.8458460518426948,0.3516148978284926,0.4942311540142021,0.6402661803207221,0.1873099445982531,0.0407897652350919,0.0388778735997211,0.0927613419698469,0.1144848300362411,0.7292990370239779,0.1562173700861191,0.0417325400498779,3,0.1948051948051948,0.4025974025974026,0.0692640692640692,0.1861471861471861,0.1645021645021645,0.1731601731601731,0.0649350649350649,0.3852813852813853,0.7575757575757576,0.4329004329004329,0.3246753246753247,0.5809471861471862,0.2389731601731602,0.043969264069264,0.0364025974025974,0.0997038961038961,0.2271792207792208,0.5652151515151514,0.2076064935064935,-0.0195727272727272,1.0,-0.14683593073593068,0.0104053566511395,0.0079194816882011,0.0256410367058161
2024-01-30,-0.0157992707654363,-0.014912891318691,0.0109255358190011,12,661893500.0,2.0048027946278166,0.0092132897621358,0.156084656084656,0.3227513227513227,0.0529100529100529,0.164021164021164,0.1455026455026455,0.1216931216931216,0.0925925925925925,0.3915343915343915,0.701058201058201,0.3624338624338624,0.3386243386243386,0.6557343915343916,0.1897862433862433,0.0369367724867724,0.0347798941798941,0.082763492063492,0.1835685185185185,0.6197851851851851,0.1966486772486772,0.0130801587301587,1,0.1500938120446213,0.3229409951710942,0.0848742014924352,0.183642847390848,0.1665739908769384,0.1546843483906635,0.1077663643340951,0.4612125410938122,0.8458460518426948,0.3516148978284926,0.4942311540142021,0.6402661803207221,0.1873099445982531,0.0407897652350919,0.0388778735997211,0.0927613419698469,0.1144848300362411,0.7292990370239779,0.1562173700861191,0.0417325400498779,3.0,-0.09646049426377701,-0.0154472234531757,-0.0007735470031133,-0.0213235260087314
2024-01-31,-0.0099927929426355,-0.0121883158978455,0.0135220591793363,12,739739800.0,1.984769215410284,-0.0157992707654363,0.1909090909090909,0.4272727272727272,0.084090909090909,0.2318181818181818,0.1613636363636363,0.1818181818181818,0.1113636363636363,0.4636363636363636,0.8636363636363636,0.4386363636363636,0.425,0.5970988636363637,0.2176031818181818,0.0416622727272727,0.041190909090909,0.1024468181818181,0.2002759090909091,0.5619686363636364,0.2377538636363636,0.0374779545454545,1,0.156084656084656,0.3227513227513227,0.0529100529100529,0.164021164021164,0.1455026455026455,0.1216931216931216,0.0925925925925925,0.3915343915343915,0.701058201058201,0.3624338624338624,0.3386243386243386,0.6557343915343916,0.1897862433862433,0.0369367724867724,0.0347798941798941,0.082763492063492,0.1835685185185185,0.6197851851851851,0.1966486772486772,0.0130801587301587,1.0,-0.10917962962962963,-0.0144787898709826,-0.016317300271938,0.0781367339643537
2024-02-01,0.0051401671176088,0.0085247271345077,0.0202509453431714,12,586252100.0,1.994971260867378,-0.0099927929426355,0.1377777777777777,0.3333333333333333,0.0533333333333333,0.16,0.1466666666666666,0.1511111111111111,0.0711111111111111,0.4177777777777778,0.88,0.3244444444444444,0.5555555555555556,0.7018715555555556,0.1586831111111111,0.025408,0.0356893333333333,0.0783413333333333,0.1290244444444444,0.7027271111111111,0.1682488888888889,0.0392244444444444,1,0.1909090909090909,0.4272727272727272,0.084090909090909,0.2318181818181818,0.1613636363636363,0.1818181818181818,0.1113636363636363,0.4636363636363636,0.8636363636363636,0.4386363636363636,0.425,0.5970988636363637,0.2176031818181818,0.0416622727272727,0.041190909090909,0.1024468181818181,0.2002759090909091,0.5619686363636364,0.2377538636363636,0.0374779545454545,1.0,-0.1156277272727274,0.004948230586975,0.0130881210886439,-0.0327526309780258
2024-02-02,0.0136184243478622,0.0092915398138012,0.0180342334051481,12,695576100.0,2.02213962605966,0.0051401671176088,0.1731343283582089,0.3462686567164179,0.0686567164179104,0.1671641791044776,0.1731343283582089,0.1164179104477611,0.0865671641791044,0.4626865671641791,0.764179104477612,0.3104477611940298,0.4537313432835821,0.6268319402985074,0.2003659701492537,0.0304358208955223,0.034510447761194,0.1078591044776119,0.1818743283582089,0.5703937313432835,0.2477241791044776,0.0658498507462686,1,0.1377777777777777,0.3333333333333333,0.0533333333333333,0.16,0.1466666666666666,0.1511111111111111,0.0711111111111111,0.4177777777777778,0.88,0.3244444444444444,0.5555555555555556,0.7018715555555556,0.1586831111111111,0.025408,0.0356893333333333,0.0783413333333333,0.1290244444444444,0.7027271111111111,0.1682488888888889,0.0392244444444444,1.0,-0.0700604444444445,0.0127683813262895,0.010527487795801,-0.0021613640290952
2024-02-05,0.0124496761738912,0.0151847420518351,0.0166759263591246,12,861839500.0,2.047314609582496,0.0136184243478622,0.1633547008547008,0.408974358974359,0.0569991661455075,0.1515791119449656,0.1877397331665624,0.1471414425682718,0.1259797790285594,0.4579372524494475,0.859274025432562,0.3784083802376485,0.4808656451949134,0.6364918670523244,0.1888390426308109,0.0337606407650614,0.0382017169585157,0.1027036249218261,0.1099730894308942,0.7431582194600792,0.1468659133312486,0.0368928239003543,3,0.1731343283582089,0.3462686567164179,0.0686567164179104,0.1671641791044776,0.1731343283582089,0.1164179104477611,0.0865671641791044,0.4626865671641791,0.764179104477612,0.3104477611940298,0.4537313432835821,0.6268319402985074,0.2003659701492537,0.0304358208955223,0.034510447761194,0.1078591044776119,0.1818743283582089,0.5703937313432835,0.2477241791044776,0.0658498507462686,1.0,-0.08843223880597009,0.013663781205176,-0.0036411636779286,-0.0129964115680898
2024-02-06,-0.0113135830187557,-0.0149823650702852,0.0141201563969527,12,869270000.0,2.024152145781473,0.0124496761738912,0.1666666666666666,0.4611111111111111,0.0333333333333333,0.1222222222222222,0.2,0.0944444444444444,0.0833333333333333,0.5222222222222223,0.8777777777777778,0.3277777777777778,0.55,0.6934916666666667,0.1369894444444444,0.0303366666666666,0.0446716666666666,0.0945116666666666,0.0954544444444444,0.7445494444444445,0.1599933333333333,0.0645388888888889,1,0.1633547008547008,0.408974358974359,0.0569991661455075,0.1515791119449656,0.1877397331665624,0.1471414425682718,0.1259797790285594,0.4579372524494475,0.859274025432562,0.3784083802376485,0.4808656451949134,0.6364918670523244,0.1888390426308109,0.0337606407650614,0.0382017169585157,0.1027036249218261,0.1099730894308942,0.7431582194600792,0.1468659133312486,0.0368928239003543,3.0,-0.0816943415155305,-0.0116601977786845,0.0029031784080228,-0.0446232372547742
2024-02-07,0.0196661698037138,0.0174526914022203,0.0126765905179814,12,682726100.0,2.0639594655889635,-0.0113135830187557,0.151639344262295,0.3893442622950819,0.0491803278688524,0.1024590163934426,0.1639344262295081,0.1065573770491803,0.1024590163934426,0.4262295081967213,0.860655737704918,0.3442622950819672,0.5163934426229508,0.6844766393442623,0.161958606557377,0.0282942622950819,0.0424106557377049,0.0828532786885245,0.1020606557377049,0.7171118852459016,0.1808270491803278,0.0787663934426229,1,0.1666666666666666,0.4611111111111111,0.0333333333333333,0.1222222222222222,0.2,0.0944444444444444,0.0833333333333333,0.5222222222222223,0.8777777777777778,0.3277777777777778,0.55,0.6934916666666667,0.1369894444444444,0.0303366666666666,0.0446716666666666,0.0945116666666666,0.0954544444444444,0.7445494444444445,0.1599933333333333,0.0645388888888889,1.0,-0.028142777777777794,0.01529523651648,0.0083403932683197,-0.0176110634395672
2024-02-08,0.0125372251336623,0.0148883891698209,0.0215569188189741,12,610605300.0,2.089835790075806,0.0196661698037138,0.0977011494252873,0.2988505747126437,0.0402298850574712,0.0919540229885057,0.1551724137931034,0.0977011494252873,0.0517241379310344,0.3735632183908046,0.8793103448275862,0.2413793103448276,0.6379310344827587,0.6793385057471264,0.146453448275862,0.0366442528735632,0.049685632183908,0.0878804597701149,0.1091293103448275,0.6733816091954024,0.2174890804597701,0.1083597701149425,1,0.151639344262295,0.3893442622950819,0.0491803278688524,0.1024590163934426,0.1639344262295081,0.1065573770491803,0.1024590163934426,0.4262295081967213,0.860655737704918,0.3442622950819672,0.5163934426229508,0.6844766393442623,0.161958606557377,0.0282942622950819,0.0424106557377049,0.0828532786885245,0.1020606557377049,0.7171118852459016,0.1808270491803278,0.0787663934426229,1.0,-0.06498893442622951,0.0171911056527185,0.0004418115102915,-0.0031176899525243
2024-02-09,0.0228803970328651,0.0190449236090904,0.0273902251482508,12,664243400.0,2.1376520626862323,0.0125372251336623,0.1382978723404255,0.4175531914893617,0.0718085106382978,0.1329787234042553,0.2207446808510638,0.1622340425531915,0.1063829787234042,0.5718085106382979,1.0292553191489362,0.5292553191489362,0.5,0.6692606382978723,0.1515242021276595,0.0351460106382978,0.0436114361702127,0.1004614361702127,0.1170816489361702,0.7036864361702128,0.1792335106382978,0.0621518617021276,1,0.0977011494252873,0.2988505747126437,0.0402298850574712,0.0919540229885057,0.1551724137931034,0.0977011494252873,0.0517241379310344,0.3735632183908046,0.8793103448275862,0.2413793103448276,0.6379310344827587,0.6793385057471264,0.146453448275862,0.0366442528735632,0.049685632183908,0.0878804597701149,0.1091293103448275,0.6733816091954024,0.2174890804597701,0.1083597701149425,1.0,-0.045531609195402334,0.0199143580084966,0.0057793352723007,0.0109460784785233
2024-02-12,-0.0008687289332672,-0.0021536618570587,0.013815623712223,12,820309300.0,2.1357950224901185,0.0228803970328651,0.1885498004614873,0.3896735842135101,0.0891503613608319,0.1863755611772533,0.1953792105167038,0.1608017986257013,0.1249734001584874,0.479929427047354,1.028573192441516,0.4237378573708557,0.6048353350706602,0.6760987482591,0.1638071460275716,0.0370207113512242,0.0387547123008783,0.0843199918652125,0.116492328109442,0.7202155572547694,0.1632903496767523,0.0467980215673102,3,0.1382978723404255,0.4175531914893617,0.0718085106382978,0.1329787234042553,0.2207446808510638,0.1622340425531915,0.1063829787234042,0.5718085106382979,1.0292553191489362,0.5292553191489362,0.5,0.6692606382978723,0.1515242021276595,0.0351460106382978,0.0436114361702127,0.1004614361702127,0.1170816489361702,0.7036864361702128,0.1792335106382978,0.0621518617021276,1.0,-0.0425973404255319,-0.001811110163036,-0.0004390788153981,0.0773395186695942
2024-02-13,-0.0201156831352711,-0.0198732076576062,0.0133162096628284,12,816805400.0,2.092832046575818,-0.0008687289332672,0.2037617554858934,0.4200626959247649,0.0846394984326018,0.1943573667711598,0.2131661442006269,0.1567398119122257,0.1191222570532915,0.445141065830721,0.8307210031347962,0.4263322884012539,0.4043887147335423,0.6221808777429467,0.1798432601880877,0.04692131661442,0.0416404388714733,0.1094119122257053,0.1638115987460815,0.6854122257053291,0.1507761755485893,-0.0130354231974921,1,0.1885498004614873,0.3896735842135101,0.0891503613608319,0.1863755611772533,0.1953792105167038,0.1608017986257013,0.1249734001584874,0.479929427047354,1.028573192441516,0.4237378573708557,0.6048353350706602,0.6760987482591,0.1638071460275716,0.0370207113512242,0.0387547123008783,0.0843199918652125,0.116492328109442,0.7202155572547694,0.1632903496767523,0.0467980215673102,3.0,-0.07775315321270501,-0.0205477159686003,-0.0137728387009751,0.1378320196863569
2024-02-14,0.0213132423891295,0.0236225371265787,0.0105839731679805,12,693704900.0,2.1374370832642264,-0.0201156831352711,0.21455938697318,0.3409961685823754,0.0727969348659003,0.2222222222222222,0.2068965517241379,0.1494252873563218,0.0881226053639846,0.5517241379310345,0.9157088122605364,0.3639846743295019,0.5517241379310345,0.6362429118773947,0.1941590038314176,0.0357386973180076,0.0387409961685823,0.0951103448275862,0.1565643678160919,0.7042896551724138,0.1391490421455938,-0.017415325670498,1,0.2037617554858934,0.4200626959247649,0.0846394984326018,0.1943573667711598,0.2131661442006269,0.1567398119122257,0.1191222570532915,0.445141065830721,0.8307210031347962,0.4263322884012539,0.4043887147335423,0.6221808777429467,0.1798432601880877,0.04692131661442,0.0416404388714733,0.1094119122257053,0.1638115987460815,0.6854122257053291,0.1507761755485893,-0.0130354231974921,1.0,-0.0757122257053291,0.0225875965888424,0.0090876065376337,-0.0927444941103843
2024-02-15,-0.002503279553035,-0.0019766533070378,0.0100543178619982,12,602648100.0,2.132086480717792,0.0213132423891295,0.1563421828908554,0.3421828908554572,0.0707964601769911,0.1504424778761062,0.1799410029498525,0.1474926253687315,0.1179941002949852,0.5162241887905604,0.8141592920353983,0.3303834808259587,0.4837758112094395,0.6333241887905605,0.2052949852507374,0.0439781710914454,0.0348212389380531,0.0825870206489675,0.1098259587020649,0.7244852507374632,0.1656867256637168,0.0558607669616519,1,0.21455938697318,0.3409961685823754,0.0727969348659003,0.2222222222222222,0.2068965517241379,0.1494252873563218,0.0881226053639846,0.5517241379310345,0.9157088122605364,0.3639846743295019,0.5517241379310345,0.6362429118773947,0.1941590038314176,0.0357386973180076,0.0387409961685823,0.0951103448275862,0.1565643678160919,0.7042896551724138,0.1391490421455938,-0.017415325670498,1.0,-0.09604636015325671,-0.0009534973457941,0.0068996110088863,-0.0257301726435672
2024-02-16,-0.0031194247966471,-0.0138720977515195,0.0246503918013325,12,679745000.0,2.125435597281245,-0.002503279553035,0.1111111111111111,0.3801169590643274,0.0760233918128654,0.1608187134502924,0.2163742690058479,0.1637426900584795,0.1111111111111111,0.4649122807017544,0.8070175438596491,0.3450292397660818,0.4619883040935672,0.6130888888888889,0.2188336257309941,0.0458622807017543,0.0358868421052631,0.0863301169590643,0.1627336257309941,0.7216988304093567,0.1155649122807017,-0.0471687134502924,1,0.1563421828908554,0.3421828908554572,0.0707964601769911,0.1504424778761062,0.1799410029498525,0.1474926253687315,0.1179941002949852,0.5162241887905604,0.8141592920353983,0.3303834808259587,0.4837758112094395,0.6333241887905605,0.2052949852507374,0.0439781710914454,0.0348212389380531,0.0825870206489675,0.1098259587020649,0.7244852507374632,0.1656867256637168,0.0558607669616519,1.0,-0.1318648967551622,-0.0056626497039202,-0.0049799825638771,0.0164168121683667
2024-02-20,-0.0180792067525206,-0.0170276376744371,0.0230038424196252,12,929355500.0,2.08700940767883,-0.0031194247966471,0.1592373388997895,0.3676665689414113,0.0758706449006636,0.1631881498706923,0.1493432159025465,0.1529372591762734,0.1165026040695934,0.3829578523960443,0.7651435065063491,0.400235859679901,0.364907646826448,0.6594115676673937,0.1853873952359495,0.0331941674383392,0.0359656532723112,0.0860412735537431,0.1147110308906918,0.7389642041396836,0.1463246563693349,0.031613625478643,4,0.1111111111111111,0.3801169590643274,0.0760233918128654,0.1608187134502924,0.2163742690058479,0.1637426900584795,0.1111111111111111,0.4649122807017544,0.8070175438596491,0.3450292397660818,0.4619883040935672,0.6130888888888889,0.2188336257309941,0.0458622807017543,0.0358868421052631,0.0863301169590643,0.1627336257309941,0.7216988304093567,0.1155649122807017,-0.0471687134502924,1.0,-0.142478947368421,-0.0168285822509609,-0.0055051716094982,0.082865191302115
2024-02-21,-0.0028308127675465,0.0002793614658926,0.0119153066392531,12,855839100.0,2.0811014748015837,-0.0180792067525206,0.125,0.4034090909090909,0.0549242424242424,0.1534090909090909,0.1856060606060606,0.1382575757575757,0.1098484848484848,0.5,0.9375,0.3465909090909091,0.5909090909090909,0.670198106060606,0.1566837121212121,0.0333941287878787,0.0410446969696969,0.0986753787878787,0.1357039772727273,0.6000155303030303,0.2642780303030303,0.128574053030303,1,0.1592373388997895,0.3676665689414113,0.0758706449006636,0.1631881498706923,0.1493432159025465,0.1529372591762734,0.1165026040695934,0.3829578523960443,0.7651435065063491,0.400235859679901,0.364907646826448,0.6594115676673937,0.1853873952359495,0.0331941674383392,0.0359656532723112,0.0860412735537431,0.1147110308906918,0.7389642041396836,0.1463246563693349,0.031613625478643,4.0,-0.09657463584823439,-0.0022943069285245,0.0009057010434121,-0.0051880624714809
2024-02-22,0.0570444910534471,0.0491217609245297,0.0440082738893982,12,1157752200.0,2.1998168492622177,-0.0028308127675465,0.1352941176470588,0.4274509803921568,0.0607843137254901,0.1235294117647058,0.1862745098039215,0.1,0.1470588235294117,0.5098039215686274,0.8509803921568627,0.3411764705882353,0.5098039215686274,0.6326333333333333,0.1932886274509804,0.04665,0.0423078431372549,0.0851241176470588,0.1442396078431372,0.6530974509803922,0.2026635294117647,0.0584239215686274,1,0.125,0.4034090909090909,0.0549242424242424,0.1534090909090909,0.1856060606060606,0.1382575757575757,0.1098484848484848,0.5,0.9375,0.3465909090909091,0.5909090909090909,0.670198106060606,0.1566837121212121,0.0333941287878787,0.0410446969696969,0.0986753787878787,0.1357039772727273,0.6000155303030303,0.2642780303030303,0.128574053030303,1.0,-0.05035776515151519,0.0492832321974607,0.0206954116428756,-0.0521512505069892
2024-02-23,-0.0108593526802078,-0.0097021088315678,0.0131394487615005,12,1003825400.0,2.1759282622642155,0.0570444910534471,0.168,0.4416,0.0896,0.192,0.1952,0.1696,0.1456,0.4704,0.8976,0.3776,0.52,0.6260720000000001,0.17858224,0.0408136,0.04647472,0.10805632,0.1239416,0.68093008,0.19513104,0.07118944,1,0.1352941176470588,0.4274509803921568,0.0607843137254901,0.1235294117647058,0.1862745098039215,0.1,0.1470588235294117,0.5098039215686274,0.8509803921568627,0.3411764705882353,0.5098039215686274,0.6326333333333333,0.1932886274509804,0.04665,0.0423078431372549,0.0851241176470588,0.1442396078431372,0.6530974509803922,0.2026635294117647,0.0584239215686274,1.0,-0.11250666666666673,-0.0107863120245226,0.0006896777143825,-0.0543328723470194
2024-02-26,0.0141310802644916,0.0123678143115147,0.0126094800960818,12,657665600.0,2.206676479188047,-0.0108593526802078,0.1265742868210864,0.3660722470548327,0.0618232726409406,0.1742793016002564,0.2005427970714558,0.1659795630502584,0.1187204369074971,0.4677629486186747,0.9044161351277026,0.3441231624255496,0.5602929727021527,0.6254088189844217,0.2024841199434095,0.0410470326755472,0.0384955621724217,0.092563310926954,0.1196625882958773,0.7264793609957488,0.1538589699866887,0.0341963816908113,3,0.168,0.4416,0.0896,0.192,0.1952,0.1696,0.1456,0.4704,0.8976,0.3776,0.52,0.6260720000000001,0.17858224,0.0408136,0.04647472,0.10805632,0.1239416,0.68093008,0.19513104,0.07118944,1.0,-0.0648648,0.0098668973863238,-0.0036624296341466,-0.0007272893732244
2024-02-27,-0.0008857127338494,-0.0054957312073421,0.0119398699777611,12,532711000.0,2.204721997730944,0.0141310802644916,0.1298342541436464,0.3674033149171271,0.074585635359116,0.1795580110497237,0.2016574585635359,0.143646408839779,0.1243093922651933,0.3812154696132597,0.7790055248618785,0.3922651933701657,0.3867403314917127,0.6129190607734807,0.2114082872928176,0.0485591160220994,0.0347383977900552,0.0923756906077348,0.153289226519337,0.7167638121546962,0.1299447513812154,-0.0233444751381215,1,0.1265742868210864,0.3660722470548327,0.0618232726409406,0.1742793016002564,0.2005427970714558,0.1659795630502584,0.1187204369074971,0.4677629486186747,0.9044161351277026,0.3441231624255496,0.5602929727021527,0.6254088189844217,0.2024841199434095,0.0410470326755472,0.0384955621724217,0.092563310926954,0.1196625882958773,0.7264793609957488,0.1538589699866887,0.0341963816908113,3.0,-0.11247227951958101,-0.0009956964852498,0.0018576843718893,-0.022561824680231
2024-02-28,-0.0128148902256601,-0.0099429424442069,0.0078659316254478,12,514031200.0,2.176468727351924,-0.0008857127338494,0.1726190476190476,0.3005952380952381,0.0803571428571428,0.2172619047619047,0.1488095238095238,0.1488095238095238,0.1398809523809523,0.431547619047619,0.8392857142857143,0.3779761904761904,0.4613095238095238,0.6115166666666666,0.21708125,0.0378434523809523,0.0422806547619047,0.0912776785714285,0.1528008928571428,0.6720282738095238,0.1751654761904762,0.0223645833333333,1,0.1298342541436464,0.3674033149171271,0.074585635359116,0.1795580110497237,0.2016574585635359,0.143646408839779,0.1243093922651933,0.3812154696132597,0.7790055248618785,0.3922651933701657,0.3867403314917127,0.6129190607734807,0.2114082872928176,0.0485591160220994,0.0347383977900552,0.0923756906077348,0.153289226519337,0.7167638121546962,0.1299447513812154,-0.0233444751381215,1.0,-0.13285331491712699,-0.0112441427268314,-0.0013216468885626,0.0305286551076324
2024-02-29,0.025082741787238,0.0153522931205724,0.0249783636150541,12,762501400.0,2.231060530448091,-0.0128148902256601,0.1092436974789916,0.2731092436974789,0.0756302521008403,0.134453781512605,0.1470588235294117,0.1050420168067226,0.1050420168067226,0.3907563025210084,0.8235294117647058,0.3025210084033613,0.5210084033613446,0.6654827731092436,0.1801197478991596,0.0371403361344537,0.0399390756302521,0.0773281512605042,0.119376050420168,0.7529054621848739,0.1277193277310924,0.0083432773109243,1,0.1726190476190476,0.3005952380952381,0.0803571428571428,0.2172619047619047,0.1488095238095238,0.1488095238095238,0.1398809523809523,0.431547619047619,0.8392857142857143,0.3779761904761904,0.4613095238095238,0.6115166666666666,0.21708125,0.0378434523809523,0.0422806547619047,0.0912776785714285,0.1528008928571428,0.6720282738095238,0.1751654761904762,0.0223645833333333,1.0,-0.1213663690476191,0.0270912369608424,0.0035949593269126,-0.0317919457519184
2024-03-01,0.0479631407148579,0.0444658702097596,0.0174536455862292,12,769159100.0,2.3380692006133383,0.025082741787238,0.1620553359683794,0.3675889328063241,0.0355731225296442,0.1106719367588932,0.1620553359683794,0.1185770750988142,0.1027667984189723,0.4387351778656126,0.924901185770751,0.3280632411067193,0.5968379446640316,0.6562521739130435,0.1597885375494071,0.0370584980237154,0.0486035573122529,0.098296442687747,0.0971079051383399,0.7719083003952569,0.1309889328063241,0.0338810276679841,1,0.1092436974789916,0.2731092436974789,0.0756302521008403,0.134453781512605,0.1470588235294117,0.1050420168067226,0.1050420168067226,0.3907563025210084,0.8235294117647058,0.3025210084033613,0.5210084033613446,0.6654827731092436,0.1801197478991596,0.0371403361344537,0.0399390756302521,0.0773281512605042,0.119376050420168,0.7529054621848739,0.1277193277310924,0.0083432773109243,1.0,-0.099992857142857,0.0425554951744038,0.0093882144815349,-0.0216417888140831
2024-03-04,0.0145836636471979,0.0102939027786955,0.0157630245084968,12,892727000.0,2.372166815418957,0.0479631407148579,0.1472502179921307,0.3923207885580749,0.0638928344865433,0.1787157173781237,0.2369388735344372,0.1626577340389876,0.1382623005932603,0.5013569090068152,0.950453563995882,0.4059992598366915,0.5444543041591906,0.6177396942187494,0.1886608412698901,0.0391913207806839,0.0465840960747037,0.1078283310002098,0.1152347933071708,0.72779409555433,0.1569691805344581,0.0417343872272872,3,0.1620553359683794,0.3675889328063241,0.0355731225296442,0.1106719367588932,0.1620553359683794,0.1185770750988142,0.1027667984189723,0.4387351778656126,0.924901185770751,0.3280632411067193,0.5968379446640316,0.6562521739130435,0.1597885375494071,0.0370584980237154,0.0486035573122529,0.098296442687747,0.0971079051383399,0.7719083003952569,0.1309889328063241,0.0338810276679841,1.0,-0.04994703557312262,0.0098258119549687,-0.0010723336690515,0.0289855167347297
2024-03-05,-0.0196023923604834,-0.0156927824099221,0.0174612105551433,12,747534100.0,2.325666670758596,0.0145836636471979,0.185022026431718,0.4185022026431718,0.0704845814977973,0.211453744493392,0.1541850220264317,0.1233480176211453,0.0969162995594713,0.4977973568281938,0.8105726872246696,0.3876651982378855,0.4229074889867841,0.6487744493392071,0.1792678414096916,0.0393806167400881,0.0398678414096916,0.0927052863436123,0.1395132158590308,0.6943969162995595,0.1660916299559471,0.0265784140969163,1,0.1472502179921307,0.3923207885580749,0.0638928344865433,0.1787157173781237,0.2369388735344372,0.1626577340389876,0.1382623005932603,0.5013569090068152,0.950453563995882,0.4059992598366915,0.5444543041591906,0.6177396942187494,0.1886608412698901,0.0391913207806839,0.0465840960747037,0.1078283310002098,0.1152347933071708,0.72779409555433,0.1569691805344581,0.0417343872272872,3.0,-0.0734397349756605,-0.019605985700409,-0.0099941569814523,0.0719051359144986
2024-03-06,0.0267923376496746,0.0290456140609911,0.0126932022811402,12,852979700.0,2.3879767174621547,-0.0196023923604834,0.1472868217054263,0.3255813953488372,0.0232558139534883,0.1395348837209302,0.1550387596899224,0.0852713178294573,0.1240310077519379,0.4031007751937984,0.7751937984496124,0.2790697674418604,0.4961240310077519,0.6323178294573644,0.1954046511627907,0.0346643410852713,0.0325930232558139,0.1050201550387596,0.1574372093023255,0.7193248062015504,0.1232387596899224,-0.0341984496124031,1,0.185022026431718,0.4185022026431718,0.0704845814977973,0.211453744493392,0.1541850220264317,0.1233480176211453,0.0969162995594713,0.4977973568281938,0.8105726872246696,0.3876651982378855,0.4229074889867841,0.6487744493392071,0.1792678414096916,0.0393806167400881,0.0398678414096916,0.0927052863436123,0.1395132158590308,0.6943969162995595,0.1660916299559471,0.0265784140969163,1.0,-0.0860753303964758,0.0245743471642674,0.0050672779624447,0.0027662490835065
2024-03-07,0.0315527528125921,0.039537807831175,0.0186460266760968,12,909912100.0,2.463323956550463,0.0267923376496746,0.1214953271028037,0.4953271028037383,0.0623052959501557,0.1838006230529595,0.2461059190031152,0.1370716510903426,0.1246105919003115,0.719626168224299,1.165109034267913,0.4018691588785046,0.7632398753894081,0.6893348909657321,0.1444828660436137,0.0319809968847352,0.0488429906542056,0.0853576323987539,0.1548554517133956,0.6193323987538941,0.2258133956386292,0.0709579439252336,1,0.1472868217054263,0.3255813953488372,0.0232558139534883,0.1395348837209302,0.1550387596899224,0.0852713178294573,0.1240310077519379,0.4031007751937984,0.7751937984496124,0.2790697674418604,0.4961240310077519,0.6323178294573644,0.1954046511627907,0.0346643410852713,0.0325930232558139,0.1050201550387596,0.1574372093023255,0.7193248062015504,0.1232387596899224,-0.0341984496124031,1.0,-0.09245581395348854,0.0342953370344971,0.00992635022637,-0.0041379599735654
2024-03-08,-0.0434713147960535,-0.035689650097564,0.0275601897193686,12,1533586300.0,2.3562400253905977,0.0315527528125921,0.2253521126760563,0.3943661971830985,0.107981220657277,0.215962441314554,0.1830985915492957,0.1924882629107981,0.1502347417840375,0.4413145539906103,0.6995305164319249,0.4225352112676056,0.2769953051643192,0.6518544600938967,0.1920413145539906,0.0474046948356807,0.0391436619718309,0.0695600938967136,0.1425887323943662,0.7392483568075118,0.1181610328638497,-0.0244276995305164,1,0.1214953271028037,0.4953271028037383,0.0623052959501557,0.1838006230529595,0.2461059190031152,0.1370716510903426,0.1246105919003115,0.719626168224299,1.165109034267913,0.4018691588785046,0.7632398753894081,0.6893348909657321,0.1444828660436137,0.0319809968847352,0.0488429906542056,0.0853576323987539,0.1548554517133956,0.6193323987538941,0.2258133956386292,0.0709579439252336,1.0,-0.04226323987538942,-0.0404626512046093,-0.0060021355274162,0.0207756370812095
2024-03-11,-0.0228199398652625,-0.0234933716835212,0.0197283460291149,12,912665900.0,2.3024707697030595,-0.0434713147960535,0.1648133275009835,0.3576621483660251,0.0572930992249373,0.1515024939871281,0.1841389298093395,0.1313060227105023,0.1147038697742012,0.4321577076487878,0.8197748905201427,0.3981350770693428,0.4216398134507997,0.6577964298924872,0.1771817013250132,0.0371325261687493,0.0430592091563844,0.0848314037322738,0.1211277393738873,0.7263908855181312,0.1524798334239421,0.0313520940500547,3,0.2253521126760563,0.3943661971830985,0.107981220657277,0.215962441314554,0.1830985915492957,0.1924882629107981,0.1502347417840375,0.4413145539906103,0.6995305164319249,0.4225352112676056,0.2769953051643192,0.6518544600938967,0.1920413145539906,0.0474046948356807,0.0391436619718309,0.0695600938967136,0.1425887323943662,0.7392483568075118,0.1181610328638497,-0.0244276995305164,1.0,-0.13074225352112678,-0.0132820054108784,-0.0008597979649426,0.0325644846244277
2024-03-12,0.0213635685546701,0.0205120624788322,0.0203790511139543,12,895105600.0,2.351659761836735,-0.0228199398652625,0.1229946524064171,0.4304812834224599,0.0508021390374331,0.1310160427807486,0.2085561497326203,0.1711229946524064,0.1176470588235294,0.5855614973262032,0.9545454545454546,0.374331550802139,0.5802139037433155,0.6412270053475936,0.174925935828877,0.0435085561497326,0.0509804812834224,0.0893636363636363,0.1780355614973262,0.6691326203208556,0.1528328877005347,-0.0252026737967914,1,0.1648133275009835,0.3576621483660251,0.0572930992249373,0.1515024939871281,0.1841389298093395,0.1313060227105023,0.1147038697742012,0.4321577076487878,0.8197748905201427,0.3981350770693428,0.4216398134507997,0.6577964298924872,0.1771817013250132,0.0371325261687493,0.0430592091563844,0.0848314037322738,0.1211277393738873,0.7263908855181312,0.1524798334239421,0.0313520940500547,3.0,-0.08642361460510431,0.0207462884268399,0.0107573671479139,-0.0906701767562002
2024-03-13,-0.0272094475958088,-0.0237479019102596,0.0140622115622244,12,880182600.0,2.2876723987838665,0.0213635685546701,0.1875,0.35,0.0708333333333333,0.1583333333333333,0.2,0.1833333333333333,0.1333333333333333,0.4958333333333333,0.9625,0.3916666666666666,0.5708333333333333,0.6928320833333333,0.16615,0.03817625,0.0379075,0.0649420833333333,0.1484308333333333,0.6914183333333334,0.16014625,0.0117154166666666,1,0.1229946524064171,0.4304812834224599,0.0508021390374331,0.1310160427807486,0.2085561497326203,0.1711229946524064,0.1176470588235294,0.5855614973262032,0.9545454545454546,0.374331550802139,0.5802139037433155,0.6412270053475936,0.174925935828877,0.0435085561497326,0.0509804812834224,0.0893636363636363,0.1780355614973262,0.6691326203208556,0.1528328877005347,-0.0252026737967914,1.0,-0.07809037433155089,-0.0243721388156733,-0.0015675669345437,-0.0065029011268515
2024-03-14,-0.0131871891324061,-0.0101967277107617,0.0150493864440028,12,841413600.0,2.2575044301881184,-0.0272094475958088,0.1115241635687732,0.3680297397769517,0.0780669144981412,0.1672862453531598,0.241635687732342,0.1858736059479553,0.1263940520446096,0.4721189591078067,0.9814126394052044,0.3382899628252788,0.6431226765799256,0.6640055762081785,0.1697342007434944,0.0477167286245353,0.0380215613382899,0.0805197026022304,0.1209460966542751,0.7160773234200744,0.1629788104089219,0.0420327137546468,1,0.1875,0.35,0.0708333333333333,0.1583333333333333,0.2,0.1833333333333333,0.1333333333333333,0.4958333333333333,0.9625,0.3916666666666666,0.5708333333333333,0.6928320833333333,0.16615,0.03817625,0.0379075,0.0649420833333333,0.1484308333333333,0.6914183333333334,0.16014625,0.0117154166666666,1.0,-0.10147666666666669,-0.0170853861374712,-0.0019767865085764,0.0472726995294743
2024-03-15,-0.0048292635283423,-0.0089407084757473,0.0152080407568527,12,1013449700.0,2.24660234637834,-0.0131871891324061,0.128440366972477,0.3211009174311927,0.073394495412844,0.146788990825688,0.1559633027522936,0.1192660550458715,0.0825688073394495,0.4220183486238532,0.8486238532110092,0.2935779816513761,0.555045871559633,0.6328866972477064,0.1980839449541284,0.0369651376146789,0.0367720183486238,0.095293119266055,0.1467128440366972,0.6908532110091743,0.1624344036697247,0.0157215596330275,1,0.1115241635687732,0.3680297397769517,0.0780669144981412,0.1672862453531598,0.241635687732342,0.1858736059479553,0.1263940520446096,0.4721189591078067,0.9814126394052044,0.3382899628252788,0.6431226765799256,0.6640055762081785,0.1697342007434944,0.0477167286245353,0.0380215613382899,0.0805197026022304,0.1209460966542751,0.7160773234200744,0.1629788104089219,0.0420327137546468,1.0,-0.0989096654275094,-0.0071707686176609,-0.0068666607071654,0.0006944603574132
2024-03-18,0.0047299036845889,0.0032884003023906,0.0055658549820447,12,851737200.0,2.2572285590942807,-0.0048292635283423,0.1235239774922313,0.3142647182329722,0.0812211304274796,0.1712312085327958,0.1473125052490131,0.1435080204921474,0.0932644662803392,0.383602082808432,0.8009322247417486,0.2770345175107079,0.5238977072310406,0.6593397593852356,0.1689934273956495,0.0326874779541445,0.0385787578735197,0.100399970605526,0.0843643927941546,0.7617145796590242,0.15392042999916,0.0695560372050054,3,0.128440366972477,0.3211009174311927,0.073394495412844,0.146788990825688,0.1559633027522936,0.1192660550458715,0.0825688073394495,0.4220183486238532,0.8486238532110092,0.2935779816513761,0.555045871559633,0.6328866972477064,0.1980839449541284,0.0369651376146789,0.0367720183486238,0.095293119266055,0.1467128440366972,0.6908532110091743,0.1624344036697247,0.0157215596330275,1.0,-0.10298394495412849,-0.0007769806073845,0.0059431515675332,-0.0055516949724618
2024-03-19,-0.0087820122279301,-0.0061656736645979,0.0181234284542515,12,893432600.0,2.237405550287081,0.0047299036845889,0.1381909547738693,0.3994974874371859,0.1080402010050251,0.1959798994974874,0.2010050251256281,0.185929648241206,0.1407035175879397,0.4472361809045226,0.8994974874371859,0.3366834170854271,0.5628140703517588,0.6577836683417086,0.1572670854271357,0.0384615577889447,0.0593085427135678,0.0871773869346733,0.1141022613065326,0.6932291457286431,0.1926703517587939,0.0785680904522613,1,0.1235239774922313,0.3142647182329722,0.0812211304274796,0.1712312085327958,0.1473125052490131,0.1435080204921474,0.0932644662803392,0.383602082808432,0.8009322247417486,0.2770345175107079,0.5238977072310406,0.6593397593852356,0.1689934273956495,0.0326874779541445,0.0385787578735197,0.100399970605526,0.0843643927941546,0.7617145796590242,0.15392042999916,0.0695560372050054,3.0,-0.0627021768707483,-0.0083719370964,0.0055571335574773,-0.0355896881784447
2024-03-20,0.0155755118727215,0.0189207394670404,0.011383864782383,12,764431800.0,2.272254286999672,-0.0087820122279301,0.1350210970464135,0.350210970464135,0.050632911392405,0.1223628691983122,0.1308016877637131,0.0970464135021097,0.1012658227848101,0.4345991561181435,0.7383966244725738,0.3037974683544304,0.4345991561181435,0.699737552742616,0.1419704641350211,0.0289008438818565,0.039584388185654,0.0898042194092827,0.0910970464135021,0.6939350210970464,0.214959493670886,0.1238624472573839,1,0.1381909547738693,0.3994974874371859,0.1080402010050251,0.1959798994974874,0.2010050251256281,0.185929648241206,0.1407035175879397,0.4472361809045226,0.8994974874371859,0.3366834170854271,0.5628140703517588,0.6577836683417086,0.1572670854271357,0.0384615577889447,0.0593085427135678,0.0871773869346733,0.1141022613065326,0.6932291457286431,0.1926703517587939,0.0785680904522613,1.0,-0.04924271356783927,0.0170234351164546,0.0092493367547434,-0.0564399240372858
2024-03-21,0.03100156745417,0.0201045906710516,0.0379938225995983,12,834283900.0,2.342697731551119,0.0155755118727215,0.1208791208791208,0.3956043956043956,0.0586080586080586,0.1428571428571428,0.2124542124542124,0.1538461538461538,0.1282051282051282,0.4725274725274725,0.8461538461538461,0.326007326007326,0.5201465201465202,0.6855915750915751,0.1448428571428571,0.0380864468864468,0.0442926739926739,0.0871791208791208,0.1091399267399267,0.7200571428571428,0.1708018315018315,0.0616619047619047,1,0.1350210970464135,0.350210970464135,0.050632911392405,0.1223628691983122,0.1308016877637131,0.0970464135021097,0.1012658227848101,0.4345991561181435,0.7383966244725738,0.3037974683544304,0.4345991561181435,0.699737552742616,0.1419704641350211,0.0289008438818565,0.039584388185654,0.0898042194092827,0.0910970464135021,0.6939350210970464,0.214959493670886,0.1238624472573839,1.0,-0.041482700421940896,0.0224997269655045,0.0033047085024036,-0.0092024452385066
2024-03-22,0.0023576843877597,0.0012630938559703,0.0105293865698749,12,786685700.0,2.348221073418037,0.03100156745417,0.1428571428571428,0.28125,0.0803571428571428,0.1830357142857142,0.1339285714285714,0.1517857142857142,0.1160714285714285,0.4330357142857143,0.8482142857142857,0.2991071428571428,0.5491071428571429,0.6276794642857143,0.1982325892857142,0.0423366071428571,0.0313995535714285,0.1003486607142857,0.1328950892857142,0.7547357142857143,0.1123767857142857,-0.0205183035714285,1,0.1208791208791208,0.3956043956043956,0.0586080586080586,0.1428571428571428,0.2124542124542124,0.1538461538461538,0.1282051282051282,0.4725274725274725,0.8461538461538461,0.326007326007326,0.5201465201465202,0.6855915750915751,0.1448428571428571,0.0380864468864468,0.0442926739926739,0.0871791208791208,0.1091399267399267,0.7200571428571428,0.1708018315018315,0.0616619047619047,1.0,-0.05145750915750921,0.00119907928723,-0.0018957308521935,0.0108359398216746
2024-03-25,-0.0007652539674349,-0.0059948067528192,0.0212196335267382,12,785767800.0,2.3464240879251896,0.0023576843877597,0.1092574433717301,0.3449284455003403,0.0480686756476319,0.1696138886878005,0.168115050246461,0.1374426989987269,0.1143820851604939,0.4652706025846051,0.834665816977549,0.3314615676544851,0.503204249323064,0.6287790677952468,0.1986361042375501,0.0411439327846183,0.0348285368857943,0.0966145825883928,0.1318741531443981,0.7323306633936818,0.1357986910619578,0.0039245379175597,3,0.1428571428571428,0.28125,0.0803571428571428,0.1830357142857142,0.1339285714285714,0.1517857142857142,0.1160714285714285,0.4330357142857143,0.8482142857142857,0.2991071428571428,0.5491071428571429,0.6276794642857143,0.1982325892857142,0.0423366071428571,0.0313995535714285,0.1003486607142857,0.1328950892857142,0.7547357142857143,0.1123767857142857,-0.0205183035714285,1.0,-0.10882098214285708,-0.0039031732745929,-0.0027628111761155,0.0099539936133032
2024-03-26,-0.0036551850247073,-0.006074309567839,0.0151493163679933,12,729142300.0,2.337847473737393,-0.0007652539674349,0.1065292096219931,0.3711340206185567,0.0584192439862542,0.140893470790378,0.1683848797250859,0.0927835051546391,0.1065292096219931,0.5979381443298969,1.0446735395189004,0.2886597938144329,0.7560137457044673,0.6822903780068729,0.1582178694158075,0.0386367697594501,0.0362316151202749,0.0846209621993127,0.0806378006872852,0.7474099656357388,0.1719487972508591,0.0913109965635738,1,0.1092574433717301,0.3449284455003403,0.0480686756476319,0.1696138886878005,0.168115050246461,0.1374426989987269,0.1143820851604939,0.4652706025846051,0.834665816977549,0.3314615676544851,0.503204249323064,0.6287790677952468,0.1986361042375501,0.0411439327846183,0.0348285368857943,0.0966145825883928,0.1318741531443981,0.7323306633936818,0.1357986910619578,0.0039245379175597,3.0,-0.1083369175479813,-0.0075256138277742,-0.0018470371085398,0.003790765149775
2024-03-27,0.0081135283548514,0.0051117435704283,0.0232470362691877,12,801250000.0,2.356815665504879,-0.0036551850247073,0.1474820143884892,0.3237410071942446,0.0755395683453237,0.2158273381294964,0.158273381294964,0.118705035971223,0.1366906474820144,0.4028776978417266,0.9100719424460432,0.3309352517985611,0.579136690647482,0.6431392086330935,0.1986176258992805,0.0381485611510791,0.0405205035971223,0.0795719424460431,0.1211589928057554,0.7157244604316546,0.1631147482014388,0.0419557553956834,1,0.1065292096219931,0.3711340206185567,0.0584192439862542,0.140893470790378,0.1683848797250859,0.0927835051546391,0.1065292096219931,0.5979381443298969,1.0446735395189004,0.2886597938144329,0.7560137457044673,0.6822903780068729,0.1582178694158075,0.0386367697594501,0.0362316151202749,0.0846209621993127,0.0806378006872852,0.7474099656357388,0.1719487972508591,0.0913109965635738,1.0,-0.07600206185567002,0.01256282661657,0.0084038408433992,-0.0347432058987206
2024-03-28,-0.0014256930342984,0.0010897860843243,0.0083306970579587,12,629921700.0,2.3534555698274437,0.0081135283548514,0.1864406779661017,0.4406779661016949,0.1084745762711864,0.2949152542372881,0.2508474576271186,0.2305084745762712,0.1728813559322033,0.6067796610169491,1.0847457627118644,0.5966101694915255,0.488135593220339,0.6229322033898305,0.2143562711864406,0.0411430508474576,0.0361122033898305,0.085462033898305,0.1788505084745762,0.6489596610169491,0.1721894915254237,-0.0066610169491525,1,0.1474820143884892,0.3237410071942446,0.0755395683453237,0.2158273381294964,0.158273381294964,0.118705035971223,0.1366906474820144,0.4028776978417266,0.9100719424460432,0.3309352517985611,0.579136690647482,0.6431392086330935,0.1986176258992805,0.0381485611510791,0.0405205035971223,0.0795719424460431,0.1211589928057554,0.7157244604316546,0.1631147482014388,0.0419557553956834,1.0,-0.11667374100719419,0.0010634106729554,-0.000191145602698,0.0179969092892282
2024-04-01,0.0205964564255609,0.016705993270105,0.0150876441403604,12,662638900.0,2.401928414920888,-0.0014256930342984,0.1208430858220442,0.335153701580106,0.0655074435745961,0.1609002393793411,0.1780158599596409,0.1577435587808469,0.1204771417580967,0.4898769486706311,0.905853155649839,0.3816066635578988,0.5242464920919402,0.6396359966806681,0.1932325089137413,0.0399852620372503,0.0369759865150627,0.0901656124399528,0.1124058876793343,0.7383323055211294,0.1492624305797827,0.0368565429004483,4,0.1864406779661017,0.4406779661016949,0.1084745762711864,0.2949152542372881,0.2508474576271186,0.2305084745762712,0.1728813559322033,0.6067796610169491,1.0847457627118644,0.5966101694915255,0.488135593220339,0.6229322033898305,0.2143562711864406,0.0411430508474576,0.0361122033898305,0.085462033898305,0.1788505084745762,0.6489596610169491,0.1721894915254237,-0.0066610169491525,1.0,-0.1339250847457627,0.0105346860140569,-0.0017397037447676,0.0491928807370545
2024-04-02,-0.0128644716819317,-0.0124164006187244,0.009121573012627,12,622095700.0,2.3710288748451114,0.0205964564255609,0.1796407185628742,0.3173652694610778,0.0778443113772455,0.1736526946107784,0.2215568862275449,0.1796407185628742,0.0958083832335329,0.4850299401197604,1.0239520958083832,0.3712574850299401,0.6526946107784432,0.6482532934131737,0.1791526946107784,0.0346239520958083,0.0464005988023952,0.0915706586826347,0.1212532934131736,0.7164287425149701,0.1623209580838323,0.0410676646706586,1,0.1208430858220442,0.335153701580106,0.0655074435745961,0.1609002393793411,0.1780158599596409,0.1577435587808469,0.1204771417580967,0.4898769486706311,0.905853155649839,0.3816066635578988,0.5242464920919402,0.6396359966806681,0.1932325089137413,0.0399852620372503,0.0369759865150627,0.0901656124399528,0.1124058876793343,0.7383323055211294,0.1492624305797827,0.0368565429004483,4.0,-0.1060761719959761,-0.0154182653799774,-0.0063583208051138,0.0703296750897886
2024-04-03,0.0036449388509696,0.0114982529905213,0.0298733791678699,12,612741900.0,2.379671130107805,-0.0128644716819317,0.3157894736842105,0.327485380116959,0.0760233918128654,0.3450292397660818,0.1812865497076023,0.2631578947368421,0.2163742690058479,0.5497076023391813,0.8362573099415205,0.4269005847953216,0.4093567251461988,0.6356888888888889,0.1807415204678362,0.0464871345029239,0.046645029239766,0.090446783625731,0.1712619883040935,0.6874461988304094,0.1412964912280701,-0.0299654970760233,1,0.1796407185628742,0.3173652694610778,0.0778443113772455,0.1736526946107784,0.2215568862275449,0.1796407185628742,0.0958083832335329,0.4850299401197604,1.0239520958083832,0.3712574850299401,0.6526946107784432,0.6482532934131737,0.1791526946107784,0.0346239520958083,0.0464005988023952,0.0915706586826347,0.1212532934131736,0.7164287425149701,0.1623209580838323,0.0410676646706586,1.0,-0.0758053892215568,0.0028026469871647,0.0010986046804752,-0.0191649376831588
2024-04-04,-0.031278421176149,-0.0284202852393657,0.0175649291499417,12,700265400.0,2.3052387742395704,0.0036449388509696,0.1962025316455696,0.569620253164557,0.0696202531645569,0.1962025316455696,0.2341772151898734,0.1518987341772152,0.170886075949367,0.6582278481012658,1.2658227848101269,0.3987341772151899,0.8670886075949367,0.6609943037974684,0.1613645569620253,0.0403120253164556,0.0424310126582278,0.0949018987341772,0.1488544303797468,0.6704993670886076,0.1806443037974683,0.0317898734177215,1,0.3157894736842105,0.327485380116959,0.0760233918128654,0.3450292397660818,0.1812865497076023,0.2631578947368421,0.2163742690058479,0.5497076023391813,0.8362573099415205,0.4269005847953216,0.4093567251461988,0.6356888888888889,0.1807415204678362,0.0464871345029239,0.046645029239766,0.090446783625731,0.1712619883040935,0.6874461988304094,0.1412964912280701,-0.0299654970760233,1.0,-0.09013684210526313,-0.0283039045588399,-0.0122060219006766,0.1409630473494973
2024-04-05,0.0140623373336816,0.0172283563253004,0.015376317785508,12,612527900.0,2.33765581951761,-0.031278421176149,0.1531531531531531,0.3513513513513513,0.054054054054054,0.2117117117117117,0.1621621621621621,0.1621621621621621,0.1081081081081081,0.5585585585585585,0.981981981981982,0.4099099099099099,0.5720720720720721,0.6740117117117117,0.1652306306306306,0.0334702702702702,0.0420855855855855,0.0851977477477477,0.1764324324324324,0.6055243243243243,0.2180468468468468,0.0416144144144144,1,0.1962025316455696,0.569620253164557,0.0696202531645569,0.1962025316455696,0.2341772151898734,0.1518987341772152,0.170886075949367,0.6582278481012658,1.2658227848101269,0.3987341772151899,0.8670886075949367,0.6609943037974684,0.1613645569620253,0.0403120253164556,0.0424310126582278,0.0949018987341772,0.1488544303797468,0.6704993670886076,0.1806443037974683,0.0317898734177215,1.0,-0.06434367088607591,0.0118705220016266,0.0104468209036339,-0.0195718463215994
2024-04-08,-0.0006590965521334,-0.0019245547042821,0.0096489745098044,12,470548000.0,2.336115078626891,0.0140623373336816,0.1216568714314581,0.3877260964420757,0.0900040464575445,0.1841947474273405,0.2143518873690856,0.1655552196043095,0.1114017340098488,0.4970009080712036,0.9073791941883442,0.3787555463294318,0.5286236478589125,0.6070072885374939,0.20582581736186,0.0430406335789788,0.0463495214048578,0.0977834649810939,0.1081881005316553,0.7242133838814603,0.1675966519850957,0.0594085514534403,3,0.1531531531531531,0.3513513513513513,0.054054054054054,0.2117117117117117,0.1621621621621621,0.1621621621621621,0.1081081081081081,0.5585585585585585,0.981981981981982,0.4099099099099099,0.5720720720720721,0.6740117117117117,0.1652306306306306,0.0334702702702702,0.0420855855855855,0.0851977477477477,0.1764324324324324,0.6055243243243243,0.2180468468468468,0.0416144144144144,1.0,-0.07141756756756759,0.0025718047897291,0.0005594447086165,-0.0524018134922481
2024-04-09,0.0056584871386568,0.0068994495740869,0.0105061231321296,12,703974900.0,2.349333955753724,-0.0006590965521334,0.0940438871473354,0.4482758620689655,0.0689655172413793,0.1128526645768025,0.2476489028213166,0.1128526645768025,0.1253918495297805,0.542319749216301,0.9498432601880876,0.2978056426332288,0.6520376175548589,0.6701310344827587,0.1607482758620689,0.0353037617554859,0.0425865203761755,0.0912304075235109,0.1115799373040752,0.7092905956112853,0.1791313479623824,0.0675514106583072,1,0.1216568714314581,0.3877260964420757,0.0900040464575445,0.1841947474273405,0.2143518873690856,0.1655552196043095,0.1114017340098488,0.4970009080712036,0.9073791941883442,0.3787555463294318,0.5286236478589125,0.6070072885374939,0.20582581736186,0.0430406335789788,0.0463495214048578,0.0977834649810939,0.1081881005316553,0.7242133838814603,0.1675966519850957,0.0594085514534403,3.0,-0.1047334645548871,0.0107560631941929,0.0011567124152835,-0.0138248876858543
2024-04-10,-0.0114510177561003,-0.0129776142807011,0.0143469105217696,12,633270000.0,2.3224316909113782,0.0056584871386568,0.144,0.356,0.084,0.212,0.136,0.18,0.08,0.4,0.844,0.352,0.492,0.6730552,0.1785595999999999,0.035642,0.0389736,0.073772,0.1500648,0.7167528,0.1331812,-0.0168836,1,0.0940438871473354,0.4482758620689655,0.0689655172413793,0.1128526645768025,0.2476489028213166,0.1128526645768025,0.1253918495297805,0.542319749216301,0.9498432601880876,0.2978056426332288,0.6520376175548589,0.6701310344827587,0.1607482758620689,0.0353037617554859,0.0425865203761755,0.0912304075235109,0.1115799373040752,0.7092905956112853,0.1791313479623824,0.0675514106583072,1.0,-0.0622351097178684,-0.0182553992608506,-0.0100131380827789,0.0547396978342042
2024-04-11,0.0228154518993138,0.0198677846949207,0.0139860072498392,12,632082700.0,2.375419019444809,-0.0114510177561003,0.0902255639097744,0.4323308270676692,0.018796992481203,0.1428571428571428,0.1278195488721804,0.093984962406015,0.0977443609022556,0.3834586466165413,0.7969924812030075,0.3082706766917293,0.4887218045112781,0.6544462406015037,0.1905360902255639,0.0358635338345864,0.0365112781954887,0.0826394736842105,0.1597808270676691,0.7307917293233083,0.1094236842105263,-0.0503571428571428,1,0.144,0.356,0.084,0.212,0.136,0.18,0.08,0.4,0.844,0.352,0.492,0.6730552,0.1785595999999999,0.035642,0.0389736,0.073772,0.1500648,0.7167528,0.1331812,-0.0168836,1.0,-0.10145599999999991,0.0225860425257822,0.0075468667117259,-0.0563291349733432
2024-04-12,-0.0308583299923103,-0.0280364548119666,0.0092502482419637,12,675297600.0,2.302117555472771,0.0228154518993138,0.0909090909090909,0.3636363636363636,0.0568181818181818,0.1136363636363636,0.1647727272727272,0.1363636363636363,0.1022727272727272,0.4204545454545454,0.8409090909090909,0.3522727272727273,0.4886363636363636,0.7131659090909092,0.1332005681818182,0.0366619318181818,0.0448772727272727,0.0720920454545454,0.1084295454545454,0.7624142045454545,0.1291568181818181,0.0207272727272727,1,0.0902255639097744,0.4323308270676692,0.018796992481203,0.1428571428571428,0.1278195488721804,0.093984962406015,0.0977443609022556,0.3834586466165413,0.7969924812030075,0.3082706766917293,0.4887218045112781,0.6544462406015037,0.1905360902255639,0.0358635338345864,0.0365112781954887,0.0826394736842105,0.1597808270676691,0.7307917293233083,0.1094236842105263,-0.0503571428571428,1.0,-0.1072488721804511,-0.0328202461902378,-0.0138031049910422,0.1609657708311
2024-04-15,-0.0124937678352477,-0.0109228810850989,0.012743156119438,12,644000700.0,2.273355433205246,-0.0308583299923103,0.1340092640642718,0.3691066136193277,0.0648980376328586,0.1549108381863959,0.171202752311211,0.1246209613869188,0.0969758403967018,0.5016985142901075,0.8882113436737203,0.3710522977570201,0.5171590459167003,0.6537870006188856,0.1830642251897979,0.0373253774395048,0.0363730528820465,0.0894488740279459,0.1342433168579061,0.6932817620711527,0.1724727657883103,0.0382294489304042,3,0.0909090909090909,0.3636363636363636,0.0568181818181818,0.1136363636363636,0.1647727272727272,0.1363636363636363,0.1022727272727272,0.4204545454545454,0.8409090909090909,0.3522727272727273,0.4886363636363636,0.7131659090909092,0.1332005681818182,0.0366619318181818,0.0448772727272727,0.0720920454545454,0.1084295454545454,0.7624142045454545,0.1291568181818181,0.0207272727272727,1.0,-0.052893181818181895,-0.012656694454939,-0.0125281012117253,0.1109185520237343
2024-04-16,0.0107919761924794,0.0152286003067713,0.0106191709918187,12,533615000.0,2.297889430917441,-0.0124937678352477,0.1235521235521235,0.4015444015444015,0.0463320463320463,0.1274131274131274,0.1428571428571428,0.1583011583011583,0.0926640926640926,0.555984555984556,0.7606177606177607,0.444015444015444,0.3166023166023166,0.6530830115830116,0.1830119691119691,0.0366590733590733,0.0501220077220077,0.0771247104247104,0.1273637065637065,0.7111864864864865,0.1614482625482625,0.0340845559845559,1,0.1340092640642718,0.3691066136193277,0.0648980376328586,0.1549108381863959,0.171202752311211,0.1246209613869188,0.0969758403967018,0.5016985142901075,0.8882113436737203,0.3710522977570201,0.5171590459167003,0.6537870006188856,0.1830642251897979,0.0373253774395048,0.0363730528820465,0.0894488740279459,0.1342433168579061,0.6932817620711527,0.1724727657883103,0.0382294489304042,3.0,-0.09456767571931031,0.0075705826368583,-0.0018238108605702,-0.0431617235290652
2024-04-17,-0.0390267275734237,-0.0416702937047734,0.0185139885995673,12,727416500.0,2.208210326103176,0.0107919761924794,0.1861861861861861,0.3063063063063063,0.051051051051051,0.2342342342342342,0.1531531531531531,0.1801801801801801,0.081081081081081,0.4234234234234234,0.8138138138138138,0.4234234234234234,0.3903903903903903,0.6534471471471471,0.1960993993993994,0.0340456456456456,0.0390897897897897,0.0773168168168168,0.2160036036036036,0.5782,0.2057996996996997,-0.0102039039039039,1,0.1235521235521235,0.4015444015444015,0.0463320463320463,0.1274131274131274,0.1428571428571428,0.1583011583011583,0.0926640926640926,0.555984555984556,0.7606177606177607,0.444015444015444,0.3166023166023166,0.6530830115830116,0.1830119691119691,0.0366590733590733,0.0501220077220077,0.0771247104247104,0.1273637065637065,0.7111864864864865,0.1614482625482625,0.0340845559845559,1.0,-0.09242432432432428,-0.0303309695838134,-0.0059181784267968,-0.0103261161954737
2024-04-18,-0.0200718284777243,-0.0195617846448993,0.0157630592587256,12,691535000.0,2.163887507194893,-0.0390267275734237,0.1896024464831804,0.418960244648318,0.073394495412844,0.1651376146788991,0.1437308868501529,0.1620795107033639,0.1070336391437308,0.4648318042813456,0.7767584097859327,0.4464831804281345,0.3302752293577982,0.6575131498470947,0.1782125382262997,0.0357333333333333,0.0355577981651376,0.092988990825688,0.1315434250764525,0.7007954128440367,0.167665749235474,0.0361223241590214,1,0.1861861861861861,0.3063063063063063,0.051051051051051,0.2342342342342342,0.1531531531531531,0.1801801801801801,0.081081081081081,0.4234234234234234,0.8138138138138138,0.4234234234234234,0.3903903903903903,0.6534471471471471,0.1960993993993994,0.0340456456456456,0.0390897897897897,0.0773168168168168,0.2160036036036036,0.5782,0.2057996996996997,-0.0102039039039039,1.0,-0.1137384384384385,-0.0177314756710889,-0.0020577890876725,-0.0115320755096423
2024-04-19,-0.0396663273819544,-0.0338608173507607,0.0221219559814127,12,1161533900.0,2.07805403691678,-0.0200718284777243,0.1734317343173431,0.3800738007380074,0.070110701107011,0.1881918819188192,0.1217712177121771,0.1808118081180811,0.1660516605166051,0.4649446494464944,0.9446494464944648,0.5055350553505535,0.4391143911439114,0.6459623616236162,0.1864420664206642,0.0406416974169741,0.0421985239852398,0.0847535055350553,0.1966778597785977,0.6168712177121771,0.1864531365313653,-0.0102247232472324,1,0.1896024464831804,0.418960244648318,0.073394495412844,0.1651376146788991,0.1437308868501529,0.1620795107033639,0.1070336391437308,0.4648318042813456,0.7767584097859327,0.4464831804281345,0.3302752293577982,0.6575131498470947,0.1782125382262997,0.0357333333333333,0.0355577981651376,0.092988990825688,0.1315434250764525,0.7007954128440367,0.167665749235474,0.0361223241590214,1.0,-0.08539908256880739,-0.0398780888386219,-0.0087283105647208,0.0394443935818142
2024-04-22,0.0137639872290968,0.014096618075445,0.011914710688762,12,794668500.0,2.106656346142276,-0.0396663273819544,0.1664766670105574,0.3438486536675951,0.0809981429897864,0.1812426493345713,0.1774515973726744,0.1524258055641527,0.1247534303105333,0.5307063516627119,0.929951167509199,0.3513124591629697,0.5786387083462293,0.6616267000928505,0.1796205789573231,0.035906541662368,0.0361523384229168,0.086699685786994,0.1262364735204099,0.7329120426424568,0.140850881718766,0.0146144081983562,3,0.1734317343173431,0.3800738007380074,0.070110701107011,0.1881918819188192,0.1217712177121771,0.1808118081180811,0.1660516605166051,0.4649446494464944,0.9446494464944648,0.5055350553505535,0.4391143911439114,0.6459623616236162,0.1864420664206642,0.0406416974169741,0.0421985239852398,0.0847535055350553,0.1966778597785977,0.6168712177121771,0.1864531365313653,-0.0102247232472324,1.0,-0.10013173431734318,0.0164826782673139,0.0092090812648659,-0.0946017443626682
2024-04-23,0.0215267151145709,0.0226423696836605,0.0112797137745133,12,615653300.0,2.1520057371499832,0.0137639872290968,0.1228070175438596,0.3333333333333333,0.0736842105263157,0.1894736842105263,0.2140350877192982,0.1929824561403508,0.1052631578947368,0.5403508771929825,1.0315789473684212,0.3228070175438596,0.7087719298245614,0.6502382456140351,0.1703129824561403,0.0418452631578947,0.0434449122807017,0.0941621052631579,0.1268610526315789,0.7409280701754386,0.1322126315789473,0.0053515789473684,1,0.1664766670105574,0.3438486536675951,0.0809981429897864,0.1812426493345713,0.1774515973726744,0.1524258055641527,0.1247534303105333,0.5307063516627119,0.929951167509199,0.3513124591629697,0.5786387083462293,0.6616267000928505,0.1796205789573231,0.035906541662368,0.0361523384229168,0.086699685786994,0.1262364735204099,0.7329120426424568,0.140850881718766,0.0146144081983562,3.0,-0.09267509640978033,0.02087674943179,0.0118667973578265,-0.0737899004879727
2024-04-24,0.0008501345955834,0.001628440251241,0.0140513553895875,12,706130100.0,2.153835231677028,0.0215267151145709,0.2155172413793103,0.4008620689655172,0.1293103448275862,0.2801724137931034,0.2198275862068965,0.2370689655172413,0.1379310344827586,0.4827586206896552,1.0646551724137931,0.4784482758620689,0.5862068965517241,0.6586741379310345,0.1755215517241379,0.0451551724137931,0.0466478448275862,0.0740103448275862,0.159305172413793,0.7271612068965517,0.1135353448275862,-0.0457698275862069,1,0.1228070175438596,0.3333333333333333,0.0736842105263157,0.1894736842105263,0.2140350877192982,0.1929824561403508,0.1052631578947368,0.5403508771929825,1.0315789473684212,0.3228070175438596,0.7087719298245614,0.6502382456140351,0.1703129824561403,0.0418452631578947,0.0434449122807017,0.0941621052631579,0.1268610526315789,0.7409280701754386,0.1322126315789473,0.0053515789473684,1.0,-0.07455122807017539,0.012969307056996,-0.0004747309183239,0.0178458058721417
2024-04-25,0.018699303949409,0.0182090678494025,0.0138615238768885,12,637533100.0,2.1941104513311025,0.0008501345955834,0.0957854406130268,0.3754789272030651,0.053639846743295,0.1455938697318007,0.1992337164750957,0.1264367816091954,0.1111111111111111,0.4482758620689655,0.8275862068965517,0.2988505747126437,0.5287356321839081,0.6509038314176245,0.169523754789272,0.0409360153256705,0.0442908045977011,0.0943452107279693,0.1391325670498084,0.6599272030651341,0.2009371647509578,0.0618045977011494,1,0.2155172413793103,0.4008620689655172,0.1293103448275862,0.2801724137931034,0.2198275862068965,0.2370689655172413,0.1379310344827586,0.4827586206896552,1.0646551724137931,0.4784482758620689,0.5862068965517241,0.6586741379310345,0.1755215517241379,0.0451551724137931,0.0466478448275862,0.0740103448275862,0.159305172413793,0.7271612068965517,0.1135353448275862,-0.0457698275862069,1.0,-0.10001853448275858,0.0185576190697849,-0.0037989089424659,-0.0375704678420368
2024-04-26,0.0204919205025966,0.0278644637361329,0.0380792426195787,12,806096500.0,2.239071988273696,0.018699303949409,0.1039603960396039,0.3514851485148514,0.0396039603960396,0.1287128712871287,0.2178217821782178,0.1435643564356435,0.1138613861386138,0.4059405940594059,0.905940594059406,0.3514851485148514,0.5544554455445545,0.6276673267326732,0.201539603960396,0.0391371287128712,0.0354539603960396,0.0962004950495049,0.1400836633663366,0.6802821782178218,0.1796282178217821,0.0395445544554455,1,0.0957854406130268,0.3754789272030651,0.053639846743295,0.1455938697318007,0.1992337164750957,0.1264367816091954,0.1111111111111111,0.4482758620689655,0.8275862068965517,0.2988505747126437,0.5287356321839081,0.6509038314176245,0.169523754789272,0.0409360153256705,0.0442908045977011,0.0943452107279693,0.1391325670498084,0.6599272030651341,0.2009371647509578,0.0618045977011494,1.0,-0.07182375478927212,0.0211383614209568,0.0094738855037568,-0.0221210250565674
2024-04-29,0.0014685521754488,0.0008483629960998,0.0117663774452972,12,557843000.0,2.242360182313061,0.0204919205025966,0.2093105970350818,0.3662469257933229,0.0942015301323424,0.2069303785978542,0.1792661955703035,0.1973281979900697,0.110396354737351,0.5374747478175974,1.015374864732849,0.4797628719660224,0.5356119927668267,0.6467385286410482,0.1875158583705488,0.0364993032552468,0.0394390727644444,0.0898034434560423,0.1306636061757007,0.7182906130228593,0.1510471757257729,0.0203835695500721,3,0.1039603960396039,0.3514851485148514,0.0396039603960396,0.1287128712871287,0.2178217821782178,0.1435643564356435,0.1138613861386138,0.4059405940594059,0.905940594059406,0.3514851485148514,0.5544554455445545,0.6276673267326732,0.201539603960396,0.0391371287128712,0.0354539603960396,0.0962004950495049,0.1400836633663366,0.6802821782178218,0.1796282178217821,0.0395445544554455,1.0,-0.1090222772277227,0.0076073019608648,0.0035414297461646,-0.0239520733914264
2024-04-30,-0.0258589964490009,-0.028514589006535,0.011942004527635,12,580064900.0,2.1843749983212466,0.0014685521754488,0.1616161616161616,0.4545454545454545,0.0707070707070707,0.138047138047138,0.1851851851851851,0.1279461279461279,0.1346801346801346,0.5353535353535354,0.8754208754208754,0.3804713804713804,0.494949494949495,0.641404377104377,0.1870808080808081,0.037537037037037,0.0362821548821548,0.0977013468013468,0.1338838383838383,0.665323569023569,0.200794276094276,0.0669104377104377,1,0.2093105970350818,0.3662469257933229,0.0942015301323424,0.2069303785978542,0.1792661955703035,0.1973281979900697,0.110396354737351,0.5374747478175974,1.015374864732849,0.4797628719660224,0.5356119927668267,0.6467385286410482,0.1875158583705488,0.0364993032552468,0.0394390727644444,0.0898034434560423,0.1306636061757007,0.7182906130228593,0.1510471757257729,0.0203835695500721,3.0,-0.09477264540530889,-0.0208648141021773,-0.0158412777210869,0.0668029677668484
2024-05-01,-0.0310886192832417,-0.0291378433985483,0.0215863869246021,12,814846600.0,2.1164657956266053,-0.0258589964490009,0.1487179487179487,0.4153846153846154,0.0358974358974358,0.1076923076923077,0.1846153846153846,0.0974358974358974,0.0615384615384615,0.5897435897435898,0.9743589743589745,0.441025641025641,0.5333333333333333,0.705708717948718,0.1404851282051282,0.0275415384615384,0.0344738461538461,0.0918051282051282,0.1318984615384615,0.705854358974359,0.1622410256410256,0.0303425641025641,1,0.1616161616161616,0.4545454545454545,0.0707070707070707,0.138047138047138,0.1851851851851851,0.1279461279461279,0.1346801346801346,0.5353535353535354,0.8754208754208754,0.3804713804713804,0.494949494949495,0.641404377104377,0.1870808080808081,0.037537037037037,0.0362821548821548,0.0977013468013468,0.1338838383838383,0.665323569023569,0.200794276094276,0.0669104377104377,1.0,-0.09063434343434351,-0.0337866804604506,-0.003247026807385,-0.0166133726226849
2024-05-02,0.0254962636305102,0.0203283346627426,0.0259403442979309,12,584185100.0,2.170427765516859,-0.0310886192832417,0.1677018633540372,0.391304347826087,0.0372670807453416,0.1801242236024844,0.1366459627329192,0.1739130434782608,0.0745341614906832,0.4099378881987577,0.8198757763975155,0.4099378881987577,0.4099378881987577,0.722444099378882,0.1368981366459627,0.024327950310559,0.035535403726708,0.0807968944099378,0.1301627329192546,0.7160888198757764,0.1537459627329192,0.0235832298136645,1,0.1487179487179487,0.4153846153846154,0.0358974358974358,0.1076923076923077,0.1846153846153846,0.0974358974358974,0.0615384615384615,0.5897435897435898,0.9743589743589745,0.441025641025641,0.5333333333333333,0.705708717948718,0.1404851282051282,0.0275415384615384,0.0344738461538461,0.0918051282051282,0.1318984615384615,0.705854358974359,0.1622410256410256,0.0303425641025641,1.0,-0.04174769230769229,0.022489833978722,0.0093534060555291,-0.0461338546009207
2024-05-03,0.0259726805166635,0.0292493882980355,0.01156729182756,12,571707400.0,2.2267995924551243,0.0254962636305102,0.2014388489208633,0.3741007194244604,0.0431654676258992,0.1223021582733813,0.2661870503597122,0.1007194244604316,0.1223021582733813,0.5035971223021583,0.9568345323741008,0.2733812949640288,0.6834532374100719,0.6453748201438849,0.1531812949640288,0.035805035971223,0.0539712230215827,0.1116604316546762,0.0955057553956834,0.7626741007194245,0.1418172661870503,0.0463115107913669,1,0.1677018633540372,0.391304347826087,0.0372670807453416,0.1801242236024844,0.1366459627329192,0.1739130434782608,0.0745341614906832,0.4099378881987577,0.8198757763975155,0.4099378881987577,0.4099378881987577,0.722444099378882,0.1368981366459627,0.024327950310559,0.035535403726708,0.0807968944099378,0.1301627329192546,0.7160888198757764,0.1537459627329192,0.0235832298136645,1.0,-0.04489378881987589,0.0225153825709649,0.0123952966529838,-0.0810627049944988
2024-05-06,0.0233863401770615,0.021246666960606,0.0123610933754192,12,531138400.0,2.278876285230422,0.0259726805166635,0.1107184283021602,0.3851130926489778,0.0684174278671885,0.1564992025518341,0.1290778599391039,0.1203240539364941,0.0984486008409453,0.3703240539364941,0.7993692909960851,0.3028853124546904,0.4964839785413947,0.6687366663041902,0.181895255183413,0.0335926236044656,0.0312270769899956,0.084549452660577,0.1073070284181528,0.7495042427867188,0.143188513121647,0.0358814847034942,3,0.2014388489208633,0.3741007194244604,0.0431654676258992,0.1223021582733813,0.2661870503597122,0.1007194244604316,0.1223021582733813,0.5035971223021583,0.9568345323741008,0.2733812949640288,0.6834532374100719,0.6453748201438849,0.1531812949640288,0.035805035971223,0.0539712230215827,0.1116604316546762,0.0955057553956834,0.7626741007194245,0.1418172661870503,0.0463115107913669,1.0,-0.0233546762589929,0.0207709031166938,0.0103267946523022,0.0
2024-05-07,-0.0099133574945548,-0.0093561253546494,0.0037113232856942,12,578855000.0,2.256284969929069,0.0233863401770615,0.2218309859154929,0.278169014084507,0.0985915492957746,0.2007042253521127,0.1408450704225352,0.1690140845070422,0.0950704225352112,0.5105633802816901,0.9049295774647887,0.4225352112676056,0.4823943661971831,0.6675169014084508,0.155381690140845,0.0434112676056338,0.040656690140845,0.0930341549295774,0.1214725352112676,0.7279359154929578,0.1505894366197183,0.0291169014084507,1,0.1107184283021602,0.3851130926489778,0.0684174278671885,0.1564992025518341,0.1290778599391039,0.1203240539364941,0.0984486008409453,0.3703240539364941,0.7993692909960851,0.3028853124546904,0.4964839785413947,0.6687366663041902,0.181895255183413,0.0335926236044656,0.0312270769899956,0.084549452660577,0.1073070284181528,0.7495042427867188,0.143188513121647,0.0358814847034942,3.0,-0.099711349137306,-0.0088372131469542,0.0011036138284743,-0.0192735532463456
2024-05-08,0.0005384653767927,0.0005577356214197,0.0105599189746397,12,475725300.0,2.2574999012655543,-0.0099133574945548,0.1590909090909091,0.3409090909090909,0.0454545454545454,0.2102272727272727,0.125,0.1931818181818181,0.0568181818181818,0.3181818181818182,0.7272727272727273,0.3920454545454545,0.3352272727272727,0.6563125,0.1853028409090909,0.043559659090909,0.0332357954545454,0.0815903409090909,0.1180653409090909,0.7372875,0.1446465909090909,0.0265812499999999,1,0.2218309859154929,0.278169014084507,0.0985915492957746,0.2007042253521127,0.1408450704225352,0.1690140845070422,0.0950704225352112,0.5105633802816901,0.9049295774647887,0.4225352112676056,0.4823943661971831,0.6675169014084508,0.155381690140845,0.0434112676056338,0.040656690140845,0.0930341549295774,0.1214725352112676,0.7279359154929578,0.1505894366197183,0.0291169014084507,1.0,-0.0651021126760564,0.0009601906755209,9.653607175796886e-05,-0.0173846976715352
2024-05-09,-0.0067473234309417,-0.0062991715550243,0.0065343047411936,12,517160400.0,2.2422678192863965,0.0005384653767927,0.1454545454545454,0.4954545454545455,0.1227272727272727,0.2045454545454545,0.2,0.1636363636363636,0.1818181818181818,0.6318181818181818,1.1090909090909091,0.3545454545454545,0.7545454545454545,0.6991418181818182,0.1354054545454545,0.0321577272727272,0.0420022727272727,0.0912890909090909,0.1175486363636363,0.6373886363636364,0.2450618181818182,0.1275131818181818,1,0.1590909090909091,0.3409090909090909,0.0454545454545454,0.2102272727272727,0.125,0.1931818181818181,0.0568181818181818,0.3181818181818182,0.7272727272727273,0.3920454545454545,0.3352272727272727,0.6563125,0.1853028409090909,0.043559659090909,0.0332357954545454,0.0815903409090909,0.1180653409090909,0.7372875,0.1446465909090909,0.0265812499999999,1.0,-0.11403636363636362,-0.0037457832489894,0.0057618070291785,-0.0238461861243615
2024-05-10,0.0142734508178748,0.012208211289649,0.0139145872358486,12,492855300.0,2.2742727187254843,-0.0067473234309417,0.1587837837837837,0.3952702702702703,0.054054054054054,0.1722972972972972,0.2263513513513513,0.1317567567567567,0.1587837837837837,0.4864864864864865,0.8885135135135135,0.3918918918918919,0.4966216216216216,0.6255101351351352,0.2097168918918918,0.0376662162162162,0.0426655405405405,0.0844418918918919,0.1263570945945946,0.6827915540540541,0.1908506756756756,0.064493581081081,1,0.1454545454545454,0.4954545454545455,0.1227272727272727,0.2045454545454545,0.2,0.1636363636363636,0.1818181818181818,0.6318181818181818,1.1090909090909091,0.3545454545454545,0.7545454545454545,0.6991418181818182,0.1354054545454545,0.0321577272727272,0.0420022727272727,0.0912890909090909,0.1175486363636363,0.6373886363636364,0.2450618181818182,0.1275131818181818,1.0,-0.0342718181818181,0.0098121817107645,0.0012881038257115,-0.0110322611724001
2024-05-13,-0.0008005467953755,-0.0011010034410944,0.0134626215520732,12,436294100.0,2.2724520569886986,0.0142734508178748,0.1769868114548965,0.3776768070385092,0.0894122740931251,0.2367318733276179,0.1825809021553701,0.1650229045973726,0.108894257830428,0.5728651962694516,0.8828446730574391,0.39933459763247,0.483510075424969,0.660522707228154,0.1792177272058123,0.0356446198010027,0.0390018368880921,0.0856105243897158,0.1050757064747702,0.7354399955316552,0.1594878525792568,0.0544121461044864,3,0.1587837837837837,0.3952702702702703,0.054054054054054,0.1722972972972972,0.2263513513513513,0.1317567567567567,0.1587837837837837,0.4864864864864865,0.8885135135135135,0.3918918918918919,0.4966216216216216,0.6255101351351352,0.2097168918918918,0.0376662162162162,0.0426655405405405,0.0844418918918919,0.1263570945945946,0.6827915540540541,0.1908506756756756,0.064493581081081,1.0,-0.12027567567567561,0.0020884661252578,0.0001343824890553,0.0836653525718695
2024-05-14,0.0156768985575446,0.0163536430779185,0.0142465487857211,12,449479400.0,2.308077057362994,-0.0008005467953755,0.2017543859649122,0.4166666666666667,0.087719298245614,0.1842105263157894,0.2149122807017544,0.1359649122807017,0.175438596491228,0.4649122807017544,0.9517543859649122,0.4166666666666667,0.5350877192982456,0.6809337719298246,0.1715201754385965,0.034828947368421,0.0404565789473684,0.0722657894736842,0.1791964912280702,0.657203947368421,0.1636061403508772,-0.0155903508771929,1,0.1769868114548965,0.3776768070385092,0.0894122740931251,0.2367318733276179,0.1825809021553701,0.1650229045973726,0.108894257830428,0.5728651962694516,0.8828446730574391,0.39933459763247,0.483510075424969,0.660522707228154,0.1792177272058123,0.0356446198010027,0.0390018368880921,0.0856105243897158,0.1050757064747702,0.7354399955316552,0.1594878525792568,0.0544121461044864,3.0,-0.09024998572900711,0.0166289244869015,0.0045881343063423,-0.013235316185802
2024-05-15,0.0313024447765989,0.0335761468528957,0.0102174138975517,12,595018300.0,2.380325511991234,0.0156768985575446,0.1524163568773234,0.2899628252788104,0.0483271375464684,0.1338289962825278,0.1672862453531598,0.1338289962825278,0.1152416356877323,0.3568773234200743,0.8810408921933085,0.3717472118959107,0.5092936802973977,0.6275460966542751,0.1966171003717472,0.0368847583643122,0.040074721189591,0.0988769516728624,0.1165148698884758,0.6941669144981413,0.1893226765799256,0.0728078066914498,1,0.2017543859649122,0.4166666666666667,0.087719298245614,0.1842105263157894,0.2149122807017544,0.1359649122807017,0.175438596491228,0.4649122807017544,0.9517543859649122,0.4166666666666667,0.5350877192982456,0.6809337719298246,0.1715201754385965,0.034828947368421,0.0404565789473684,0.0722657894736842,0.1791964912280702,0.657203947368421,0.1636061403508772,-0.0155903508771929,1.0,-0.09362675438596489,0.0280787886499624,0.0123831465432295,-0.072280198324461
2024-05-16,-0.0013687734559759,-0.0060013832026241,0.0197223666745539,12,550049200.0,2.377067385613838,0.0313024447765989,0.1559633027522936,0.3532110091743119,0.0596330275229357,0.1880733944954128,0.1743119266055046,0.1146788990825688,0.128440366972477,0.5091743119266054,0.9128440366972476,0.3302752293577982,0.5825688073394495,0.6347788990825688,0.2025128440366972,0.0406339449541284,0.0348114678899082,0.0872729357798165,0.1463559633027523,0.6724325688073395,0.1812082568807339,0.0348522935779816,1,0.1524163568773234,0.2899628252788104,0.0483271375464684,0.1338289962825278,0.1672862453531598,0.1338289962825278,0.1152416356877323,0.3568773234200743,0.8810408921933085,0.3717472118959107,0.5092936802973977,0.6275460966542751,0.1966171003717472,0.0368847583643122,0.040074721189591,0.0988769516728624,0.1165148698884758,0.6941669144981413,0.1893226765799256,0.0728078066914498,1.0,-0.094550185873606,-0.0048989423519386,-0.0020576624619277,-0.0024096171430353
2024-05-17,-0.0084820916103636,-0.0076774769556683,0.0125213304835016,12,538847000.0,2.356904882285054,-0.0013687734559759,0.2023121387283237,0.2947976878612717,0.1098265895953757,0.2427745664739884,0.1618497109826589,0.1734104046242774,0.1387283236994219,0.3526011560693641,0.7861271676300579,0.3815028901734104,0.4046242774566474,0.6239936416184971,0.1836815028901734,0.0528554913294797,0.0447658959537572,0.0947052023121387,0.1459393063583814,0.7366606936416186,0.1174017341040462,-0.0285375722543352,1,0.1559633027522936,0.3532110091743119,0.0596330275229357,0.1880733944954128,0.1743119266055046,0.1146788990825688,0.128440366972477,0.5091743119266054,0.9128440366972476,0.3302752293577982,0.5825688073394495,0.6347788990825688,0.2025128440366972,0.0406339449541284,0.0348114678899082,0.0872729357798165,0.1463559633027523,0.6724325688073395,0.1812082568807339,0.0348522935779816,1.0,-0.12106238532110089,-0.0056634013270113,0.0014375154397507,-0.0346216024584833
2024-05-20,0.0229022463371058,0.0224996081503052,0.0105578904136813,12,485308500.0,2.4108832984922737,-0.0084820916103636,0.141033706119913,0.3820609402505954,0.0571800248524385,0.1525188982085533,0.2060538987263124,0.1181150978564771,0.1205213834524179,0.4625595423009216,0.94569094957026,0.3483263435849642,0.5973646059852956,0.6472719897483691,0.1776634520296157,0.0375272324479651,0.0381594168737702,0.0993831359376617,0.1218088161437298,0.6986845100704152,0.1795054548514031,0.0576966387076731,3,0.2023121387283237,0.2947976878612717,0.1098265895953757,0.2427745664739884,0.1618497109826589,0.1734104046242774,0.1387283236994219,0.3526011560693641,0.7861271676300579,0.3815028901734104,0.4046242774566474,0.6239936416184971,0.1836815028901734,0.0528554913294797,0.0447658959537572,0.0947052023121387,0.1459393063583814,0.7366606936416186,0.1174017341040462,-0.0285375722543352,1.0,-0.0970658959537572,0.0219943248622545,0.0011521639296525,0.0133444412399006
2024-05-21,-0.0032206454256772,-0.0099761334426417,0.0126109767528115,12,479615100.0,2.4031186982251427,0.0229022463371058,0.1063829787234042,0.4326241134751773,0.0531914893617021,0.1808510638297872,0.2056737588652482,0.1312056737588652,0.1702127659574468,0.4680851063829787,0.7624113475177305,0.3404255319148936,0.4219858156028369,0.6917393617021277,0.140795390070922,0.030977659574468,0.0399556737588652,0.0965251773049645,0.113791134751773,0.7128152482269504,0.1733936170212766,0.0596024822695035,1,0.141033706119913,0.3820609402505954,0.0571800248524385,0.1525188982085533,0.2060538987263124,0.1181150978564771,0.1205213834524179,0.4625595423009216,0.94569094957026,0.3483263435849642,0.5973646059852956,0.6472719897483691,0.1776634520296157,0.0375272324479651,0.0381594168737702,0.0993831359376617,0.1218088161437298,0.6986845100704152,0.1795054548514031,0.0576966387076731,3.0,-0.0776481316661489,-0.0032152523300473,0.0024524160284589,-0.0238683103669189
2024-05-22,0.0007710843537523,-0.0006707279765067,0.008384017714704,12,712714300.0,2.404971705453553,-0.0032206454256772,0.081081081081081,0.3573573573573573,0.057057057057057,0.1411411411411411,0.1921921921921922,0.1321321321321321,0.1141141141141141,0.5045045045045045,0.9429429429429428,0.3243243243243243,0.6186186186186187,0.6784366366366367,0.1499645645645645,0.0329996996996996,0.0404912912912912,0.0980993993993993,0.1162207207207207,0.6499504504504505,0.2338345345345345,0.1176138138138138,1,0.1063829787234042,0.4326241134751773,0.0531914893617021,0.1808510638297872,0.2056737588652482,0.1312056737588652,0.1702127659574468,0.4680851063829787,0.7624113475177305,0.3404255319148936,0.4219858156028369,0.6917393617021277,0.140795390070922,0.030977659574468,0.0399556737588652,0.0965251773049645,0.113791134751773,0.7128152482269504,0.1733936170212766,0.0596024822695035,1.0,-0.0352921985815603,0.0117414158825261,-0.0028791751275037,0.0362563505584663
2024-05-23,0.0028702909097279,-0.0004980431618575,0.0331056855513999,12,1110289800.0,2.41187467387787,0.0007710843537523,0.1198738170347003,0.4195583596214511,0.085173501577287,0.1640378548895899,0.1356466876971608,0.1545741324921135,0.1104100946372239,0.444794952681388,0.7034700315457413,0.4700315457413249,0.2334384858044164,0.6078463722397476,0.2129444794952681,0.0479100946372239,0.047192429022082,0.0841116719242902,0.1331201892744479,0.6805580441640379,0.1863186119873817,0.0531984227129337,1,0.081081081081081,0.3573573573573573,0.057057057057057,0.1411411411411411,0.1921921921921922,0.1321321321321321,0.1141141141141141,0.5045045045045045,0.9429429429429428,0.3243243243243243,0.6186186186186187,0.6784366366366367,0.1499645645645645,0.0329996996996996,0.0404912912912912,0.0980993993993993,0.1162207207207207,0.6499504504504505,0.2338345345345345,0.1176138138138138,1.0,-0.044373573573573605,-0.0056112663736406,-0.0073041546325136,0.0390561836778291
2024-05-24,0.0226182115908516,0.021702021188029,0.0094729960878483,12,604872800.0,2.466426965582256,0.0028702909097279,0.2747252747252747,0.3846153846153846,0.0571428571428571,0.356043956043956,0.1802197802197802,0.2153846153846154,0.1428571428571428,0.5142857142857142,0.8835164835164835,0.5934065934065934,0.2901098901098901,0.5204195604395604,0.2890657142857143,0.0513454945054945,0.0428670329670329,0.0963024175824175,0.1876046153846154,0.6487303296703297,0.1636681318681318,-0.0239364835164835,1,0.1198738170347003,0.4195583596214511,0.085173501577287,0.1640378548895899,0.1356466876971608,0.1545741324921135,0.1104100946372239,0.444794952681388,0.7034700315457413,0.4700315457413249,0.2334384858044164,0.6078463722397476,0.2129444794952681,0.0479100946372239,0.047192429022082,0.0841116719242902,0.1331201892744479,0.6805580441640379,0.1863186119873817,0.0531984227129337,1.0,-0.1295504731861198,0.0198358292905855,0.0066163904517906,-0.0657791795204832
2024-05-28,0.0183358425316103,0.0119990100186609,0.0206475603122796,12,849181600.0,2.5116509820388897,0.0226182115908516,0.1275986651457396,0.4030501430213468,0.0778064521036004,0.1756792406624552,0.1832387202863536,0.1501716763502799,0.135832271547945,0.4905648942312866,0.9630872772100576,0.3921308865529223,0.5709563906571351,0.651385728594239,0.1671205999885309,0.0375720671013234,0.0455394401326419,0.0983839516523506,0.112770917082468,0.7225576698363297,0.1646688871201101,0.0518979700376421,4,0.2747252747252747,0.3846153846153846,0.0571428571428571,0.356043956043956,0.1802197802197802,0.2153846153846154,0.1428571428571428,0.5142857142857142,0.8835164835164835,0.5934065934065934,0.2901098901098901,0.5204195604395604,0.2890657142857143,0.0513454945054945,0.0428670329670329,0.0963024175824175,0.1876046153846154,0.6487303296703297,0.1636681318681318,-0.0239364835164835,1.0,-0.2012417582417584,0.0168929791667489,0.0006987272701077,0.0829840524554434
2024-05-29,-0.0208946119948289,-0.0205869649389601,0.0133578105080619,12,740746300.0,2.459171009302756,0.0183358425316103,0.1764705882352941,0.4411764705882353,0.088235294117647,0.1974789915966386,0.2184873949579832,0.1512605042016806,0.1554621848739495,0.5378151260504201,1.0,0.407563025210084,0.592436974789916,0.694218487394958,0.1707911764705882,0.0352785714285714,0.0266012605042016,0.0731159663865546,0.1310361344537815,0.7143831932773109,0.1545840336134453,0.0235478991596638,1,0.1275986651457396,0.4030501430213468,0.0778064521036004,0.1756792406624552,0.1832387202863536,0.1501716763502799,0.135832271547945,0.4905648942312866,0.9630872772100576,0.3921308865529223,0.5709563906571351,0.651385728594239,0.1671205999885309,0.0375720671013234,0.0455394401326419,0.0983839516523506,0.112770917082468,0.7225576698363297,0.1646688871201101,0.0518979700376421,4.0,-0.060769275304861814,-0.0206520637918411,-0.00700257287704,0.1052631307001785
2024-05-30,-0.0084218658596885,-0.005914304763034,0.0173386473407423,12,651069800.0,2.438460200936373,-0.0208946119948289,0.1052631578947368,0.2819548872180451,0.056390977443609,0.1616541353383458,0.169172932330827,0.1203007518796992,0.0864661654135338,0.462406015037594,1.0676691729323309,0.3082706766917293,0.7593984962406015,0.7084857142857143,0.1402240601503759,0.0345954887218045,0.0318003759398496,0.0848902255639097,0.1053372180451127,0.665566917293233,0.2290962406015037,0.1237590225563909,1,0.1764705882352941,0.4411764705882353,0.088235294117647,0.1974789915966386,0.2184873949579832,0.1512605042016806,0.1554621848739495,0.5378151260504201,1.0,0.407563025210084,0.592436974789916,0.694218487394958,0.1707911764705882,0.0352785714285714,0.0266012605042016,0.0731159663865546,0.1310361344537815,0.7143831932773109,0.1545840336134453,0.0235478991596638,1.0,-0.1063525210084034,-0.0069451289465299,-0.0066336455994951,0.0133053597766479
2024-05-31,-0.0156555247620302,-0.0090303847903334,0.0303578737507082,12,968452500.0,2.400284826879388,-0.0084218658596885,0.1071428571428571,0.3928571428571428,0.0714285714285714,0.1919642857142857,0.1919642857142857,0.125,0.1205357142857142,0.4776785714285714,0.6607142857142857,0.3928571428571428,0.2678571428571428,0.5999749999999999,0.2216290178571428,0.0499049107142857,0.0378446428571428,0.090653125,0.1650709821428571,0.7160191964285714,0.118909375,-0.0461616071428571,1,0.1052631578947368,0.2819548872180451,0.056390977443609,0.1616541353383458,0.169172932330827,0.1203007518796992,0.0864661654135338,0.462406015037594,1.0676691729323309,0.3082706766917293,0.7593984962406015,0.7084857142857143,0.1402240601503759,0.0345954887218045,0.0318003759398496,0.0848902255639097,0.1053372180451127,0.665566917293233,0.2290962406015037,0.1237590225563909,1.0,-0.0581289473684211,-0.0081379486200433,0.009108256732347,-0.1071181867402364
2024-06-03,0.0045835417272216,-0.0003118685805339,0.0201833128771373,12,625376000.0,2.411286632540607,-0.0156555247620302,0.1046568376879749,0.3613454136522296,0.0552700258415086,0.1213069965917886,0.1871222410903443,0.1142823460319188,0.0913308022905516,0.4938260192437143,0.9458422565979052,0.3359426552183339,0.609899601379571,0.7196081950752874,0.123341535218626,0.0329657038115671,0.0452626745541022,0.0788195423477225,0.0889079305361747,0.7413359867515247,0.1697595243595717,0.0808515938233969,3,0.1071428571428571,0.3928571428571428,0.0714285714285714,0.1919642857142857,0.1919642857142857,0.125,0.1205357142857142,0.4776785714285714,0.6607142857142857,0.3928571428571428,0.2678571428571428,0.5999749999999999,0.2216290178571428,0.0499049107142857,0.0378446428571428,0.090653125,0.1650709821428571,0.7160191964285714,0.118909375,-0.0461616071428571,1.0,-0.1430361607142857,0.0016238091922806,0.0008151608537849,0.0147058497880288
2024-06-04,-0.0096991263357344,-0.010613557259815,0.0109734710537374,12,582144100.0,2.387899258859928,0.0045835417272216,0.1352112676056338,0.4225352112676056,0.0535211267605633,0.1464788732394366,0.1943661971830985,0.1070422535211267,0.0816901408450704,0.5380281690140845,0.9549295774647888,0.3408450704225352,0.6140845070422535,0.6438481690140845,0.1587774647887324,0.0351876056338028,0.0499214084507042,0.1122602816901408,0.1034098591549295,0.717630985915493,0.1789594366197183,0.0755495774647887,1,0.1046568376879749,0.3613454136522296,0.0552700258415086,0.1213069965917886,0.1871222410903443,0.1142823460319188,0.0913308022905516,0.4938260192437143,0.9458422565979052,0.3359426552183339,0.609899601379571,0.7196081950752874,0.123341535218626,0.0329657038115671,0.0452626745541022,0.0788195423477225,0.0889079305361747,0.7413359867515247,0.1697595243595717,0.0808515938233969,3.0,-0.032225022128368405,-0.0078074730818916,0.0011178602848773,0.003813897181103
2024-06-05,0.0530333735830305,0.0520478573406658,0.0176269345243563,12,758827400.0,2.5145376123336884,-0.0096991263357344,0.1560693641618497,0.3526011560693641,0.0693641618497109,0.1791907514450867,0.1676300578034682,0.0924855491329479,0.0635838150289017,0.4450867052023121,0.8092485549132948,0.3294797687861271,0.4797687861271676,0.7135416184971098,0.1344959537572254,0.0328531791907514,0.035507514450867,0.0836052023121387,0.1031942196531791,0.644993063583815,0.2518138728323699,0.1486196531791907,1,0.1352112676056338,0.4225352112676056,0.0535211267605633,0.1464788732394366,0.1943661971830985,0.1070422535211267,0.0816901408450704,0.5380281690140845,0.9549295774647888,0.3408450704225352,0.6140845070422535,0.6438481690140845,0.1587774647887324,0.0351876056338028,0.0499214084507042,0.1122602816901408,0.1034098591549295,0.717630985915493,0.1789594366197183,0.0755495774647887,1.0,-0.0317833802816902,0.0437306380396731,0.0118852865387251,-0.0402735364070246
2024-06-06,-0.0091735308633457,-0.0090859496943263,0.0102876160834216,12,826906400.0,2.491470423939902,0.0530333735830305,0.125,0.3567073170731707,0.0426829268292682,0.1676829268292683,0.1798780487804878,0.1280487804878048,0.0945121951219512,0.5152439024390244,0.9207317073170732,0.3841463414634146,0.5365853658536586,0.7102856707317073,0.1364984756097561,0.0287393292682926,0.0399262195121951,0.084548475609756,0.1467637195121951,0.6047411585365854,0.2484987804878048,0.1017350609756097,1,0.1560693641618497,0.3526011560693641,0.0693641618497109,0.1791907514450867,0.1676300578034682,0.0924855491329479,0.0635838150289017,0.4450867052023121,0.8092485549132948,0.3294797687861271,0.4797687861271676,0.7135416184971098,0.1344959537572254,0.0328531791907514,0.035507514450867,0.0836052023121387,0.1031942196531791,0.644993063583815,0.2518138728323699,0.1486196531791907,1.0,-0.0482364161849711,-0.0081983785880443,-1.870927954539248e-05,-0.0039588432527165
2024-06-07,-0.0008186810122731,0.0002302760698734,0.0108594100208806,12,560916100.0,2.4894307044111823,-0.0091735308633457,0.1898305084745762,0.3389830508474576,0.0915254237288135,0.2271186440677966,0.2440677966101695,0.159322033898305,0.1084745762711864,0.5254237288135594,1.0,0.3593220338983051,0.6406779661016949,0.654766779661017,0.163273220338983,0.0337169491525423,0.0394294915254237,0.1088091525423728,0.1149267796610169,0.7032793220338983,0.1817938983050847,0.0668671186440677,1,0.125,0.3567073170731707,0.0426829268292682,0.1676829268292683,0.1798780487804878,0.1280487804878048,0.0945121951219512,0.5152439024390244,0.9207317073170732,0.3841463414634146,0.5365853658536586,0.7102856707317073,0.1364984756097561,0.0287393292682926,0.0399262195121951,0.084548475609756,0.1467637195121951,0.6047411585365854,0.2484987804878048,0.1017350609756097,1.0,-0.04076310975609761,-0.0029907889095023,-0.0012158920529211,-0.0286168250286594
2024-06-10,0.0163841814545801,0.0223505697297975,0.0220832501309146,12,509120700.0,2.5302179887908585,-0.0008186810122731,0.1265699415721509,0.360492463298473,0.075033960164318,0.1595399420631413,0.1840084450336327,0.1400680839920786,0.1244341336475671,0.4375026595309406,0.7809430287556669,0.3899641577060931,0.3909788710495736,0.6374009238801329,0.1929928533084564,0.0384616842604866,0.0424840452693081,0.0886622457897579,0.116212403970475,0.7281551814209261,0.1556374458683163,0.0394250418978412,3,0.1898305084745762,0.3389830508474576,0.0915254237288135,0.2271186440677966,0.2440677966101695,0.159322033898305,0.1084745762711864,0.5254237288135594,1.0,0.3593220338983051,0.6406779661016949,0.654766779661017,0.163273220338983,0.0337169491525423,0.0394294915254237,0.1088091525423728,0.1149267796610169,0.7032793220338983,0.1817938983050847,0.0668671186440677,1.0,-0.04875152542372879,0.0144154659359736,0.0030899103982182,0.0425531499776137
2024-06-11,-4.4703146236100014e-05,-0.0014930981467228,0.0088729580227999,12,376728800.0,2.530104880086097,0.0163841814545801,0.1141304347826086,0.3831521739130434,0.0788043478260869,0.2309782608695652,0.1739130434782608,0.2119565217391304,0.1032608695652173,0.4456521739130434,0.8668478260869565,0.4320652173913043,0.4347826086956521,0.6365119565217391,0.1913826086956521,0.0372940217391304,0.0463739130434782,0.0884323369565217,0.1480486413043478,0.6802122282608696,0.1717372282608695,0.0236885869565217,1,0.1265699415721509,0.360492463298473,0.075033960164318,0.1595399420631413,0.1840084450336327,0.1400680839920786,0.1244341336475671,0.4375026595309406,0.7809430287556669,0.3899641577060931,0.3909788710495736,0.6374009238801329,0.1929928533084564,0.0384616842604866,0.0424840452693081,0.0886622457897579,0.116212403970475,0.7281551814209261,0.1556374458683163,0.0394250418978412,3.0,-0.10030824650987699,0.0008225118888391,0.0024083363874254,0.0086342709833431
2024-06-12,0.0302512714545927,0.0344382713288554,0.0147969282363123,12,535446300.0,2.606643769622171,-4.4703146236100014e-05,0.1503267973856209,0.4019607843137255,0.0359477124183006,0.1666666666666666,0.1993464052287581,0.1601307189542483,0.0980392156862745,0.5620915032679739,0.9019607843137256,0.4379084967320261,0.4640522875816993,0.6650813725490197,0.1796408496732026,0.0411718954248365,0.0367222222222222,0.0773794117647058,0.1526369281045751,0.6488503267973856,0.1985062091503268,0.0458692810457516,1,0.1141304347826086,0.3831521739130434,0.0788043478260869,0.2309782608695652,0.1739130434782608,0.2119565217391304,0.1032608695652173,0.4456521739130434,0.8668478260869565,0.4320652173913043,0.4347826086956521,0.6365119565217391,0.1913826086956521,0.0372940217391304,0.0463739130434782,0.0884323369565217,0.1480486413043478,0.6802122282608696,0.1717372282608695,0.0236885869565217,1.0,-0.0938703804347826,0.0281875257537345,0.0082131961183804,-0.0630350502389677
2024-06-13,0.0131926139945246,0.0017601559943197,0.0369361208211898,12,502435400.0,2.641032214696029,0.0302512714545927,0.1351351351351351,0.402027027027027,0.0777027027027027,0.1858108108108108,0.1993243243243243,0.125,0.1452702702702702,0.4831081081081081,0.6790540540540541,0.3918918918918919,0.2871621621621621,0.6520712837837838,0.1736902027027027,0.0431412162162162,0.0442070945945946,0.0868918918918918,0.1626699324324324,0.6896905405405406,0.1476368243243243,-0.0150331081081081,1,0.1503267973856209,0.4019607843137255,0.0359477124183006,0.1666666666666666,0.1993464052287581,0.1601307189542483,0.0980392156862745,0.5620915032679739,0.9019607843137256,0.4379084967320261,0.4640522875816993,0.6650813725490197,0.1796408496732026,0.0411718954248365,0.0367222222222222,0.0773794117647058,0.1526369281045751,0.6488503267973856,0.1985062091503268,0.0458692810457516,1.0,-0.1067111111111111,0.0108699622038819,0.0020131859522305,-0.0083056795503789
2024-06-14,-0.000516731220599,-0.0022512042079348,0.0146036319449041,12,487927700.0,2.639667510896088,0.0131926139945246,0.121580547112462,0.3890577507598784,0.0820668693009118,0.1458966565349544,0.2006079027355623,0.121580547112462,0.1155015197568389,0.4528875379939209,0.9574468085106383,0.364741641337386,0.5927051671732523,0.6874772036474164,0.1720741641337386,0.0333446808510638,0.0327237082066869,0.0743854103343465,0.1332778115501519,0.7026495440729483,0.1640723404255319,0.0307945288753799,1,0.1351351351351351,0.402027027027027,0.0777027027027027,0.1858108108108108,0.1993243243243243,0.125,0.1452702702702702,0.4831081081081081,0.6790540540540541,0.3918918918918919,0.2871621621621621,0.6520712837837838,0.1736902027027027,0.0431412162162162,0.0442070945945946,0.0868918918918918,0.1626699324324324,0.6896905405405406,0.1476368243243243,-0.0150331081081081,1.0,-0.0857324324324325,-0.0035975618091963,0.000608551251541,0.0603015320211339
2024-06-17,0.0212062077779883,0.0260074447471589,0.022184654745297,12,538300200.0,2.695644848596955,-0.000516731220599,0.1755298730049674,0.3696166156832594,0.0765049647478365,0.1924758578571701,0.1787247877508956,0.1663294127911097,0.1159828892051495,0.4337372473322318,0.7802673766174282,0.4278049053126345,0.3524624713047934,0.6438226737661742,0.1875181448719416,0.0409844957413859,0.0383244632837675,0.089346239891926,0.1506748052815537,0.6870489902695304,0.1622783931638611,0.0116035878823074,3,0.121580547112462,0.3890577507598784,0.0820668693009118,0.1458966565349544,0.2006079027355623,0.121580547112462,0.1155015197568389,0.4528875379939209,0.9574468085106383,0.364741641337386,0.5927051671732523,0.6874772036474164,0.1720741641337386,0.0333446808510638,0.0327237082066869,0.0743854103343465,0.1332778115501519,0.7026495440729483,0.1640723404255319,0.0307945288753799,1.0,-0.09830972644376901,0.0157911916080031,0.0079588795828982,0.0071090168777756
2024-06-18,0.0118551716627974,0.0176891725582147,0.0191353078972411,12,585498600.0,2.727602181019008,0.0212062077779883,0.1304347826086956,0.4178743961352657,0.0797101449275362,0.181159420289855,0.1739130434782608,0.1545893719806763,0.1545893719806763,0.4613526570048309,1.0072463768115942,0.4033816425120773,0.6038647342995169,0.6420282608695651,0.161237922705314,0.0341903381642512,0.0580628019323671,0.104481884057971,0.1250533816425121,0.5920635265700482,0.2828828502415459,0.1578294685990338,1,0.1755298730049674,0.3696166156832594,0.0765049647478365,0.1924758578571701,0.1787247877508956,0.1663294127911097,0.1159828892051495,0.4337372473322318,0.7802673766174282,0.4278049053126345,0.3524624713047934,0.6438226737661742,0.1875181448719416,0.0409844957413859,0.0383244632837675,0.089346239891926,0.1506748052815537,0.6870489902695304,0.1622783931638611,0.0116035878823074,3.0,-0.100831937437634,0.0127334393021183,0.0025405909456592,-0.0352941026874616
2024-06-20,-0.0223325182965122,-0.0287901621637498,0.0285485912923019,12,849969000.0,2.666687955405794,0.0118551716627974,0.2139077853363567,0.3743008314436885,0.0959183673469387,0.2974300831443688,0.1805744520030234,0.2128117913832198,0.1177248677248676,0.4408919123204837,0.7642479213907785,0.5001133786848072,0.2641345427059712,0.5990021730914588,0.2051592668178382,0.0425638775510203,0.0482869879062735,0.1049838775510203,0.1641413378684806,0.661564433106576,0.1742947543461828,0.0101534164777022,2,0.1304347826086956,0.4178743961352657,0.0797101449275362,0.181159420289855,0.1739130434782608,0.1545893719806763,0.1545893719806763,0.4613526570048309,1.0072463768115942,0.4033816425120773,0.6038647342995169,0.6420282608695651,0.161237922705314,0.0341903381642512,0.0580628019323671,0.104481884057971,0.1250533816425121,0.5920635265700482,0.2828828502415459,0.1578294685990338,1.0,-0.03288357487922711,-0.0271521167050167,-0.0027161894878713,0.0796747582959003
2024-06-21,-0.0162522162657429,-0.0146816738622268,0.0152571608517043,12,1042925800.0,2.6233483660412875,-0.0223325182965122,0.1502145922746781,0.3776824034334764,0.0515021459227467,0.1502145922746781,0.2017167381974249,0.1416309012875536,0.0987124463519313,0.4849785407725321,0.9141630901287554,0.3776824034334764,0.5364806866952789,0.6265000000000001,0.2047141630901287,0.0444094420600858,0.0387369098712446,0.0856476394849785,0.1275412017167382,0.7151858369098711,0.1572729613733905,0.0297317596566523,1,0.2139077853363567,0.3743008314436885,0.0959183673469387,0.2974300831443688,0.1805744520030234,0.2128117913832198,0.1177248677248676,0.4408919123204837,0.7642479213907785,0.5001133786848072,0.2641345427059712,0.5990021730914588,0.2051592668178382,0.0425638775510203,0.0482869879062735,0.1049838775510203,0.1641413378684806,0.661564433106576,0.1742947543461828,0.0101534164777022,2.0,-0.0944522789115647,-0.0097527589047101,-0.0013409343999393,-0.0060240907616461
2024-06-24,-0.0322886409098944,-0.0305047300693593,0.0196869211587405,12,721516500.0,2.538644012668622,-0.0162522162657429,0.1397388857349116,0.2932140429081071,0.0560013176615712,0.1626737315755167,0.1412016302557524,0.1455936310687777,0.104626008396588,0.4378913559999158,0.79103245442503,0.3233561646235903,0.4676762898014395,0.6670564225751173,0.1807426811434218,0.0306904654657022,0.0432517595775772,0.0782554866323934,0.1567366608318089,0.6908097321484892,0.1524559866253846,-0.0042806742064242,3,0.1502145922746781,0.3776824034334764,0.0515021459227467,0.1502145922746781,0.2017167381974249,0.1416309012875536,0.0987124463519313,0.4849785407725321,0.9141630901287554,0.3776824034334764,0.5364806866952789,0.6265000000000001,0.2047141630901287,0.0444094420600858,0.0387369098712446,0.0856476394849785,0.1275412017167382,0.7151858369098711,0.1572729613733905,0.0297317596566523,1.0,-0.12473905579399139,-0.0285451331931719,-0.0032508560049561,0.0098484936605582
2024-06-25,0.0185161744390647,0.0172265470381233,0.019517427465411,12,622636800.0,2.585649988045881,-0.0322886409098944,0.1756097560975609,0.3024390243902439,0.0780487804878048,0.1658536585365853,0.1707317073170731,0.1512195121951219,0.1073170731707317,0.3414634146341463,0.7268292682926829,0.375609756097561,0.3512195121951219,0.6697312195121952,0.1903478048780487,0.0435,0.0312970731707317,0.0651214634146341,0.1503395121951219,0.7074560975609756,0.1422092682926829,-0.008130243902439,1,0.1397388857349116,0.2932140429081071,0.0560013176615712,0.1626737315755167,0.1412016302557524,0.1455936310687777,0.104626008396588,0.4378913559999158,0.79103245442503,0.3233561646235903,0.4676762898014395,0.6670564225751173,0.1807426811434218,0.0306904654657022,0.0432517595775772,0.0782554866323934,0.1567366608318089,0.6908097321484892,0.1524559866253846,-0.0042806742064242,3.0,-0.08992590039915338,0.0153719959005127,0.0038510793505606,-0.0367591728374093
2024-06-26,-0.0042144300992167,-0.0044325611290029,0.0095155000199083,12,576427600.0,2.574752946910221,0.0185161744390647,0.1322314049586777,0.3801652892561983,0.0495867768595041,0.1694214876033057,0.2024793388429752,0.1115702479338843,0.152892561983471,0.4628099173553719,0.8347107438016529,0.4297520661157025,0.4049586776859504,0.6466309917355372,0.1741173553719008,0.0389297520661157,0.0493549586776859,0.0909756198347107,0.0976028925619834,0.7209061983471075,0.1814876033057851,0.0838847107438016,1,0.1756097560975609,0.3024390243902439,0.0780487804878048,0.1658536585365853,0.1707317073170731,0.1512195121951219,0.1073170731707317,0.3414634146341463,0.7268292682926829,0.375609756097561,0.3512195121951219,0.6697312195121952,0.1903478048780487,0.0435,0.0312970731707317,0.0651214634146341,0.1503395121951219,0.7074560975609756,0.1422092682926829,-0.008130243902439,1.0,-0.1374292682926829,-0.0038963811369412,0.0012482662333517,-0.02258566654258
2024-06-27,-0.0059821849873486,0.0008083953808638,0.0222947454253211,12,460188300.0,2.559350298485083,-0.0042144300992167,0.1282894736842105,0.3914473684210526,0.0789473684210526,0.1480263157894736,0.1414473684210526,0.1184210526315789,0.0986842105263157,0.3980263157894737,0.8651315789473685,0.3256578947368421,0.5394736842105263,0.6915763157894738,0.1551243421052631,0.0329703947368421,0.0380210526315789,0.0823072368421052,0.0844911184210526,0.7579417763157895,0.1575677631578947,0.0730766447368421,1,0.1322314049586777,0.3801652892561983,0.0495867768595041,0.1694214876033057,0.2024793388429752,0.1115702479338843,0.152892561983471,0.4628099173553719,0.8347107438016529,0.4297520661157025,0.4049586776859504,0.6466309917355372,0.1741173553719008,0.0389297520661157,0.0493549586776859,0.0909756198347107,0.0976028925619834,0.7209061983471075,0.1814876033057851,0.0838847107438016,1.0,-0.07271652892561989,-0.0051340160739778,0.0015761805160234,-0.0247012282793078
2024-06-28,0.0094222190477568,0.012157580987995,0.0090711518116876,12,590195900.0,2.583465057617352,-0.0059821849873486,0.1481481481481481,0.4305555555555556,0.0787037037037037,0.1296296296296296,0.2037037037037037,0.1111111111111111,0.0972222222222222,0.4907407407407407,0.7777777777777778,0.3425925925925926,0.4351851851851852,0.6335537037037037,0.1734824074074074,0.0427666666666666,0.060911574074074,0.0892805555555555,0.1487013888888889,0.683361574074074,0.1679379629629629,0.019236574074074,1,0.1282894736842105,0.3914473684210526,0.0789473684210526,0.1480263157894736,0.1414473684210526,0.1184210526315789,0.0986842105263157,0.3980263157894737,0.8651315789473685,0.3256578947368421,0.5394736842105263,0.6915763157894738,0.1551243421052631,0.0329703947368421,0.0380210526315789,0.0823072368421052,0.0844911184210526,0.7579417763157895,0.1575677631578947,0.0730766447368421,1.0,-0.0677664473684211,0.0101162262379617,-0.0039351056592978,0.0163398540036792
2024-07-01,0.0020019685675417,0.0041227899084824,0.012732276013285,12,476480300.0,2.5886370734580444,0.0094222190477568,0.1740630469257728,0.3826292706971749,0.0734730822664383,0.2128730464709946,0.2260363074359166,0.1908984583019756,0.1538278019103617,0.5723339362811761,0.9472974439999354,0.4024805215572191,0.5448169224427163,0.6172958386696418,0.2046792352868256,0.0467008157583572,0.0396202932108952,0.0917041826022407,0.1294808106347676,0.7317159502626711,0.1388058904593405,0.009325079824573,3,0.1481481481481481,0.4305555555555556,0.0787037037037037,0.1296296296296296,0.2037037037037037,0.1111111111111111,0.0972222222222222,0.4907407407407407,0.7777777777777778,0.3425925925925926,0.4351851851851852,0.6335537037037037,0.1734824074074074,0.0427666666666666,0.060911574074074,0.0892805555555555,0.1487013888888889,0.683361574074074,0.1679379629629629,0.019236574074074,1.0,-0.06605694444444449,-4.049856424137577e-05,0.0020582323798634,-0.0176848328597543
2024-07-02,0.0114096518586584,0.010829356915152,0.0127065303947005,12,400424100.0,2.618172521254617,0.0020019685675417,0.0620689655172413,0.5586206896551724,0.0344827586206896,0.0827586206896551,0.1724137931034483,0.0620689655172413,0.0827586206896551,0.5103448275862069,0.7862068965517242,0.1793103448275862,0.6068965517241379,0.6774393103448276,0.1564510344827586,0.0411213793103448,0.0302020689655172,0.0947848275862069,0.0779806896551724,0.5767682758620689,0.3452572413793103,0.2672765517241379,1,0.1740630469257728,0.3826292706971749,0.0734730822664383,0.2128730464709946,0.2260363074359166,0.1908984583019756,0.1538278019103617,0.5723339362811761,0.9472974439999354,0.4024805215572191,0.5448169224427163,0.6172958386696418,0.2046792352868256,0.0467008157583572,0.0396202932108952,0.0917041826022407,0.1294808106347676,0.7317159502626711,0.1388058904593405,0.009325079824573,3.0,-0.12005557523204692,0.014070221720779,0.0067297396439831,-0.0155483248695389
2024-07-03,0.0206369550763276,0.0175910711924762,0.0159000557974848,12,352460800.0,2.672203629957824,0.0114096518586584,0.1823529411764705,0.3764705882352941,0.0647058823529411,0.1941176470588235,0.2352941176470588,0.1411764705882353,0.0823529411764705,0.488235294117647,0.8823529411764706,0.4058823529411764,0.4764705882352941,0.7352564705882353,0.1426458823529411,0.0319941176470588,0.0300311764705882,0.060075294117647,0.1159741176470588,0.6688623529411765,0.215165294117647,0.0991911764705882,1,0.0620689655172413,0.5586206896551724,0.0344827586206896,0.0827586206896551,0.1724137931034483,0.0620689655172413,0.0827586206896551,0.5103448275862069,0.7862068965517242,0.1793103448275862,0.6068965517241379,0.6774393103448276,0.1564510344827586,0.0411213793103448,0.0302020689655172,0.0947848275862069,0.0779806896551724,0.5767682758620689,0.3452572413793103,0.2672765517241379,1.0,-0.0725855172413793,0.0166739475295158,0.0044626316745368,0.0049875661636344
2024-07-05,0.0020608854627567,0.0025342801359395,0.0217858078417611,12,430746600.0,2.67771073557233,0.0206369550763276,0.1657483246463142,0.3887565152643335,0.0997021593447505,0.2087118391660461,0.2200297840655249,0.1530900967982129,0.0943037974683544,0.4902829486224869,1.0072598659717051,0.3620625465376023,0.6451973194341027,0.6752777624720774,0.1533506813104988,0.0302085964259121,0.0433074869694713,0.0978615115413253,0.0979535889798957,0.6588187565152643,0.2432241921072226,0.1452706031273268,2,0.1823529411764705,0.3764705882352941,0.0647058823529411,0.1941176470588235,0.2352941176470588,0.1411764705882353,0.0823529411764705,0.488235294117647,0.8823529411764706,0.4058823529411764,0.4764705882352941,0.7352564705882353,0.1426458823529411,0.0319941176470588,0.0300311764705882,0.060075294117647,0.1159741176470588,0.6688623529411765,0.215165294117647,0.0991911764705882,1.0,-0.08453352941176469,0.0019665915022724,0.0057665833344069,0.0322580136250003
2024-07-08,0.0205600353639873,0.0148003265717398,0.0183915379011658,12,491758000.0,2.732764562990226,0.0020608854627567,0.1189453524478904,0.3599651053965774,0.0519721958808252,0.170515919500691,0.1364673397668321,0.1500371878544467,0.0957379619816167,0.3970094767049081,0.76437248594609,0.3558921056382985,0.4084803803077914,0.6783790016610576,0.1715354313171317,0.0285109578661608,0.0334929463937077,0.088073092232077,0.1330202128384869,0.6625475590822038,0.2044323256974271,0.0714121128589402,3,0.1657483246463142,0.3887565152643335,0.0997021593447505,0.2087118391660461,0.2200297840655249,0.1530900967982129,0.0943037974683544,0.4902829486224869,1.0072598659717051,0.3620625465376023,0.6451973194341027,0.6752777624720774,0.1533506813104988,0.0302085964259121,0.0433074869694713,0.0978615115413253,0.0979535889798957,0.6588187565152643,0.2432241921072226,0.1452706031273268,2.0,-0.042390279225614294,0.0189588723800882,0.001153715383763,-0.0088140753775648
2024-07-09,0.0020792364289599,-0.0001302764524599,0.0143290409284115,12,532716700.0,2.738446626621366,0.0205600353639873,0.1428571428571428,0.413265306122449,0.0663265306122449,0.1785714285714285,0.2091836734693877,0.1275510204081632,0.1122448979591836,0.4795918367346938,1.1479591836734695,0.336734693877551,0.8112244897959183,0.6839020408163266,0.1611198979591836,0.0310061224489795,0.0356821428571428,0.0882841836734693,0.1102607142857142,0.6172785714285715,0.2724586734693877,0.1621979591836734,1,0.1189453524478904,0.3599651053965774,0.0519721958808252,0.170515919500691,0.1364673397668321,0.1500371878544467,0.0957379619816167,0.3970094767049081,0.76437248594609,0.3558921056382985,0.4084803803077914,0.6783790016610576,0.1715354313171317,0.0285109578661608,0.0334929463937077,0.088073092232077,0.1330202128384869,0.6625475590822038,0.2044323256974271,0.0714121128589402,3.0,-0.0784803505575078,-0.000462076979527,0.0009725921162351,0.0113177319820505
2024-07-10,0.0218148256320582,0.0170147706744466,0.0130007459087604,12,501510900.0,2.7981853622838093,0.0020792364289599,0.1555555555555555,0.3288888888888889,0.0755555555555555,0.2088888888888889,0.2266666666666666,0.16,0.1555555555555555,0.3866666666666666,0.8311111111111111,0.4844444444444444,0.3466666666666667,0.6521124444444445,0.1552208888888889,0.040424,0.0462182222222222,0.1060257777777777,0.1375688888888888,0.6379995555555555,0.224436,0.0868671111111111,1,0.1428571428571428,0.413265306122449,0.0663265306122449,0.1785714285714285,0.2091836734693877,0.1275510204081632,0.1122448979591836,0.4795918367346938,1.1479591836734695,0.336734693877551,0.8112244897959183,0.6839020408163266,0.1611198979591836,0.0310061224489795,0.0356821428571428,0.0882841836734693,0.1102607142857142,0.6172785714285715,0.2724586734693877,0.1621979591836734,1.0,-0.06815969387755101,0.0232009191074757,0.0098950809496622,0.0271782690941069
2024-07-11,-0.0397797147361964,-0.0410764362345723,0.0139186943092841,12,628497700.0,2.686874346793159,0.0218148256320582,0.1487179487179487,0.3538461538461538,0.0564102564102564,0.2,0.1948717948717948,0.1025641025641025,0.1384615384615384,0.4769230769230769,0.958974358974359,0.4102564102564102,0.5487179487179488,0.6529148717948717,0.1777635897435897,0.0366133333333333,0.0404625641025641,0.0922538461538461,0.1682830769230769,0.667851282051282,0.1638635897435897,-0.0044194871794871,1,0.1555555555555555,0.3288888888888889,0.0755555555555555,0.2088888888888889,0.2266666666666666,0.16,0.1555555555555555,0.3866666666666666,0.8311111111111111,0.4844444444444444,0.3466666666666667,0.6521124444444445,0.1552208888888889,0.040424,0.0462182222222222,0.1060257777777777,0.1375688888888888,0.6379995555555555,0.224436,0.0868671111111111,1.0,-0.043400888888889,-0.0328823352984568,-0.0086223923294537,0.0054474469063177
2024-07-12,0.0132103208327803,0.0136763339040861,0.0101219208390575,12,470673000.0,2.722368818951664,-0.0397797147361964,0.124,0.376,0.088,0.168,0.2,0.176,0.148,0.4,0.856,0.308,0.548,0.6416296,0.1902588,0.0353648,0.0382376,0.0945116,0.1264024,0.6620507999999999,0.2115488,0.0851464,1,0.1487179487179487,0.3538461538461538,0.0564102564102564,0.2,0.1948717948717948,0.1025641025641025,0.1384615384615384,0.4769230769230769,0.958974358974359,0.4102564102564102,0.5487179487179488,0.6529148717948717,0.1777635897435897,0.0366133333333333,0.0404625641025641,0.0922538461538461,0.1682830769230769,0.667851282051282,0.1638635897435897,-0.0044194871794871,1.0,-0.08166051282051279,0.0121904278157627,0.0063076560233277,-0.0356037179125869
2024-07-15,-0.0019246607420003,-0.0007668250827486,0.0133780740160325,12,378397800.0,2.7171291825605817,0.0132103208327803,0.1151274655647695,0.3479453169185218,0.0626814287083431,0.1294159884931155,0.167912210381728,0.1329244783054544,0.1206786205527592,0.4011859182342978,0.7767864347106667,0.3236284245349383,0.4531580101757285,0.6574690757737959,0.1743528489444888,0.0420534140417628,0.0431810318570154,0.0829441767564041,0.1358747315243401,0.7012568273401012,0.1628724872822334,0.0269977557578932,3,0.124,0.376,0.088,0.168,0.2,0.176,0.148,0.4,0.856,0.308,0.548,0.6416296,0.1902588,0.0353648,0.0382376,0.0945116,0.1264024,0.6620507999999999,0.2115488,0.0851464,1.0,-0.0928744,0.0011156639768841,0.0027500086247285,0.0529694899993165
2024-07-16,-0.0007505997560806,0.00273412450885,0.0141963562892331,12,369052900.0,2.715089706058912,-0.0019246607420003,0.1654676258992805,0.4316546762589928,0.1151079136690647,0.2913669064748201,0.197841726618705,0.1762589928057553,0.1510791366906475,0.5323741007194245,0.9784172661870504,0.4676258992805755,0.5107913669064749,0.6383118705035972,0.1913830935251798,0.0430794964028777,0.0392381294964028,0.0879881294964028,0.1700377697841726,0.6265377697841727,0.2034251798561151,0.0333874100719424,1,0.1151274655647695,0.3479453169185218,0.0626814287083431,0.1294159884931155,0.167912210381728,0.1329244783054544,0.1206786205527592,0.4011859182342978,0.7767864347106667,0.3236284245349383,0.4531580101757285,0.6574690757737959,0.1743528489444888,0.0420534140417628,0.0431810318570154,0.0829441767564041,0.1358747315243401,0.7012568273401012,0.1628724872822334,0.0269977557578932,3.0,-0.0902810543728321,0.0061882327811269,0.0059300809133697,0.0053353426398474
2024-07-17,-0.0837749191645983,-0.092283444459847,0.0329057128711698,12,771899000.0,2.487633285409194,-0.0007505997560806,0.1188811188811188,0.4160839160839161,0.0559440559440559,0.1713286713286713,0.1958041958041958,0.1538461538461538,0.2412587412587412,0.444055944055944,0.7482517482517482,0.458041958041958,0.2902097902097902,0.6393132867132868,0.1910800699300699,0.0380412587412587,0.0402020979020979,0.0913678321678321,0.1965223776223776,0.6461923076923077,0.1572867132867133,-0.0392356643356643,1,0.1654676258992805,0.4316546762589928,0.1151079136690647,0.2913669064748201,0.197841726618705,0.1762589928057553,0.1510791366906475,0.5323741007194245,0.9784172661870504,0.4676258992805755,0.5107913669064749,0.6383118705035972,0.1913830935251798,0.0430794964028777,0.0392381294964028,0.0879881294964028,0.1700377697841726,0.6265377697841727,0.2034251798561151,0.0333874100719424,1.0,-0.1072363309352519,-0.0711259310855463,-0.0140211744701582,0.0978013648894702
2024-07-18,0.0005163783746445,0.0015914467100021,0.0165471347525149,12,645501500.0,2.488917845441825,-0.0837749191645983,0.1684587813620071,0.4408602150537634,0.089605734767025,0.1792114695340501,0.1397849462365591,0.1684587813620071,0.1971326164874552,0.3835125448028674,0.7096774193548387,0.4516129032258064,0.2580645161290322,0.6458250896057348,0.1814243727598566,0.0375437275985663,0.0361154121863799,0.0990870967741935,0.1714652329749104,0.6234218637992831,0.2051129032258064,0.033647670250896,1,0.1188811188811188,0.4160839160839161,0.0559440559440559,0.1713286713286713,0.1958041958041958,0.1538461538461538,0.2412587412587412,0.444055944055944,0.7482517482517482,0.458041958041958,0.2902097902097902,0.6393132867132868,0.1910800699300699,0.0380412587412587,0.0402020979020979,0.0913678321678321,0.1965223776223776,0.6461923076923077,0.1572867132867133,-0.0392356643356643,1.0,-0.0975513986013986,0.0030019525452031,-0.0076847013269892,0.1001381774018697
2024-07-19,-0.0312861344223963,-0.0292810425492259,0.0087248333767361,12,443535300.0,2.411049227163031,0.0005163783746445,0.134020618556701,0.3298969072164948,0.0721649484536082,0.1855670103092783,0.1821305841924398,0.134020618556701,0.1374570446735395,0.422680412371134,0.7835051546391752,0.3539518900343643,0.4295532646048109,0.6148872852233677,0.1973752577319587,0.0405567010309278,0.0390955326460481,0.1080828178694158,0.1064436426116838,0.7533546391752578,0.1402054982817869,0.033761855670103,1,0.1684587813620071,0.4408602150537634,0.089605734767025,0.1792114695340501,0.1397849462365591,0.1684587813620071,0.1971326164874552,0.3835125448028674,0.7096774193548387,0.4516129032258064,0.2580645161290322,0.6458250896057348,0.1814243727598566,0.0375437275985663,0.0361154121863799,0.0990870967741935,0.1714652329749104,0.6234218637992831,0.2051129032258064,0.033647670250896,1.0,-0.0837655913978495,-0.0305862371079143,-0.0066408289421605,0.037037045906157
2024-07-22,0.0389551687861417,0.0423160440689475,0.0199117828185985,12,466145900.0,2.504972056758864,-0.0312861344223963,0.0983502606082736,0.3428980384889988,0.0750437602076872,0.1882889554413444,0.1743305165112463,0.1545176793964134,0.1337362587951885,0.4371505768989704,0.8165105424176526,0.3785038142005621,0.4380067282170906,0.6092970201478627,0.2055842290595938,0.0376725456336986,0.037570417795303,0.1098734704342683,0.1142741202699461,0.7241143194163611,0.1616169627100353,0.0473428424400891,3,0.134020618556701,0.3298969072164948,0.0721649484536082,0.1855670103092783,0.1821305841924398,0.134020618556701,0.1374570446735395,0.422680412371134,0.7835051546391752,0.3539518900343643,0.4295532646048109,0.6148872852233677,0.1973752577319587,0.0405567010309278,0.0390955326460481,0.1080828178694158,0.1064436426116838,0.7533546391752578,0.1402054982817869,0.033761855670103,1.0,-0.09075360824742258,0.0414481749926105,0.0103099255126242,-0.0974576613643454
2024-07-23,-0.007086240241746,-0.0089559837352793,0.0094068492720009,12,307412100.0,2.4872212229658093,0.0389551687861417,0.1621621621621621,0.4594594594594595,0.1351351351351351,0.2586872586872586,0.2393822393822393,0.2239382239382239,0.1467181467181467,0.4671814671814672,0.8725868725868726,0.416988416988417,0.4555984555984556,0.6484579150579151,0.1876698841698841,0.0344984555984556,0.0356528957528957,0.0937196911196911,0.1871486486486486,0.6106243243243243,0.2022285714285714,0.0150799227799227,1,0.0983502606082736,0.3428980384889988,0.0750437602076872,0.1882889554413444,0.1743305165112463,0.1545176793964134,0.1337362587951885,0.4371505768989704,0.8165105424176526,0.3785038142005621,0.4380067282170906,0.6092970201478627,0.2055842290595938,0.0376725456336986,0.037570417795303,0.1098734704342683,0.1142741202699461,0.7241143194163611,0.1616169627100353,0.0473428424400891,3.0,-0.0958128864637211,-0.0149041920834014,-0.0015684091674914,-0.0127430974062873
2024-07-24,-0.0582770943329202,-0.0602878000491957,0.0117696364661046,12,571958100.0,2.3422731971281894,-0.007086240241746,0.1183206106870229,0.3931297709923664,0.1145038167938931,0.2213740458015267,0.1450381679389313,0.1679389312977099,0.0916030534351145,0.4198473282442748,0.8091603053435115,0.3244274809160305,0.4847328244274809,0.663420610687023,0.15941106870229,0.0418217557251908,0.0431782442748091,0.0921660305343511,0.1965919847328244,0.6343896946564886,0.1690202290076335,-0.0275717557251908,1,0.1621621621621621,0.4594594594594595,0.1351351351351351,0.2586872586872586,0.2393822393822393,0.2239382239382239,0.1467181467181467,0.4671814671814672,0.8725868725868726,0.416988416988417,0.4555984555984556,0.6484579150579151,0.1876698841698841,0.0344984555984556,0.0356528957528957,0.0937196911196911,0.1871486486486486,0.6106243243243243,0.2022285714285714,0.0150799227799227,1.0,-0.0927957528957529,-0.0531805050149297,-0.0226625908071241,0.2255435182249945
2024-07-25,-0.0170108622337247,-0.0180851910994423,0.0147587759714329,12,715608800.0,2.302429110458096,-0.0582770943329202,0.1828571428571428,0.28,0.0714285714285714,0.2371428571428571,0.1657142857142857,0.1914285714285714,0.1142857142857142,0.38,0.7428571428571429,0.4342857142857143,0.3085714285714285,0.6365534285714286,0.20574,0.0464125714285714,0.0345548571428571,0.0767462857142857,0.1900611428571428,0.6115320000000001,0.1984094285714285,0.0083482857142857,1,0.1183206106870229,0.3931297709923664,0.1145038167938931,0.2213740458015267,0.1450381679389313,0.1679389312977099,0.0916030534351145,0.4198473282442748,0.8091603053435115,0.3244274809160305,0.4847328244274809,0.663420610687023,0.15941106870229,0.0418217557251908,0.0431782442748091,0.0921660305343511,0.1965919847328244,0.6343896946564886,0.1690202290076335,-0.0275717557251908,1.0,-0.0658885496183206,-0.0222928773928376,-0.005210392136385,0.0232814937710903
2024-07-26,0.0183030081585061,0.017059776570543,0.0088421096722741,12,468475900.0,2.3445704892511925,-0.0170108622337247,0.2036199095022624,0.2986425339366516,0.0814479638009049,0.1538461538461538,0.1538461538461538,0.1945701357466063,0.1085972850678733,0.3981900452488687,0.6153846153846154,0.4298642533936652,0.1855203619909502,0.6802420814479637,0.1838511312217194,0.0383466063348416,0.0309723981900452,0.0665859728506787,0.1760864253393665,0.7065796380090498,0.1173339366515837,-0.0587524886877828,1,0.1828571428571428,0.28,0.0714285714285714,0.2371428571428571,0.1657142857142857,0.1914285714285714,0.1142857142857142,0.38,0.7428571428571429,0.4342857142857143,0.3085714285714285,0.6365534285714286,0.20574,0.0464125714285714,0.0345548571428571,0.0767462857142857,0.1900611428571428,0.6115320000000001,0.1984094285714285,0.0083482857142857,1.0,-0.14085142857142863,0.0214651077445655,0.0111997118354425,-0.1121343335583027
2024-07-29,-0.0108260542269979,-0.0115788513442244,0.0058416917809024,12,399732400.0,2.31918804199554,0.0183030081585061,0.1579210963455149,0.3605983757844223,0.0845678755998523,0.167078442229605,0.206891749723145,0.1771394425987449,0.1144662698412698,0.4405741048357328,0.8130638150609081,0.4210682908822443,0.3919955241786637,0.6587325488510521,0.1768012922803617,0.0407479600867478,0.0349586221760797,0.0887608069859726,0.1499915773486526,0.699977707193614,0.1500320038898117,4.042654115909983e-05,3,0.2036199095022624,0.2986425339366516,0.0814479638009049,0.1538461538461538,0.1538461538461538,0.1945701357466063,0.1085972850678733,0.3981900452488687,0.6153846153846154,0.4298642533936652,0.1855203619909502,0.6802420814479637,0.1838511312217194,0.0383466063348416,0.0309723981900452,0.0665859728506787,0.1760864253393665,0.7065796380090498,0.1173339366515837,-0.0587524886877828,1.0,-0.1246393665158371,-0.0020926341257527,0.0005877795873479,0.0128127516559837
2024-07-30,-0.0369949449519839,-0.0380937273764659,0.0192113450767851,12,730686200.0,2.2333898080486154,-0.0108260542269979,0.1587301587301587,0.4365079365079365,0.0714285714285714,0.1746031746031746,0.2063492063492063,0.1468253968253968,0.1309523809523809,0.5158730158730159,0.7698412698412699,0.4761904761904761,0.2936507936507936,0.6542702380952381,0.176406746031746,0.0402190476190476,0.0436686507936507,0.085431746031746,0.2274880952380952,0.5578761904761905,0.2146376984126984,-0.0128503968253968,1,0.1579210963455149,0.3605983757844223,0.0845678755998523,0.167078442229605,0.206891749723145,0.1771394425987449,0.1144662698412698,0.4405741048357328,0.8130638150609081,0.4210682908822443,0.3919955241786637,0.6587325488510521,0.1768012922803617,0.0407479600867478,0.0349586221760797,0.0887608069859726,0.1499915773486526,0.699977707193614,0.1500320038898117,4.042654115909983e-05,3.0,-0.0938298232050572,-0.0363055606907979,-0.0050664635871381,0.0656626582855164
2024-07-31,0.0779480562533554,0.0781154211186506,0.0288618714571488,12,804256500.0,2.40747820244206,-0.0369949449519839,0.1864864864864865,0.4459459459459459,0.0486486486486486,0.1810810810810811,0.1783783783783784,0.1297297297297297,0.1,0.372972972972973,0.7243243243243244,0.4162162162162162,0.3081081081081081,0.6781654054054054,0.1798427027027027,0.0447583783783783,0.0361316216216216,0.0611035135135135,0.1577045945945946,0.6575635135135135,0.1847356756756756,0.027031081081081,1,0.1587301587301587,0.4365079365079365,0.0714285714285714,0.1746031746031746,0.2063492063492063,0.1468253968253968,0.1309523809523809,0.5158730158730159,0.7698412698412699,0.4761904761904761,0.2936507936507936,0.6542702380952381,0.176406746031746,0.0402190476190476,0.0436686507936507,0.085431746031746,0.2274880952380952,0.5578761904761905,0.2146376984126984,-0.0128503968253968,1.0,-0.0875253968253969,0.0670958293289318,0.0162545855723421,-0.0751837130329915
2024-08-01,-0.0728915195550742,-0.0752994118499794,0.0164558299978678,12,902081300.0,2.2319934579703395,0.0779480562533554,0.2317596566523605,0.4506437768240343,0.1158798283261802,0.2017167381974249,0.1845493562231759,0.1759656652360515,0.1416309012875536,0.7081545064377682,1.1030042918454936,0.463519313304721,0.6394849785407726,0.6784605150214592,0.1580420600858369,0.0403038626609442,0.0345523605150214,0.0886381974248927,0.2168454935622317,0.5992579399141631,0.1838935622317596,-0.0329519313304721,1,0.1864864864864865,0.4459459459459459,0.0486486486486486,0.1810810810810811,0.1783783783783784,0.1297297297297297,0.1,0.372972972972973,0.7243243243243244,0.4162162162162162,0.3081081081081081,0.6781654054054054,0.1798427027027027,0.0447583783783783,0.0361316216216216,0.0611035135135135,0.1577045945945946,0.6575635135135135,0.1847356756756756,0.027031081081081,1.0,-0.1273659459459459,-0.0720537800567043,-0.014160914265491,0.1363080353936738
2024-08-02,-0.0705983809334974,-0.0671171460882186,0.0667739399620224,12,1044923600.0,2.074418333583475,-0.0728915195550742,0.1781609195402299,0.4080459770114942,0.0718390804597701,0.1810344827586207,0.1810344827586207,0.1724137931034483,0.1005747126436781,0.5086206896551724,0.9339080459770116,0.4741379310344827,0.4597701149425287,0.5964836206896552,0.2218172413793103,0.0508399425287356,0.0424129310344827,0.08845,0.2602824712643678,0.5875272988505746,0.1521844827586207,-0.1080979885057471,1,0.2317596566523605,0.4506437768240343,0.1158798283261802,0.2017167381974249,0.1845493562231759,0.1759656652360515,0.1416309012875536,0.7081545064377682,1.1030042918454936,0.463519313304721,0.6394849785407726,0.6784605150214592,0.1580420600858369,0.0403038626609442,0.0345523605150214,0.0886381974248927,0.2168454935622317,0.5992579399141631,0.1838935622317596,-0.0329519313304721,1.0,-0.075155364806867,-0.053154445428057,-0.0186185016461001,0.2582032919667483
2024-08-05,-0.01335620350303,-0.0103176723699883,0.0275725516617515,12,950809800.0,2.046711980169718,-0.0705983809334974,0.1837466724695995,0.4057561154921457,0.1208442803026302,0.2489695262887914,0.2146773983477518,0.221971620602329,0.1395239497930963,0.4975338658580308,0.8555301134245701,0.5152586128578703,0.3402715005666996,0.617866933281026,0.2016892810175114,0.0523303956921686,0.0400845847424057,0.0880316605600309,0.2182377281637499,0.6322343636272945,0.1495328990158606,-0.0687048291478892,3,0.1781609195402299,0.4080459770114942,0.0718390804597701,0.1810344827586207,0.1810344827586207,0.1724137931034483,0.1005747126436781,0.5086206896551724,0.9339080459770116,0.4741379310344827,0.4597701149425287,0.5964836206896552,0.2218172413793103,0.0508399425287356,0.0424129310344827,0.08845,0.2602824712643678,0.5875272988505746,0.1521844827586207,-0.1080979885057471,1.0,-0.1417942528735632,-0.0176489803133184,-0.0291235868911728,0.648995327118046
2024-08-06,0.0087240840689046,0.0086720076532382,0.0235603450107648,12,698121100.0,2.064567667549553,-0.01335620350303,0.1993243243243243,0.4391891891891892,0.0878378378378378,0.179054054054054,0.1756756756756756,0.152027027027027,0.1655405405405405,0.5067567567567568,0.8952702702702703,0.4527027027027027,0.4425675675675675,0.6546060810810811,0.1794993243243243,0.0407891891891891,0.0398601351351351,0.0852462837837837,0.1639560810810811,0.6758226351351351,0.1602239864864864,-0.0037320945945945,1,0.1837466724695995,0.4057561154921457,0.1208442803026302,0.2489695262887914,0.2146773983477518,0.221971620602329,0.1395239497930963,0.4975338658580308,0.8555301134245701,0.5152586128578703,0.3402715005666996,0.617866933281026,0.2016892810175114,0.0523303956921686,0.0400845847424057,0.0880316605600309,0.2182377281637499,0.6322343636272945,0.1495328990158606,-0.0687048291478892,3.0,-0.12590343140724342,0.0090568155067076,0.0092193444405839,-0.2815660019776688
2024-08-07,-0.0266505061079503,-0.0260076106829436,0.0158576569286201,12,688218000.0,2.009545894315247,0.0087240840689046,0.1582491582491582,0.3939393939393939,0.0841750841750841,0.1548821548821548,0.1447811447811448,0.1515151515151515,0.0841750841750841,0.3164983164983165,0.67003367003367,0.4074074074074074,0.2626262626262626,0.6456296296296297,0.1772356902356902,0.0429289562289562,0.0340498316498316,0.1001565656565656,0.1642885521885522,0.6771794612794613,0.1585309764309764,-0.0057575757575757,1,0.1993243243243243,0.4391891891891892,0.0878378378378378,0.179054054054054,0.1756756756756756,0.152027027027027,0.1655405405405405,0.5067567567567568,0.8952702702702703,0.4527027027027027,0.4425675675675675,0.6546060810810811,0.1794993243243243,0.0407891891891891,0.0398601351351351,0.0852462837837837,0.1639560810810811,0.6758226351351351,0.1602239864864864,-0.0037320945945945,1.0,-0.0951820945945946,-0.0278537402266487,-0.0066836989595151,0.0050523746525679
2024-08-08,0.0665977196329404,0.0643931752142615,0.0112567896788172,12,657687500.0,2.14337706837438,-0.0266505061079503,0.2491694352159468,0.3820598006644518,0.1362126245847176,0.292358803986711,0.1627906976744186,0.1594684385382059,0.1395348837209302,0.3920265780730897,0.7641196013289037,0.5382059800664452,0.2259136212624584,0.6435212624584719,0.1748764119601329,0.0456574750830564,0.0440607973421926,0.0918830564784053,0.1808697674418604,0.6455631229235881,0.1735664451827242,-0.0073033222591362,1,0.1582491582491582,0.3939393939393939,0.0841750841750841,0.1548821548821548,0.1447811447811448,0.1515151515151515,0.0841750841750841,0.3164983164983165,0.67003367003367,0.4074074074074074,0.2626262626262626,0.6456296296296297,0.1772356902356902,0.0429289562289562,0.0340498316498316,0.1001565656565656,0.1642885521885522,0.6771794612794613,0.1585309764309764,-0.0057575757575757,1.0,-0.0859582491582492,0.0689949746485996,0.023117311741988,-0.1457809483063327
2024-08-09,-0.0029492535298051,-0.0024725853471242,0.0161391662041347,12,500244500.0,2.137055705989773,0.0665977196329404,0.1872791519434629,0.3780918727915194,0.0918727915194346,0.215547703180212,0.1802120141342756,0.1625441696113074,0.1342756183745583,0.4381625441696113,0.7950530035335689,0.4169611307420495,0.3780918727915194,0.6939102473498233,0.1414904593639576,0.0423664310954063,0.0368579505300353,0.085373851590106,0.1608512367491166,0.6322681978798587,0.2068770318021201,0.0460257950530035,1,0.2491694352159468,0.3820598006644518,0.1362126245847176,0.292358803986711,0.1627906976744186,0.1594684385382059,0.1395348837209302,0.3920265780730897,0.7641196013289037,0.5382059800664452,0.2259136212624584,0.6435212624584719,0.1748764119601329,0.0456574750830564,0.0440607973421926,0.0918830564784053,0.1808697674418604,0.6455631229235881,0.1735664451827242,-0.0073033222591362,1.0,-0.0845900332225914,-0.0059142642195021,0.0044096352432592,-0.1437578791374391
2024-08-12,0.0060446847587139,0.0033762759878658,0.0155984008628547,12,502997400.0,2.1499735340442925,-0.0029492535298051,0.1785243193490967,0.3348596436828435,0.0905324014350226,0.2072420230339732,0.1830317596185507,0.184435041806456,0.1245621901132591,0.4826710975299971,0.8079450014678727,0.3978821443563152,0.4100628571115576,0.6522549132518082,0.1698582771490501,0.0390516305908545,0.039883891921734,0.098953482298065,0.1586723598722043,0.7059627745450431,0.1353684549035809,-0.0233039049686233,3,0.1872791519434629,0.3780918727915194,0.0918727915194346,0.215547703180212,0.1802120141342756,0.1625441696113074,0.1342756183745583,0.4381625441696113,0.7950530035335689,0.4169611307420495,0.3780918727915194,0.6939102473498233,0.1414904593639576,0.0423664310954063,0.0368579505300353,0.085373851590106,0.1608512367491166,0.6322681978798587,0.2068770318021201,0.0460257950530035,1.0,-0.06162508833922259,0.0057606534402057,0.0005253411326555,0.0166911257354691
2024-08-13,0.0421672501786189,0.0401624142442493,0.0139846519934258,12,540094800.0,2.240632005931748,0.0060446847587139,0.1612903225806451,0.4377880184331797,0.0737327188940092,0.2488479262672811,0.1981566820276497,0.2211981566820276,0.1013824884792626,0.6267281105990783,1.1889400921658986,0.4746543778801843,0.7142857142857143,0.7075571428571428,0.1323852534562211,0.0357050691244239,0.0495548387096774,0.0748009216589861,0.0985640552995391,0.7854815668202765,0.1159566820276497,0.0173926267281106,1,0.1785243193490967,0.3348596436828435,0.0905324014350226,0.2072420230339732,0.1830317596185507,0.184435041806456,0.1245621901132591,0.4826710975299971,0.8079450014678727,0.3978821443563152,0.4100628571115576,0.6522549132518082,0.1698582771490501,0.0390516305908545,0.039883891921734,0.098953482298065,0.1586723598722043,0.7059627745450431,0.1353684549035809,-0.0233039049686233,3.0,-0.07007253352010562,0.0406103713762469,0.0164456573781257,-0.1250602781137306
2024-08-14,0.0014307589971715,0.0021044925908752,0.0153237241524982,12,516072300.0,2.243837810333585,0.0421672501786189,0.1136950904392764,0.3436692506459948,0.0620155038759689,0.1498708010335917,0.1963824289405684,0.1343669250645995,0.1033591731266149,0.4754521963824289,0.8578811369509044,0.4160206718346253,0.4418604651162791,0.6694855297157623,0.1705082687338501,0.037873126614987,0.0372695090439276,0.0848560723514211,0.1771542635658914,0.6415824289405685,0.1812664082687338,0.0041121447028423,1,0.1612903225806451,0.4377880184331797,0.0737327188940092,0.2488479262672811,0.1981566820276497,0.2211981566820276,0.1013824884792626,0.6267281105990783,1.1889400921658986,0.4746543778801843,0.7142857142857143,0.7075571428571428,0.1323852534562211,0.0357050691244239,0.0495548387096774,0.0748009216589861,0.0985640552995391,0.7854815668202765,0.1159566820276497,0.0173926267281106,1.0,-0.04373456221198149,-0.0025266484906588,0.0031546064117449,-0.1065121531891404
2024-08-15,0.0505167605128184,0.0517747376223274,0.0158428148716844,12,573683900.0,2.357189227627814,0.0014307589971715,0.1129707112970711,0.3263598326359833,0.0669456066945606,0.1589958158995816,0.1673640167364016,0.1213389121338912,0.1380753138075313,0.3430962343096234,0.8786610878661087,0.301255230125523,0.5774058577405857,0.6663694560669456,0.190531380753138,0.0349711297071129,0.0399401673640167,0.0681887029288702,0.1293309623430962,0.6376146443514645,0.2330560669456067,0.1037251046025104,1,0.1136950904392764,0.3436692506459948,0.0620155038759689,0.1498708010335917,0.1963824289405684,0.1343669250645995,0.1033591731266149,0.4754521963824289,0.8578811369509044,0.4160206718346253,0.4418604651162791,0.6694855297157623,0.1705082687338501,0.037873126614987,0.0372695090439276,0.0848560723514211,0.1771542635658914,0.6415824289405685,0.1812664082687338,0.0041121447028423,1.0,-0.0862558139534884,0.048080023584158,0.0171402472953325,-0.059295920948354
2024-08-16,-0.0029553626650173,-0.0013060904670455,0.0123930870208148,12,472052400.0,2.3502228785901016,0.0505167605128184,0.1461538461538461,0.2846153846153846,0.0923076923076923,0.1769230769230769,0.1807692307692307,0.1461538461538461,0.1038461538461538,0.3961538461538461,0.8538461538461538,0.3653846153846153,0.4884615384615384,0.6096392307692308,0.226646923076923,0.0416938461538461,0.0421573076923076,0.0798576923076923,0.1713311538461538,0.6798684615384616,0.1488,-0.0225311538461538,1,0.1129707112970711,0.3263598326359833,0.0669456066945606,0.1589958158995816,0.1673640167364016,0.1213389121338912,0.1380753138075313,0.3430962343096234,0.8786610878661087,0.301255230125523,0.5774058577405857,0.6663694560669456,0.190531380753138,0.0349711297071129,0.0399401673640167,0.0681887029288702,0.1293309623430962,0.6376146443514645,0.2330560669456067,0.1037251046025104,1.0,-0.117373640167364,-0.0021146491468552,0.0022420920844279,-0.0282337074475266
2024-08-19,0.018586356317515,0.0133513629668076,0.0145566885795031,12,526657000.0,2.393904958437153,-0.0029553626650173,0.1340567202267847,0.3643175067732723,0.0607308036370405,0.1636625318880461,0.1794971748066996,0.1112562056229914,0.104882709977216,0.3870975616436072,0.8796921124046931,0.3249694159460564,0.5547226964586366,0.6844146751281196,0.1609135356526732,0.0372572815812494,0.0409413376212892,0.076471794132069,0.1328062315639127,0.6928480251485848,0.1743430398765256,0.0415368083126128,3,0.1461538461538461,0.2846153846153846,0.0923076923076923,0.1769230769230769,0.1807692307692307,0.1461538461538461,0.1038461538461538,0.3961538461538461,0.8538461538461538,0.3653846153846153,0.4884615384615384,0.6096392307692308,0.226646923076923,0.0416938461538461,0.0421573076923076,0.0798576923076923,0.1713311538461538,0.6798684615384616,0.1488,-0.0225311538461538,1.0,-0.1463257692307692,0.0169961719323015,0.009561370914747,-0.0101351736669904
2024-08-20,-0.0142940303258543,-0.0158868497321302,0.0094330778090629,12,543093100.0,2.3596864083640394,0.018586356317515,0.1115384615384615,0.4,0.0769230769230769,0.1461538461538461,0.1653846153846153,0.1538461538461538,0.1653846153846153,0.4230769230769231,0.7346153846153847,0.3615384615384615,0.3730769230769231,0.6420411538461539,0.1784415384615384,0.0394392307692307,0.0598307692307692,0.0802507692307692,0.1450184615384615,0.6928723076923078,0.1621157692307692,0.0170973076923076,1,0.1340567202267847,0.3643175067732723,0.0607308036370405,0.1636625318880461,0.1794971748066996,0.1112562056229914,0.104882709977216,0.3870975616436072,0.8796921124046931,0.3249694159460564,0.5547226964586366,0.6844146751281196,0.1609135356526732,0.0372572815812494,0.0409413376212892,0.076471794132069,0.1328062315639127,0.6928480251485848,0.1743430398765256,0.0415368083126128,3.0,-0.08075768548056438,-0.0132251349842524,-0.0016261140417987,0.0839590804053578
2024-08-21,0.0118371798347514,0.012196940359336,0.0091399531776677,12,426714800.0,2.3876184407334637,-0.0142940303258543,0.1300448430493273,0.358744394618834,0.0493273542600896,0.1390134529147982,0.2152466367713004,0.116591928251121,0.0807174887892376,0.5201793721973094,0.7802690582959642,0.3004484304932735,0.4798206278026906,0.7008686098654708,0.1623982062780269,0.0365112107623318,0.036562331838565,0.0636614349775784,0.1031713004484305,0.758227802690583,0.1385977578475336,0.0354264573991031,1,0.1115384615384615,0.4,0.0769230769230769,0.1461538461538461,0.1653846153846153,0.1538461538461538,0.1653846153846153,0.4230769230769231,0.7346153846153847,0.3615384615384615,0.3730769230769231,0.6420411538461539,0.1784415384615384,0.0394392307692307,0.0598307692307692,0.0802507692307692,0.1450184615384615,0.6928723076923078,0.1621157692307692,0.0170973076923076,1.0,-0.0777992307692307,0.0141780247003762,0.0034365529931217,0.024559215397492
2024-08-22,-0.0373743555187547,-0.0375683750963083,0.0096299608931709,12,603677200.0,2.2983827402863564,0.0118371798347514,0.1596958174904943,0.3878326996197718,0.0798479087452471,0.1749049429657794,0.1901140684410646,0.155893536121673,0.155893536121673,0.4524714828897338,0.8859315589353612,0.4182509505703422,0.467680608365019,0.6593631178707224,0.1841988593155893,0.0378730038022813,0.0295125475285171,0.0890437262357414,0.1756072243346007,0.6795057034220533,0.1448874524714829,-0.0307197718631178,1,0.1300448430493273,0.358744394618834,0.0493273542600896,0.1390134529147982,0.2152466367713004,0.116591928251121,0.0807174887892376,0.5201793721973094,0.7802690582959642,0.3004484304932735,0.4798206278026906,0.7008686098654708,0.1623982062780269,0.0365112107623318,0.036562331838565,0.0636614349775784,0.1031713004484305,0.758227802690583,0.1385977578475336,0.0354264573991031,1.0,-0.0986856502242153,-0.0341633634636699,-0.0078484669177515,0.0786723259547352
2024-08-23,0.0210206347299148,0.0230426383039953,0.0169017433839855,12,534681000.0,2.3466962043394566,-0.0373743555187547,0.1158301158301158,0.3243243243243243,0.0849420849420849,0.1583011583011583,0.1814671814671814,0.166023166023166,0.1544401544401544,0.3938223938223938,0.7953667953667953,0.4131274131274131,0.3822393822393822,0.5828706563706564,0.2246521235521235,0.0437876447876447,0.040154054054054,0.1085339768339768,0.1419185328185328,0.7106463320463321,0.1474289575289575,0.0055104247104247,1,0.1596958174904943,0.3878326996197718,0.0798479087452471,0.1749049429657794,0.1901140684410646,0.155893536121673,0.155893536121673,0.4524714828897338,0.8859315589353612,0.4182509505703422,0.467680608365019,0.6593631178707224,0.1841988593155893,0.0378730038022813,0.0295125475285171,0.0890437262357414,0.1756072243346007,0.6795057034220533,0.1448874524714829,-0.0307197718631178,1.0,-0.10351558935361209,0.0267928492634548,0.0106253094436228,-0.0962962765727367
2024-08-26,-0.0288634317252772,-0.0290869086319605,0.0089831682962144,12,533615100.0,2.278962498665537,0.0210206347299148,0.1530383234051145,0.340978462416203,0.0920506940137408,0.1609595835757292,0.1589737795662994,0.1243317483440949,0.1144144274086146,0.4404725159019775,0.8093746744682114,0.3645755706522174,0.4447991038159937,0.6812538846018855,0.1704000952916684,0.0361138400491042,0.036073065599964,0.0761622695795851,0.1485106342040356,0.7086622944682434,0.1428284506690128,-0.0056821835350228,3,0.1158301158301158,0.3243243243243243,0.0849420849420849,0.1583011583011583,0.1814671814671814,0.166023166023166,0.1544401544401544,0.3938223938223938,0.7953667953667953,0.4131274131274131,0.3822393822393822,0.5828706563706564,0.2246521235521235,0.0437876447876447,0.040154054054054,0.1085339768339768,0.1419185328185328,0.7106463320463321,0.1474289575289575,0.0055104247104247,1.0,-0.11975173745173741,-0.0251080929894386,-0.0023837801840261,0.0182849916854148
2024-08-27,0.0072987201814823,0.008095810521494,0.0101002467846265,12,455293300.0,2.2955960082473887,-0.0288634317252772,0.1800847457627118,0.4258474576271186,0.0805084745762711,0.2669491525423729,0.211864406779661,0.1652542372881356,0.1292372881355932,0.5127118644067796,0.8707627118644068,0.4555084745762712,0.4152542372881356,0.6636338983050848,0.169107627118644,0.0354298728813559,0.0471122881355932,0.0847177966101695,0.1838985169491525,0.5554849576271186,0.2606169491525423,0.0767184322033898,1,0.1530383234051145,0.340978462416203,0.0920506940137408,0.1609595835757292,0.1589737795662994,0.1243317483440949,0.1144144274086146,0.4404725159019775,0.8093746744682114,0.3645755706522174,0.4447991038159937,0.6812538846018855,0.1704000952916684,0.0361138400491042,0.036073065599964,0.0761622695795851,0.1485106342040356,0.7086622944682434,0.1428284506690128,-0.0056821835350228,3.0,-0.0942786001612235,0.0110753751210339,0.0013732097959411,-0.0445820018799489
2024-08-28,-0.0171565111468456,-0.0184516379291614,0.0082115723678139,12,621254400.0,2.2562115897432378,0.0072987201814823,0.1700680272108843,0.4263038548752834,0.0680272108843537,0.1700680272108843,0.2358276643990929,0.1564625850340136,0.1315192743764172,0.5487528344671202,0.8775510204081632,0.3560090702947845,0.5215419501133787,0.6479780045351474,0.1504460317460317,0.0547492063492063,0.0609065759637188,0.0859181405895691,0.1404117913832199,0.6428834467120181,0.2167013605442176,0.0762895691609977,1,0.1800847457627118,0.4258474576271186,0.0805084745762711,0.2669491525423729,0.211864406779661,0.1652542372881356,0.1292372881355932,0.5127118644067796,0.8707627118644068,0.4555084745762712,0.4152542372881356,0.6636338983050848,0.169107627118644,0.0354298728813559,0.0471122881355932,0.0847177966101695,0.1838985169491525,0.5554849576271186,0.2606169491525423,0.0767184322033898,1.0,-0.07270741525423721,-0.0180396042673545,-0.0058052496387186,0.1088788251424888
2024-08-29,-0.0047951389902908,-0.0032085794189178,0.022301783554651,12,655060700.0,2.245392741578914,-0.0171565111468456,0.191860465116279,0.3953488372093023,0.063953488372093,0.188953488372093,0.2209302325581395,0.1569767441860465,0.1162790697674418,0.4098837209302325,0.8284883720930233,0.4127906976744186,0.4156976744186046,0.6581869186046512,0.1679709302325581,0.0344020348837209,0.0494293604651162,0.0900125,0.1613313953488372,0.615177034883721,0.2234918604651163,0.062160465116279,1,0.1700680272108843,0.4263038548752834,0.0680272108843537,0.1700680272108843,0.2358276643990929,0.1564625850340136,0.1315192743764172,0.5487528344671202,0.8775510204081632,0.3560090702947845,0.5215419501133787,0.6479780045351474,0.1504460317460317,0.0547492063492063,0.0609065759637188,0.0859181405895691,0.1404117913832199,0.6428834467120181,0.2167013605442176,0.0762895691609977,1.0,-0.05837052154195008,-0.0028774579197576,8.941058333311602e-05,-0.0853302711712346
2024-08-30,0.0347092046028015,0.0259452446292838,0.0287146618758367,12,661117300.0,2.323328537660022,-0.0047951389902908,0.1396103896103896,0.3279220779220779,0.0811688311688311,0.172077922077922,0.1493506493506493,0.1558441558441558,0.1136363636363636,0.461038961038961,0.7987012987012987,0.3279220779220779,0.4707792207792208,0.6863162337662337,0.1575551948051948,0.0341006493506493,0.0373915584415584,0.0846373376623376,0.1458211038961039,0.6791340909090909,0.1750428571428571,0.0292217532467532,1,0.191860465116279,0.3953488372093023,0.063953488372093,0.188953488372093,0.2209302325581395,0.1569767441860465,0.1162790697674418,0.4098837209302325,0.8284883720930233,0.4127906976744186,0.4156976744186046,0.6581869186046512,0.1679709302325581,0.0344020348837209,0.0494293604651162,0.0900125,0.1613313953488372,0.615177034883721,0.2234918604651163,0.062160465116279,1.0,-0.0629311046511628,0.0261487446772652,0.0095459866384983,-0.0415335229631984
2024-09-03,-0.076333257205289,-0.0743161166727273,0.0118272013816979,12,785452900.0,2.1459813028224315,0.0347092046028015,0.1777993095231403,0.4074717851651994,0.0873404248358577,0.1948707019039499,0.1912509713101144,0.16059168464859,0.1227224683072782,0.5178286796881517,0.9319247468589814,0.4540669886497891,0.4778577582091923,0.6836807877608494,0.1654535884713881,0.0366960564120203,0.0357829791895854,0.0783870584836963,0.1361926100186451,0.7008546712730986,0.162956339632936,0.0267637296142908,4,0.1396103896103896,0.3279220779220779,0.0811688311688311,0.172077922077922,0.1493506493506493,0.1558441558441558,0.1136363636363636,0.461038961038961,0.7987012987012987,0.3279220779220779,0.4707792207792208,0.6863162337662337,0.1575551948051948,0.0341006493506493,0.0373915584415584,0.0846373376623376,0.1458211038961039,0.6791340909090909,0.1750428571428571,0.0292217532467532,1.0,-0.0696269480519481,-0.0763172630540129,-0.0205789961944716,0.3813332875569661
2024-09-04,-0.0016164370758218,0.0036654516754245,0.0197725817341476,12,586113400.0,2.1425124590805287,-0.076333257205289,0.2289719626168224,0.3925233644859813,0.072429906542056,0.2336448598130841,0.1915887850467289,0.25,0.1355140186915887,0.4275700934579439,0.7336448598130841,0.5700934579439252,0.1635514018691588,0.641251168224299,0.1905630841121495,0.0515633177570093,0.0458803738317757,0.0707453271028037,0.2727855140186916,0.5834901869158878,0.1437210280373831,-0.1290644859813084,1,0.1777993095231403,0.4074717851651994,0.0873404248358577,0.1948707019039499,0.1912509713101144,0.16059168464859,0.1227224683072782,0.5178286796881517,0.9319247468589814,0.4540669886497891,0.4778577582091923,0.6836807877608494,0.1654535884713881,0.0366960564120203,0.0357829791895854,0.0783870584836963,0.1361926100186451,0.7008546712730986,0.162956339632936,0.0267637296142908,4.0,-0.0879796072101267,0.003278566431607,-0.0020467640200287,0.0289575483278619
2024-09-05,-0.0063253658435361,-0.0092930461235538,0.0115915690333298,12,484568400.0,2.12896028395251,-0.0016164370758218,0.1401515151515151,0.428030303030303,0.0643939393939393,0.1628787878787878,0.2196969696969697,0.178030303030303,0.1401515151515151,0.5454545454545454,0.8939393939393939,0.3181818181818182,0.5757575757575758,0.6313136363636364,0.1985727272727273,0.0393405303030303,0.0395507575757575,0.0912253787878787,0.1458295454545454,0.7173397727272728,0.1368299242424242,-0.0089996212121212,1,0.2289719626168224,0.3925233644859813,0.072429906542056,0.2336448598130841,0.1915887850467289,0.25,0.1355140186915887,0.4275700934579439,0.7336448598130841,0.5700934579439252,0.1635514018691588,0.641251168224299,0.1905630841121495,0.0515633177570093,0.0458803738317757,0.0707453271028037,0.2727855140186916,0.5834901869158878,0.1437210280373831,-0.1290644859813084,1.0,-0.12550070093457938,-0.005368728174587,-0.0024322652088685,-0.0666041321116281
2024-09-06,-0.0431257346421176,-0.0355989921566974,0.0208733915105247,12,718433400.0,2.0371473076831665,-0.0063253658435361,0.175595238095238,0.4642857142857143,0.0892857142857142,0.1369047619047619,0.2321428571428571,0.1875,0.1428571428571428,0.5297619047619048,0.9523809523809524,0.4732142857142857,0.4791666666666667,0.6404294642857143,0.1763526785714285,0.0457607142857142,0.042372619047619,0.0950839285714285,0.1741880952380952,0.656353869047619,0.1694559523809523,-0.0047321428571428,1,0.1401515151515151,0.428030303030303,0.0643939393939393,0.1628787878787878,0.2196969696969697,0.178030303030303,0.1401515151515151,0.5454545454545454,0.8939393939393939,0.3181818181818182,0.5757575757575758,0.6313136363636364,0.1985727272727273,0.0393405303030303,0.0395507575757575,0.0912253787878787,0.1458295454545454,0.7173397727272728,0.1368299242424242,-0.0089996212121212,1.0,-0.10713712121212138,-0.0428068916918918,-0.0168301598314681,0.1246230949636315
2024-09-09,0.0181828919776415,0.0161662516633479,0.0157856138961755,12,477228500.0,2.0741885371213127,-0.0431257346421176,0.1808937587608767,0.3199287946431408,0.0947655230346724,0.211107107954336,0.1706348752476556,0.166286049062181,0.1053294089688503,0.3863948586758574,0.7721965511851251,0.3499337255156129,0.422262825669512,0.5999472324525117,0.2296237313170131,0.0459251218103418,0.0385964974919904,0.0859085008940383,0.1462783001261947,0.6754795785629049,0.178243225356122,0.0319649252299273,3,0.175595238095238,0.4642857142857143,0.0892857142857142,0.1369047619047619,0.2321428571428571,0.1875,0.1428571428571428,0.5297619047619048,0.9523809523809524,0.4732142857142857,0.4791666666666667,0.6404294642857143,0.1763526785714285,0.0457607142857142,0.042372619047619,0.0950839285714285,0.1741880952380952,0.656353869047619,0.1694559523809523,-0.0047321428571428,1.0,-0.08465684523809522,0.0197616774253814,0.0111964319777717,-0.1309203980205504
2024-09-10,0.0126803853396345,0.0053445128516855,0.0187505863910979,12,467430400.0,2.100490047039064,0.0181828919776415,0.1366906474820144,0.4712230215827338,0.1043165467625899,0.1870503597122302,0.2446043165467626,0.1618705035971223,0.1402877697841726,0.6258992805755396,1.0107913669064748,0.4280575539568345,0.5827338129496403,0.6727687050359712,0.1621230215827338,0.0443514388489208,0.0427219424460431,0.0780356115107913,0.1407852517985611,0.6477539568345324,0.2114611510791366,0.0706758992805755,1,0.1808937587608767,0.3199287946431408,0.0947655230346724,0.211107107954336,0.1706348752476556,0.166286049062181,0.1053294089688503,0.3863948586758574,0.7721965511851251,0.3499337255156129,0.422262825669512,0.5999472324525117,0.2296237313170131,0.0459251218103418,0.0385964974919904,0.0859085008940383,0.1462783001261947,0.6754795785629049,0.178243225356122,0.0319649252299273,3.0,-0.1510438547413262,0.0105308745233543,0.0043556709261531,-0.0190231786488362
2024-09-11,0.0506842056384694,0.0481302420640141,0.0142962646133108,12,696325100.0,2.2069517165247503,0.0126803853396345,0.1393188854489164,0.3931888544891641,0.0990712074303405,0.1795665634674922,0.1857585139318885,0.1362229102167182,0.1640866873065015,0.5263157894736842,0.9752321981424148,0.3405572755417956,0.6346749226006192,0.6433489164086688,0.1954436532507739,0.039512693498452,0.0361216718266253,0.0855699690402476,0.1342603715170278,0.7320708978328173,0.1336699690402476,-0.0005904024767801,1,0.1366906474820144,0.4712230215827338,0.1043165467625899,0.1870503597122302,0.2446043165467626,0.1618705035971223,0.1402877697841726,0.6258992805755396,1.0107913669064748,0.4280575539568345,0.5827338129496403,0.6727687050359712,0.1621230215827338,0.0443514388489208,0.0427219424460431,0.0780356115107913,0.1407852517985611,0.6477539568345324,0.2114611510791366,0.0706758992805755,1.0,-0.0857169064748202,0.0464430519990637,0.0102587192697765,-0.0728511213420617
2024-09-12,-0.004507649555756,-0.008682183018091,0.0211393357088129,12,576740300.0,2.1970035516001825,0.0506842056384694,0.1683417085427135,0.5276381909547738,0.0829145728643216,0.2010050251256281,0.236180904522613,0.2110552763819095,0.1658291457286432,0.628140703517588,1.020100502512563,0.4648241206030151,0.5552763819095478,0.622561055276382,0.1849532663316583,0.0441273869346733,0.044637688442211,0.1037193467336683,0.21755,0.5635042713567839,0.2189467336683417,0.0013967336683417,1,0.1393188854489164,0.3931888544891641,0.0990712074303405,0.1795665634674922,0.1857585139318885,0.1362229102167182,0.1640866873065015,0.5263157894736842,0.9752321981424148,0.3405572755417956,0.6346749226006192,0.6433489164086688,0.1954436532507739,0.039512693498452,0.0361216718266253,0.0855699690402476,0.1342603715170278,0.7320708978328173,0.1336699690402476,-0.0005904024767801,1.0,-0.113264705882353,-0.0044109378960807,0.0084236235092158,-0.035048096128643
2024-09-13,0.0182365992305232,0.0178445649814615,0.0130183271019221,12,395750500.0,2.2370694248787517,-0.004507649555756,0.1385542168674698,0.3253012048192771,0.0963855421686747,0.180722891566265,0.180722891566265,0.0783132530120482,0.0783132530120482,0.4879518072289157,0.8313253012048193,0.3012048192771084,0.5301204819277109,0.6872542168674699,0.1737771084337349,0.0303993975903614,0.0338656626506024,0.0747048192771084,0.112794578313253,0.7201084337349397,0.1670987951807228,0.0543042168674698,1,0.1683417085427135,0.5276381909547738,0.0829145728643216,0.2010050251256281,0.236180904522613,0.2110552763819095,0.1658291457286432,0.628140703517588,1.020100502512563,0.4648241206030151,0.5552763819095478,0.622561055276382,0.1849532663316583,0.0441273869346733,0.044637688442211,0.1037193467336683,0.21755,0.5635042713567839,0.2189467336683417,0.0013967336683417,1.0,-0.08072361809045231,0.017858783494165,0.0052225144735758,-0.0298769910954639
2024-09-16,-0.0100278484323946,-0.0154660354736968,0.0256050576767455,12,525229200.0,2.214636431753323,0.0182365992305232,0.1478169143899629,0.4199418272599344,0.0598168310531194,0.183723884203456,0.2070264961341215,0.1365132227036736,0.1601542773314274,0.513913289826066,1.022577604038576,0.3711997380324443,0.6513778660061317,0.6442618502726791,0.184119678365076,0.0356866579638543,0.0445365512451384,0.0913927402739336,0.1393493174984272,0.6533585528964762,0.2072917509999289,0.0679424335015016,3,0.1385542168674698,0.3253012048192771,0.0963855421686747,0.180722891566265,0.180722891566265,0.0783132530120482,0.0783132530120482,0.4879518072289157,0.8313253012048193,0.3012048192771084,0.5301204819277109,0.6872542168674699,0.1737771084337349,0.0303993975903614,0.0338656626506024,0.0747048192771084,0.112794578313253,0.7201084337349397,0.1670987951807228,0.0543042168674698,1.0,-0.0956060240963855,-0.013327365632165,0.0014767910499231,0.0350241511117734
2024-09-17,0.0030372688976538,0.0038226308132713,0.0126106017709037,12,533531800.0,2.221362878107098,-0.0100278484323946,0.1314878892733564,0.4567474048442906,0.0692041522491349,0.1522491349480969,0.2768166089965398,0.1487889273356401,0.1660899653979238,0.5882352941176471,1.0311418685121108,0.3460207612456747,0.6851211072664359,0.6501162629757785,0.1716422145328719,0.0405730103806228,0.0433979238754325,0.0942685121107266,0.14939723183391,0.6646456747404845,0.1859553633217993,0.0365581314878892,1,0.1478169143899629,0.4199418272599344,0.0598168310531194,0.183723884203456,0.2070264961341215,0.1365132227036736,0.1601542773314274,0.513913289826066,1.022577604038576,0.3711997380324443,0.6513778660061317,0.6442618502726791,0.184119678365076,0.0356866579638543,0.0445365512451384,0.0913927402739336,0.1393493174984272,0.6533585528964762,0.2072917509999289,0.0679424335015016,3.0,-0.08387704480985829,0.0012279630998843,0.0004086798235511,0.0274213090688311
2024-09-18,-0.0140509718204425,-0.0144145188879045,0.0088775372475962,12,543354600.0,2.1901505709038385,0.0030372688976538,0.2818181818181818,0.4636363636363636,0.0681818181818181,0.25,0.2363636363636363,0.1681818181818181,0.1045454545454545,0.5818181818181818,1.1,0.4681818181818182,0.6318181818181818,0.6607022727272728,0.1483731818181818,0.0383990909090909,0.0537377272727272,0.0987899999999999,0.14346,0.6280168181818182,0.2285254545454545,0.0850654545454545,1,0.1314878892733564,0.4567474048442906,0.0692041522491349,0.1522491349480969,0.2768166089965398,0.1487889273356401,0.1660899653979238,0.5882352941176471,1.0311418685121108,0.3460207612456747,0.6851211072664359,0.6501162629757785,0.1716422145328719,0.0405730103806228,0.0433979238754325,0.0942685121107266,0.14939723183391,0.6646456747404845,0.1859553633217993,0.0365581314878892,1.0,-0.0745487889273356,-0.0110379732562237,-0.0029658410855042,0.0352072067232249
2024-09-19,0.0430912409019814,0.0452318471092001,0.0133672448996764,12,560556700.0,2.284526876766268,-0.0140509718204425,0.1166666666666666,0.4944444444444444,0.0555555555555555,0.2222222222222222,0.3111111111111111,0.1944444444444444,0.15,0.7111111111111111,1.0611111111111111,0.4833333333333333,0.5777777777777777,0.7121316666666666,0.1166883333333333,0.028485,0.0548788888888888,0.087825,0.1456166666666666,0.6125338888888889,0.2418477777777778,0.0962311111111111,1,0.2818181818181818,0.4636363636363636,0.0681818181818181,0.25,0.2363636363636363,0.1681818181818181,0.1045454545454545,0.5818181818181818,1.1,0.4681818181818182,0.6318181818181818,0.6607022727272728,0.1483731818181818,0.0383990909090909,0.0537377272727272,0.0987899999999999,0.14346,0.6280168181818182,0.2285254545454545,0.0850654545454545,1.0,-0.03424454545454557,0.0425776993147857,0.0170643800340437,-0.1042237886034085
2024-09-20,-0.0085203435139399,-0.0146765292707771,0.0219682415780216,12,911781800.0,2.265061923009392,0.0430912409019814,0.0805687203791469,0.4123222748815165,0.0995260663507109,0.1800947867298578,0.2132701421800948,0.1374407582938388,0.1895734597156398,0.6303317535545023,1.0,0.3744075829383886,0.6255924170616114,0.7249507109004739,0.1225184834123222,0.0306421800947867,0.0530369668246445,0.0688611374407583,0.151178672985782,0.7095725118483412,0.1392516587677725,-0.0119270142180094,1,0.1166666666666666,0.4944444444444444,0.0555555555555555,0.2222222222222222,0.3111111111111111,0.1944444444444444,0.15,0.7111111111111111,1.0611111111111111,0.4833333333333333,0.5777777777777777,0.7121316666666666,0.1166883333333333,0.028485,0.0548788888888888,0.087825,0.1456166666666666,0.6125338888888889,0.2418477777777778,0.0962311111111111,1.0,-0.0024694444444444963,-0.0146261523149811,-0.001728526870969,-0.0110226764247853
2024-09-23,0.006362877687544,0.0074567002141704,0.0168464233197704,12,508507400.0,2.279474234980213,-0.0085203435139399,0.1376158510606551,0.3616144833793114,0.0997761656825328,0.2445122224922143,0.1797765593861834,0.1661599926374909,0.0900073625090307,0.4386937589946864,0.8820234411655031,0.3961921960915007,0.4858312450740025,0.6839184623189244,0.1611712012424986,0.0454785803083978,0.0345982193749339,0.0748354721911062,0.1514312823692734,0.6720339944733537,0.176532702034545,0.0251014196652716,3,0.0805687203791469,0.4123222748815165,0.0995260663507109,0.1800947867298578,0.2132701421800948,0.1374407582938388,0.1895734597156398,0.6303317535545023,1.0,0.3744075829383886,0.6255924170616114,0.7249507109004739,0.1225184834123222,0.0306421800947867,0.0530369668246445,0.0688611374407583,0.151178672985782,0.7095725118483412,0.1392516587677725,-0.0119270142180094,1.0,-0.03126255924170611,0.003889539668556,0.0024988246613384,-0.0160990267089047
2024-09-24,0.0135886891795153,0.011033974910875,0.0138912834905193,12,601239300.0,2.310449301852073,0.006362877687544,0.1800947867298578,0.3317535545023696,0.0995260663507109,0.1848341232227488,0.2274881516587677,0.1421800947867298,0.1374407582938388,0.5497630331753555,1.1090047393364928,0.3838862559241706,0.7251184834123223,0.6947900473933649,0.1298862559241706,0.0297360189573459,0.0449720379146919,0.1006184834123222,0.0894123222748815,0.7275644549763033,0.183024644549763,0.0936123222748815,1,0.1376158510606551,0.3616144833793114,0.0997761656825328,0.2445122224922143,0.1797765593861834,0.1661599926374909,0.0900073625090307,0.4386937589946864,0.8820234411655031,0.3961921960915007,0.4858312450740025,0.6839184623189244,0.1611712012424986,0.0454785803083978,0.0345982193749339,0.0748354721911062,0.1514312823692734,0.6720339944733537,0.176532702034545,0.0251014196652716,3.0,-0.09721608998485629,0.0121136822808287,0.0028613323692314,-0.031466330345934
2024-09-25,0.0113126216690756,0.0065208999190696,0.0106358606651289,12,549227200.0,2.3365865406895057,0.0135886891795153,0.1690821256038647,0.5217391304347826,0.1014492753623188,0.2270531400966183,0.2318840579710145,0.1642512077294686,0.0869565217391304,0.5217391304347826,0.9855072463768116,0.4782608695652174,0.5072463768115942,0.6839299516908213,0.1649816425120773,0.0439676328502415,0.0382222222222222,0.0689067632850241,0.1907342995169082,0.6393541062801933,0.1699096618357488,-0.0208246376811594,1,0.1800947867298578,0.3317535545023696,0.0995260663507109,0.1848341232227488,0.2274881516587677,0.1421800947867298,0.1374407582938388,0.5497630331753555,1.1090047393364928,0.3838862559241706,0.7251184834123223,0.6947900473933649,0.1298862559241706,0.0297360189573459,0.0449720379146919,0.1006184834123222,0.0894123222748815,0.7275644549763033,0.183024644549763,0.0936123222748815,1.0,-0.014031753554502396,0.0068900183144646,-0.0022055614600836,0.0012995129072905
2024-09-26,0.0416203266891903,0.0328260608148597,0.0372064272613356,12,634648500.0,2.433836035850568,0.0113126216690756,0.0918367346938775,0.336734693877551,0.0408163265306122,0.1275510204081632,0.1530612244897959,0.1428571428571428,0.1020408163265306,0.4183673469387755,0.8061224489795918,0.3418367346938775,0.4642857142857143,0.720929081632653,0.1415025510204081,0.0313071428571428,0.0325525510204081,0.0737010204081632,0.1128183673469387,0.6966857142857142,0.190494387755102,0.0776760204081632,1,0.1690821256038647,0.5217391304347826,0.1014492753623188,0.2270531400966183,0.2318840579710145,0.1642512077294686,0.0869565217391304,0.5217391304347826,0.9855072463768116,0.4782608695652174,0.5072463768115942,0.6839299516908213,0.1649816425120773,0.0439676328502415,0.0382222222222222,0.0689067632850241,0.1907342995169082,0.6393541062801933,0.1699096618357488,-0.0208246376811594,1.0,-0.10182028985507252,0.0357471506309967,0.0039646391160432,-0.0025957146170734
2024-09-27,-0.022894861123317,-0.0220175175436115,0.0116338431318892,12,504551200.0,2.3781136978128448,0.0416203266891903,0.048780487804878,0.224390243902439,0.0390243902439024,0.0585365853658536,0.1170731707317073,0.0439024390243902,0.0780487804878048,0.2975609756097561,0.6439024390243903,0.1853658536585365,0.4585365853658537,0.689698536585366,0.1475912195121951,0.0333760975609756,0.0438321951219512,0.085510243902439,0.0841882926829268,0.791240487804878,0.124580487804878,0.0403921951219512,1,0.0918367346938775,0.336734693877551,0.0408163265306122,0.1275510204081632,0.1530612244897959,0.1428571428571428,0.1020408163265306,0.4183673469387755,0.8061224489795918,0.3418367346938775,0.4642857142857143,0.720929081632653,0.1415025510204081,0.0313071428571428,0.0325525510204081,0.0737010204081632,0.1128183673469387,0.6966857142857142,0.190494387755102,0.0776760204081632,1.0,-0.06655612244897958,-0.0158609915228485,-0.0014502546060429,0.103448224512185
2024-09-30,-0.009385011000906,-0.0100316934439736,0.0133392158415139,12,420569600.0,2.355795074597466,-0.022894861123317,0.1115294919428777,0.3857060481076229,0.0807477736611594,0.1621570140270927,0.1736407730502218,0.1057342701043488,0.1011671508718752,0.480701057472711,0.8800047284299254,0.3378350651972699,0.5421696632326554,0.6460741662864694,0.1694529899070745,0.0421937033766757,0.0497028033209135,0.0925758766932979,0.0919714564580213,0.7609175080223801,0.1471124181538059,0.0551409616957845,3,0.048780487804878,0.224390243902439,0.0390243902439024,0.0585365853658536,0.1170731707317073,0.0439024390243902,0.0780487804878048,0.2975609756097561,0.6439024390243903,0.1853658536585365,0.4585365853658537,0.689698536585366,0.1475912195121951,0.0333760975609756,0.0438321951219512,0.085510243902439,0.0841882926829268,0.791240487804878,0.124580487804878,0.0403921951219512,1.0,-0.05162487804878049,-0.0089823640837808,0.0040073375807923,-0.0135612944959943
2024-10-01,-0.0253242885315357,-0.0257499511586986,0.0078226724595017,12,535197000.0,2.296136240407189,-0.009385011000906,0.2509225092250922,0.4686346863468634,0.081180811808118,0.3136531365313653,0.2287822878228782,0.2250922509225092,0.1254612546125461,0.5608856088560885,1.099630996309963,0.5092250922509225,0.5904059040590406,0.6771619926199262,0.1626741697416974,0.0383678966789667,0.0385638376383763,0.0832332103321033,0.1923468634686346,0.6591789667896678,0.148480073800738,-0.0438667896678966,1,0.1115294919428777,0.3857060481076229,0.0807477736611594,0.1621570140270927,0.1736407730502218,0.1057342701043488,0.1011671508718752,0.480701057472711,0.8800047284299254,0.3378350651972699,0.5421696632326554,0.6460741662864694,0.1694529899070745,0.0421937033766757,0.0497028033209135,0.0925758766932979,0.0919714564580213,0.7609175080223801,0.1471124181538059,0.0551409616957845,3.0,-0.06936801326953879,-0.0280150049161083,-0.0089586482363213,0.1512253888745365
2024-10-02,0.0136001936467053,0.0174300873570453,0.0130352008651269,12,394145600.0,2.3273641379159447,-0.0253242885315357,0.1842105263157894,0.4210526315789473,0.087719298245614,0.1973684210526315,0.2456140350877192,0.1622807017543859,0.1403508771929824,0.6403508771929824,1.0789473684210529,0.4166666666666667,0.6622807017543859,0.691403947368421,0.1469078947368421,0.0454447368421052,0.0399021929824561,0.0763434210526315,0.1032951754385965,0.7448293859649123,0.1518785087719298,0.0485833333333333,1,0.2509225092250922,0.4686346863468634,0.081180811808118,0.3136531365313653,0.2287822878228782,0.2250922509225092,0.1254612546125461,0.5608856088560885,1.099630996309963,0.5092250922509225,0.5904059040590406,0.6771619926199262,0.1626741697416974,0.0383678966789667,0.0385638376383763,0.0832332103321033,0.1923468634686346,0.6591789667896678,0.148480073800738,-0.0438667896678966,1.0,-0.0792450184501845,0.0134742582857161,0.000422300342626,-0.0186916202530317
2024-10-03,0.0072090302230302,0.0031703961443281,0.0131371856907665,12,430466500.0,2.344142176326178,0.0136001936467053,0.1666666666666666,0.4841269841269841,0.0952380952380952,0.1904761904761904,0.238095238095238,0.2301587301587301,0.1666666666666666,0.5476190476190477,0.8174603174603174,0.3492063492063492,0.4682539682539682,0.7067253968253968,0.1321547619047618,0.0341523809523809,0.0381253968253968,0.0888460317460317,0.087963492063492,0.7321253968253968,0.1799055555555555,0.0919420634920634,1,0.1842105263157894,0.4210526315789473,0.087719298245614,0.1973684210526315,0.2456140350877192,0.1622807017543859,0.1403508771929824,0.6403508771929824,1.0789473684210529,0.4166666666666667,0.6622807017543859,0.691403947368421,0.1469078947368421,0.0454447368421052,0.0399021929824561,0.0763434210526315,0.1032951754385965,0.7448293859649123,0.1518785087719298,0.0485833333333333,1.0,-0.0761070175438597,0.0035660018825951,-0.0018282855432525,0.0841269938984017
2024-10-04,0.0144084009863572,0.0133745967668576,0.0135933551356126,12,418067200.0,2.377917516771717,0.0072090302230302,0.2387096774193548,0.4,0.0967741935483871,0.1612903225806451,0.2967741935483871,0.1741935483870967,0.2193548387096774,0.632258064516129,1.032258064516129,0.4129032258064516,0.6193548387096774,0.6548464516129032,0.1777858064516129,0.0359619354838709,0.039856129032258,0.0915477419354838,0.1261348387096774,0.6491883870967742,0.2246812903225806,0.0985464516129032,1,0.1666666666666666,0.4841269841269841,0.0952380952380952,0.1904761904761904,0.238095238095238,0.2301587301587301,0.1666666666666666,0.5476190476190477,0.8174603174603174,0.3492063492063492,0.4682539682539682,0.7067253968253968,0.1321547619047618,0.0341523809523809,0.0381253968253968,0.0888460317460317,0.087963492063492,0.7321253968253968,0.1799055555555555,0.0919420634920634,1.0,-0.039335714285714196,0.013686585666562,0.0090872694961003,-0.0624695315248242
2024-10-07,-0.0019411136516397,-0.0080479607584779,0.012781923535641,12,514437200.0,2.3733017086174386,0.0144084009863572,0.1395782057100866,0.3549803107912425,0.046703408329551,0.1559373230456677,0.1929549374311093,0.1450693985173658,0.1199138948323931,0.5640035444898311,1.0411473772936524,0.3320924160885257,0.7090549612051266,0.6628376787914153,0.1618474228706044,0.0399378044738377,0.0456026527999308,0.0897725886792452,0.1266853563638721,0.7450884458795306,0.1282257056603773,0.0015403492965051,3,0.2387096774193548,0.4,0.0967741935483871,0.1612903225806451,0.2967741935483871,0.1741935483870967,0.2193548387096774,0.632258064516129,1.032258064516129,0.4129032258064516,0.6193548387096774,0.6548464516129032,0.1777858064516129,0.0359619354838709,0.039856129032258,0.0915477419354838,0.1261348387096774,0.6491883870967742,0.2246812903225806,0.0985464516129032,1.0,-0.082343870967742,-0.0027263497043827,-0.0090403495564238,0.1785528614599587
2024-10-08,0.0115398622276845,0.0066543209615862,0.0171756186436992,12,459172400.0,2.400689283359612,-0.0019411136516397,0.2116040955631399,0.3651877133105802,0.098976109215017,0.273037542662116,0.1501706484641638,0.2389078498293515,0.204778156996587,0.3754266211604095,0.7337883959044369,0.6348122866894198,0.098976109215017,0.6158194539249147,0.1960976109215017,0.0541116040955631,0.0459808873720136,0.0879856655290102,0.2117133105802047,0.6397453924914676,0.1485392491467576,-0.0631740614334471,1,0.1395782057100866,0.3549803107912425,0.046703408329551,0.1559373230456677,0.1929549374311093,0.1450693985173658,0.1199138948323931,0.5640035444898311,1.0411473772936524,0.3320924160885257,0.7090549612051266,0.6628376787914153,0.1618474228706044,0.0399378044738377,0.0456026527999308,0.0897725886792452,0.1266853563638721,0.7450884458795306,0.1282257056603773,0.0015403492965051,3.0,-0.0664099858652661,0.0098502847073831,0.0094575403129666,-0.0538868969189242
2024-10-09,0.0113685006217714,0.0134058425314272,0.0148659317305585,12,409158400.0,2.4279815209701656,0.0115398622276845,0.1478599221789883,0.3696498054474708,0.0505836575875486,0.1556420233463035,0.1750972762645914,0.11284046692607,0.0583657587548638,0.4163424124513619,0.77431906614786,0.3463035019455253,0.4280155642023346,0.6757217898832685,0.1749665369649805,0.0296112840466926,0.0364867704280155,0.0832151750972762,0.1604793774319066,0.6248832684824903,0.2146392996108949,0.0541599221789883,1,0.2116040955631399,0.3651877133105802,0.098976109215017,0.273037542662116,0.1501706484641638,0.2389078498293515,0.204778156996587,0.3754266211604095,0.7337883959044369,0.6348122866894198,0.098976109215017,0.6158194539249147,0.1960976109215017,0.0541116040955631,0.0459808873720136,0.0879856655290102,0.2117133105802047,0.6397453924914676,0.1485392491467576,-0.0631740614334471,1.0,-0.116242662116041,0.0104416248327354,0.0069263529633656,-0.0261437658238922
2024-10-10,-0.0045722505838844,-0.007765987740047,0.0186315440867975,12,437667800.0,2.416880181043249,0.0113685006217714,0.1469816272965879,0.4199475065616798,0.0787401574803149,0.2152230971128609,0.2729658792650918,0.1469816272965879,0.1102362204724409,0.6902887139107612,1.2257217847769029,0.4015748031496063,0.8241469816272966,0.6543207349081365,0.1544608923884514,0.0316934383202099,0.0535354330708661,0.1059845144356955,0.102750656167979,0.6086695538057743,0.2885787401574803,0.1858280839895013,1,0.1478599221789883,0.3696498054474708,0.0505836575875486,0.1556420233463035,0.1750972762645914,0.11284046692607,0.0583657587548638,0.4163424124513619,0.77431906614786,0.3463035019455253,0.4280155642023346,0.6757217898832685,0.1749665369649805,0.0296112840466926,0.0364867704280155,0.0832151750972762,0.1604793774319066,0.6248832684824903,0.2146392996108949,0.0541599221789883,1.0,-0.08487587548638138,-0.0070168126608862,-0.0017500612795954,0.0033556899700895
2024-10-11,0.0094791786721582,0.009389032582075,0.0127856662614102,12,332420800.0,2.439790220108556,-0.0045722505838844,0.1655172413793103,0.4517241379310345,0.0620689655172413,0.1620689655172413,0.1655172413793103,0.1379310344827586,0.1206896551724138,0.5620689655172414,0.9758620689655172,0.3724137931034483,0.603448275862069,0.6707493103448277,0.1405424137931034,0.0422062068965517,0.0516010344827586,0.0948972413793103,0.1145003448275862,0.6959920689655172,0.1895065517241379,0.0750062068965517,1,0.1469816272965879,0.4199475065616798,0.0787401574803149,0.2152230971128609,0.2729658792650918,0.1469816272965879,0.1102362204724409,0.6902887139107612,1.2257217847769029,0.4015748031496063,0.8241469816272966,0.6543207349081365,0.1544608923884514,0.0316934383202099,0.0535354330708661,0.1059845144356955,0.102750656167979,0.6086695538057743,0.2885787401574803,0.1858280839895013,1.0,-0.02663438320209971,0.0083943052003589,0.0059881602030469,-0.0224558630602073
2024-10-14,0.0227109522670738,0.0282539378456324,0.0214932263148604,12,381453500.0,2.495200179339115,0.0094791786721582,0.1543756029771444,0.3699304627302219,0.0820192374776066,0.2378072039712518,0.2605403245989907,0.1474768895814976,0.1214721553047439,0.5431125313907398,0.9694988035883636,0.418354798822796,0.5511440047655675,0.6364830838331059,0.1980941502878312,0.0402899157887043,0.0349051729406357,0.0902218047721619,0.1338569040771561,0.7058227594476464,0.1603192233865871,0.0264623193094309,3,0.1655172413793103,0.4517241379310345,0.0620689655172413,0.1620689655172413,0.1655172413793103,0.1379310344827586,0.1206896551724138,0.5620689655172414,0.9758620689655172,0.3724137931034483,0.603448275862069,0.6707493103448277,0.1405424137931034,0.0422062068965517,0.0516010344827586,0.0948972413793103,0.1145003448275862,0.6959920689655172,0.1895065517241379,0.0750062068965517,1.0,-0.036250344827586184,0.0184318478219636,0.0081784513340124,-0.037145569674535
2024-10-15,-0.0630008382357827,-0.0419828030019477,0.0556132404622194,12,662801700.0,2.338000476474676,0.0227109522670738,0.1444444444444444,0.4333333333333333,0.0611111111111111,0.1666666666666666,0.1055555555555555,0.1555555555555555,0.1,0.4,0.6944444444444444,0.4388888888888889,0.2555555555555555,0.6889627777777778,0.1772166666666666,0.0308288888888888,0.0316016666666666,0.0713955555555555,0.1437505555555555,0.6917644444444444,0.1644894444444444,0.0207388888888888,1,0.1543756029771444,0.3699304627302219,0.0820192374776066,0.2378072039712518,0.2605403245989907,0.1474768895814976,0.1214721553047439,0.5431125313907398,0.9694988035883636,0.418354798822796,0.5511440047655675,0.6364830838331059,0.1980941502878312,0.0402899157887043,0.0349051729406357,0.0902218047721619,0.1338569040771561,0.7058227594476464,0.1603192233865871,0.0264623193094309,3.0,-0.1132570883637379,-0.0518764907660407,-0.0077696278185275,0.0477156644824783
2024-10-16,-0.0068716522728848,-0.009124019262549,0.0320777620388064,12,478902400.0,2.3219345501865023,-0.0630008382357827,0.1616161616161616,0.4343434343434343,0.0707070707070707,0.207070707070707,0.2222222222222222,0.207070707070707,0.1590909090909091,0.5909090909090909,0.9823232323232324,0.5252525252525253,0.457070707070707,0.6100111111111112,0.2106391414141414,0.0414169191919191,0.0388070707070707,0.0991227272727272,0.2096540404040404,0.5797131313131313,0.2106333333333333,0.0009792929292929,1,0.1444444444444444,0.4333333333333333,0.0611111111111111,0.1666666666666666,0.1055555555555555,0.1555555555555555,0.1,0.4,0.6944444444444444,0.4388888888888889,0.2555555555555555,0.6889627777777778,0.1772166666666666,0.0308288888888888,0.0316016666666666,0.0713955555555555,0.1437505555555555,0.6917644444444444,0.1644894444444444,0.0207388888888888,1.0,-0.1050483333333333,0.0,0.0043464973089029,-0.0513565647910825
2024-10-17,0.0106686848066196,0.003297795205175,0.0321514872253019,12,552723500.0,2.3467065380440424,-0.0068716522728848,0.1973684210526315,0.4440789473684211,0.0822368421052631,0.2203947368421052,0.1973684210526315,0.194078947368421,0.1282894736842105,0.5,0.9013157894736842,0.4703947368421052,0.4309210526315789,0.6556786184210527,0.160475,0.0409608552631578,0.0473157894736842,0.095572697368421,0.1728697368421052,0.6633430921052631,0.1637815789473684,-0.0090881578947368,1,0.1616161616161616,0.4343434343434343,0.0707070707070707,0.207070707070707,0.2222222222222222,0.207070707070707,0.1590909090909091,0.5909090909090909,0.9823232323232324,0.5252525252525253,0.457070707070707,0.6100111111111112,0.2106391414141414,0.0414169191919191,0.0388070707070707,0.0991227272727272,0.2096540404040404,0.5797131313131313,0.2106333333333333,0.0009792929292929,1.0,-0.11412626262626259,0.0078727997241845,8.56767013679427e-05,-0.0240040508266524
2024-10-18,0.0029070076083242,-0.000901473912337,0.0148823116242385,12,337862600.0,2.3535284318046403,0.0106686848066196,0.1040268456375839,0.412751677852349,0.0704697986577181,0.1577181208053691,0.2046979865771812,0.1308724832214765,0.0906040268456375,0.5637583892617449,0.8859060402684564,0.3724832214765101,0.5134228187919463,0.6016486577181208,0.220648322147651,0.0402748322147651,0.0426335570469798,0.0947946308724832,0.1526862416107382,0.6775805369127517,0.1697318791946308,0.0170456375838926,1,0.1973684210526315,0.4440789473684211,0.0822368421052631,0.2203947368421052,0.1973684210526315,0.194078947368421,0.1282894736842105,0.5,0.9013157894736842,0.4703947368421052,0.4309210526315789,0.6556786184210527,0.160475,0.0409608552631578,0.0473157894736842,0.095572697368421,0.1728697368421052,0.6633430921052631,0.1637815789473684,-0.0090881578947368,1.0,-0.0585473684210526,0.0009164822993981,0.0038466930239535,-0.056514907860392
2024-10-21,0.0023425002422133,0.0002779478641358,0.0171790369216824,12,409330700.0,2.3590415727261984,0.0029070076083242,0.1713382148026817,0.362126170501805,0.0826012678804556,0.1952689865126412,0.1404551455312876,0.1609305457655711,0.1052737448676534,0.4132443275844291,0.696889193716605,0.3679419142617111,0.3289472794548936,0.6332651024278879,0.1945952430888343,0.0371370880247783,0.041156205962678,0.093848011682339,0.1377607446346659,0.7112709966816883,0.1509687534687534,0.0132080088340875,3,0.1040268456375839,0.412751677852349,0.0704697986577181,0.1577181208053691,0.2046979865771812,0.1308724832214765,0.0906040268456375,0.5637583892617449,0.8859060402684564,0.3724832214765101,0.5134228187919463,0.6016486577181208,0.220648322147651,0.0402748322147651,0.0426335570469798,0.0947946308724832,0.1526862416107382,0.6775805369127517,0.1697318791946308,0.0170456375838926,1.0,-0.12349496644295313,-0.0018747284443662,-0.0016423109811971,0.0188574675340817
2024-10-22,-0.0028771099334409,-0.004314756098088,0.0148768327905442,12,387478300.0,2.3522543507839075,0.0023425002422133,0.1423487544483986,0.3594306049822064,0.0640569395017793,0.1814946619217081,0.1814946619217081,0.1138790035587188,0.1032028469750889,0.494661921708185,0.7793594306049823,0.3380782918149466,0.4412811387900356,0.6728935943060498,0.1600612099644128,0.0345128113879003,0.0411829181494661,0.0913505338078291,0.1341437722419929,0.6805846975088968,0.1852718861209964,0.0511281138790035,1,0.1713382148026817,0.362126170501805,0.0826012678804556,0.1952689865126412,0.1404551455312876,0.1609305457655711,0.1052737448676534,0.4132443275844291,0.696889193716605,0.3679419142617111,0.3289472794548936,0.6332651024278879,0.1945952430888343,0.0371370880247783,0.041156205962678,0.093848011682339,0.1377607446346659,0.7112709966816883,0.1509687534687534,0.0132080088340875,3.0,-0.09672811346859561,-0.0037129082524051,-0.000531198659889,-0.0092542225654596
2024-10-23,-0.0154889612866258,-0.0176419599154203,0.0145633896571091,12,456316200.0,2.315820374208318,-0.0028771099334409,0.1357466063348416,0.2805429864253393,0.0723981900452488,0.1085972850678733,0.1312217194570135,0.1447963800904977,0.0995475113122171,0.3710407239819004,0.7285067873303167,0.3122171945701357,0.416289592760181,0.671366515837104,0.1783651583710407,0.0352972850678733,0.0332615384615384,0.0817049773755656,0.1260796380090497,0.7247457013574661,0.1491683257918552,0.0230886877828054,1,0.1423487544483986,0.3594306049822064,0.0640569395017793,0.1814946619217081,0.1814946619217081,0.1138790035587188,0.1032028469750889,0.494661921708185,0.7793594306049823,0.3380782918149466,0.4412811387900356,0.6728935943060498,0.1600612099644128,0.0345128113879003,0.0411829181494661,0.0913505338078291,0.1341437722419929,0.6805846975088968,0.1852718861209964,0.0511281138790035,1.0,-0.0620405693950179,-0.0089442832872008,-0.0091373190288617,0.0571428002517699
2024-10-24,0.0073599037385406,0.0046065923608857,0.0166568557801571,12,322631000.0,2.3328645892382425,-0.0154889612866258,0.2379679144385026,0.4224598930481283,0.1791443850267379,0.3636363636363636,0.1764705882352941,0.2192513368983957,0.1256684491978609,0.516042780748663,1.018716577540107,0.5561497326203209,0.4625668449197861,0.6679114973262033,0.167531550802139,0.0376288770053475,0.0483403743315508,0.0785885026737967,0.2058516042780748,0.5848909090909091,0.2092625668449197,0.0034109625668449,1,0.1357466063348416,0.2805429864253393,0.0723981900452488,0.1085972850678733,0.1312217194570135,0.1447963800904977,0.0995475113122171,0.3710407239819004,0.7285067873303167,0.3122171945701357,0.416289592760181,0.671366515837104,0.1783651583710407,0.0352972850678733,0.0332615384615384,0.0817049773755656,0.1260796380090497,0.7247457013574661,0.1491683257918552,0.0230886877828054,1.0,-0.09869592760181,0.005574209987549,0.0021627269277775,-0.0083160004841731
2024-10-25,0.0115864855062511,0.0116409375693685,0.0080374993205866,12,382248900.0,2.359894290989497,0.0073599037385406,0.1666666666666666,0.3914728682170542,0.065891472868217,0.1744186046511628,0.1782945736434108,0.1472868217054263,0.1046511627906976,0.4457364341085271,0.8992248062015504,0.3953488372093023,0.5038759689922481,0.6381112403100775,0.2002441860465116,0.0392713178294573,0.0411426356589147,0.0812282945736434,0.1433488372093023,0.6267748062015503,0.2298767441860465,0.0865279069767441,1,0.2379679144385026,0.4224598930481283,0.1791443850267379,0.3636363636363636,0.1764705882352941,0.2192513368983957,0.1256684491978609,0.516042780748663,1.018716577540107,0.5561497326203209,0.4625668449197861,0.6679114973262033,0.167531550802139,0.0376288770053475,0.0483403743315508,0.0785885026737967,0.2058516042780748,0.5848909090909091,0.2092625668449197,0.0034109625668449,1.0,-0.078231550802139,0.0100308328306093,-0.0003453753489953,0.0655136270963465
2024-10-28,-0.0032797691120815,-0.0049752715270432,0.0195341058095604,12,325412400.0,2.3521543825861326,0.0115864855062511,0.1110918264555432,0.3206713095201755,0.0548725250349231,0.1743281744456993,0.1276608827236135,0.150002107745018,0.1109792437992321,0.4353300946740916,0.756258403724749,0.3406305646285499,0.4156278390961989,0.6456298956375492,0.1941029838037965,0.037617761429429,0.0373373864761264,0.0853109734874748,0.1431175337784309,0.7192164916511493,0.1376630875484599,-0.0054544462299709,3,0.1666666666666666,0.3914728682170542,0.065891472868217,0.1744186046511628,0.1782945736434108,0.1472868217054263,0.1046511627906976,0.4457364341085271,0.8992248062015504,0.3953488372093023,0.5038759689922481,0.6381112403100775,0.2002441860465116,0.0392713178294573,0.0411426356589147,0.0812282945736434,0.1433488372093023,0.6267748062015503,0.2298767441860465,0.0865279069767441,1.0,-0.1171445736434108,0.0006098884981349,0.0030915335564385,-0.0260698813888087
2024-10-29,0.0217533123763838,0.0195433344852263,0.0140064053836776,12,403196800.0,2.4033215316280088,-0.0032797691120815,0.1234567901234567,0.5102880658436214,0.0493827160493827,0.1893004115226337,0.2263374485596707,0.1358024691358024,0.1440329218106996,0.4444444444444444,0.757201646090535,0.3703703703703703,0.3868312757201646,0.6476794238683128,0.1700497942386831,0.0397395061728395,0.0501629629629629,0.0923646090534979,0.1384399176954732,0.6299514403292181,0.2316123456790123,0.093172427983539,1,0.1110918264555432,0.3206713095201755,0.0548725250349231,0.1743281744456993,0.1276608827236135,0.150002107745018,0.1109792437992321,0.4353300946740916,0.756258403724749,0.3406305646285499,0.4156278390961989,0.6456298956375492,0.1941029838037965,0.037617761429429,0.0373373864761264,0.0853109734874748,0.1431175337784309,0.7192164916511493,0.1376630875484599,-0.0054544462299709,3.0,-0.10907238526962432,0.0245949934754488,0.0016182855030435,-0.0232322778887614
2024-10-30,-0.0318364481344585,-0.0248713325283372,0.0266401728259931,12,399209600.0,2.326808310335906,0.0217533123763838,0.123015873015873,0.3888888888888889,0.0555555555555555,0.119047619047619,0.2023809523809523,0.0992063492063492,0.0873015873015873,0.5714285714285714,1.0158730158730158,0.3134920634920635,0.7023809523809523,0.6168297619047619,0.187715873015873,0.0423099206349206,0.0511119047619047,0.102029365079365,0.1572809523809523,0.6553928571428571,0.1873218253968254,0.030040873015873,1,0.1234567901234567,0.5102880658436214,0.0493827160493827,0.1893004115226337,0.2263374485596707,0.1358024691358024,0.1440329218106996,0.4444444444444444,0.757201646090535,0.3703703703703703,0.3868312757201646,0.6476794238683128,0.1700497942386831,0.0397395061728395,0.0501629629629629,0.0923646090534979,0.1384399176954732,0.6299514403292181,0.2316123456790123,0.093172427983539,1.0,-0.06726172839506181,-0.0352635227850589,-0.0030251245419649,0.0522233826738975
2024-10-31,-0.0314019670563033,-0.0314862417408815,0.0094045689889309,12,532177400.0,2.253741952428405,-0.0318364481344585,0.1638795986622073,0.3678929765886287,0.0635451505016722,0.1304347826086956,0.1505016722408027,0.1471571906354515,0.1070234113712374,0.431438127090301,0.7625418060200669,0.3578595317725752,0.4046822742474916,0.6635434782608696,0.1795066889632107,0.0406508361204013,0.0377642140468227,0.0785421404682274,0.1604227424749164,0.6829943143812709,0.1565792642140468,-0.0038434782608695,1,0.123015873015873,0.3888888888888889,0.0555555555555555,0.119047619047619,0.2023809523809523,0.0992063492063492,0.0873015873015873,0.5714285714285714,1.0158730158730158,0.3134920634920635,0.7023809523809523,0.6168297619047619,0.187715873015873,0.0423099206349206,0.0511119047619047,0.102029365079365,0.1572809523809523,0.6553928571428571,0.1873218253968254,0.030040873015873,1.0,-0.07688452380952392,-0.0387985940399566,-0.019603270710941,0.1380835092514842
2024-11-01,0.0157101039196772,0.0079827163749797,0.0265203353738211,12,509961000.0,2.2891484727091918,-0.0314019670563033,0.1044303797468354,0.3860759493670886,0.060126582278481,0.1329113924050632,0.1867088607594936,0.1329113924050632,0.1012658227848101,0.560126582278481,1.0949367088607596,0.3512658227848101,0.7436708860759493,0.6902132911392406,0.1444863924050632,0.0365778481012658,0.0423018987341772,0.0864224683544303,0.126934493670886,0.7196332278481012,0.1534303797468354,0.0264958860759493,1,0.1638795986622073,0.3678929765886287,0.0635451505016722,0.1304347826086956,0.1505016722408027,0.1471571906354515,0.1070234113712374,0.431438127090301,0.7625418060200669,0.3578595317725752,0.4046822742474916,0.6635434782608696,0.1795066889632107,0.0406508361204013,0.0377642140468227,0.0785421404682274,0.1604227424749164,0.6829943143812709,0.1565792642140468,-0.0038434782608695,1.0,-0.10385117056856191,0.0106295350756735,0.0042204506992948,-0.0552677329481301
2024-11-04,-0.0048583937266796,-0.0062476216143865,0.0112688650123357,12,367953000.0,2.2780268881299426,0.0157101039196772,0.2046631286960632,0.4570559374039256,0.0593933999247032,0.2360317440323653,0.1920900238439464,0.1717224004003559,0.0961572104961882,0.5279688352548381,1.0577769673621775,0.5060524249587478,0.5517245424034302,0.6474647450219922,0.1927242521933371,0.0369679038233954,0.0416156001604036,0.0812231713881706,0.1438612393813729,0.6838002982209446,0.1723377710451968,0.0284765316638238,3,0.1044303797468354,0.3860759493670886,0.060126582278481,0.1329113924050632,0.1867088607594936,0.1329113924050632,0.1012658227848101,0.560126582278481,1.0949367088607596,0.3512658227848101,0.7436708860759493,0.6902132911392406,0.1444863924050632,0.0365778481012658,0.0423018987341772,0.0864224683544303,0.126934493670886,0.7196332278481012,0.1534303797468354,0.0264958860759493,1.0,-0.05233987341772148,-0.0057576382540422,-0.0021539069142729,0.0045704015221827
2024-11-05,0.0227566616165351,0.0270007579891336,0.0121139403559359,12,312574000.0,2.329867175176484,-0.0048583937266796,0.1412429378531073,0.5310734463276836,0.0564971751412429,0.1751412429378531,0.2372881355932203,0.1299435028248587,0.0790960451977401,0.4463276836158192,1.11864406779661,0.3559322033898305,0.7627118644067796,0.6561870056497175,0.1679,0.0387745762711864,0.0427717514124293,0.0943666666666666,0.1040135593220338,0.7202564971751413,0.1757350282485875,0.0717214689265536,1,0.2046631286960632,0.4570559374039256,0.0593933999247032,0.2360317440323653,0.1920900238439464,0.1717224004003559,0.0961572104961882,0.5279688352548381,1.0577769673621775,0.5060524249587478,0.5517245424034302,0.6474647450219922,0.1927242521933371,0.0369679038233954,0.0416156001604036,0.0812231713881706,0.1438612393813729,0.6838002982209446,0.1723377710451968,0.0284765316638238,3.0,-0.10685338446815831,0.0116729675917715,0.0120918183990941,-0.0677888899977003
2024-11-06,0.0240237884303076,0.0283867834549966,0.0295287850205174,12,514865300.0,2.3858394112636425,0.0227566616165351,0.2596153846153846,0.5608974358974359,0.0961538461538461,0.2243589743589743,0.3141025641025641,0.1891025641025641,0.2532051282051282,0.5865384615384616,0.9839743589743588,0.4807692307692308,0.5032051282051282,0.6025538461538462,0.2066778846153846,0.0404217948717948,0.0496112179487179,0.1007365384615384,0.1464490384615384,0.631538141025641,0.222015064102564,0.0755660256410256,1,0.1412429378531073,0.5310734463276836,0.0564971751412429,0.1751412429378531,0.2372881355932203,0.1299435028248587,0.0790960451977401,0.4463276836158192,1.11864406779661,0.3559322033898305,0.7627118644067796,0.6561870056497175,0.1679,0.0387745762711864,0.0427717514124293,0.0943666666666666,0.1040135593220338,0.7202564971751413,0.1757350282485875,0.0717214689265536,1.0,-0.06953615819209048,0.029161245111577,0.0248655856782156,-0.2059540927522519
2024-11-07,0.0277018266594321,0.0281367291513952,0.0127047529983985,12,441300800.0,2.45193152107171,0.0240237884303076,0.125,0.3719512195121951,0.0701219512195122,0.1859756097560975,0.2225609756097561,0.1006097560975609,0.173780487804878,0.4634146341463415,0.945121951219512,0.3079268292682927,0.6371951219512195,0.6471341463414634,0.1722094512195121,0.0306600609756097,0.0446134146341463,0.105380487804878,0.100792987804878,0.7421746951219512,0.157027743902439,0.0562347560975609,1,0.2596153846153846,0.5608974358974359,0.0961538461538461,0.2243589743589743,0.3141025641025641,0.1891025641025641,0.2532051282051282,0.5865384615384616,0.9839743589743588,0.4807692307692308,0.5032051282051282,0.6025538461538462,0.2066778846153846,0.0404217948717948,0.0496112179487179,0.1007365384615384,0.1464490384615384,0.631538141025641,0.222015064102564,0.0755660256410256,1.0,-0.09675192307692311,0.0208461195846207,0.0077322711367893,-0.0657652500549227
2024-11-08,-0.0068521613399651,-0.009504886010944,0.00593567979293,12,353691000.0,2.4351304906947804,0.0277018266594321,0.1397849462365591,0.3548387096774194,0.07168458781362,0.2652329749103942,0.1827956989247312,0.1827956989247312,0.1827956989247312,0.4659498207885305,0.8566308243727598,0.4802867383512544,0.3763440860215054,0.6517587813620072,0.1807817204301075,0.0453268817204301,0.0409114695340501,0.0812250896057347,0.2031326164874552,0.5950777777777778,0.2017867383512544,-0.0013458781362007,1,0.125,0.3719512195121951,0.0701219512195122,0.1859756097560975,0.2225609756097561,0.1006097560975609,0.173780487804878,0.4634146341463415,0.945121951219512,0.3079268292682927,0.6371951219512195,0.6471341463414634,0.1722094512195121,0.0306600609756097,0.0446134146341463,0.105380487804878,0.100792987804878,0.7421746951219512,0.157027743902439,0.0562347560975609,1.0,-0.05287560975609748,-0.0074645492544633,0.0043316374029578,-0.0171052784305532
2024-11-11,-0.0215480769895097,-0.0219135857224596,0.0130806328771677,12,377685800.0,2.382658111401786,-0.0068521613399651,0.1546956922063429,0.3004649894523159,0.0916039124991094,0.1879668224778287,0.1661251454040499,0.1826151068138709,0.1689030376627238,0.4512219531122456,0.7732486739118697,0.4082835501175532,0.3649651237943164,0.6628897841135233,0.1818718643762393,0.042598726035288,0.0349186228682991,0.0777243456697946,0.1666052456557694,0.7031223492374453,0.1302749948882948,-0.0363302507674745,3,0.1397849462365591,0.3548387096774194,0.07168458781362,0.2652329749103942,0.1827956989247312,0.1827956989247312,0.1827956989247312,0.4659498207885305,0.8566308243727598,0.4802867383512544,0.3763440860215054,0.6517587813620072,0.1807817204301075,0.0453268817204301,0.0409114695340501,0.0812250896057347,0.2031326164874552,0.5950777777777778,0.2017867383512544,-0.0013458781362007,1.0,-0.1039720430107528,-0.0250260479988753,0.0009529298360098,0.0020080781451226
2024-11-12,-0.0127827041255261,-0.011045445505579,0.0178995130336711,12,379214100.0,2.352201297731453,-0.0215480769895097,0.1495601173020528,0.4750733137829912,0.0439882697947214,0.1612903225806451,0.2170087976539589,0.1642228739002932,0.1348973607038123,0.6158357771260997,1.0586510263929618,0.4252199413489736,0.6334310850439883,0.6784533724340176,0.1433536656891495,0.0389058651026393,0.049374780058651,0.089907624633431,0.1196882697947214,0.6952108504398827,0.1851061583577712,0.0654178885630498,1,0.1546956922063429,0.3004649894523159,0.0916039124991094,0.1879668224778287,0.1661251454040499,0.1826151068138709,0.1689030376627238,0.4512219531122456,0.7732486739118697,0.4082835501175532,0.3649651237943164,0.6628897841135233,0.1818718643762393,0.042598726035288,0.0349186228682991,0.0777243456697946,0.1666052456557694,0.7031223492374453,0.1302749948882948,-0.0363302507674745,3.0,-0.11182762187343362,-0.0109055928909546,-0.0031064472321096,-0.0173680844518407
2024-11-13,-0.0175515879989847,-0.0224545558983016,0.0193162499846048,12,376319100.0,2.3109164296629934,-0.0127827041255261,0.1526479750778816,0.3707165109034268,0.0841121495327102,0.1651090342679127,0.1838006230529595,0.1495327102803738,0.1308411214953271,0.4766355140186916,0.9532710280373832,0.3644859813084112,0.5887850467289719,0.6529411214953271,0.1769286604361371,0.0391118380062305,0.0436859813084112,0.0873314641744548,0.1704196261682243,0.6528239875389408,0.1767526479750779,0.0063330218068535,1,0.1495601173020528,0.4750733137829912,0.0439882697947214,0.1612903225806451,0.2170087976539589,0.1642228739002932,0.1348973607038123,0.6158357771260997,1.0586510263929618,0.4252199413489736,0.6334310850439883,0.6784533724340176,0.1433536656891495,0.0389058651026393,0.049374780058651,0.089907624633431,0.1196882697947214,0.6952108504398827,0.1851061583577712,0.0654178885630498,1.0,-0.0429771260997068,-0.0212451849930401,0.0004857694632012,-0.0469068374299079
2024-11-14,0.0064684652547176,0.0057043688893451,0.0130862759874456,12,367430300.0,2.3258645122948245,-0.0175515879989847,0.1637931034482758,0.3620689655172414,0.0732758620689655,0.2241379310344827,0.1767241379310344,0.1853448275862069,0.125,0.4525862068965517,0.9051724137931034,0.4913793103448275,0.4137931034482758,0.6550905172413792,0.1854112068965517,0.0413125,0.0399556034482758,0.0782241379310344,0.178575,0.638175,0.1832512931034482,0.0046762931034482,1,0.1526479750778816,0.3707165109034268,0.0841121495327102,0.1651090342679127,0.1838006230529595,0.1495327102803738,0.1308411214953271,0.4766355140186916,0.9532710280373832,0.3644859813084112,0.5887850467289719,0.6529411214953271,0.1769286604361371,0.0391118380062305,0.0436859813084112,0.0873314641744548,0.1704196261682243,0.6528239875389408,0.1767526479750779,0.0063330218068535,1.0,-0.0850230529595016,-0.0005952864540137,-0.006430121185734,0.020684732695029
2024-11-15,-0.0389659404255528,-0.0320791595374923,0.0214682792371242,12,454023000.0,2.235235014270837,0.0064684652547176,0.1278688524590163,0.4622950819672131,0.0491803278688524,0.1540983606557377,0.2459016393442623,0.0983606557377049,0.1180327868852459,0.6098360655737705,1.0491803278688523,0.3344262295081967,0.7147540983606557,0.6255940983606557,0.1842849180327868,0.0433619672131147,0.0402629508196721,0.1065042622950819,0.1114363934426229,0.6419006557377049,0.2466639344262295,0.1352275409836065,1,0.1637931034482758,0.3620689655172414,0.0732758620689655,0.2241379310344827,0.1767241379310344,0.1853448275862069,0.125,0.4525862068965517,0.9051724137931034,0.4913793103448275,0.4137931034482758,0.6550905172413792,0.1854112068965517,0.0413125,0.0399556034482758,0.0782241379310344,0.178575,0.638175,0.1832512931034482,0.0046762931034482,1.0,-0.10854396551724149,-0.0322121766357564,-0.0128086055534601,0.1278825238553527
2024-11-18,0.0114808339202225,0.0104876178020354,0.0107192876319689,12,400235600.0,2.2608973762423465,-0.0389659404255528,0.1381318737592967,0.3559459869244818,0.0569738439432597,0.1644884010253969,0.1665921617179113,0.1231861007102068,0.1208078163924944,0.4541086165676112,0.7201298916465092,0.3685870267002842,0.3515428649462249,0.6356977635411741,0.1988083624826414,0.0394760195480099,0.0404894977041028,0.0855287980504203,0.1453496098932932,0.7091129113712425,0.145536546128303,0.0001869362350099,3,0.1278688524590163,0.4622950819672131,0.0491803278688524,0.1540983606557377,0.2459016393442623,0.0983606557377049,0.1180327868852459,0.6098360655737705,1.0491803278688523,0.3344262295081967,0.7147540983606557,0.6255940983606557,0.1842849180327868,0.0433619672131147,0.0402629508196721,0.1065042622950819,0.1114363934426229,0.6419006557377049,0.2466639344262295,0.1352275409836065,1.0,-0.0808796721311475,0.0129253808240281,0.0040973817062672,-0.0346963746666275
2024-11-19,0.001738471556736,-0.0003274758462151,0.017605114516045,12,385819100.0,2.2648278820236434,0.0114808339202225,0.1225961538461538,0.4471153846153846,0.0456730769230769,0.1658653846153846,0.2451923076923076,0.141826923076923,0.0865384615384615,0.5480769230769231,1.0841346153846154,0.3894230769230769,0.6947115384615384,0.6591478365384614,0.1714483173076923,0.0359338942307692,0.0377223557692307,0.0957449519230769,0.1107665865384615,0.6636786057692308,0.2255545673076923,0.1147879807692307,1,0.1381318737592967,0.3559459869244818,0.0569738439432597,0.1644884010253969,0.1665921617179113,0.1231861007102068,0.1208078163924944,0.4541086165676112,0.7201298916465092,0.3685870267002842,0.3515428649462249,0.6356977635411741,0.1988083624826414,0.0394760195480099,0.0404894977041028,0.0855287980504203,0.1453496098932932,0.7091129113712425,0.145536546128303,0.0001869362350099,3.0,-0.11226608627612818,0.001916561306783,0.0036554827170298,0.0494223659521373
2024-11-20,-0.0081172115467821,-0.0062698808721477,0.0187908933765691,12,466120300.0,2.2464437949882066,0.001738471556736,0.1388888888888889,0.3931623931623931,0.0619658119658119,0.1303418803418803,0.1923076923076923,0.1388888888888889,0.1474358974358974,0.5,1.017094017094017,0.3504273504273504,0.6666666666666666,0.6730685897435897,0.1479547008547008,0.0375014957264957,0.0499655982905982,0.0915106837606837,0.0807570512820512,0.6004826923076922,0.318759829059829,0.2380027777777777,1,0.1225961538461538,0.4471153846153846,0.0456730769230769,0.1658653846153846,0.2451923076923076,0.141826923076923,0.0865384615384615,0.5480769230769231,1.0841346153846154,0.3894230769230769,0.6947115384615384,0.6591478365384614,0.1714483173076923,0.0359338942307692,0.0377223557692307,0.0957449519230769,0.1107665865384615,0.6636786057692308,0.2255545673076923,0.1147879807692307,1.0,-0.0739149038461539,-0.0076510775832184,0.000338799059951,0.0495412505837244
2024-11-21,0.0210967642354162,0.0193808987247965,0.0155590536290536,12,598966500.0,2.2938364900991868,-0.0081172115467821,0.1786833855799373,0.4012539184952978,0.0815047021943573,0.1943573667711598,0.1912225705329153,0.1598746081504702,0.128526645768025,0.5517241379310345,1.0940438871473357,0.322884012539185,0.7711598746081505,0.6549310344827586,0.1669542319749216,0.0364479623824451,0.050069592476489,0.0915956112852664,0.1204783699059561,0.7078921630094044,0.1716288401253918,0.0511504702194357,1,0.1388888888888889,0.3931623931623931,0.0619658119658119,0.1303418803418803,0.1923076923076923,0.1388888888888889,0.1474358974358974,0.5,1.017094017094017,0.3504273504273504,0.6666666666666666,0.6730685897435897,0.1479547008547008,0.0375014957264957,0.0499655982905982,0.0915106837606837,0.0807570512820512,0.6004826923076922,0.318759829059829,0.2380027777777777,1.0,-0.04397991452991459,0.0158431676344101,0.0053682358092956,-0.0168997092515968
2024-11-22,-0.0021245264652583,-4.8267658124600014e-05,0.0110160864606021,12,361541700.0,2.288963173768996,0.0210967642354162,0.1843003412969283,0.3856655290102389,0.0921501706484641,0.2491467576791808,0.2150170648464164,0.2081911262798634,0.136518771331058,0.5324232081911263,0.9146757679180888,0.4982935153583617,0.4163822525597269,0.6048351535836177,0.2100597269624573,0.0434092150170648,0.044196928327645,0.0975027303754266,0.159919795221843,0.6615662116040956,0.1785153583617747,0.0185955631399317,1,0.1786833855799373,0.4012539184952978,0.0815047021943573,0.1943573667711598,0.1912225705329153,0.1598746081504702,0.128526645768025,0.5517241379310345,1.0940438871473357,0.322884012539185,0.7711598746081505,0.6549310344827586,0.1669542319749216,0.0364479623824451,0.050069592476489,0.0915956112852664,0.1204783699059561,0.7078921630094044,0.1716288401253918,0.0511504702194357,1.0,-0.0617369905956113,0.0004165054466069,0.0030995930279773,-0.0966212796103989
2024-11-25,0.0030614324688708,0.0104764683671344,0.0191838399145082,12,579303000.0,2.2959706799492223,-0.0021245264652583,0.1401365333246143,0.3565592055945694,0.0699336508257629,0.1819427117232087,0.1912467010179715,0.1392763032192342,0.1555752072538948,0.4890416237956523,0.9126823444305826,0.4288175126944181,0.4838648317361645,0.6246143475959706,0.1890156617820104,0.0409628882445038,0.0436565844343562,0.1017485147982056,0.1454281853972554,0.6799640012560739,0.1746094534631094,0.0291812680658539,3,0.1843003412969283,0.3856655290102389,0.0921501706484641,0.2491467576791808,0.2150170648464164,0.2081911262798634,0.136518771331058,0.5324232081911263,0.9146757679180888,0.4982935153583617,0.4163822525597269,0.6048351535836177,0.2100597269624573,0.0434092150170648,0.044196928327645,0.0975027303754266,0.159919795221843,0.6615662116040956,0.1785153583617747,0.0185955631399317,1.0,-0.1117692832764505,0.0097607921650355,0.0033918389294345,-0.0419947112375501
2024-11-26,-0.0121505041683289,-0.0128690714102209,0.0130977488665753,12,372520500.0,2.268073478632138,0.0030614324688708,0.2413793103448276,0.4323607427055703,0.129973474801061,0.1936339522546419,0.2148541114058355,0.1326259946949602,0.2705570291777188,0.5305039787798409,0.9442970822281168,0.53315649867374,0.4111405835543766,0.6672283819628647,0.1433838196286472,0.0470758620689655,0.0475999999999999,0.0947129973474801,0.1538220159151193,0.6478212201591512,0.1983557029177719,0.0445336870026525,1,0.1401365333246143,0.3565592055945694,0.0699336508257629,0.1819427117232087,0.1912467010179715,0.1392763032192342,0.1555752072538948,0.4890416237956523,0.9126823444305826,0.4288175126944181,0.4838648317361645,0.6246143475959706,0.1890156617820104,0.0409628882445038,0.0436565844343562,0.1017485147982056,0.1454281853972554,0.6799640012560739,0.1746094534631094,0.0291812680658539,3.0,-0.08457345079395243,-0.0129649713515364,0.0052214814604552,-0.0342465744476691
2024-11-27,-0.0152422430997524,-0.012977155620043,0.0119880566854045,12,386698400.0,2.2335029513027256,-0.0121505041683289,0.273037542662116,0.5085324232081911,0.1331058020477815,0.2457337883959044,0.2320819112627986,0.1774744027303754,0.1740614334470989,0.552901023890785,0.8771331058020477,0.5563139931740614,0.3208191126279863,0.6616003412969282,0.185,0.0420109215017064,0.0406853242320819,0.0707030716723549,0.163460409556314,0.7113679180887372,0.1251682593856655,-0.0382921501706484,1,0.2413793103448276,0.4323607427055703,0.129973474801061,0.1936339522546419,0.2148541114058355,0.1326259946949602,0.2705570291777188,0.5305039787798409,0.9442970822281168,0.53315649867374,0.4111405835543766,0.6672283819628647,0.1433838196286472,0.0470758620689655,0.0475999999999999,0.0947129973474801,0.1538220159151193,0.6478212201591512,0.1983557029177719,0.0445336870026525,1.0,-0.048146684350132724,-0.0134138949487209,-0.0030300601119489,0.0
2024-11-29,0.0182545153952957,0.0194693543669264,0.0094243298009966,12,259921100.0,2.27427446531272,-0.0152422430997524,0.245718774548311,0.4172820109976433,0.0871694160775071,0.1813563760146634,0.1630793401413982,0.1547525530243519,0.1645456925896831,0.4079340141398272,0.7547001832940561,0.4387797852841057,0.3159203980099502,0.6574533071484683,0.1787487300340403,0.0411909321811991,0.0342745875883738,0.0883321942916993,0.1037225399319193,0.7450058523173606,0.1512703639696255,0.0475478240377061,2,0.273037542662116,0.5085324232081911,0.1331058020477815,0.2457337883959044,0.2320819112627986,0.1774744027303754,0.1740614334470989,0.552901023890785,0.8771331058020477,0.5563139931740614,0.3208191126279863,0.6616003412969282,0.185,0.0420109215017064,0.0406853242320819,0.0707030716723549,0.163460409556314,0.7113679180887372,0.1251682593856655,-0.0382921501706484,1.0,-0.1156225255972696,0.013360953534508,0.0062121692989396,-0.0418439813209701
2024-12-02,0.0308455416474134,0.0324692321959511,0.0208417379290602,12,470088700.0,2.344425693050172,0.0182545153952957,0.2010934114288672,0.4486479340921024,0.0902014879565741,0.2303088323386506,0.1919098647379435,0.1680110413477396,0.1647653066506925,0.5175241645035091,0.9963829787234044,0.5162992626775823,0.4800837160458219,0.6513617679653008,0.1623627120412071,0.0364466698614839,0.0449752650958814,0.1048568713938129,0.142047997552119,0.6473233513855301,0.2106265781768833,0.0685785806247642,3,0.245718774548311,0.4172820109976433,0.0871694160775071,0.1813563760146634,0.1630793401413982,0.1547525530243519,0.1645456925896831,0.4079340141398272,0.7547001832940561,0.4387797852841057,0.3159203980099502,0.6574533071484683,0.1787487300340403,0.0411909321811991,0.0342745875883738,0.0883321942916993,0.1037225399319193,0.7450058523173606,0.1512703639696255,0.0475478240377061,2.0,-0.09733288033516628,0.0262767114763042,0.0017923617528994,-0.0125832770846677
2024-12-03,-0.0008597759322524,-0.0005142323243499,0.020995162068921,12,427786600.0,2.342410012264333,0.0308455416474134,0.216,0.376,0.104,0.204,0.208,0.128,0.184,0.432,0.78,0.424,0.356,0.6787072000000001,0.12567,0.0300896,0.0661992,0.0993384,0.1309092,0.6809708000000001,0.1881256,0.0572164,1,0.2010934114288672,0.4486479340921024,0.0902014879565741,0.2303088323386506,0.1919098647379435,0.1680110413477396,0.1647653066506925,0.5175241645035091,0.9963829787234044,0.5162992626775823,0.4800837160458219,0.6513617679653008,0.1623627120412071,0.0364466698614839,0.0449752650958814,0.1048568713938129,0.142047997552119,0.6473233513855301,0.2106265781768833,0.0685785806247642,3.0,-0.04897724541299672,-0.0056544330898934,0.0004638854809093,-0.0029984978557341
2024-12-04,0.0259373631419928,0.0068623702147674,0.0668734836807422,12,508538200.0,2.403165951379873,-0.0008597759322524,0.2377049180327868,0.4549180327868852,0.1229508196721311,0.2336065573770492,0.1598360655737705,0.2049180327868852,0.2295081967213114,0.6680327868852459,1.102459016393443,0.4795081967213114,0.6229508196721312,0.6092180327868852,0.2205008196721311,0.0462766393442622,0.0437045081967213,0.0803,0.212783606557377,0.6312463114754099,0.1559704918032787,-0.0568131147540983,1,0.216,0.376,0.104,0.204,0.208,0.128,0.184,0.432,0.78,0.424,0.356,0.6787072000000001,0.12567,0.0300896,0.0661992,0.0993384,0.1309092,0.6809708000000001,0.1881256,0.0572164,1.0,0.009778000000000009,0.0132386946617217,0.0062093973344559,0.0112781666450476
2024-12-05,-0.0222144401875791,-0.0204213366076575,0.0219321693884121,12,470272200.0,2.349780965092118,0.0259373631419928,0.1563517915309446,0.6058631921824105,0.0944625407166123,0.1661237785016286,0.250814332247557,0.1368078175895765,0.1270358306188925,0.5830618892508144,1.0879478827361564,0.4039087947882736,0.6840390879478827,0.6572133550488599,0.1800840390879479,0.0368876221498371,0.0507631921824104,0.0750563517915309,0.1518625407166123,0.7010576547231271,0.1470811074918566,-0.0047814332247556,1,0.2377049180327868,0.4549180327868852,0.1229508196721311,0.2336065573770492,0.1598360655737705,0.2049180327868852,0.2295081967213114,0.6680327868852459,1.102459016393443,0.4795081967213114,0.6229508196721312,0.6092180327868852,0.2205008196721311,0.0462766393442622,0.0437045081967213,0.0803,0.212783606557377,0.6312463114754099,0.1559704918032787,-0.0568131147540983,1.0,-0.142772950819672,-0.0189026644228392,-0.001645498283136,0.0066914612538429
2024-12-06,0.0035995725630675,0.0021044533885264,0.0189597358973808,12,390673400.0,2.358239172183282,-0.0222144401875791,0.1818181818181818,0.4454545454545454,0.109090909090909,0.2227272727272727,0.2409090909090909,0.1863636363636363,0.1681818181818181,0.7045454545454546,1.3818181818181818,0.4909090909090909,0.8909090909090909,0.6827704545454545,0.1425936363636363,0.0337240909090909,0.0479018181818181,0.0930159090909091,0.0977295454545454,0.6275636363636363,0.2747072727272727,0.1769777272727272,1,0.1563517915309446,0.6058631921824105,0.0944625407166123,0.1661237785016286,0.250814332247557,0.1368078175895765,0.1270358306188925,0.5830618892508144,1.0879478827361564,0.4039087947882736,0.6840390879478827,0.6572133550488599,0.1800840390879479,0.0368876221498371,0.0507631921824104,0.0750563517915309,0.1518625407166123,0.7010576547231271,0.1470811074918566,-0.0047814332247556,1.0,-0.0911521172638437,0.0060408828923053,0.0018956365539355,-0.0568685012007914
2024-12-09,-0.0112077525836572,-0.0043639837189702,0.0242134899768173,12,407782400.0,2.331808611008363,0.0035995725630675,0.142171693639404,0.4076559086343822,0.079864152662587,0.2072313857049668,0.1866989718261733,0.1732419401043015,0.1073387244293962,0.4664140237525755,0.9234305594383873,0.4717140026989994,0.4517165567393877,0.6053486549525949,0.1972292793809558,0.0453125192157024,0.0441955340187825,0.1079129881927402,0.164861565626758,0.6355115315613816,0.1996288650741879,0.0347672994474299,3,0.1818181818181818,0.4454545454545454,0.109090909090909,0.2227272727272727,0.2409090909090909,0.1863636363636363,0.1681818181818181,0.7045454545454546,1.3818181818181818,0.4909090909090909,0.8909090909090909,0.6827704545454545,0.1425936363636363,0.0337240909090909,0.0479018181818181,0.0930159090909091,0.0977295454545454,0.6275636363636363,0.2747072727272727,0.1769777272727272,1.0,-0.035400000000000015,-0.0048219440874177,-0.0051497285097474,0.1111980479026784
2024-12-10,-0.0252778806080172,-0.0267851348080543,0.0133445067580642,12,449117600.0,2.2728654313385475,-0.0112077525836572,0.1365313653136531,0.3136531365313653,0.03690036900369,0.1217712177121771,0.1881918819188192,0.1107011070110701,0.0996309963099631,0.4797047970479705,1.022140221402214,0.3284132841328413,0.6937269372693727,0.6801014760147601,0.1555195571955719,0.0338487084870848,0.0513940959409594,0.0791383763837638,0.1237136531365313,0.6595081180811808,0.2167819188191882,0.0930682656826568,1,0.142171693639404,0.4076559086343822,0.079864152662587,0.2072313857049668,0.1866989718261733,0.1732419401043015,0.1073387244293962,0.4664140237525755,0.9234305594383873,0.4717140026989994,0.4517165567393877,0.6053486549525949,0.1972292793809558,0.0453125192157024,0.0441955340187825,0.1079129881927402,0.164861565626758,0.6355115315613816,0.1996288650741879,0.0347672994474299,3.0,-0.09043327638513549,-0.0237691878937063,-0.0031089136988243,-0.0007046705780979
2024-12-11,0.0266757774294997,0.0202027022012159,0.0190312821852955,12,416294900.0,2.3334958837121382,-0.0252778806080172,0.2027649769585253,0.4331797235023041,0.0967741935483871,0.2442396313364055,0.1797235023041474,0.1658986175115207,0.1658986175115207,0.4193548387096774,0.8525345622119815,0.4838709677419355,0.3686635944700461,0.676463594470046,0.161463133640553,0.0375506912442396,0.0500981566820276,0.0744253456221198,0.1896539170506912,0.6323663594470046,0.1779801843317972,-0.011673732718894,1,0.1365313653136531,0.3136531365313653,0.03690036900369,0.1217712177121771,0.1881918819188192,0.1107011070110701,0.0996309963099631,0.4797047970479705,1.022140221402214,0.3284132841328413,0.6937269372693727,0.6801014760147601,0.1555195571955719,0.0338487084870848,0.0513940959409594,0.0791383763837638,0.1237136531365313,0.6595081180811808,0.2167819188191882,0.0930682656826568,1.0,-0.058835793357933486,0.0251439208009436,0.0077305599170185,-0.0423131430576008
2024-12-12,-0.0103669713971832,-0.01249530442633,0.0181192806460333,12,377723900.0,2.30930459863025,0.0266757774294997,0.1407766990291262,0.4053398058252427,0.058252427184466,0.1990291262135922,0.1941747572815534,0.1432038834951456,0.1577669902912621,0.5266990291262136,1.0266990291262137,0.4660194174757281,0.5606796116504854,0.5727468446601942,0.2126769417475728,0.042857281553398,0.0511186893203883,0.120598786407767,0.1720152912621359,0.5953446601941748,0.2326415048543689,0.060626213592233,1,0.2027649769585253,0.4331797235023041,0.0967741935483871,0.2442396313364055,0.1797235023041474,0.1658986175115207,0.1658986175115207,0.4193548387096774,0.8525345622119815,0.4838709677419355,0.3686635944700461,0.676463594470046,0.161463133640553,0.0375506912442396,0.0500981566820276,0.0744253456221198,0.1896539170506912,0.6323663594470046,0.1779801843317972,-0.011673732718894,1.0,-0.0744903225806452,-0.0077646487334895,-0.0051525931159457,0.0250368302281331
2024-12-13,0.0337168220421236,0.0083408788010187,0.0763192302588596,12,585301800.0,2.3871670108233234,-0.0103669713971832,0.1636363636363636,0.3781818181818182,0.1054545454545454,0.2145454545454545,0.2327272727272727,0.1672727272727272,0.1272727272727272,0.5527272727272727,0.9527272727272728,0.3854545454545454,0.5672727272727273,0.6246363636363637,0.196648,0.0357101818181818,0.0364436363636363,0.1065647272727272,0.163576,0.6349363636363636,0.2014861818181818,0.0379101818181818,1,0.1407766990291262,0.4053398058252427,0.058252427184466,0.1990291262135922,0.1941747572815534,0.1432038834951456,0.1577669902912621,0.5266990291262136,1.0266990291262137,0.4660194174757281,0.5606796116504854,0.5727468446601942,0.2126769417475728,0.042857281553398,0.0511186893203883,0.120598786407767,0.1720152912621359,0.5953446601941748,0.2326415048543689,0.060626213592233,1.0,-0.08381674757281549,0.027895445406761,-0.0001986218195321,-0.0079022741432722
2024-12-16,0.0199194714647911,0.0057038871737575,0.0349653804420484,12,579029500.0,2.4347181159771094,0.0337168220421236,0.1774373088275373,0.384714600797637,0.0714815980699813,0.2028261796557036,0.2053321092113291,0.1705204184340271,0.1233399262126458,0.4625996037403041,0.8372202298182588,0.4095891617803968,0.4276310680378619,0.6286516788572251,0.1773799111858956,0.0351296218290765,0.0428109153712319,0.1160251476923462,0.1617593466162935,0.6496627386295157,0.1885797733107399,0.0268204266944463,3,0.1636363636363636,0.3781818181818182,0.1054545454545454,0.2145454545454545,0.2327272727272727,0.1672727272727272,0.1272727272727272,0.5527272727272727,0.9527272727272728,0.3854545454545454,0.5672727272727273,0.6246363636363637,0.196648,0.0357101818181818,0.0364436363636363,0.1065647272727272,0.163576,0.6349363636363636,0.2014861818181818,0.0379101818181818,1.0,-0.08934981818181831,0.0185399772246013,0.0042699835559463,0.0637218779165704
2024-12-17,-0.0139101495676417,-0.0048097274295975,0.0307181291323401,12,535200200.0,2.400850822828821,0.0199194714647911,0.128440366972477,0.290519877675841,0.0489296636085626,0.1681957186544342,0.1651376146788991,0.1406727828746177,0.1162079510703364,0.4831804281345566,0.8440366972477065,0.3792048929663608,0.4648318042813456,0.6566996941896025,0.1691755351681957,0.0344256880733945,0.0496159021406727,0.0900782874617737,0.145560244648318,0.6903360856269113,0.1641039755351682,0.0185437308868501,1,0.1774373088275373,0.384714600797637,0.0714815980699813,0.2028261796557036,0.2053321092113291,0.1705204184340271,0.1233399262126458,0.4625996037403041,0.8372202298182588,0.4095891617803968,0.4276310680378619,0.6286516788572251,0.1773799111858956,0.0351296218290765,0.0428109153712319,0.1160251476923462,0.1617593466162935,0.6496627386295157,0.1885797733107399,0.0268204266944463,3.0,-0.05367346995139399,-0.0141446600214791,-0.0041200529722559,0.0803267759620312
2024-12-18,-0.0372656980621566,-0.0321907423640225,0.0172557751159681,12,607871300.0,2.311381440973002,-0.0139101495676417,0.1482479784366576,0.4177897574123989,0.0727762803234501,0.2237196765498652,0.2318059299191374,0.1428571428571428,0.0943396226415094,0.568733153638814,1.1428571428571428,0.4097035040431266,0.7331536388140162,0.6576485175202157,0.1420153638814016,0.0371377358490566,0.055633153638814,0.107565498652291,0.1315175202156334,0.6110622641509434,0.2574188679245283,0.1259013477088948,1,0.128440366972477,0.290519877675841,0.0489296636085626,0.1681957186544342,0.1651376146788991,0.1406727828746177,0.1162079510703364,0.4831804281345566,0.8440366972477065,0.3792048929663608,0.4648318042813456,0.6566996941896025,0.1691755351681957,0.0344256880733945,0.0496159021406727,0.0900782874617737,0.145560244648318,0.6903360856269113,0.1641039755351682,0.0185437308868501,1.0,-0.0639070336391438,-0.0369857796663892,-0.0298034737065155,0.7403907396600702
2024-12-19,-0.0245347235031014,-0.0154664908699855,0.0483263853110943,12,527121200.0,2.2546723364085293,-0.0372656980621566,0.1390728476821192,0.3741721854304636,0.0596026490066225,0.1920529801324503,0.1788079470198675,0.1754966887417218,0.1225165562913907,0.4403973509933774,0.8410596026490066,0.3311258278145695,0.5099337748344371,0.5737854304635761,0.2059543046357616,0.0505715231788079,0.0487102649006622,0.1209804635761589,0.180623178807947,0.6390837748344371,0.1802913907284768,-0.0003317880794701,1,0.1482479784366576,0.4177897574123989,0.0727762803234501,0.2237196765498652,0.2318059299191374,0.1428571428571428,0.0943396226415094,0.568733153638814,1.1428571428571428,0.4097035040431266,0.7331536388140162,0.6576485175202157,0.1420153638814016,0.0371377358490566,0.055633153638814,0.107565498652291,0.1315175202156334,0.6110622641509434,0.2574188679245283,0.1259013477088948,1.0,-0.015954447439353203,-0.0167910490340397,-0.0003072112624772,-0.1278059587033482
2024-12-20,0.0154731832497043,0.0132607654365097,0.0117667698009248,12,762476300.0,2.2895592946378174,-0.0245347235031014,0.2702702702702703,0.527027027027027,0.0743243243243243,0.2263513513513513,0.2567567567567567,0.1959459459459459,0.1351351351351351,0.5405405405405406,1.108108108108108,0.4222972972972973,0.6858108108108109,0.6276956081081081,0.16915,0.0376594594594594,0.0563229729729729,0.109164527027027,0.1567067567567567,0.5845266891891893,0.2587719594594594,0.1020652027027027,1,0.1390728476821192,0.3741721854304636,0.0596026490066225,0.1920529801324503,0.1788079470198675,0.1754966887417218,0.1225165562913907,0.4403973509933774,0.8410596026490066,0.3311258278145695,0.5099337748344371,0.5737854304635761,0.2059543046357616,0.0505715231788079,0.0487102649006622,0.1209804635761589,0.180623178807947,0.6390837748344371,0.1802913907284768,-0.0003317880794701,1.0,-0.08683509933774838,0.0134453100019671,0.0120111041336905,-0.2378580118697416
2024-12-23,0.031147903594253,0.03221060726491,0.016190615412081,12,401411000.0,2.360874266820522,0.0154731832497043,0.1656914617698931,0.3966282809420063,0.0805270256250647,0.2128540305010893,0.2074489054881211,0.1761593526299408,0.1308123249299719,0.5334993256561884,0.9321402635128124,0.4341632949476086,0.4979769685652038,0.6187115862641352,0.2015224535740221,0.0403408527855586,0.0403140605871977,0.0991133986928104,0.1645774520178441,0.6356460161842515,0.199776926029671,0.0351994740118269,3,0.2702702702702703,0.527027027027027,0.0743243243243243,0.2263513513513513,0.2567567567567567,0.1959459459459459,0.1351351351351351,0.5405405405405406,1.108108108108108,0.4222972972972973,0.6858108108108109,0.6276956081081081,0.16915,0.0376594594594594,0.0563229729729729,0.109164527027027,0.1567067567567567,0.5845266891891893,0.2587719594594594,0.1020652027027027,1.0,-0.04132195945945949,0.0302578811574063,0.0059882190178353,-0.0860566378639026
2024-12-24,0.0069435894059544,0.0046859959067662,0.0105832069810109,12,220997900.0,2.377267208368407,0.031147903594253,0.1923076923076923,0.4335664335664335,0.0454545454545454,0.2727272727272727,0.1573426573426573,0.1993006993006993,0.1048951048951049,0.4370629370629371,0.7237762237762237,0.479020979020979,0.2447552447552447,0.6615863636363636,0.1864947552447552,0.0361951048951049,0.0351555944055944,0.0805748251748251,0.1642898601398601,0.6419356643356644,0.1937741258741258,0.0294842657342657,1,0.1656914617698931,0.3966282809420063,0.0805270256250647,0.2128540305010893,0.2074489054881211,0.1761593526299408,0.1308123249299719,0.5334993256561884,0.9321402635128124,0.4341632949476086,0.4979769685652038,0.6187115862641352,0.2015224535740221,0.0403408527855586,0.0403140605871977,0.0991133986928104,0.1645774520178441,0.6356460161842515,0.199776926029671,0.0351994740118269,3.0,-0.1024358470795726,0.0103018339242995,0.0111150666055399,-0.149582844229526
2024-12-26,-0.0011935990908123,-0.0025567746750272,0.0096904837418739,12,252628400.0,2.3744297043898808,0.0069435894059544,0.1534052938954586,0.4399134148821803,0.0685199174826393,0.1625069006595577,0.2010053171397855,0.145160821686957,0.1241247058139872,0.5610817328645727,0.991268849696371,0.4203445971467588,0.5709242525496121,0.6706194206351512,0.175365573699044,0.0330192150681348,0.0349794462039108,0.0860115589679518,0.1296826212336926,0.6227413690908563,0.2475733896039747,0.117890768370282,2,0.1923076923076923,0.4335664335664335,0.0454545454545454,0.2727272727272727,0.1573426573426573,0.1993006993006993,0.1048951048951049,0.4370629370629371,0.7237762237762237,0.479020979020979,0.2447552447552447,0.6615863636363636,0.1864947552447552,0.0361951048951049,0.0351555944055944,0.0805748251748251,0.1642898601398601,0.6419356643356644,0.1937741258741258,0.0294842657342657,1.0,-0.10695944055944061,-0.0003130882438493,6.662663576362249e-05,0.032235393813347
2024-12-27,-0.0090908360284803,-0.0075081126705021,0.006404189799853,12,335284500.0,2.3528441532861195,-0.0011935990908123,0.1253731343283582,0.408955223880597,0.0686567164179104,0.1611940298507462,0.2029850746268656,0.1492537313432835,0.1343283582089552,0.5343283582089552,0.9253731343283582,0.3164179104477612,0.608955223880597,0.6416080597014926,0.1969883582089552,0.0369173134328358,0.028355223880597,0.0961346268656716,0.1510955223880597,0.6082298507462687,0.2406794029850746,0.0895838805970149,1,0.1534052938954586,0.4399134148821803,0.0685199174826393,0.1625069006595577,0.2010053171397855,0.145160821686957,0.1241247058139872,0.5610817328645727,0.991268849696371,0.4203445971467588,0.5709242525496121,0.6706194206351512,0.175365573699044,0.0330192150681348,0.0349794462039108,0.0860115589679518,0.1296826212336926,0.6227413690908563,0.2475733896039747,0.117890768370282,2.0,-0.08739378359531619,-0.0084552734127394,-0.0105265130601129,0.0828241890660361
2024-12-30,-0.0185058656021598,-0.0182219662860663,0.0099148670704157,12,347082300.0,2.309302735602579,-0.0090908360284803,0.1481457076477478,0.3828182937125942,0.0795102946393327,0.1878763581484687,0.1929782805090131,0.1624233280443483,0.1371133959703754,0.6026986484766458,0.9953279492755024,0.411291585227183,0.5840363640483193,0.6542773688683816,0.1731566886449424,0.0367124725096066,0.039610044423475,0.0962438183041528,0.1132246369928177,0.6816051272108612,0.2051696503845453,0.0919450133917275,3,0.1253731343283582,0.408955223880597,0.0686567164179104,0.1611940298507462,0.2029850746268656,0.1492537313432835,0.1343283582089552,0.5343283582089552,0.9253731343283582,0.3164179104477612,0.608955223880597,0.6416080597014926,0.1969883582089552,0.0369173134328358,0.028355223880597,0.0961346268656716,0.1510955223880597,0.6082298507462687,0.2406794029850746,0.0895838805970149,1.0,-0.10941582089552239,-0.0196715823018264,-0.0114117126726851,0.0909090800379102
2024-12-31,-0.0084207316001461,-0.0085235027174852,0.0090245526774401,12,300211200.0,2.2898567170825865,-0.0185058656021598,0.1842105263157894,0.4883040935672514,0.0643274853801169,0.2017543859649122,0.2923976608187134,0.1549707602339181,0.1725146198830409,0.6491228070175439,0.9912280701754386,0.4824561403508772,0.5087719298245614,0.6654976608187134,0.1442412280701754,0.0312029239766081,0.0493622807017543,0.1096953216374269,0.113706432748538,0.6334964912280702,0.2527973684210526,0.1390909356725146,1,0.1481457076477478,0.3828182937125942,0.0795102946393327,0.1878763581484687,0.1929782805090131,0.1624233280443483,0.1371133959703754,0.6026986484766458,0.9953279492755024,0.411291585227183,0.5840363640483193,0.6542773688683816,0.1731566886449424,0.0367124725096066,0.039610044423475,0.0962438183041528,0.1132246369928177,0.6816051272108612,0.2051696503845453,0.0919450133917275,3.0,-0.07401529842692123,-0.0082380877706566,-0.003637945713879,-0.0028735194342935
2025-01-02,0.0129829146458781,0.0093971799582829,0.0130492748551029,12,368606700.0,2.3195857313917605,-0.0084207316001461,0.1787165775401069,0.4215508021390374,0.0519251336898395,0.1805347593582887,0.1987165775401069,0.1592513368983957,0.1284491978609625,0.5385561497326203,0.9641711229946524,0.5453475935828878,0.4188235294117647,0.6604661978609625,0.1694600641711229,0.0338076684491978,0.0400374705882352,0.0962291443850266,0.1345870534759358,0.6570663262032086,0.2083455989304813,0.0737585454545454,2,0.1842105263157894,0.4883040935672514,0.0643274853801169,0.2017543859649122,0.2923976608187134,0.1549707602339181,0.1725146198830409,0.6491228070175439,0.9912280701754386,0.4824561403508772,0.5087719298245614,0.6654976608187134,0.1442412280701754,0.0312029239766081,0.0493622807017543,0.1096953216374269,0.113706432748538,0.6334964912280702,0.2527973684210526,0.1390909356725146,1.0,-0.016386549707602283,0.0061719850289458,-0.0024570437313847,0.0334293896803317
2025-01-03,0.0301317326897014,0.0334514969572023,0.0120214856307145,12,402106300.0,2.3894788686009028,0.0129829146458781,0.183206106870229,0.3854961832061068,0.0916030534351145,0.1679389312977099,0.2022900763358778,0.1526717557251908,0.1183206106870229,0.5648854961832062,1.076335877862595,0.4198473282442748,0.6564885496183206,0.6902583969465649,0.1453133587786259,0.0331099236641221,0.0415465648854961,0.0897755725190839,0.144867175572519,0.6153332061068703,0.2397996183206107,0.0949324427480916,1,0.1787165775401069,0.4215508021390374,0.0519251336898395,0.1805347593582887,0.1987165775401069,0.1592513368983957,0.1284491978609625,0.5385561497326203,0.9641711229946524,0.5453475935828878,0.4188235294117647,0.6604661978609625,0.1694600641711229,0.0338076684491978,0.0400374705882352,0.0962291443850266,0.1345870534759358,0.6570663262032086,0.2083455989304813,0.0737585454545454,2.0,-0.06700111764705888,0.0260583491835526,0.0125033666861651,-0.1003904692566893
2025-01-06,0.0364982218288411,0.0362715111299807,0.0350327372988078,12,550879200.0,2.4766905984024263,0.0301317326897014,0.1636953690164425,0.3963041778662983,0.0741921933153438,0.2298053648582781,0.2102742273161614,0.1699616239722562,0.1342693615627888,0.5185053808300356,0.9358127327702164,0.4842010247209261,0.4516117080492901,0.64599173733168,0.1807212401828766,0.0354555076308951,0.0431807141497254,0.094650371599962,0.1268117872587557,0.6727706081218514,0.2004177779711662,0.0736059907124104,3,0.183206106870229,0.3854961832061068,0.0916030534351145,0.1679389312977099,0.2022900763358778,0.1526717557251908,0.1183206106870229,0.5648854961832062,1.076335877862595,0.4198473282442748,0.6564885496183206,0.6902583969465649,0.1453133587786259,0.0331099236641221,0.0415465648854961,0.0897755725190839,0.144867175572519,0.6153332061068703,0.2397996183206107,0.0949324427480916,1.0,-0.04710114503816801,0.0289478007507637,0.0057605620852503,-0.0055795567217488
2025-01-07,-0.013024555678832,-0.0100606054821707,0.023924350248738,12,588592500.0,2.444432803804294,0.0364982218288411,0.1921097770154373,0.483704974271012,0.0960548885077186,0.1955403087478559,0.2538593481989708,0.1389365351629502,0.1903945111492281,0.5711835334476844,1.0291595197255574,0.4682675814751286,0.5608919382504288,0.6798871355060034,0.1343708404802744,0.0330161234991423,0.0528421955403087,0.0998849056603773,0.114004974271012,0.5873799313893654,0.2986156089193825,0.1846106346483705,1,0.1636953690164425,0.3963041778662983,0.0741921933153438,0.2298053648582781,0.2102742273161614,0.1699616239722562,0.1342693615627888,0.5185053808300356,0.9358127327702164,0.4842010247209261,0.4516117080492901,0.64599173733168,0.1807212401828766,0.0354555076308951,0.0431807141497254,0.094650371599962,0.1268117872587557,0.6727706081218514,0.2004177779711662,0.0736059907124104,3.0,-0.07834566206408432,-0.0136298258460026,-0.0113039125415851,0.1109724861408061
2025-01-08,-0.0097366300550392,-0.0063444269542412,0.0152758946591937,12,419162200.0,2.420632265899249,-0.013024555678832,0.2074198988195615,0.4772344013490725,0.0775716694772344,0.2529510961214165,0.2546374367622259,0.1720067453625632,0.1433389544688027,0.6323777403035413,1.0623946037099494,0.5531197301854974,0.5092748735244519,0.6056988195615514,0.2114726812816189,0.0405544688026981,0.0472391231028667,0.0950392917369308,0.1667549747048904,0.6051910623946037,0.2280566610455312,0.0613016863406408,1,0.1921097770154373,0.483704974271012,0.0960548885077186,0.1955403087478559,0.2538593481989708,0.1389365351629502,0.1903945111492281,0.5711835334476844,1.0291595197255574,0.4682675814751286,0.5608919382504288,0.6798871355060034,0.1343708404802744,0.0330161234991423,0.0528421955403087,0.0998849056603773,0.114004974271012,0.5873799313893654,0.2986156089193825,0.1846106346483705,1.0,-0.014659862778730687,-0.009965027440888,0.0014608337808474,-0.0067339469102022
2025-01-10,-0.020750425832913,-0.0258904495463282,0.0166035210575634,12,437976500.0,2.3704031155969503,-0.0097366300550392,0.2070378151260504,0.3683823529411765,0.085189075630252,0.2029061624649859,0.1728991596638655,0.1543067226890755,0.13546918767507,0.506687675070028,0.9557072829131652,0.4916316526610644,0.4640756302521008,0.6765106372549019,0.1554591736694677,0.0340697969187674,0.0462804516806722,0.0876818032212884,0.1496438410364145,0.5821827941176471,0.2681705007002801,0.1185266596638655,2,0.2074198988195615,0.4772344013490725,0.0775716694772344,0.2529510961214165,0.2546374367622259,0.1720067453625632,0.1433389544688027,0.6323777403035413,1.0623946037099494,0.5531197301854974,0.5092748735244519,0.6056988195615514,0.2114726812816189,0.0405544688026981,0.0472391231028667,0.0950392917369308,0.1667549747048904,0.6051910623946037,0.2280566610455312,0.0613016863406408,1.0,-0.10974873524451949,-0.0238883810739382,-0.0152672733968606,0.1039548063998117
2025-01-13,-0.0067989828344102,-0.0008619412125373,0.0176658573597832,12,389448500.0,2.354286785503374,-0.020750425832913,0.1510859929561537,0.4326747635264609,0.0719630776212074,0.1721949878590736,0.2008048863319858,0.1327847918080199,0.1243348670388574,0.4927616226008126,0.9979317882831878,0.4317261059369457,0.5662056823462421,0.6369515941010878,0.1873090994406956,0.0360456959525154,0.0452042699772598,0.0944865238989717,0.1541515657395347,0.648674023944423,0.1971752482544918,0.043023682514957,3,0.2070378151260504,0.3683823529411765,0.085189075630252,0.2029061624649859,0.1728991596638655,0.1543067226890755,0.13546918767507,0.506687675070028,0.9557072829131652,0.4916316526610644,0.4640756302521008,0.6765106372549019,0.1554591736694677,0.0340697969187674,0.0462804516806722,0.0876818032212884,0.1496438410364145,0.5821827941176471,0.2681705007002801,0.1185266596638655,2.0,-0.0555667156862745,-0.003070602506119,0.0015504403527941,-0.0179119941182602
2025-01-14,0.0056505652165848,0.0043203384718163,0.0111932009927073,12,358985700.0,2.3675898365234045,-0.0067989828344102,0.1486068111455108,0.4427244582043343,0.0526315789473684,0.1640866873065015,0.2352941176470588,0.1052631578947368,0.1331269349845201,0.6780185758513931,1.1795665634674923,0.4582043343653251,0.7213622291021672,0.608302786377709,0.189840866873065,0.0340046439628482,0.0553309597523219,0.1125173374613003,0.1562433436532507,0.6108315789473684,0.2329213622291021,0.0766780185758514,1,0.1510859929561537,0.4326747635264609,0.0719630776212074,0.1721949878590736,0.2008048863319858,0.1327847918080199,0.1243348670388574,0.4927616226008126,0.9979317882831878,0.4317261059369457,0.5662056823462421,0.6369515941010878,0.1873090994406956,0.0360456959525154,0.0452042699772598,0.0944865238989717,0.1541515657395347,0.648674023944423,0.1971752482544918,0.043023682514957,3.0,-0.08366400151697949,0.0065739050801447,0.0013759292368293,-0.0250131024609965
2025-01-15,0.023554002877005,0.0268203955384734,0.0176530560583897,12,387400000.0,2.423356054344445,0.0056505652165848,0.1292134831460674,0.5112359550561798,0.0814606741573033,0.2162921348314606,0.300561797752809,0.1179775280898876,0.1573033707865168,0.6544943820224719,1.1179775280898876,0.4522471910112359,0.6657303370786517,0.652285393258427,0.168586797752809,0.0356061797752809,0.0426193820224719,0.1009030898876404,0.1382176966292135,0.6691682584269663,0.1926143258426966,0.0543966292134831,1,0.1486068111455108,0.4427244582043343,0.0526315789473684,0.1640866873065015,0.2352941176470588,0.1052631578947368,0.1331269349845201,0.6780185758513931,1.1795665634674923,0.4582043343653251,0.7213622291021672,0.608302786377709,0.189840866873065,0.0340046439628482,0.0553309597523219,0.1125173374613003,0.1562433436532507,0.6108315789473684,0.2329213622291021,0.0766780185758514,1.0,-0.05599721362229099,0.0194099135175105,0.0181900850970144,-0.1384285607682731
2025-01-16,0.0134858112941773,0.0099024908479491,0.02540264268203,12,415583100.0,2.4560369767919363,0.023554002877005,0.144578313253012,0.393574297188755,0.0481927710843373,0.1646586345381526,0.2048192771084337,0.108433734939759,0.2369477911646586,0.6104417670682731,1.1485943775100402,0.429718875502008,0.7188755020080321,0.6462373493975903,0.1756104417670682,0.0387702811244979,0.0452654618473895,0.0941240963855421,0.1545341365461847,0.6187823293172691,0.2266799196787148,0.0721457831325301,1,0.1292134831460674,0.5112359550561798,0.0814606741573033,0.2162921348314606,0.300561797752809,0.1179775280898876,0.1573033707865168,0.6544943820224719,1.1179775280898876,0.4522471910112359,0.6657303370786517,0.652285393258427,0.168586797752809,0.0356061797752809,0.0426193820224719,0.1009030898876404,0.1382176966292135,0.6691682584269663,0.1926143258426966,0.0543966292134831,1.0,-0.060670505617977585,0.0014784187848875,-0.0019232784062486,0.0297766449904945
2025-01-17,0.0287575132586229,0.0276836569237483,0.0271110278857343,12,519919500.0,2.5266664927156985,0.0134858112941773,0.1890243902439024,0.3536585365853658,0.1036585365853658,0.173780487804878,0.1707317073170731,0.1615853658536585,0.1128048780487804,0.5121951219512195,0.8384146341463414,0.4176829268292683,0.4207317073170731,0.6781079268292682,0.1415060975609756,0.0354783536585365,0.050317987804878,0.0945975609756097,0.1217256097560975,0.6001844512195122,0.2780878048780488,0.1563621951219512,1,0.144578313253012,0.393574297188755,0.0481927710843373,0.1646586345381526,0.2048192771084337,0.108433734939759,0.2369477911646586,0.6104417670682731,1.1485943775100402,0.429718875502008,0.7188755020080321,0.6462373493975903,0.1756104417670682,0.0387702811244979,0.0452654618473895,0.0941240963855421,0.1545341365461847,0.6187823293172691,0.2266799196787148,0.0721457831325301,1.0,-0.07499116465863451,0.0277355923375757,0.01003995363599,-0.0379518132508102
2025-01-21,0.0143696967415075,0.0129637292238063,0.0118806919645576,12,440878700.0,2.562973923982952,0.0287575132586229,0.1819271679164194,0.4536374950769199,0.084333195953016,0.2309393970965855,0.2180788143643697,0.1567841291976101,0.1855264436243636,0.5745911607656842,1.0303383762533005,0.4624363164359707,0.5679020598173297,0.6153266553917597,0.2130072714813849,0.0367376044337021,0.0370537949725632,0.0978755923695662,0.1619801309171451,0.627811575321896,0.2102065818026499,0.0482264508855047,4,0.1890243902439024,0.3536585365853658,0.1036585365853658,0.173780487804878,0.1707317073170731,0.1615853658536585,0.1128048780487804,0.5121951219512195,0.8384146341463414,0.4176829268292683,0.4207317073170731,0.6781079268292682,0.1415060975609756,0.0354783536585365,0.050317987804878,0.0945975609756097,0.1217256097560975,0.6001844512195122,0.2780878048780488,0.1563621951219512,1.0,-0.03206890243902438,0.0117958295095448,0.0091534807380355,-0.0569818304443531
2025-01-22,0.0131320014855341,0.0117871797254533,0.0122282210316591,12,442870900.0,2.596630901360081,0.0143696967415075,0.1717171717171717,0.4175084175084175,0.1144781144781144,0.1952861952861952,0.1649831649831649,0.1346801346801346,0.2356902356902357,0.4343434343434343,1.026936026936027,0.494949494949495,0.531986531986532,0.6670545454545455,0.1615892255892256,0.0383703703703703,0.0444329966329966,0.0885552188552188,0.1195407407407407,0.7198632996632996,0.1605976430976431,0.0410569023569023,1,0.1819271679164194,0.4536374950769199,0.084333195953016,0.2309393970965855,0.2180788143643697,0.1567841291976101,0.1855264436243636,0.5745911607656842,1.0303383762533005,0.4624363164359707,0.5679020598173297,0.6153266553917597,0.2130072714813849,0.0367376044337021,0.0370537949725632,0.0978755923695662,0.1619801309171451,0.627811575321896,0.2102065818026499,0.0482264508855047,4.0,-0.11481548857295762,0.0144547487068225,0.005621468036089,0.0026560398896751
2025-01-23,-0.0094333940871611,-0.0095018237786954,0.0179516574985355,12,322899700.0,2.572135858768651,0.0131320014855341,0.1581508515815085,0.4914841849148418,0.1021897810218978,0.1630170316301703,0.2335766423357664,0.1289537712895377,0.1581508515815085,0.5401459854014599,1.0681265206812651,0.3819951338199513,0.6861313868613139,0.6098321167883212,0.1985294403892944,0.0364182481751824,0.0481695863746958,0.1070518248175182,0.1011608272506082,0.6785905109489052,0.2202537712895377,0.1190929440389294,1,0.1717171717171717,0.4175084175084175,0.1144781144781144,0.1952861952861952,0.1649831649831649,0.1346801346801346,0.2356902356902357,0.4343434343434343,1.026936026936027,0.494949494949495,0.531986531986532,0.6670545454545455,0.1615892255892256,0.0383703703703703,0.0444329966329966,0.0885552188552188,0.1195407407407407,0.7198632996632996,0.1605976430976431,0.0410569023569023,1.0,-0.06697138047138049,-0.0018659621432097,0.0054581241414886,-0.0052980080586109
2025-01-24,-0.0149146319751903,-0.0159604699500647,0.0135122098943387,12,423706700.0,2.533773399044927,-0.0094333940871611,0.2049689440993788,0.4254658385093168,0.0403726708074534,0.1894409937888198,0.2142857142857142,0.1273291925465838,0.1459627329192546,0.5403726708074534,0.9565217391304348,0.3322981366459627,0.6242236024844721,0.5882776397515528,0.223377950310559,0.0401773291925465,0.0458490683229813,0.1023164596273292,0.1240012422360248,0.651939751552795,0.224057453416149,0.1000562111801242,1,0.1581508515815085,0.4914841849148418,0.1021897810218978,0.1630170316301703,0.2335766423357664,0.1289537712895377,0.1581508515815085,0.5401459854014599,1.0681265206812651,0.3819951338199513,0.6861313868613139,0.6098321167883212,0.1985294403892944,0.0364182481751824,0.0481695863746958,0.1070518248175182,0.1011608272506082,0.6785905109489052,0.2202537712895377,0.1190929440389294,1.0,-0.0797262773722628,-0.0200959555862938,-0.0029192782547332,-0.0113182470780867
2025-01-27,-0.0930369760436879,-0.0644810732614543,0.0617868055749348,12,1266846200.0,2.2980387840178502,-0.0149146319751903,0.2029692208284699,0.3586664441891159,0.0906110594408222,0.2172327629960911,0.175171190813711,0.1902678705197429,0.1591048151292282,0.4749695980547787,0.9014337168397576,0.4559487110613174,0.4454850057784402,0.6265493505086631,0.1983825686113112,0.0467560121596247,0.041083696712459,0.0872289794859342,0.1702054561675714,0.6375752251720243,0.192217267214515,0.0220118110469434,3,0.2049689440993788,0.4254658385093168,0.0403726708074534,0.1894409937888198,0.2142857142857142,0.1273291925465838,0.1459627329192546,0.5403726708074534,0.9565217391304348,0.3322981366459627,0.6242236024844721,0.5882776397515528,0.223377950310559,0.0401773291925465,0.0458490683229813,0.1023164596273292,0.1240012422360248,0.651939751552795,0.224057453416149,0.1000562111801242,1.0,-0.11538975155279496,-0.078433827437233,-0.014145469544892,0.2053871487347855
2025-01-28,0.0090070890076928,-0.0035024982279575,0.0353013069999552,12,864680700.0,2.3187374238886296,-0.0930369760436879,0.1824729891956782,0.4705882352941176,0.0936374549819928,0.1824729891956782,0.2220888355342136,0.1680672268907563,0.1656662665066026,0.6014405762304922,1.034813925570228,0.5102040816326531,0.524609843937575,0.6266810324129652,0.1940384153661464,0.0428328931572629,0.0454285714285714,0.0910200480192076,0.1979546218487395,0.5780183673469388,0.2240279711884753,0.0260733493397358,1,0.2029692208284699,0.3586664441891159,0.0906110594408222,0.2172327629960911,0.175171190813711,0.1902678705197429,0.1591048151292282,0.4749695980547787,0.9014337168397576,0.4559487110613174,0.4454850057784402,0.6265493505086631,0.1983825686113112,0.0467560121596247,0.041083696712459,0.0872289794859342,0.1702054561675714,0.6375752251720243,0.192217267214515,0.0220118110469434,3.0,-0.1168259045725427,0.0044694677279457,0.0085923454765259,-0.0832402124509377
2025-01-29,0.0080400415962218,0.0086006724941549,0.0210761659415907,12,714013800.0,2.3373801692274103,0.0090070890076928,0.2012658227848101,0.4556962025316455,0.0924050632911392,0.240506329113924,0.2151898734177215,0.2012658227848101,0.1810126582278481,0.5987341772151898,0.9240506329113924,0.5443037974683544,0.379746835443038,0.5914672151898734,0.2237488607594936,0.0460749367088607,0.0469022784810126,0.0918064556962025,0.1901149367088607,0.5996915189873417,0.2101930379746835,0.0200781012658227,1,0.1824729891956782,0.4705882352941176,0.0936374549819928,0.1824729891956782,0.2220888355342136,0.1680672268907563,0.1656662665066026,0.6014405762304922,1.034813925570228,0.5102040816326531,0.524609843937575,0.6266810324129652,0.1940384153661464,0.0428328931572629,0.0454285714285714,0.0910200480192076,0.1979546218487395,0.5780183673469388,0.2240279711884753,0.0260733493397358,1.0,-0.10042268907563032,0.004121681017279,-0.0044829200704344,0.0091407446633176
2025-01-30,0.0306417280014913,0.0336517068742775,0.0199289484619286,12,665294200.0,2.4090015366089563,0.0080400415962218,0.1604166666666666,0.4875,0.0791666666666666,0.2020833333333333,0.1958333333333333,0.1958333333333333,0.184375,0.6291666666666667,1.053125,0.51875,0.534375,0.6138612499999999,0.206285,0.0464086458333333,0.0468352083333333,0.0866125,0.2191171875,0.5833721875,0.1975113541666666,-0.0216058333333333,1,0.2012658227848101,0.4556962025316455,0.0924050632911392,0.240506329113924,0.2151898734177215,0.2012658227848101,0.1810126582278481,0.5987341772151898,0.9240506329113924,0.5443037974683544,0.379746835443038,0.5914672151898734,0.2237488607594936,0.0460749367088607,0.0469022784810126,0.0918064556962025,0.1901149367088607,0.5996915189873417,0.2101930379746835,0.0200781012658227,1.0,-0.1311150632911392,0.0203377637647537,0.0053671818498628,-0.0434782208076308
2025-01-31,-0.0041268273629942,-0.0012477896846592,0.0194306169747835,12,674536300.0,2.399060003150183,0.0306417280014913,0.1894024802705749,0.363021420518602,0.117249154453213,0.1995490417136415,0.1544532130777903,0.1634723788049605,0.1341600901916572,0.4295377677564825,0.8320180383314544,0.4227733934611049,0.4092446448703495,0.6119142051860204,0.2136638105975197,0.0467962795941375,0.0383386696730552,0.0892875986471251,0.1708378804960541,0.6686471251409245,0.1605152198421646,-0.0103226606538895,1,0.1604166666666666,0.4875,0.0791666666666666,0.2020833333333333,0.1958333333333333,0.1958333333333333,0.184375,0.6291666666666667,1.053125,0.51875,0.534375,0.6138612499999999,0.206285,0.0464086458333333,0.0468352083333333,0.0866125,0.2191171875,0.5833721875,0.1975113541666666,-0.0216058333333333,1.0,-0.11924593749999998,-0.002788668132606,-0.0053219497113515,0.0372474840217409
2025-02-03,-0.013204790940594,-0.0128131678232474,0.0136946900392002,12,585739500.0,2.367380917354644,-0.0041268273629942,0.2878518251627289,0.412135919084464,0.1485626927495918,0.2854014897668567,0.159617385623989,0.2004610438931663,0.2844194760618878,0.5224823706321894,0.9237513936860144,0.6485241260887702,0.2752272675972442,0.625596767850747,0.2155945154997053,0.0453467434944521,0.0398468998943863,0.0736195644654902,0.2108213582136066,0.5998940066172612,0.1892851912108227,-0.0215361670027838,3,0.1894024802705749,0.363021420518602,0.117249154453213,0.1995490417136415,0.1544532130777903,0.1634723788049605,0.1341600901916572,0.4295377677564825,0.8320180383314544,0.4227733934611049,0.4092446448703495,0.6119142051860204,0.2136638105975197,0.0467962795941375,0.0383386696730552,0.0892875986471251,0.1708378804960541,0.6686471251409245,0.1605152198421646,-0.0103226606538895,1.0,-0.1328338218714769,-0.0180168095327986,-0.0067294432511055,0.1332927871807601
2025-02-04,0.0082992064294599,0.0102684248132553,0.0194574983707273,12,465750000.0,2.387028300284934,-0.013204790940594,0.302771855010661,0.4584221748400853,0.1194029850746268,0.2430703624733475,0.2260127931769723,0.1791044776119403,0.2345415778251599,0.6140724946695096,0.9957356076759062,0.5607675906183369,0.4349680170575693,0.6767607675906183,0.1643737739872068,0.0458846481876332,0.0365976545842217,0.0763791044776119,0.2168513859275053,0.5697439232409381,0.2134036247334754,-0.0034477611940298,1,0.2878518251627289,0.412135919084464,0.1485626927495918,0.2854014897668567,0.159617385623989,0.2004610438931663,0.2844194760618878,0.5224823706321894,0.9237513936860144,0.6485241260887702,0.2752272675972442,0.625596767850747,0.2155945154997053,0.0453467434944521,0.0398468998943863,0.0736195644654902,0.2108213582136066,0.5998940066172612,0.1892851912108227,-0.0215361670027838,3.0,-0.14747479463428087,0.0102707804726465,0.0067082225654828,-0.0757251176804346
2025-02-05,0.0207763846260074,0.0204069372828687,0.0308499346241043,12,539882300.0,2.436622118364819,0.0082992064294599,0.1843220338983051,0.527542372881356,0.0932203389830508,0.1673728813559322,0.2330508474576271,0.1610169491525423,0.1970338983050847,0.5826271186440678,1.055084745762712,0.4915254237288136,0.5635593220338984,0.6092213983050848,0.2084065677966101,0.041703813559322,0.0425834745762711,0.0980832627118644,0.1823434322033898,0.5633300847457627,0.2543235169491525,0.0719800847457627,1,0.302771855010661,0.4584221748400853,0.1194029850746268,0.2430703624733475,0.2260127931769723,0.1791044776119403,0.2345415778251599,0.6140724946695096,0.9957356076759062,0.5607675906183369,0.4349680170575693,0.6767607675906183,0.1643737739872068,0.0458846481876332,0.0365976545842217,0.0763791044776119,0.2168513859275053,0.5697439232409381,0.2134036247334754,-0.0034477611940298,1.0,-0.09728166311300639,0.019362354305398,0.0040546030162418,-0.0836722082111085
2025-02-06,0.0021094730948975,0.0063852728468038,0.0185799643571202,12,436328700.0,2.441762107165942,0.0207763846260074,0.1710914454277286,0.4218289085545723,0.0943952802359882,0.1887905604719764,0.1858407079646017,0.1445427728613569,0.1209439528023598,0.5073746312684366,0.7256637168141593,0.4424778761061947,0.2831858407079646,0.5979887905604719,0.2207663716814159,0.0433023598820059,0.0432297935103244,0.0947117994100295,0.2089448377581121,0.6199058997050148,0.171152802359882,-0.03779203539823,1,0.1843220338983051,0.527542372881356,0.0932203389830508,0.1673728813559322,0.2330508474576271,0.1610169491525423,0.1970338983050847,0.5826271186440678,1.055084745762712,0.4915254237288136,0.5635593220338984,0.6092213983050848,0.2084065677966101,0.041703813559322,0.0425834745762711,0.0980832627118644,0.1823434322033898,0.5633300847457627,0.2543235169491525,0.0719800847457627,1.0,-0.1094436440677966,-0.0013146792607098,0.0034756136740878,-0.0171211445736356
2025-02-07,-0.0197719906554064,-0.0169993033619467,0.0192622160225227,12,427519100.0,2.393483609600332,0.0021094730948975,0.2421875,0.41796875,0.083984375,0.3046875,0.201171875,0.19921875,0.177734375,0.57421875,1.046875,0.57421875,0.47265625,0.635383203125,0.173980859375,0.0447564453125,0.049000390625,0.096880859375,0.1670169921875,0.564252734375,0.2687306640625,0.101713671875,1,0.1710914454277286,0.4218289085545723,0.0943952802359882,0.1887905604719764,0.1858407079646017,0.1445427728613569,0.1209439528023598,0.5073746312684366,0.7256637168141593,0.4424778761061947,0.2831858407079646,0.5979887905604719,0.2207663716814159,0.0433023598820059,0.0432297935103244,0.0947117994100295,0.2089448377581121,0.6199058997050148,0.171152802359882,-0.03779203539823,1.0,-0.1261271386430679,-0.0155695955862543,-0.0091536845132468,0.0670968332598287
2025-02-10,0.0241010324700516,0.0214212524711172,0.0117786009936725,12,412677200.0,2.4511690357918456,-0.0197719906554064,0.2110585084223027,0.4158555826039254,0.089611629624563,0.1871714383031172,0.1878648766380154,0.1422192842096244,0.1872579939505612,0.5624597987988175,0.9546712888980086,0.5121649007501,0.4425063881479086,0.6486225064179426,0.1968818283510615,0.0336837276073695,0.0384364153944778,0.0823755734802822,0.1525720069190973,0.6255925596687733,0.2218394003746872,0.0692673934555898,3,0.2421875,0.41796875,0.083984375,0.3046875,0.201171875,0.19921875,0.177734375,0.57421875,1.046875,0.57421875,0.47265625,0.635383203125,0.173980859375,0.0447564453125,0.049000390625,0.096880859375,0.1670169921875,0.564252734375,0.2687306640625,0.101713671875,1.0,-0.07285605468749998,0.0130491418749254,0.0067912958944049,-0.0441354568019
2025-02-11,0.0026352121472702,0.001838277905546,0.0222735673778622,12,434874500.0,2.457628386209977,0.0241010324700516,0.1428571428571428,0.4097035040431266,0.0862533692722372,0.1698113207547169,0.2102425876010781,0.137466307277628,0.2183288409703504,0.5121293800539084,0.7358490566037735,0.4797843665768194,0.2560646900269542,0.6736789757412399,0.1687940700808625,0.0446762803234501,0.0404975741239892,0.0723506738544474,0.1890404312668463,0.6269283018867924,0.1840366576819407,-0.0050037735849056,1,0.2110585084223027,0.4158555826039254,0.089611629624563,0.1871714383031172,0.1878648766380154,0.1422192842096244,0.1872579939505612,0.5624597987988175,0.9546712888980086,0.5121649007501,0.4425063881479086,0.6486225064179426,0.1968818283510615,0.0336837276073695,0.0384364153944778,0.0823755734802822,0.1525720069190973,0.6255925596687733,0.2218394003746872,0.0692673934555898,3.0,-0.109753567083671,0.0009103773145842,0.0007604295710461,0.0132827345081161
2025-02-12,-0.0041045609154939,-0.0109719080606501,0.0268489444221166,12,428547800.0,2.4475409007911315,0.0026352121472702,0.1515151515151515,0.4343434343434343,0.1111111111111111,0.2053872053872054,0.2525252525252525,0.2053872053872054,0.1414141414141414,0.441077441077441,0.7946127946127947,0.4882154882154882,0.3063973063973064,0.6230380471380472,0.1781771043771043,0.0503851851851851,0.0417104377104377,0.1066925925925925,0.1737272727272727,0.6580138047138048,0.1682612794612794,-0.0054659932659932,1,0.1428571428571428,0.4097035040431266,0.0862533692722372,0.1698113207547169,0.2102425876010781,0.137466307277628,0.2183288409703504,0.5121293800539084,0.7358490566037735,0.4797843665768194,0.2560646900269542,0.6736789757412399,0.1687940700808625,0.0446762803234501,0.0404975741239892,0.0723506738544474,0.1890404312668463,0.6269283018867924,0.1840366576819407,-0.0050037735849056,1.0,-0.10062210242587599,0.0010913472621818,-0.0032214932069069,-0.0081148633412128
2025-02-13,0.0169432130079239,0.0184893410142696,0.0263944564671985,12,579708000.0,2.489010107618842,-0.0041045609154939,0.19,0.445,0.1,0.2,0.17,0.145,0.25,0.48,0.8075,0.4675,0.34,0.659958,0.1700975,0.0375545,0.03991525,0.092472,0.1340875,0.6631295,0.2027905,0.068703,1,0.1515151515151515,0.4343434343434343,0.1111111111111111,0.2053872053872054,0.2525252525252525,0.2053872053872054,0.1414141414141414,0.441077441077441,0.7946127946127947,0.4882154882154882,0.3063973063973064,0.6230380471380472,0.1781771043771043,0.0503851851851851,0.0417104377104377,0.1066925925925925,0.1737272727272727,0.6580138047138048,0.1682612794612794,-0.0054659932659932,1.0,-0.0801592592592592,0.0122649007344104,0.0105575692529396,-0.0497167995458853
2025-02-14,-0.0045421684191864,-0.0030689410423968,0.0328835120641393,12,562583700.0,2.47770460451298,0.0169432130079239,0.1955719557195571,0.4464944649446494,0.1143911439114391,0.1955719557195571,0.2435424354243542,0.1623616236162361,0.2287822878228782,0.5608856088560885,0.977859778597786,0.4428044280442804,0.5350553505535055,0.6163313653136532,0.2140376383763837,0.0411564575645756,0.0409416974169741,0.0875309963099631,0.1706867158671586,0.6414051660516605,0.1879059040590406,0.0172191881918819,1,0.19,0.445,0.1,0.2,0.17,0.145,0.25,0.48,0.8075,0.4675,0.34,0.659958,0.1700975,0.0375545,0.03991525,0.092472,0.1340875,0.6631295,0.2027905,0.068703,1.0,-0.07526474999999999,0.001032236981739,-4.9152160770615794e-05,-0.0218542990310796
2025-02-18,0.0251324103717359,0.0090951077935617,0.0493689781605263,12,652909500.0,2.53997529341354,-0.0045421684191864,0.1483207302512807,0.3789164193534992,0.0778479152748286,0.2022825827507751,0.1788285267035376,0.1483770694951849,0.1677544402000086,0.5057444289925416,0.918213772619627,0.4328775426889886,0.4853362299306384,0.6423137706486827,0.1874349687080568,0.036639557026717,0.0411333424170085,0.0924767355466147,0.1526422007277934,0.6517497021499666,0.1956086251227289,0.0429664243949355,4,0.1955719557195571,0.4464944649446494,0.1143911439114391,0.1955719557195571,0.2435424354243542,0.1623616236162361,0.2287822878228782,0.5608856088560885,0.977859778597786,0.4428044280442804,0.5350553505535055,0.6163313653136532,0.2140376383763837,0.0411564575645756,0.0409416974169741,0.0875309963099631,0.1706867158671586,0.6414051660516605,0.1879059040590406,0.0172191881918819,1.0,-0.12672140221402212,0.0165419104098525,0.0029357672567349,0.0392687817014376
2025-02-19,0.0001441698506569,0.0022314476286487,0.0241316807022381,12,439513300.0,2.540341481272263,0.0251324103717359,0.1279826464208243,0.3318872017353579,0.0737527114967462,0.2451193058568329,0.1518438177874186,0.1605206073752711,0.123644251626898,0.4620390455531453,0.8763557483731019,0.3969631236442516,0.4793926247288503,0.622448590021692,0.2018533622559652,0.039575704989154,0.0433689804772234,0.0927577006507592,0.1317208242950108,0.631143600867679,0.2371388286334056,0.1054180043383948,1,0.1483207302512807,0.3789164193534992,0.0778479152748286,0.2022825827507751,0.1788285267035376,0.1483770694951849,0.1677544402000086,0.5057444289925416,0.918213772619627,0.4328775426889886,0.4853362299306384,0.6423137706486827,0.1874349687080568,0.036639557026717,0.0411333424170085,0.0924767355466147,0.1526422007277934,0.6517497021499666,0.1956086251227289,0.0429664243949355,4.0,-0.09046444777115059,0.0166254603586095,0.0023549435384666,-0.0052117212845563
2025-02-20,-0.0006045937565754,-0.0032628715862701,0.0114533349909232,12,398647600.0,2.538805606673116,0.0001441698506569,0.2100238663484487,0.5847255369928401,0.1384248210023866,0.2863961813842482,0.2219570405727923,0.2649164677804296,0.2004773269689737,0.5894988066825776,0.9928400954653938,0.6085918854415274,0.3842482100238663,0.6045164677804297,0.2064004773269689,0.0440861575178997,0.0490510739856801,0.0959415274463007,0.1999365155131264,0.5994016706443914,0.2006644391408114,0.0007279236276849,1,0.1279826464208243,0.3318872017353579,0.0737527114967462,0.2451193058568329,0.1518438177874186,0.1605206073752711,0.123644251626898,0.4620390455531453,0.8763557483731019,0.3969631236442516,0.4793926247288503,0.622448590021692,0.2018533622559652,0.039575704989154,0.0433689804772234,0.0927577006507592,0.1317208242950108,0.631143600867679,0.2371388286334056,0.1054180043383948,1.0,-0.1053023861171366,0.0023425041002658,-0.0041602634378903,0.0255402343128385
2025-02-21,-0.0325547674010382,-0.0346679259584538,0.0135166628780298,12,484615800.0,2.456155380671421,-0.0006045937565754,0.154727793696275,0.2865329512893982,0.0773638968481375,0.1833810888252149,0.160458452722063,0.1719197707736389,0.1117478510028653,0.5157593123209169,0.7535816618911175,0.3782234957020057,0.3753581661891118,0.6216091690544412,0.2096664756446991,0.0491567335243552,0.0392481375358166,0.080323782234957,0.1688349570200573,0.6598051575931232,0.171365329512894,0.0025303724928366,1,0.2100238663484487,0.5847255369928401,0.1384248210023866,0.2863961813842482,0.2219570405727923,0.2649164677804296,0.2004773269689737,0.5894988066825776,0.9928400954653938,0.6085918854415274,0.3842482100238663,0.6045164677804297,0.2064004773269689,0.0440861575178997,0.0490510739856801,0.0959415274463007,0.1999365155131264,0.5994016706443914,0.2006644391408114,0.0007279236276849,1.0,-0.1054940334128878,-0.0306834199591151,-0.0171040827814761,0.1628352019097845
2025-02-24,-0.0293584437244751,-0.0285224770653787,0.0141318027994487,12,483359700.0,2.384046481149412,-0.0325547674010382,0.1795465299492708,0.4075005585271499,0.1023885342061057,0.2311015449136285,0.1764483201069719,0.2119731487838809,0.1545502815302943,0.4480543180817865,0.7983583926115211,0.4816637207333243,0.3166946718781967,0.6050992904633608,0.2224560898229269,0.0495526528326214,0.0374258927231196,0.0854645589052215,0.1734016850278958,0.6885827263523829,0.1380163224765491,-0.0353853625513466,3,0.154727793696275,0.2865329512893982,0.0773638968481375,0.1833810888252149,0.160458452722063,0.1719197707736389,0.1117478510028653,0.5157593123209169,0.7535816618911175,0.3782234957020057,0.3753581661891118,0.6216091690544412,0.2096664756446991,0.0491567335243552,0.0392481375358166,0.080323782234957,0.1688349570200573,0.6598051575931232,0.171365329512894,0.0025303724928366,1.0,-0.1392512893982807,-0.0234842062563727,-0.0045502735716906,0.042284486352349
2025-02-25,-0.0257345432431458,-0.0244378927542999,0.0164158735775863,12,534768600.0,2.322694133886603,-0.0293584437244751,0.2184615384615384,0.483076923076923,0.1107692307692307,0.3,0.2276923076923077,0.2046153846153846,0.2,0.5107692307692308,0.92,0.5876923076923077,0.3323076923076923,0.6048009230769231,0.2151687692307692,0.0498427692307692,0.0403561538461538,0.0898324615384615,0.2301066153846153,0.5695847692307692,0.200306923076923,-0.0297996923076923,1,0.1795465299492708,0.4075005585271499,0.1023885342061057,0.2311015449136285,0.1764483201069719,0.2119731487838809,0.1545502815302943,0.4480543180817865,0.7983583926115211,0.4816637207333243,0.3166946718781967,0.6050992904633608,0.2224560898229269,0.0495526528326214,0.0374258927231196,0.0854645589052215,0.1734016850278958,0.6885827263523829,0.1380163224765491,-0.0353853625513466,3.0,-0.14911829102720717,-0.0206199068868654,-0.004973259631297,0.0237092083136283
2025-02-26,0.0243783467657808,0.0216779655533837,0.0145599765093787,12,519239000.0,2.3793175769133352,-0.0257345432431458,0.1856925418569254,0.4916286149162861,0.0882800608828006,0.2191780821917808,0.2146118721461187,0.1659056316590563,0.2024353120243531,0.5403348554033486,0.908675799086758,0.5053272450532724,0.4033485540334855,0.667034398782344,0.1606321156773211,0.0408354642313546,0.0504786910197869,0.0810184170471841,0.1924231354642313,0.5561640791476409,0.2514127853881278,0.0589896499238965,1,0.2184615384615384,0.483076923076923,0.1107692307692307,0.3,0.2276923076923077,0.2046153846153846,0.2,0.5107692307692308,0.92,0.5876923076923077,0.3323076923076923,0.6048009230769231,0.2151687692307692,0.0498427692307692,0.0403561538461538,0.0898324615384615,0.2301066153846153,0.5695847692307692,0.200306923076923,-0.0297996923076923,1.0,-0.1348229230769231,0.0174127308764557,0.0005047507949251,-0.0169840410974233
2025-02-27,-0.0608578104750825,-0.0645048142130575,0.0172959266140405,12,724108800.0,2.234517518757511,0.0243783467657808,0.2028081123244929,0.4368174726989079,0.0904836193447738,0.2308892355694227,0.1903276131045241,0.1669266770670827,0.204368174726989,0.500780031201248,0.8658346333853354,0.469578783151326,0.3962558502340094,0.5949502340093603,0.2044226209048361,0.0472620904836193,0.0500672386895475,0.1032970358814352,0.1939168486739469,0.5770051482059282,0.2290790951638065,0.0351622464898596,1,0.1856925418569254,0.4916286149162861,0.0882800608828006,0.2191780821917808,0.2146118721461187,0.1659056316590563,0.2024353120243531,0.5403348554033486,0.908675799086758,0.5053272450532724,0.4033485540334855,0.667034398782344,0.1606321156773211,0.0408354642313546,0.0504786910197869,0.0810184170471841,0.1924231354642313,0.5561640791476409,0.2514127853881278,0.0589896499238965,1.0,-0.06997047184170468,-0.058227048640843,-0.0159620332277994,0.1062826564792283
2025-02-28,0.0173180248847355,0.0150780255905908,0.0147611524650984,12,697001800.0,2.273214948752732,-0.0608578104750825,0.2344582593250444,0.4440497335701598,0.1296625222024866,0.2682060390763766,0.191829484902309,0.1793960923623445,0.1385435168738898,0.5577264653641207,0.8987566607460036,0.5204262877442274,0.3783303730017762,0.6163833037300177,0.1996367673179396,0.0492426287744227,0.0462907637655417,0.0884488454706927,0.1968049733570159,0.6013944937833038,0.2017992895204262,0.0049943161634103,1,0.2028081123244929,0.4368174726989079,0.0904836193447738,0.2308892355694227,0.1903276131045241,0.1669266770670827,0.204368174726989,0.500780031201248,0.8658346333853354,0.469578783151326,0.3962558502340094,0.5949502340093603,0.2044226209048361,0.0472620904836193,0.0500672386895475,0.1032970358814352,0.1939168486739469,0.5770051482059282,0.2290790951638065,0.0351622464898596,1.0,-0.09832043681747268,0.0159319189739901,0.0156056101368307,-0.0709891178218854
2025-03-03,-0.0380165988336442,-0.0352901677063443,0.0230567441647706,12,744927500.0,2.186795047983356,0.0173180248847355,0.2157755329823362,0.4353620427992885,0.0988963260769139,0.2805638698035125,0.2148766547166477,0.2081126622112763,0.1959894564910902,0.5717501777297981,0.998072569632316,0.5584969306610881,0.4395756389712278,0.6495724308479346,0.1832188568132598,0.0386689004190232,0.0417543814675443,0.0867866128266831,0.174126451762878,0.6232632931443334,0.2026111744234242,0.0284847226605461,3,0.2344582593250444,0.4440497335701598,0.1296625222024866,0.2682060390763766,0.191829484902309,0.1793960923623445,0.1385435168738898,0.5577264653641207,0.8987566607460036,0.5204262877442274,0.3783303730017762,0.6163833037300177,0.1996367673179396,0.0492426287744227,0.0462907637655417,0.0884488454706927,0.1968049733570159,0.6013944937833038,0.2017992895204262,0.0049943161634103,1.0,-0.11413978685612791,-0.0353444670313075,-0.0175198744873432,0.1604687549948877
2025-03-04,0.008380106974758,0.0100335858754566,0.0250476301457653,12,753035000.0,2.205120624417327,-0.0380165988336442,0.2990126939351198,0.461212976022567,0.1311706629055007,0.3018335684062059,0.2186177715091678,0.1875881523272214,0.2468265162200282,0.6417489421720733,1.0818053596614952,0.6967559943582511,0.385049365303244,0.6052062059238364,0.2215699576868829,0.0465122708039492,0.0435729196050775,0.0831406205923836,0.2479397743300423,0.5464097320169252,0.2056503526093088,-0.0422894217207334,1,0.2157755329823362,0.4353620427992885,0.0988963260769139,0.2805638698035125,0.2148766547166477,0.2081126622112763,0.1959894564910902,0.5717501777297981,0.998072569632316,0.5584969306610881,0.4395756389712278,0.6495724308479346,0.1832188568132598,0.0386689004190232,0.0417543814675443,0.0867866128266831,0.174126451762878,0.6232632931443334,0.2026111744234242,0.0284847226605461,3.0,-0.09334676293805562,0.0055679689934735,-0.0118368934526847,0.0320456330216127
2025-03-05,0.0203805585774462,0.0228234279552878,0.017468142041225,12,560897000.0,2.2500622144736,0.008380106974758,0.2676659528907923,0.4860813704496788,0.1777301927194861,0.3276231263383297,0.2334047109207709,0.2312633832976445,0.2762312633832976,0.6466809421841542,1.0085653104925054,0.6745182012847966,0.3340471092077088,0.6425051391862955,0.1803293361884368,0.0489226980728051,0.0449250535331905,0.0833182012847965,0.2151633832976445,0.587997858672377,0.1968430406852248,-0.0183203426124197,1,0.2990126939351198,0.461212976022567,0.1311706629055007,0.3018335684062059,0.2186177715091678,0.1875881523272214,0.2468265162200282,0.6417489421720733,1.0818053596614952,0.6967559943582511,0.385049365303244,0.6052062059238364,0.2215699576868829,0.0465122708039492,0.0435729196050775,0.0831406205923836,0.2479397743300423,0.5464097320169252,0.2056503526093088,-0.0422894217207334,1.0,-0.14136868829337101,0.021555394568905,0.0107478082105321,-0.0672054405922565
2025-03-06,-0.0485677427595615,-0.0333774187588233,0.0504525711440113,12,631571500.0,2.140781771648036,0.0203805585774462,0.3222748815165877,0.4549763033175355,0.1753554502369668,0.3601895734597156,0.1800947867298578,0.2037914691943128,0.2630331753554502,0.542654028436019,0.7725118483412322,0.7464454976303317,0.0260663507109004,0.6135381516587678,0.2036398104265403,0.0504116113744075,0.0456789099526066,0.0867345971563981,0.2575708530805687,0.5513810426540284,0.1910488151658768,-0.0665220379146919,1,0.2676659528907923,0.4860813704496788,0.1777301927194861,0.3276231263383297,0.2334047109207709,0.2312633832976445,0.2762312633832976,0.6466809421841542,1.0085653104925054,0.6745182012847966,0.3340471092077088,0.6425051391862955,0.1803293361884368,0.0489226980728051,0.0449250535331905,0.0833182012847965,0.2151633832976445,0.587997858672377,0.1968430406852248,-0.0183203426124197,1.0,-0.10100877944325493,-0.0415719670967502,-0.0177511028794872,0.1340629499838053
2025-03-07,0.0241101391082886,0.0258163281793595,0.0262396498504611,12,640578300.0,2.192396317962958,-0.0485677427595615,0.276978417266187,0.4334532374100719,0.1276978417266187,0.329136690647482,0.1996402877697841,0.197841726618705,0.197841726618705,0.5719424460431655,0.9532374100719424,0.6079136690647482,0.3453237410071942,0.6291023381294963,0.1956320143884892,0.0442872302158273,0.0406422661870503,0.0903402877697841,0.2315347122302158,0.5625557553956835,0.2059079136690647,-0.025626798561151,1,0.3222748815165877,0.4549763033175355,0.1753554502369668,0.3601895734597156,0.1800947867298578,0.2037914691943128,0.2630331753554502,0.542654028436019,0.7725118483412322,0.7464454976303317,0.0260663507109004,0.6135381516587678,0.2036398104265403,0.0504116113744075,0.0456789099526066,0.0867345971563981,0.2575708530805687,0.5513810426540284,0.1910488151658768,-0.0665220379146919,1.0,-0.1216379146919431,0.0293376865816492,0.0056048629971032,-0.0603136288453071
2025-03-10,-0.0502294492615917,-0.0484830959272701,0.0141023593323739,12,643009400.0,2.0822734583485376,0.0241101391082886,0.2680195154374156,0.4712149422467389,0.1366031524898762,0.2905123780023799,0.21564247051977,0.1940281766576873,0.2080733327154322,0.5315857605145514,0.9085665964310172,0.5822068389272534,0.3263597575037639,0.6111497620102266,0.198300945292486,0.0422368975328467,0.0498349580953832,0.0984807854631859,0.2278318760050824,0.5597493561509118,0.2124193352876336,-0.0154125407174487,3,0.276978417266187,0.4334532374100719,0.1276978417266187,0.329136690647482,0.1996402877697841,0.197841726618705,0.197841726618705,0.5719424460431655,0.9532374100719424,0.6079136690647482,0.3453237410071942,0.6291023381294963,0.1956320143884892,0.0442872302158273,0.0406422661870503,0.0903402877697841,0.2315347122302158,0.5625557553956835,0.2059079136690647,-0.025626798561151,1.0,-0.10893669064748211,-0.0462596594444758,-0.0266355558695019,0.1921266414154501
2025-03-11,0.003295272749978,0.0016103058633313,0.0173125873725618,12,605468200.0,2.089135117333836,-0.0502294492615917,0.3393739703459638,0.443163097199341,0.1630971993410214,0.3542009884678748,0.1812191103789127,0.257001647446458,0.3459637561779242,0.5996705107084019,0.9752883031301482,0.7166392092257001,0.2586490939044481,0.6227355848434926,0.2096013179571663,0.0494373970345963,0.0455878088962108,0.0726354200988467,0.2652415156507413,0.5448093904448106,0.1899471169686985,-0.0752943986820428,1,0.2680195154374156,0.4712149422467389,0.1366031524898762,0.2905123780023799,0.21564247051977,0.1940281766576873,0.2080733327154322,0.5315857605145514,0.9085665964310172,0.5822068389272534,0.3263597575037639,0.6111497620102266,0.198300945292486,0.0422368975328467,0.0498349580953832,0.0984807854631859,0.2278318760050824,0.5597493561509118,0.2124193352876336,-0.0154125407174487,3.0,-0.09222209926676364,-0.0118299323553074,-0.0083129584352078,-0.0337401476476764
2025-03-12,0.0352574186637839,0.0381585652290159,0.0212911355411192,12,606636600.0,2.1627926288108887,0.003295272749978,0.2539964476021314,0.3499111900532859,0.1225577264653641,0.2202486678507993,0.1190053285968028,0.1563055062166962,0.2753108348134991,0.5204262877442274,0.8880994671403197,0.4955595026642984,0.3925399644760213,0.6550467140319716,0.1738097690941385,0.0414243339253996,0.0403312611012433,0.0893865008880994,0.2116742451154529,0.5820126110124334,0.2063099467140319,-0.0053642984014209,1,0.3393739703459638,0.443163097199341,0.1630971993410214,0.3542009884678748,0.1812191103789127,0.257001647446458,0.3459637561779242,0.5996705107084019,0.9752883031301482,0.7166392092257001,0.2586490939044481,0.6227355848434926,0.2096013179571663,0.0494373970345963,0.0455878088962108,0.0726354200988467,0.2652415156507413,0.5448093904448106,0.1899471169686985,-0.0752943986820428,1.0,-0.1408154859967051,0.0206120624883752,0.0053065530728819,-0.0999257253504416
2025-03-13,0.0016971223082237,-0.010214706544835,0.0467535503078692,12,669899900.0,2.166463152429305,0.0352574186637839,0.2957746478873239,0.3896713615023474,0.1713615023474178,0.3028169014084507,0.1713615023474178,0.2464788732394366,0.2323943661971831,0.5352112676056338,0.903755868544601,0.6408450704225352,0.2629107981220657,0.6187166666666667,0.2038744131455399,0.0489741784037558,0.0416495305164319,0.0867887323943662,0.2451807511737089,0.5758415492957747,0.1789786384976525,-0.0662021126760563,1,0.2539964476021314,0.3499111900532859,0.1225577264653641,0.2202486678507993,0.1190053285968028,0.1563055062166962,0.2753108348134991,0.5204262877442274,0.8880994671403197,0.4955595026642984,0.3925399644760213,0.6550467140319716,0.1738097690941385,0.0414243339253996,0.0403312611012433,0.0893865008880994,0.2116742451154529,0.5820126110124334,0.2063099467140319,-0.0053642984014209,1.0,-0.0855163410301954,-0.0049979560730977,-0.013330418660348,0.0177466080602366
2025-03-14,0.0319483656714341,0.0298446024161573,0.0179452558890096,12,521617700.0,2.235678109436805,0.0016971223082237,0.317351598173516,0.4589041095890411,0.1780821917808219,0.3242009132420091,0.182648401826484,0.2579908675799087,0.2397260273972602,0.6141552511415526,1.0182648401826484,0.730593607305936,0.2876712328767123,0.6300561643835617,0.2161997716894977,0.0438426940639269,0.0370509132420091,0.0728506849315068,0.2065118721461187,0.5717933789954338,0.2217011415525114,0.0151892694063926,1,0.2957746478873239,0.3896713615023474,0.1713615023474178,0.3028169014084507,0.1713615023474178,0.2464788732394366,0.2323943661971831,0.5352112676056338,0.903755868544601,0.6408450704225352,0.2629107981220657,0.6187166666666667,0.2038744131455399,0.0489741784037558,0.0416495305164319,0.0867887323943662,0.2451807511737089,0.5758415492957747,0.1789786384976525,-0.0662021126760563,1.0,-0.12441032863849759,0.0308559355715336,0.0206558286805709,-0.1171938121464231
2025-03-17,0.0144649722656565,0.0105497637103474,0.0227784924569119,12,549437800.0,2.268017131284743,0.0319483656714341,0.2655183798200557,0.4803861274252335,0.1287890259957298,0.3174210271416975,0.2298161222183568,0.270893922960962,0.1606535198713969,0.6165395870423803,1.0778841890573734,0.6933904498150308,0.3844937392423426,0.5960367755335912,0.2272043323078741,0.0439240130603929,0.0364918069908572,0.0963479672717102,0.205599750129035,0.575758112022883,0.2186403202524766,0.0130405701234416,3,0.317351598173516,0.4589041095890411,0.1780821917808219,0.3242009132420091,0.182648401826484,0.2579908675799087,0.2397260273972602,0.6141552511415526,1.0182648401826484,0.730593607305936,0.2876712328767123,0.6300561643835617,0.2161997716894977,0.0438426940639269,0.0370509132420091,0.0728506849315068,0.2065118721461187,0.5717933789954338,0.2217011415525114,0.0151892694063926,1.0,-0.1501408675799087,0.0165075482802323,0.0077112151096643,-0.0578778228014456
2025-03-18,-0.0140599856889955,-0.0123373074218488,0.0124988793326881,12,545546600.0,2.2361288428764827,0.0144649722656565,0.163855421686747,0.3927710843373494,0.0795180722891566,0.2265060240963855,0.1662650602409638,0.1686746987951807,0.1759036144578313,0.4819277108433735,0.8843373493975903,0.4698795180722891,0.4144578313253012,0.675221204819277,0.151464578313253,0.0348621686746987,0.0390226506024096,0.0994325301204819,0.1286178313253012,0.6652812048192771,0.2060987951807229,0.0774809638554216,1,0.2655183798200557,0.4803861274252335,0.1287890259957298,0.3174210271416975,0.2298161222183568,0.270893922960962,0.1606535198713969,0.6165395870423803,1.0778841890573734,0.6933904498150308,0.3844937392423426,0.5960367755335912,0.2272043323078741,0.0439240130603929,0.0364918069908572,0.0963479672717102,0.205599750129035,0.575758112022883,0.2186403202524766,0.0130405701234416,3.0,-0.1382885711056996,-0.0132677051651158,-0.0108084466550893,0.0580205032071077
2025-03-19,0.0071495753711633,0.0099865234414096,0.0262040876889746,12,539746700.0,2.25211621457826,-0.0140599856889955,0.2183908045977011,0.4099616858237548,0.0938697318007662,0.2873563218390804,0.1954022988505747,0.1819923371647509,0.2183908045977011,0.5306513409961686,0.8505747126436781,0.6149425287356322,0.2356321839080459,0.581961877394636,0.2363051724137931,0.0447998084291187,0.0455459770114942,0.0913888888888888,0.202431417624521,0.5977065134099616,0.1998624521072796,-0.0025689655172413,1,0.163855421686747,0.3927710843373494,0.0795180722891566,0.2265060240963855,0.1662650602409638,0.1686746987951807,0.1759036144578313,0.4819277108433735,0.8843373493975903,0.4698795180722891,0.4144578313253012,0.675221204819277,0.151464578313253,0.0348621686746987,0.0390226506024096,0.0994325301204819,0.1286178313253012,0.6652812048192771,0.2060987951807229,0.0774809638554216,1.0,-0.047871566265060214,0.0081401945515415,0.0108908956858035,-0.0829493585771355
2025-03-20,0.0012642551340113,-0.000837226585185,0.0111786508884764,12,449736700.0,2.254963464064931,0.0071495753711633,0.2067901234567901,0.3611111111111111,0.1049382716049382,0.25,0.1728395061728395,0.2006172839506173,0.2129629629629629,0.5370370370370371,0.9228395061728396,0.4814814814814814,0.441358024691358,0.6365648148148148,0.1945015432098765,0.0449197530864197,0.0404074074074074,0.0836012345679012,0.181670061728395,0.6752003086419753,0.1431293209876543,-0.0385407407407407,1,0.2183908045977011,0.4099616858237548,0.0938697318007662,0.2873563218390804,0.1954022988505747,0.1819923371647509,0.2183908045977011,0.5306513409961686,0.8505747126436781,0.6149425287356322,0.2356321839080459,0.581961877394636,0.2363051724137931,0.0447998084291187,0.0455459770114942,0.0913888888888888,0.202431417624521,0.5977065134099616,0.1998624521072796,-0.0025689655172413,1.0,-0.1441701149425288,-0.0079760281398536,-0.0028918019935593,-0.0050251448938023
2025-03-21,-0.0135980312115081,-0.0070782400185382,0.0235137210482878,12,570983300.0,2.2243004004997653,0.0012642551340113,0.2222222222222222,0.3696145124716553,0.1224489795918367,0.2358276643990929,0.2063492063492063,0.1859410430839002,0.1972789115646258,0.5510204081632653,0.873015873015873,0.5759637188208617,0.2970521541950113,0.5946020408163265,0.2280269841269841,0.0446755102040816,0.0387589569160997,0.0939396825396825,0.2389875283446712,0.6087802721088436,0.1522351473922902,-0.0867523809523809,1,0.2067901234567901,0.3611111111111111,0.1049382716049382,0.25,0.1728395061728395,0.2006172839506173,0.2129629629629629,0.5370370370370371,0.9228395061728396,0.4814814814814814,0.441358024691358,0.6365648148148148,0.1945015432098765,0.0449197530864197,0.0404074074074074,0.0836012345679012,0.181670061728395,0.6752003086419753,0.1431293209876543,-0.0385407407407407,1.0,-0.11541265432098761,-0.0104719810886553,0.0003299202880611,-0.026262554063221
2025-03-24,0.0244627092423661,0.0242519855767229,0.0184058690742606,12,464854300.0,2.27871281446487,-0.0135980312115081,0.2167035385352988,0.4578587975276897,0.1324717714983703,0.2687140028907328,0.2357469788484877,0.2295238087503278,0.239070008633215,0.5654831257057295,0.8785751026091043,0.5938658827739882,0.2847092198351161,0.6040386746431184,0.2093596407727065,0.0469274053493446,0.0461501423113355,0.0935214900052058,0.1957066214268871,0.645075256800924,0.1592172140731421,-0.0364894073537449,3,0.2222222222222222,0.3696145124716553,0.1224489795918367,0.2358276643990929,0.2063492063492063,0.1859410430839002,0.1972789115646258,0.5510204081632653,0.873015873015873,0.5759637188208617,0.2970521541950113,0.5946020408163265,0.2280269841269841,0.0446755102040816,0.0387589569160997,0.0939396825396825,0.2389875283446712,0.6087802721088436,0.1522351473922902,-0.0867523809523809,1.0,-0.1400038548752835,0.0296920502079158,0.01790855519805,-0.0933610518829477
2025-03-25,-0.0067130943663651,-0.0050167187861167,0.0095525550177417,12,329291100.0,2.2634156003075216,0.0244627092423661,0.199481865284974,0.349740932642487,0.116580310880829,0.2253886010362694,0.1787564766839378,0.1761658031088082,0.1761658031088082,0.5440414507772021,0.844559585492228,0.4792746113989637,0.3652849740932642,0.6170183937823834,0.215710621761658,0.0378388601036269,0.0465155440414507,0.0829134715025906,0.1818782383419689,0.6756531088082901,0.1424655440414508,-0.0394126943005181,1,0.2167035385352988,0.4578587975276897,0.1324717714983703,0.2687140028907328,0.2357469788484877,0.2295238087503278,0.239070008633215,0.5654831257057295,0.8785751026091043,0.5938658827739882,0.2847092198351161,0.6040386746431184,0.2093596407727065,0.0469274053493446,0.0461501423113355,0.0935214900052058,0.1957066214268871,0.645075256800924,0.1592172140731421,-0.0364894073537449,3.0,-0.11661541380550978,-0.0054067133812846,0.0024038818271738,-0.0188787146652199
2025-03-26,-0.0341869742986336,-0.0305500294911953,0.0172547038228575,12,504997000.0,2.186036269352682,-0.0067130943663651,0.2883895131086142,0.3576779026217228,0.1741573033707865,0.2584269662921348,0.147940074906367,0.2022471910112359,0.2621722846441947,0.4943820224719101,0.8033707865168539,0.5711610486891385,0.2322097378277153,0.6440430711610486,0.1960471910112359,0.0440913857677902,0.037241947565543,0.0785756554307116,0.2258468164794007,0.5850496254681647,0.1891044943820224,-0.0367423220973782,1,0.199481865284974,0.349740932642487,0.116580310880829,0.2253886010362694,0.1787564766839378,0.1761658031088082,0.1761658031088082,0.5440414507772021,0.844559585492228,0.4792746113989637,0.3652849740932642,0.6170183937823834,0.215710621761658,0.0378388601036269,0.0465155440414507,0.0829134715025906,0.1818782383419689,0.6756531088082901,0.1424655440414508,-0.0394126943005181,1.0,-0.12412046632124361,-0.0280130530290775,-0.0119383402635633,0.0688046840479699
2025-03-27,-0.018608530095407,-0.0201957656108113,0.0137776043077682,12,431220200.0,2.145357347644781,-0.0341869742986336,0.2620232172470978,0.3665008291873963,0.1194029850746268,0.2868988391376451,0.2023217247097844,0.1973466003316749,0.2686567164179104,0.4759535655058043,0.9353233830845772,0.5588723051409619,0.3764510779436152,0.6076441127694859,0.2034499170812603,0.0481398009950248,0.0461706467661691,0.0945948590381426,0.2313008291873963,0.6108784411276948,0.1578199004975124,-0.0734809286898839,1,0.2883895131086142,0.3576779026217228,0.1741573033707865,0.2584269662921348,0.147940074906367,0.2022471910112359,0.2621722846441947,0.4943820224719101,0.8033707865168539,0.5711610486891385,0.2322097378277153,0.6440430711610486,0.1960471910112359,0.0440913857677902,0.037241947565543,0.0785756554307116,0.2258468164794007,0.5850496254681647,0.1891044943820224,-0.0367423220973782,1.0,-0.12432097378277152,-0.0197007942835354,-0.0026556435220658,0.0196399679132555
2025-03-28,-0.0279662709701545,-0.0296227735140883,0.0095550157095121,12,430495800.0,2.085359702732735,-0.018608530095407,0.262,0.43,0.136,0.28,0.202,0.192,0.244,0.508,0.898,0.626,0.272,0.5997336,0.2299354,0.0519735999999999,0.0342434,0.0841186,0.209239,0.618254,0.1725064,-0.0367326,1,0.2620232172470978,0.3665008291873963,0.1194029850746268,0.2868988391376451,0.2023217247097844,0.1973466003316749,0.2686567164179104,0.4759535655058043,0.9353233830845772,0.5588723051409619,0.3764510779436152,0.6076441127694859,0.2034499170812603,0.0481398009950248,0.0461706467661691,0.0945948590381426,0.2313008291873963,0.6108784411276948,0.1578199004975124,-0.0734809286898839,1.0,-0.1108242122719734,-0.0302221073026642,-0.0201382839353789,0.1583734082339289
2025-03-31,-0.0038932686271019,-0.002325147022171,0.008811657244931,12,518455000.0,2.077240837225863,-0.0279662709701545,0.2516744221313757,0.3893308289771506,0.1568470760018753,0.2302584741427462,0.1954543678268013,0.2139459959259911,0.2393911388954251,0.5477156330228442,0.8798182579055983,0.6071434866827139,0.2726747712228844,0.6262163384833425,0.2099890860424298,0.0413389029563844,0.0388594675351891,0.0835946679690213,0.2044208251327606,0.6282083659803376,0.167371039084912,-0.0370497860478485,3,0.262,0.43,0.136,0.28,0.202,0.192,0.244,0.508,0.898,0.626,0.272,0.5997336,0.2299354,0.0519735999999999,0.0342434,0.0841186,0.209239,0.618254,0.1725064,-0.0367326,1.0,-0.16354699999999991,-0.0027028949543194,0.0067127716981012,0.0290993570076563
2025-04-01,0.005147439352906,0.0052116141226546,0.0132901853613832,12,390327000.0,2.087933308456863,-0.0038932686271019,0.272463768115942,0.5043478260869565,0.136231884057971,0.3304347826086956,0.2289855072463768,0.1710144927536231,0.2289855072463768,0.7855072463768116,1.2521739130434784,0.5971014492753624,0.6550724637681159,0.6466852173913044,0.1803489855072463,0.0378866666666666,0.0408266666666666,0.0942536231884057,0.2042327536231884,0.5935301449275362,0.2022333333333333,-0.001999420289855,1,0.2516744221313757,0.3893308289771506,0.1568470760018753,0.2302584741427462,0.1954543678268013,0.2139459959259911,0.2393911388954251,0.5477156330228442,0.8798182579055983,0.6071434866827139,0.2726747712228844,0.6262163384833425,0.2099890860424298,0.0413389029563844,0.0388594675351891,0.0835946679690213,0.2044208251327606,0.6282083659803376,0.167371039084912,-0.0370497860478485,3.0,-0.12887385349460379,0.0005314349658092,0.0028244687525555,-0.0228904943071894
2025-04-02,0.0068646133900098,0.0060976190994458,0.0070644970979957,12,377362500.0,2.102266163403544,0.005147439352906,0.3054393305439331,0.4225941422594142,0.1380753138075313,0.3054393305439331,0.1548117154811715,0.1673640167364016,0.2887029288702928,0.5104602510460251,0.7405857740585774,0.5648535564853556,0.1757322175732217,0.6300422594142259,0.1978192468619246,0.04638410041841,0.0401163179916317,0.085639330543933,0.2045468619246861,0.6151602510460251,0.1802907949790795,-0.0242560669456066,1,0.272463768115942,0.5043478260869565,0.136231884057971,0.3304347826086956,0.2289855072463768,0.1710144927536231,0.2289855072463768,0.7855072463768116,1.2521739130434784,0.5971014492753624,0.6550724637681159,0.6466852173913044,0.1803489855072463,0.0378866666666666,0.0408266666666666,0.0942536231884057,0.2042327536231884,0.5935301449275362,0.2022333333333333,-0.001999420289855,1.0,-0.08315536231884058,0.0064269312685805,0.0063283240704119,-0.0119430511444529
2025-04-03,-0.0888898801064185,-0.0920559667691068,0.0425645214019842,12,827118500.0,1.915395976186822,0.0068646133900098,0.3950995405819295,0.4793261868300153,0.2174578866768759,0.3200612557427258,0.226646248085758,0.2388973966309341,0.3001531393568147,0.5681470137825421,0.9617151607963248,0.8284839203675345,0.1332312404287902,0.5850947932618683,0.2272712098009188,0.0576686064318529,0.0403990811638591,0.0895678407350689,0.2596113323124043,0.5328320061255742,0.2075546707503828,-0.0520566615620214,1,0.3054393305439331,0.4225941422594142,0.1380753138075313,0.3054393305439331,0.1548117154811715,0.1673640167364016,0.2887029288702928,0.5104602510460251,0.7405857740585774,0.5648535564853556,0.1757322175732217,0.6300422594142259,0.1978192468619246,0.04638410041841,0.0401163179916317,0.085639330543933,0.2045468619246861,0.6151602510460251,0.1802907949790795,-0.0242560669456066,1.0,-0.11844769874476989,-0.1009077534562781,-0.0492806970922774,0.395629945993925
2025-04-04,-0.0812765890586666,-0.0796450007839442,0.0286541311870703,12,1036497200.0,1.759719124545662,-0.0888898801064185,0.4085027726432532,0.4232902033271719,0.2587800369685767,0.4029574861367837,0.1959334565619223,0.2476894639556377,0.3456561922365989,0.5748613678373382,0.833641404805915,0.9519408502772644,-0.1182994454713493,0.5894493530499075,0.2322231053604436,0.0616900184842883,0.0400299445471349,0.0766123844731977,0.3045044362292051,0.5031796672828096,0.1923142329020332,-0.1121902033271719,1,0.3950995405819295,0.4793261868300153,0.2174578866768759,0.3200612557427258,0.226646248085758,0.2388973966309341,0.3001531393568147,0.5681470137825421,0.9617151607963248,0.8284839203675345,0.1332312404287902,0.5850947932618683,0.2272712098009188,0.0576686064318529,0.0403990811638591,0.0895678407350689,0.2596113323124043,0.5328320061255742,0.2075546707503828,-0.0520566615620214,1.0,-0.1549728943338437,-0.0747240583279174,-0.0585430672604805,0.5093271379872046
2025-04-07,0.0263803350506048,0.0335355949867409,0.0281232350084666,12,1092243800.0,1.8061411046461335,-0.0812765890586666,0.3787263895073251,0.4744215960320397,0.2023319029222687,0.3273034792703631,0.226127471637063,0.2474061580386548,0.2621057401118983,0.6089225944223232,1.0186322476834333,0.7133370540167071,0.3052951936667264,0.5717264525287908,0.2410430410786974,0.058719423373804,0.0419975654261349,0.0865153060592152,0.2323272227850936,0.5937496787649942,0.1739226940483225,-0.058404528736771,3,0.4085027726432532,0.4232902033271719,0.2587800369685767,0.4029574861367837,0.1959334565619223,0.2476894639556377,0.3456561922365989,0.5748613678373382,0.833641404805915,0.9519408502772644,-0.1182994454713493,0.5894493530499075,0.2322231053604436,0.0616900184842883,0.0400299445471349,0.0766123844731977,0.3045044362292051,0.5031796672828096,0.1923142329020332,-0.1121902033271719,1.0,-0.17727079482439934,0.0230919991653071,-0.0017811932094612,0.0368571643860009
2025-04-08,-0.0312121284010322,-0.0320944431525984,0.0232943733791479,12,928907900.0,1.7497675965775363,0.0263803350506048,0.3634651600753296,0.5103578154425612,0.167608286252354,0.3879472693032015,0.199623352165725,0.3088512241054614,0.2598870056497175,0.5235404896421846,0.9340866290018832,0.8060263653483992,0.128060263653484,0.6472608286252354,0.1828103578154425,0.0439167608286252,0.0414186440677966,0.0845937853107344,0.2569001883239171,0.5475352165725047,0.1955645951035781,-0.0613355932203389,1,0.3787263895073251,0.4744215960320397,0.2023319029222687,0.3273034792703631,0.226127471637063,0.2474061580386548,0.2621057401118983,0.6089225944223232,1.0186322476834333,0.7133370540167071,0.3052951936667264,0.5717264525287908,0.2410430410786974,0.058719423373804,0.0419975654261349,0.0865153060592152,0.2323272227850936,0.5937496787649942,0.1739226940483225,-0.058404528736771,3.0,-0.1712495929671513,-0.0397470360097087,-0.0156627146767479,0.1138782958907558
2025-04-09,0.1791481477965215,0.1834398790306283,0.0304368725561984,12,1233185500.0,2.063235220578773,-0.0312121284010322,0.4439411098527746,0.4620611551528878,0.2231030577576443,0.3657984144960362,0.2276330690826727,0.2287655719139298,0.3352208380520951,0.6511891279728199,0.987542468856172,0.8674971687429218,0.1200453001132502,0.6037073612684032,0.2280354473386183,0.0578125707814269,0.0399962627406568,0.0704494903737259,0.25281087202718,0.5480211778029445,0.1991689694224235,-0.0536419026047565,1,0.3634651600753296,0.5103578154425612,0.167608286252354,0.3879472693032015,0.199623352165725,0.3088512241054614,0.2598870056497175,0.5235404896421846,0.9340866290018832,0.8060263653483992,0.128060263653484,0.6472608286252354,0.1828103578154425,0.0439167608286252,0.0414186440677966,0.0845937853107344,0.2569001883239171,0.5475352165725047,0.1955645951035781,-0.0613355932203389,1.0,-0.1007146892655367,0.185716038054946,0.1050192812545172,-0.3575387396234843
2025-04-10,-0.0748306603174938,-0.0677951456177658,0.0228924233724984,12,844175300.0,1.9088419666325536,0.1791481477965215,0.4222936763129689,0.4297963558413719,0.2561629153269024,0.3397642015005359,0.1993569131832797,0.2079314040728831,0.3879957127545552,0.5905680600214362,0.8553054662379421,0.7952840300107181,0.060021436227224,0.6085501607717041,0.2152854233654876,0.0614110396570203,0.0377046087888531,0.0770485530546623,0.2728773847802787,0.5204967845659164,0.2066255091103965,-0.0662518756698821,1,0.4439411098527746,0.4620611551528878,0.2231030577576443,0.3657984144960362,0.2276330690826727,0.2287655719139298,0.3352208380520951,0.6511891279728199,0.987542468856172,0.8674971687429218,0.1200453001132502,0.6037073612684032,0.2280354473386183,0.0578125707814269,0.0399962627406568,0.0704494903737259,0.25281087202718,0.5480211778029445,0.1991689694224235,-0.0536419026047565,1.0,-0.1754022650056625,-0.0817449128855724,-0.0438189941234766,0.2111838939436969
2025-04-11,0.0272374759398656,0.030443366134744,0.0212827871808871,12,641670700.0,1.9608340037717136,-0.0748306603174938,0.4076923076923077,0.3892307692307692,0.2261538461538461,0.4092307692307692,0.2061538461538461,0.2353846153846154,0.3292307692307692,0.6553846153846153,0.9507692307692308,0.8969230769230769,0.0538461538461538,0.6015121538461538,0.2269858461538461,0.0581724615384615,0.0368530769230769,0.0764770769230769,0.3087686153846153,0.4638098461538462,0.2274232307692307,-0.0813453846153846,1,0.4222936763129689,0.4297963558413719,0.2561629153269024,0.3397642015005359,0.1993569131832797,0.2079314040728831,0.3879957127545552,0.5905680600214362,0.8553054662379421,0.7952840300107181,0.060021436227224,0.6085501607717041,0.2152854233654876,0.0614110396570203,0.0377046087888531,0.0770485530546623,0.2728773847802787,0.5204967845659164,0.2066255091103965,-0.0662518756698821,1.0,-0.1619433011789925,0.0216476171072714,0.0178427055150394,-0.0776031373448359
2025-04-14,0.0015948706253317,-0.0004018739043777,0.0146689874654661,12,524250000.0,1.963961280325481,0.0272374759398656,0.3555228086702195,0.3931726301038742,0.2744937758051662,0.2934666458641294,0.1770707798032251,0.2090865399547415,0.3618146387122462,0.5997861694134364,0.869448828688047,0.757865497908365,0.1115833307796818,0.6172983373911244,0.2156769423773348,0.0583777696676918,0.0386951784561623,0.0699549877748797,0.2370008766357174,0.5798729543749856,0.1831258887529879,-0.0538749878827294,3,0.4076923076923077,0.3892307692307692,0.2261538461538461,0.4092307692307692,0.2061538461538461,0.2353846153846154,0.3292307692307692,0.6553846153846153,0.9507692307692308,0.8969230769230769,0.0538461538461538,0.6015121538461538,0.2269858461538461,0.0581724615384615,0.0368530769230769,0.0764770769230769,0.3087686153846153,0.4638098461538462,0.2274232307692307,-0.0813453846153846,1.0,-0.1718281538461538,0.0066179293762447,0.00970155250508,-0.177582580931044
2025-04-15,0.0056569573577295,0.0084533578029821,0.0110617226166249,12,408296300.0,1.975071325540514,0.0015948706253317,0.3189189189189189,0.3981981981981982,0.1801801801801801,0.2918918918918919,0.2108108108108108,0.1819819819819819,0.2846846846846846,0.5513513513513514,1.0162162162162165,0.6468468468468469,0.3693693693693693,0.6380466666666667,0.1892461261261261,0.0454931531531531,0.0417881081081081,0.0854286486486486,0.2152664864864864,0.5765488288288289,0.2081859459459459,-0.0070805405405405,1,0.3555228086702195,0.3931726301038742,0.2744937758051662,0.2934666458641294,0.1770707798032251,0.2090865399547415,0.3618146387122462,0.5997861694134364,0.869448828688047,0.757865497908365,0.1115833307796818,0.6172983373911244,0.2156769423773348,0.0583777696676918,0.0386951784561623,0.0699549877748797,0.2370008766357174,0.5798729543749856,0.1831258887529879,-0.0538749878827294,3.0,-0.16540454581398462,0.0040945663727127,-0.0028009238239182,-0.0249271144587032
2025-04-16,-0.0436210855710117,-0.0420963160349878,0.0194447122714145,12,698926200.0,1.88891657024026,0.0056569573577295,0.312039312039312,0.4520884520884521,0.1805896805896805,0.3574938574938575,0.1916461916461916,0.2211302211302211,0.300982800982801,0.6277641277641277,0.9877149877149876,0.6842751842751843,0.3034398034398034,0.6527323095823097,0.1904621621621621,0.0418498771498771,0.0415017199017199,0.0734590909090909,0.2691040540540541,0.5408711302211302,0.1900248157248157,-0.0790792383292383,1,0.3189189189189189,0.3981981981981982,0.1801801801801801,0.2918918918918919,0.2108108108108108,0.1819819819819819,0.2846846846846846,0.5513513513513514,1.0162162162162165,0.6468468468468469,0.3693693693693693,0.6380466666666667,0.1892461261261261,0.0454931531531531,0.0417881081081081,0.0854286486486486,0.2152664864864864,0.5765488288288289,0.2081859459459459,-0.0070805405405405,1.0,-0.1075225225225225,-0.0385962145625135,-0.0222281475540838,0.0836652881872621
2025-04-17,-0.0090950249895354,-0.0082962367578139,0.0112804515270721,12,525827500.0,1.871736826830777,-0.0436210855710117,0.314878892733564,0.5311418685121108,0.157439446366782,0.2975778546712803,0.2543252595155709,0.2474048442906574,0.3131487889273356,0.7179930795847751,1.1453287197231834,0.7612456747404844,0.3840830449826989,0.6305034602076124,0.2117780276816609,0.0491103806228373,0.0396851211072664,0.0689250865051903,0.2698252595155709,0.5484301038062284,0.1817399653979238,-0.088085294117647,1,0.312039312039312,0.4520884520884521,0.1805896805896805,0.3574938574938575,0.1916461916461916,0.2211302211302211,0.300982800982801,0.6277641277641277,0.9877149877149876,0.6842751842751843,0.3034398034398034,0.6527323095823097,0.1904621621621621,0.0418498771498771,0.0415017199017199,0.0734590909090909,0.2691040540540541,0.5408711302211302,0.1900248157248157,-0.0790792383292383,1.0,-0.1173512285012284,-0.0050182451618395,0.0014269268974194,-0.0916053868575261
2025-04-21,-0.0237631731759781,-0.0231686523714763,0.0129075926988397,12,500998500.0,1.8272584204749411,-0.0090950249895354,0.303592021734588,0.4701301739305658,0.1797903135799023,0.3337307632805286,0.2280820368847156,0.2193738892279197,0.2676663449182827,0.6492353715771942,1.0109006627005166,0.6819262240542631,0.3289744386462536,0.5940927696812512,0.2332873757603265,0.0453885051313794,0.0397941469710864,0.0874388493353414,0.2511191228396832,0.5539352997358198,0.194945820579145,-0.0561733022605381,4,0.314878892733564,0.5311418685121108,0.157439446366782,0.2975778546712803,0.2543252595155709,0.2474048442906574,0.3131487889273356,0.7179930795847751,1.1453287197231834,0.7612456747404844,0.3840830449826989,0.6305034602076124,0.2117780276816609,0.0491103806228373,0.0396851211072664,0.0689250865051903,0.2698252595155709,0.5484301038062284,0.1817399653979238,-0.088085294117647,1.0,-0.15227820069204148,-0.0174722330636694,-0.0238027023020652,0.1406408138261099
2025-04-22,0.0241461185161347,0.0214211466620235,0.0107862095416288,12,454511600.0,1.8713796188553344,-0.0237631731759781,0.3207236842105263,0.4325657894736842,0.1792763157894736,0.2549342105263157,0.2368421052631578,0.2088815789473684,0.3059210526315789,0.6299342105263158,0.96875,0.6858552631578947,0.2828947368421052,0.6184491776315789,0.2083439144736842,0.0478845394736842,0.0404243421052631,0.0848985197368421,0.2550092105263158,0.5372868421052632,0.2077019736842105,-0.0473072368421052,1,0.303592021734588,0.4701301739305658,0.1797903135799023,0.3337307632805286,0.2280820368847156,0.2193738892279197,0.2676663449182827,0.6492353715771942,1.0109006627005166,0.6819262240542631,0.3289744386462536,0.5940927696812512,0.2332873757603265,0.0453885051313794,0.0397941469710864,0.0874388493353414,0.2511191228396832,0.5539352997358198,0.194945820579145,-0.0561733022605381,4.0,-0.15144288458527808,0.0194329623701603,0.026017758916625,-0.0960969849002505
2025-04-23,0.0410814646449299,0.0405395519183455,0.0129282223791381,12,511262500.0,1.9482586345045825,0.0241461185161347,0.3314285714285714,0.4257142857142857,0.2028571428571428,0.2871428571428571,0.2028571428571428,0.2328571428571428,0.3857142857142857,0.6671428571428571,0.9028571428571428,0.6942857142857143,0.2085714285714285,0.5724595714285714,0.2243845714285714,0.0641172857142857,0.0438585714285714,0.0951814285714285,0.303956,0.5240371428571429,0.172009,-0.1319469999999999,1,0.3207236842105263,0.4325657894736842,0.1792763157894736,0.2549342105263157,0.2368421052631578,0.2088815789473684,0.3059210526315789,0.6299342105263158,0.96875,0.6858552631578947,0.2828947368421052,0.6184491776315789,0.2083439144736842,0.0478845394736842,0.0404243421052631,0.0848985197368421,0.2550092105263158,0.5372868421052632,0.2077019736842105,-0.0473072368421052,1.0,-0.1309055921052632,0.0374654824231224,0.0154953557489621,-0.0693490007539548
2025-04-24,0.0490185344088126,0.046977053434313,0.0123353850907684,12,500855400.0,2.043759417417312,0.0410814646449299,0.3315972222222222,0.4809027777777778,0.2048611111111111,0.3333333333333333,0.2326388888888889,0.2777777777777778,0.3211805555555556,0.6892361111111112,0.9305555555555556,0.7517361111111112,0.1788194444444444,0.6044126736111112,0.2295194444444444,0.0516248263888888,0.0384715277777777,0.0759708333333333,0.2897401041666667,0.5206477430555556,0.1896135416666666,-0.1001265625,1,0.3314285714285714,0.4257142857142857,0.2028571428571428,0.2871428571428571,0.2028571428571428,0.2328571428571428,0.3857142857142857,0.6671428571428571,0.9028571428571428,0.6942857142857143,0.2085714285714285,0.5724595714285714,0.2243845714285714,0.0641172857142857,0.0438585714285714,0.0951814285714285,0.303956,0.5240371428571429,0.172009,-0.1319469999999999,1.0,-0.1494618571428572,0.0575489305746383,0.0210490196010606,-0.0695958311594923
2025-04-25,0.010134802270203,0.0091800837586383,0.0272210251242461,12,516538900.0,2.064472515000701,0.0490185344088126,0.3634615384615384,0.3730769230769231,0.2442307692307692,0.3,0.1942307692307692,0.2211538461538461,0.2576923076923076,0.7557692307692307,1.05,0.6884615384615385,0.3615384615384615,0.6255361538461538,0.2216036538461538,0.0436936538461538,0.0353117307692307,0.0738580769230769,0.2505542307692307,0.5517525,0.1976909615384615,-0.0528632692307692,1,0.3315972222222222,0.4809027777777778,0.2048611111111111,0.3333333333333333,0.2326388888888889,0.2777777777777778,0.3211805555555556,0.6892361111111112,0.9305555555555556,0.7517361111111112,0.1788194444444444,0.6044126736111112,0.2295194444444444,0.0516248263888888,0.0384715277777777,0.0759708333333333,0.2897401041666667,0.5206477430555556,0.1896135416666666,-0.1001265625,1.0,-0.16670190972222218,0.0097253110375379,0.0072253777163768,-0.0615791160955657
2025-04-28,-0.0035736053514893,-0.0036582874725126,0.0106206312525316,12,418108000.0,2.057094904973092,0.010134802270203,0.253611901747642,0.4624212449235497,0.1558260047595638,0.3069461914255929,0.2106833995874111,0.2397590944582744,0.2450666127070597,0.6446548013845227,0.9634507246351456,0.6335648970209281,0.3298858276142175,0.6018984297287888,0.2158739485894791,0.0475522529496525,0.0420298925239703,0.0926459479999276,0.230192232936392,0.5951750192580981,0.1746332599261087,-0.0555589730102831,3,0.3634615384615384,0.3730769230769231,0.2442307692307692,0.3,0.1942307692307692,0.2211538461538461,0.2576923076923076,0.7557692307692307,1.05,0.6884615384615385,0.3615384615384615,0.6255361538461538,0.2216036538461538,0.0436936538461538,0.0353117307692307,0.0738580769230769,0.2505542307692307,0.5517525,0.1976909615384615,-0.0528632692307692,1.0,-0.15612749999999997,-0.0017857359490558,0.0003811899359578,0.0124798495989577
2025-04-29,-0.0059762695035258,-0.0074887707017712,0.0070900653775186,12,340394000.0,2.0448011514266438,-0.0035736053514893,0.3659305993690852,0.4589905362776025,0.2381703470031545,0.3596214511041009,0.2365930599369085,0.2192429022082019,0.3627760252365931,0.6482649842271293,1.026813880126183,0.6908517350157729,0.3359621451104101,0.6050941640378549,0.2193585173501577,0.047968454258675,0.0386596214511041,0.0889205047318612,0.2578088328075709,0.5017148264984227,0.2404766561514195,-0.0173321766561514,1,0.253611901747642,0.4624212449235497,0.1558260047595638,0.3069461914255929,0.2106833995874111,0.2397590944582744,0.2450666127070597,0.6446548013845227,0.9634507246351456,0.6335648970209281,0.3298858276142175,0.6018984297287888,0.2158739485894791,0.0475522529496525,0.0420298925239703,0.0926459479999276,0.230192232936392,0.5951750192580981,0.1746332599261087,-0.0555589730102831,3.0,-0.12875036101523368,-0.0106786440354595,0.0062994531560474,-0.0389661851729919
2025-04-30,0.0058611816315613,0.0072783785013452,0.0091717793542462,12,431584200.0,2.05678610237558,-0.0059762695035258,0.2812051649928264,0.4318507890961262,0.1362984218077474,0.3027259684361549,0.1678622668579627,0.2109038737446198,0.242467718794835,0.5451936872309899,0.8751793400286944,0.6614060258249641,0.2137733142037302,0.6080616929698709,0.2300893830703012,0.0484519368723099,0.038260975609756,0.0751383070301291,0.2999899569583931,0.5065517934002869,0.1934571018651363,-0.1065328550932568,1,0.3659305993690852,0.4589905362776025,0.2381703470031545,0.3596214511041009,0.2365930599369085,0.2192429022082019,0.3627760252365931,0.6482649842271293,1.026813880126183,0.6908517350157729,0.3359621451104101,0.6050941640378549,0.2193585173501577,0.047968454258675,0.0386596214511041,0.0889205047318612,0.2578088328075709,0.5017148264984227,0.2404766561514195,-0.0173321766561514,1.0,-0.1397468454258674,0.0072872301533433,0.0003969240833687,0.0219280382694468
2025-05-01,-0.0009818563193719,-0.0005992506682224,0.0359466495081575,12,465164200.0,2.054766633943366,0.0058611816315613,0.3240611961057024,0.4728789986091794,0.1599443671766342,0.2726008344923505,0.2127955493741307,0.2294853963838664,0.2753824756606398,0.6300417246175244,0.9902642559109874,0.6161335187760779,0.3741307371349096,0.606761752433936,0.2239236439499304,0.050083588317107,0.0366015299026425,0.0826258692628651,0.2202753824756606,0.5701125173852574,0.2096166898470097,-0.0106586926286509,1,0.2812051649928264,0.4318507890961262,0.1362984218077474,0.3027259684361549,0.1678622668579627,0.2109038737446198,0.242467718794835,0.5451936872309899,0.8751793400286944,0.6614060258249641,0.2137733142037302,0.6080616929698709,0.2300893830703012,0.0484519368723099,0.038260975609756,0.0751383070301291,0.2999899569583931,0.5065517934002869,0.1934571018651363,-0.1065328550932568,1.0,-0.165142037302726,-0.0013597963053701,0.0070868036030948,-0.0040485983150158
2025-05-02,0.0327131914414247,0.0331642939292379,0.0062758506153946,12,392123000.0,2.1219846082070077,-0.0009818563193719,0.3071672354948805,0.4846416382252559,0.2303754266211604,0.3378839590443686,0.2764505119453925,0.2474402730375426,0.2849829351535836,0.7150170648464164,1.1092150170648465,0.6860068259385665,0.4232081911262799,0.5996781569965871,0.2064,0.0553105802047781,0.0470168941979522,0.0915940273037542,0.2281044368600682,0.5408970989761093,0.2310005119453924,0.0028960750853242,1,0.3240611961057024,0.4728789986091794,0.1599443671766342,0.2726008344923505,0.2127955493741307,0.2294853963838664,0.2753824756606398,0.6300417246175244,0.9902642559109874,0.6161335187760779,0.3741307371349096,0.606761752433936,0.2239236439499304,0.050083588317107,0.0366015299026425,0.0826258692628651,0.2202753824756606,0.5701125173852574,0.2096166898470097,-0.0106586926286509,1.0,-0.1547798331015298,0.0350782205180317,0.0148442413109757,-0.0780487823788901
2025-05-05,-0.0062994764280631,-0.0064571767837993,0.0091404010043198,12,288836900.0,2.1086172161868943,0.0327131914414247,0.3109801040281762,0.4849984129060653,0.1636362130552758,0.2669735724352038,0.2851383104193477,0.203438111956547,0.3105330979228506,0.6042030946134471,1.053948111662453,0.6115926648202966,0.4423554468421563,0.6162197504628601,0.209047633691959,0.0448242850015059,0.0402360757488328,0.0896729647776699,0.224397873169053,0.5803989090833493,0.1952038692859969,-0.0291940038830559,3,0.3071672354948805,0.4846416382252559,0.2303754266211604,0.3378839590443686,0.2764505119453925,0.2474402730375426,0.2849829351535836,0.7150170648464164,1.1092150170648465,0.6860068259385665,0.4232081911262799,0.5996781569965871,0.2064,0.0553105802047781,0.0470168941979522,0.0915940273037542,0.2281044368600682,0.5408970989761093,0.2310005119453924,0.0028960750853242,1.0,-0.12309965870307171,-0.0076830705129966,-0.0057342944663252,0.0423280013913216
2025-05-06,-0.0098306503940597,-0.010183433241294,0.008763349202786,12,337019800.0,2.0878881375196654,-0.0062994764280631,0.3046683046683047,0.3685503685503685,0.1769041769041769,0.2604422604422604,0.1474201474201474,0.2063882063882063,0.2506142506142506,0.4914004914004914,0.6683046683046683,0.5995085995085995,0.0687960687960688,0.6255734643734644,0.2103985257985258,0.0430071253071253,0.0352626535626535,0.085756511056511,0.2195732186732186,0.59577542997543,0.1846506142506142,-0.0349226044226044,1,0.3109801040281762,0.4849984129060653,0.1636362130552758,0.2669735724352038,0.2851383104193477,0.203438111956547,0.3105330979228506,0.6042030946134471,1.053948111662453,0.6115926648202966,0.4423554468421563,0.6162197504628601,0.209047633691959,0.0448242850015059,0.0402360757488328,0.0896729647776699,0.224397873169053,0.5803989090833493,0.1952038692859969,-0.0291940038830559,3.0,-0.12396287816696219,-0.0095454566183569,-0.0083584303526218,0.0473773632889276
2025-05-07,0.0147897754381019,0.0227821275347867,0.0304754861680658,12,467088900.0,2.118767534213458,-0.0098306503940597,0.1837160751565762,0.3757828810020877,0.1169102296450939,0.2192066805845511,0.1398747390396659,0.1210855949895615,0.1920668058455114,0.4926931106471816,0.8663883089770354,0.5052192066805845,0.3611691022964509,0.6376586638830897,0.1987528183716075,0.0445519832985386,0.0351713987473904,0.0838695198329853,0.1973661795407098,0.6245956158663883,0.1780417536534446,-0.0193244258872651,1,0.3046683046683047,0.3685503685503685,0.1769041769041769,0.2604422604422604,0.1474201474201474,0.2063882063882063,0.2506142506142506,0.4914004914004914,0.6683046683046683,0.5995085995085995,0.0687960687960688,0.6255734643734644,0.2103985257985258,0.0430071253071253,0.0352626535626535,0.085756511056511,0.2195732186732186,0.59577542997543,0.1846506142506142,-0.0349226044226044,1.0,-0.1323864864864866,0.0175079870838512,0.0042055478497484,-0.0488691833859459
2025-05-08,0.0125715502288165,0.0119205859046282,0.0115885337344909,12,415294900.0,2.1454037266930084,0.0147897754381019,0.2887323943661972,0.5305164319248826,0.1901408450704225,0.2746478873239437,0.2347417840375587,0.2112676056338028,0.2629107981220657,0.6173708920187794,0.9835680751173708,0.6032863849765259,0.380281690140845,0.6284049295774647,0.2001852112676056,0.0419028169014084,0.041669014084507,0.0878410798122065,0.2205244131455399,0.5443884976525821,0.235081690140845,0.0145572769953051,1,0.1837160751565762,0.3757828810020877,0.1169102296450939,0.2192066805845511,0.1398747390396659,0.1210855949895615,0.1920668058455114,0.4926931106471816,0.8663883089770354,0.5052192066805845,0.3611691022964509,0.6376586638830897,0.1987528183716075,0.0445519832985386,0.0351713987473904,0.0838695198329853,0.1973661795407098,0.6245956158663883,0.1780417536534446,-0.0193244258872651,1.0,-0.1242638830897704,0.0089455773875066,0.0069677905123632,-0.045435232674673
2025-05-09,0.0063789547041535,0.0041056335902282,0.0116481902551486,12,288010300.0,2.159089159887705,0.0125715502288165,0.2565789473684211,0.5723684210526315,0.1513157894736842,0.3157894736842105,0.3355263157894737,0.1842105263157894,0.2697368421052631,0.6842105263157895,1.006578947368421,0.4868421052631579,0.5197368421052632,0.6277874999999999,0.2173230263157894,0.0383375,0.0405796052631578,0.0759736842105263,0.2134782894736842,0.5628934210526315,0.2236236842105263,0.0101453947368421,1,0.2887323943661972,0.5305164319248826,0.1901408450704225,0.2746478873239437,0.2347417840375587,0.2112676056338028,0.2629107981220657,0.6173708920187794,0.9835680751173708,0.6032863849765259,0.380281690140845,0.6284049295774647,0.2001852112676056,0.0419028169014084,0.041669014084507,0.0878410798122065,0.2205244131455399,0.5443884976525821,0.235081690140845,0.0145572769953051,1.0,-0.1125779342723005,0.0114738844669919,-0.0012742246627532,-0.0258007088752972
2025-05-12,0.0655485700313486,0.0632776536926437,0.0169434443079239,12,511073800.0,2.3006143668885297,0.0063789547041535,0.4035714285714285,0.2341269841269841,0.1948412698412698,0.2174603174603174,0.192063492063492,0.0833333333333333,0.2341269841269841,0.528968253968254,0.8353174603174605,0.6535714285714286,0.1817460317460316,0.6553915476190476,0.186946111111111,0.0374411904761904,0.0286523809523809,0.0915663095238095,0.1650185714285714,0.623786111111111,0.2111841666666666,0.0461655952380951,3,0.2565789473684211,0.5723684210526315,0.1513157894736842,0.3157894736842105,0.3355263157894737,0.1842105263157894,0.2697368421052631,0.6842105263157895,1.006578947368421,0.4868421052631579,0.5197368421052632,0.6277874999999999,0.2173230263157894,0.0383375,0.0405796052631578,0.0759736842105263,0.2134782894736842,0.5628934210526315,0.2236236842105263,0.0101453947368421,1.0,-0.1391072368421053,0.0718262955250774,0.0330474019494266,-0.160273985845731
2025-05-13,0.0326413731211941,0.0369824574509637,0.0181205488641919,12,594151000.0,2.3757095788461178,0.0655485700313486,0.1818181818181818,0.0909090909090909,0.2727272727272727,0.2727272727272727,0.1818181818181818,0.1818181818181818,0.0909090909090909,0.4545454545454545,0.8181818181818182,0.7272727272727273,0.0909090909090909,0.6853454545454546,0.1338,0.0419999999999999,0.0596636363636363,0.0792272727272727,0.3802272727272727,0.2678636363636363,0.3519272727272727,-0.0283,1,0.4035714285714285,0.2341269841269841,0.1948412698412698,0.2174603174603174,0.192063492063492,0.0833333333333333,0.2341269841269841,0.528968253968254,0.8353174603174605,0.6535714285714286,0.1817460317460316,0.6553915476190476,0.186946111111111,0.0374411904761904,0.0286523809523809,0.0915663095238095,0.1650185714285714,0.623786111111111,0.2111841666666666,0.0461655952380951,3.0,-0.104168611111111,0.0283349184329926,0.0066039410164842,-0.0092441588872285
2025-05-14,0.0055627120924577,0.0064146070034992,0.0240316460169174,12,556159600.0,2.3889249672485326,0.0326413731211941,0.2666666666666666,0.3,0.1666666666666666,0.2666666666666666,0.1,0.1666666666666666,0.2666666666666666,0.5333333333333333,0.6666666666666666,0.4333333333333333,0.2333333333333333,0.71269,0.1752566666666666,0.0290033333333333,0.0294266666666666,0.0536166666666666,0.3810333333333334,0.46249,0.15648,-0.2245533333333333,1,0.1818181818181818,0.0909090909090909,0.2727272727272727,0.2727272727272727,0.1818181818181818,0.1818181818181818,0.0909090909090909,0.4545454545454545,0.8181818181818182,0.7272727272727273,0.0909090909090909,0.6853454545454546,0.1338,0.0419999999999999,0.0596636363636363,0.0792272727272727,0.3802272727272727,0.2678636363636363,0.3519272727272727,-0.0283,1.0,-0.03690909090909089,0.004818594898446,0.0012780596636838,0.0219539813915208
2025-05-15,-0.004072351931677,-0.0022684359871725,0.0079472671819487,12,431837000.0,2.379196424043527,0.0055627120924577,0.1052631578947368,0.4736842105263157,0.0526315789473684,0.2631578947368421,0.2631578947368421,0.1578947368421052,0.3684210526315789,0.5263157894736842,1.2105263157894737,0.3684210526315789,0.8421052631578947,0.5698736842105263,0.2778631578947368,0.0439052631578947,0.037778947368421,0.0705684210526315,0.2386368421052631,0.5760368421052631,0.1853368421052631,-0.0532999999999999,1,0.2666666666666666,0.3,0.1666666666666666,0.2666666666666666,0.1,0.1666666666666666,0.2666666666666666,0.5333333333333333,0.6666666666666666,0.4333333333333333,0.2333333333333333,0.71269,0.1752566666666666,0.0290033333333333,0.0294266666666666,0.0536166666666666,0.3810333333333334,0.46249,0.15648,-0.2245533333333333,1.0,-0.1212166666666667,-0.0064249164301869,0.0048844474632969,-0.0424275445714678
2025-05-16,-0.0061525298693433,-0.00248325417152,0.0207811897942845,12,434856700.0,2.3645583469795644,-0.004072351931677,0.35,0.3,0.25,0.4,0.1,0.15,0.25,0.3,0.8,0.75,0.05,0.6299,0.1635599999999999,0.05369,0.073765,0.079085,0.242495,0.400065,0.35744,0.1149449999999999,1,0.1052631578947368,0.4736842105263157,0.0526315789473684,0.2631578947368421,0.2631578947368421,0.1578947368421052,0.3684210526315789,0.5263157894736842,1.2105263157894737,0.3684210526315789,0.8421052631578947,0.5698736842105263,0.2778631578947368,0.0439052631578947,0.037778947368421,0.0705684210526315,0.2386368421052631,0.5760368421052631,0.1853368421052631,-0.0532999999999999,1.0,-0.213421052631579,-0.0013119869395669,0.0063338684744713,-0.0330903059513449
2025-05-19,-0.0031731263161814,-0.0008039347733249,0.0099872654548416,12,381423600.0,2.3570553046626173,-0.0061525298693433,0.2333333333333333,0.3,0.3999999999999999,0.1666666666666666,0.1333333333333333,0.0666666666666666,0.5333333333333333,0.3666666666666667,0.5555555555555555,0.4666666666666666,0.0888888888888888,0.7391111111111112,0.0935333333333333,0.02193,0.0285777777777777,0.116891111111111,0.2015122222222222,0.5058966666666667,0.2925944444444444,0.0910822222222222,3,0.35,0.3,0.25,0.4,0.1,0.15,0.25,0.3,0.8,0.75,0.05,0.6299,0.1635599999999999,0.05369,0.073765,0.079085,0.242495,0.400065,0.35744,0.1149449999999999,1.0,-0.06439999999999992,-0.0060056161070289,0.001093918100038,0.0522041549001657
