Date,Open,High,Low,Close,Adj Close,Volume,Dividends,Stock Splits
1991-12-13,0.53125,0.59375,0.5234379768371582,0.5625,0.33862897753715515,143667200,,
1991-12-16,0.5625,0.578125,0.5390629768371582,0.5546879768371582,0.3339259922504425,22585600,,
1991-12-17,0.578125,0.578125,0.546875,0.5546879768371582,0.3339259922504425,16176000,,
1991-12-18,0.5546879768371582,0.5703129768371582,0.5546879768371582,0.5703129768371582,0.3433323800563812,10899200,,
1991-12-19,0.5703129768371582,0.5703129768371582,0.546875,0.546875,0.32922258973121643,7299200,,
1991-12-20,0.546875,0.5703129768371582,0.546875,0.5625,0.33862897753715515,5235200,,
1991-12-23,0.5703129768371582,0.5703129768371582,0.546875,0.5585939884185791,0.33627748489379883,7894400,,
1991-12-24,0.5507810115814209,0.6015629768371582,0.546875,0.6015629768371582,0.3621451258659363,7129600,,
1991-12-26,0.5859379768371582,0.6875,0.5859379768371582,0.6875,0.4138798117637634,8672000,,
1991-12-27,0.6953129768371582,0.6953129768371582,0.6484379768371582,0.6640629768371582,0.3997705578804016,6396800,,
1991-12-30,0.6640629768371582,0.6796879768371582,0.6484379768371582,0.6796879768371582,0.4091767370700836,6627200,,
1991-12-31,0.6796879768371582,0.78125,0.671875,0.7734379768371582,0.46561509370803833,12572800,,
1992-1-2,0.7734379768371582,0.8671879768371582,0.765625,0.8632810115814209,0.5197010636329651,22121600,,
1992-1-3,0.8671879768371582,0.890625,0.84375,0.875,0.5267561674118042,6092800,,
1992-1-6,0.8984379768371582,0.8984379768371582,0.7578129768371582,0.8203129768371582,0.4938340187072754,15987200,,
1992-1-7,0.8125,0.8359379768371582,0.7890629768371582,0.796875,0.47972434759140015,4940800,,
1992-1-8,0.8046879768371582,0.8046879768371582,0.6796879768371582,0.703125,0.4232860803604126,36828800,,
1992-1-9,0.7265629768371582,0.7734379768371582,0.71875,0.7734379768371582,0.46561509370803833,20809600,,
1992-1-10,0.78125,0.7890629768371582,0.7265629768371582,0.75,0.45150506496429443,7961600,,
1992-1-13,0.765625,0.8359379768371582,0.7421879768371582,0.8125,0.48913058638572693,8499200,,
1992-1-14,0.8359379768371582,0.8359379768371582,0.8046879768371582,0.8203129768371582,0.4938340187072754,3628800,,
1992-1-15,0.8359379768371582,0.8515629768371582,0.8125,0.828125,0.4985370337963104,5910400,,
1992-1-16,0.8359379768371582,0.84375,0.7734379768371582,0.8046879768371582,0.48442763090133667,3654400,,
1992-1-17,0.7890629768371582,0.8125,0.7890629768371582,0.7890629768371582,0.4750215411186218,1574400,,
1992-1-20,0.78125,0.796875,0.7421879768371582,0.78125,0.4703177809715271,3350400,,
1992-1-21,0.796875,0.796875,0.734375,0.75,0.45150506496429443,3724800,,
1992-1-22,0.75,0.78125,0.734375,0.78125,0.4703177809715271,5132800,,
1992-1-23,0.796875,0.796875,0.734375,0.734375,0.4420988857746124,3248000,,
1992-1-24,0.734375,0.7578129768371582,0.734375,0.7421879768371582,0.44680213928222656,355200,,
1992-1-27,0.7578129768371582,0.7578129768371582,0.7109379768371582,0.7265629768371582,0.4373958706855774,2675200,,
1992-1-28,0.7265629768371582,0.7265629768371582,0.6875,0.703125,0.4232860803604126,3673600,,
1992-1-29,0.7109379768371582,0.734375,0.6875,0.71875,0.43269258737564087,1702400,,
1992-1-30,0.7109379768371582,0.765625,0.7109379768371582,0.7421879768371582,0.44680213928222656,2505600,,
1992-1-31,0.7421879768371582,0.75,0.734375,0.75,0.45150506496429443,1702400,,
1992-2-3,0.75,0.8046879768371582,0.7421879768371582,0.7695310115814209,0.46326300501823425,2611200,,
1992-2-4,0.7734379768371582,0.8046879768371582,0.7578129768371582,0.78125,0.4703177809715271,4233600,,
1992-2-5,0.7734379768371582,0.7890629768371582,0.7734379768371582,0.7734379768371582,0.46561509370803833,3280000,,
1992-2-6,0.796875,0.796875,0.7578129768371582,0.7578129768371582,0.45620864629745483,7232000,,
1992-2-7,0.78125,0.78125,0.6796879768371582,0.734375,0.4420988857746124,8979200,,
1992-2-10,0.7109379768371582,0.734375,0.6875,0.703125,0.4232860803604126,4940800,,
1992-2-11,0.7109379768371582,0.734375,0.6953129768371582,0.7109379768371582,0.42798957228660583,1667200,,
1992-2-12,0.7109379768371582,0.7734379768371582,0.6953129768371582,0.75,0.45150506496429443,3603200,,
1992-2-13,0.765625,0.765625,0.7109379768371582,0.7109379768371582,0.42798957228660583,1398400,,
1992-2-14,0.7265629768371582,0.7265629768371582,0.703125,0.7265629768371582,0.4373958706855774,2825600,,
1992-2-18,0.7265629768371582,0.7265629768371582,0.6953129768371582,0.7109379768371582,0.42798957228660583,1078400,,
1992-2-19,0.6875,0.7109379768371582,0.6796879768371582,0.6875,0.4138798117637634,1408000,,
1992-2-20,0.6875,0.7265629768371582,0.6875,0.7265629768371582,0.4373958706855774,5705600,,
1992-2-21,0.703125,0.7265629768371582,0.65625,0.65625,0.3950669765472412,3836800,,
1992-2-24,0.65625,0.6796879768371582,0.578125,0.6132810115814209,0.36919933557510376,12384000,,
1992-2-25,0.6328129768371582,0.6484379768371582,0.6015629768371582,0.625,0.3762541711330414,3513600,,
1992-2-26,0.65625,0.65625,0.625,0.6484379768371582,0.3903641998767853,3200000,,
1992-2-27,0.6484379768371582,0.6484379768371582,0.609375,0.6328129768371582,0.38095787167549133,1209600,,
1992-2-28,0.640625,0.6484379768371582,0.6171879768371582,0.640625,0.38566073775291443,3011200,,
1992-3-2,0.640625,0.6484379768371582,0.6171879768371582,0.640625,0.38566073775291443,1257600,,
1992-3-3,0.6484379768371582,0.6640629768371582,0.6171879768371582,0.6171879768371582,0.37155160307884216,4022400,,
1992-3-4,0.625,0.625,0.609375,0.609375,0.3668479323387146,5580800,,
1992-3-5,0.6171879768371582,0.6171879768371582,0.5859379768371582,0.59375,0.3574414849281311,1920000,,
1992-3-6,0.609375,0.609375,0.546875,0.578125,0.3480353057384491,6329600,,
1992-3-9,0.5859379768371582,0.5859379768371582,0.546875,0.578125,0.3480353057384491,2809600,,
1992-3-10,0.5859379768371582,0.6171879768371582,0.578125,0.6171879768371582,0.37155160307884216,1900800,,
1992-3-11,0.6171879768371582,0.625,0.5703129768371582,0.578125,0.3480353057384491,5577600,,
1992-3-12,0.5859379768371582,0.6171879768371582,0.5703129768371582,0.6015629768371582,0.3621451258659363,1644800,,
1992-3-13,0.59375,0.625,0.5859379768371582,0.6015629768371582,0.3621451258659363,4976000,,
1992-3-16,0.6015629768371582,0.6015629768371582,0.578125,0.578125,0.3480353057384491,739200,,
1992-3-17,0.5859379768371582,0.609375,0.5859379768371582,0.5859379768371582,0.35273870825767517,1865600,,
1992-3-18,0.6171879768371582,0.6484379768371582,0.609375,0.6367189884185791,0.3833092451095581,3753600,,
1992-3-19,0.640625,0.6796879768371582,0.625,0.6796879768371582,0.4091767370700836,6108800,,
1992-3-20,0.6875,0.7265629768371582,0.6875,0.6953129768371582,0.4185831546783447,5392000,,
1992-3-23,0.7109379768371582,0.71875,0.6640629768371582,0.671875,0.4044732451438904,5219200,,
1992-3-24,0.6953129768371582,0.703125,0.6640629768371582,0.671875,0.4044732451438904,5760000,,
1992-3-25,0.6875,0.6953129768371582,0.671875,0.6875,0.4138798117637634,3718400,,
1992-3-26,0.703125,0.703125,0.6796879768371582,0.6953129768371582,0.4185831546783447,2089600,,
1992-3-27,0.6796879768371582,0.6953129768371582,0.671875,0.671875,0.4044732451438904,1456000,,
1992-3-30,0.671875,0.6953129768371582,0.6484379768371582,0.671875,0.4044732451438904,2339200,,
1992-3-31,0.6484379768371582,0.7265629768371582,0.6171879768371582,0.71875,0.43269258737564087,5353600,,
1992-4-1,0.671875,0.71875,0.671875,0.6835939884185791,0.41152840852737427,3868800,,
1992-4-2,0.6953129768371582,0.6953129768371582,0.609375,0.6484379768371582,0.3903641998767853,2947200,,
1992-4-3,0.6328129768371582,0.6875,0.6328129768371582,0.6484379768371582,0.3903641998767853,3414400,,
1992-4-6,0.65625,0.6640629768371582,0.6328129768371582,0.6601560115814209,0.3974185585975647,2742400,,
1992-4-7,0.6796879768371582,0.6875,0.65625,0.6640629768371582,0.3997705578804016,2579200,,
1992-4-8,0.6484379768371582,0.6875,0.6484379768371582,0.6640629768371582,0.3997705578804016,3123200,,
1992-4-9,0.6640629768371582,0.671875,0.6445310115814209,0.65625,0.3950669765472412,4313600,,
1992-4-10,0.671875,0.671875,0.65625,0.671875,0.4044732451438904,592000,,
1992-4-13,0.671875,0.6953129768371582,0.65625,0.6875,0.4138798117637634,2115200,,
1992-4-14,0.6953129768371582,0.7265629768371582,0.6875,0.703125,0.4232860803604126,1955200,,
1992-4-15,0.734375,0.7421879768371582,0.6953129768371582,0.7265629768371582,0.4373958706855774,6112000,,
1992-4-16,0.7421879768371582,0.75,0.7148439884185791,0.7148439884185791,0.43034106492996216,2646400,,
1992-4-20,0.703125,0.765625,0.703125,0.71875,0.43269258737564087,3318400,,
1992-4-21,0.75,0.75,0.71875,0.7265629768371582,0.4373958706855774,1952000,,
1992-4-22,0.7421879768371582,0.75,0.71875,0.75,0.45150506496429443,2198400,,
1992-4-23,0.734375,0.75,0.703125,0.7265629768371582,0.4373958706855774,1555200,,
1992-4-24,0.7148439884185791,0.7265629768371582,0.7109379768371582,0.7109379768371582,0.42798957228660583,2112000,,
1992-4-27,0.7265629768371582,0.7265629768371582,0.703125,0.703125,0.4232860803604126,1984000,,
1992-4-28,0.7265629768371582,0.7265629768371582,0.6640629768371582,0.6640629768371582,0.3997705578804016,1923200,,
1992-4-29,0.6796879768371582,0.6796879768371582,0.6640629768371582,0.6796879768371582,0.4091767370700836,563200,,
1992-4-30,0.6796879768371582,0.6796879768371582,0.640625,0.65625,0.3950669765472412,3433600,,
1992-5-1,0.6640629768371582,0.6640629768371582,0.6484379768371582,0.6640629768371582,0.3997705578804016,1120000,,
1992-5-4,0.6640629768371582,0.6796879768371582,0.6484379768371582,0.6640629768371582,0.3997705578804016,3014400,,
1992-5-5,0.6796879768371582,0.6875,0.6640629768371582,0.671875,0.4044732451438904,300800,,
1992-5-6,0.6835939884185791,0.6875,0.6640629768371582,0.671875,0.4044732451438904,1779200,,
1992-5-7,0.6875,0.6875,0.6640629768371582,0.6640629768371582,0.3997705578804016,412800,,
1992-5-8,0.6640629768371582,0.6875,0.6640629768371582,0.6640629768371582,0.3997705578804016,179200,,
1992-5-11,0.6875,0.6875,0.6484379768371582,0.6640629768371582,0.3997705578804016,1318400,,
1992-5-12,0.6640629768371582,0.6640629768371582,0.625,0.625,0.3762541711330414,1654400,,
1992-5-13,0.640625,0.640625,0.59375,0.6015629768371582,0.3621451258659363,3331200,,
1992-5-14,0.6171879768371582,0.6171879768371582,0.5859379768371582,0.6015629768371582,0.3621451258659363,6102400,,
1992-5-15,0.59375,0.6015629768371582,0.578125,0.5859379768371582,0.35273870825767517,1612800,,
1992-5-18,0.6015629768371582,0.6015629768371582,0.578125,0.5820310115814209,0.35038670897483826,2275200,,
1992-5-19,0.59375,0.59375,0.578125,0.578125,0.3480353057384491,1500800,,
1992-5-20,0.59375,0.59375,0.546875,0.5546879768371582,0.3339259922504425,7673600,,
1992-5-21,0.5625,0.578125,0.5390629768371582,0.5625,0.33862897753715515,4457600,,
1992-5-22,0.5625,0.578125,0.546875,0.5703129768371582,0.3433323800563812,1846400,,
1992-5-26,0.578125,0.5898439884185791,0.5546879768371582,0.5898439884185791,0.3550901412963867,3257600,,
1992-5-27,0.59375,0.59375,0.5625,0.5664060115814209,0.3409804403781891,4080000,,
1992-5-28,0.5625,0.578125,0.5625,0.5625,0.33862897753715515,630400,,
1992-5-29,0.578125,0.578125,0.5625,0.5742189884185791,0.34568384289741516,1504000,,
1992-6-1,0.578125,0.6015629768371582,0.5703129768371582,0.59375,0.3574414849281311,2649600,,
1992-6-2,0.6015629768371582,0.6171879768371582,0.578125,0.578125,0.3480353057384491,2208000,,
1992-6-3,0.6015629768371582,0.609375,0.5859379768371582,0.609375,0.3668479323387146,3337600,,
1992-6-4,0.625,0.6484379768371582,0.6015629768371582,0.6328129768371582,0.38095787167549133,8780800,,
1992-6-5,0.6328129768371582,0.640625,0.6171879768371582,0.6328129768371582,0.38095787167549133,1609600,,
1992-6-8,0.6171879768371582,0.6328129768371582,0.5859379768371582,0.59375,0.3574414849281311,2060800,,
1992-6-9,0.59375,0.59375,0.5625,0.5703129768371582,0.3433323800563812,2982400,,
1992-6-10,0.5625,0.59375,0.546875,0.5546879768371582,0.3339259922504425,5728000,,
1992-6-11,0.578125,0.59375,0.5546879768371582,0.5859379768371582,0.35273870825767517,11107200,,
1992-6-12,0.6015629768371582,0.640625,0.5820310115814209,0.640625,0.38566073775291443,4480000,,
1992-6-15,0.6171879768371582,0.6484379768371582,0.6132810115814209,0.640625,0.38566073775291443,3379200,,
1992-6-16,0.6328129768371582,0.6328129768371582,0.609375,0.609375,0.3668479323387146,857600,,
1992-6-17,0.609375,0.609375,0.5546879768371582,0.5703129768371582,0.3433323800563812,2147200,,
1992-6-18,0.5703129768371582,0.5859379768371582,0.5546879768371582,0.5585939884185791,0.33627748489379883,4064000,,
1992-6-19,0.5703129768371582,0.578125,0.5546879768371582,0.5625,0.33862897753715515,1315200,,
1992-6-22,0.5546879768371582,0.578125,0.53125,0.5507810115814209,0.3315739929676056,2668800,,
1992-6-23,0.5546879768371582,0.5625,0.5390629768371582,0.5625,0.33862897753715515,2051200,,
1992-6-24,0.5625,0.5703129768371582,0.5546879768371582,0.5546879768371582,0.3339259922504425,496000,,
1992-6-25,0.5703129768371582,0.578125,0.5625,0.5625,0.33862897753715515,1321600,,
1992-6-26,0.578125,0.578125,0.5625,0.5625,0.33862897753715515,451200,,
1992-6-29,0.5859379768371582,0.59375,0.578125,0.59375,0.3574414849281311,1881600,,
1992-6-30,0.5859379768371582,0.609375,0.578125,0.609375,0.3668479323387146,1715200,,
1992-7-1,0.609375,0.6210939884185791,0.5859379768371582,0.609375,0.3668479323387146,1414400,,
1992-7-2,0.625,0.6328129768371582,0.5976560115814209,0.6015629768371582,0.3621451258659363,1993600,,
1992-7-6,0.609375,0.609375,0.5859379768371582,0.5859379768371582,0.35273870825767517,710400,,
1992-7-7,0.6015629768371582,0.6015629768371582,0.5859379768371582,0.59375,0.3574414849281311,752000,,
1992-7-8,0.5859379768371582,0.609375,0.5859379768371582,0.6015629768371582,0.3621451258659363,774400,,
1992-7-9,0.59375,0.609375,0.5859379768371582,0.59375,0.3574414849281311,777600,,
1992-7-10,0.59375,0.609375,0.5859379768371582,0.59375,0.3574414849281311,2630400,,
1992-7-13,0.59375,0.6015629768371582,0.5859379768371582,0.5859379768371582,0.35273870825767517,300800,,
1992-7-14,0.6015629768371582,0.6015629768371582,0.5859379768371582,0.6015629768371582,0.3621451258659363,428800,,
1992-7-15,0.6015629768371582,0.6015629768371582,0.5390629768371582,0.5585939884185791,0.33627748489379883,13004800,,
1992-7-16,0.5546879768371582,0.578125,0.5546879768371582,0.5585939884185791,0.33627748489379883,1001600,,
1992-7-17,0.5546879768371582,0.578125,0.5546879768371582,0.5585939884185791,0.33627748489379883,777600,,
1992-7-20,0.5546879768371582,0.5546879768371582,0.53125,0.5390629768371582,0.3245197832584381,2838400,,
1992-7-21,0.5546879768371582,0.5546879768371582,0.4765630066394806,0.4960939884185791,0.2986520230770111,8291200,,
1992-7-22,0.5,0.5,0.46875,0.4726560115814209,0.28454214334487915,11747200,,
1992-7-23,0.46875,0.5078129768371582,0.46875,0.5078129768371582,0.30570700764656067,1884800,,
1992-7-24,0.5,0.5,0.484375,0.484375,0.29159700870513916,1491200,,
1992-7-27,0.5,0.5078129768371582,0.4921880066394806,0.4921880066394806,0.2963005006313324,1593600,,
1992-7-28,0.5078129768371582,0.546875,0.5,0.5390629768371582,0.3245197832584381,4758400,,
1992-7-29,0.546875,0.5507810115814209,0.53125,0.5390629768371582,0.3245197832584381,4019200,,
1992-7-30,0.53125,0.5546879768371582,0.53125,0.546875,0.32922258973121643,2569600,,
1992-7-31,0.5546879768371582,0.5546879768371582,0.53125,0.5546879768371582,0.3339259922504425,5424000,,
1992-8-3,0.5546879768371582,0.5703129768371582,0.546875,0.5546879768371582,0.3339259922504425,1891200,,
1992-8-4,0.5703129768371582,0.5703129768371582,0.546875,0.546875,0.32922258973121643,1555200,,
1992-8-5,0.53125,0.546875,0.515625,0.5195310115814209,0.3127612769603729,1139200,,
1992-8-6,0.53125,0.53125,0.484375,0.484375,0.29159700870513916,2902400,,
1992-8-7,0.484375,0.5078129768371582,0.484375,0.5078129768371582,0.30570700764656067,992000,,
1992-8-10,0.5078129768371582,0.5078129768371582,0.4921880066394806,0.4921880066394806,0.2963005006313324,697600,,
1992-8-11,0.5078129768371582,0.5078129768371582,0.4921880066394806,0.4921880066394806,0.2963005006313324,1587200,,
1992-8-12,0.5078129768371582,0.5078129768371582,0.4921880066394806,0.5078129768371582,0.30570700764656067,1267200,,
1992-8-13,0.5078129768371582,0.5078129768371582,0.4921880066394806,0.5078129768371582,0.30570700764656067,1209600,,
1992-8-14,0.5078129768371582,0.5078129768371582,0.4921880066394806,0.5078129768371582,0.30570700764656067,528000,,
1992-8-17,0.5,0.5234379768371582,0.4921880066394806,0.5,0.30100348591804504,1110400,,
1992-8-18,0.515625,0.515625,0.4921880066394806,0.5,0.30100348591804504,246400,,
1992-8-19,0.515625,0.515625,0.4765630066394806,0.484375,0.29159700870513916,1856000,,
1992-8-20,0.5,0.5,0.4765630066394806,0.484375,0.29159700870513916,4016000,,
1992-8-21,0.4921880066394806,0.5,0.4765630066394806,0.484375,0.29159700870513916,2390400,,
1992-8-24,0.4765630066394806,0.5,0.4765630066394806,0.4765630066394806,0.2868941128253937,1260800,,
1992-8-25,0.4765630066394806,0.5,0.4765630066394806,0.4804689884185791,0.2892456650733948,659200,,
1992-8-26,0.4765630066394806,0.5,0.4765630066394806,0.4765630066394806,0.2868941128253937,412800,,
1992-8-27,0.5,0.5,0.4765630066394806,0.484375,0.29159700870513916,774400,,
1992-8-28,0.5,0.5,0.4765630066394806,0.5,0.30100348591804504,134400,,
1992-8-31,0.4882810115814209,0.5,0.4765630066394806,0.4804689884185791,0.2892456650733948,486400,,
1992-9-1,0.4921880066394806,0.4921880066394806,0.4765630066394806,0.484375,0.29159700870513916,2883200,,
1992-9-2,0.4765630066394806,0.5078129768371582,0.4765630066394806,0.5078129768371582,0.30570700764656067,92800,,
1992-9-3,0.484375,0.5078129768371582,0.484375,0.5039060115814209,0.303354948759079,4720000,,
1992-9-4,0.5078129768371582,0.5078129768371582,0.4921880066394806,0.4921880066394806,0.2963005006313324,1820800,,
1992-9-8,0.4921880066394806,0.5078129768371582,0.484375,0.484375,0.29159700870513916,1862400,,
1992-9-9,0.4921880066394806,0.5078129768371582,0.4804689884185791,0.4804689884185791,0.2892456650733948,3600000,,
1992-9-10,0.4765630066394806,0.4765630066394806,0.453125,0.4765630066394806,0.2868941128253937,6096000,,
1992-9-11,0.453125,0.4765630066394806,0.453125,0.453125,0.2727845013141632,1609600,,
1992-9-14,0.4765630066394806,0.4765630066394806,0.453125,0.4570310115814209,0.27513572573661804,2246400,,
1992-9-15,0.46875,0.46875,0.4296880066394806,0.4375,0.2633780837059021,2947200,,
1992-9-16,0.4375,0.4375,0.40625,0.421875,0.253971666097641,5097600,,
1992-9-17,0.4296880066394806,0.4453130066394806,0.4296880066394806,0.4296880066394806,0.25867512822151184,2224000,,
1992-9-18,0.4453130066394806,0.453125,0.4296880066394806,0.4453130066394806,0.2680814862251282,2092800,,
1992-9-21,0.4453130066394806,0.4453130066394806,0.4140630066394806,0.421875,0.253971666097641,2947200,,
1992-9-22,0.4140630066394806,0.4375,0.390625,0.4140630066394806,0.24926888942718506,3654400,,
1992-9-23,0.4140630066394806,0.421875,0.390625,0.4101560115814209,0.2469167411327362,3980800,,
1992-9-24,0.40625,0.4453130066394806,0.40625,0.4453130066394806,0.2680814862251282,4643200,,
1992-9-25,0.4453130066394806,0.4453130066394806,0.421875,0.4335939884185791,0.261026531457901,1804800,,
1992-9-28,0.4453130066394806,0.4453130066394806,0.421875,0.4296880066394806,0.25867512822151184,4886400,,
1992-9-29,0.4140630066394806,0.4375,0.4140630066394806,0.4296880066394806,0.25867512822151184,5763200,,
1992-9-30,0.484375,0.5703129768371582,0.46875,0.5625,0.33862897753715515,29603200,,
1992-10-1,0.5703129768371582,0.578125,0.53125,0.5390629768371582,0.3245197832584381,13654400,,
1992-10-2,0.5546879768371582,0.5546879768371582,0.5078129768371582,0.53125,0.31981611251831055,1785600,,
1992-10-5,0.53125,0.546875,0.5,0.5390629768371582,0.3245197832584381,3696000,,
1992-10-6,0.546875,0.625,0.53125,0.6015629768371582,0.3621451258659363,7840000,,
1992-10-7,0.625,0.6640629768371582,0.6015629768371582,0.6328129768371582,0.38095787167549133,15251200,,
1992-10-8,0.6328129768371582,0.640625,0.609375,0.640625,0.38566073775291443,7385600,,
1992-10-9,0.640625,0.640625,0.609375,0.6171879768371582,0.37155160307884216,7398400,,
1992-10-12,0.6328129768371582,0.65625,0.609375,0.640625,0.38566073775291443,5132800,,
1992-10-13,0.640625,0.65625,0.625,0.6328129768371582,0.38095787167549133,3923200,,
1992-10-14,0.640625,0.640625,0.6171879768371582,0.6171879768371582,0.37155160307884216,1308800,,
1992-10-15,0.640625,0.6640629768371582,0.6171879768371582,0.640625,0.38566073775291443,5321600,,
1992-10-16,0.65625,0.7734379768371582,0.640625,0.734375,0.4420988857746124,15766400,,
1992-10-19,0.75,0.7578129768371582,0.7109379768371582,0.7109379768371582,0.42798957228660583,5532800,,
1992-10-20,0.7421879768371582,0.75,0.7109379768371582,0.7382810115814209,0.44445058703422546,4726400,,
1992-10-21,0.75,0.7734379768371582,0.7265629768371582,0.7734379768371582,0.46561509370803833,6848000,,
1992-10-22,0.7578129768371582,0.78125,0.75,0.78125,0.4703177809715271,2755200,,
1992-10-23,0.78125,0.7890629768371582,0.7578129768371582,0.7734379768371582,0.46561509370803833,13619200,,
1992-10-26,0.7734379768371582,0.7890629768371582,0.7578129768371582,0.78125,0.4703177809715271,1868800,,
1992-10-27,0.7578129768371582,0.7734379768371582,0.6796879768371582,0.7109379768371582,0.42798957228660583,15824000,,
1992-10-28,0.7109379768371582,0.78125,0.6875,0.765625,0.46091172099113464,6908800,,
1992-10-29,0.78125,0.7890629768371582,0.7578129768371582,0.765625,0.46091172099113464,4691200,,
1992-10-30,0.765625,0.7890629768371582,0.7421879768371582,0.765625,0.46091172099113464,3779200,,
1992-11-2,0.7421879768371582,0.7734379768371582,0.71875,0.765625,0.46091172099113464,4521600,,
1992-11-3,0.765625,0.7734379768371582,0.7421879768371582,0.7734379768371582,0.46561509370803833,3212800,,
1992-11-4,0.765625,0.7890629768371582,0.765625,0.7890629768371582,0.4750215411186218,5862400,,
1992-11-5,0.78125,0.8359379768371582,0.78125,0.828125,0.4985370337963104,26240000,,
1992-11-6,0.8359379768371582,0.8359379768371582,0.7578129768371582,0.78125,0.4703177809715271,9027200,,
1992-11-9,0.7578129768371582,0.796875,0.7578129768371582,0.7929689884185791,0.4773729741573334,3916800,,
1992-11-10,0.796875,0.828125,0.796875,0.828125,0.4985370337963104,5200000,,
1992-11-11,0.828125,0.84375,0.8046879768371582,0.84375,0.507943332195282,6598400,,
1992-11-12,0.84375,0.84375,0.796875,0.828125,0.4985370337963104,3888000,,
1992-11-13,0.828125,0.84375,0.8125,0.8359379768371582,0.5032404661178589,4169600,,
1992-11-16,0.84375,0.84375,0.8203129768371582,0.8359379768371582,0.5032404661178589,851200,,
1992-11-17,0.8359379768371582,0.8515629768371582,0.8125,0.8359379768371582,0.5032404661178589,3420800,,
1992-11-18,0.8515629768371582,0.8828129768371582,0.828125,0.8828129768371582,0.5314593315124512,7456000,,
1992-11-19,0.890625,0.9140629768371582,0.8671879768371582,0.8828129768371582,0.5314593315124512,9804800,,
1992-11-20,0.8828129768371582,0.8984379768371582,0.8671879768371582,0.8828129768371582,0.5314593315124512,6198400,,
1992-11-23,0.8828129768371582,0.8984379768371582,0.8671879768371582,0.890625,0.5361623167991638,4044800,,
1992-11-24,0.890625,0.890625,0.875,0.875,0.5267561674118042,3059200,,
1992-11-25,0.890625,0.890625,0.8671879768371582,0.875,0.5267561674118042,4732800,,
1992-11-27,0.890625,0.890625,0.875,0.890625,0.5361623167991638,659200,,
1992-11-30,0.890625,0.8984379768371582,0.875,0.890625,0.5361623167991638,3782400,,
1992-12-1,0.8984379768371582,0.8984379768371582,0.8671879768371582,0.8710939884185791,0.5244046449661255,6323200,,
1992-12-2,0.8671879768371582,0.8828129768371582,0.8671879768371582,0.8671879768371582,0.522053062915802,2726400,,
1992-12-3,0.8828129768371582,0.8828129768371582,0.828125,0.828125,0.4985370337963104,6009600,,
1992-12-4,0.84375,0.8515629768371582,0.7890629768371582,0.796875,0.47972434759140015,5097600,,
1992-12-7,0.8125,0.8203129768371582,0.7890629768371582,0.8203129768371582,0.4938340187072754,2611200,,
1992-12-8,0.8203129768371582,0.8359379768371582,0.796875,0.796875,0.47972434759140015,3811200,,
1992-12-9,0.7890629768371582,0.8203129768371582,0.765625,0.78125,0.4703177809715271,6736000,,
1992-12-10,0.78125,0.8046879768371582,0.7734379768371582,0.7734379768371582,0.46561509370803833,2284800,,
1992-12-11,0.796875,0.796875,0.7734379768371582,0.78125,0.4703177809715271,838400,,
1992-12-14,0.796875,0.796875,0.7734379768371582,0.78125,0.4703177809715271,896000,,
1992-12-15,0.7890629768371582,0.796875,0.7734379768371582,0.796875,0.47972434759140015,262400,,
1992-12-16,0.7734379768371582,0.8046879768371582,0.7734379768371582,0.78125,0.4703177809715271,2153600,,
1992-12-17,0.7890629768371582,0.7890629768371582,0.75,0.7539060115814209,0.4538566768169403,1865600,,
1992-12-18,0.7578129768371582,0.7578129768371582,0.7265629768371582,0.75,0.45150506496429443,1708800,,
1992-12-21,0.75,0.7734379768371582,0.7265629768371582,0.7734379768371582,0.46561509370803833,5769600,,
1992-12-22,0.7890629768371582,0.84375,0.78125,0.84375,0.507943332195282,5027200,,
1992-12-23,0.84375,0.875,0.828125,0.8515629768371582,0.5126467347145081,3059200,,
1992-12-24,0.84375,0.875,0.84375,0.84375,0.507943332195282,326400,,
1992-12-28,0.875,0.875,0.828125,0.8515629768371582,0.5126467347145081,640000,,
1992-12-29,0.828125,0.875,0.828125,0.8359379768371582,0.5032404661178589,2915200,,
1992-12-30,0.8359379768371582,0.84375,0.765625,0.7890629768371582,0.4750215411186218,4246400,,
1992-12-31,0.78125,0.8046879768371582,0.7578129768371582,0.7578129768371582,0.45620864629745483,4342400,,
1993-1-4,0.7578129768371582,0.78125,0.75,0.7578129768371582,0.45620864629745483,1990400,,
1993-1-5,0.7578129768371582,0.8359379768371582,0.7578129768371582,0.7890629768371582,0.4750215411186218,4985600,,
1993-1-6,0.8046879768371582,0.8203129768371582,0.7890629768371582,0.8125,0.48913058638572693,5641600,,
1993-1-7,0.8125,0.8125,0.7109379768371582,0.7265629768371582,0.4373958706855774,11129600,,
1993-1-8,0.703125,0.7851560115814209,0.703125,0.7851560115814209,0.4726693034172058,7852800,,
1993-1-11,0.78125,0.8046879768371582,0.765625,0.7929689884185791,0.4773729741573334,3814400,,
1993-1-12,0.78125,0.8046879768371582,0.78125,0.78125,0.4703177809715271,4086400,,
1993-1-13,0.78125,0.9140629768371582,0.78125,0.90625,0.5455690026283264,10361600,,
1993-1-14,0.9140629768371582,0.9921879768371582,0.90625,0.9921879768371582,0.5973040461540222,24108800,,
1993-1-15,0.96875,1.0859379768371582,0.9609379768371582,1.0546879768371582,0.6349295973777771,18540800,,
1993-1-18,1.046875,1.0703129768371582,1.0234379768371582,1.0546879768371582,0.6349295973777771,10560000,,
1993-1-19,1.0703129768371582,1.09375,1.0390629768371582,1.0390629768371582,0.6255232691764832,11491200,,
1993-1-20,1.03125,1.0546879768371582,1.015625,1.019531011581421,0.6137646436691284,5308800,,
1993-1-21,1.0078129768371582,1.03125,0.9375,0.9765629768371582,0.5878978967666626,9964800,,
1993-1-22,0.9609379768371582,0.984375,0.921875,0.921875,0.5549750924110413,9174400,,
1993-1-25,0.9453129768371582,1,0.921875,0.984375,0.592600405216217,8764800,,
1993-1-26,1.0078129768371582,1.0078129768371582,0.984375,1,0.6020069718360901,4806400,,
1993-1-27,1,1,0.9609379768371582,0.984375,0.592600405216217,7680000,,
1993-1-28,0.984375,0.984375,0.953125,0.9765629768371582,0.5878978967666626,1424000,,
1993-1-29,0.9765629768371582,0.984375,0.921875,0.921875,0.5549750924110413,11961600,,
1993-2-1,0.9375,0.953125,0.8984379768371582,0.9453129768371582,0.5690850019454956,14716800,,
1993-2-2,0.9296879768371582,1.03125,0.9140629768371582,0.9726560115814209,0.585545539855957,29603200,,
1993-2-3,1.0078129768371582,1.03125,0.984375,1.015625,0.6114134192466736,17481600,,
1993-2-4,1.03125,1.1171879768371582,1.015625,1.09375,0.6584451794624329,13545600,,
1993-2-5,1.1171879768371582,1.1171879768371582,1.0234379768371582,1.046875,0.6302261352539062,7395200,,
1993-2-8,1.046875,1.1328129768371582,1.046875,1.1328129768371582,0.6819612383842468,8662400,,
1993-2-9,1.171875,1.171875,1.078125,1.09375,0.6584451794624329,9024000,,
1993-2-10,1.0703129768371582,1.078125,1.015625,1.0390629768371582,0.6255232691764832,11305600,,
1993-2-11,1.0390629768371582,1.0390629768371582,1,1.03125,0.6208195090293884,7273600,,
1993-2-12,1.0390629768371582,1.0390629768371582,1.015625,1.0390629768371582,0.6255232691764832,4496000,,
1993-2-16,1.0390629768371582,1.0390629768371582,0.90625,0.9375,0.5643816590309143,17241600,,
1993-2-17,0.953125,0.953125,0.90625,0.9453129768371582,0.5690850019454956,11846400,,
1993-2-18,0.96875,0.9765629768371582,0.9453129768371582,0.96875,0.5831940174102783,11756800,,
1993-2-19,0.9921879768371582,1.0078129768371582,0.96875,0.9921879768371582,0.5973040461540222,10035200,,
1993-2-22,1.0078129768371582,1.03125,0.9921879768371582,1.015625,0.6114134192466736,6908800,,
1993-2-23,1.027343988418579,1.0625,1.0078129768371582,1.0078129768371582,0.6067104935646057,7737600,,
1993-2-24,1.0390629768371582,1.0390629768371582,0.9921879768371582,0.9921879768371582,0.5973040461540222,10464000,,
1993-2-25,0.9921879768371582,1.0078129768371582,0.96875,0.984375,0.592600405216217,14732800,,
1993-2-26,0.984375,0.984375,0.953125,0.984375,0.592600405216217,8435200,,
1993-3-1,0.984375,1.0078129768371582,0.9804689884185791,0.984375,0.592600405216217,1292800,,
1993-3-2,1,1.015625,0.984375,1.015625,0.6114134192466736,5552000,,
1993-3-3,1.015625,1.125,1,1.1171879768371582,0.6725549697875977,33088000,,
1993-3-4,1.171875,1.21875,1.160156011581421,1.1796879768371582,0.7101802825927734,29728000,,
1993-3-5,1.1796879768371582,1.1796879768371582,1.140625,1.152343988418579,0.6937191486358643,11408000,,
1993-3-8,1.1640629768371582,1.1796879768371582,1.140625,1.1796879768371582,0.7101802825927734,11772800,,
1993-3-9,1.1796879768371582,1.265625,1.171875,1.265625,0.7619151473045349,23737600,,
1993-3-10,1.28125,1.2890629768371582,1.234375,1.2890629768371582,0.7760247588157654,12512000,,
1993-3-11,1.2890629768371582,1.2890629768371582,1.203125,1.21875,0.7336958646774292,7155200,,
1993-3-12,1.203125,1.2421879768371582,1.1796879768371582,1.21875,0.7336958646774292,6048000,,
1993-3-15,1.2578129768371582,1.2734379768371582,1.234375,1.2734379768371582,0.7666184902191162,5283200,,
1993-3-16,1.2890629768371582,1.296875,1.171875,1.234375,0.7431025505065918,13433600,,
1993-3-17,1.234375,1.2734379768371582,1.2109379768371582,1.2578129768371582,0.7572119832038879,6918400,,
1993-3-18,1.28125,1.386718988418579,1.2578129768371582,1.3671879768371582,0.8230568170547485,15148800,,
1993-3-19,1.3828129768371582,1.4296879768371582,1.328125,1.3515629768371582,0.8136500120162964,12883200,,
1993-3-22,1.3671879768371582,1.4453129768371582,1.3515629768371582,1.441406011581421,0.8677368760108948,20096000,,
1993-3-23,1.4609379768371582,1.46875,1.3671879768371582,1.390625,0.8371659517288208,12422400,,
1993-3-24,1.390625,1.3984379768371582,1.359375,1.375,0.8277596235275269,7116800,,
1993-3-25,1.390625,1.3984379768371582,1.34375,1.3671879768371582,0.8230568170547485,7878400,,
1993-3-26,1.359375,1.421875,1.359375,1.421875,0.8559784293174744,7209600,,
1993-3-29,1.3984379768371582,1.5,1.3984379768371582,1.4765629768371582,0.8889015316963196,12752000,,
1993-3-30,1.46875,1.5078129768371582,1.4609379768371582,1.5078129768371582,0.9077138304710388,5254400,,
1993-3-31,1.515625,1.5625,1.484375,1.53125,0.9218234419822693,10499200,,
1993-4-1,1.5390629768371582,1.6328129768371582,1.515625,1.609375,0.9688547849655151,14499200,,
1993-4-2,1.578125,1.5859379768371582,1.5078129768371582,1.5078129768371582,0.9077138304710388,12304000,,
1993-4-5,1.5390629768371582,1.5703129768371582,1.515625,1.5625,0.9406355619430542,10569600,,
1993-4-6,1.578125,1.609375,1.515625,1.519531011581421,0.9147682189941406,12422400,,
1993-4-7,1.5390629768371582,1.5390629768371582,1.4375,1.441406011581421,0.8677368760108948,19984000,,
1993-4-8,1.4609379768371582,1.5390629768371582,1.4375,1.5234379768371582,0.9171201586723328,7193600,,
1993-4-12,1.53125,1.53125,1.46875,1.4765629768371582,0.8889015316963196,10230400,,
1993-4-13,1.4921879768371582,1.4921879768371582,1.421875,1.453125,0.8747912049293518,10329600,,
1993-4-14,1.4765629768371582,1.484375,1.4296879768371582,1.4375,0.8653851747512817,8492800,,
1993-4-15,1.4296879768371582,1.453125,1.3359379768371582,1.3671879768371582,0.8230568170547485,15734400,,
1993-4-16,1.328125,1.34375,1.234375,1.3046879768371582,0.7854312658309937,25494400,,
1993-4-19,1.2421879768371582,1.2890629768371582,1.203125,1.28125,0.7713214755058289,18787200,,
1993-4-20,1.28125,1.328125,1.2578129768371582,1.324218988418579,0.7971886992454529,8377600,,
1993-4-21,1.3203129768371582,1.3828129768371582,1.3125,1.3828129768371582,0.8324630260467529,16643200,,
1993-4-22,1.390625,1.484375,1.375,1.4375,0.8653851747512817,16496000,,
1993-4-23,1.4453129768371582,1.4453129768371582,1.359375,1.375,0.8277596235275269,8585600,,
1993-4-26,1.390625,1.390625,1.28125,1.3125,0.7901339530944824,9366400,,
1993-4-27,1.3125,1.328125,1.28125,1.3203129768371582,0.7948375940322876,7961600,,
1993-4-28,1.328125,1.3984379768371582,1.296875,1.3984379768371582,0.8418694138526917,7052800,,
1993-4-29,1.3671879768371582,1.390625,1.34375,1.386718988418579,0.8348148465156555,6428800,,
1993-4-30,1.3671879768371582,1.4453129768371582,1.3671879768371582,1.421875,0.8559784293174744,8009600,,
1993-5-3,1.421875,1.4296879768371582,1.3984379768371582,1.40625,0.8465721607208252,2115200,,
1993-5-4,1.4296879768371582,1.4296879768371582,1.34375,1.34375,0.8089464902877808,5177600,,
1993-5-5,1.3515629768371582,1.3828129768371582,1.2734379768371582,1.355468988418579,0.8160017728805542,8294400,,
1993-5-6,1.359375,1.3984379768371582,1.3359379768371582,1.3515629768371582,0.8136500120162964,5888000,,
1993-5-7,1.3515629768371582,1.3984379768371582,1.3515629768371582,1.3828129768371582,0.8324630260467529,10844800,,
1993-5-10,1.4140629768371582,1.4375,1.375,1.4140629768371582,0.8512756824493408,7888000,,
1993-5-11,1.4140629768371582,1.4921879768371582,1.4140629768371582,1.484375,0.8936036229133606,8115200,,
1993-5-12,1.5,1.5,1.4453129768371582,1.484375,0.8936036229133606,4518400,,
1993-5-13,1.4921879768371582,1.4921879768371582,1.4140629768371582,1.4453129768371582,0.8700887560844421,11145600,,
1993-5-14,1.4296879768371582,1.4296879768371582,1.3125,1.34375,0.8089464902877808,16572800,,
1993-5-17,1.3515629768371582,1.390625,1.2890629768371582,1.390625,0.8371659517288208,9830400,,
1993-5-18,1.40625,1.421875,1.390625,1.40625,0.8465721607208252,5046400,,
1993-5-19,1.4296879768371582,1.46875,1.3984379768371582,1.453125,0.8747912049293518,9331200,,
1993-5-20,1.4609379768371582,1.46875,1.40625,1.40625,0.8465721607208252,3920000,,
1993-5-21,1.421875,1.421875,1.375,1.3828129768371582,0.8324630260467529,2185600,,
1993-5-24,1.3828129768371582,1.421875,1.34375,1.4140629768371582,0.8512756824493408,4563200,,
1993-5-25,1.3984379768371582,1.453125,1.3984379768371582,1.4296879768371582,0.8606821298599243,2764800,,
1993-5-26,1.453125,1.4765629768371582,1.4140629768371582,1.472656011581421,0.8865492939949036,4422400,,
1993-5-27,1.4609379768371582,1.484375,1.421875,1.4296879768371582,0.8606821298599243,2896000,,
1993-5-28,1.4453129768371582,1.4453129768371582,1.390625,1.4140629768371582,0.8512756824493408,3648000,,
1993-6-1,1.390625,1.4140629768371582,1.3515629768371582,1.363281011581421,0.8207043409347534,6009600,,
1993-6-2,1.359375,1.421875,1.359375,1.421875,0.8559784293174744,2278400,,
1993-6-3,1.3984379768371582,1.4765629768371582,1.3984379768371582,1.46875,0.8841977715492249,5542400,,
1993-6-4,1.453125,1.5,1.453125,1.480468988418579,0.8912525773048401,6563200,,
1993-6-7,1.46875,1.484375,1.4453129768371582,1.457031011581421,0.8771432042121887,6304000,,
1993-6-8,1.453125,1.4609379768371582,1.421875,1.453125,0.8747912049293518,3068800,,
1993-6-9,1.46875,1.4921879768371582,1.4375,1.4765629768371582,0.8889015316963196,4003200,,
1993-6-10,1.4765629768371582,1.4921879768371582,1.4765629768371582,1.484375,0.8936036229133606,4022400,,
1993-6-11,1.5,1.5859379768371582,1.4921879768371582,1.5859379768371582,0.9547459483146667,15868800,,
1993-6-14,1.5625,1.7265629768371582,1.5546879768371582,1.7265629768371582,1.0394026041030884,17100800,,
1993-6-15,1.7421879768371582,1.8203129768371582,1.71875,1.78125,1.0723246335983276,34841600,,
1993-6-16,1.78125,1.7890629768371582,1.640625,1.65625,0.9970740675926208,26976000,,
1993-6-17,1.6796879768371582,1.734375,1.640625,1.7265629768371582,1.0394026041030884,6156800,,
1993-6-18,1.734375,1.765625,1.6796879768371582,1.6796879768371582,1.0111836194992065,7856000,,
1993-6-21,1.703125,1.7109379768371582,1.609375,1.609375,0.9688547849655151,8265600,,
1993-6-22,1.6328129768371582,1.6484379768371582,1.5859379768371582,1.6484379768371582,0.9923710823059082,6371200,,
1993-6-23,1.6484379768371582,1.671875,1.625,1.65625,0.9970740675926208,2729600,,
1993-6-24,1.65625,1.7421879768371582,1.6484379768371582,1.734375,1.0441052913665771,4550400,,
1993-6-25,1.734375,1.75,1.6796879768371582,1.7265629768371582,1.0394026041030884,6073600,,
1993-6-28,1.7265629768371582,1.8125,1.7265629768371582,1.765625,1.0629180669784546,8233600,,
1993-6-29,1.7578129768371582,1.7578129768371582,1.734375,1.75,1.0535123348236084,54995200,,
1993-6-30,1.7578129768371582,1.8125,1.7421879768371582,1.8125,1.0911380052566528,25257600,,
1993-7-1,1.8203129768371582,1.875,1.765625,1.871093988418579,1.1264119148254395,23779200,,
1993-7-2,1.84375,1.875,1.8203129768371582,1.8515629768371582,1.1146537065505981,9260800,,
1993-7-6,1.8515629768371582,1.8515629768371582,1.8203129768371582,1.84375,1.1099501848220825,8489600,,
1993-7-7,1.8203129768371582,1.8515629768371582,1.8203129768371582,1.828125,1.10054349899292,9708800,,
1993-7-8,1.8359379768371582,1.8828129768371582,1.8359379768371582,1.878906011581421,1.1311146020889282,8176000,,
1993-7-9,1.8828129768371582,1.9140629768371582,1.8359379768371582,1.8984379768371582,1.1428723335266113,8604800,,
1993-7-12,1.9140629768371582,1.9140629768371582,1.8671879768371582,1.8671879768371582,1.1240599155426025,9161600,,
1993-7-13,1.890625,1.890625,1.84375,1.8671879768371582,1.1240599155426025,4982400,,
1993-7-14,1.8671879768371582,1.875,1.8359379768371582,1.859375,1.1193559169769287,4560000,,
1993-7-15,1.8515629768371582,1.875,1.8515629768371582,1.875,1.1287633180618286,5836800,,
1993-7-16,1.8671879768371582,1.90625,1.84375,1.875,1.1287633180618286,8358400,,
1993-7-19,1.9609379768371582,2.007812976837158,1.9453129768371582,1.984375,1.1946074962615967,18486400,,
1993-7-20,1.984375,2.03125,1.9453129768371582,2.023437976837158,1.2181236743927002,15804800,,
1993-7-21,2.03125,2.03125,1.9921879768371582,2.015625,1.2134202718734741,17628800,,
1993-7-22,2.015625,2.070312976837158,2.015625,2.050781011581421,1.2345846891403198,9420800,,
1993-7-23,2.046875,2.195312976837158,2.03125,2.175781011581421,1.3098351955413818,13635200,,
1993-7-26,2.179687976837158,2.203125,2.117187976837158,2.117187976837158,1.274561882019043,12816000,,
1993-7-27,2.109375,2.132812976837158,2.0625,2.109375,1.269858479499817,13056000,,
1993-7-28,2.101562976837158,2.101562976837158,2.023437976837158,2.0625,1.2416390180587769,11318400,,
1993-7-29,2.078125,2.140625,2.0625,2.132812976837158,1.2839679718017578,6422400,,
1993-7-30,2.132812976837158,2.140625,2.085937976837158,2.101562976837158,1.2651551961898804,6428800,,
1993-8-2,2.125,2.15625,2.023437976837158,2.046875,1.232232928276062,12534400,,
1993-8-3,2.046875,2.09375,2.023437976837158,2.0625,1.2416390180587769,6124800,,
1993-8-4,2.078125,2.117187976837158,2.0625,2.117187976837158,1.274561882019043,8345600,,
1993-8-5,2.09375,2.117187976837158,2.085937976837158,2.117187976837158,1.274561882019043,11334400,,
1993-8-6,2.148437976837158,2.242187976837158,2.132812976837158,2.21875,1.335702896118164,13388800,,
1993-8-9,2.21875,2.234375,2.171875,2.1875,1.3168903589248657,9040000,,
1993-8-10,2.1875,2.28125,2.1875,2.273437976837158,1.3686262369155884,14364800,,
1993-8-11,2.289062976837158,2.375,2.273437976837158,2.359375,1.4203599691390991,20505600,,
1993-8-12,2.367187976837158,2.367187976837158,2.289062976837158,2.328125,1.4015474319458008,13046400,,
1993-8-13,2.34375,2.367187976837158,2.28125,2.367187976837158,1.425063133239746,7740800,,
1993-8-16,2.359375,2.484375,2.359375,2.429687976837158,1.4626888036727905,20806400,,
1993-8-17,2.421875,2.460937976837158,2.328125,2.351562976837158,1.4156569242477417,13014400,,
1993-8-18,2.390625,2.433593988418579,2.367187976837158,2.40625,1.4485793113708496,6320000,,
1993-8-19,2.421875,2.460937976837158,2.398437976837158,2.449218988418579,1.4744471311569214,5273600,,
1993-8-20,2.460937976837158,2.460937976837158,2.40625,2.425781011581421,1.460337519645691,4790400,,
1993-8-23,2.445312976837158,2.453125,2.421875,2.4375,1.4673917293548584,4822400,,
1993-8-24,2.421875,2.5625,2.421875,2.53125,1.5238302946090698,18601600,,
1993-8-25,2.53125,2.578125,2.460937976837158,2.515625,1.5144233703613281,16393600,,
1993-8-26,2.515625,2.558593988418579,2.4375,2.511718988418579,1.5120726823806763,9113600,,
1993-8-27,2.507812976837158,2.53125,2.429687976837158,2.445312976837158,1.4720944166183472,9788800,,
1993-8-30,2.4375,2.492187976837158,2.359375,2.359375,1.4203599691390991,18345600,,
1993-8-31,2.359375,2.453125,2.320312976837158,2.4375,1.4673917293548584,20259200,,
1993-9-1,2.453125,2.460937976837158,2.40625,2.429687976837158,1.4626888036727905,8041600,,
1993-9-2,2.4375,2.539062976837158,2.421875,2.492187976837158,1.500314712524414,12448000,,
1993-9-3,2.507812976837158,2.515625,2.46875,2.484375,1.4956111907958984,3510400,,
1993-9-7,2.492187976837158,2.492187976837158,2.398437976837158,2.398437976837158,1.4438761472702026,11286400,,
1993-9-8,2.390625,2.414062976837158,2.15625,2.242187976837158,1.349812626838684,42675200,,
1993-9-9,2.257812976837158,2.363281011581421,2.257812976837158,2.335937976837158,1.406251072883606,22998400,,
1993-9-10,2.367187976837158,2.390625,2.34375,2.378906011581421,1.4321180582046509,9875200,,
1993-9-13,2.367187976837158,2.390625,2.300781011581421,2.304687976837158,1.3874382972717285,16604800,,
1993-9-14,2.28125,2.28125,2.140625,2.226562976837158,1.3404064178466797,27891200,,
1993-9-15,2.265625,2.296875,2.210937976837158,2.289062976837158,1.3780322074890137,18265600,,
1993-9-16,2.289062976837158,2.3125,2.265625,2.308593988418579,1.3897895812988281,6857600,,
1993-9-17,2.328125,2.4375,2.320312976837158,2.382812976837158,1.4344693422317505,23379200,,
1993-9-20,2.410156011581421,2.460937976837158,2.390625,2.441406011581421,1.4697439670562744,12678400,,
1993-9-21,2.414062976837158,2.453125,2.335937976837158,2.375,1.4297659397125244,15664000,,
1993-9-22,2.382812976837158,2.476562976837158,2.359375,2.457031011581421,1.479149580001831,11724800,,
1993-9-23,2.492187976837158,2.539062976837158,2.46875,2.507812976837158,1.5097206830978394,13081600,,
1993-9-24,2.507812976837158,2.609375,2.507812976837158,2.570312976837158,1.5473462343215942,18326400,,
1993-9-27,2.578125,2.59375,2.53125,2.535156011581421,1.5261809825897217,16057600,,
1993-9-28,2.554687976837158,2.640625,2.492187976837158,2.625,1.5802679061889648,18163200,,
1993-9-29,2.65625,2.703125,2.640625,2.679687976837158,1.6131908893585205,12057600,,
1993-9-30,2.671875,2.710937976837158,2.585937976837158,2.585937976837158,1.5567524433135986,22204800,,
1993-10-1,2.554687976837158,2.578125,2.515625,2.515625,1.5144233703613281,10403200,,
1993-10-4,2.507812976837158,2.585937976837158,2.484375,2.585937976837158,1.5567524433135986,12585600,,
1993-10-5,2.59375,2.601562976837158,2.429687976837158,2.46875,1.4862051010131836,16515200,,
1993-10-6,2.492187976837158,2.546875,2.414062976837158,2.429687976837158,1.4626888036727905,10524800,,
1993-10-7,2.429687976837158,2.472656011581421,2.375,2.472656011581421,1.4885557889938354,17129600,,
1993-10-8,2.484375,2.546875,2.414062976837158,2.476562976837158,1.4909077882766724,18384000,,
1993-10-11,2.484375,2.554687976837158,2.476562976837158,2.539062976837158,1.528533697128296,9292800,,
1993-10-12,2.539062976837158,2.640625,2.523437976837158,2.601562976837158,1.566158413887024,12140800,,
1993-10-13,2.625,2.664062976837158,2.609375,2.625,1.5802679061889648,10105600,,
1993-10-14,2.617187976837158,2.6875,2.617187976837158,2.671875,1.6084873676300049,11664000,,
1993-10-15,2.695312976837158,2.695312976837158,2.625,2.671875,1.6084873676300049,15958400,,
1993-10-18,2.65625,2.710937976837158,2.65625,2.695312976837158,1.6225963830947876,11814400,,
1993-10-19,2.679687976837158,2.703125,2.492187976837158,2.5625,1.5426429510116577,18281600,,
1993-10-20,2.585937976837158,2.609375,2.46875,2.523437976837158,1.5191268920898438,14512000,,
1993-10-21,2.523437976837158,2.539062976837158,2.429687976837158,2.460937976837158,1.4815013408660889,23440000,,
1993-10-22,2.460937976837158,2.515625,2.421875,2.4375,1.4673917293548584,20204800,,
1993-10-25,2.4375,2.4375,2.242187976837158,2.304687976837158,1.3874382972717285,31372800,,
1993-10-26,2.304687976837158,2.320312976837158,2.179687976837158,2.28125,1.373328447341919,32502400,,
1993-10-27,2.375,2.429687976837158,2.304687976837158,2.429687976837158,1.4626888036727905,19552000,,
1993-10-28,2.421875,2.476562976837158,2.359375,2.386718988418579,1.4368213415145874,17750400,,
1993-10-29,2.375,2.40625,2.359375,2.390625,1.439172625541687,8806400,,
1993-11-1,2.398437976837158,2.507812976837158,2.398437976837158,2.492187976837158,1.500314712524414,12188800,,
1993-11-2,2.507812976837158,2.53125,2.40625,2.460937976837158,1.4815013408660889,13923200,,
1993-11-3,2.453125,2.46875,2.296875,2.300781011581421,1.3850858211517334,28937600,,
1993-11-4,2.3125,2.328125,2.148437976837158,2.179687976837158,1.3121870756149292,30166400,,
1993-11-5,2.15625,2.21875,2.078125,2.179687976837158,1.3121870756149292,52256000,,
1993-11-8,2.257812976837158,2.34375,2.25,2.273437976837158,1.3686262369155884,30323200,,
1993-11-9,2.320312976837158,2.382812976837158,2.304687976837158,2.34375,1.410953402519226,22876800,,
1993-11-10,2.351562976837158,2.382812976837158,2.3125,2.382812976837158,1.4344693422317505,12211200,,
1993-11-11,2.429687976837158,2.4375,2.3125,2.324218988418579,1.3991955518722534,15516800,,
1993-11-12,2.320312976837158,2.367187976837158,2.265625,2.296875,1.382735013961792,21619200,,
1993-11-15,2.28125,2.28125,2.140625,2.179687976837158,1.3121870756149292,29686400,,
1993-11-16,2.179687976837158,2.195312976837158,1.9921879768371582,2.0625,1.2416390180587769,66204800,,
1993-11-17,2.078125,2.09375,1.9296879768371582,1.953125,1.175795078277588,40716800,,
1993-11-18,1.90625,1.9296879768371582,1.71875,1.7265629768371582,1.0394026041030884,82540800,,
1993-11-19,1.6796879768371582,1.8125,1.6640629768371582,1.6953129768371582,1.0205904245376587,50617600,,
1993-11-22,1.6484379768371582,1.75,1.625,1.75,1.0535123348236084,29747200,,
1993-11-23,1.796875,1.84375,1.7578129768371582,1.8046879768371582,1.0864344835281372,22988800,,
1993-11-24,1.8359379768371582,1.84375,1.75,1.828125,1.10054349899292,19056000,,
1993-11-26,1.8125,1.8359379768371582,1.734375,1.75,1.0535123348236084,9910400,,
1993-11-29,1.734375,1.75,1.578125,1.609375,0.9688547849655151,40832000,,
1993-11-30,1.609375,1.671875,1.6015629768371582,1.6484379768371582,0.9923710823059082,28118400,,
1993-12-1,1.6875,1.7734379768371582,1.671875,1.769531011581421,1.0652695894241333,21532800,,
1993-12-2,1.765625,1.84375,1.71875,1.828125,1.10054349899292,18528000,,
1993-12-3,1.8828129768371582,1.890625,1.8203129768371582,1.8515629768371582,1.1146537065505981,21232000,,
1993-12-6,1.8125,1.8671879768371582,1.796875,1.8203129768371582,1.0958410501480103,11644800,,
1993-12-7,1.8203129768371582,1.8359379768371582,1.7578129768371582,1.765625,1.0629180669784546,13177600,,
1993-12-8,1.78125,1.7890629768371582,1.7265629768371582,1.7265629768371582,1.0394026041030884,13888000,,
1993-12-9,1.7109379768371582,1.7265629768371582,1.625,1.65625,0.9970740675926208,10368000,,
1993-12-10,1.625,1.6796879768371582,1.609375,1.65625,0.9970740675926208,13385600,,
1993-12-13,1.625,1.7421879768371582,1.625,1.707031011581421,1.0276446342468262,15680000,,
1993-12-14,1.7109379768371582,1.71875,1.6328129768371582,1.671875,1.0064804553985596,10131200,,
1993-12-15,1.65625,1.7265629768371582,1.65625,1.7109379768371582,1.029996633529663,8812800,,
1993-12-16,1.7109379768371582,1.734375,1.6796879768371582,1.703125,1.0252928733825684,10304000,,
1993-12-17,1.6875,1.7734379768371582,1.6875,1.75,1.0535123348236084,17824000,,
1993-12-20,1.7734379768371582,1.828125,1.7734379768371582,1.808593988418579,1.0887855291366577,22886400,,
1993-12-21,1.8203129768371582,1.8203129768371582,1.7578129768371582,1.7734379768371582,1.0676217079162598,11580800,,
1993-12-22,1.78125,1.78125,1.7265629768371582,1.765625,1.0629180669784546,5363200,,
1993-12-23,1.78125,1.7890629768371582,1.7421879768371582,1.765625,1.0629180669784546,4003200,,
1993-12-27,1.765625,1.765625,1.703125,1.703125,1.0252928733825684,7116800,,
1993-12-28,1.7109379768371582,1.734375,1.640625,1.644531011581421,0.9900191426277161,13104000,,
1993-12-29,1.65625,1.7109379768371582,1.65625,1.6953129768371582,1.0205904245376587,11276800,,
1993-12-30,1.71875,1.71875,1.671875,1.6953129768371582,1.0205904245376587,5097600,,
1993-12-31,1.6796879768371582,1.71875,1.636718988418579,1.65625,0.9970740675926208,7526400,,
1994-1-3,1.65625,1.6796879768371582,1.609375,1.660156011581421,0.9994258284568787,8272000,,
1994-1-4,1.640625,1.6953129768371582,1.625,1.691406011581421,1.0182380676269531,13232000,,
1994-1-5,1.671875,1.6875,1.6328129768371582,1.640625,0.9876675605773926,11913600,,
1994-1-6,1.6640629768371582,1.6640629768371582,1.640625,1.65625,0.9970740675926208,6377600,,
1994-1-7,1.640625,1.65625,1.59375,1.609375,0.9688547849655151,17513600,,
1994-1-10,1.59375,1.609375,1.484375,1.484375,0.8936036229133606,24227200,,
1994-1-11,1.484375,1.53125,1.4375,1.5234379768371582,0.9171201586723328,22883200,,
1994-1-12,1.53125,1.609375,1.4921879768371582,1.5078129768371582,0.9077138304710388,38659200,,
1994-1-13,1.546875,1.640625,1.53125,1.640625,0.9876675605773926,16124800,,
1994-1-14,1.6484379768371582,1.71875,1.6328129768371582,1.691406011581421,1.0182380676269531,28188800,,
1994-1-17,1.5234379768371582,1.6015629768371582,1.4609379768371582,1.59375,0.9594486951828003,55145600,,
1994-1-18,1.59375,1.609375,1.503906011581421,1.5390629768371582,0.9265266060829163,17984000,,
1994-1-19,1.5390629768371582,1.5546879768371582,1.484375,1.519531011581421,0.9147682189941406,10380800,,
1994-1-20,1.5390629768371582,1.546875,1.4921879768371582,1.5390629768371582,0.9265266060829163,10262400,,
1994-1-21,1.546875,1.5546879768371582,1.503906011581421,1.511718988418579,0.9100654721260071,9740800,,
1994-1-24,1.511718988418579,1.5390629768371582,1.484375,1.5,0.9030101299285889,8441600,,
1994-1-25,1.515625,1.546875,1.4921879768371582,1.5234379768371582,0.9171201586723328,6745600,,
1994-1-26,1.5390629768371582,1.5546879768371582,1.5234379768371582,1.5546879768371582,0.9359328746795654,10697600,,
1994-1-27,1.5546879768371582,1.578125,1.546875,1.5546879768371582,0.9359328746795654,7769600,,
1994-1-28,1.5546879768371582,1.578125,1.5390629768371582,1.546875,0.9312294721603394,4291200,,
1994-1-31,1.546875,1.5703129768371582,1.546875,1.5703129768371582,0.9453393220901489,3644800,,
1994-2-1,1.5390629768371582,1.546875,1.515625,1.546875,0.9312294721603394,4595200,,
1994-2-2,1.53125,1.5546879768371582,1.53125,1.5546879768371582,0.9359328746795654,2812800,,
1994-2-3,1.5546879768371582,1.5546879768371582,1.5,1.5078129768371582,0.9077138304710388,4659200,,
1994-2-4,1.5234379768371582,1.5234379768371582,1.3984379768371582,1.4296879768371582,0.8606821298599243,15763200,,
1994-2-7,1.363281011581421,1.4609379768371582,1.3515629768371582,1.449218988418579,0.8724398612976074,24182400,,
1994-2-8,1.4609379768371582,1.5,1.4140629768371582,1.46875,0.8841977715492249,17526400,,
1994-2-9,1.4765629768371582,1.4765629768371582,1.4453129768371582,1.453125,0.8747912049293518,6956800,,
1994-2-10,1.46875,1.46875,1.4140629768371582,1.421875,0.8559784293174744,3040000,,
1994-2-11,1.3984379768371582,1.4609379768371582,1.3984379768371582,1.4453129768371582,0.8700887560844421,4364800,,
1994-2-14,1.4453129768371582,1.4609379768371582,1.4375,1.453125,0.8747912049293518,5248000,,
1994-2-15,1.453125,1.453125,1.390625,1.394531011581421,0.8395172953605652,8656000,,
1994-2-16,1.40625,1.40625,1.359375,1.375,0.8277596235275269,9187200,,
1994-2-17,1.375,1.3828129768371582,1.234375,1.3125,0.7901339530944824,77347200,,
1994-2-18,1.328125,1.359375,1.25,1.328125,0.7995404601097107,33936000,,
1994-2-22,1.328125,1.375,1.28125,1.296875,0.7807276844978333,51516800,,
1994-2-23,1.328125,1.359375,1.3046879768371582,1.328125,0.7995404601097107,22358400,,
1994-2-24,1.3125,1.359375,1.265625,1.3046879768371582,0.7854312658309937,10878400,,'2:1'
1994-2-25,1.328125,1.375,1.296875,1.328125,0.7995404601097107,7219200,,
1994-2-28,1.375,1.40625,1.328125,1.40625,0.8465721607208252,8486400,,
1994-3-1,1.5,1.625,1.484375,1.578125,0.9500425457954407,42281600,,
1994-3-2,1.546875,1.703125,1.5078129768371582,1.703125,1.0252928733825684,27968000,,
1994-3-3,1.75,1.75,1.609375,1.640625,0.9876675605773926,15848000,,
1994-3-4,1.703125,1.703125,1.59375,1.609375,0.9688547849655151,11939200,,
1994-3-7,1.65625,1.65625,1.578125,1.578125,0.9500425457954407,7715200,,
1994-3-8,1.59375,1.59375,1.515625,1.5625,0.9406355619430542,5595200,,
1994-3-9,1.578125,1.578125,1.5,1.5390629768371582,0.9265266060829163,5635200,,
1994-3-10,1.578125,1.578125,1.53125,1.5546879768371582,0.9359328746795654,3537600,,
1994-3-11,1.578125,1.625,1.546875,1.59375,0.9594486951828003,7929600,,
1994-3-14,1.625,1.671875,1.59375,1.671875,1.0064804553985596,12238400,,
1994-3-15,1.671875,1.734375,1.65625,1.7109379768371582,1.029996633529663,17208000,,
1994-3-16,1.734375,1.796875,1.671875,1.796875,1.0817313194274902,18041600,,
1994-3-17,1.796875,1.8125,1.75,1.75,1.0535123348236084,8316800,,
1994-3-18,1.734375,1.796875,1.734375,1.78125,1.0723246335983276,6020800,,
1994-3-21,1.78125,1.78125,1.71875,1.7265629768371582,1.0394026041030884,6169600,,
1994-3-22,1.765625,1.765625,1.671875,1.6875,1.015886664390564,3107200,,
1994-3-23,1.71875,1.71875,1.640625,1.640625,0.9876675605773926,2766400,,
1994-3-24,1.75,1.765625,1.640625,1.671875,1.0064804553985596,9888000,,
1994-3-25,1.6875,1.6875,1.625,1.625,0.9782611727714539,7046400,,
1994-3-28,1.671875,1.671875,1.5234379768371582,1.53125,0.9218234419822693,7006400,,
1994-3-29,1.53125,1.578125,1.453125,1.453125,0.8747912049293518,7643200,,
1994-3-30,1.453125,1.5,1.40625,1.484375,0.8936036229133606,8185600,,
1994-3-31,1.5,1.53125,1.453125,1.53125,0.9218234419822693,7176000,,
1994-4-4,1.453125,1.53125,1.390625,1.4609379768371582,0.8794946074485779,9300800,,
1994-4-5,1.53125,1.53125,1.453125,1.453125,0.8747912049293518,6884800,,
1994-4-6,1.46875,1.5,1.421875,1.453125,0.8747912049293518,5206400,,
1994-4-7,1.46875,1.5,1.4296879768371582,1.453125,0.8747912049293518,3907200,,
1994-4-8,1.4453129768371582,1.46875,1.390625,1.421875,0.8559784293174744,3348800,,
1994-4-11,1.40625,1.421875,1.375,1.375,0.8277596235275269,4188800,,
1994-4-12,1.359375,1.390625,1.34375,1.359375,0.8183531165122986,4246400,,
1994-4-13,1.34375,1.375,1.234375,1.28125,0.7713214755058289,9372800,,
1994-4-14,1.265625,1.328125,1.25,1.296875,0.7807276844978333,7780800,,
1994-4-15,1.328125,1.421875,1.296875,1.421875,0.8559784293174744,12334400,,
1994-4-18,1.4375,1.4765629768371582,1.328125,1.375,0.8277596235275269,9435200,,
1994-4-19,1.359375,1.359375,1.25,1.3046879768371582,0.7854312658309937,7129600,,
1994-4-20,1.3125,1.328125,1.21875,1.28125,0.7713214755058289,6638400,,
1994-4-21,1.328125,1.328125,1.21875,1.25,0.7525083422660828,6092800,,
1994-4-22,1.296875,1.328125,1.25,1.3125,0.7901339530944824,3420800,,
1994-4-25,1.3125,1.390625,1.265625,1.3671879768371582,0.8230568170547485,4036800,,
1994-4-26,1.390625,1.40625,1.359375,1.390625,0.8371659517288208,4379200,,
1994-4-28,1.390625,1.390625,1.328125,1.328125,0.7995404601097107,3798400,,
1994-4-29,1.359375,1.359375,1.28125,1.328125,0.7995404601097107,3161600,,
1994-5-2,1.328125,1.359375,1.296875,1.328125,0.7995404601097107,6243200,,
1994-5-3,1.328125,1.359375,1.296875,1.328125,0.7995404601097107,1499200,,
1994-5-4,1.328125,1.34375,1.28125,1.2890629768371582,0.7760247588157654,1284800,,
1994-5-5,1.3125,1.3125,1.28125,1.3125,0.7901339530944824,1574400,,
1994-5-6,1.296875,1.3125,1.25,1.28125,0.7713214755058289,3056000,,
1994-5-9,1.28125,1.296875,1.234375,1.234375,0.7431025505065918,4024000,,
1994-5-10,1.2734379768371582,1.28125,1.09375,1.203125,0.7242896556854248,13409600,,
1994-5-11,1.140625,1.171875,1.046875,1.0546879768371582,0.6349295973777771,20076800,,
1994-5-12,1.109375,1.15625,1.0625,1.078125,0.6490389704704285,11553600,,
1994-5-13,1.09375,1.109375,1.0625,1.0703129768371582,0.6443359851837158,9982400,,
1994-5-16,1.078125,1.140625,1.0625,1.078125,0.6490389704704285,4636800,,
1994-5-17,1.109375,1.109375,1.03125,1.078125,0.6490389704704285,7995200,,
1994-5-18,1.125,1.15625,1.0625,1.125,0.6772579550743103,8428800,,
1994-5-19,1.15625,1.171875,1.125,1.140625,0.6866642236709595,6616000,,
1994-5-20,1.171875,1.1875,1.078125,1.125,0.6772579550743103,7192000,,
1994-5-23,1.125,1.125,1.078125,1.09375,0.6584451794624329,3371200,,
1994-5-24,1.09375,1.15625,1.09375,1.15625,0.6960706114768982,10216000,,
1994-5-25,1.15625,1.171875,1.078125,1.1171879768371582,0.6725549697875977,9857600,,
1994-5-26,1.125,1.125,1.078125,1.0859379768371582,0.653742253780365,4126400,,
1994-5-27,1.078125,1.109375,1.046875,1.0625,0.6396322250366211,14929600,,
1994-5-31,1.078125,1.078125,1.015625,1.0234379768371582,0.6161167025566101,10473600,,
1994-6-1,1.03125,1.03125,0.96875,1.03125,0.6208195090293884,17868800,,
1994-6-2,1.03125,1.078125,1.015625,1.046875,0.6302261352539062,7486400,,
1994-6-3,1.09375,1.140625,1.046875,1.125,0.6772579550743103,19928000,,
1994-6-6,1.125,1.140625,1.109375,1.140625,0.6866642236709595,4779200,,
1994-6-7,1.140625,1.140625,1.109375,1.128906011581421,0.6796094179153442,7276800,,
1994-6-8,1.140625,1.140625,1.09375,1.1171879768371582,0.6725549697875977,8956800,,
1994-6-9,1.09375,1.140625,1.09375,1.109375,0.667851448059082,4276800,,
1994-6-10,1.1484379768371582,1.171875,1.125,1.140625,0.6866642236709595,10726400,,
1994-6-13,1.15625,1.15625,1.125,1.125,0.6772579550743103,1382400,,
1994-6-14,1.125,1.1875,1.109375,1.125,0.6772579550743103,12236800,,
1994-6-15,1.140625,1.140625,1.109375,1.109375,0.667851448059082,10262400,,
1994-6-16,1.125,1.125,1.09375,1.1015629768371582,0.6631484031677246,3700800,,
1994-6-17,1.09375,1.109375,1.078125,1.09375,0.6584451794624329,6361600,,
1994-6-20,1.078125,1.078125,1.03125,1.03125,0.6208195090293884,4281600,,
1994-6-21,1.03125,1.046875,1,1.0234379768371582,0.6161167025566101,5204800,,
1994-6-22,1.046875,1.078125,1.03125,1.0546879768371582,0.6349295973777771,3894400,,
1994-6-23,1.078125,1.078125,1.015625,1.015625,0.6114134192466736,4611200,,
1994-6-24,1.046875,1.046875,0.96875,1,0.6020069718360901,5756800,,
1994-6-27,0.96875,1.078125,0.96875,1.078125,0.6490389704704285,4393600,,
1994-6-28,1.109375,1.125,1.015625,1.03125,0.6208195090293884,4331200,,
1994-6-29,1.0625,1.0625,1.015625,1.0234379768371582,0.6161167025566101,3907200,,
1994-6-30,1.046875,1.046875,1,1,0.6020069718360901,2745600,,
1994-7-1,1.03125,1.03125,1,1,0.6020069718360901,3904000,,
1994-7-5,1.03125,1.03125,0.984375,0.984375,0.592600405216217,6072000,,
1994-7-6,1,1,0.9375,0.953125,0.5737876296043396,14564800,,
1994-7-7,0.953125,0.984375,0.953125,0.984375,0.592600405216217,4348800,,
1994-7-8,0.984375,0.984375,0.953125,0.953125,0.5737876296043396,10705600,,
1994-7-11,0.984375,0.984375,0.953125,0.953125,0.5737876296043396,4740800,,
1994-7-12,0.953125,0.984375,0.953125,0.9804689884185791,0.5902491211891174,5033600,,
1994-7-13,0.984375,1.03125,0.96875,1.03125,0.6208195090293884,9326400,,
1994-7-14,1.03125,1.21875,1.015625,1.21875,0.7336958646774292,30441600,,
1994-7-15,1.203125,1.21875,1.171875,1.1875,0.7148829698562622,12488000,,
1994-7-18,1.21875,1.21875,1.078125,1.171875,0.705476701259613,11024000,,
1994-7-19,1.1875,1.1875,1.0859379768371582,1.0859379768371582,0.653742253780365,16715200,,
1994-7-20,1.078125,1.109375,1.015625,1.0234379768371582,0.6161167025566101,11016000,,
1994-7-21,1.046875,1.09375,1.015625,1.09375,0.6584451794624329,8923200,,
1994-7-22,1.078125,1.171875,1.078125,1.140625,0.6866642236709595,9137600,,
1994-7-25,1.1875,1.21875,1.140625,1.15625,0.6960706114768982,6449600,,
1994-7-26,1.15625,1.171875,1.152343988418579,1.1640629768371582,0.7007740139961243,5936000,,
1994-7-27,1.171875,1.171875,1.15625,1.15625,0.6960706114768982,3411200,,
1994-7-28,1.15625,1.171875,1.152343988418579,1.171875,0.705476701259613,7664000,,
1994-7-29,1.15625,1.171875,1.109375,1.125,0.6772579550743103,3705600,,
1994-8-1,1.125,1.140625,1.09375,1.113281011581421,0.670202910900116,5723200,,
1994-8-2,1.09375,1.125,1.09375,1.109375,0.667851448059082,1441600,,
1994-8-3,1.125,1.140625,1.09375,1.09375,0.6584451794624329,2580800,,
1994-8-4,1.09375,1.140625,1.09375,1.1171879768371582,0.6725549697875977,2856000,,
1994-8-5,1.125,1.140625,1.09375,1.109375,0.667851448059082,1939200,,
1994-8-8,1.140625,1.15625,1.109375,1.1484379768371582,0.6913676857948303,952000,,
1994-8-9,1.109375,1.171875,1.109375,1.15625,0.6960706114768982,2604800,,
1994-8-10,1.15625,1.171875,1.125,1.1640629768371582,0.7007740139961243,5161600,,
1994-8-11,1.15625,1.203125,1.15625,1.171875,0.705476701259613,3972800,,
1994-8-12,1.1875,1.359375,1.1875,1.34375,0.8089464902877808,20528000,,
1994-8-15,1.34375,1.359375,1.28125,1.292968988418579,0.7783762216567993,8731200,,
1994-8-16,1.296875,1.375,1.296875,1.359375,0.8183531165122986,9584000,,
1994-8-17,1.359375,1.4375,1.34375,1.421875,0.8559784293174744,9716800,,
1994-8-18,1.40625,1.4375,1.375,1.4140629768371582,0.8512756824493408,6787200,,
1994-8-19,1.40625,1.4375,1.34375,1.359375,0.8183531165122986,3244800,,
1994-8-22,1.359375,1.375,1.328125,1.3515629768371582,0.8136500120162964,1782400,,
1994-8-23,1.359375,1.390625,1.34375,1.375,0.8277596235275269,3276800,,
1994-8-24,1.390625,1.421875,1.359375,1.3984379768371582,0.8418694138526917,4984000,,
1994-8-25,1.40625,1.40625,1.359375,1.375,0.8277596235275269,1496000,,
1994-8-26,1.375,1.4375,1.375,1.4140629768371582,0.8512756824493408,5752000,,
1994-8-29,1.390625,1.46875,1.390625,1.4375,0.8653851747512817,7875200,,
1994-8-30,1.46875,1.46875,1.40625,1.4375,0.8653851747512817,5179200,,
1994-8-31,1.453125,1.453125,1.40625,1.40625,0.8465721607208252,3470400,,
1994-9-1,1.390625,1.421875,1.328125,1.34375,0.8089464902877808,5916800,,
1994-9-2,1.359375,1.375,1.265625,1.265625,0.7619151473045349,16134400,,
1994-9-6,1.265625,1.328125,1.265625,1.3125,0.7901339530944824,5492800,,
1994-9-7,1.328125,1.359375,1.296875,1.3515629768371582,0.8136500120162964,11544000,,
1994-9-8,1.3515629768371582,1.46875,1.328125,1.453125,0.8747912049293518,18230400,,
1994-9-9,1.46875,1.578125,1.4375,1.542968988418579,0.9288780689239502,46308800,,
1994-9-12,1.5625,1.5625,1.5,1.535156011581421,0.9241743683815002,15774400,,
1994-9-13,1.53125,1.578125,1.53125,1.5625,0.9406355619430542,8921600,,
1994-9-14,1.5625,1.5625,1.515625,1.5625,0.9406355619430542,3945600,,
1994-9-15,1.546875,1.609375,1.546875,1.609375,0.9688547849655151,5156800,,
1994-9-16,1.59375,1.65625,1.59375,1.640625,0.9876675605773926,20884800,,
1994-9-19,1.640625,1.671875,1.640625,1.640625,0.9876675605773926,8356800,,
1994-9-20,1.59375,1.640625,1.515625,1.5625,0.9406355619430542,9616000,,
1994-9-21,1.609375,1.6484379768371582,1.546875,1.5625,0.9406355619430542,11345600,,
1994-9-22,1.609375,1.609375,1.578125,1.609375,0.9688547849655151,6513600,,
1994-9-23,1.609375,1.703125,1.578125,1.625,0.9782611727714539,18179200,,
1994-9-26,1.640625,1.640625,1.546875,1.609375,0.9688547849655151,4172800,,
1994-9-27,1.578125,1.609375,1.53125,1.578125,0.9500425457954407,7121600,,
1994-9-28,1.59375,1.609375,1.546875,1.578125,0.9500425457954407,3299200,,
1994-9-29,1.578125,1.578125,1.515625,1.546875,0.9312294721603394,1996800,,
1994-9-30,1.53125,1.609375,1.515625,1.582031011581421,0.9523934721946716,6673600,,
1994-10-3,1.59375,1.625,1.5625,1.6171879768371582,0.9735586047172546,5076800,,
1994-10-4,1.65625,1.703125,1.578125,1.640625,0.9876675605773926,21192000,,
1994-10-5,1.65625,1.796875,1.59375,1.765625,1.0629180669784546,25080000,,
1994-10-6,1.796875,1.796875,1.6640629768371582,1.7265629768371582,1.0394026041030884,17318400,,
1994-10-7,1.75,1.78125,1.71875,1.765625,1.0629180669784546,12547200,,
1994-10-10,1.765625,1.796875,1.734375,1.75,1.0535123348236084,8704000,,
1994-10-11,1.6875,1.765625,1.671875,1.765625,1.0629180669784546,30510400,,
1994-10-12,1.734375,1.765625,1.734375,1.734375,1.0441052913665771,10646400,,
1994-10-13,1.765625,1.796875,1.765625,1.78125,1.0723246335983276,9062400,,
1994-10-14,1.78125,1.78125,1.734375,1.75,1.0535123348236084,3916800,,
1994-10-17,1.75,1.765625,1.734375,1.734375,1.0441052913665771,3848000,,
1994-10-18,1.734375,1.75,1.6875,1.6875,1.015886664390564,7176000,,
1994-10-19,1.6875,1.734375,1.6875,1.71875,1.0346990823745728,6121600,,
1994-10-20,1.707031011581421,1.78125,1.6875,1.765625,1.0629180669784546,12241600,,
1994-10-21,1.75,1.890625,1.71875,1.8515629768371582,1.1146537065505981,19531200,,
1994-10-24,1.84375,1.890625,1.765625,1.796875,1.0817313194274902,7006400,,
1994-10-25,1.75,1.78125,1.703125,1.75,1.0535123348236084,6372800,,
1994-10-26,1.75,1.796875,1.734375,1.796875,1.0817313194274902,7099200,,
1994-10-27,1.796875,1.890625,1.7890629768371582,1.8125,1.0911380052566528,11112000,,
1994-10-28,1.796875,1.875,1.78125,1.859375,1.1193559169769287,8819200,,
1994-10-31,1.8359379768371582,1.875,1.8125,1.84375,1.1099501848220825,4356800,,
1994-11-1,1.84375,1.859375,1.796875,1.8203129768371582,1.0958410501480103,3128000,,
1994-11-2,1.8203129768371582,1.921875,1.796875,1.859375,1.1193559169769287,11196800,,
1994-11-3,1.859375,1.953125,1.859375,1.8671879768371582,1.1240599155426025,9809600,,
1994-11-4,1.859375,1.890625,1.796875,1.8125,1.0911380052566528,9486400,,
1994-11-7,1.90625,1.921875,1.8671879768371582,1.875,1.1287633180618286,11803200,,
1994-11-8,1.90625,2.03125,1.890625,2.003906011581421,1.2063649892807007,21891200,,
1994-11-9,2.078125,2.09375,2.03125,2.054687976837158,1.2369364500045776,22376000,,
1994-11-10,2.046875,2.109375,2.015625,2.046875,1.232232928276062,9145600,,
1994-11-11,2.046875,2.046875,2.015625,2.015625,1.2134202718734741,8566400,,
1994-11-14,2.015625,2.0625,2.015625,2.0625,1.2416390180587769,8323200,,
1994-11-15,2.0625,2.09375,2.03125,2.09375,1.2604522705078125,10987200,,
1994-11-16,2.09375,2.109375,2.0625,2.070312976837158,1.2463431358337402,13224000,,
1994-11-17,2.0625,2.078125,1.984375,2,1.2040139436721802,10307200,,
1994-11-18,2.015625,2.015625,1.921875,1.921875,1.1569823026657104,16971200,,
1994-11-21,1.90625,1.953125,1.890625,1.890625,1.1381694078445435,4552000,,
1994-11-22,1.859375,1.9375,1.796875,1.828125,1.10054349899292,18009600,,
1994-11-23,1.78125,1.890625,1.78125,1.890625,1.1381694078445435,8868800,,
1994-11-25,1.890625,1.96875,1.890625,1.96875,1.185200810432434,4088000,,
1994-11-28,1.96875,2.0625,1.953125,1.984375,1.1946074962615967,12771200,,
1994-11-29,2.015625,2.03125,1.953125,1.96875,1.185200810432434,5481600,,
1994-11-30,1.953125,1.984375,1.90625,1.921875,1.1569823026657104,3993600,,
1994-12-1,1.890625,1.890625,1.84375,1.84375,1.1099501848220825,4772800,,
1994-12-2,1.84375,1.875,1.796875,1.859375,1.1193559169769287,5843200,,
1994-12-5,1.859375,1.953125,1.84375,1.90625,1.1475752592086792,5452800,,
1994-12-6,1.875,1.90625,1.796875,1.796875,1.0817313194274902,7236800,,
1994-12-7,1.78125,1.796875,1.65625,1.6875,1.015886664390564,13132800,,
1994-12-8,1.734375,1.75,1.625,1.65625,0.9970740675926208,9758400,,
1994-12-9,1.65625,1.796875,1.625,1.765625,1.0629180669784546,12392000,,
1994-12-12,1.75,1.75,1.578125,1.65625,0.9970740675926208,18120000,,
1994-12-13,1.671875,1.671875,1.578125,1.59375,0.9594486951828003,8180800,,
1994-12-14,1.6015629768371582,1.640625,1.484375,1.515625,0.9124167561531067,9713600,,
1994-12-15,1.453125,1.515625,1.390625,1.4375,0.8653851747512817,34726400,,
1994-12-16,1.453125,1.5625,1.4375,1.515625,0.9124167561531067,10820800,,
1994-12-19,1.515625,1.5625,1.5,1.546875,0.9312294721603394,4782400,,
1994-12-20,1.578125,1.65625,1.546875,1.625,0.9782611727714539,7606400,,
1994-12-21,1.625,1.640625,1.59375,1.625,0.9782611727714539,5280000,,
1994-12-22,1.625,1.671875,1.609375,1.65625,0.9970740675926208,5795200,,
1994-12-23,1.625,1.671875,1.609375,1.609375,0.9688547849655151,6736000,,
1994-12-27,1.609375,1.640625,1.578125,1.59375,0.9594486951828003,4136000,,
1994-12-28,1.59375,1.625,1.53125,1.546875,0.9312294721603394,6724800,,
1994-12-29,1.546875,1.578125,1.515625,1.53125,0.9218234419822693,3649600,,
1994-12-30,1.515625,1.546875,1.484375,1.5,0.9030101299285889,5929600,,
1995-1-3,1.453125,1.53125,1.453125,1.515625,0.9124167561531067,3409600,,
1995-1-4,1.53125,1.5625,1.5,1.53125,0.9218234419822693,3902400,,
1995-1-5,1.546875,1.5625,1.5,1.515625,0.9124167561531067,3929600,,
1995-1-6,1.515625,1.546875,1.5,1.5,0.9030101299285889,5089600,,
1995-1-9,1.53125,1.53125,1.4375,1.453125,0.8747912049293518,4812800,,
1995-1-10,1.453125,1.484375,1.390625,1.453125,0.8747912049293518,11852800,,
1995-1-11,1.453125,1.453125,1.40625,1.4296879768371582,0.8606821298599243,6947200,,
1995-1-12,1.453125,1.453125,1.40625,1.40625,0.8465721607208252,5555200,,
1995-1-13,1.4375,1.4375,1.3125,1.3125,0.7901339530944824,25792000,,
1995-1-16,1.28125,1.40625,1.28125,1.3828129768371582,0.8324630260467529,21323200,,
1995-1-17,1.421875,1.53125,1.40625,1.515625,0.9124167561531067,25411200,,
1995-1-18,1.546875,1.59375,1.53125,1.53125,0.9218234419822693,9080000,,
1995-1-19,1.546875,1.546875,1.484375,1.5,0.9030101299285889,3177600,,
1995-1-20,1.515625,1.515625,1.453125,1.453125,0.8747912049293518,8027200,,
1995-1-23,1.453125,1.578125,1.421875,1.578125,0.9500425457954407,6177600,,
1995-1-24,1.609375,1.765625,1.578125,1.71875,1.0346990823745728,29518400,,
1995-1-25,1.6875,1.71875,1.59375,1.6875,1.015886664390564,12528000,,
1995-1-26,1.671875,1.78125,1.671875,1.7578129768371582,1.058215618133545,20572800,,
1995-1-27,1.78125,1.8125,1.734375,1.78125,1.0723246335983276,14942400,,
1995-1-30,1.796875,1.8125,1.65625,1.6875,1.015886664390564,7696000,,
1995-1-31,1.65625,1.6875,1.609375,1.65625,0.9970740675926208,13947200,,
1995-2-1,1.703125,1.734375,1.640625,1.703125,1.0252928733825684,9456000,,
1995-2-2,1.71875,1.75,1.6875,1.71875,1.0346990823745728,5310400,,
1995-2-3,1.734375,1.859375,1.6875,1.75,1.0535123348236084,27675200,,
1995-2-6,1.734375,1.765625,1.7265629768371582,1.75,1.0535123348236084,4425600,,
1995-2-7,1.765625,1.78125,1.734375,1.7578129768371582,1.058215618133545,3443200,,
1995-2-8,1.78125,1.78125,1.71875,1.75,1.0535123348236084,3152000,,
1995-2-9,1.75,1.78125,1.71875,1.75,1.0535123348236084,6134400,,
1995-2-10,1.78125,1.796875,1.734375,1.765625,1.0629180669784546,8123200,,
1995-2-13,1.75,1.765625,1.703125,1.71875,1.0346990823745728,5817600,,
1995-2-14,1.71875,1.75,1.625,1.671875,1.0064804553985596,4832000,,
1995-2-15,1.671875,1.671875,1.59375,1.625,0.9782611727714539,5516800,,
1995-2-16,1.609375,1.640625,1.59375,1.640625,0.9876675605773926,5233600,,
1995-2-17,1.625,1.625,1.59375,1.59375,0.9594486951828003,1771200,,
1995-2-21,1.625,1.640625,1.578125,1.6015629768371582,0.9641520380973816,9019200,,
1995-2-22,1.609375,1.625,1.578125,1.625,0.9782611727714539,2606400,,
1995-2-23,1.625,1.796875,1.5625,1.765625,1.0629180669784546,31785600,,
1995-2-24,1.78125,1.796875,1.71875,1.765625,1.0629180669784546,17798400,,
1995-2-27,1.75,1.828125,1.734375,1.734375,1.0441052913665771,7857600,,
1995-2-28,1.765625,1.828125,1.75,1.828125,1.10054349899292,8392000,,
1995-3-1,1.8125,1.828125,1.765625,1.765625,1.0629180669784546,7008000,,
1995-3-2,1.75,1.78125,1.71875,1.734375,1.0441052913665771,4264000,,
1995-3-3,1.734375,1.84375,1.703125,1.828125,1.10054349899292,6777600,,
1995-3-6,1.78125,1.796875,1.734375,1.78125,1.0723246335983276,4049600,,
1995-3-7,1.796875,1.84375,1.75,1.75,1.0535123348236084,7532800,,
1995-3-8,1.78125,1.78125,1.71875,1.734375,1.0441052913665771,5118400,,
1995-3-9,1.75,1.859375,1.75,1.84375,1.1099501848220825,28252800,,
1995-3-10,1.84375,1.859375,1.8125,1.84375,1.1099501848220825,18523200,,
1995-3-13,1.828125,1.84375,1.7421879768371582,1.8046879768371582,1.0864344835281372,25846400,,
1995-3-14,1.828125,1.9375,1.78125,1.9375,1.1663880348205566,26476800,,
1995-3-15,1.859375,2.015625,1.859375,1.9609379768371582,1.1804982423782349,27523200,,
1995-3-16,1.9453129768371582,2.015625,1.921875,2,1.2040139436721802,13324800,,
1995-3-17,2,2.0625,2,2.046875,1.232232928276062,11428800,,
1995-3-20,2.046875,2.046875,2,2.015625,1.2134202718734741,6819200,,
1995-3-21,2.03125,2.0625,1.9375,1.9375,1.1663880348205566,8918400,,
1995-3-22,1.9375,2.054687976837158,1.90625,2.054687976837158,1.2369364500045776,12816000,,
1995-3-23,2.078125,2.15625,2.046875,2.140625,1.2886713743209839,26356800,,
1995-3-24,2.125,2.15625,2,2.03125,1.2228268384933472,13697600,,
1995-3-27,2,2.078125,1.9375,2.0625,1.2416390180587769,7739200,,
1995-3-28,2.046875,2.140625,2.046875,2.125,1.2792644500732422,10356800,,
1995-3-29,2.109375,2.203125,2.109375,2.148437976837158,1.2933746576309204,20960000,,
1995-3-30,2.171875,2.1875,2.03125,2.070312976837158,1.2463431358337402,9950400,,
1995-3-31,2.046875,2.078125,2.015625,2.046875,1.232232928276062,6379200,,
1995-4-3,2.0625,2.0625,1.921875,1.988281011581421,1.1969587802886963,8878400,,
1995-4-4,1.953125,1.984375,1.875,1.921875,1.1569823026657104,19406400,,
1995-4-5,1.921875,1.921875,1.828125,1.859375,1.1193559169769287,21931200,,
1995-4-6,1.859375,1.917968988418579,1.75,1.7890629768371582,1.0770279169082642,30089600,,
1995-4-7,1.796875,1.890625,1.765625,1.875,1.1287633180618286,16878400,,
1995-4-10,1.7890629768371582,1.8671879768371582,1.7421879768371582,1.75,1.0535123348236084,27353600,,
1995-4-11,1.75,1.7734379768371582,1.6171879768371582,1.640625,0.9876675605773926,25363200,,
1995-4-12,1.640625,1.7421879768371582,1.609375,1.6875,1.015886664390564,17836800,,
1995-4-13,1.7109379768371582,1.7109379768371582,1.660156011581421,1.6796879768371582,1.0111836194992065,6811200,,
1995-4-17,1.671875,1.75,1.65625,1.671875,1.0064804553985596,13267200,,
1995-4-18,1.6875,1.703125,1.59375,1.609375,0.9688547849655151,13137600,,
1995-4-19,1.609375,1.609375,1.5078129768371582,1.5390629768371582,0.9265266060829163,21593600,,
1995-4-20,1.5625,1.7109379768371582,1.5546879768371582,1.703125,1.0252928733825684,20209600,,
1995-4-21,1.71875,1.734375,1.6171879768371582,1.640625,0.9876675605773926,13518400,,
1995-4-24,1.6328129768371582,1.6328129768371582,1.53125,1.5625,0.9406355619430542,13396800,,
1995-4-25,1.5703129768371582,1.625,1.5625,1.59375,0.9594486951828003,9185600,,
1995-4-26,1.6015629768371582,1.6875,1.5859379768371582,1.6640629768371582,1.0017772912979126,10348800,,
1995-4-27,1.6640629768371582,1.6953129768371582,1.6484379768371582,1.671875,1.0064804553985596,6963200,,
1995-4-28,1.671875,1.671875,1.609375,1.640625,0.9876675605773926,8088000,,
1995-5-1,1.6171879768371582,1.640625,1.5859379768371582,1.5859379768371582,0.9547459483146667,4782400,,
1995-5-2,1.5859379768371582,1.625,1.5859379768371582,1.609375,0.9688547849655151,4827200,,
1995-5-3,1.59375,1.6328129768371582,1.59375,1.625,0.9782611727714539,4624000,,
1995-5-4,1.625,1.625,1.5859379768371582,1.5859379768371582,0.9547459483146667,3875200,,
1995-5-5,1.6171879768371582,1.625,1.5546879768371582,1.5859379768371582,0.9547459483146667,8865600,,
1995-5-8,1.578125,1.6015629768371582,1.5625,1.5859379768371582,0.9547459483146667,2968000,,
1995-5-9,1.59375,1.59375,1.5234379768371582,1.53125,0.9218234419822693,7395200,,
1995-5-10,1.546875,1.5859379768371582,1.5390629768371582,1.5546879768371582,0.9359328746795654,5528000,,
1995-5-11,1.5703129768371582,1.75,1.5546879768371582,1.75,1.0535123348236084,40312000,,
1995-5-12,1.7734379768371582,1.9375,1.765625,1.8515629768371582,1.1146537065505981,46304000,,
1995-5-15,1.875,1.875,1.8203129768371582,1.84375,1.1099501848220825,9132800,,
1995-5-16,1.8515629768371582,1.859375,1.796875,1.84375,1.1099501848220825,9377600,,
1995-5-17,1.859375,1.859375,1.7421879768371582,1.777343988418579,1.069973349571228,13406400,,
1995-5-18,1.7734379768371582,1.8125,1.7109379768371582,1.7109379768371582,1.029996633529663,10099200,,
1995-5-19,1.7109379768371582,1.7265629768371582,1.671875,1.691406011581421,1.0182380676269531,16408000,,
1995-5-22,1.703125,1.734375,1.6640629768371582,1.671875,1.0064804553985596,21928000,,
1995-5-23,1.671875,1.671875,1.59375,1.609375,0.9688547849655151,20659200,,
1995-5-24,1.6015629768371582,1.625,1.578125,1.59375,0.9594486951828003,12131200,,
1995-5-25,1.6015629768371582,1.6328129768371582,1.578125,1.6328129768371582,0.9829650521278381,12724800,,
1995-5-26,1.625,1.625,1.59375,1.609375,0.9688547849655151,8454400,,
1995-5-30,1.609375,1.609375,1.5390629768371582,1.5390629768371582,0.9265266060829163,14612800,,
1995-5-31,1.546875,1.6171879768371582,1.5390629768371582,1.6015629768371582,0.9641520380973816,14193600,,
1995-6-1,1.609375,1.609375,1.5703129768371582,1.582031011581421,0.9523934721946716,5062400,,
1995-6-2,1.5859379768371582,1.8125,1.5625,1.75,1.0535123348236084,34883200,,
1995-6-5,1.875,1.9453129768371582,1.8359379768371582,1.84375,1.1099501848220825,44436800,,
1995-6-6,1.859375,2.226562976837158,1.84375,2.171875,1.3074839115142822,138241600,,
1995-6-7,2.179687976837158,2.195312976837158,2.078125,2.171875,1.3074839115142822,73060800,,
1995-6-8,2.15625,2.171875,2.109375,2.148437976837158,1.2933746576309204,14596800,,
1995-6-9,2.109375,2.148437976837158,2.085937976837158,2.113281011581421,1.2722095251083374,16459200,,
1995-6-12,2.09375,2.117187976837158,1.984375,2.015625,1.2134202718734741,19137600,,
1995-6-13,2.015625,2.0625,1.96875,2.046875,1.232232928276062,18704000,,
1995-6-14,2.046875,2.070312976837158,2.03125,2.046875,1.232232928276062,6609600,,
1995-6-15,2.046875,2.171875,2.046875,2.15625,1.298077940940857,21904000,,
1995-6-16,2.164062976837158,2.171875,2.125,2.125,1.2792644500732422,9022400,,
1995-6-19,2.140625,2.210937976837158,2.117187976837158,2.171875,1.3074839115142822,14251200,,
1995-6-20,2.179687976837158,2.21875,2.125,2.195312976837158,1.321593999862671,16862400,,
1995-6-21,2.1875,2.195312976837158,2.085937976837158,2.085937976837158,1.2557487487792969,9777600,,
1995-6-22,2.09375,2.195312976837158,2.09375,2.195312976837158,1.321593999862671,10003200,,
1995-6-23,2.164062976837158,2.179687976837158,2.101562976837158,2.109375,1.269858479499817,6848000,,
1995-6-26,2.101562976837158,2.140625,2.070312976837158,2.109375,1.269858479499817,9633600,,
1995-6-27,2.078125,2.09375,2,2.023437976837158,1.2181236743927002,8387200,,
1995-6-28,2.015625,2.078125,1.984375,2.070312976837158,1.2463431358337402,11136000,,
1995-6-29,2.078125,2.140625,2.054687976837158,2.132812976837158,1.2839679718017578,10913600,,
1995-6-30,2.125,2.1875,2.125,2.160156011581421,1.3004287481307983,12475200,,
1995-7-3,2.140625,2.15625,2.132812976837158,2.140625,1.2886713743209839,891200,,
1995-7-5,2.15625,2.25,2.15625,2.226562976837158,1.3404064178466797,23793600,,
1995-7-6,2.257812976837158,2.257812976837158,2.195312976837158,2.226562976837158,1.3404064178466797,14889600,,
1995-7-7,2.242187976837158,2.34375,2.226562976837158,2.34375,1.410953402519226,21467200,,
1995-7-10,2.34375,2.507812976837158,2.34375,2.5,1.5050166845321655,44016000,,
1995-7-11,2.492187976837158,2.5,2.359375,2.382812976837158,1.4344693422317505,24648000,,
1995-7-12,2.398437976837158,2.46875,2.375,2.429687976837158,1.4626888036727905,19924800,,
1995-7-13,2.445312976837158,2.546875,2.414062976837158,2.445312976837158,1.4720944166183472,17950400,,
1995-7-14,2.429687976837158,2.453125,2.359375,2.429687976837158,1.4626888036727905,10804800,,
1995-7-17,2.46875,2.53125,2.460937976837158,2.484375,1.4956111907958984,13940800,,
1995-7-18,2.476562976837158,2.492187976837158,2.289062976837158,2.351562976837158,1.4156569242477417,19305600,,
1995-7-19,2.296875,2.328125,2.132812976837158,2.195312976837158,1.321593999862671,25875200,,
1995-7-20,2.195312976837158,2.359375,2.1875,2.226562976837158,1.3404064178466797,26894400,,
1995-7-21,2.53125,2.640625,2.484375,2.609375,1.5708621740341187,82433600,,
1995-7-24,2.609375,2.796875,2.507812976837158,2.773437976837158,1.669629693031311,65427200,,
1995-7-25,2.804687976837158,2.820312976837158,2.710937976837158,2.710937976837158,1.6320035457611084,29163200,,
1995-7-26,2.71875,2.796875,2.703125,2.710937976837158,1.6320035457611084,20572800,,
1995-7-27,2.710937976837158,2.726562976837158,2.6875,2.695312976837158,1.6225963830947876,14233600,,
1995-7-28,2.703125,2.703125,2.664062976837158,2.664062976837158,1.603784441947937,12344000,,
1995-7-31,2.65625,2.679687976837158,2.59375,2.671875,1.6084873676300049,10484800,,
1995-8-1,2.679687976837158,2.679687976837158,2.601562976837158,2.617187976837158,1.575564980506897,16790400,,
1995-8-2,2.632812976837158,2.6875,2.578125,2.585937976837158,1.5567524433135986,14612800,,
1995-8-3,2.5625,2.726562976837158,2.53125,2.710937976837158,1.6320035457611084,28715200,,
1995-8-4,2.71875,2.78125,2.703125,2.765625,1.6649255752563477,13227200,,
1995-8-7,2.773437976837158,2.789062976837158,2.6875,2.695312976837158,1.6225963830947876,8172800,,
1995-8-8,2.6875,2.773437976837158,2.648437976837158,2.734375,1.6461132764816284,7982400,,
1995-8-9,2.773437976837158,2.90625,2.742187976837158,2.867187976837158,1.7260674238204956,100795200,,
1995-8-10,2.882812976837158,2.945312976837158,2.867187976837158,2.914062976837158,1.7542868852615356,42289600,,
1995-8-11,2.914062976837158,2.9375,2.796875,2.859375,1.7213634252548218,20361600,,
1995-8-14,2.867187976837158,3.015625,2.859375,3,1.8060202598571777,40696000,,
1995-8-15,3.0625,3.132812976837158,3.046875,3.132812976837158,1.8859753608703613,39030400,,
1995-8-16,3.132812976837158,3.421875,3.132812976837158,3.390625,2.041180372238159,49006400,,
1995-8-17,3.15625,3.328125,3.0625,3.210937976837158,1.9330065250396729,100464000,,
1995-8-18,3.226562976837158,3.328125,3.226562976837158,3.25,1.9565223455429077,22590400,,
1995-8-21,3.25,3.257812976837158,2.929687976837158,2.960937976837158,1.7825051546096802,28945600,,
1995-8-22,2.96875,3.039062976837158,2.953125,2.988281011581421,1.798965573310852,30897600,,
1995-8-23,3.007812976837158,3.140625,3,3.117187976837158,1.8765687942504883,33022400,,
1995-8-24,3.109375,3.164062976837158,2.992187976837158,3.085937976837158,1.8577561378479004,27064000,,
1995-8-25,3.09375,3.164062976837158,3.085937976837158,3.132812976837158,1.8859753608703613,14534400,,
1995-8-28,3.132812976837158,3.171875,2.992187976837158,3.046875,1.8342398405075073,18971200,,
1995-8-29,3.046875,3.046875,2.851562976837158,2.953125,1.7778027057647705,44275200,,
1995-8-30,2.953125,3.148437976837158,2.945312976837158,3.101562976837158,1.8671631813049316,24168000,,
1995-8-31,3.101562976837158,3.125,3.039062976837158,3.046875,1.8342398405075073,13276800,,
1995-9-1,3.070312976837158,3.132812976837158,3.0625,3.117187976837158,1.8765687942504883,16702400,,
1995-9-5,3.140625,3.296875,3.125,3.289062976837158,1.9800390005111694,19745600,,
1995-9-6,3.304687976837158,3.390625,3.296875,3.34375,2.012960910797119,26161600,,
1995-9-7,3.359375,3.359375,3.195312976837158,3.210937976837158,1.9330065250396729,22710400,,
1995-9-8,3.203125,3.21875,3.109375,3.15625,1.9000850915908813,23393600,,
1995-9-11,3.164062976837158,3.226562976837158,3.132812976837158,3.171875,1.909490942955017,9660800,,
1995-9-12,3.179687976837158,3.203125,3.101562976837158,3.125,1.8812711238861084,11228800,,
1995-9-13,3.140625,3.15625,3.054687976837158,3.101562976837158,1.8671631813049316,17592000,,
1995-9-14,3.109375,3.148437976837158,3.085937976837158,3.09375,1.8624589443206787,14155200,,
1995-9-15,3.09375,3.101562976837158,2.9375,2.976562976837158,1.791911005973816,26800000,,
1995-9-18,2.960937976837158,3.101562976837158,2.914062976837158,3.085937976837158,1.8577561378479004,17355200,,
1995-9-19,3.09375,3.171875,3.023437976837158,3.132812976837158,1.8859753608703613,19382400,,
1995-9-20,3.15625,3.15625,3,3.046875,1.8342398405075073,17110400,,
1995-9-21,3.054687976837158,3.078125,2.914062976837158,2.960937976837158,1.7825051546096802,16726400,,
1995-9-22,2.953125,2.992187976837158,2.9375,2.9375,1.7683955430984497,13100800,,
1995-9-25,2.929687976837158,2.945312976837158,2.828125,2.875,1.7307703495025635,14131200,,
1995-9-26,2.882812976837158,2.882812976837158,2.617187976837158,2.6875,1.6178929805755615,48521600,,
1995-9-27,2.679687976837158,2.742187976837158,2.546875,2.617187976837158,1.575564980506897,63056000,,
1995-9-28,2.640625,2.820312976837158,2.601562976837158,2.796875,1.6837379932403564,43620800,,
1995-9-29,2.796875,2.945312976837158,2.789062976837158,2.867187976837158,1.7260674238204956,35507200,,
1995-10-2,2.867187976837158,2.867187976837158,2.648437976837158,2.664062976837158,1.603784441947937,19304000,,
1995-10-3,2.679687976837158,2.75,2.640625,2.742187976837158,1.6508169174194336,21435200,,
1995-10-4,2.734375,2.734375,2.5625,2.625,1.5802679061889648,33692800,,
1995-10-5,2.625,2.632812976837158,2.476562976837158,2.5,1.5050166845321655,30856000,,
1995-10-6,2.53125,2.59375,2.515625,2.53125,1.5238302946090698,30956800,,
1995-10-9,2.492187976837158,2.5,2.25,2.335937976837158,1.406251072883606,51656000,,
1995-10-10,2.296875,2.546875,2.179687976837158,2.53125,1.5238302946090698,61145600,,
1995-10-11,2.578125,2.601562976837158,2.4375,2.5,1.5050166845321655,26056000,,
1995-10-12,2.5,2.5625,2.484375,2.53125,1.5238302946090698,14536000,,
1995-10-13,2.578125,2.601562976837158,2.53125,2.53125,1.5238302946090698,12059200,,
1995-10-16,2.539062976837158,2.554687976837158,2.414062976837158,2.414062976837158,1.4532828330993652,12859200,,
1995-10-17,2.4375,2.570312976837158,2.359375,2.546875,1.5332365036010742,24793600,,
1995-10-18,2.570312976837158,2.625,2.515625,2.515625,1.5144233703613281,21275200,,
1995-10-19,2.5,2.523437976837158,2.351562976837158,2.398437976837158,1.4438761472702026,30608000,,
1995-10-20,2.398437976837158,2.453125,2.304687976837158,2.328125,1.4015474319458008,21744000,,
1995-10-23,2.304687976837158,2.515625,2.273437976837158,2.492187976837158,1.500314712524414,27080000,,
1995-10-24,2.492187976837158,2.539062976837158,2.40625,2.4375,1.4673917293548584,22851200,,
1995-10-25,2.445312976837158,2.453125,2.390625,2.421875,1.457985520362854,10094400,,
1995-10-26,2.4375,2.453125,2.34375,2.398437976837158,1.4438761472702026,10360000,,
1995-10-27,2.414062976837158,2.539062976837158,2.398437976837158,2.53125,1.5238302946090698,27260800,,
1995-10-30,2.546875,2.601562976837158,2.476562976837158,2.515625,1.5144233703613281,20156800,,
1995-10-31,2.53125,2.53125,2.40625,2.40625,1.4485793113708496,15644800,,
1995-11-1,2.414062976837158,2.5625,2.40625,2.539062976837158,1.528533697128296,19868800,,
1995-11-2,2.5625,2.585937976837158,2.523437976837158,2.554687976837158,1.5379399061203003,15499200,,
1995-11-3,2.554687976837158,2.71875,2.46875,2.6875,1.6178929805755615,30896000,,
1995-11-6,2.6875,2.945312976837158,2.679687976837158,2.882812976837158,1.7354739904403687,54184000,,
1995-11-7,2.835937976837158,2.890625,2.75,2.8125,1.6931443214416504,34768000,,
1995-11-8,2.84375,2.953125,2.835937976837158,2.890625,1.7401769161224365,27102400,,
1995-11-9,2.914062976837158,2.945312976837158,2.890625,2.929687976837158,1.7636934518814087,12817600,,
1995-11-10,2.898437976837158,2.96875,2.890625,2.960937976837158,1.7825051546096802,18513600,,
1995-11-13,2.945312976837158,2.96875,2.875,2.882812976837158,1.7354739904403687,15073600,,
1995-11-14,2.859375,2.90625,2.710937976837158,2.714843988418579,1.6343547105789185,13660800,,
1995-11-15,2.742187976837158,2.890625,2.671875,2.890625,1.7401769161224365,22609600,,
1995-11-16,2.882812976837158,2.9375,2.828125,2.859375,1.7213634252548218,22630400,,
1995-11-17,2.867187976837158,2.90625,2.828125,2.84375,1.7119568586349487,9140800,,
1995-11-20,2.859375,2.875,2.648437976837158,2.671875,1.6084873676300049,14100800,,
1995-11-21,2.664062976837158,2.734375,2.640625,2.710937976837158,1.6320035457611084,17971200,,
1995-11-22,2.71875,2.757812976837158,2.554687976837158,2.601562976837158,1.566158413887024,15790400,,
1995-11-24,2.617187976837158,2.671875,2.570312976837158,2.632812976837158,1.5849717855453491,7707200,,
1995-11-27,2.648437976837158,2.757812976837158,2.632812976837158,2.710937976837158,1.6320035457611084,17624000,,
1995-11-28,2.726562976837158,2.898437976837158,2.703125,2.875,1.7307703495025635,18568000,,
1995-11-29,2.875,2.914062976837158,2.703125,2.726562976837158,1.641409158706665,30548800,,
1995-11-30,2.71875,2.789062976837158,2.585937976837158,2.585937976837158,1.5567524433135986,22163200,,
1995-12-1,2.585937976837158,2.601562976837158,2.5,2.5625,1.5426429510116577,26828800,,
1995-12-4,2.59375,2.75,2.585937976837158,2.726562976837158,1.641409158706665,25547200,,
1995-12-5,2.742187976837158,2.742187976837158,2.578125,2.59375,1.5614553689956665,22539200,,
1995-12-6,2.59375,2.601562976837158,2.453125,2.460937976837158,1.4815013408660889,24632000,,
1995-12-7,2.460937976837158,2.539062976837158,2.359375,2.53125,1.5238302946090698,27707200,,
1995-12-8,2.625,2.664062976837158,2.484375,2.601562976837158,1.566158413887024,27414400,,
1995-12-11,2.625,2.632812976837158,2.507812976837158,2.5625,1.5426429510116577,15116800,,
1995-12-12,2.546875,2.546875,2.484375,2.492187976837158,1.500314712524414,7171200,,
1995-12-13,2.515625,2.523437976837158,2.40625,2.445312976837158,1.4720944166183472,13446400,,
1995-12-14,2.453125,2.46875,2.351562976837158,2.367187976837158,1.425063133239746,22873600,,
1995-12-15,2.390625,2.398437976837158,2.296875,2.335937976837158,1.406251072883606,15708800,,
1995-12-18,2.335937976837158,2.34375,2.1875,2.234375,1.345109224319458,21336000,,
1995-12-19,2.25,2.539062976837158,2.234375,2.535156011581421,1.5261809825897217,30112000,,
1995-12-20,2.554687976837158,2.554687976837158,2.34375,2.34375,1.410953402519226,14339200,,
1995-12-21,2.382812976837158,2.632812976837158,2.367187976837158,2.625,1.5802679061889648,37600000,,
1995-12-22,2.65625,2.78125,2.632812976837158,2.78125,1.6743319034576416,31916800,,
1995-12-26,2.78125,2.789062976837158,2.65625,2.710937976837158,1.6320035457611084,16886400,,
1995-12-27,2.71875,2.78125,2.703125,2.710937976837158,1.6320035457611084,8371200,,
1995-12-28,2.710937976837158,2.710937976837158,2.578125,2.617187976837158,1.575564980506897,13913600,,
1995-12-29,2.625,2.695312976837158,2.5625,2.6875,1.6178929805755615,13036800,,
1996-1-2,2.671875,2.734375,2.640625,2.734375,1.6461132764816284,8492800,,
1996-1-3,2.734375,2.75,2.585937976837158,2.601562976837158,1.566158413887024,12528000,,
1996-1-4,2.609375,2.625,2.445312976837158,2.492187976837158,1.500314712524414,21673600,,
1996-1-5,2.472656011581421,2.617187976837158,2.445312976837158,2.59375,1.5614553689956665,22104000,,
1996-1-8,2.585937976837158,2.625,2.546875,2.550781011581421,1.5355875492095947,2376000,,
1996-1-9,2.570312976837158,2.570312976837158,2.367187976837158,2.375,1.4297659397125244,21417600,,
1996-1-10,2.34375,2.523437976837158,2.308593988418579,2.390625,1.439172625541687,31032000,,
1996-1-11,2.40625,2.539062976837158,2.40625,2.515625,1.5144233703613281,15171200,,
1996-1-12,2.515625,2.539062976837158,2.359375,2.375,1.4297659397125244,24736000,,
1996-1-15,2.390625,2.390625,2.21875,2.242187976837158,1.349812626838684,29424000,,
1996-1-16,2.265625,2.390625,2.234375,2.375,1.4297659397125244,26371200,,
1996-1-17,2.351562976837158,2.539062976837158,2.328125,2.515625,1.5144233703613281,31552000,,
1996-1-18,2.523437976837158,2.554687976837158,2.398437976837158,2.539062976837158,1.528533697128296,23241600,,
1996-1-19,2.578125,2.71875,2.554687976837158,2.6875,1.6178929805755615,37392000,,
1996-1-22,2.6875,2.757812976837158,2.609375,2.726562976837158,1.641409158706665,22272000,,
1996-1-23,2.6875,2.828125,2.679687976837158,2.773437976837158,1.669629693031311,35382400,,
1996-1-24,2.796875,2.929687976837158,2.78125,2.867187976837158,1.7260674238204956,26753600,,
1996-1-25,2.882812976837158,2.890625,2.757812976837158,2.796875,1.6837379932403564,20363200,,
1996-1-26,2.796875,2.804687976837158,2.734375,2.75,1.6555192470550537,11142400,,
1996-1-29,2.742187976837158,2.882812976837158,2.742187976837158,2.859375,1.7213634252548218,15560000,,
1996-1-30,2.851562976837158,2.9375,2.789062976837158,2.898437976837158,1.7448797225952148,24436800,,
1996-1-31,2.890625,2.921875,2.773437976837158,2.796875,1.6837379932403564,29036800,,
1996-2-1,2.796875,2.929687976837158,2.734375,2.882812976837158,1.7354739904403687,22739200,,
1996-2-2,2.984375,3.109375,2.960937976837158,2.984375,1.7966140508651733,41913600,,
1996-2-5,3.046875,3.054687976837158,2.960937976837158,3.023437976837158,1.8201309442520142,21379200,,
1996-2-6,3.03125,3.085937976837158,3.007812976837158,3.054687976837158,1.8389431238174438,31539200,,
1996-2-7,3.03125,3.0625,2.96875,2.984375,1.7966140508651733,15115200,,
1996-2-8,2.984375,3.03125,2.953125,3,1.8060202598571777,16755200,,
1996-2-9,3,3.070312976837158,2.984375,3.039062976837158,1.82953679561615,12729600,,
1996-2-12,3.023437976837158,3.054687976837158,2.953125,2.953125,1.7778027057647705,9035200,,
1996-2-13,2.890625,2.960937976837158,2.875,2.890625,1.7401769161224365,15977600,,
1996-2-14,2.898437976837158,2.945312976837158,2.835937976837158,2.90625,1.7495824098587036,13000000,,
1996-2-15,2.914062976837158,2.96875,2.882812976837158,2.9375,1.7683955430984497,9307200,,
1996-2-16,2.9375,2.976562976837158,2.898437976837158,2.960937976837158,1.7825051546096802,8427200,,
1996-2-20,2.929687976837158,2.9375,2.773437976837158,2.804687976837158,1.6884419918060303,19419200,,
1996-2-21,2.828125,2.929687976837158,2.804687976837158,2.882812976837158,1.7354739904403687,15246400,,
1996-2-22,2.875,2.890625,2.703125,2.71875,1.6367062330245972,35987200,,
1996-2-23,2.742187976837158,2.796875,2.648437976837158,2.65625,1.5990809202194214,23536000,,
1996-2-26,2.664062976837158,2.75,2.648437976837158,2.726562976837158,1.641409158706665,17457600,,
1996-2-27,2.734375,2.75,2.695312976837158,2.703125,1.6272995471954346,8784000,,
1996-2-28,2.6875,2.6875,2.5,2.523437976837158,1.5191268920898438,37529600,,
1996-2-29,2.507812976837158,2.507812976837158,2.453125,2.464843988418579,1.4838533401489258,26376000,,
1996-3-1,2.476562976837158,2.515625,2.453125,2.5,1.5050166845321655,21459200,,
1996-3-4,2.523437976837158,2.53125,2.492187976837158,2.5,1.5050166845321655,7963200,,
1996-3-5,2.5,2.578125,2.46875,2.484375,1.4956111907958984,19587200,,
1996-3-6,2.507812976837158,2.515625,2.414062976837158,2.4375,1.4673917293548584,11872000,,
1996-3-7,2.445312976837158,2.453125,2.351562976837158,2.378906011581421,1.4321180582046509,14608000,,
1996-3-8,2.34375,2.367187976837158,2.242187976837158,2.289062976837158,1.3780322074890137,38542400,,
1996-3-11,2.296875,2.421875,2.289062976837158,2.421875,1.457985520362854,26214400,,
1996-3-12,2.398437976837158,2.484375,2.296875,2.46875,1.4862051010131836,28897600,,
1996-3-13,2.53125,2.53125,2.390625,2.429687976837158,1.4626888036727905,22216000,,
1996-3-14,2.4375,2.492187976837158,2.351562976837158,2.359375,1.4203599691390991,13638400,,
1996-3-15,2.367187976837158,2.382812976837158,2.328125,2.34375,1.410953402519226,12115200,,
1996-3-18,2.359375,2.46875,2.351562976837158,2.445312976837158,1.4720944166183472,15302400,,
1996-3-19,2.460937976837158,2.460937976837158,2.375,2.382812976837158,1.4344693422317505,8465600,,
1996-3-20,2.390625,2.390625,2.320312976837158,2.320312976837158,1.3968443870544434,12539200,,
1996-3-21,2.335937976837158,2.351562976837158,2.257812976837158,2.273437976837158,1.3686262369155884,16806400,,
1996-3-22,2.289062976837158,2.460937976837158,2.28125,2.453125,1.476798176765442,26312000,,
1996-3-25,2.5,2.554687976837158,2.398437976837158,2.5,1.5050166845321655,35315200,,
1996-3-26,2.5,2.539062976837158,2.46875,2.523437976837158,1.5191268920898438,23388800,,
1996-3-27,2.546875,2.617187976837158,2.515625,2.585937976837158,1.5567524433135986,27089600,,
1996-3-28,2.578125,2.632812976837158,2.539062976837158,2.59375,1.5614553689956665,19977600,,
1996-3-29,2.609375,2.609375,2.570312976837158,2.59375,1.5614553689956665,11832000,,
1996-4-1,2.585937976837158,2.59375,2.445312976837158,2.492187976837158,1.500314712524414,12520000,,
1996-4-2,2.515625,2.601562976837158,2.445312976837158,2.578125,1.5520490407943726,16257600,,
1996-4-3,2.5625,2.617187976837158,2.523437976837158,2.554687976837158,1.5379399061203003,9969600,,
1996-4-4,2.546875,2.585937976837158,2.53125,2.539062976837158,1.528533697128296,7134400,,
1996-4-8,2.460937976837158,2.515625,2.421875,2.476562976837158,1.4909077882766724,17875200,,
1996-4-9,2.484375,2.484375,2.414062976837158,2.453125,1.476798176765442,12236800,,
1996-4-10,2.453125,2.59375,2.4375,2.507812976837158,1.5097206830978394,15780800,,
1996-4-11,2.515625,2.515625,2.4375,2.46875,1.4862051010131836,7171200,,
1996-4-12,2.484375,2.507812976837158,2.453125,2.488281011581421,1.497962474822998,5267200,,
1996-4-15,2.5,2.53125,2.453125,2.453125,1.476798176765442,11254400,,
1996-4-16,2.023437976837158,2.132812976837158,1.953125,2.0625,1.2416390180587769,143841600,,
1996-4-17,2.09375,2.117187976837158,1.9765629768371582,1.9765629768371582,1.1899045705795288,45304000,,
1996-4-18,2.015625,2.046875,1.8984379768371582,1.9140629768371582,1.1522789001464844,45561600,,
1996-4-19,1.96875,2.085937976837158,1.9296879768371582,2.0625,1.2416390180587769,39054400,,
1996-4-22,2.09375,2.109375,2,2.054687976837158,1.2369364500045776,19446400,,
1996-4-23,2.164062976837158,2.273437976837158,2.140625,2.273437976837158,1.3686262369155884,43006400,,
1996-4-24,2.34375,2.390625,2.28125,2.375,1.4297659397125244,32998400,,
1996-4-25,2.367187976837158,2.429687976837158,2.320312976837158,2.414062976837158,1.4532828330993652,27398400,,
1996-4-26,2.476562976837158,2.539062976837158,2.453125,2.523437976837158,1.5191268920898438,35430400,,
1996-4-29,2.507812976837158,2.515625,2.4375,2.460937976837158,1.4815013408660889,17545600,,
1996-4-30,2.4375,2.4375,2.390625,2.421875,1.457985520362854,19870400,,
1996-5-1,2.421875,2.476562976837158,2.40625,2.453125,1.476798176765442,10657600,,
1996-5-2,2.445312976837158,2.476562976837158,2.367187976837158,2.40625,1.4485793113708496,19124800,,
1996-5-3,2.421875,2.453125,2.390625,2.414062976837158,1.4532828330993652,9352000,,
1996-5-6,2.398437976837158,2.421875,2.367187976837158,2.382812976837158,1.4344693422317505,16435200,,
1996-5-7,2.390625,2.546875,2.390625,2.523437976837158,1.5191268920898438,25961600,,
1996-5-8,2.5,2.523437976837158,2.429687976837158,2.5,1.5050166845321655,14857600,,
1996-5-9,2.5,2.539062976837158,2.476562976837158,2.507812976837158,1.5097206830978394,9179200,,
1996-5-10,2.539062976837158,2.671875,2.515625,2.664062976837158,1.603784441947937,30840000,,
1996-5-13,2.710937976837158,2.828125,2.710937976837158,2.796875,1.6837379932403564,44307200,,
1996-5-14,2.921875,3.0625,2.882812976837158,3.043945074081421,1.8324761390686035,65492800,,
1996-5-15,3.039062976837158,3.046875,2.929687976837158,2.9375,1.7683955430984497,33441600,,
1996-5-16,2.960937976837158,3.0625,2.945312976837158,3.0625,1.8436468839645386,37523200,,
1996-5-17,3.0625,3.242187976837158,3.0625,3.140625,1.8906781673431396,55120000,,
1996-5-20,3.164062976837158,3.179687976837158,3.054687976837158,3.109375,1.8718647956848145,31113600,,
1996-5-21,3.125,3.132812976837158,3.078125,3.117187976837158,1.8765687942504883,18409600,,
1996-5-22,3.117187976837158,3.132812976837158,3.0625,3.070312976837158,1.8483494520187378,18188800,,
1996-5-23,3.046875,3.046875,2.992187976837158,3.03125,1.8248335123062134,16372800,,
1996-5-24,3.03125,3.09375,2.960937976837158,3.085937976837158,1.8577561378479004,17004800,,
1996-5-28,3.109375,3.164062976837158,2.992187976837158,3.023437976837158,1.8201309442520142,16513600,,
1996-5-29,3.015625,3.078125,2.976562976837158,3.070312976837158,1.8483494520187378,22398400,,
1996-5-30,3.0625,3.226562976837158,3,3.226562976837158,1.9424141645431519,35358400,,
1996-5-31,3.234375,3.40625,3.132812976837158,3.402343988418579,2.048234701156616,42230400,,
1996-6-3,3.328125,3.335937976837158,3.234375,3.234375,1.947116494178772,27022400,,
1996-6-4,3.234375,3.328125,3.234375,3.296875,1.9847416877746582,18960000,,
1996-6-5,3.28125,3.289062976837158,3.234375,3.257812976837158,1.9612261056900024,15360000,,
1996-6-6,3.28125,3.335937976837158,3.195312976837158,3.195312976837158,1.923600435256958,21937600,,
1996-6-7,3.125,3.257812976837158,3.085937976837158,3.257812976837158,1.9612261056900024,21294400,,
1996-6-10,3.25,3.28125,3.21875,3.234375,1.947116494178772,16548800,,
1996-6-11,3.25,3.25,3.125,3.171875,1.909490942955017,16644800,,
1996-6-12,3.171875,3.25,3.171875,3.195312976837158,1.923600435256958,6488000,,
1996-6-13,3.1875,3.195312976837158,3.117187976837158,3.140625,1.8906781673431396,8696000,,
1996-6-14,3.140625,3.140625,3.015625,3.015625,1.8154271841049194,13588800,,
1996-6-17,3.03125,3.046875,2.898437976837158,2.96875,1.7872072458267212,22427200,,
1996-6-18,2.945312976837158,3,2.773437976837158,2.875,1.7307703495025635,57785600,,
1996-6-19,2.914062976837158,3.03125,2.875,2.96875,1.7872072458267212,27998400,,
1996-6-20,3.070312976837158,3.3125,2.914062976837158,3.304687976837158,1.989444613456726,52977600,,
1996-6-21,3.34375,3.398437976837158,3.296875,3.320312976837158,1.9988516569137573,52729600,,
1996-6-24,3.304687976837158,3.304687976837158,3.210937976837158,3.226562976837158,1.9424141645431519,17057600,,
1996-6-25,3.226562976837158,3.242187976837158,3.109375,3.132812976837158,1.8859753608703613,20724800,,
1996-6-26,3.117187976837158,3.21875,3.039062976837158,3.210937976837158,1.9330065250396729,31371200,,
1996-6-27,3.210937976837158,3.234375,3.117187976837158,3.210937976837158,1.9330065250396729,14491200,,
1996-6-28,3.21875,3.328125,3.210937976837158,3.320312976837158,1.9988516569137573,21310400,,
1996-7-1,3.289062976837158,3.304687976837158,3.21875,3.273437976837158,1.970632553100586,13097600,,
1996-7-2,3.273437976837158,3.28125,3.234375,3.242187976837158,1.9518201351165771,8155200,,
1996-7-3,3.242187976837158,3.257812976837158,3.15625,3.195312976837158,1.923600435256958,8190400,,
1996-7-5,3.140625,3.171875,3.0625,3.109375,1.8718647956848145,9510400,,
1996-7-8,3.109375,3.15625,3.046875,3.070312976837158,1.8483494520187378,11395200,,
1996-7-9,3.09375,3.164062976837158,3.039062976837158,3.140625,1.8906781673431396,21286400,,
1996-7-10,3.0625,3.085937976837158,2.976562976837158,3.023437976837158,1.8201309442520142,22508800,,
1996-7-11,3,3.007812976837158,2.78125,2.851562976837158,1.7166602611541748,33707200,,
1996-7-12,2.859375,2.859375,2.726562976837158,2.734375,1.6461132764816284,26716800,,
1996-7-15,2.742187976837158,2.742187976837158,2.46875,2.507812976837158,1.5097206830978394,42353600,,
1996-7-16,2.507812976837158,2.671875,2.492187976837158,2.664062976837158,1.603784441947937,47344000,,
1996-7-17,2.75,2.765625,2.515625,2.546875,1.5332365036010742,34089600,,
1996-7-18,2.5625,2.679687976837158,2.546875,2.640625,1.589674711227417,33297600,,
1996-7-19,2.625,2.625,2.40625,2.421875,1.457985520362854,25272000,,
1996-7-22,2.414062976837158,2.601562976837158,2.273437976837158,2.578125,1.5520490407943726,47971200,,
1996-7-23,2.617187976837158,2.773437976837158,2.554687976837158,2.578125,1.5520490407943726,57006400,,
1996-7-24,2.484375,2.742187976837158,2.453125,2.695312976837158,1.6225963830947876,42883200,,
1996-7-25,2.71875,2.773437976837158,2.617187976837158,2.65625,1.5990809202194214,23102400,,
1996-7-26,2.679687976837158,2.742187976837158,2.632812976837158,2.710937976837158,1.6320035457611084,12388800,,
1996-7-29,2.703125,2.8125,2.648437976837158,2.703125,1.6272995471954346,14081600,,
1996-7-30,2.710937976837158,2.742187976837158,2.609375,2.617187976837158,1.575564980506897,16720000,,
1996-7-31,2.625,2.75,2.578125,2.710937976837158,1.6320035457611084,19780800,,
1996-8-1,2.726562976837158,2.8125,2.695312976837158,2.773437976837158,1.669629693031311,15782400,,
1996-8-2,2.796875,2.914062976837158,2.789062976837158,2.898437976837158,1.7448797225952148,16334400,,
1996-8-5,2.921875,2.984375,2.867187976837158,2.875,1.7307703495025635,13508800,,
1996-8-6,2.882812976837158,2.992187976837158,2.828125,2.984375,1.7966140508651733,20044800,,
1996-8-7,3,3.101562976837158,2.992187976837158,3.007812976837158,1.8107240200042725,22260800,,
1996-8-8,3.007812976837158,3.023437976837158,2.9375,2.953125,1.7778027057647705,7894400,,
1996-8-9,2.953125,2.984375,2.859375,2.875,1.7307703495025635,14443200,,
1996-8-12,2.875,2.976562976837158,2.867187976837158,2.921875,1.758988618850708,17051200,,
1996-8-13,2.890625,2.921875,2.742187976837158,2.789062976837158,1.6790353059768677,25083200,,
1996-8-14,2.804687976837158,2.898437976837158,2.773437976837158,2.898437976837158,1.7448797225952148,16630400,,
1996-8-15,2.875,2.898437976837158,2.84375,2.890625,1.7401769161224365,7563200,,
1996-8-16,2.898437976837158,2.976562976837158,2.898437976837158,2.90625,1.7495824098587036,11692800,,
1996-8-19,2.882812976837158,2.90625,2.804687976837158,2.8125,1.6931443214416504,10457600,,
1996-8-20,2.828125,2.875,2.789062976837158,2.820312976837158,1.697847843170166,7776000,,
1996-8-21,2.804687976837158,2.820312976837158,2.765625,2.796875,1.6837379932403564,5171200,,
1996-8-22,2.8125,2.9375,2.804687976837158,2.9375,1.7683955430984497,13097600,,
1996-8-23,2.921875,2.929687976837158,2.851562976837158,2.867187976837158,1.7260674238204956,8025600,,
1996-8-26,2.890625,2.890625,2.804687976837158,2.820312976837158,1.697847843170166,6489600,,
1996-8-27,2.835937976837158,2.914062976837158,2.835937976837158,2.859375,1.7213634252548218,8584000,,
1996-8-28,2.859375,2.859375,2.78125,2.78125,1.6743319034576416,7022400,,
1996-8-29,2.789062976837158,2.796875,2.742187976837158,2.742187976837158,1.6508169174194336,9768000,,
1996-8-30,2.75,2.765625,2.695312976837158,2.710937976837158,1.6320035457611084,8644800,,
1996-9-3,2.617187976837158,2.671875,2.585937976837158,2.65625,1.5990809202194214,17376000,,
1996-9-4,2.648437976837158,2.671875,2.546875,2.578125,1.5520490407943726,13969600,,
1996-9-5,2.554687976837158,2.609375,2.484375,2.492187976837158,1.500314712524414,28092800,,
1996-9-6,2.492187976837158,2.578125,2.445312976837158,2.523437976837158,1.5191268920898438,36683200,,
1996-9-9,2.53125,2.617187976837158,2.53125,2.617187976837158,1.575564980506897,16582400,,
1996-9-10,2.632812976837158,2.664062976837158,2.546875,2.546875,1.5332365036010742,11500800,,
1996-9-11,2.515625,2.539062976837158,2.421875,2.445312976837158,1.4720944166183472,21310400,,
1996-9-12,2.46875,2.625,2.46875,2.523437976837158,1.5191268920898438,21048000,,
1996-9-13,2.5625,2.609375,2.53125,2.59375,1.5614553689956665,13369600,,
1996-9-16,2.59375,2.609375,2.429687976837158,2.4375,1.4673917293548584,15323200,,
1996-9-17,2.445312976837158,2.492187976837158,2.296875,2.375,1.4297659397125244,57742400,,
1996-9-18,2.382812976837158,2.523437976837158,2.375,2.492187976837158,1.500314712524414,27222400,,
1996-9-19,2.492187976837158,2.523437976837158,2.476562976837158,2.5,1.5050166845321655,13990400,,
1996-9-20,2.492187976837158,2.515625,2.476562976837158,2.492187976837158,1.500314712524414,16896000,,
1996-9-23,2.476562976837158,2.492187976837158,2.40625,2.429687976837158,1.4626888036727905,7364800,,
1996-9-24,2.421875,2.453125,2.359375,2.421875,1.457985520362854,17020800,,
1996-9-25,2.429687976837158,2.445312976837158,2.382812976837158,2.445312976837158,1.4720944166183472,9340800,,
1996-9-26,2.453125,2.648437976837158,2.445312976837158,2.601562976837158,1.566158413887024,36803200,,
1996-9-27,2.617187976837158,2.773437976837158,2.609375,2.722656011581421,1.6390581130981445,37556800,,
1996-9-30,2.726562976837158,2.742187976837158,2.632812976837158,2.65625,1.5990809202194214,21129600,,
1996-10-1,2.640625,2.648437976837158,2.539062976837158,2.59375,1.5614553689956665,15995200,,
1996-10-2,2.609375,2.671875,2.445312976837158,2.480468988418579,1.4932595491409302,23164800,,
1996-10-3,2.546875,2.554687976837158,2.40625,2.40625,1.4485793113708496,32803200,,
1996-10-4,2.453125,2.476562976837158,2.398437976837158,2.414062976837158,1.4532828330993652,27793600,,
1996-10-7,2.414062976837158,2.460937976837158,2.382812976837158,2.429687976837158,1.4626888036727905,12899200,,
1996-10-8,2.429687976837158,2.46875,2.375,2.382812976837158,1.4344693422317505,15424000,,
1996-10-9,2.40625,2.429687976837158,2.328125,2.34375,1.410953402519226,20025600,,
1996-10-10,2.34375,2.390625,2.328125,2.367187976837158,1.425063133239746,10830400,,
1996-10-11,2.390625,2.617187976837158,2.375,2.585937976837158,1.5567524433135986,21408000,,
1996-10-14,2.585937976837158,2.625,2.40625,2.429687976837158,1.4626888036727905,22000000,,
1996-10-15,2.453125,2.460937976837158,2.359375,2.382812976837158,1.4344693422317505,19444800,,
1996-10-16,2.398437976837158,2.398437976837158,2.320312976837158,2.359375,1.4203599691390991,17190400,,
1996-10-17,2.375,2.382812976837158,2.328125,2.34375,1.410953402519226,12664000,,
1996-10-18,2.351562976837158,2.359375,2.304687976837158,2.3125,1.3921412229537964,11342400,,
1996-10-21,2.3125,2.320312976837158,2.210937976837158,2.265625,1.363921880722046,25182400,,
1996-10-22,2.273437976837158,2.382812976837158,2.242187976837158,2.351562976837158,1.4156569242477417,19603200,,
1996-10-23,2.367187976837158,2.40625,2.28125,2.367187976837158,1.425063133239746,20401600,,
1996-10-24,2.375,2.382812976837158,2.304687976837158,2.3125,1.3921412229537964,11688000,,
1996-10-25,2.328125,2.421875,2.320312976837158,2.328125,1.4015474319458008,13833600,,
1996-10-28,2.34375,2.375,2.320312976837158,2.335937976837158,1.406251072883606,9022400,,
1996-10-29,2.351562976837158,2.382812976837158,2.320312976837158,2.359375,1.4203599691390991,13200000,,
1996-10-30,2.375,2.40625,2.351562976837158,2.390625,1.439172625541687,10728000,,
1996-10-31,2.390625,2.5,2.390625,2.484375,1.4956111907958984,18766400,,
1996-11-1,2.492187976837158,2.523437976837158,2.484375,2.507812976837158,1.5097206830978394,17422400,,
1996-11-4,2.507812976837158,2.507812976837158,2.4375,2.445312976837158,1.4720944166183472,11406400,,
1996-11-5,2.4375,2.507812976837158,2.40625,2.460937976837158,1.4815013408660889,11515200,,
1996-11-6,2.476562976837158,2.546875,2.445312976837158,2.5,1.5050166845321655,15374400,,
1996-11-7,2.492187976837158,2.601562976837158,2.484375,2.601562976837158,1.566158413887024,15059200,,
1996-11-8,2.601562976837158,2.664062976837158,2.585937976837158,2.65625,1.5990809202194214,26556800,,
1996-11-11,2.664062976837158,2.84375,2.65625,2.796875,1.6837379932403564,57864000,,
1996-11-12,2.8125,2.867187976837158,2.71875,2.726562976837158,1.641409158706665,29088000,,
1996-11-13,2.742187976837158,2.765625,2.679687976837158,2.734375,1.6461132764816284,22776000,,
1996-11-14,2.734375,2.890625,2.726562976837158,2.875,1.7307703495025635,45713600,,
1996-11-15,2.890625,2.921875,2.71875,2.734375,1.6461132764816284,35758400,,
1996-11-18,2.742187976837158,2.851562976837158,2.601562976837158,2.617187976837158,1.575564980506897,41027200,,
1996-11-19,2.601562976837158,2.695312976837158,2.5625,2.65625,1.5990809202194214,35056000,,
1996-11-20,2.65625,2.671875,2.546875,2.5625,1.5426429510116577,22491200,,
1996-11-21,2.578125,2.601562976837158,2.507812976837158,2.570312976837158,1.5473462343215942,18113600,,
1996-11-22,2.585937976837158,2.632812976837158,2.578125,2.609375,1.5708621740341187,12046400,,
1996-11-25,2.617187976837158,2.71875,2.59375,2.625,1.5802679061889648,18534400,,
1996-11-26,2.625,2.695312976837158,2.554687976837158,2.570312976837158,1.5473462343215942,19574400,,
1996-11-27,2.5625,2.6875,2.492187976837158,2.679687976837158,1.6131908893585205,22436800,,
1996-11-29,2.695312976837158,2.703125,2.601562976837158,2.625,1.5802679061889648,4672000,,
1996-12-2,2.609375,2.6875,2.5625,2.632812976837158,1.5849717855453491,18884800,,
1996-12-3,2.65625,2.6875,2.46875,2.46875,1.4862051010131836,37678400,,
1996-12-4,2.476562976837158,2.570312976837158,2.421875,2.476562976837158,1.4909077882766724,71742400,,
1996-12-5,2.484375,2.601562976837158,2.414062976837158,2.445312976837158,1.4720944166183472,41308800,,
1996-12-6,2.375,2.554687976837158,2.375,2.53125,1.5238302946090698,45072000,,
1996-12-9,2.578125,2.59375,2.488281011581421,2.515625,1.5144233703613281,19052800,,
1996-12-10,2.515625,2.554687976837158,2.460937976837158,2.46875,1.4862051010131836,21022400,,
1996-12-11,2.445312976837158,2.507812976837158,2.421875,2.476562976837158,1.4909077882766724,20329600,,
1996-12-12,2.507812976837158,2.539062976837158,2.4375,2.445312976837158,1.4720944166183472,15465600,,
1996-12-13,2.445312976837158,2.492187976837158,2.40625,2.46875,1.4862051010131836,17728000,,
1996-12-16,2.507812976837158,2.523437976837158,2.40625,2.429687976837158,1.4626888036727905,11011200,,
1996-12-17,2.421875,2.492187976837158,2.414062976837158,2.460937976837158,1.4815013408660889,11899200,,
1996-12-18,2.484375,2.515625,2.476562976837158,2.492187976837158,1.500314712524414,11708800,,
1996-12-19,2.515625,2.5625,2.492187976837158,2.546875,1.5332365036010742,20688000,,
1996-12-20,2.554687976837158,2.554687976837158,2.476562976837158,2.5,1.5050166845321655,13584000,,
1996-12-23,2.507812976837158,2.53125,2.484375,2.507812976837158,1.5097206830978394,8267200,,
1996-12-24,2.515625,2.539062976837158,2.5,2.539062976837158,1.528533697128296,7004800,,
1996-12-26,2.53125,2.546875,2.507812976837158,2.53125,1.5238302946090698,7563200,,
1996-12-27,2.523437976837158,2.554687976837158,2.515625,2.53125,1.5238302946090698,3379200,,
1996-12-30,2.546875,2.5625,2.53125,2.53125,1.5238302946090698,9651200,,
1996-12-31,2.484375,2.507812976837158,2.445312976837158,2.492187976837158,1.500314712524414,10406400,,
1997-1-2,2.515625,2.523437976837158,2.453125,2.460937976837158,1.4815013408660889,9158400,,
1997-1-3,2.476562976837158,2.515625,2.476562976837158,2.492187976837158,1.500314712524414,8451200,,
1997-1-6,2.5,2.5,2.445312976837158,2.484375,1.4956111907958984,9488000,,
1997-1-7,2.460937976837158,2.554687976837158,2.453125,2.546875,1.5332365036010742,16086400,,
1997-1-8,2.546875,2.625,2.546875,2.570312976837158,1.5473462343215942,16952000,,
1997-1-9,2.578125,2.664062976837158,2.5625,2.632812976837158,1.5849717855453491,21212800,,
1997-1-10,2.625,2.804687976837158,2.617187976837158,2.78125,1.6743319034576416,51009600,,
1997-1-13,2.789062976837158,2.796875,2.726562976837158,2.726562976837158,1.641409158706665,13628800,,
1997-1-14,2.734375,2.882812976837158,2.734375,2.882812976837158,1.7354739904403687,29827200,,
1997-1-15,2.875,2.929687976837158,2.828125,2.890625,1.7401769161224365,24625600,,
1997-1-16,2.890625,3.132812976837158,2.890625,3.09375,1.8624589443206787,45131200,,
1997-1-17,3.09375,3.125,3.015625,3.0625,1.8436468839645386,43844800,,
1997-1-20,3.078125,3.296875,3.078125,3.28125,1.9753351211547852,54544000,,
1997-1-21,3.265625,3.554687976837158,3.226562976837158,3.546875,2.1352429389953613,52169600,,
1997-1-22,3.554687976837158,3.695312976837158,3.546875,3.6875,2.219900369644165,64054400,,
1997-1-23,3.679687976837158,3.757812976837158,3.5625,3.601562976837158,2.168165922164917,59804800,,
1997-1-24,3.570312976837158,3.632812976837158,3.484375,3.492187976837158,2.102321147918701,41155200,,
1997-1-27,3.476562976837158,3.484375,3.328125,3.359375,2.022366523742676,28304000,,
1997-1-28,3.40625,3.507812976837158,3.398437976837158,3.40625,2.0505857467651367,18979200,,
1997-1-29,3.419922113418579,3.421875,3.328125,3.382812976837158,2.0364770889282227,14476800,,
1997-1-30,3.382812976837158,3.5,3.359375,3.484375,2.097618341445923,22635200,,
1997-1-31,3.539062976837158,3.59375,3.476562976837158,3.5,2.107024669647217,16606400,,
1997-2-3,3.5,3.523437976837158,3.445312976837158,3.5,2.107024669647217,12220800,,
1997-2-4,3.5,3.53125,3.460937976837158,3.492187976837158,2.102321147918701,11995200,,
1997-2-5,3.476562976837158,3.484375,3.367187976837158,3.390625,2.041180372238159,19740800,,
1997-2-6,3.390625,3.46875,3.382812976837158,3.4375,2.0693981647491455,21740800,,
1997-2-7,3.484375,3.648437976837158,3.46875,3.625,2.1822760105133057,43507200,,
1997-2-10,3.65625,3.65625,3.53125,3.617187976837158,2.1775710582733154,23324800,,
1997-2-11,3.625,3.625,3.554687976837158,3.625,2.1822760105133057,19740800,,
1997-2-12,3.625,3.945312976837158,3.625,3.945312976837158,2.375105381011963,51985600,,
1997-2-13,3.96875,3.984375,3.8125,3.835937976837158,2.3092610836029053,37344000,,
1997-2-14,3.859375,3.859375,3.6875,3.742187976837158,2.252823829650879,26534400,,
1997-2-18,3.757812976837158,3.765625,3.648437976837158,3.671875,2.210493564605713,33000000,,
1997-2-19,3.671875,3.695312976837158,3.625,3.636718988418579,2.1893293857574463,24257600,,
1997-2-20,3.515625,3.578125,3.445312976837158,3.507812976837158,2.111727476119995,46198400,,
1997-2-21,3.53125,3.570312976837158,3.40625,3.40625,2.0505857467651367,34073600,,
1997-2-24,3.382812976837158,3.46875,3.367187976837158,3.414062976837158,2.0552897453308105,23523200,,
1997-2-25,3.46875,3.617187976837158,3.421875,3.585937976837158,2.1587605476379395,47080000,,
1997-2-26,3.632812976837158,3.640625,3.460937976837158,3.570312976837158,2.1493539810180664,34897600,,
1997-2-27,3.570312976837158,3.625,3.515625,3.523437976837158,2.1211342811584473,25608000,,
1997-2-28,3.507812976837158,3.523437976837158,3.4375,3.480468988418579,2.095266819000244,14212800,,
1997-3-3,3.5,3.585937976837158,3.5,3.546875,2.1352429389953613,19128000,,
1997-3-4,3.578125,3.679687976837158,3.5625,3.65625,2.20108699798584,27152000,,
1997-3-5,3.695312976837158,3.929687976837158,3.664062976837158,3.914062976837158,2.3562934398651123,53811200,,
1997-3-6,3.890625,3.90625,3.625,3.710937976837158,2.2340102195739746,65582400,,
1997-3-7,3.726562976837158,3.789062976837158,3.625,3.671875,2.210493564605713,23433600,,
1997-3-10,3.695312976837158,3.757812976837158,3.648437976837158,3.71875,2.2387118339538574,14097600,,
1997-3-11,3.726562976837158,3.75,3.710937976837158,3.726562976837158,2.2434165477752686,11518400,,
1997-3-12,3.7431640625,3.765625,3.601562976837158,3.664062976837158,2.2057909965515137,20787200,,
1997-3-13,3.648437976837158,3.734375,3.625,3.695312976837158,2.2246034145355225,22342400,,
1997-3-14,3.703125,3.71875,3.65625,3.695312976837158,2.2246034145355225,11364800,,
1997-3-17,3.6875,3.726562976837158,3.554687976837158,3.609375,2.172868490219116,21299200,,
1997-3-18,3.625,3.625,3.476562976837158,3.523437976837158,2.1211342811584473,21801600,,
1997-3-19,3.515625,3.523437976837158,3.375,3.378906011581421,2.0341243743896484,33318400,,
1997-3-20,3.390625,3.53125,3.320312976837158,3.523437976837158,2.1211342811584473,36152000,,
1997-3-21,3.546875,3.65625,3.523437976837158,3.5625,2.1446492671966553,25667200,,
1997-3-24,3.585937976837158,3.679687976837158,3.4375,3.640625,2.1916816234588623,20723200,,
1997-3-25,3.65625,3.757812976837158,3.65625,3.71875,2.2387118339538574,25484800,,
1997-3-26,3.75,3.875,3.742187976837158,3.828125,2.3045570850372314,30076800,,
1997-3-27,3.820312976837158,3.828125,3.671875,3.742187976837158,2.252823829650879,21033600,,
1997-3-31,3.742187976837158,3.765625,3.515625,3.523437976837158,2.1211342811584473,28252800,,
1997-4-1,3.460937976837158,3.71875,3.421875,3.699218988418579,2.226954221725464,31588800,,
1997-4-2,3.679687976837158,3.703125,3.5,3.535156011581421,2.128188133239746,24473600,,
1997-4-3,3.539062976837158,3.6875,3.53125,3.585937976837158,2.1587605476379395,31366400,,
1997-4-4,3.5625,3.6875,3.492187976837158,3.679687976837158,2.2151973247528076,29027200,,
1997-4-7,3.75,3.789062976837158,3.6875,3.757812976837158,2.2622299194335938,16676800,,
1997-4-8,3.609375,3.726562976837158,3.546875,3.578125,2.154055118560791,33113600,,
1997-4-9,3.601562976837158,3.664062976837158,3.546875,3.5625,2.1446492671966553,19585600,,
1997-4-10,3.554687976837158,3.578125,3.453125,3.515625,2.1164305210113525,25217600,,
1997-4-11,3.453125,3.5,3.34375,3.367187976837158,2.0270702838897705,38212800,,
1997-4-14,3.375,3.484375,3.335937976837158,3.40625,2.0505857467651367,21889600,,
1997-4-15,3.445312976837158,3.460937976837158,3.382812976837158,3.414062976837158,2.0552897453308105,18622400,,
1997-4-16,3.414062976837158,3.414062976837158,3.09375,3.164062976837158,1.9047878980636597,58356800,,
1997-4-17,3.203125,3.3125,3.1875,3.242187976837158,1.9518201351165771,39065600,,
1997-4-18,3.289062976837158,3.289062976837158,3.015625,3.015625,1.8154271841049194,55206400,,
1997-4-21,3.03125,3.132812976837158,2.726562976837158,2.84375,1.7119568586349487,79248000,,
1997-4-22,2.78125,2.78125,2.578125,2.648437976837158,1.5943773984909058,66555200,,
1997-4-23,2.65625,2.8125,2.640625,2.796875,1.6837379932403564,48352000,,
1997-4-24,2.875,2.890625,2.679687976837158,2.6875,1.6178929805755615,33089600,,
1997-4-25,2.976562976837158,2.976562976837158,2.796875,2.820312976837158,1.697847843170166,48457600,,
1997-4-28,2.84375,2.898437976837158,2.796875,2.808593988418579,1.6907925605773926,22569600,,
1997-4-29,2.859375,2.875,2.796875,2.828125,1.7025506496429443,19382400,,
1997-4-30,2.851562976837158,2.953125,2.84375,2.921875,1.758988618850708,31956800,,
1997-5-1,2.953125,3.0625,2.9375,3.0625,1.8436468839645386,33721600,,
1997-5-2,3.0625,3.109375,2.984375,3.09375,1.8624589443206787,37902400,,
1997-5-5,3.117187976837158,3.335937976837158,3.101562976837158,3.335937976837158,2.00825834274292,39363200,,
1997-5-6,3.289062976837158,3.328125,3.195312976837158,3.25,1.9565223455429077,24468800,,
1997-5-7,3.226562976837158,3.359375,3.203125,3.265625,1.965929627418518,22147200,,
1997-5-8,3.265625,3.34375,3.210937976837158,3.234375,1.947116494178772,17244800,,
1997-5-9,3.25,3.289062976837158,3.148437976837158,3.210937976837158,1.9330065250396729,14755200,,
1997-5-12,3.203125,3.21875,3.125,3.15625,1.9000850915908813,25344000,,
1997-5-13,3.148437976837158,3.1875,3.125,3.171875,1.909490942955017,17512000,,
1997-5-14,3.195312976837158,3.210937976837158,3.101562976837158,3.148437976837158,1.8953815698623657,13598400,,
1997-5-15,3.140625,3.179687976837158,3.070312976837158,3.132812976837158,1.8859753608703613,13275200,,
1997-5-16,3.117187976837158,3.164062976837158,3.085937976837158,3.101562976837158,1.8671631813049316,12160000,,
1997-5-19,3.117187976837158,3.210937976837158,3.085937976837158,3.152343988418579,1.8977328538894653,12809600,,
1997-5-20,3.15625,3.296875,3.109375,3.28125,1.9753351211547852,19417600,,
1997-5-21,3.3125,3.375,3.28125,3.296875,1.9847416877746582,22801600,,
1997-5-22,3.335937976837158,3.34375,3.25,3.300781011581421,1.987093210220337,18032000,,
1997-5-23,3.3125,3.53125,3.304687976837158,3.515625,2.1164305210113525,37350400,,
1997-5-27,3.507812976837158,3.539062976837158,3.453125,3.5,2.107024669647217,14172800,,
1997-5-28,3.5,3.515625,3.414062976837158,3.4375,2.0693981647491455,14292800,,
1997-5-29,3.4375,3.4375,3.3125,3.335937976837158,2.00825834274292,22345600,,
1997-5-30,2.976562976837158,3.171875,2.953125,3.015625,1.8154271841049194,102067200,,
1997-6-2,3,3.039062976837158,2.953125,2.964843988418579,1.7848562002182007,36332800,,
1997-6-3,2.953125,2.960937976837158,2.820312976837158,2.910156011581421,1.7519347667694092,33859200,,
1997-6-4,2.945312976837158,2.984375,2.890625,2.914062976837158,1.7542868852615356,23008000,,
1997-6-5,2.953125,3.015625,2.929687976837158,2.996093988418579,1.8036694526672363,14592000,,
1997-6-6,2.921875,3,2.875,2.917968988418579,1.756638765335083,35587200,,
1997-6-9,2.9375,3.046875,2.914062976837158,3.039062976837158,1.82953679561615,18425600,,
1997-6-10,3.0625,3.085937976837158,2.914062976837158,2.914062976837158,1.7542868852615356,30494400,,
1997-6-11,2.914062976837158,2.984375,2.875,2.960937976837158,1.7825051546096802,14185600,,
1997-6-12,2.960937976837158,3.007812976837158,2.890625,2.949218988418579,1.7754509449005127,14505600,,
1997-6-13,2.953125,3.039062976837158,2.945312976837158,3.011718988418579,1.813076138496399,14926400,,
1997-6-16,3.03125,3.03125,2.953125,2.96875,1.7872072458267212,12033600,,
1997-6-17,2.96875,3.046875,2.960937976837158,3.023437976837158,1.8201309442520142,18944000,,
1997-6-18,3.019531011581421,3.09375,3,3,1.8060202598571777,13700800,,
1997-6-19,3,3.078125,2.992187976837158,3.078125,1.8530524969100952,17558400,,
1997-6-20,3.078125,3.121093988418579,3.039062976837158,3.109375,1.8718647956848145,21867200,,
1997-6-23,3.109375,3.125,3.046875,3.046875,1.8342398405075073,16472000,,
1997-6-24,3.101562976837158,3.125,3.0625,3.125,1.8812711238861084,8475200,,
1997-6-25,3.132812976837158,3.257812976837158,3.078125,3.117187976837158,1.8765687942504883,29425600,,
1997-6-26,3.128906011581421,3.171875,3.054687976837158,3.066406011581421,1.8459973335266113,14796800,,
1997-6-27,3.078125,3.179687976837158,3.046875,3.171875,1.909490942955017,18193600,,
1997-6-30,3.195312976837158,3.242187976837158,3.179687976837158,3.179687976837158,1.914194941520691,21110400,,
1997-7-1,3.1875,3.3125,3.164062976837158,3.226562976837158,1.9424141645431519,19083200,,
1997-7-2,3.257812976837158,3.398437976837158,3.242187976837158,3.386718988418579,2.038827896118164,23163200,,
1997-7-3,3.390625,3.429687976837158,3.335937976837158,3.382812976837158,2.0364770889282227,13625600,,
1997-7-7,3.402343988418579,3.4375,3.382812976837158,3.40625,2.0505857467651367,17265600,,
1997-7-8,3.421875,3.429687976837158,3.242187976837158,3.28125,1.9753351211547852,18904000,,
1997-7-9,3.328125,3.375,3.316406011581421,3.320312976837158,1.9988516569137573,13179200,,
1997-7-10,3.34375,3.394531011581421,3.3125,3.382812976837158,2.0364770889282227,17782400,,
1997-7-11,3.390625,3.453125,3.382812976837158,3.421875,2.059992551803589,18129600,,
1997-7-14,3.4375,3.546875,3.421875,3.542968988418579,2.1328933238983154,21622400,,
1997-7-15,3.539062976837158,3.554687976837158,3.414062976837158,3.460937976837158,2.0835092067718506,16964800,,
1997-7-16,3.460937976837158,3.5,3.25,3.355468988418579,2.020015239715576,36796800,,
1997-7-17,3.320312976837158,3.320312976837158,3.242187976837158,3.277343988418579,1.972983956336975,27273600,,
1997-7-18,3.257812976837158,3.320312976837158,3.21875,3.316406011581421,1.99649977684021,17796800,,
1997-7-21,3.34375,3.375,3.265625,3.351562976837158,2.0176644325256348,17955200,,
1997-7-22,3.382812976837158,3.40625,3.140625,3.226562976837158,1.9424141645431519,50656000,,
1997-7-23,2.953125,3.046875,2.9375,2.992187976837158,1.8013176918029785,100868800,,
1997-7-24,3,3,2.8125,2.886718988418579,1.7378252744674683,61756800,,
1997-7-25,2.90625,2.96875,2.851562976837158,2.890625,1.7401769161224365,26771200,,
1997-7-28,2.898437976837158,3.023437976837158,2.898437976837158,2.984375,1.7966140508651733,18680000,,
1997-7-29,2.984375,3.007812976837158,2.867187976837158,2.90625,1.7495824098587036,21528000,,
1997-7-30,2.921875,2.9375,2.859375,2.894531011581421,1.742527723312378,26433600,,
1997-7-31,2.898437976837158,2.90625,2.847656011581421,2.890625,1.7401769161224365,19920000,,
1997-8-1,2.898437976837158,2.984375,2.875,2.960937976837158,1.7825051546096802,18065600,,
1997-8-4,2.96875,3.023437976837158,2.921875,2.992187976837158,1.8013176918029785,20814400,,
1997-8-5,3.007812976837158,3.007812976837158,2.960937976837158,2.992187976837158,1.8013176918029785,24188800,,
1997-8-6,2.992187976837158,3.03125,2.96875,2.992187976837158,1.8013176918029785,16579200,,
1997-8-7,3.007812976837158,3.007812976837158,2.921875,2.921875,1.758988618850708,15753600,,
1997-8-8,2.914062976837158,2.945312976837158,2.875,2.882812976837158,1.7354739904403687,15332800,,
1997-8-11,2.90625,2.929687976837158,2.828125,2.835937976837158,1.7072539329528809,16283200,,
1997-8-12,2.851562976837158,2.917968988418579,2.84375,2.875,1.7307703495025635,10843200,,
1997-8-13,2.921875,2.945312976837158,2.859375,2.890625,1.7401769161224365,11683200,,
1997-8-14,2.898437976837158,2.90625,2.84375,2.878906011581421,1.7331210374832153,8312000,,
1997-8-15,2.875,2.878906011581421,2.8125,2.816406011581421,1.69549560546875,12275200,,
1997-8-18,2.835937976837158,2.84375,2.703125,2.738281011581421,1.648464560508728,26033600,,
1997-8-19,2.785156011581421,2.953125,2.785156011581421,2.917968988418579,1.756638765335083,29705600,,
1997-8-20,2.921875,2.96875,2.898437976837158,2.960937976837158,1.7825051546096802,10849600,,
1997-8-21,2.964843988418579,2.972656011581421,2.90625,2.925781011581421,1.761340856552124,7676800,,
1997-8-22,2.875,2.921875,2.855468988418579,2.890625,1.7401769161224365,8427200,,
1997-8-25,2.898437976837158,2.929687976837158,2.882812976837158,2.90625,1.7495824098587036,9217600,,
1997-8-26,2.890625,2.90625,2.867187976837158,2.878906011581421,1.7331210374832153,5764800,,
1997-8-27,2.882812976837158,2.890625,2.84375,2.882812976837158,1.7354739904403687,10694400,,
1997-8-28,2.875,2.882812976837158,2.828125,2.859375,1.7213634252548218,13148800,,
1997-8-29,2.867187976837158,2.921875,2.867187976837158,2.890625,1.7401769161224365,17182400,,
1997-9-2,2.90625,3,2.898437976837158,3,1.8060202598571777,13928000,,
1997-9-3,2.992187976837158,3.109375,2.96875,3.042968988418579,1.8318874835968018,31659200,,
1997-9-4,3.03125,3.046875,2.992187976837158,3.007812976837158,1.8107240200042725,6673600,,
1997-9-5,3.03125,3.125,3.023437976837158,3.121093988418579,1.878920078277588,17300800,,
1997-9-8,3.148437976837158,3.277343988418579,3.148437976837158,3.21875,1.9377095699310303,35502400,,
1997-9-9,3.226562976837158,3.226562976837158,3.140625,3.175781011581421,1.911841869354248,11281600,,
1997-9-10,3.195312976837158,3.242187976837158,3.164062976837158,3.1875,1.9188973903656006,16352000,,
1997-9-11,3.195312976837158,3.320312976837158,3.179687976837158,3.273437976837158,1.970632553100586,24284800,,
1997-9-12,3.28125,3.304687976837158,3.1875,3.261718988418579,1.9635779857635498,13200000,,
1997-9-15,3.28125,3.296875,3.171875,3.171875,1.909490942955017,14468800,,
1997-9-16,3.210937976837158,3.242187976837158,3.210937976837158,3.234375,1.947116494178772,18766400,,
1997-9-17,3.25,3.25,3.171875,3.230468988418579,1.9447650909423828,11502400,,
1997-9-18,3.234375,3.335937976837158,3.226562976837158,3.320312976837158,1.9988516569137573,21300800,,
1997-9-19,3.320312976837158,3.433593988418579,3.304687976837158,3.398437976837158,2.0458831787109375,38923200,,
1997-9-22,3.402343988418579,3.5,3.398437976837158,3.492187976837158,2.102321147918701,25875200,,
1997-9-23,3.488281011581421,3.507812976837158,3.460937976837158,3.5,2.107024669647217,17630400,,
1997-9-24,3.484375,3.546875,3.429687976837158,3.515625,2.1164305210113525,24828800,,
1997-9-25,3.519531011581421,3.539062976837158,3.421875,3.453125,2.0788042545318604,17084800,,
1997-9-26,3.453125,3.53125,3.4375,3.503906011581421,2.109374761581421,16816000,,
1997-9-29,3.578125,3.871093988418579,3.578125,3.851562976837158,2.3186676502227783,79174400,,
1997-9-30,3.851562976837158,4.063477039337158,3.820312976837158,3.980468988418579,2.3962695598602295,84574400,,
1997-10-1,3.945312976837158,3.960937976837158,3.796875,3.875,2.3327760696411133,38025600,,
1997-10-2,3.890625,3.890625,3.773437976837158,3.820312976837158,2.2998545169830322,16030400,,
1997-10-3,3.890625,4.046875,3.875,4.03125,2.4268405437469482,30764800,,
1997-10-6,4.03125,4.054687976837158,3.960937976837158,3.992187976837158,2.403324604034424,26235200,,
1997-10-7,4,4.09375,3.960937976837158,4.007812976837158,2.4127302169799805,26196800,,
1997-10-8,4.007812976837158,4.070312976837158,3.960937976837158,4.046875,2.436246633529663,12011200,,
1997-10-9,4.03125,4.164062976837158,4.023437976837158,4.105469226837158,2.4715206623077393,21539200,,
1997-10-10,4.109375,4.242187976837158,4.085937976837158,4.21875,2.539716958999634,24230400,,
1997-10-13,4.234375,4.273437976837158,4.179687976837158,4.214844226837158,2.537365436553955,9697600,,
1997-10-14,4.210937976837158,4.28125,4.101562976837158,4.171875,2.5114967823028564,23913600,,
1997-10-15,4.164062976837158,4.242187976837158,4.140625,4.179687976837158,2.5162010192871094,11347200,,
1997-10-16,4.210937976837158,4.234375,4.039062976837158,4.050780773162842,2.4385979175567627,23556800,,
1997-10-17,4.015625,4.039062976837158,3.828125,3.84375,2.313964605331421,40542400,,
1997-10-20,3.875,4,3.765625,3.992187976837158,2.403324604034424,17443200,,
1997-10-21,4.015625,4.0625,3.960937976837158,3.996093988418579,2.405674934387207,13579200,,
1997-10-22,3.96875,4.03125,3.929687976837158,3.960937976837158,2.384512424468994,14211200,,
1997-10-23,3.84375,3.953125,3.8125,3.835937976837158,2.3092610836029053,18308800,,
1997-10-24,3.882812976837158,3.890625,3.5625,3.703125,2.229307174682617,41254400,,
1997-10-27,3.671875,3.703125,3.40625,3.4375,2.0693981647491455,30124800,,
1997-10-28,3.351562976837158,3.71875,3.25,3.710937976837158,2.2340102195739746,57156800,,
1997-10-29,3.742187976837158,3.75,3.484375,3.582031011581421,2.156407117843628,29576000,,
1997-10-30,3.453125,3.554687976837158,3.375,3.390625,2.041180372238159,26164800,,
1997-10-31,3.5,3.5625,3.460937976837158,3.523437976837158,2.1211342811584473,11475200,,
1997-11-3,3.640625,3.71875,3.609375,3.695312976837158,2.2246034145355225,11739200,,
1997-11-4,3.6875,3.929687976837158,3.65625,3.921875,2.3609962463378906,23864000,,
1997-11-5,3.929687976837158,4.210937976837158,3.921875,4.070312976837158,2.4503564834594727,74908800,,
1997-11-6,4.082030773162842,4.09375,3.859375,3.859375,2.3233706951141357,17020800,,
1997-11-7,3.789062976837158,3.929687976837158,3.742187976837158,3.90625,2.351590156555176,19792000,,
1997-11-10,4.03125,4.046875,3.921875,3.941406011581421,2.372753620147705,16137600,,
1997-11-11,4,4.027344226837158,3.882812976837158,3.894531011581421,2.3445348739624023,13952000,,
1997-11-12,3.945312976837158,4.046875,3.773437976837158,3.875,2.3327760696411133,51224000,,
1997-11-13,3.953125,4.09375,3.875,4.0625,2.4456536769866943,44881600,,
1997-11-14,4.125,4.421875,4.125,4.363280773162842,2.626725196838379,92296000,,
1997-11-17,4.453125,4.496094226837158,4.3125,4.316405773162842,2.598505735397339,35617600,,
1997-11-18,4.3125,4.421875,4.25,4.265625,2.5679352283477783,30390400,,
1997-11-19,4.25,4.328125,4.21875,4.292969226837158,2.584397077560425,16102400,,
1997-11-20,4.3125,4.449219226837158,4.296875,4.4375,2.671405792236328,30246400,,
1997-11-21,4.46875,4.46875,4.324219226837158,4.351562976837158,2.619671106338501,20224000,,
1997-11-24,4.3125,4.34375,4.1875,4.1875,2.520904541015625,20299200,,
1997-11-25,4.210937976837158,4.328125,4.125,4.273437976837158,2.572638988494873,31136000,,
1997-11-26,4.304687976837158,4.320312976837158,4.21875,4.269530773162842,2.570286750793457,5392000,,
1997-11-28,4.257812976837158,4.289062976837158,4.230469226837158,4.234375,2.5491232872009277,2396800,,
1997-12-1,4.296875,4.433594226837158,4.28125,4.429687976837158,2.6667025089263916,18614400,,
1997-12-2,4.375,4.460937976837158,4.222655773162842,4.25,2.5585289001464844,36280000,,
1997-12-3,4.1875,4.210937976837158,3.9375,4.097655773162842,2.466817617416382,67547200,,
1997-12-4,4.140625,4.1875,4.015625,4.03125,2.4268405437469482,24408000,,
1997-12-5,3.960937976837158,4.21875,3.953125,4.1875,2.520904541015625,23337600,,
1997-12-8,4.21875,4.378905773162842,4.210937976837158,4.285155773162842,2.5796942710876465,22460800,,
1997-12-9,4.265625,4.3125,4.068358898162842,4.070312976837158,2.4503564834594727,26179200,,
1997-12-10,4.0625,4.0625,3.804687976837158,3.90625,2.351590156555176,69076800,,
1997-12-11,3.859375,3.875,3.601562976837158,3.710937976837158,2.2340102195739746,62568000,,
1997-12-12,3.765625,3.773437976837158,3.148437976837158,3.167968988418579,1.9071396589279175,180356800,,
1997-12-15,3.3125,3.324218988418579,3.132812976837158,3.179687976837158,1.914194941520691,73518400,,
1997-12-16,3.242187976837158,3.492187976837158,3.226562976837158,3.28125,1.9753351211547852,55036800,,
1997-12-17,3.375,3.40625,3.203125,3.222656011581421,1.9400612115859985,33820800,,
1997-12-18,3.265625,3.28125,3.0625,3.070312976837158,1.8483494520187378,40369600,,
1997-12-19,3.007812976837158,3.09375,2.898437976837158,3,1.8060202598571777,52814400,,
1997-12-22,3.078125,3.132812976837158,2.96875,3.027343988418579,1.8224819898605347,36022400,,
1997-12-23,3.070312976837158,3.070312976837158,2.90625,2.90625,1.7495824098587036,31073600,,
1997-12-24,2.953125,2.953125,2.84375,2.863281011581421,1.72371506690979,17700800,,
1997-12-26,2.878906011581421,2.90625,2.867187976837158,2.894531011581421,1.742527723312378,11395200,,
1997-12-29,3,3.1875,2.976562976837158,3.1875,1.9188973903656006,33779200,,
1997-12-30,3.179687976837158,3.359375,3.132812976837158,3.273437976837158,1.970632553100586,34825600,,
1997-12-31,3.300781011581421,3.40625,3.15625,3.15625,1.9000850915908813,38304000,,
1998-1-2,3.203125,3.308593988418579,3.195312976837158,3.238281011581421,1.949467420578003,23992000,,
1998-1-5,3.289062976837158,3.359375,3.242187976837158,3.273437976837158,1.970632553100586,24339200,,
1998-1-6,3.273437976837158,3.359375,3.242187976837158,3.246093988418579,1.9541720151901245,18283200,,
1998-1-7,3.171875,3.179687976837158,2.960937976837158,2.992187976837158,1.8013176918029785,77368000,,
1998-1-8,2.988281011581421,3.121093988418579,2.9375,3.023437976837158,1.8201309442520142,40539200,,
1998-1-9,3.023437976837158,3.039062976837158,2.867187976837158,2.902343988418579,1.747230887413025,33051200,,
1998-1-12,2.867187976837158,2.992187976837158,2.828125,2.941406011581421,1.7707473039627075,35160000,,
1998-1-13,3.007812976837158,3.085937976837158,3,3.042968988418579,1.8318874835968018,27872000,,
1998-1-14,3.09375,3.125,3.03125,3.042968988418579,1.8318874835968018,24870400,,
1998-1-15,2.976562976837158,2.976562976837158,2.875,2.875,1.7307703495025635,37475200,,
1998-1-16,2.890625,2.953125,2.8125,2.875,1.7307703495025635,48825600,,
1998-1-20,3.023437976837158,3.054687976837158,2.949218988418579,2.96875,1.7872072458267212,43787200,,
1998-1-21,3.226562976837158,3.414062976837158,3.179687976837158,3.382812976837158,2.0364770889282227,117758400,,
1998-1-22,3.367187976837158,3.453125,3.257812976837158,3.3125,1.9941481351852417,73201600,,
1998-1-23,3.359375,3.421875,3.335937976837158,3.402343988418579,2.048234701156616,30686400,,
1998-1-26,3.390625,3.398437976837158,3.222656011581421,3.242187976837158,1.9518201351165771,29942400,,
1998-1-27,3.257812976837158,3.359375,3.242187976837158,3.28125,1.9753351211547852,35248000,,
1998-1-28,3.335937976837158,3.4375,3.296875,3.371093988418579,2.0294220447540283,25020800,,
1998-1-29,3.390625,3.492187976837158,3.328125,3.363281011581421,2.0247180461883545,31752000,,
1998-1-30,3.382812976837158,3.40625,3.234375,3.242187976837158,1.9518201351165771,37011200,,
1998-2-2,3.335937976837158,3.527343988418579,3.320312976837158,3.515625,2.1164305210113525,59187200,,
1998-2-3,3.539062976837158,3.5625,3.5,3.5,2.107024669647217,40894400,,
1998-2-4,3.460937976837158,3.625,3.445312976837158,3.566406011581421,2.1470019817352295,36555200,,
1998-2-5,3.609375,3.652343988418579,3.492187976837158,3.515625,2.1164305210113525,28372800,,
1998-2-6,2.890625,3.101562976837158,2.882812976837158,2.984375,1.7966140508651733,242896000,,
1998-2-9,2.929687976837158,3.015625,2.929687976837158,2.980468988418579,1.7942628860473633,55147200,,
1998-2-10,2.972656011581421,2.984375,2.890625,2.898437976837158,1.7448797225952148,49556800,,
1998-2-11,2.902343988418579,3.023437976837158,2.890625,2.953125,1.7778027057647705,56574400,,
1998-2-12,2.933593988418579,3,2.910156011581421,2.976562976837158,1.791911005973816,26593600,,
1998-2-13,2.953125,2.964843988418579,2.90625,2.910156011581421,1.7519347667694092,21105600,,
1998-2-17,2.984375,2.984375,2.914062976837158,2.921875,1.758988618850708,16721600,,
1998-2-18,2.945312976837158,2.984375,2.921875,2.964843988418579,1.7848562002182007,18508800,,
1998-2-19,2.992187976837158,3,2.9375,2.953125,1.7778027057647705,13468800,,
1998-2-20,2.976562976837158,2.976562976837158,2.898437976837158,2.914062976837158,1.7542868852615356,22300800,,
1998-2-23,2.96875,3.210937976837158,2.945312976837158,3.210937976837158,1.9330065250396729,79697600,,
1998-2-24,3.167968988418579,3.234375,3.128906011581421,3.136718988418579,1.8883264064788818,41009600,,
1998-2-25,3.191406011581421,3.195312976837158,3.148437976837158,3.179687976837158,1.914194941520691,23185600,,
1998-2-26,3.179687976837158,3.25,3.171875,3.222656011581421,1.9400612115859985,19755200,,
1998-2-27,3.21875,3.3125,3.148437976837158,3.1875,1.9188973903656006,23444800,,
1998-3-2,3.203125,3.21875,3.046875,3.097656011581421,1.8648107051849365,20929600,,
1998-3-3,3.097656011581421,3.117187976837158,3.046875,3.080077886581421,1.8542283773422241,15209600,,
1998-3-4,3.070312976837158,3.109375,3.0625,3.082031011581421,1.855404257774353,11734400,,
1998-3-5,3.003906011581421,3.0625,2.976562976837158,2.976562976837158,1.791911005973816,20108800,,
1998-3-6,2.980468988418579,3.078125,2.9375,3.029297113418579,1.8236582279205322,19249600,,
1998-3-9,3.039062976837158,3.09375,2.976562976837158,2.976562976837158,1.791911005973816,14668800,,
1998-3-10,3.046875,3.046875,2.960937976837158,2.992187976837158,1.8013176918029785,16099200,,
1998-3-11,3.015625,3.117187976837158,3.007812976837158,3.085937976837158,1.8577561378479004,22347200,,
1998-3-12,3.101562976837158,3.109375,3.039062976837158,3.0625,1.8436468839645386,13132800,,
1998-3-13,3.085937976837158,3.085937976837158,3,3.003906011581421,1.8083720207214355,16169600,,
1998-3-16,3.054687976837158,3.082031011581421,3,3.054687976837158,1.8389431238174438,12332800,,
1998-3-17,3.054687976837158,3.0625,2.96875,3,1.8060202598571777,13542400,,
1998-3-18,2.976562976837158,3.042968988418579,2.96875,3.035156011581421,1.8271844387054443,11408000,,
1998-3-19,3.039062976837158,3.046875,3,3.035156011581421,1.8271844387054443,9052800,,
1998-3-20,3.046875,3.0625,2.976562976837158,2.984375,1.7966140508651733,13064000,,
1998-3-23,3.03125,3.035156011581421,2.972656011581421,3,1.8060202598571777,12537600,,
1998-3-24,2.96875,2.984375,2.941406011581421,2.976562976837158,1.791911005973816,21945600,,
1998-3-25,3,3.0625,2.992187976837158,3.023437976837158,1.8201309442520142,21931200,,
1998-3-26,3.011718988418579,3.117187976837158,3.007812976837158,3.074218988418579,1.8507002592086792,29443200,,
1998-3-27,3.085937976837158,3.164062976837158,3.078125,3.121093988418579,1.878920078277588,25132800,,
1998-3-30,3.125,3.140625,3.039062976837158,3.097656011581421,1.8648107051849365,18193600,,
1998-3-31,3.210937976837158,3.347656011581421,3.195312976837158,3.34375,2.012960910797119,70302400,,
1998-4-1,3.304687976837158,3.382812976837158,3.265625,3.347656011581421,2.0153114795684814,39075200,,
1998-4-2,3.3125,3.359375,3.289062976837158,3.34375,2.012960910797119,21516800,,
1998-4-3,3.4375,3.53125,3.421875,3.484375,2.097618341445923,47384000,,
1998-4-6,3.507812976837158,3.523437976837158,3.394531011581421,3.410156011581421,2.0529377460479736,23939200,,
1998-4-7,3.359375,3.40625,3.257812976837158,3.335937976837158,2.00825834274292,21644800,,
1998-4-8,3.351562976837158,3.359375,3.285156011581421,3.292968988418579,1.9823899269104004,10835200,,
1998-4-9,3.28125,3.375,3.265625,3.371093988418579,2.0294220447540283,13337600,,
1998-4-13,3.367187976837158,3.375,3.289062976837158,3.34375,2.012960910797119,14697600,,
1998-4-14,3.34375,3.433593988418579,3.328125,3.421875,2.059992551803589,28492800,,
1998-4-15,3.425781011581421,3.46875,3.414062976837158,3.414062976837158,2.0552897453308105,19214400,,
1998-4-16,3.40625,3.5625,3.390625,3.492187976837158,2.102321147918701,25625600,,
1998-4-17,3.492187976837158,3.5,3.449218988418579,3.480468988418579,2.095266819000244,17156800,,
1998-4-20,3.457031011581421,3.730468988418579,3.453125,3.679687976837158,2.2151973247528076,53422400,,
1998-4-21,3.714843988418579,3.785156011581421,3.695312976837158,3.734375,2.248119354248047,36958400,,
1998-4-22,3.625,3.710937976837158,3.515625,3.609375,2.172868490219116,72723200,,
1998-4-23,3.578125,3.585937976837158,3.523437976837158,3.527343988418579,2.123485565185547,27304000,,
1998-4-24,3.519531011581421,3.570312976837158,3.507812976837158,3.542968988418579,2.1328933238983154,12235200,,
1998-4-27,3.46875,3.492187976837158,3.351562976837158,3.417968988418579,2.057640790939331,26400000,,
1998-4-28,3.445312976837158,3.476562976837158,3.3125,3.367187976837158,2.0270702838897705,23505600,,
1998-4-29,3.375,3.53125,3.359375,3.507812976837158,2.111727476119995,23768000,,
1998-4-30,3.53125,3.554687976837158,3.492187976837158,3.515625,2.1164305210113525,14924800,,
1998-5-1,3.507812976837158,3.539062976837158,3.460937976837158,3.476562976837158,2.092914342880249,9915200,,
1998-5-4,3.476562976837158,3.578125,3.476562976837158,3.570312976837158,2.1493539810180664,13992000,,
1998-5-5,3.554687976837158,3.570312976837158,3.507812976837158,3.515625,2.1164305210113525,10004800,,
1998-5-6,3.523437976837158,3.542968988418579,3.445312976837158,3.484375,2.097618341445923,15372800,,
1998-5-7,3.476562976837158,3.519531011581421,3.4375,3.460937976837158,2.0835092067718506,34908800,,
1998-5-8,3.476562976837158,3.53125,3.453125,3.507812976837158,2.111727476119995,5772800,,
1998-5-11,3.53125,3.566406011581421,3.425781011581421,3.425781011581421,2.062343120574951,8425600,,
1998-5-12,3.429687976837158,3.453125,3.382812976837158,3.417968988418579,2.057640790939331,7073600,,
1998-5-13,3.449218988418579,3.515625,3.414062976837158,3.503906011581421,2.109374761581421,13880000,,
1998-5-14,3.492187976837158,3.53125,3.457031011581421,3.460937976837158,2.0835092067718506,12857600,,
1998-5-15,3.515625,3.609375,3.476562976837158,3.578125,2.154055118560791,27409600,,
1998-5-18,3.578125,3.59375,3.476562976837158,3.503906011581421,2.109374761581421,8753600,,
1998-5-19,3.5,3.535156011581421,3.5,3.515625,2.1164305210113525,4124800,,
1998-5-20,3.507812976837158,3.539062976837158,3.449218988418579,3.449218988418579,2.0764522552490234,6259200,,
1998-5-21,3.460937976837158,3.484375,3.460937976837158,3.464843988418579,2.085860252380371,6764800,,
1998-5-22,3.46875,3.484375,3.425781011581421,3.462891101837158,2.0846831798553467,6780800,,
1998-5-26,3.5,3.515625,3.34375,3.34375,2.012960910797119,14219200,,
1998-5-27,3.335937976837158,3.382812976837158,3.300781011581421,3.359375,2.022366523742676,23267200,,
1998-5-28,3.367187976837158,3.375,3.3125,3.320312976837158,1.9988516569137573,7244800,,
1998-5-29,3.320312976837158,3.335937976837158,3.242187976837158,3.257812976837158,1.9612261056900024,9824000,,
1998-6-1,3.234375,3.25,3.113281011581421,3.144531011581421,1.893028974533081,14417600,,
1998-6-2,3.140625,3.21875,3.132812976837158,3.1875,1.9188973903656006,10470400,,
1998-6-3,3.191406011581421,3.210937976837158,3.140625,3.140625,1.8906781673431396,7507200,,
1998-6-4,3.164062976837158,3.203125,3.140625,3.203125,1.9283033609390259,6278400,,
1998-6-5,3.210937976837158,3.289062976837158,3.179687976837158,3.242187976837158,1.9518201351165771,10364800,,
1998-6-8,3.226562976837158,3.351562976837158,3.226562976837158,3.234375,1.947116494178772,11516800,,
1998-6-9,3.226562976837158,3.3125,3.21875,3.3125,1.9941481351852417,6494400,,
1998-6-10,3.265625,3.296875,3.21875,3.226562976837158,1.9424141645431519,6075200,,
1998-6-11,3.140625,3.15625,3.023437976837158,3.070312976837158,1.8483494520187378,28052800,,
1998-6-12,3.0625,3.078125,2.960937976837158,3.0625,1.8436468839645386,18510400,,
1998-6-15,2.992187976837158,3.03125,2.914062976837158,2.921875,1.758988618850708,24219200,,
1998-6-16,2.945312976837158,3.066406011581421,2.941406011581421,3.039062976837158,1.82953679561615,12230400,,
1998-6-17,3.078125,3.183593988418579,3.054687976837158,3.058593988418579,1.841294527053833,15980800,,
1998-6-18,3.054687976837158,3.09375,3.003906011581421,3.078125,1.8530524969100952,6176000,,
1998-6-19,3.09375,3.109375,3.039062976837158,3.078125,1.8530524969100952,7681600,,
1998-6-22,3.078125,3.1875,3.070312976837158,3.148437976837158,1.8953815698623657,8808000,,
1998-6-23,3.167968988418579,3.234375,3.148437976837158,3.222656011581421,1.9400612115859985,11196800,,
1998-6-24,3.257812976837158,3.496093988418579,3.242187976837158,3.480468988418579,2.095266819000244,44129600,,
1998-6-25,3.527343988418579,3.609375,3.464843988418579,3.523437976837158,2.1211342811584473,35635200,,
1998-6-26,3.359375,3.484375,3.34375,3.382812976837158,2.0364770889282227,20230400,,
1998-6-29,3.390625,3.5,3.378906011581421,3.496093988418579,2.104673385620117,15329600,,
1998-6-30,3.484375,3.546875,3.460937976837158,3.511718988418579,2.114079475402832,15051200,,
1998-7-1,3.523437976837158,3.546875,3.453125,3.507812976837158,2.111727476119995,7776000,,
1998-7-2,3.507812976837158,3.507812976837158,3.382812976837158,3.398437976837158,2.0458831787109375,12750400,,
1998-7-6,3.414062976837158,3.476562976837158,3.410156011581421,3.4375,2.0693981647491455,9779200,,
1998-7-7,3.4375,3.453125,3.34375,3.386718988418579,2.038827896118164,7920000,,
1998-7-8,3.359375,3.460937976837158,3.359375,3.423827886581421,2.0611681938171387,9499200,,
1998-7-9,3.433593988418579,3.5693359375,3.421875,3.558593988418579,2.142298698425293,18936000,,
1998-7-10,3.535156011581421,3.554687976837158,3.46875,3.53125,2.125836133956909,8278400,,
1998-7-13,3.578125,3.640625,3.492187976837158,3.496093988418579,2.104673385620117,17758400,,
1998-7-14,3.492187976837158,3.570312976837158,3.476562976837158,3.523437976837158,2.1211342811584473,9700800,,
1998-7-15,3.539062976837158,3.632812976837158,3.523437976837158,3.601562976837158,2.168165922164917,11440000,,
1998-7-16,3.601562976837158,3.617187976837158,3.5625,3.613281011581421,2.175220012664795,7993600,,
1998-7-17,3.617187976837158,3.617187976837158,3.539062976837158,3.578125,2.154055118560791,11134400,,
1998-7-20,3.5625,3.589843988418579,3.515625,3.539062976837158,2.130539655685425,7624000,,
1998-7-21,3.53125,3.675781011581421,3.523437976837158,3.597656011581421,2.1658132076263428,21814400,,
1998-7-22,3.746093988418579,4.210937976837158,3.742187976837158,4.195312976837158,2.5256075859069824,181473600,,
1998-7-23,4.140625,4.1875,3.917968988418579,3.953125,2.379808187484741,53073600,,
1998-7-24,4.007812976837158,4.03125,3.890625,3.9375,2.370401620864868,20987200,,
1998-7-27,3.875,3.9375,3.8125,3.925781011581421,2.3633463382720947,15926400,,
1998-7-28,3.929687976837158,3.9375,3.804687976837158,3.8125,2.2951505184173584,13518400,,
1998-7-29,3.84375,3.890625,3.820312976837158,3.832031011581421,2.3069088459014893,8126400,,
1998-7-30,3.875,3.90625,3.859375,3.878906011581421,2.3351285457611084,12563200,,
1998-7-31,3.875,3.984375,3.871093988418579,3.896483898162842,2.345710039138794,16291200,,
1998-8-3,3.890625,3.898437976837158,3.730468988418579,3.808593988418579,2.292800188064575,12737600,,
1998-8-4,3.816406011581421,3.832031011581421,3.59375,3.6875,2.219900369644165,18344000,,
1998-8-5,3.671875,3.695312976837158,3.5625,3.640625,2.1916816234588623,13873600,,
1998-8-6,3.601562976837158,3.734375,3.585937976837158,3.707031011581421,2.2316575050354004,13064000,,
1998-8-7,3.742187976837158,3.875,3.671875,3.671875,2.210493564605713,20220800,,
1998-8-10,3.671875,3.71875,3.640625,3.683593988418579,2.2175490856170654,4147200,,
1998-8-11,3.59375,3.617187976837158,3.453125,3.539062976837158,2.130539655685425,25340800,,
1998-8-12,3.585937976837158,3.617187976837158,3.421875,3.4375,2.0693981647491455,21444800,,
1998-8-13,3.367187976837158,3.515625,3.34375,3.34375,2.012960910797119,28662400,,
1998-8-14,3.40625,3.4375,3.351562976837158,3.40625,2.0505857467651367,11040000,,
1998-8-17,3.390625,3.46875,3.359375,3.359375,2.022366523742676,13382400,,
1998-8-18,3.417968988418579,3.515625,3.40625,3.5,2.107024669647217,16048000,,
1998-8-19,3.515625,3.570312976837158,3.476562976837158,3.476562976837158,2.092914342880249,10320000,,
1998-8-20,3.46875,3.492187976837158,3.40625,3.46875,2.0882105827331543,9905600,,
1998-8-21,3.441406011581421,3.445312976837158,3.203125,3.359375,2.022366523742676,22886400,,
1998-8-24,3.375,3.390625,3.265625,3.375,2.031773328781128,9830400,,
1998-8-25,3.390625,3.425781011581421,3.253906011581421,3.335937976837158,2.00825834274292,14051200,,
1998-8-26,3.28125,3.296875,3.210937976837158,3.21875,1.9377095699310303,9516800,,
1998-8-27,3.164062976837158,3.1875,3.003906011581421,3.066406011581421,1.8459973335266113,33761600,,
1998-8-28,3.109375,3.125,2.835937976837158,2.878906011581421,1.7331210374832153,31979200,,
1998-8-31,2.929687976837158,2.984375,2.71875,2.746093988418579,1.653167963027954,31833600,,
1998-9-1,2.761718988418579,3.023437976837158,2.5625,2.972656011581421,1.7895596027374268,31872000,,
1998-9-2,3.03125,3.039062976837158,2.894531011581421,2.953125,1.7778027057647705,23657600,,
1998-9-3,2.929687976837158,2.9375,2.75,2.753906011581421,1.657870888710022,35900800,,
1998-9-4,2.804687976837158,2.867187976837158,2.558593988418579,2.660156011581421,1.601432204246521,38899200,,
1998-9-8,2.851562976837158,3.117187976837158,2.800781011581421,3.0625,1.8436468839645386,35086400,,
1998-9-9,2.984375,3.171875,2.980468988418579,3.09375,1.8624589443206787,29355200,,
1998-9-10,2.921875,2.945312976837158,2.625,2.78125,1.6743319034576416,71860800,,
1998-9-11,2.773437976837158,2.914062976837158,2.753906011581421,2.84375,1.7119568586349487,19172800,,
1998-9-14,2.875,3,2.863281011581421,2.890625,1.7401769161224365,15889600,,
1998-9-15,2.90625,3.015625,2.890625,2.980468988418579,1.7942628860473633,8011200,,
1998-9-16,3.007812976837158,3.070312976837158,2.90625,2.96875,1.7872072458267212,15736000,,
1998-9-17,2.84375,3.046875,2.769531011581421,2.9375,1.7683955430984497,29329600,,
1998-9-18,2.941406011581421,3.007812976837158,2.921875,3.003906011581421,1.8083720207214355,12556800,,
1998-9-21,2.929687976837158,3.113281011581421,2.875,3.089843988418579,1.8601075410842896,13676800,,
1998-9-22,3.148437976837158,3.226562976837158,3.09375,3.152343988418579,1.8977328538894653,19870400,,
1998-9-23,3.1875,3.261718988418579,3.140625,3.207031011581421,1.930655598640442,21174400,,
1998-9-24,3.15625,3.214843988418579,2.964843988418579,3.011718988418579,1.8537181615829468,16096000,0.070313,
1998-9-25,2.890625,3.226562976837158,2.867187976837158,3.1875,1.9619112014770508,32470400,,
1998-9-28,3.226562976837158,3.289062976837158,3.042968988418579,3.0625,1.8849742412567139,15286400,,
1998-9-29,3.101562976837158,3.117187976837158,2.96875,3.03125,1.8657389879226685,16905600,,
1998-9-30,2.984375,3,2.921875,2.996093988418579,1.8441004753112793,11825600,,
1998-10-1,2.921875,2.996093988418579,2.835937976837158,2.902343988418579,1.7863967418670654,17176000,,
1998-10-2,2.921875,2.976562976837158,2.789062976837158,2.976562976837158,1.832078218460083,17041600,,
1998-10-5,2.890625,2.949218988418579,2.648437976837158,2.742187976837158,1.6878219842910767,41467200,,
1998-10-6,2.824218988418579,2.875,2.746093988418579,2.761718988418579,1.6998428106307983,20108800,,
1998-10-7,2.78125,2.828125,2.601562976837158,2.679687976837158,1.6493525505065918,17353600,,
1998-10-8,2.578125,2.589843988418579,2.359375,2.445312976837158,1.5050932168960571,46729600,,
1998-10-9,2.492187976837158,2.578125,2.4375,2.558593988418579,1.5748183727264404,28046400,,
1998-10-12,2.675781011581421,2.765625,2.613281011581421,2.628906011581421,1.6180951595306396,16947200,,
1998-10-13,2.625,2.6875,2.5625,2.59375,1.5964570045471191,14984000,,
1998-10-14,2.621093988418579,2.90625,2.546875,2.847656011581421,1.7527365684509277,40408000,,
1998-10-15,2.828125,3.007812976837158,2.789062976837158,2.992187976837158,1.8416963815689087,27352000,,
1998-10-16,3.023437976837158,3.054687976837158,2.859375,2.96875,1.827269434928894,24107200,,
1998-10-19,2.976562976837158,2.984375,2.921875,2.96875,1.827269434928894,10051200,,
1998-10-20,3.023437976837158,3.25,3,3.085937976837158,1.8993995189666748,36667200,,
1998-10-21,3.105468988418579,3.246093988418579,3.09375,3.234375,1.990762710571289,22296000,,
1998-10-22,3.226562976837158,3.304687976837158,3.125,3.199218988418579,1.9691240787506104,19022400,,
1998-10-23,3.203125,3.429687976837158,3.199218988418579,3.390625,2.086935520172119,27371200,,
1998-10-26,3.414062976837158,3.4375,3.304687976837158,3.40625,2.096552610397339,14883200,,
1998-10-27,3.4375,3.519531011581421,3.328125,3.355468988418579,2.0652964115142822,18417600,,
1998-10-28,3.242187976837158,3.507812976837158,3.117187976837158,3.457031011581421,2.127807378768921,48809600,,
1998-10-29,3.4375,3.496093988418579,3.375,3.421875,2.1061694622039795,17555200,,
1998-10-30,3.460937976837158,3.5,3.414062976837158,3.476562976837158,2.1398301124572754,17868800,,
1998-11-2,3.523437976837158,3.75,3.515625,3.644531011581421,2.2432148456573486,42923200,,
1998-11-3,3.683593988418579,3.75,3.546875,3.601562976837158,2.2167677879333496,34891200,,
1998-11-4,3.664062976837158,3.675781011581421,3.378906011581421,3.4375,2.1157851219177246,107624000,,
1998-11-5,3.5,3.59375,3.492187976837158,3.539062976837158,2.178297996520996,44193600,,
1998-11-6,3.570312976837158,3.605468988418579,3.546875,3.558593988418579,2.1903200149536133,19228800,,
1998-11-9,3.5625,3.589843988418579,3.488281011581421,3.539062976837158,2.178297996520996,14476800,,
1998-11-10,3.546875,3.585937976837158,3.496093988418579,3.554687976837158,2.1879162788391113,19299200,,
1998-11-11,3.625,3.632812976837158,3.40625,3.425781011581421,2.108574390411377,24054400,,
1998-11-12,3.4375,3.476562976837158,3.382812976837158,3.449218988418579,2.1229989528656006,12400000,,
1998-11-13,3.445312976837158,3.46875,3.414062976837158,3.429687976837158,2.1109774112701416,7676800,,
1998-11-16,3.4375,3.457031011581421,3.375,3.390625,2.086935520172119,14800000,,
1998-11-17,3.394531011581421,3.523437976837158,3.324218988418579,3.441406011581421,2.1181912422180176,14784000,,
1998-11-18,3.460937976837158,3.601562976837158,3.453125,3.589843988418579,2.2095541954040527,25854400,,
1998-11-19,3.605468988418579,3.648437976837158,3.453125,3.46875,2.1350200176239014,27828800,,
1998-11-20,3.53125,3.5625,3.453125,3.460937976837158,2.1302127838134766,14158400,,
1998-11-23,3.484375,3.558593988418579,3.476562976837158,3.539062976837158,2.178297996520996,13398400,,
1998-11-24,3.53125,3.574218988418579,3.40625,3.433593988418579,2.11338210105896,18131200,,
1998-11-25,3.46875,3.476562976837158,3.378906011581421,3.4375,2.1157851219177246,10084800,,
1998-11-27,3.460937976837158,3.460937976837158,3.402343988418579,3.433593988418579,2.11338210105896,3409600,,
1998-11-30,3.4375,3.5,3.375,3.429687976837158,2.1109774112701416,12921600,,
1998-12-1,3.40625,3.421875,3.328125,3.386718988418579,2.0845303535461426,14590400,,
1998-12-2,3.367187976837158,3.410156011581421,3.328125,3.375,2.0773181915283203,13718400,,
1998-12-3,3.378906011581421,3.421875,3.335937976837158,3.367187976837158,2.072509288787842,13505600,,
1998-12-4,3.386718988418579,3.402343988418579,3.34375,3.371093988418579,2.07491397857666,12248000,,
1998-12-7,3.382812976837158,3.519531011581421,3.273437976837158,3.332031011581421,2.050870895385742,27315200,,
1998-12-8,3.328125,3.335937976837158,3.140625,3.15625,1.9426767826080322,45696000,,
1998-12-9,3.203125,3.234375,3.175781011581421,3.203125,1.97152841091156,20265600,,
1998-12-10,3.179687976837158,3.25,3.105468988418579,3.210937976837158,1.9763370752334595,23188800,,
1998-12-11,3.210937976837158,3.265625,3.148437976837158,3.261718988418579,2.007594108581543,16993600,,
1998-12-14,3.238281011581421,3.242187976837158,3.0625,3.070312976837158,1.8897823095321655,18513600,,
1998-12-15,3.140625,3.265625,3.109375,3.230468988418579,1.9883595705032349,25577600,,
1998-12-16,3.246093988418579,3.320312976837158,3.207031011581421,3.25,2.0003795623779297,22380800,,
1998-12-17,3.238281011581421,3.28125,3.1875,3.273437976837158,2.0148067474365234,9611200,,
1998-12-18,3.289062976837158,3.289062976837158,3.125,3.136718988418579,1.930655837059021,16427200,,
1998-12-21,3.164062976837158,3.25,3.140625,3.21875,1.9811456203460693,19916800,,
1998-12-22,3.210937976837158,3.246093988418579,3.15625,3.179687976837158,1.9571034908294678,12780800,,
1998-12-23,3.203125,3.25,3.183593988418579,3.226562976837158,1.9859551191329956,10888000,,
1998-12-24,3.203125,3.226562976837158,3.171875,3.191406011581421,1.9643152952194214,3291200,,
1998-12-28,3.210937976837158,3.265625,3.1875,3.242187976837158,1.9955710172653198,12704000,,
1998-12-29,3.242187976837158,3.25,3.207031011581421,3.230468988418579,1.9883595705032349,8430400,,
1998-12-30,3.242187976837158,3.242187976837158,3.171875,3.207031011581421,1.9739328622817993,10958400,,
1998-12-31,3.203125,3.238281011581421,3.164062976837158,3.238281011581421,1.9931674003601074,13241600,,
1999-1-4,3.277343988418579,3.511718988418579,3.265625,3.464843988418579,2.1326169967651367,38713600,,
1999-1-5,3.5,3.589843988418579,3.398437976837158,3.570312976837158,2.197533369064331,27603200,,
1999-1-6,3.660156011581421,3.71875,3.59375,3.714843988418579,2.2864925861358643,59651200,,
1999-1-7,3.625,3.746093988418579,3.617187976837158,3.746093988418579,2.3057260513305664,32401600,,
1999-1-8,3.753906011581421,3.84375,3.726562976837158,3.765625,2.3177490234375,41897600,,
1999-1-11,3.789062976837158,3.890625,3.765625,3.875,2.3850677013397217,32193600,,
1999-1-12,3.894531011581421,3.921875,3.734375,3.804687976837158,2.3417909145355225,26548800,,
1999-1-13,3.6875,3.797852039337158,3.554687976837158,3.679687976837158,2.2648532390594482,29102400,,
1999-1-14,3.730468988418579,3.929687976837158,3.71875,3.785156011581421,2.329768657684326,38238400,,
1999-1-15,3.833008050918579,4.058594226837158,3.796875,3.992187976837158,2.457197904586792,50884800,,
1999-1-19,3.984375,4.171875,3.90625,4.15625,2.558178663253784,53657600,,
1999-1-20,4.035155773162842,4.226562976837158,3.8125,3.875,2.3850677013397217,100614400,,
1999-1-21,3.871093988418579,3.902343988418579,3.671875,3.71875,2.2888951301574707,33467200,,
1999-1-22,3.65625,3.851562976837158,3.632812976837158,3.6875,2.2696621417999268,26424000,,
1999-1-25,3.703125,3.78125,3.59375,3.632812976837158,2.23600172996521,19984000,,
1999-1-26,3.804687976837158,3.804687976837158,3.609375,3.75,2.308131217956543,21844800,,
1999-1-27,3.78125,3.832031011581421,3.695312976837158,3.695312976837158,2.274470329284668,13889600,,
1999-1-28,3.765625,4.046875,3.75,4.023437976837158,2.4764320850372314,29947200,,
1999-1-29,4.03125,4.171875,4,4.113280773162842,2.5317306518554688,37928000,,
1999-2-1,4.109375,4.148437976837158,3.859375,3.960937976837158,2.4379637241363525,24654400,,
1999-2-2,3.984375,4.042969226837158,3.84375,3.914062976837158,2.4091124534606934,18457600,,
1999-2-3,3.875,4.203125,3.835937976837158,4.164062976837158,2.5629875659942627,46507200,,
1999-2-4,4.15625,4.160155773162842,4.03125,4.089844226837158,2.517305374145508,33529600,,
1999-2-5,4.0625,4.25,3.890625,4.191405773162842,2.5798161029815674,32184000,,
1999-2-8,4.1875,4.371094226837158,4.15625,4.359375,2.6832022666931152,47929600,,
1999-2-9,4.351562976837158,4.359375,4.203125,4.246094226837158,2.6134772300720215,44377600,,
1999-2-10,4.234375,4.304687976837158,4.03125,4.15625,2.558178663253784,30961600,,
1999-2-11,4.179687976837158,4.3125,4.171875,4.257812976837158,2.6206912994384766,24846400,,
1999-2-12,4.25,4.273437976837158,4.132812976837158,4.183594226837158,2.5750088691711426,21841600,,
1999-2-16,4.242187976837158,4.328125,4.1875,4.210937976837158,2.5918385982513428,16444800,,
1999-2-17,4.1875,4.289062976837158,4.0625,4.066405773162842,2.5028789043426514,20990400,,
1999-2-18,4.125,4.164062976837158,3.945312976837158,3.994141101837158,2.458399772644043,31611200,,
1999-2-19,4.0625,4.070312976837158,3.9375,4.054687976837158,2.495666742324829,15352000,,
1999-2-22,4.121094226837158,4.484375,4.109375,4.460937976837158,2.7457149028778076,56350400,,
1999-2-23,4.46875,4.609375,4.390625,4.601562976837158,2.8322691917419434,57692800,,
1999-2-24,4.609375,4.722655773162842,4.480469226837158,4.546875,2.798609972000122,65460800,,
1999-2-25,4.5,4.546875,4.46875,4.546875,2.798609972000122,28604800,,
1999-2-26,4.5625,4.5625,4.460937976837158,4.5625,2.8082258701324463,27078400,,
1999-3-1,4.546875,4.632812976837158,4.445312976837158,4.523437976837158,2.7841832637786865,13780800,,
1999-3-2,4.5625,4.6875,4.507812976837158,4.609375,2.8370778560638428,22120000,,
1999-3-3,4.621094226837158,4.6875,4.53125,4.570312976837158,2.813035011291504,25624000,,
1999-3-4,4.582030773162842,4.679687976837158,4.5625,4.652344226837158,2.863525629043579,27012800,,
1999-3-5,4.6875,4.789062976837158,4.679687976837158,4.785155773162842,2.9452707767486572,44340800,,
1999-3-8,4.8125,4.90625,4.78125,4.859375,2.990952730178833,26275200,,
1999-3-9,4.875,5.015625,4.84375,4.984375,3.0678906440734863,29440000,,
1999-3-10,4.945312976837158,5.027344226837158,4.917969226837158,4.976562976837158,3.0630812644958496,20126400,,
1999-3-11,4.976562976837158,5.050780773162842,4.953125,5.023437976837158,3.091935634613037,18665600,,
1999-3-12,5,5.039062976837158,4.757812976837158,4.828125,2.9717180728912354,24486400,,
1999-3-15,4.851562976837158,5.128905773162842,4.800780773162842,5.128905773162842,3.1568503379821777,29947200,,
1999-3-16,5.132812976837158,5.144530773162842,4.976562976837158,5.054687976837158,3.11116886138916,19979200,,
1999-3-17,5.050780773162842,5.054687976837158,4.957030773162842,5.007812976837158,3.0823161602020264,8761600,,
1999-3-18,4.996094226837158,5.15625,4.960937976837158,5.128905773162842,3.1568503379821777,16806400,,
1999-3-19,5.171875,5.363280773162842,5.015625,5.285155773162842,3.253021478652954,32552000,,
1999-3-22,5.328125,5.640625,5.285155773162842,5.476562976837158,3.3708338737487793,33827200,,
1999-3-23,5.507812976837158,5.507812976837158,5.015625,5.132812976837158,3.159254789352417,39398400,,
1999-3-24,5.1875,5.464844226837158,5.082030773162842,5.460937976837158,3.361215114593506,23873600,,
1999-3-25,5.960937976837158,6.160155773162842,5.90625,6.152344226837158,3.7867774963378906,151515200,,
1999-3-26,6.101562976837158,7.496094226837158,6.101562976837158,6.972655773162842,4.2916789054870605,210268800,,
1999-3-29,7.265625,7.310546875,6.78125,7.183594226837158,4.421513080596924,60611200,,
1999-3-30,7.109375,7.574219226837158,7.023437976837158,7.3125,4.500853538513184,44193600,,
1999-3-31,7.5,7.859375,7.378905773162842,7.773437976837158,4.7845635414123535,48187200,,
1999-4-1,7.90625,8.648438453674316,7.90625,8.5625,5.270234107971191,81382400,,
1999-4-5,8.98828125,9.703125,8.625,9.304688453674316,5.727051258087158,75632000,,
1999-4-6,9.273438453674316,9.640625,8.78125,9.12109375,5.614049911499023,57796800,,
1999-4-7,9.1875,9.242188453674316,8.125,8.65625,5.327934265136719,84753600,,
1999-4-8,8.64453125,9.515625,8.546875,9.273438453674316,5.7078166007995605,67347200,,
1999-4-9,9.132813453674316,9.328125,8.976563453674316,9.09765625,5.599621772766113,23556800,,
1999-4-12,8.898438453674316,10.07421875,8.87890625,10.054688453674316,6.188676357269287,66414400,,
1999-4-13,10.164063453674316,10.953125,10.0625,10.609375,6.530086994171143,92947200,,
1999-4-14,10.921875,11.0625,9.80078125,9.87109375,6.075672149658203,55622400,,
1999-4-15,10.4375,10.5,8.75,9.859375,6.068461894989014,98865600,,
1999-4-16,10.14453125,10.14453125,8.90234375,8.90625,5.481811046600342,46470400,,
1999-4-19,8.86328125,8.86328125,7.757812976837158,7.789062976837158,4.794179439544678,97537600,,
1999-4-20,7.75,8.921875,7.6875,8.789063453674316,5.409682750701904,49244800,,
1999-4-21,10.890625,12.375,10.484375,12.19140625,7.503827095031738,196297600,,
1999-4-22,12.101563453674316,12.40625,11.421875,12.08984375,7.441316604614258,76785600,,
1999-4-23,11.789063453674316,12.195313453674316,11.40625,11.929688453674316,7.3427414894104,44044800,,
1999-4-26,11.851563453674316,13.65625,11.8125,12.71875,7.828413009643555,72328000,,
1999-4-27,12.601563453674316,12.773438453674316,12.125,12.31640625,7.580766201019287,44848000,,
1999-4-28,12.15625,12.640625,11.75,11.90234375,7.325907230377197,30510400,,
1999-4-29,11.8125,12.554688453674316,11.59375,12.390625,7.62645149230957,41712000,,
1999-4-30,12.5625,13.0625,12.0625,12.5,7.693767547607422,41913600,,
1999-5-3,13.023438453674316,13.765625,12.9375,13.648438453674316,8.400633811950684,58996800,,
1999-5-4,13.40234375,13.6875,13.03125,13.117188453674316,8.073649406433105,32337600,,
1999-5-5,13.148438453674316,14.070313453674316,12.62109375,14.039063453674316,8.641064643859863,49744000,,
1999-5-6,14.0625,14.34375,13.4375,13.50390625,8.311675071716309,46577600,,
1999-5-7,13.796875,14.046875,12.8125,13.515625,8.318888664245605,44038400,,
1999-5-10,13.671875,13.875,13.132813453674316,13.25,8.155394554138184,34020800,,
1999-5-11,13.65625,13.78125,13.0625,13.6875,8.424677848815918,28200000,,'2:1'
1999-5-12,13.898438453674316,14.734375,13.375,14.570313453674316,8.96805191040039,39492800,,
1999-5-13,14.8125,14.96875,14.375,14.382813453674316,8.852643013000488,27896000,,
1999-5-14,13.90625,14.265625,13.625,14,8.617021560668945,23609600,,
1999-5-17,13.796875,14,12.796875,13.59375,8.366973876953125,37836000,,
1999-5-18,13.164063453674316,13.625,12.84375,12.898438453674316,7.939009189605713,32167200,,
1999-5-19,13.046875,13.1875,12.25,12.921875,7.9534382820129395,40083200,,
1999-5-20,13.09375,13.320313453674316,12.75,12.78125,7.866878986358643,20312800,,
1999-5-21,13.039063453674316,13.0625,12.375,12.539063453674316,7.717812538146973,14789600,,
1999-5-24,12.5625,12.734375,11.359375,11.59375,7.13597297668457,29304000,,
1999-5-25,11.375,12.078125,11.3125,11.445313453674316,7.044610023498535,37589600,,
1999-5-26,11.710938453674316,12.414063453674316,10.757813453674316,12.351563453674316,7.602409839630127,33976000,,
1999-5-27,12.132813453674316,12.40625,11.53125,12.046875,7.414872646331787,30551200,,
1999-5-28,12.25,12.328125,12.023438453674316,12.15625,7.482191562652588,14150400,,
1999-6-1,12.359375,12.367188453674316,11.6875,11.742188453674316,7.227336883544922,16706400,,
1999-6-2,11.46875,12.375,11.328125,12.359375,7.607213973999023,22845600,,
1999-6-3,12.78125,13.414063453674316,12.625,12.757813453674316,7.852456569671631,42983200,,
1999-6-4,12.992188453674316,13.765625,12.90625,13.742188453674316,8.458335876464844,29068800,,
1999-6-7,13.625,14.023438453674316,13.375,13.695313453674316,8.429488182067871,22542400,,
1999-6-8,13.859375,13.9375,13.046875,13.109375,8.068842887878418,17099200,,
1999-6-9,13.3125,13.695313453674316,13.25,13.6875,8.424677848815918,14969600,,
1999-6-10,13.609375,13.921875,13.5625,13.84375,8.520849227905273,18796000,,
1999-6-11,13.84375,14.203125,13.4375,13.59375,8.366973876953125,16758400,,
1999-6-14,13.78125,13.867188453674316,12.84375,12.84375,7.905346393585205,15163200,,
1999-6-15,12.8125,14.234375,12.648438453674316,14.210938453674316,8.746855735778809,24366400,,
1999-6-16,14.34375,14.84375,14.34375,14.804688453674316,9.112308502197266,32735200,,
1999-6-17,14.625,15,14.390625,14.992188453674316,9.227714538574219,19223200,,
1999-6-18,14.625,16.25,14.59375,16.21875,9.982666015625,55141600,,
1999-6-21,16.125,16.328125,15.632813453674316,16.3125,10.04036808013916,29219200,,
1999-6-22,16.109375,17.1875,16.078125,16.328125,10.049986839294434,38646400,,
1999-6-23,16.2109375,16.875,16.1875,16.734375,10.300033569335938,20480000,,
1999-6-24,16.8515625,16.875,15.898438453674316,15.96875,9.828790664672852,21212000,,
1999-6-25,16.109375,16.40625,15.625,15.84375,9.751852989196777,17822400,,
1999-6-28,16.1015625,16.875,15.640625,16.8125,10.348118782043457,15676000,,
1999-6-29,16.8203125,17.1640625,16.59375,17.125,10.540468215942383,20174400,,
1999-6-30,17.0078125,18.2421875,16.8828125,17.9375,11.040558815002441,37519200,,
1999-7-1,18,18.375,17.4375,17.46875,10.752043724060059,26896800,,
1999-7-2,17.875,18.2109375,17.515625,18.03125,11.09826374053955,20079200,,
1999-7-6,18.2734375,18.78125,17.6875,17.78125,10.944389343261719,31608800,,
1999-7-7,17.96875,18.09375,17.328125,17.4296875,10.72800350189209,46773600,,
1999-7-8,17.390625,17.875,17.296875,17.78125,10.944389343261719,22009600,,
1999-7-9,19.1875,19.203125,18.4140625,18.59375,11.444479942321777,50617600,,
1999-7-12,18.890625,19,18.28125,18.4296875,11.34350872039795,27400800,,
1999-7-13,17.875,18.171875,17.453125,18.046875,11.107879638671875,21477600,,
1999-7-14,18.3359375,18.859375,18.125,18.6953125,11.50699234008789,17785600,,
1999-7-15,18.96875,19.203125,18.75,19.12109375,11.769061088562012,21162400,,
1999-7-16,19.1796875,19.984375,19.0625,19.78125,12.175389289855957,37693600,,
1999-7-19,20.171875,20.5546875,19.2578125,19.8359375,12.209044456481934,44417600,,
1999-7-20,20.21875,20.90625,19.5625,20.3671875,12.536041259765625,77368000,,
1999-7-21,20.5,20.5,19.5,19.578125,12.050368309020996,100947200,,
1999-7-22,19.46875,19.5625,18.34375,18.8125,11.579117774963379,56054400,,
1999-7-23,18.9140625,19.5625,18.875,19.3359375,11.901299476623535,38781600,,
1999-7-26,18.96875,19.34375,18.59375,19.078125,11.74261474609375,28670400,,
1999-7-27,19.3984375,19.46875,19.0625,19.296875,11.877256393432617,31259200,,
1999-7-28,19.171875,19.9921875,19.1328125,19.96875,12.290799140930176,24476000,,
1999-7-29,19.609375,19.78125,19.34375,19.546875,12.03112506866455,24801600,,
1999-7-30,19.578125,19.75,18.9375,19.5,12.002279281616211,19856000,,
1999-8-2,19.40625,19.59375,18.765625,19.0625,11.732994079589844,19630400,,
1999-8-3,19.1796875,19.1875,17.125,17.5,10.771280288696289,71893600,,
1999-8-4,17.734375,18.15625,17.671875,17.8046875,10.95881175994873,57937600,,
1999-8-5,17.953125,18.09375,16.984375,17.8984375,11.016518592834473,46039200,,
1999-8-6,17.75,18.626953125,17.6875,18.46875,11.36754322052002,28088000,,
1999-8-9,18.59375,18.7421875,18.234375,18.4296875,11.34350872039795,17400000,,
1999-8-10,18.2421875,18.484375,17.625,18.453125,11.35792350769043,48811200,,
1999-8-11,18.484375,18.75,18.0390625,18.71875,11.521425247192383,22624800,,
1999-8-12,18.6875,19.234375,18.59375,18.875,11.617592811584473,29253600,,
1999-8-13,19.1328125,20,19.09375,20,12.31002426147461,24576000,,
1999-8-16,20.046875,20.4296875,19.75,20.21875,12.444673538208008,20960800,,
1999-8-17,20.4765625,21.7109375,20.46875,21.6328125,13.315033912658691,39671200,,
1999-8-18,21.234375,21.796875,20.796875,20.8125,12.810124397277832,29160800,,
1999-8-19,20.3125,21.09375,20.25,20.59375,12.675480842590332,21305600,,
1999-8-20,20.671875,21.8828125,20.59375,21.8671875,13.459291458129883,29739200,,
1999-8-23,22.046875,23,21.96875,22.9296875,14.113255500793457,26557600,,
1999-8-24,22.71875,22.84375,22.25,22.375,13.77184772491455,29850400,,
1999-8-25,22.75,23.828125,22.4609375,23.75,14.618155479431152,26909600,,
1999-8-26,23.65625,24.828125,23.2734375,23.84375,14.675862312316895,34950400,,
1999-8-27,24.125,24.484375,22.921875,22.96875,14.137299537658691,31424000,,
1999-8-30,23.4921875,23.5078125,22.5,22.875,14.079596519470215,23143200,,
1999-8-31,23.078125,24.234375,22.75,24.0234375,14.786457061767578,31839200,,
1999-9-1,23.4375,23.59375,20.640625,21.0859375,12.978422164916992,194933600,,
1999-9-2,20.1953125,21.609375,19.65625,20.90625,12.867833137512207,121016800,,
1999-9-3,21.6015625,21.625,20.03125,20.421875,12.569692611694336,62366400,,
1999-9-7,20.4375,21.125,20.21875,20.7265625,12.757229804992676,42132000,,
1999-9-8,20.6328125,21.484375,20.375,20.984375,12.915910720825195,35501600,,
1999-9-9,21.34375,21.4296875,20.283203125,20.765625,12.781278610229492,34472800,,
1999-9-10,21.03125,21.0625,20.5,20.7109375,12.7476167678833,24034400,,
1999-9-13,19.9375,20,19.03515625,19.171875,11.800318717956543,77348000,,
1999-9-14,19.7734375,21.7109375,19.7734375,21.3125,13.117877960205078,120692000,,
1999-9-15,21.78125,22.28125,20.921875,21.734375,13.377548217773438,61736000,,
1999-9-16,21.6875,22.703125,21.5,22.484375,13.83917236328125,53188800,,
1999-9-17,22.625,23.7578125,22.53125,23.7421875,14.613356590270996,52569600,,
1999-9-20,23.46875,23.765625,23.046875,23.5,14.464284896850586,21517600,,
1999-9-21,23.1328125,23.34375,22.75,22.7890625,14.026707649230957,25990400,,
1999-9-22,22.96875,23.796875,22.5703125,23.765625,14.627777099609375,30475200,,
1999-9-23,23.8984375,24.875,22.859375,23.328125,14.358494758605957,52252000,,
1999-9-24,23.34375,24.125,22.96875,23.6875,14.579696655273438,40697600,,
1999-9-27,24.203125,24.6796875,24.046875,24.1640625,14.873024940490723,27277600,,
1999-9-28,23.328125,24.5625,23.21875,24.203125,14.897067070007324,38868000,,
1999-9-29,24.140625,24.3125,23.140625,23.46875,14.445058822631836,25724000,,
1999-9-30,23.46875,24.265625,22.6640625,23.6484375,14.555656433105469,35874400,,
1999-10-1,23.421875,23.5546875,22.84375,23.3515625,14.372925758361816,21776800,,
1999-10-4,23.625,23.75,23.046875,23.73046875,14.606139183044434,18584800,,
1999-10-5,23.8359375,24.5625,23.8359375,24.34375,14.983607292175293,35221600,,
1999-10-6,24.59375,26.0625,24.34375,25.5390625,15.71933650970459,53060000,,
1999-10-7,26.03125,26.0625,24.6875,25.0703125,15.430822372436523,34461600,,
1999-10-8,25.15625,26.8125,25.15625,26.7421875,16.459856033325195,42052000,,
1999-10-11,26.640625,28.0859375,26.625,27.8125,17.118640899658203,40125600,,
1999-10-12,27.78125,27.8125,26.4296875,26.5078125,16.31559944152832,37512800,,
1999-10-13,26.5625,27.15625,25.203125,25.54296875,15.721738815307617,58283200,,
1999-10-14,24.9453125,25.57421875,24,25.50390625,15.6976957321167,71625600,,
1999-10-15,24.390625,25.40625,23.890625,24.8125,15.272133827209473,46405600,,
1999-10-18,24.4375,24.546875,23.625,24.4609375,15.05573844909668,35796800,,
1999-10-19,25.109375,25.7109375,24.375,24.75,15.233663558959961,41896800,,
1999-10-20,25.1796875,25.296875,24.56640625,25.2890625,15.565458297729492,27703200,,
1999-10-21,24.875,27.109375,24.7109375,26.9609375,16.594501495361328,35216000,,
1999-10-22,27.53125,28.21875,26.3828125,26.96875,16.59930992126465,39022400,,
1999-10-25,27.03125,27.4609375,26.265625,26.390625,16.24347496032715,23416800,,
1999-10-26,26.984375,27.15625,25.921875,25.96875,15.983809471130371,18317600,,
1999-10-27,26.3515625,26.3515625,25.4375,26.015625,16.012653350830078,20225600,,
1999-10-28,26.640625,27.25,26.0625,27.25,16.77242088317871,28864000,,
1999-10-29,27.625,28.296875,27.171875,27.84375,17.137874603271484,35095200,,
1999-11-1,27.6953125,28.6953125,27.5,28.1484375,17.32540512084961,32648000,,
1999-11-2,28.6875,28.6875,27.40625,28.1015625,17.296560287475586,39400000,,
1999-11-3,31.109375,32.59375,30.125,32.5625,20.042264938354492,113090400,,
1999-11-4,33.5859375,33.6328125,32.203125,32.9921875,20.306745529174805,53275200,,
1999-11-5,34.09375,37.359375,33.8828125,36.796875,22.64853286743164,92534400,,
1999-11-8,36.8125,36.984375,35.75,36.171875,22.26384735107422,47781600,,
1999-11-9,37.625,38.25,36.28125,37.4765625,23.0668888092041,48782400,,
1999-11-10,37.8125,41.03125,37.2734375,39.9453125,24.58639907836914,76672800,,
1999-11-11,40.7578125,43.25,40.25,43.1875,26.58197021484375,72888000,,
1999-11-12,44.328125,49.4375,43.75,47.25,29.08245849609375,145692000,,
1999-11-15,48.78125,50.765625,43.75,46,28.313074111938477,131190400,,
1999-11-16,45.873046875,46.6875,44.375,45.6875,28.120731353759766,71872000,,
1999-11-17,45.5625,46.0625,41,42.859375,26.380022048950195,115020800,,
1999-11-18,42.96875,45.375,41.25,44.4765625,27.37538719177246,60215200,,
1999-11-19,44.5859375,46.125,43.625,45.8828125,28.240955352783203,41789600,,
1999-11-22,45.6875,45.75,44.5859375,45,27.697561264038086,27664800,,
1999-11-23,45.0625,45.7421875,43.09375,45.03125,27.71680450439453,38456000,,
1999-11-24,44.96875,47.015625,44.25,46.9140625,28.875688552856445,34574400,,
1999-11-26,47.6484375,48.796875,47.375,48.09375,29.60178565979004,18361600,,
1999-11-29,47.8125,48.71875,46.25,46.40625,28.563121795654297,30764800,,
1999-11-30,46.375,47.25,44.90625,45.2890625,27.87548828125,33812800,,
1999-12-1,45.4375,46.03125,44.375,45.515625,28.01494598388672,25880800,,
1999-12-2,46.0625,46.84375,45.3125,46.75,28.774694442749023,26660000,,
1999-12-3,47.625,49.0625,47.3828125,48.0546875,29.577730178833008,31661600,,
1999-12-6,48.4296875,50.171875,48.125,49.34375,30.37116050720215,39209600,,
1999-12-7,49.96875,50.9375,49.4375,49.859375,30.68852424621582,32708000,,
1999-12-8,49.515625,50.875,48.59375,48.65625,29.94799041748047,30504000,,
1999-12-9,50,50.1171875,47.4375,49.375,30.3903865814209,24025600,,
1999-12-10,49.5,50.109375,47.9921875,48.9375,30.1210994720459,26709600,,
1999-12-13,49.125,52.4375,48.75,52.1953125,32.12629318237305,47453600,,
1999-12-14,52.5,54.703125,51.75,52.65625,32.40999984741211,47085600,,
1999-12-15,51.767578125,53.140625,50.625,52.8984375,32.55907440185547,38286400,,
1999-12-16,53.9375,55,53,54.90625,33.794883728027344,27794400,,
1999-12-17,56.625,57,55.25,56.875,35.006656646728516,40534400,,
1999-12-20,56.984375,59.9375,56.453125,58.3515625,35.91547393798828,45477600,,
1999-12-21,59.9453125,62.609375,59.875,62.109375,38.22840881347656,50101600,,
1999-12-22,64.9375,65.265625,60.625,60.6796875,37.34843826293945,56937600,,
1999-12-23,59.84375,59.875,58.0546875,58.3125,35.89143753051758,43408800,,
1999-12-27,59.78125,65.015625,57.28125,64.1796875,39.5026969909668,50074400,,
1999-12-28,65.970703125,66.0625,58.75,62.875,38.69966125488281,39803200,,
1999-12-29,70.359375,82.7578125,70,82.375,50.70192337036133,118083200,,
1999-12-30,92,92.515625,79.8671875,80.875,49.77869415283203,129003200,,
1999-12-31,85.5,90.5625,83.625,88.0625,54.202598571777344,72674200,,'4:1'
2000-1-3,99.625,100,87,89.65625,55.18357467651367,91334000,,
2000-1-4,86.28125,87.65625,80,81.03125,49.87486267089844,63567400,,
2000-1-5,79.9375,81.625,69.5,78.21875,48.14377212524414,93778400,,
2000-1-6,74.25,78,69.875,70.03125,43.10432434082031,58782600,,
2000-1-7,67,75.25,66.4609375,75,46.16261672973633,68198600,,
2000-1-10,81,81.5,76.25,79.6875,49.04777526855469,35360800,,
2000-1-11,78,78.9375,70.75,72.21875,44.45076370239258,30575800,,
2000-1-12,72.5,73.75,68.03125,69.125,42.546539306640625,34455600,,
2000-1-13,72.1875,72.8125,68.8125,71.5625,44.046852111816406,25146800,,
2000-1-14,73.8125,74.46875,69.75,70.21875,43.21974563598633,26209200,,
2000-1-18,68.71875,70.625,67.5,69.53125,42.79658889770508,28503000,,
2000-1-19,68.5625,73.5,68.5,73.3125,45.12395477294922,30728400,,
2000-1-20,74.625,78,73.5625,77.8125,47.8936882019043,39224000,,
2000-1-21,79.125,80.21875,75.5,77.46875,47.682125091552734,34955000,,
2000-1-24,77.875,78.5,69.8125,70.03125,43.10432434082031,32170600,,
2000-1-25,71.8125,74.96875,70,74.5,45.8548583984375,39671400,,
2000-1-26,64.5,65.4375,60,62.3125,38.35343551635742,136953200,,
2000-1-27,63.34375,64,58.6875,60,36.93009948730469,62571000,,
2000-1-28,60.53125,60.6875,52.8125,55.28125,34.025691986083984,85675000,,
2000-1-31,56.3125,63.75,56.09375,63.5,39.08436584472656,80518000,,
2000-2-1,65.75,70,65.4609375,68.03125,41.87333679199219,69648400,,
2000-2-2,68.4375,72.75,68,71.03125,43.71984100341797,57368200,,
2000-2-3,72.5625,74,66,69.59375,42.83506393432617,52571000,,
2000-2-4,70.9375,70.9375,67.5,68.71875,42.29650115966797,30028800,,
2000-2-7,67.21875,67.625,65.125,66.71875,41.06547927856445,20868400,,
2000-2-8,66.75,69.8125,66.71875,69.53125,42.79658889770508,21450800,,
2000-2-9,69.75,70,66.5,66.65625,41.027034759521484,20141200,,
2000-2-10,67.28125,68.5625,66.5,68.46875,42.142635345458984,15072200,,
2000-2-11,67.5390625,68.25,65.75,66,40.62309265136719,12419400,,
2000-2-14,64.6875,65,62.5,63.5625,39.12282943725586,23353600,,
2000-2-15,62.1796875,63.84375,60.03125,63.3125,38.96895217895508,30036000,,
2000-2-16,62.6875,65.75,60.5,60.9375,37.507118225097656,30052000,,
2000-2-17,62.5625,65.5,61,65,40.00761413574219,34971600,,
2000-2-18,66.0078125,69.375,65.875,67.25,41.39247512817383,42991600,,
2000-2-22,66.25,67.875,63.125,65.28125,40.180702209472656,24472000,,
2000-2-23,66.6875,73.75,65.375,73.4375,45.200897216796875,52349200,,
2000-2-24,68.4375,71.125,67.5,69.84375,42.98893356323242,51715400,,
2000-2-25,68.125,71,66.6875,66.78125,41.10395812988281,23405600,,
2000-2-28,68.75,73.75,68.75,71.625,44.085304260253906,36400800,,
2000-2-29,73,74,69.125,71.21875,43.83524703979492,31323400,,
2000-3-1,70.25,70.65625,68.265625,69.5,42.77735900878906,20865400,,
2000-3-2,69.4375,69.5625,66,66.09375,40.68080139160156,20560800,,
2000-3-3,65.5,67.5,63,65.9375,40.58462905883789,33932600,,
2000-3-6,64.75,69,64,66.625,41.0078010559082,23576200,,
2000-3-7,67.25,67.375,63.75,64,39.392093658447266,21447000,,
2000-3-8,65.3125,65.8125,62.4921875,64.5625,39.738311767578125,22876000,,
2000-3-9,63.59375,64.625,62.375,63.5,39.08436584472656,17427800,,
2000-3-10,62.59375,72.75,61,68.0625,41.892578125,83012800,,
2000-3-13,64.1875,68,63.5625,65.09375,40.0653076171875,35140400,,
2000-3-14,66.0625,67,62.5,62.5625,38.507320404052734,24239800,,
2000-3-15,63,66.5,62.75,64,39.392093658447266,31392000,,
2000-3-16,65.21875,67,63.25,66.4375,40.892391204833984,23705600,,
2000-3-17,66.375,68.75,66.3125,68.125,41.93105697631836,31121600,,
2000-3-20,67.15625,67.96875,64,64.8125,39.89219284057617,18187800,,
2000-3-21,63.875,67.5,62.875,67.3125,41.43095779418945,18525200,,
2000-3-22,66.84375,67.875,65.25,67.4375,41.507877349853516,19331800,,
2000-3-23,66.28125,72.3125,66.125,72.0625,44.35457992553711,42424400,,
2000-3-24,71.75,76.2109375,71.1875,73,44.93161392211914,50165800,,
2000-3-27,73.84375,78,73.25,74.46875,45.835636138916016,37870000,,
2000-3-28,74.875,78.5,73.5,77.40625,47.6436653137207,41268000,,
2000-3-29,79.125,81.28125,76.09375,78.75,48.470733642578125,50245600,,
2000-3-30,75.9375,78.625,69.625,72.6171875,44.69599914550781,41385600,,
2000-3-31,74.90625,76.75,72.5,74.65625,45.95104217529297,34407000,,
2000-4-3,74.34375,76,69.03125,70.375,43.31592559814453,26965400,,
2000-4-4,70.9375,73.75,62,73.3125,45.12395477294922,42759000,,
2000-4-5,70.375,72.5,68.5625,70.625,43.46979904174805,23548800,,
2000-4-6,70.6875,71.5,68.5,69.5625,42.81583786010742,16193600,,
2000-4-7,70.9375,76.375,70,76.125,46.855064392089844,31462600,,
2000-4-10,75.6875,75.90625,70.125,70.59375,43.450565338134766,20188800,,
2000-4-11,67.75,73.75,66.96875,68.71875,42.29650115966797,22864800,,
2000-4-12,68.96875,70.5,62.5,62.5625,38.507320404052734,31838800,,
2000-4-13,64,67.8125,61.5,63.25,38.93046188354492,30230600,,
2000-4-14,61.5,65.375,51.5,52.59375,32.37154006958008,66002600,,
2000-4-17,49.21875,58.71875,49.0625,58.4375,35.96836853027344,64758800,,
2000-4-18,57.7578125,60.625,53.5,56.09375,34.525787353515625,44492400,,
2000-4-19,59.625,62.9375,56.5,57.375,35.314414978027344,59833800,,
2000-4-20,57.96875,59.25,53.25,54.75,33.69871139526367,38979800,,
2000-4-24,51.5,52,46.125,49.8125,30.659656524658203,64246400,,
2000-4-25,52.25,54.15625,50.75,52.46875,32.294593811035156,47791400,,
2000-4-26,52.46875,52.625,48.5,48.625,29.92876625061035,31038600,,
2000-4-27,47.4375,52,47.25,51.75,31.852203369140625,41750800,,
2000-4-28,52.9375,55,52.25,54.21875,33.37172317504883,31301200,,
2000-5-1,54.8125,55.96875,53.625,54.875,33.775638580322266,22545000,,
2000-5-2,55.40625,60,55.0625,56.84375,34.98741912841797,52975000,,
2000-5-3,55.8125,57,54.0625,55.46875,34.14111328125,32021800,,
2000-5-4,55.4296875,56.125,52.84375,53.34375,32.833152770996094,20103200,,
2000-5-5,52.65625,55.6875,52.5,54.875,33.775638580322266,15971000,,
2000-5-8,53.25,53.859375,51.40625,51.5,31.69832992553711,16030200,,
2000-5-9,52.25,53.9375,51,52.5,32.31383514404297,23062400,,
2000-5-10,51.125,52,48.5,48.65625,29.94799041748047,34484800,,
2000-5-11,50.375,50.625,47.5,49.65625,30.563501358032227,32332200,,
2000-5-12,50.875,51.25,48.75,49,30.159587860107422,17078000,,
2000-5-15,49.15625,52.25,48.3125,52.15625,32.10225296020508,21605400,,
2000-5-16,52.6796875,54.5,52.5,54.34375,33.44866943359375,23164200,,
2000-5-17,52.25,53.125,51.21875,51.578125,31.74640464782715,18169600,,
2000-5-18,51.5625,51.59375,48,48.46875,29.832592010498047,27271200,,
2000-5-19,47.5,48.3125,44.515625,44.59375,27.447507858276367,50833400,,
2000-5-22,45,45.0625,38.875,44.21875,27.21671485900879,51737000,,
2000-5-23,43.375,43.6875,39.625,39.6875,24.42772102355957,37273800,,
2000-5-24,38.15625,39.25,34.890625,38.375,23.619873046875,82046200,,
2000-5-25,39.78125,41.125,34.3125,34.5,21.23480987548828,60416400,,
2000-5-26,34.90625,35,31.1875,33.03125,20.330787658691406,76242600,,
2000-5-30,31.6640625,38.3125,30,38.1875,23.50446128845215,114359800,,
2000-5-31,35.375,36,33,33.1875,20.426956176757812,109686200,,
2000-6-1,35.625,36,34.125,34.5,21.23480987548828,64625400,,
2000-6-2,37.09375,37.375,34.15625,36.34375,22.369640350341797,75612600,,
2000-6-5,32.53125,34.9375,32.4375,33.625,20.696237564086914,59490200,,
2000-6-6,33.875,36.4375,33.8125,34.4375,21.196334838867188,47774000,,
2000-6-7,35.8125,37.40625,35.25,37.34375,22.985143661499023,45259200,,
2000-6-8,39.0625,40,37.75,38.71875,23.83145523071289,43289400,,
2000-6-9,40.25,40.5,39.25,39.53125,24.331539154052734,29512400,,
2000-6-12,41.625,42.15625,40,40.84375,25.139385223388672,30566000,,
2000-6-13,40.46875,41.40625,38.40625,40.6875,25.0432186126709,38326000,,
2000-6-14,40.84375,41,34.5,35.25,21.696430206298828,83876600,,
2000-6-15,31.4375,31.84375,29.9921875,30.71875,18.90744400024414,122278000,,
2000-6-16,32.1875,33.75,31.875,32.875,20.2346134185791,55383200,,
2000-6-19,32.90625,33.125,31.625,32.59375,20.061498641967773,26381800,,
2000-6-20,32.71875,32.84375,31.25,31.46875,19.36907196044922,28998800,,
2000-6-21,31.125,33.75,30.9375,32.25,19.84992218017578,38151600,,
2000-6-22,32.625,36.9375,32.1875,34.125,21.003986358642578,84558800,,
2000-6-23,35.78125,37.375,32.75,33.1875,20.426956176757812,58846800,,
2000-6-26,34.09375,34.1796875,31.453125,32.375,19.926860809326172,34292400,,
2000-6-27,32.1875,33.75,31.4375,31.84375,19.599878311157227,29835800,,
2000-6-28,30.0625,33,28.75,31.78125,19.56141471862793,77099400,,
2000-6-29,30.9375,31.609375,30.5,30.75,18.926673889160156,23910000,,
2000-6-30,31,31.0625,29,30,18.465049743652344,37016200,,
2000-7-3,29.96875,30.9375,29.75,30.125,18.5419921875,8696800,,
2000-7-5,30.5,31.5,29.125,29.21875,17.98418426513672,20386800,,
2000-7-6,29.6875,31.3125,28.78125,30.84375,18.984375,24744200,,
2000-7-7,28.6875,29.6328125,28.03125,28.3125,17.426380157470703,56752800,,
2000-7-10,27.96875,28.75,27,27.4375,16.887819290161133,35357000,,
2000-7-11,26.78125,27.9375,25.75,26.5,16.310789108276367,36054000,,
2000-7-12,27.65625,30.75,26.96875,30.5,18.772798538208008,48357000,,
2000-7-13,30.8125,31.5,29.6875,31,19.080541610717773,32298800,,
2000-7-14,31.71875,32.4375,30.5,31.53125,19.407533645629883,22639000,,
2000-7-17,32.4375,35.46875,32.3125,34.90625,21.48484992980957,50497000,,
2000-7-18,34.21875,34.4375,32.5,32.5625,20.042264938354492,27709600,,
2000-7-19,32.34375,32.46875,31.0625,31.5,19.38829231262207,25049400,,
2000-7-20,29.6875,31.84375,28.53125,31.53125,19.407533645629883,48041800,,
2000-7-21,30.65625,32.5,30.625,31.40625,19.330585479736328,19396600,,
2000-7-24,31.375,32.46875,31.0625,31.8125,19.58064079284668,22134400,,
2000-7-25,32.90625,34.75,32.84375,34.1875,21.04245948791504,47747400,,
2000-7-26,33.75,35.25,33.03125,34.34375,21.138628005981445,32742000,,
2000-7-27,33.03125,33.5625,31.78125,32.78125,20.176908493041992,26503600,,
2000-7-28,32.1875,33.125,30.5,31.21875,19.215190887451172,17759200,,
2000-7-31,32.5,33.1875,31.8125,32.46875,19.984561920166016,23021400,,
2000-8-1,32.46875,32.5,31.40625,31.46875,19.36907196044922,11945000,,
2000-8-2,31.625,32.3125,30.75,30.96875,19.061315536499023,10719800,,
2000-8-3,30,32.25,29.1875,32.125,19.77298355102539,32228200,,
2000-8-4,33.25,33.9375,31.5625,32,19.696046829223633,22564600,,
2000-8-7,31.59375,32.90625,31.15625,31.78125,19.56141471862793,14546800,,
2000-8-8,31.5,31.875,30.25,30.53125,18.792034149169922,16626600,,
2000-8-9,31.3125,31.5546875,30.625,30.71875,18.90744400024414,14096200,,
2000-8-10,31.1875,31.8125,30.625,30.71875,18.90744400024414,11360400,,
2000-8-11,30.59375,31.1875,29.4375,30.8125,18.965139389038086,15463800,,
2000-8-14,30.84375,31.5,30.5,31.3125,19.27289581298828,11490400,,
2000-8-15,31.1875,31.1875,30.5,30.6875,18.888200759887695,9656000,,
2000-8-16,31.0625,31.46875,30.03125,30.25,18.618919372558594,10482000,,
2000-8-17,30.125,31.1875,30.03125,30.28125,18.63814926147461,11370000,,
2000-8-18,30.46875,30.6875,29.84375,29.875,18.38810920715332,13836400,,
2000-8-21,29.375,30,28.65625,29.5,18.157297134399414,15207200,,
2000-8-22,29.03125,29.375,28.25,28.3125,17.426380157470703,22435200,,
2000-8-23,27.71875,28.375,27.40625,28.21875,17.368684768676758,28425200,,
2000-8-24,28.53125,30.375,28.4375,30.3125,18.657386779785156,27267000,,
2000-8-25,30.15625,30.65625,29.125,29.4375,18.118824005126953,15588800,,
2000-8-28,29.25,30.53125,29.234375,29.6875,18.272701263427734,18180800,,
2000-8-29,29.75,30.53125,29.3125,30.125,18.5419921875,15618600,,
2000-8-30,30.0625,30.1875,29,29.15625,17.94571876525879,19122000,,
2000-8-31,29.375,31.03125,29,29.9375,18.426584243774414,38055400,,
2000-9-1,30.40625,31,29.25,29.625,18.234230041503906,20437600,,
2000-9-5,30.53125,30.8125,29.6875,29.6875,18.272701263427734,19835400,,
2000-9-6,30.0625,31.96875,29.9375,30.90625,19.022842407226562,57655800,,
2000-9-7,31.1875,32.3125,30.3125,32.0625,19.734512329101562,39563800,,
2000-9-8,31.84375,32.5,30.71875,30.78125,18.945905685424805,32579600,,
2000-9-11,30.2734375,30.5625,29,29.0625,17.88801383972168,29739400,,
2000-9-12,30.53125,31.8125,30.25,30.71875,18.90744400024414,44940200,,
2000-9-13,30.75,32.1875,30.71875,32,19.696046829223633,24549400,,
2000-9-14,32.5,32.5625,31,31.3125,19.27289581298828,20935800,,
2000-9-15,31.3125,33.3125,30.8125,33.125,20.388492584228516,55480600,,
2000-9-18,33.875,35.625,33.5625,34.90625,21.48484992980957,75770000,,
2000-9-19,35.84375,39.375,35.3125,38.75,23.850688934326172,85274000,,
2000-9-20,39.09375,39.25,36.3125,37.5234375,23.095739364624023,52449800,,
2000-9-21,36.75,38.46875,35.5,35.96875,22.13882827758789,32562800,,
2000-9-22,34.6875,36.5625,34.5,36.5,22.46580696105957,34164000,,
2000-9-25,37.625,37.75,34.71875,35,21.542560577392578,20946200,,
2000-9-26,35.6875,37.5,34.6875,36.6875,22.58121109008789,37944600,,
2000-9-27,37.125,37.8125,36.0625,36.4375,22.427345275878906,30288200,,
2000-9-28,36.125,37.59375,35.78125,37.40625,23.02361297607422,20885000,,
2000-9-29,37.34375,37.34375,35.4375,35.625,21.927244186401367,13227800,,
2000-10-2,36.3125,36.96875,35.375,35.65625,21.946475982666016,16962400,,
2000-10-3,36,37.78125,35.71875,36.25,22.311931610107422,25109000,,
2000-10-4,35.8125,39.75,35.75,39.21875,24.139196395874023,39061200,,
2000-10-5,39,43.5,38.5,41.4375,25.504852294921875,64696200,,
2000-10-6,41.4375,42,38.65625,38.90625,23.94684410095215,34240400,,
2000-10-9,38.6875,40.5,38.25,39.6875,24.42772102355957,20522600,,
2000-10-10,40.4375,41.9375,39.21875,39.84375,24.523887634277344,36832000,,
2000-10-11,38.875,39.46875,33.1875,35.25,21.696430206298828,58025400,,
2000-10-12,36.34375,37.09375,31.6875,32.1875,19.811452865600586,45688000,,
2000-10-13,32,35.03125,31.5625,34.96875,21.523317337036133,28286400,,
2000-10-16,37.4375,39.03125,36.40625,38.5,23.69681167602539,39924000,,
2000-10-17,39.1875,39.3125,35.5,37.09375,22.83126449584961,23364400,,
2000-10-18,35.0625,38.375,34,37.40625,23.02361297607422,28142400,,
2000-10-19,38.9296875,39,36.65625,38.5,23.69681167602539,22504600,,
2000-10-20,37.2890625,38.375,37.125,37.375,23.004383087158203,19325000,,
2000-10-23,36.9140625,37.40625,35.40625,36.8125,22.658151626586914,18488000,,
2000-10-24,35.96875,37,35.25,35.5,21.850303649902344,17440200,,
2000-10-25,35.3828125,36.375,32.53125,32.875,20.2346134185791,19413200,,
2000-10-26,33.6875,36.53125,33.0625,35.90625,22.1003475189209,23014800,,
2000-10-27,36.25,38,35.4375,37.4375,23.042850494384766,21752800,,
2000-10-30,35.65625,37,32.78125,34.0625,20.96552848815918,31944000,,
2000-10-31,33.3125,35.28125,31.75,32.5546875,20.037460327148438,38786400,,
2000-11-1,31.6953125,32.6875,30.5625,30.75,18.926673889160156,28733200,,
2000-11-2,31.40625,32.375,30.5,31.40625,19.330585479736328,33365600,,
2000-11-3,33.90625,36.8125,33.875,35.25,21.696430206298828,55045400,,
2000-11-6,35.6875,36.1171875,34.875,35.28125,21.71566390991211,14825800,,
2000-11-7,35,37.28125,34.9375,36.875,22.696622848510742,18673000,,
2000-11-8,37.5703125,37.625,34.4375,34.53125,21.2540340423584,18517400,,
2000-11-9,33.90625,36.46875,33.84375,36.34375,22.369640350341797,19473800,,
2000-11-10,36.375,38.75,36.3125,36.96875,22.75432014465332,33861800,,
2000-11-13,35.5,39.03125,35.46875,37.53125,23.10053825378418,35406600,,
2000-11-14,38.375,40.375,37.21875,40.1875,24.73548126220703,28926000,,
2000-11-15,40.6875,43.15625,40.625,42.09375,25.908761978149414,51017600,,
2000-11-16,41.15625,44.90625,41.09375,44.03125,27.101299285888672,40047000,,
2000-11-17,43.5546875,44.625,42.3125,44.40625,27.33211326599121,32321200,,
2000-11-20,43.3125,44.125,42.0625,42.3125,26.043415069580078,20086600,,
2000-11-21,41.4375,45.125,41.0625,43.75,26.928199768066406,30790600,,
2000-11-22,42.8125,42.8125,38.75,39.46875,24.29306411743164,37088000,,
2000-11-24,40.71875,42.875,40.625,42.25,26.00494384765625,12493800,,
2000-11-27,43.5,45.6875,43.40625,44.71875,27.52446174621582,40959000,,
2000-11-28,43.75,44.34375,41.15625,41.734375,25.687585830688477,33772400,,
2000-11-29,41.0625,42.96875,39.25,41.3125,25.42791175842285,29682400,,
2000-11-30,39.375,41.40625,37.625,40.125,24.697002410888672,30656800,,
2000-12-1,41.1875,44.1875,40.75,41.5,25.543312072753906,28858600,,
2000-12-4,43.5625,45.0625,43,45,27.697561264038086,43292600,,
2000-12-5,46.25,50.0625,45.875,49.8125,30.659656524658203,58903800,,
2000-12-6,49.125,53.90625,48.75,49.6875,30.582721710205078,68904400,,
2000-12-7,48.21875,52.5,48,52.21875,32.14073181152344,47557800,,
2000-12-8,52.65625,53.125,49.25,51.625,31.775278091430664,42941400,,
2000-12-11,49,51.28125,47.75,49.75,30.621191024780273,36458200,,
2000-12-12,49.0625,49.625,44.84375,44.90625,27.63987159729004,42861200,,
2000-12-13,46.125,47.8125,45.53125,45.65625,28.101484298706055,31667600,,
2000-12-14,45.53125,47.25,43.875,44.03125,27.101299285888672,21760400,,
2000-12-15,42.6875,43.25,39.5,39.78125,24.485429763793945,57547800,,
2000-12-18,40.625,43.375,40.625,42.71875,26.293460845947266,31734000,,
2000-12-19,43.125,46.40625,41.5625,41.71875,25.677967071533203,37262600,,
2000-12-20,40.9375,42,37.125,38.5625,23.735280990600586,44586200,,
2000-12-21,38.5625,41.25,37.125,37.90625,23.33135223388672,35720200,,
2000-12-22,39.3125,42.5,39.25,42.5,26.1588077545166,32830200,,
2000-12-26,42.125,43.0625,40.3125,41.90625,25.793363571166992,16418600,,
2000-12-27,42.15625,45.0625,42,44.9375,27.659099578857422,26665200,,
2000-12-28,44.84375,45.3125,43.3125,44.6875,27.505231857299805,20138800,,
2000-12-29,44.75,45.875,40.65625,41.09375,25.293264389038086,23929400,,
2001-1-2,40.9375,41.125,35.15625,35.4375,21.811845779418945,36380600,,
2001-1-3,34.5625,42.875,34.53125,42.03125,25.870296478271484,47526000,,
2001-1-4,39.5,41.1875,38.375,39.46875,24.29306411743164,40355600,,
2001-1-5,39.6875,39.90625,36.28125,36.53125,22.485036849975586,31656400,,
2001-1-8,36.5,39,35.875,38.9375,23.96609115600586,23359400,,
2001-1-9,37.5625,38.15625,35.84375,36.625,22.542749404907227,29433000,,
2001-1-10,34.6875,36.3125,33.875,36.21875,22.29270362854004,35403600,,
2001-1-11,35.125,37.03125,34.78125,35.28125,21.71566390991211,25866400,,
2001-1-12,35.9375,37.53125,35.28125,35.90625,22.1003475189209,22619600,,
2001-1-16,34.8125,35.5625,34.21875,35.46875,21.831069946289062,21852600,,
2001-1-17,36.5,37.21875,35.78125,36.5,22.46580696105957,26540000,,
2001-1-18,36.8125,37,35.71875,36.53125,22.485036849975586,23147800,,
2001-1-19,37.1875,37.21875,35,35.1875,21.657962799072266,25167400,,
2001-1-22,35.21875,37.859375,34.65625,37.71875,23.2159423828125,33483800,,
2001-1-23,38.15625,39.9375,38.0625,38.8125,23.889158248901367,37063200,,
2001-1-24,39.1875,39.1953125,36.4375,37.125,22.850492477416992,28724200,,
2001-1-25,37.0625,38.25,36.4375,36.96875,22.75432014465332,31479800,,
2001-1-26,38.46875,40.6875,37.875,40.5,24.927820205688477,57665400,,
2001-1-29,40.09375,43.5,39.75,43.40625,26.716623306274414,34226200,,
2001-1-30,42.875,43,41.515625,42.84375,26.370397567749023,22811800,,
2001-1-31,43,43.3125,41.96875,42.03125,25.870296478271484,22513800,,
2001-2-1,41.5625,42.75,40.46875,42.625,26.235755920410156,22344000,,
2001-2-2,42.0625,44.5625,41.625,43.40625,26.716623306274414,44556200,,
2001-2-5,42.90625,44.2421875,42.5625,43.21875,26.601207733154297,21904200,,
2001-2-6,42.9375,43.6875,40.90625,41.46875,25.524072647094727,16467400,,
2001-2-7,40.78125,43.875,40.46875,43.3125,26.65890884399414,28307600,,
2001-2-8,43.21875,44.6875,42.3125,42.375,26.081867218017578,25561800,,
2001-2-9,42,43,38.875,39.5625,24.350778579711914,25314800,,
2001-2-12,39.53125,42.46875,39.5,41.4375,25.504852294921875,26479400,,
2001-2-13,42.75,43.5625,40.21875,40.25,24.77393913269043,24444800,,
2001-2-14,40.78125,42,39.875,41.6875,25.65871810913086,24141800,,
2001-2-15,42.265625,43.96875,42.21875,42.8125,26.351163864135742,25560200,,
2001-2-16,40.625,41.6875,39.96875,40.3125,24.812402725219727,23395000,,
2001-2-20,40.21875,40.9375,37.6875,37.7578125,23.239990234375,24447400,,
2001-2-21,36.375,37.90625,34.9375,35.625,21.927244186401367,32640000,,
2001-2-22,34.9375,35.25,31.53125,33.46875,20.600067138671875,51144600,,
2001-2-23,29.5625,31.3125,25.0625,30.90625,19.022842407226562,149932400,,
2001-2-26,31.4375,32.09375,29.375,31.53125,19.407533645629883,53842800,,
2001-2-27,30.84375,30.875,27.71875,27.8125,17.118640899658203,47386000,,
2001-2-28,28,29.25,26.0625,27.40625,16.86859703063965,57997000,,
2001-3-1,27.5625,30.75,27.46875,30.59375,18.830501556396484,55642200,,
2001-3-2,29.84375,32.375,29.75,30.25,18.618919372558594,54743000,,
2001-3-5,30.5625,31.625,29.75,31.46875,19.36907196044922,22659000,,
2001-3-6,32.4375,33.234375,29.09375,29.53125,18.17653465270996,41703600,,
2001-3-7,30.5,30.65625,28.03125,28.8125,17.734140396118164,45456400,,
2001-3-8,28.84375,29.625,28.59375,28.625,17.618722915649414,22061200,,
2001-3-9,27.9375,28.625,25.96875,25.96875,15.983809471130371,33687600,,
2001-3-12,25.5,27,23.625,24.03125,14.791271209716797,48112000,,
2001-3-13,24.3125,26.5,23.78125,26.40625,16.253087997436523,42182600,,
2001-3-14,24.9453125,26.78125,24.5,25.65625,15.791463851928711,40149000,,
2001-3-15,26.8125,27.5625,26.0625,26.09375,16.060752868652344,26985600,,
2001-3-16,25.1875,25.6875,24.625,25.15625,15.483709335327148,30580400,,
2001-3-19,25.25,29.8125,25.125,29.09375,17.907236099243164,44608600,,
2001-3-20,29,29.75,26.6875,27,16.618545532226562,42417400,,
2001-3-21,27.40625,29.5625,27.0625,29.0625,17.88801383972168,43807600,,
2001-3-22,29.125,29.78125,26.5,28.4375,17.503328323364258,59501800,,
2001-3-23,29.6875,29.96875,28.03125,29.4375,18.118824005126953,35733800,,
2001-3-26,29.6875,30.5625,27.5625,28.3125,17.426380157470703,38035000,,
2001-3-27,28.53125,30.5,28.3125,29.9375,18.426584243774414,43913800,,
2001-3-28,29.1875,29.375,26.8125,27.40625,16.86859703063965,39496800,,
2001-3-29,26.1875,28.0625,26,27.34375,16.830116271972656,36864200,,
2001-3-30,27.46875,28.84375,26.28125,28.3125,17.426380157470703,29803400,,
2001-4-2,27.75,28.75,25.46875,25.75,15.849164962768555,37414800,,
2001-4-3,26,26.375,22.84375,22.875,14.079596519470215,49397200,,
2001-4-4,22.4375,23.8125,21.375,21.9375,13.502572059631348,62465400,,
2001-4-5,23.0625,24.25,21.6875,23.96875,14.752801895141602,63258000,,
2001-4-6,23.390625,23.71875,21.84375,22.3125,13.733379364013672,40943200,,
2001-4-9,22.354999542236328,23.100000381469727,21.889999389648438,22.6200008392334,13.922648429870605,23734400,,
2001-4-10,22.924999237060547,25.34000015258789,22.604999542236328,24.399999618530273,15.018238067626953,34930600,,
2001-4-11,26.434999465942383,26.524999618530273,24.850000381469727,25.545000076293945,15.722992897033691,29363800,,
2001-4-12,24.5,26.639999389648438,23.549999237060547,26.520000457763672,16.323104858398438,36153200,,
2001-4-16,25.799999237060547,26.010000228881836,24.0049991607666,24.184999465942383,14.885904312133789,23467800,,
2001-4-17,23.975000381469727,25.7549991607666,23.950000762939453,25.3799991607666,15.621438026428223,28842800,,
2001-4-18,26.989999771118164,30,26.375,29.375,18.08035659790039,51701600,,
2001-4-19,29.899999618530273,33.25,28.93000030517578,33.165000915527344,20.41310691833496,55586000,,
2001-4-20,32.04999923706055,33,30.6299991607666,31.915000915527344,19.64373779296875,33502800,,
2001-4-23,30.65999984741211,31.524999618530273,29.024999618530273,29.100000381469727,17.91109848022461,27689000,,
2001-4-24,29.729999542236328,31.315000534057617,29.625,29.75,18.311161041259766,26453200,,
2001-4-25,29.6299991607666,31.649999618530273,29.079999923706055,31.489999771118164,19.38214874267578,35864400,,
2001-4-26,28.264999389648438,30.075000762939453,28.264999389648438,29.024999618530273,17.864938735961914,62933200,,
2001-4-27,29.9950008392334,30.25,27.93000030517578,28.149999618530273,17.326370239257812,33430000,,
2001-4-30,29.479999542236328,30.30500030517578,28.350000381469727,28.68000030517578,17.652584075927734,29310000,,
2001-5-1,28.360000610351562,30.924999237060547,27.875,30.875,19.00361442565918,27274200,,
2001-5-2,30.735000610351562,31.469999313354492,29.520000457763672,30.049999237060547,18.495824813842773,25198200,,
2001-5-3,29.56999969482422,30.5,28.860000610351562,29.420000076293945,18.10805892944336,22814000,,
2001-5-4,28.575000762939453,31.135000228881836,28.174999237060547,30.795000076293945,18.95437240600586,30661200,,
2001-5-7,30.690000534057617,30.774999618530273,29.780000686645508,30.2450008392334,18.615842819213867,19977000,,
2001-5-8,30.739999771118164,31.469999313354492,30.209999084472656,31.024999618530273,19.095932006835938,20837200,,
2001-5-9,30.594999313354492,30.795000076293945,29.524999618530273,29.639999389648438,18.24346351623535,17913600,,
2001-5-10,30.424999237060547,30.649999618530273,29.260000228881836,29.30500030517578,18.037277221679688,15230200,,
2001-5-11,29.344999313354492,30.014999389648438,28.56999969482422,28.975000381469727,17.83415985107422,12634600,,
2001-5-14,29.059999465942383,29.104999542236328,27.600000381469727,28.459999084472656,17.51717185974121,18167600,,
2001-5-15,29.100000381469727,31.18000030517578,29.020000457763672,29.75,18.311161041259766,37908200,,
2001-5-16,30.389999389648438,32.46500015258789,29.934999465942383,32.380001068115234,19.929946899414062,34841400,,
2001-5-17,32.33000183105469,34.154998779296875,32.20000076293945,33.17499923706055,20.41925811767578,31584000,,
2001-5-18,32.755001068115234,33.43000030517578,32.2599983215332,32.689998626708984,20.12074089050293,15781000,,
2001-5-21,33.18000030517578,35.52000045776367,32.875,35.5,21.850303649902344,25088400,,
2001-5-22,35.33000183105469,35.33000183105469,33.5,34.95500183105469,21.51485824584961,21910000,,
2001-5-23,35.029998779296875,35.5,34.04499816894531,34.05500030517578,20.960908889770508,24848400,,
2001-5-24,34.20000076293945,35,33.525001525878906,35,21.542560577392578,20010200,,
2001-5-25,34.584999084472656,34.95000076293945,33.75,33.7599983215332,20.779335021972656,14916600,,
2001-5-29,33.68000030517578,34.224998474121094,32.75,33.09000015258789,20.3669490814209,17413400,,
2001-5-30,31.895000457763672,32.150001525878906,30.524999618530273,30.90999984741211,19.025157928466797,24797400,,
2001-5-31,30.975000381469727,31.649999618530273,30.200000762939453,30.3700008392334,18.69278335571289,21987400,,
2001-6-1,30.625,31.25,30,30.795000076293945,18.95437240600586,14297000,,
2001-6-4,31.225000381469727,31.575000762939453,30.280000686645508,30.969999313354492,19.062082290649414,12150200,,
2001-6-5,31.010000228881836,32.415000915527344,30.950000762939453,31.760000228881836,19.548337936401367,17964200,,
2001-6-6,31.924999237060547,32.27000045776367,30.764999389648438,31.239999771118164,19.228271484375,12808600,,
2001-6-7,31.165000915527344,32.76499938964844,30.850000381469727,32.5,20.003807067871094,14187000,,
2001-6-8,32.349998474121094,32.349998474121094,30.5,30.6200008392334,18.84665298461914,11969200,,
2001-6-11,30.524999618530273,30.604999542236328,29,29.889999389648438,18.3973445892334,19297200,,
2001-6-12,28.010000228881836,29.290000915527344,27.75,28.985000610351562,17.840312957763672,25350000,,
2001-6-13,29.135000228881836,29.139999389648438,27.100000381469727,27.110000610351562,16.686250686645508,21186200,,
2001-6-14,27.049999237060547,27.5,25.71500015258789,25.75,15.849164962768555,23156600,,
2001-6-15,25.075000762939453,25.25,24.25,24.674999237060547,15.187498092651367,34356600,,
2001-6-18,25.395000457763672,26.1200008392334,24.725000381469727,25.020000457763672,15.399852752685547,27066400,,
2001-6-19,26.09000015258789,26.21500015258789,24.93000030517578,25.155000686645508,15.482941627502441,21160200,,
2001-6-20,24.799999237060547,25.315000534057617,23.989999771118164,24.225000381469727,14.910524368286133,28049800,,
2001-6-21,24.34000015258789,26.850000381469727,24,26.25,16.156917572021484,32745600,,
2001-6-22,26.350000381469727,27.299999237060547,26.219999313354492,27.014999389648438,16.627771377563477,22582000,,
2001-6-25,27.610000610351562,27.649999618530273,26.3799991607666,27.174999237060547,16.72625160217285,22868600,,
2001-6-26,26.655000686645508,27.100000381469727,25.950000762939453,26.725000381469727,16.44927406311035,21046600,,
2001-6-27,26.774999618530273,28.375,26.65999984741211,27.780000686645508,17.098634719848633,25090000,,
2001-6-28,28.350000381469727,29.575000762939453,28.350000381469727,28.799999237060547,17.7264404296875,25078800,,
2001-6-29,28.655000686645508,29.25,28.290000915527344,29.239999771118164,17.99725914001465,16127000,,
2001-7-2,28.770000457763672,29.725000381469727,28.524999618530273,28.934999465942383,17.80953598022461,12945800,,
2001-7-3,31,31.975000381469727,30.600000381469727,31.934999465942383,19.656044006347656,30307800,,
2001-7-5,31.469999313354492,32,30.625,30.704999923706055,18.89897346496582,20964000,,
2001-7-6,30.540000915527344,31,29.0049991607666,29.09000015258789,17.904935836791992,20909800,,
2001-7-9,30.03499984741211,31.405000686645508,29.850000381469727,30.860000610351562,18.994373321533203,26743200,,
2001-7-10,31.1299991607666,31.375,29.3700008392334,29.524999618530273,18.17268180847168,21977000,,
2001-7-11,29.174999237060547,29.7450008392334,27.610000610351562,28.225000381469727,17.372529983520508,30185400,,
2001-7-12,29.78499984741211,31.774999618530273,29.684999465942383,31.68000030517578,19.499088287353516,29961200,,
2001-7-13,31.270000457763672,33.970001220703125,30.8799991607666,32.790000915527344,20.182302474975586,42109600,,
2001-7-16,32.709999084472656,33.33000183105469,31.875,32.05500030517578,19.729900360107422,24689600,,
2001-7-17,32.10499954223633,32.775001525878906,31.530000686645508,32.345001220703125,19.908395767211914,21693200,,
2001-7-18,32.1150016784668,32.650001525878906,30.854999542236328,31.274999618530273,19.24980926513672,18210800,,
2001-7-19,32.20000076293945,33.70500183105469,32.16999816894531,32.849998474121094,20.21923065185547,27739600,,
2001-7-20,32.46500015258789,32.849998474121094,31.950000762939453,32.2400016784668,19.84377670288086,25012400,,
2001-7-23,32.19499969482422,32.650001525878906,30.375,30.424999237060547,18.726634979248047,21318000,,
2001-7-24,29,29.184999465942383,28.219999313354492,28.875,17.772611618041992,37194200,,
2001-7-25,29.1299991607666,30,28.55500030517578,29.795000076293945,18.338865280151367,21651000,,
2001-7-26,29.8700008392334,30.225000381469727,28.829999923706055,29.829999923706055,18.360408782958984,27929400,,
2001-7-27,31.610000610351562,32.29999923706055,31.25,31.59000015258789,19.443695068359375,34511000,,
2001-7-30,31.55500030517578,32.51499938964844,31.450000762939453,32.05500030517578,19.729900360107422,22950600,,
2001-7-31,32.165000915527344,32.439998626708984,30.885000228881836,31.614999771118164,19.45907211303711,28376400,,
2001-8-1,32.10499954223633,32.970001220703125,31.975000381469727,32.685001373291016,20.1176700592041,18907000,,
2001-8-2,33.099998474121094,34.189998626708984,33.04499816894531,34.16999816894531,21.031688690185547,25390600,,
2001-8-3,33.75,34.064998626708984,33.150001525878906,33.43000030517578,20.576213836669922,17544000,,
2001-8-6,33.154998779296875,34.099998474121094,33.125,33.650001525878906,20.711624145507812,13833000,,
2001-8-7,33.5099983215332,34.435001373291016,33.375,33.779998779296875,20.79164695739746,15868400,,
2001-8-8,33.494998931884766,34.435001373291016,32.02000045776367,32.54499816894531,20.031494140625,22618800,,
2001-8-9,32.57500076293945,33.20000076293945,31.950000762939453,32.86000061035156,20.225370407104492,22507600,,
2001-8-10,32.6349983215332,32.790000915527344,31.100000381469727,31.885000228881836,19.625268936157227,25817000,,
2001-8-13,32.685001373291016,33.42499923706055,32.32500076293945,33.29999923706055,20.496200561523438,19800800,,
2001-8-14,33.619998931884766,33.875,32.75,32.96500015258789,20.290008544921875,15580000,,
2001-8-15,32.875,33.08000183105469,31.75,31.764999389648438,19.551410675048828,20480200,,
2001-8-16,31.31999969482422,32.41999816894531,30.25,32.404998779296875,19.945323944091797,23959800,,
2001-8-17,31.690000534057617,32.150001525878906,30.690000534057617,30.780000686645508,18.945138931274414,18508600,,
2001-8-20,31.030000686645508,31.854999542236328,30.7450008392334,31.854999542236328,19.606801986694336,14763600,,
2001-8-21,31.860000610351562,32.9900016784668,31.200000762939453,31.219999313354492,19.215961456298828,22653600,,
2001-8-22,31.795000076293945,32.02000045776367,30.375,31.875,19.619112014770508,27677400,,
2001-8-23,31.719999313354492,32.720001220703125,31.46500015258789,31.475000381469727,19.372905731201172,22051200,,
2001-8-24,31.895000457763672,33.07500076293945,31.75,33.05500030517578,20.345407485961914,20919200,,
2001-8-27,32.89500045776367,33.29499816894531,32.2400016784668,32.48500061035156,19.99456787109375,14804400,,
2001-8-28,32.70000076293945,32.73500061035156,31.28499984741211,31.399999618530273,19.326749801635742,22055000,,
2001-8-29,31.690000534057617,31.75,30.795000076293945,31.360000610351562,19.3021297454834,21390400,,
2001-8-30,30.950000762939453,31.475000381469727,29.780000686645508,29.795000076293945,18.338865280151367,28877600,,
2001-8-31,29.55500030517578,30.075000762939453,29.014999389648438,29.424999237060547,18.111127853393555,23522600,,
2001-9-4,29.375,29.5,27,27.149999618530273,16.710861206054688,41623800,,
2001-9-5,26.90999984741211,27.100000381469727,25.684999465942383,26.604999542236328,16.37541389465332,47923800,,
2001-9-6,26.329999923706055,27.485000610351562,24.200000762939453,24.2549991607666,14.928991317749023,49786000,,
2001-9-7,24,25.149999618530273,23.725000381469727,24.59000015258789,15.13518238067627,45528800,,
2001-9-10,25.235000610351562,25.895000457763672,24.829999923706055,25.270000457763672,15.553719520568848,36125800,,
2001-9-17,23.625,25.219999313354492,22.854999542236328,22.895000457763672,14.091906547546387,42100800,,
2001-9-18,23.264999389648438,24.190000534057617,22.655000686645508,23.184999465942383,14.270405769348145,32045400,,
2001-9-19,22.81999969482422,23.219999313354492,21.299999237060547,22.5,13.848780632019043,41121800,,
2001-9-20,22.25,23,21.864999771118164,22.770000457763672,14.014966011047363,44107600,,
2001-9-21,21.424999237060547,23,21.399999618530273,22.44499969482422,13.814932823181152,45258000,,
2001-9-24,23.280000686645508,23.924999237060547,22.950000762939453,23.799999237060547,14.64893913269043,30381400,,
2001-9-25,23.665000915527344,24.424999237060547,23.350000381469727,24.40999984741211,15.024388313293457,36162000,,
2001-9-26,24.549999237060547,24.649999618530273,23.040000915527344,23.165000915527344,14.25809383392334,32100800,,
2001-9-27,22.959999084472656,23.8799991607666,22.049999237060547,23.780000686645508,14.636635780334473,31670400,,
2001-9-28,23.915000915527344,24.610000610351562,23.53499984741211,23.770000457763672,14.630468368530273,29678400,,
2001-10-1,23.625,23.700000762939453,22.290000915527344,22.399999618530273,13.787240028381348,31600800,,
2001-10-2,22.545000076293945,23.5,22.274999618530273,22.934999465942383,14.116521835327148,32895400,,
2001-10-3,22.834999084472656,24.024999618530273,21.670000076293945,22.405000686645508,13.790313720703125,66462200,,
2001-10-4,22.06999969482422,22.700000762939453,20.985000610351562,21,12.925530433654785,76788600,,
2001-10-5,20.510000228881836,20.625,19.155000686645508,19.229999542236328,11.836095809936523,77904400,,
2001-10-8,19.540000915527344,20.924999237060547,19.420000076293945,20.610000610351562,12.685487747192383,47433600,,
2001-10-9,20.815000534057617,21.125,20.024999618530273,20.424999237060547,12.571623802185059,41547200,,
2001-10-10,20.184999465942383,22.545000076293945,20.149999618530273,22.450000762939453,13.818009376525879,51378600,,
2001-10-11,23.735000610351562,25.225000381469727,23.5,24.84000015258789,15.289056777954102,68818200,,
2001-10-12,24.31999969482422,24.969999313354492,23.549999237060547,24.75,15.233663558959961,37382800,,
2001-10-15,24.309999465942383,25.7450008392334,23.829999923706055,25.274999618530273,15.556798934936523,31874800,,
2001-10-16,25.05500030517578,25.299999237060547,24.184999465942383,24.924999237060547,15.341377258300781,34895200,,
2001-10-17,25.450000762939453,25.5,23.25,23.31999969482422,14.353497505187988,36550200,,
2001-10-18,23.764999389648438,24.334999084472656,23.100000381469727,23.69499969482422,14.584311485290527,33358800,,
2001-10-19,23.670000076293945,24.575000762939453,23.649999618530273,24.149999618530273,14.864363670349121,28841600,,
2001-10-22,24.1200008392334,24.649999618530273,23.299999237060547,24.165000915527344,14.8735933303833,22802400,,
2001-10-23,24.31999969482422,25.600000381469727,24.139999389648438,24.674999237060547,15.187498092651367,33173200,,
2001-10-24,24.774999618530273,26.75,24.725000381469727,26.6200008392334,16.384653091430664,40147800,,
2001-10-25,26.059999465942383,27.985000610351562,25.334999084472656,27.93000030517578,17.190961837768555,35369800,,
2001-10-26,27.510000228881836,28.5,27.309999465942383,27.635000228881836,17.009384155273438,39769400,,
2001-10-29,27.475000381469727,27.5,26.110000610351562,26.149999618530273,16.095365524291992,26788000,,
2001-10-30,25.364999771118164,25.405000686645508,24.219999313354492,24.344999313354492,14.984380722045898,42631400,,
2001-10-31,24.854999542236328,25.774999618530273,24.5,24.559999465942383,15.116708755493164,32084400,,
2001-11-1,24.969999313354492,25.844999313354492,24.5,25.815000534057617,15.889175415039062,29547600,,
2001-11-2,25.774999618530273,26.924999237060547,25.59000015258789,26.760000228881836,16.4708194732666,32466800,,
2001-11-5,26.790000915527344,27.040000915527344,26,26.540000915527344,16.33540916442871,31249600,,
2001-11-6,26.704999923706055,27.415000915527344,25.96500015258789,27.364999771118164,16.84320640563965,35199200,,
2001-11-7,25.80500030517578,28.434999465942383,25.594999313354492,27.55500030517578,16.960145950317383,91845200,,
2001-11-8,27.815000534057617,29.024999618530273,27.31999969482422,28.145000457763672,17.323287963867188,57340600,,
2001-11-9,27.700000762939453,28.270000457763672,27.399999618530273,27.709999084472656,17.0555477142334,26454800,,
2001-11-12,27.625,28.219999313354492,26.844999313354492,28.114999771118164,17.304828643798828,23800200,,
2001-11-13,28.684999465942383,28.96500015258789,28.30500030517578,28.780000686645508,17.714134216308594,22768400,,
2001-11-14,29.049999237060547,29.350000381469727,28.299999237060547,29.03499984741211,17.87108612060547,22871800,,
2001-11-15,28.850000381469727,30,28.80500030517578,29.479999542236328,18.144977569580078,27431000,,
2001-11-16,29.635000228881836,30.19499969482422,29.479999542236328,30.040000915527344,18.48966407775879,27170200,,
2001-11-19,30.165000915527344,31.2450008392334,30.059999465942383,31.235000610351562,19.225191116333008,26054600,,
2001-11-20,31,31.114999771118164,29.540000915527344,29.610000610351562,18.22500228881836,28568400,,
2001-11-21,29.59000015258789,30.100000381469727,29.100000381469727,29.889999389648438,18.3973445892334,17289000,,
2001-11-23,30.09000015258789,30.75,29.950000762939453,30.655000686645508,18.86819839477539,7164200,,
2001-11-26,30.725000381469727,30.81999969482422,29.5,30.200000762939453,18.588150024414062,29628000,,
2001-11-27,29.885000228881836,30.834999084472656,28.989999771118164,30.010000228881836,18.471200942993164,27891400,,
2001-11-28,29.809999465942383,30.299999237060547,28.614999771118164,28.645000457763672,17.631038665771484,27288400,,
2001-11-29,28.625,29.299999237060547,28.25,29.209999084472656,17.97879981994629,20094800,,
2001-11-30,29.200000762939453,30.024999618530273,29.049999237060547,29.360000610351562,18.071121215820312,21344400,,
2001-12-3,29.075000762939453,29.540000915527344,28.524999618530273,28.639999389648438,17.627960205078125,17876200,,
2001-12-4,28.834999084472656,29.985000610351562,28.55500030517578,29.954999923706055,18.43735694885254,19909000,,
2001-12-5,30.165000915527344,31.125,30.139999389648438,30.9950008392334,19.077476501464844,30072400,,
2001-12-6,30.854999542236328,30.885000228881836,29.834999084472656,30.020000457763672,18.477354049682617,29728200,,
2001-12-7,29.889999389648438,29.899999618530273,28.235000610351562,28.485000610351562,17.532560348510742,33465200,,
2001-12-10,28.274999618530273,29.375,28.100000381469727,28.514999389648438,17.551034927368164,23118800,,
2001-12-11,28.5,29.549999237060547,28.450000762939453,28.764999389648438,17.70489501953125,23313800,,
2001-12-12,28.950000762939453,29.21500015258789,27.915000915527344,28.834999084472656,17.74799156188965,22571600,,
2001-12-13,28.299999237060547,28.5,27.5,27.5,16.926280975341797,23683200,,
2001-12-14,27.65999984741211,28.125,27.375,27.920000076293945,17.18480110168457,19307400,,
2001-12-17,27.950000762939453,28.125,26.65999984741211,26.760000228881836,16.4708194732666,30373000,,
2001-12-18,27.364999771118164,27.399999618530273,26.604999542236328,26.799999237060547,16.49544334411621,25106000,,
2001-12-19,26.204999923706055,27.049999237060547,26.049999237060547,26.139999389648438,16.089210510253906,21482800,,
2001-12-20,25.969999313354492,26,24.684999465942383,24.780000686645508,15.252126693725586,30375400,,
2001-12-21,25.104999542236328,25.549999237060547,24.825000762939453,24.9950008392334,15.38446044921875,30459600,,
2001-12-24,25.094999313354492,25.549999237060547,25.024999618530273,25.059999465942383,15.424469947814941,5218400,,
2001-12-26,25.18000030517578,26.030000686645508,25.170000076293945,25.30500030517578,15.575261116027832,12261200,,
2001-12-27,25.434999465942383,26.1200008392334,25.434999465942383,26.100000381469727,16.064586639404297,14290200,,
2001-12-28,26.325000762939453,26.635000228881836,25.774999618530273,25.899999618530273,15.941489219665527,14839200,,
2001-12-31,25.75,25.875,24.9950008392334,25.25,15.541414260864258,14681400,,
2002-1-2,25.485000610351562,26.024999618530273,24.885000228881836,26.024999618530273,16.01842498779297,18612800,,
2002-1-3,26.030000686645508,26.670000076293945,25.825000762939453,25.989999771118164,15.996882438659668,22240000,,
2002-1-4,26.235000610351562,26.290000915527344,24.895000457763672,25.204999923706055,15.51372241973877,38927400,,
2002-1-7,25.200000762939453,25.209999084472656,23.549999237060547,23.600000381469727,14.525829315185547,40064600,,
2002-1-8,23.424999237060547,24.290000915527344,23.229999542236328,24.094999313354492,14.830510139465332,56385400,,
2002-1-9,24.575000762939453,24.6299991607666,22.9950008392334,23.104999542236328,14.221162796020508,45937000,,
2002-1-10,23.329999923706055,23.56999969482422,22.75,23.344999313354492,14.368882179260254,49996800,,
2002-1-11,23.139999389648438,23.5,23.024999618530273,23.2549991607666,14.313494682312012,23483000,,
2002-1-14,23.104999542236328,23.8799991607666,23.040000915527344,23.575000762939453,14.510452270507812,26820800,,
2002-1-15,23.475000381469727,23.639999389648438,23.075000762939453,23.274999618530273,14.325801849365234,36854000,,
2002-1-16,23.079999923706055,23.30500030517578,22.719999313354492,22.75,14.00265884399414,28107000,,
2002-1-17,23.094999313354492,23.704999923706055,22.905000686645508,23.635000228881836,14.547377586364746,23851400,,
2002-1-18,23.100000381469727,23.354999542236328,22.424999237060547,22.475000381469727,13.833395957946777,25815400,,
2002-1-22,22.56999969482422,22.575000762939453,20.6299991607666,20.700000762939453,12.74088191986084,37067800,,
2002-1-23,21,22.06999969482422,20.665000915527344,21.770000457763672,13.399466514587402,33356600,,
2002-1-24,22.30500030517578,22.5,21.799999237060547,21.854999542236328,13.45178508758545,37546000,,
2002-1-25,20.920000076293945,23.18000030517578,20.915000915527344,23.024999618530273,14.171927452087402,56492200,,
2002-1-28,23.299999237060547,23.424999237060547,22.075000762939453,22.69499969482422,13.968807220458984,29880400,,
2002-1-29,22.889999389648438,23.020000457763672,21.489999771118164,21.59000015258789,13.288681030273438,28530400,,
2002-1-30,21.829999923706055,22.375,21.5,22.344999313354492,13.75338363647461,31119400,,
2002-1-31,22.25,22.350000381469727,21.704999923706055,22.024999618530273,13.556415557861328,19762400,,
2002-2-1,21.920000076293945,21.9950008392334,21.059999465942383,21.229999542236328,13.067100524902344,19889400,,
2002-2-4,21.200000762939453,21.524999618530273,20.299999237060547,20.395000457763672,12.553153038024902,24413600,,
2002-2-5,19.96500015258789,20.6200008392334,19.549999237060547,19.905000686645508,12.251557350158691,33471400,,
2002-2-6,20.094999313354492,20.549999237060547,19.399999618530273,20.299999237060547,12.494683265686035,26281600,,
2002-2-7,20.25,20.399999618530273,19.524999618530273,19.55500030517578,12.036133766174316,25089800,,
2002-2-8,19.75,20.06999969482422,17.295000076293945,18.729999542236328,11.52834415435791,113367200,,
2002-2-11,19.405000686645508,20.655000686645508,19.3700008392334,20.639999389648438,12.703950881958008,52587400,,
2002-2-12,20.334999084472656,20.6200008392334,20.145000457763672,20.25,12.463910102844238,25137800,,
2002-2-13,20.475000381469727,21.049999237060547,20.399999618530273,20.950000762939453,12.894758224487305,21881000,,
2002-2-14,21,21,20.014999389648438,20.024999618530273,12.325416564941406,19634800,,
2002-2-15,20.040000915527344,20.325000762939453,18.329999923706055,18.700000762939453,11.509880065917969,40053600,,
2002-2-19,18.454999923706055,19.049999237060547,17.950000762939453,18.65999984741211,11.48525619506836,35042400,,
2002-2-20,18.979999542236328,19.040000915527344,17.219999313354492,17.954999923706055,11.051335334777832,46179400,,
2002-2-21,17.844999313354492,17.875,16.239999771118164,16.25,10.001903533935547,53571600,,
2002-2-22,16.360000610351562,16.780000686645508,15.515000343322754,16.350000381469727,10.063451766967773,59226400,,
2002-2-25,17.46500015258789,17.975000381469727,17.149999618530273,17.954999923706055,11.051335334777832,53386400,,
2002-2-26,18.299999237060547,18.375,17.049999237060547,17.385000228881836,10.700489044189453,44648000,,
2002-2-27,17.729999542236328,17.834999084472656,16.78499984741211,16.78499984741211,10.331192016601562,27107800,,
2002-2-28,17.020000457763672,17.440000534057617,16.524999618530273,16.625,10.232714653015137,23921600,,
2002-3-1,16.899999618530273,18.030000686645508,16.739999771118164,17.985000610351562,11.069793701171875,29224800,,
2002-3-4,18.1299991607666,19.469999313354492,18.125,19.434999465942383,11.962268829345703,33465400,,
2002-3-5,18.950000762939453,19.774999618530273,18.850000381469727,19.43000030517578,11.959196090698242,30854400,,
2002-3-6,19.549999237060547,20.225000381469727,19.450000762939453,19.975000381469727,12.294647216796875,31665800,,
2002-3-7,20.28499984741211,20.764999389648438,19.895000457763672,20.719999313354492,12.753190040588379,29273200,,
2002-3-8,21.299999237060547,22.049999237060547,21.204999923706055,21.899999618530273,13.47948169708252,35033400,,
2002-3-11,21.7549991607666,22.325000762939453,21.075000762939453,21.825000762939453,13.433319091796875,23977800,,
2002-3-12,20.81999969482422,21.350000381469727,20.725000381469727,21.290000915527344,13.104028701782227,23590400,,
2002-3-13,20.934999465942383,21.024999618530273,20.299999237060547,20.485000610351562,12.608550071716309,21610000,,
2002-3-14,20.700000762939453,20.94499969482422,20.200000762939453,20.209999084472656,12.439281463623047,22304400,,
2002-3-15,20.309999465942383,20.9950008392334,20.209999084472656,20.9950008392334,12.922452926635742,25970600,,
2002-3-18,21.364999771118164,22,21.30500030517578,21.854999542236328,13.45178508758545,28936400,,
2002-3-19,21.940000534057617,21.950000762939453,21.329999923706055,21.520000457763672,13.24559497833252,20375200,,
2002-3-20,20.7450008392334,21,20.079999923706055,20.104999542236328,12.37465763092041,22534600,,
2002-3-21,19.809999465942383,20.899999618530273,19.510000228881836,20.885000228881836,12.854748725891113,30621000,,
2002-3-22,20.704999923706055,20.84000015258789,20.100000381469727,20.235000610351562,12.454673767089844,17770000,,
2002-3-25,20.225000381469727,20.479999542236328,19.735000610351562,19.735000610351562,12.146920204162598,18076000,,
2002-3-26,19.520000457763672,20.475000381469727,19.290000915527344,19.934999465942383,12.270026206970215,23613000,,
2002-3-27,19.21500015258789,19.399999618530273,18.774999618530273,18.934999465942383,11.654521942138672,30071200,,
2002-3-28,19.1299991607666,19.190000534057617,18.565000534057617,18.81999969482422,11.583741188049316,20250200,,
2002-4-1,18.549999237060547,19.799999237060547,18.399999618530273,19.670000076293945,12.106914520263672,25126800,,
2002-4-2,19.25,19.725000381469727,18.625,18.635000228881836,11.46987247467041,20257600,,
2002-4-3,19.200000762939453,19.290000915527344,18.524999618530273,18.81999969482422,11.583741188049316,24533600,,
2002-4-4,18.375,18.674999237060547,17.90999984741211,18.299999237060547,11.263681411743164,31288200,,
2002-4-5,18.31999969482422,18.600000381469727,17.795000076293945,17.954999923706055,11.051335334777832,18313200,,
2002-4-8,17.46500015258789,18.155000686645508,17.270000457763672,18.059999465942383,11.115958213806152,22611000,,
2002-4-9,18.399999618530273,18.600000381469727,17.475000381469727,17.5,10.771280288696289,20154800,,
2002-4-10,17.725000381469727,18.145000457763672,17.469999313354492,17.649999618530273,10.863604545593262,19937800,,
2002-4-11,17.450000762939453,17.5,17.110000610351562,17.31999969482422,10.660489082336426,15160400,,
2002-4-12,17.415000915527344,18.06999969482422,17.049999237060547,17.854999542236328,10.98978328704834,22892400,,
2002-4-15,17.9950008392334,18.225000381469727,17.225000381469727,18.100000381469727,11.140576362609863,24249600,,
2002-4-16,18.684999465942383,19.81999969482422,18.65999984741211,19.809999465942383,12.193083763122559,29353600,,
2002-4-17,20.010000228881836,20.174999237060547,19.450000762939453,19.899999618530273,12.248478889465332,27450400,,
2002-4-18,19.024999618530273,19.75,18.850000381469727,19.200000762939453,11.817634582519531,21469600,,
2002-4-19,19.434999465942383,19.434999465942383,18.6299991607666,18.6299991607666,11.466793060302734,14485000,,
2002-4-22,18,18.024999618530273,17.260000228881836,17.514999389648438,10.780509948730469,28149000,,
2002-4-23,17.344999313354492,17.655000686645508,15.875,16.125,9.92496109008789,51037600,,
2002-4-24,16.815000534057617,16.94499969482422,15.645000457763672,16.645000457763672,10.245023727416992,61125800,,
2002-4-25,15.914999961853027,16.600000381469727,15.899999618530273,16.200000762939453,9.9711275100708,34710400,,
2002-4-26,16.31999969482422,16.725000381469727,15.295000076293945,15.324999809265137,9.43255615234375,27146800,,
2002-4-29,15.335000038146973,15.770000457763672,14.279999732971191,14.609999656677246,8.992475509643555,34277600,,
2002-4-30,14.720000267028809,15.375,14.625,15.079999923706055,9.28176212310791,29371800,,
2002-5-1,14.880000114440918,15.199999809265137,14.375,14.890000343322754,9.164816856384277,26505600,,
2002-5-2,14.845000267028809,14.850000381469727,14.125,14.21500015258789,8.749353408813477,25236800,,
2002-5-3,14.145000457763672,14.204999923706055,13.104999542236328,13.420000076293945,8.260030746459961,40977600,,
2002-5-6,13.324999809265137,13.725000381469727,13.145000457763672,13.225000381469727,8.14000415802002,21685600,,
2002-5-7,13.385000228881836,13.604999542236328,12.3149995803833,12.399999618530273,7.632219314575195,41761600,,
2002-5-8,13.3149995803833,14.774999618530273,12.9399995803833,14.71500015258789,9.057106018066406,44238200,,
2002-5-9,14.46500015258789,14.635000228881836,13.545000076293945,14.170000076293945,8.72165584564209,38446000,,
2002-5-10,14.289999961853027,14.515000343322754,13.260000228881836,13.399999618530273,8.247721672058105,37510600,,
2002-5-13,14.300000190734863,14.625,13.619999885559082,14.545000076293945,8.952467918395996,34209600,,
2002-5-14,15.265000343322754,15.619999885559082,14.975000381469727,15.34000015258789,9.441793441772461,36657600,,
2002-5-15,15.050000190734863,16.6200008392334,14.90999984741211,16.03499984741211,9.869571685791016,43400200,,
2002-5-16,15.920000076293945,16.274999618530273,15.625,16.170000076293945,9.952661514282227,28697800,,
2002-5-17,16.75,16.979999542236328,15.71500015258789,16.2450008392334,9.998822212219238,31691000,,
2002-5-20,15.920000076293945,16.174999237060547,15.6899995803833,15.944999694824219,9.81417179107666,19849600,,
2002-5-21,16.334999084472656,16.729999542236328,16.139999389648438,16.309999465942383,10.038829803466797,33245600,,
2002-5-22,16.079999923706055,16.30500030517578,15.140000343322754,15.6850004196167,9.654142379760742,29454200,,
2002-5-23,15.545000076293945,16.1200008392334,15.329999923706055,15.835000038146973,9.746464729309082,24982800,,
2002-5-24,15.609999656677246,15.729999542236328,15.425000190734863,15.505000114440918,9.543354988098145,11827800,,
2002-5-28,15.710000038146973,15.90999984741211,15.204999923706055,15.704999923706055,9.666451454162598,20174000,,
2002-5-29,15.225000381469727,15.699999809265137,15.204999923706055,15.569999694824219,9.583357810974121,20171800,,
2002-5-30,15.255000114440918,15.755000114440918,15.149999618530273,15.59000015258789,9.595667839050293,19351600,,
2002-5-31,15.875,16.475000381469727,15.739999771118164,15.819999694824219,9.737236976623535,30388000,,
2002-6-3,16.229999542236328,16.55500030517578,15.510000228881836,15.585000038146973,9.592588424682617,25463200,,
2002-6-4,15.319999694824219,16.325000762939453,15.319999694824219,16.219999313354492,9.983436584472656,29882800,,
2002-6-5,16.19499969482422,16.434999465942383,15.819999694824219,16.420000076293945,10.106534004211426,22340600,,
2002-6-6,16.15999984741211,16.225000381469727,15.25,15.380000114440918,9.466413497924805,31421000,,
2002-6-7,14.425000190734863,15.675000190734863,14.354999542236328,15.4350004196167,9.500265121459961,37571600,,
2002-6-10,15.380000114440918,16.149999618530273,14.899999618530273,15.744999885559082,9.69107437133789,33652400,,
2002-6-11,15.854999542236328,16.290000915527344,15.505000114440918,15.654999732971191,9.635677337646484,30480400,,
2002-6-12,15.300000190734863,16.584999084472656,15.154999732971191,16.5,10.155773162841797,46934000,,
2002-6-13,16.280000686645508,17,16.18000030517578,16.19499969482422,9.968049049377441,42372200,,
2002-6-14,14.180000305175781,15.175000190734863,13.850000381469727,14.954999923706055,9.204825401306152,83128200,,
2002-6-17,15.029999732971191,15.095000267028809,14.454999923706055,14.609999656677246,8.992475509643555,42778400,,
2002-6-18,14.510000228881836,14.835000038146973,14.385000228881836,14.4399995803833,8.887843132019043,26764400,,
2002-6-19,14.395000457763672,14.6899995803833,13.984999656677246,14.0649995803833,8.657028198242188,30120400,,
2002-6-20,13.8149995803833,13.949999809265137,13.104999542236328,13.164999961853027,8.103078842163086,43284200,,
2002-6-21,13.600000381469727,13.875,12.869999885559082,13.0600004196167,8.038451194763184,59071600,,
2002-6-24,12.920000076293945,13.854999542236328,12.675000190734863,13.399999618530273,8.247721672058105,42759400,,
2002-6-25,13.699999809265137,13.774999618530273,13,13.180000305175781,8.112309455871582,35010800,,
2002-6-26,12.4399995803833,13.649999618530273,12.244999885559082,13.539999961853027,8.333888053894043,43684000,,
2002-6-27,13.805000305175781,13.949999809265137,13.024999618530273,13.729999542236328,8.450834274291992,33418400,,
2002-6-28,13.779999732971191,14.024999618530273,13.539999961853027,13.744999885559082,8.460066795349121,21931600,,
2002-7-1,13.625,13.994999885559082,13.204999923706055,13.21500015258789,8.133853912353516,23074000,,
2002-7-2,12.75,12.854999542236328,12.119999885559082,12.399999618530273,7.632219314575195,37663800,,
2002-7-3,12.260000228881836,13.319999694824219,12.260000228881836,13.1899995803833,8.118463516235352,26193400,,
2002-7-5,13.600000381469727,14.3100004196167,13.149999618530273,14.270000457763672,8.783207893371582,14726600,,
2002-7-8,14.199999809265137,14.449999809265137,13.430000305175781,13.579999923706055,8.358512878417969,27555200,,
2002-7-9,13.720000267028809,14.140000343322754,13.625,13.765000343322754,8.472376823425293,23528600,,
2002-7-10,13.920000076293945,13.949999809265137,13.199999809265137,13.204999923706055,8.127697944641113,23689800,,
2002-7-11,13.079999923706055,14.039999961853027,13.045000076293945,13.954999923706055,8.589322090148926,30485400,,
2002-7-12,14.045000076293945,14.385000228881836,13.640000343322754,14.055000305175781,8.650874137878418,29567800,,
2002-7-15,13.84000015258789,14.744999885559082,13.444999694824219,14.6899995803833,9.041714668273926,31238000,,
2002-7-16,14.380000114440918,15.199999809265137,14.369999885559082,14.920000076293945,9.183282852172852,36736400,,
2002-7-17,15.550000190734863,15.694999694824219,14.789999961853027,14.984999656677246,9.223291397094727,41099800,,
2002-7-18,15.079999923706055,15.600000381469727,15.005000114440918,15.1850004196167,9.346391677856445,33492400,,
2002-7-19,14.949999809265137,15.395000457763672,14.779999732971191,14.994999885559082,9.229443550109863,26307000,,
2002-7-22,14.890000343322754,15.385000228881836,14.420000076293945,14.734999656677246,9.069418907165527,37770000,,
2002-7-23,14.670000076293945,14.875,13.979999542236328,14.010000228881836,8.623178482055664,32794600,,
2002-7-24,13.90999984741211,14.59000015258789,13.460000038146973,14.550000190734863,8.955549240112305,42608800,,
2002-7-25,13.385000228881836,13.680000305175781,12.600000381469727,12.824999809265137,7.893812656402588,60369200,,
2002-7-26,13.800000190734863,13.829999923706055,12.770000457763672,12.994999885559082,7.998441219329834,46448200,,
2002-7-29,13.574999809265137,14.130000114440918,13.350000381469727,14.0649995803833,8.657028198242188,32944400,,
2002-7-30,13.9399995803833,13.96500015258789,13.3100004196167,13.789999961853027,8.487771034240723,36436800,,
2002-7-31,13.6899995803833,13.75,13.375,13.739999771118164,8.456992149353027,19353000,,
2002-8-1,12.875,13.180000305175781,12.524999618530273,12.805000305175781,7.881494522094727,39902600,,
2002-8-2,12.729999542236328,12.890000343322754,12.444999694824219,12.774999618530273,7.863034248352051,23451000,,
2002-8-5,12.630000114440918,12.765000343322754,11.604999542236328,11.875,7.309077739715576,29918800,,
2002-8-6,12.074999809265137,13.045000076293945,12.050000190734863,12.59000015258789,7.749167442321777,30236600,,
2002-8-7,12.960000038146973,13,11.680000305175781,12.505000114440918,7.6968488693237305,30726600,,
2002-8-8,12.319999694824219,13.085000038146973,12.164999961853027,13.020000457763672,8.01383113861084,25655600,,
2002-8-9,12.729999542236328,13.300000190734863,12.550000190734863,12.949999809265137,7.970744609832764,21595600,,
2002-8-12,12.645000457763672,13.010000228881836,12.550000190734863,12.90999984741211,7.9461259841918945,18501000,,
2002-8-13,12.885000228881836,13.675000190734863,12.824999809265137,13.15999984741211,8.100004196166992,33673600,,
2002-8-14,13.100000381469727,14.015000343322754,12.8100004196167,13.875,8.540080070495605,31037000,,
2002-8-15,13.90999984741211,14.329999923706055,13.600000381469727,14.234999656677246,8.761666297912598,30105600,,
2002-8-16,14.109999656677246,14.645000457763672,13.899999618530273,14.545000076293945,8.952467918395996,19193400,,
2002-8-19,14.494999885559082,15.0649995803833,14.390000343322754,14.949999809265137,9.201748847961426,19819800,,
2002-8-20,14.765000343322754,14.829999923706055,14.470000267028809,14.645000457763672,9.014022827148438,19372000,,
2002-8-21,14.479999542236328,14.795000076293945,13.975000381469727,14.614999771118164,8.995556831359863,28561800,,
2002-8-22,14.765000343322754,15.34000015258789,14.609999656677246,15.125,9.309459686279297,22731400,,
2002-8-23,14.890000343322754,15.095000267028809,14.505000114440918,14.739999771118164,9.072488784790039,17544000,,
2002-8-26,14.944999694824219,15.114999771118164,14.425000190734863,14.949999809265137,9.201748847961426,16346400,,
2002-8-27,15.074999809265137,15.119999885559082,14.015000343322754,14.289999961853027,8.795516967773438,19649400,,
2002-8-28,14.149999618530273,14.420000076293945,13.600000381469727,13.654999732971191,8.404672622680664,18235800,,
2002-8-29,13.5,14.399999618530273,13.399999618530273,14.1899995803833,8.733965873718262,22263600,,
2002-8-30,14.010000228881836,14.265000343322754,13.779999732971191,13.854999542236328,8.5277738571167,14370200,,
2002-9-3,13.694999694824219,13.800000190734863,13.175000190734863,13.444999694824219,8.27541732788086,20643600,,
2002-9-4,13.404999732971191,13.819999694824219,13.125,13.5600004196167,8.34620189666748,26485000,,
2002-9-5,13.335000038146973,13.6850004196167,13.125,13.380000114440918,8.2354097366333,21889600,,
2002-9-6,13.625,14.699999809265137,13.625,14.229999542236328,8.758585929870605,36641000,,
2002-9-9,14.25,15.045000076293945,14.180000305175781,14.930000305175781,9.189438819885254,34339400,,
2002-9-10,14.725000381469727,15.020000457763672,14.475000381469727,14.78499984741211,9.100189208984375,32763200,,
2002-9-11,14.954999923706055,15.53499984741211,14.539999961853027,14.604999542236328,8.989399909973145,28566000,,
2002-9-12,14.515000343322754,14.625,14.005000114440918,14.079999923706055,8.666261672973633,29638800,,
2002-9-13,14.024999618530273,14.425000190734863,13.949999809265137,14.289999961853027,8.795516967773438,22273400,,
2002-9-16,14.09000015258789,14.225000381469727,13.555000305175781,13.664999961853027,8.410829544067383,26239000,,
2002-9-17,13.949999809265137,14.024999618530273,13.399999618530273,13.479999542236328,8.296958923339844,27689800,,
2002-9-18,13.34000015258789,13.885000228881836,12.914999961853027,12.994999885559082,7.998441219329834,29700800,,
2002-9-19,12.649999618530273,13.875,12.550000190734863,12.859999656677246,7.915349006652832,36628400,,
2002-9-20,13.595000267028809,14.055000305175781,13.375,14.039999961853027,8.641639709472656,65288800,,
2002-9-23,13.729999542236328,13.949999809265137,13.619999885559082,13.720000267028809,8.444680213928223,26904600,,
2002-9-24,13.505000114440918,14.050000190734863,13.489999771118164,13.770000457763672,8.475454330444336,29343200,,
2002-9-25,14.119999885559082,14.395000457763672,13.899999618530273,14.175000190734863,8.724736213684082,34427000,,
2002-9-26,14.475000381469727,14.725000381469727,14.005000114440918,14.395000457763672,8.860147476196289,34016600,,
2002-9-27,14.25,14.720000267028809,14.220000267028809,14.305000305175781,8.804750442504883,22914200,,
2002-9-30,14,14.1899995803833,13.755000114440918,13.8100004196167,8.500079154968262,24364000,,
2002-10-1,14.100000381469727,14.899999618530273,13.925000190734863,14.885000228881836,9.161741256713867,33711000,,
2002-10-2,14.720000267028809,15.03499984741211,14.210000038146973,14.395000457763672,8.860147476196289,42211200,,
2002-10-3,14.505000114440918,14.925000190734863,14.454999923706055,14.550000190734863,8.955549240112305,30012600,,
2002-10-4,14.789999961853027,14.9350004196167,14.430000305175781,14.630000114440918,9.004788398742676,30755400,,
2002-10-7,14.520000457763672,14.970000267028809,14.345000267028809,14.744999885559082,9.075572967529297,30279800,,
2002-10-8,14.875,14.970000267028809,13.664999961853027,14.350000381469727,8.832446098327637,45208000,,
2002-10-9,14.03499984741211,14.399999618530273,13.899999618530273,13.954999923706055,8.589322090148926,31630600,,
2002-10-10,14.09000015258789,14.975000381469727,14.010000228881836,14.954999923706055,9.204825401306152,37961800,,
2002-10-11,15.194999694824219,15.880000114440918,15.149999618530273,15.6850004196167,9.654142379760742,43647400,,
2002-10-14,15.4399995803833,16.450000762939453,15.329999923706055,16.375,10.078838348388672,33496200,,
2002-10-15,16.979999542236328,17.704999923706055,16.94499969482422,17.670000076293945,10.875910758972168,52726200,,
2002-10-16,17.0049991607666,17.450000762939453,16.809999465942383,17.079999923706055,10.512767791748047,34709000,,
2002-10-17,17.809999465942383,18.200000762939453,17.709999084472656,17.9950008392334,11.075947761535645,40691400,,
2002-10-18,17.4950008392334,18.125,17.260000228881836,18.100000381469727,11.140576362609863,34668200,,
2002-10-21,17.969999313354492,18.524999618530273,17.479999542236328,18.44499969482422,11.352923393249512,33349000,,
2002-10-22,18.084999084472656,18.549999237060547,17.924999237060547,18.479999542236328,11.37447452545166,25275600,,
2002-10-23,18.25,18.395000457763672,17.639999389648438,18.260000228881836,11.239059448242188,37240000,,
2002-10-24,17.690000534057617,18.25,17.584999084472656,17.69499969482422,10.891301155090332,31911400,,
2002-10-25,17.80500030517578,18.325000762939453,17.770000457763672,18.260000228881836,11.239059448242188,27650400,,
2002-10-28,18.125,18.299999237060547,17.545000076293945,17.69499969482422,10.891301155090332,29605200,,
2002-10-29,16.875,17.075000762939453,16.020000457763672,16.844999313354492,10.368124008178711,56098000,,
2002-10-30,16.950000762939453,17.05500030517578,16.510000228881836,16.81999969482422,10.35273265838623,36887600,,
2002-10-31,17.010000228881836,17.594999313354492,16.975000381469727,17.260000228881836,10.62355899810791,34936800,,
2002-11-1,17.024999618530273,17.9950008392334,16.75,17.834999084472656,10.97746753692627,27855400,,
2002-11-4,17.969999313354492,18.325000762939453,17.649999618530273,17.850000381469727,10.986701011657715,34441400,,
2002-11-5,17.649999618530273,17.850000381469727,17.639999389648438,17.815000534057617,10.965166091918945,27863400,,
2002-11-6,18.0049991607666,18.0049991607666,17.30500030517578,17.924999237060547,11.032859802246094,27287200,,
2002-11-7,17.6200008392334,17.69499969482422,17.200000762939453,17.469999313354492,10.7528076171875,30577600,,
2002-11-8,18.045000076293945,18.079999923706055,17.31999969482422,17.3700008392334,10.691262245178223,49730800,,
2002-11-11,17.174999237060547,17.235000610351562,16.450000762939453,16.489999771118164,10.149616241455078,34366600,,
2002-11-12,16.719999313354492,17.520000457763672,16.700000762939453,17.239999771118164,10.61124324798584,32656800,,
2002-11-13,17.09000015258789,17.760000228881836,16.875,17.565000534057617,10.811288833618164,36637200,,
2002-11-14,17.8700008392334,19.110000610351562,17.860000610351562,19.100000381469727,11.75607681274414,46916000,,
2002-11-15,18.760000228881836,19.905000686645508,18.7450008392334,19.719999313354492,12.137690544128418,58749600,,
2002-11-18,19.954999923706055,20,19.15999984741211,19.19499969482422,11.814550399780273,35818800,,
2002-11-19,19,19.030000686645508,18.350000381469727,18.5049991607666,11.389856338500977,36166600,,
2002-11-20,18.56999969482422,19.719999313354492,18.549999237060547,19.575000762939453,12.048440933227539,37288400,,
2002-11-21,19.864999771118164,20.385000228881836,19.78499984741211,20.31999969482422,12.506990432739258,44574800,,
2002-11-22,20.049999237060547,20.34000015258789,19.924999237060547,20.34000015258789,12.519308090209961,32546400,,
2002-11-25,20.329999923706055,21,20.040000915527344,20.950000762939453,12.894758224487305,30382800,,
2002-11-26,20.55500030517578,20.84000015258789,20.104999542236328,20.165000915527344,12.411584854125977,27549800,,
2002-11-27,20.6200008392334,20.989999771118164,20.299999237060547,20.854999542236328,12.836285591125488,21725800,,
2002-11-29,20.875,20.934999465942383,20.475000381469727,20.610000610351562,12.685487747192383,8551200,,
2002-12-2,21,21.44499969482422,20.725000381469727,21.344999313354492,13.137874603271484,29784200,,
2002-12-3,20.899999618530273,20.915000915527344,20.264999389648438,20.405000686645508,12.559305191040039,26763600,,
2002-12-4,20.049999237060547,20.25,19.614999771118164,19.989999771118164,12.303881645202637,30910200,,
2002-12-5,20.225000381469727,20.2450008392334,19.43000030517578,19.790000915527344,12.180776596069336,24688600,,
2002-12-6,20.15999984741211,21.040000915527344,20.149999618530273,20.739999771118164,12.765501022338867,41959600,,
2002-12-9,20.350000381469727,20.360000610351562,19.540000915527344,19.594999313354492,12.060750007629395,30479200,,
2002-12-10,19.485000610351562,20.065000534057617,19.290000915527344,19.80500030517578,12.190006256103516,26046000,,
2002-12-11,19.579999923706055,20.104999542236328,19.450000762939453,19.770000457763672,12.168461799621582,21406600,,
2002-12-12,19.594999313354492,19.719999313354492,19.03499984741211,19.2549991607666,11.851479530334473,26806000,,
2002-12-13,18.94499969482422,19.139999389648438,18.604999542236328,18.80500030517578,11.574503898620605,25384200,,
2002-12-16,18.950000762939453,19.69499969482422,18.875,19.69499969482422,12.12230396270752,24684600,,
2002-12-17,19.645000457763672,19.96500015258789,19.399999618530273,19.770000457763672,12.168461799621582,21147000,,
2002-12-18,19.46500015258789,19.549999237060547,18.875,19.174999237060547,11.802241325378418,26603800,,
2002-12-19,19.2549991607666,19.6200008392334,18.549999237060547,18.81999969482422,11.583741188049316,28300400,,
2002-12-20,18.774999618530273,19.25,17.915000915527344,18.84000015258789,11.596052169799805,31139200,,
2002-12-23,18.8799991607666,19.545000076293945,18.854999542236328,19.4950008392334,11.999204635620117,19391800,,
2002-12-24,19.299999237060547,19.594999313354492,19.19499969482422,19.229999542236328,11.836095809936523,7738400,,
2002-12-26,19.350000381469727,19.795000076293945,18.674999237060547,19.03499984741211,11.716073036193848,14171200,,
2002-12-27,18.850000381469727,19.094999313354492,18.510000228881836,18.635000228881836,11.46987247467041,12862800,,
2002-12-30,18.610000610351562,18.889999389648438,18.174999237060547,18.399999618530273,11.325226783752441,17673400,,
2002-12-31,18.299999237060547,18.454999923706055,17.915000915527344,18.19499969482422,11.199052810668945,14221000,,
2003-1-2,18.309999465942383,18.584999084472656,18.059999465942383,18.56999969482422,11.429865837097168,31695600,,
2003-1-3,18.219999313354492,18.25,17.700000762939453,17.850000381469727,10.986701011657715,32266000,,
2003-1-6,17.809999465942383,18.75,17.790000915527344,18.684999465942383,11.500646591186523,29093200,,
2003-1-7,18.725000381469727,18.959999084472656,18.34000015258789,18.6299991607666,11.466793060302734,28619800,,
2003-1-8,18.549999237060547,18.600000381469727,18.049999237060547,18.309999465942383,11.2698335647583,24328000,,
2003-1-9,18.635000228881836,19.475000381469727,18.53499984741211,19.34000015258789,11.903800010681152,34328800,,
2003-1-10,18.9950008392334,19.479999542236328,18.875,19.225000381469727,11.833015441894531,28336800,,
2003-1-13,19.549999237060547,19.7549991607666,18.979999542236328,19.350000381469727,11.909953117370605,30118800,,
2003-1-14,19.354999542236328,19.770000457763672,19.350000381469727,19.65999984741211,12.100759506225586,23115200,,
2003-1-15,19.75,19.799999237060547,19.020000457763672,19.184999465942383,11.808399200439453,21804400,,
2003-1-16,19.114999771118164,19.954999923706055,18.924999237060547,19.19499969482422,11.814550399780273,29799800,,
2003-1-17,18.8700008392334,18.8700008392334,18.364999771118164,18.399999618530273,11.325226783752441,24722600,,
2003-1-21,18.489999771118164,18.899999618530273,18.44499969482422,18.479999542236328,11.37447452545166,24266400,,
2003-1-22,18.450000762939453,18.8799991607666,18.30500030517578,18.344999313354492,11.291374206542969,29224800,,
2003-1-23,18.975000381469727,19.524999618530273,18.864999771118164,18.96500015258789,11.672985076904297,47293800,,
2003-1-24,18.920000076293945,18.950000762939453,18.364999771118164,18.399999618530273,11.325226783752441,24940600,,
2003-1-27,18.03499984741211,18.645000457763672,18.024999618530273,18.190000534057617,11.19597053527832,25805400,,
2003-1-28,18.469999313354492,18.584999084472656,18.190000534057617,18.545000076293945,11.414473533630371,21826400,,
2003-1-29,18.344999313354492,19.125,18.125,19.0049991607666,11.697607040405273,29270800,,
2003-1-30,19.09000015258789,19.225000381469727,18.655000686645508,18.770000457763672,11.552966117858887,27340400,,
2003-1-31,18.475000381469727,19.149999618530273,18.424999237060547,18.829999923706055,11.589893341064453,28501200,,
2003-2-3,18.844999313354492,18.954999923706055,18.459999084472656,18.670000076293945,11.491412162780762,23488600,,
2003-2-4,18.3799991607666,18.520000457763672,18.094999313354492,18.299999237060547,11.263681411743164,22234400,,
2003-2-5,18.46500015258789,18.7450008392334,18.049999237060547,18.139999389648438,11.16519832611084,21304200,,
2003-2-6,18.100000381469727,18.424999237060547,18.075000762939453,18.290000915527344,11.257526397705078,20487600,,
2003-2-7,18.354999542236328,18.469999313354492,18.05500030517578,18.1200008392334,11.152891159057617,21921800,,
2003-2-10,18.25,18.834999084472656,18.21500015258789,18.809999465942383,11.577587127685547,28098400,,
2003-2-11,19.225000381469727,19.3799991607666,18.614999771118164,18.825000762939453,11.586817741394043,40392400,,
2003-2-12,18.7450008392334,19.125,18.18000030517578,18.280000686645508,11.251364707946777,39986200,,
2003-2-13,18.280000686645508,18.299999237060547,16.520000457763672,16.954999923706055,10.435827255249023,80449000,,
2003-2-14,17.045000076293945,17.350000381469727,16.315000534057617,17.350000381469727,10.678956031799316,55750000,,
2003-2-18,17.4950008392334,17.780000686645508,17.360000610351562,17.69499969482422,10.891301155090332,30112000,,
2003-2-19,17.584999084472656,17.774999618530273,17.399999618530273,17.770000457763672,10.93746280670166,21300400,,
2003-2-20,17.5,17.69499969482422,17.219999313354492,17.350000381469727,10.678956031799316,29254600,,
2003-2-21,17.309999465942383,17.764999389648438,17.1299991607666,17.610000610351562,10.838979721069336,32724600,,
2003-2-24,17.475000381469727,17.81999969482422,17.350000381469727,17.59000015258789,10.826676368713379,21076200,,
2003-2-25,17.389999389648438,17.450000762939453,17,17.385000228881836,10.700489044189453,25100200,,
2003-2-26,17.309999465942383,17.3700008392334,16.704999923706055,16.735000610351562,10.300416946411133,27003200,,
2003-2-27,16.7549991607666,17.15999984741211,16.6200008392334,17.110000610351562,10.531235694885254,28854200,,
2003-2-28,17.170000076293945,17.645000457763672,17.045000076293945,17.290000915527344,10.642022132873535,26790400,,
2003-3-3,17.459999084472656,17.7549991607666,16.954999923706055,17.0049991607666,10.46660327911377,24348200,,
2003-3-4,16.950000762939453,17.354999542236328,16.719999313354492,17.225000381469727,10.60201358795166,24821000,,
2003-3-5,17.229999542236328,17.9950008392334,17.229999542236328,17.7450008392334,10.922073364257812,34173000,,
2003-3-6,17.405000686645508,17.674999237060547,17.30500030517578,17.489999771118164,10.765122413635254,26919800,,
2003-3-7,17.200000762939453,17.69499969482422,17.100000381469727,17.59000015258789,10.826676368713379,23433800,,
2003-3-10,17.635000228881836,17.635000228881836,17.010000228881836,17.1200008392334,10.537384986877441,27088000,,
2003-3-11,17.19499969482422,17.485000610351562,17.065000534057617,17.264999389648438,10.626632690429688,23180000,,
2003-3-12,17.1200008392334,17.600000381469727,17.024999618530273,17.559999465942383,10.823880195617676,24237200,0.025,
2003-3-13,17.93000030517578,18.850000381469727,17.875,18.844999313354492,11.615947723388672,42897400,,
2003-3-14,18.920000076293945,18.959999084472656,18.454999923706055,18.739999771118164,11.551224708557129,38321000,,
2003-3-17,18.434999465942383,19.975000381469727,18.43000030517578,19.510000228881836,12.025846481323242,41681200,,
2003-3-18,19.489999771118164,19.65999984741211,19.155000686645508,19.625,12.096732139587402,24989000,,
2003-3-19,19.549999237060547,19.665000915527344,19.18000030517578,19.559999465942383,12.05666446685791,25721800,,
2003-3-20,18.979999542236328,19.5,18.795000076293945,19.30500030517578,11.899490356445312,34740200,,
2003-3-21,19.75,19.770000457763672,19.399999618530273,19.604999542236328,12.084402084350586,30202000,,
2003-3-24,19,19.399999618530273,18.850000381469727,19.059999465942383,11.7484769821167,23169800,,
2003-3-25,19.049999237060547,19.485000610351562,18.8799991607666,19.3799991607666,11.945714950561523,23284800,,
2003-3-26,19.334999084472656,19.375,19.075000762939453,19.21500015258789,11.844016075134277,18200000,,
2003-3-27,18.950000762939453,19.0049991607666,18.735000610351562,18.799999237060547,11.588210105895996,24235800,,
2003-3-28,18.75,18.885000228881836,18.450000762939453,18.75,11.557389259338379,18536800,,
2003-3-31,18.375,18.44499969482422,17.985000610351562,18,11.09509563446045,24372600,,
2003-4-1,18.25,18.31999969482422,17.895000457763672,17.975000381469727,11.079680442810059,22588200,,
2003-4-2,18.149999618530273,18.184999465942383,16.905000686645508,17.09000015258789,10.53417682647705,62289800,,
2003-4-3,17.274999618530273,17.65999984741211,17,17.15999984741211,10.577323913574219,38932000,,
2003-4-4,17.385000228881836,17.424999237060547,16.985000610351562,17.145000457763672,10.56807804107666,24924200,,
2003-4-7,17.905000686645508,18.125,17.065000534057617,17.094999313354492,10.537259101867676,27801400,,
2003-4-8,16.670000076293945,16.975000381469727,16.094999313354492,16.200000762939453,9.985588073730469,47752200,,
2003-4-9,16.25,16.375,15.5600004196167,16.110000610351562,9.930110931396484,48647800,,
2003-4-10,16.030000686645508,16.31999969482422,15.899999618530273,16.155000686645508,9.95784854888916,21925600,,
2003-4-11,16.424999237060547,16.46500015258789,15.680000305175781,15.9399995803833,9.82532024383545,18284200,,
2003-4-14,15.914999961853027,16.649999618530273,15.824999809265137,16.530000686645508,10.188997268676758,27603800,,
2003-4-15,16.375,16.7450008392334,16.329999923706055,16.540000915527344,10.195158958435059,22564600,,
2003-4-16,16.739999771118164,16.844999313354492,16.309999465942383,16.360000610351562,10.084205627441406,23756200,,
2003-4-17,16.024999618530273,16.59000015258789,15.920000076293945,16.469999313354492,10.152015686035156,31396200,,
2003-4-21,16.514999389648438,16.80500030517578,16.30500030517578,16.440000534057617,10.133519172668457,25597400,,
2003-4-22,16.270000457763672,16.635000228881836,16.235000610351562,16.604999542236328,10.235220909118652,32525000,,
2003-4-23,16.854999542236328,16.899999618530273,16.40999984741211,16.489999771118164,10.164336204528809,39451000,,
2003-4-24,16.700000762939453,16.950000762939453,16.165000915527344,16.315000534057617,10.05647087097168,51229200,,
2003-4-25,16.149999618530273,16.184999465942383,15.369999885559082,15.5600004196167,9.59109115600586,40181600,,
2003-4-28,15.510000228881836,15.720000267028809,15.329999923706055,15.529999732971191,9.572600364685059,30257200,,
2003-4-29,15.694999694824219,16.100000381469727,15.524999618530273,15.944999694824219,9.828405380249023,26608800,,
2003-4-30,15.850000381469727,16.219999313354492,15.760000228881836,15.9399995803833,9.82532024383545,25550200,,
2003-5-1,15.970000267028809,16.280000686645508,15.725000381469727,16.104999542236328,9.927027702331543,21863600,,
2003-5-2,16.100000381469727,16.125,15.71500015258789,16.05500030517578,9.896209716796875,25309800,,
2003-5-5,16.030000686645508,16.485000610351562,15.925000190734863,16.239999771118164,10.01024055480957,21879000,,
2003-5-6,15.994999885559082,16.485000610351562,15.930000305175781,16.415000915527344,10.118111610412598,23542600,,
2003-5-7,16.385000228881836,16.5,15.795000076293945,15.970000267028809,9.843814849853516,31032800,,
2003-5-8,15.649999618530273,15.71500015258789,15.0600004196167,15.194999694824219,9.366106986999512,49770400,,
2003-5-9,15.444999694824219,15.619999885559082,15.25,15.555000305175781,9.5880126953125,30747800,,
2003-5-12,15.3100004196167,15.609999656677246,15.244999885559082,15.5600004196167,9.59109115600586,29087200,,
2003-5-13,15.4399995803833,15.755000114440918,15.399999618530273,15.6850004196167,9.668142318725586,28375600,,
2003-5-14,15.704999923706055,15.774999618530273,15.28499984741211,15.420000076293945,9.50479793548584,22461400,,
2003-5-15,14.960000038146973,15.234999656677246,14.789999961853027,15.114999771118164,9.316794395446777,47250600,,
2003-5-16,14.994999885559082,15.524999618530273,14.979999542236328,15.149999618530273,9.33836841583252,33473400,,
2003-5-19,15.550000190734863,15.645000457763672,15.135000228881836,15.135000228881836,9.329127311706543,36322400,,
2003-5-20,15.175000190734863,15.614999771118164,15.140000343322754,15.479999542236328,9.541781425476074,30666600,,
2003-5-21,15.350000381469727,15.875,15.34000015258789,15.6899995803833,9.671223640441895,24132400,,
2003-5-22,15.800000190734863,16,15.510000228881836,15.675000190734863,9.661978721618652,27204800,,
2003-5-23,15.399999618530273,15.545000076293945,15.279999732971191,15.449999809265137,9.523289680480957,20740000,,
2003-5-27,15.244999885559082,15.904999732971191,15.21500015258789,15.885000228881836,9.791420936584473,20397200,,
2003-5-28,15.800000190734863,16.014999389648438,15.625,15.694999694824219,9.689555168151855,17749000,0.025,
2003-5-29,15.845000267028809,16.524999618530273,15.6899995803833,16.25,10.032194137573242,38179200,,
2003-5-30,16.31999969482422,16.90999984741211,16.309999465942383,16.774999618530273,10.356310844421387,35369200,,
2003-6-2,16.94499969482422,16.985000610351562,16.454999923706055,16.674999237060547,10.294570922851562,32764400,,
2003-6-3,16.565000534057617,17.479999542236328,16.454999923706055,17.34000015258789,10.705120086669922,48221200,,
2003-6-4,17.325000762939453,17.475000381469727,17.05500030517578,17.350000381469727,10.711295127868652,26302400,,
2003-6-5,17.125,17.649999618530273,17.094999313354492,17.450000762939453,10.773024559020996,23624000,,
2003-6-6,17.700000762939453,17.815000534057617,16.75,16.774999618530273,10.356310844421387,37706000,,
2003-6-9,16.479999542236328,17.219999313354492,16.405000686645508,16.600000381469727,10.248270988464355,28760000,,
2003-6-10,16.704999923706055,16.93000030517578,16.520000457763672,16.815000534057617,10.381001472473145,19709400,,
2003-6-11,16.575000762939453,16.905000686645508,16.274999618530273,16.809999465942383,10.37791919708252,27324400,,
2003-6-12,16.700000762939453,16.84000015258789,16.4950008392334,16.795000076293945,10.368661880493164,18516600,,
2003-6-13,16.7549991607666,16.96500015258789,16.350000381469727,16.4950008392334,10.183446884155273,16338000,,
2003-6-16,16.485000610351562,16.9950008392334,16.424999237060547,16.84000015258789,10.396434783935547,19476200,,
2003-6-17,16.975000381469727,17,16.614999771118164,16.885000228881836,10.424221992492676,20130200,,
2003-6-18,16.684999465942383,17.9950008392334,16.645000457763672,17.844999313354492,11.016892433166504,39526600,,
2003-6-19,18.059999465942383,19.09000015258789,17.985000610351562,18.459999084472656,11.396573066711426,61447400,,
2003-6-20,18.524999618530273,18.575000762939453,17.725000381469727,18.225000381469727,11.251492500305176,24853400,,
2003-6-23,17.9950008392334,18.200000762939453,17.7549991607666,18,11.112582206726074,17794000,,
2003-6-24,17.979999542236328,18.25,17.690000534057617,17.905000686645508,11.053934097290039,18620600,,
2003-6-25,17.905000686645508,17.975000381469727,17.610000610351562,17.65999984741211,10.902681350708008,20235200,,
2003-6-26,17.7549991607666,18.25,17.625,18.21500015258789,11.245318412780762,17593800,,
2003-6-27,18.174999237060547,18.43000030517578,17.80500030517578,18.0049991607666,11.115666389465332,17232000,,
2003-6-30,17.979999542236328,18.299999237060547,17.8700008392334,17.969999313354492,11.094066619873047,14189200,,
2003-7-1,17.725000381469727,18.204999923706055,17.600000381469727,18.020000457763672,11.124932289123535,17841000,,
2003-7-2,18.079999923706055,18.875,18.03499984741211,18.8700008392334,11.649694442749023,23431000,,
2003-7-3,18.625,18.920000076293945,18.389999389648438,18.729999542236328,11.563263893127441,13808200,,
2003-7-7,18.950000762939453,19.989999771118164,18.905000686645508,19.940000534057617,12.310272216796875,43747600,,
2003-7-8,19.65999984741211,19.81999969482422,19.46500015258789,19.7450008392334,12.189892768859863,24900600,,
2003-7-9,19.68000030517578,19.954999923706055,19.274999618530273,19.549999237060547,12.069502830505371,18209800,,
2003-7-10,19.399999618530273,19.4950008392334,18.895000457763672,19.079999923706055,11.779336929321289,21951000,,
2003-7-11,19.104999542236328,19.520000457763672,19.084999084472656,19.31999969482422,11.927507400512695,14206600,,
2003-7-14,19.454999923706055,19.780000686645508,19.05500030517578,19.184999465942383,11.844164848327637,22736600,,
2003-7-15,19.28499984741211,19.360000610351562,18.69499969482422,18.899999618530273,11.668210983276367,22701400,,
2003-7-16,18.9950008392334,19.05500030517578,18.5,18.65999984741211,11.520042419433594,17650000,,
2003-7-17,18.165000915527344,18.190000534057617,17.774999618530273,17.844999313354492,11.016892433166504,30797000,,
2003-7-18,17.875,18,17.6299991607666,17.7450008392334,10.955155372619629,15457600,,
2003-7-21,17.94499969482422,17.94499969482422,17.165000915527344,17.4950008392334,10.800813674926758,19843000,,
2003-7-22,17.700000762939453,18.434999465942383,17.604999542236328,18.1200008392334,11.186665534973145,23673400,,
2003-7-23,18.084999084472656,18.264999389648438,17.700000762939453,18.125,11.189749717712402,19169000,,
2003-7-24,18.290000915527344,18.889999389648438,18.174999237060547,18.604999542236328,11.486089706420898,31553800,,
2003-7-25,18.6200008392334,18.9950008392334,18.229999542236328,18.924999237060547,11.683646202087402,16544200,,
2003-7-28,19.110000610351562,19.3700008392334,19.03499984741211,19.309999465942383,11.921337127685547,23115600,,
2003-7-29,19.30500030517578,19.5,18.684999465942383,19.065000534057617,11.770078659057617,18204000,,
2003-7-30,19.059999465942383,19.219999313354492,18.510000228881836,18.670000076293945,11.526211738586426,13352200,,
2003-7-31,18.795000076293945,19.075000762939453,18.709999084472656,18.739999771118164,11.56943416595459,17741400,,
2003-8-1,18.729999542236328,18.774999618530273,18.225000381469727,18.25,11.266924858093262,16916400,,
2003-8-4,18.06999969482422,18.895000457763672,18.06999969482422,18.690000534057617,11.538561820983887,19388200,,
2003-8-5,18.700000762939453,18.704999923706055,17.975000381469727,18.010000228881836,11.118755340576172,16350200,,
2003-8-6,18.049999237060547,18.610000610351562,17.950000762939453,18.235000610351562,11.257661819458008,19432000,,
2003-8-7,18.075000762939453,18.549999237060547,18.030000686645508,18.204999923706055,11.23913860321045,19013800,,
2003-8-8,18.280000686645508,18.395000457763672,17.565000534057617,17.68000030517578,10.915030479431152,20599800,,
2003-8-11,17.584999084472656,18.309999465942383,17.575000762939453,17.940000534057617,11.075541496276855,18368400,,
2003-8-12,18,18.475000381469727,17.875,18.3799991607666,11.34718132019043,17800400,,
2003-8-13,18.549999237060547,18.954999923706055,18.235000610351562,18.915000915527344,11.677472114562988,28103200,,
2003-8-14,18.770000457763672,19.219999313354492,18.59000015258789,19.190000534057617,11.847246170043945,24289400,,
2003-8-15,19.170000076293945,19.25,18.924999237060547,19.18000030517578,11.84107494354248,8311600,,
2003-8-18,19.094999313354492,19.565000534057617,19.079999923706055,19.55500030517578,12.072586059570312,15819600,,
2003-8-19,19.545000076293945,19.739999771118164,19,19.34000015258789,11.93985652923584,18336800,,
2003-8-20,18.985000610351562,19.454999923706055,18.954999923706055,19.31999969482422,11.927507400512695,18368000,,
2003-8-21,19.489999771118164,19.520000457763672,18.9950008392334,19.31999969482422,11.927507400512695,16936800,,
2003-8-22,19.549999237060547,19.799999237060547,19.399999618530273,19.434999465942383,11.998497009277344,33529400,,
2003-8-25,19.31999969482422,19.524999618530273,19.28499984741211,19.489999771118164,12.03245735168457,11925200,,
2003-8-26,19.280000686645508,19.829999923706055,19.030000686645508,19.799999237060547,12.22383975982666,23926600,,
2003-8-27,19.735000610351562,20.530000686645508,19.625,20.5,12.678414344787598,38562600,0.035,
2003-8-28,20.5049991607666,20.614999771118164,20.170000076293945,20.485000610351562,12.669130325317383,21463600,,
2003-8-29,20.415000915527344,20.795000076293945,20.375,20.665000915527344,12.780458450317383,18485600,,
2003-9-2,20.594999313354492,20.68000030517578,20.219999313354492,20.604999542236328,12.7433500289917,22937600,,
2003-9-3,20.645000457763672,20.700000762939453,20.084999084472656,20.184999465942383,12.483588218688965,24250800,,
2003-9-4,20.135000228881836,20.584999084472656,20.079999923706055,20.549999237060547,12.709331512451172,25470800,,
2003-9-5,20.489999771118164,20.934999465942383,20.479999542236328,20.604999542236328,12.7433500289917,25852000,,
2003-9-8,20.549999237060547,21.334999084472656,20.545000076293945,21.239999771118164,13.136068344116211,20456800,,
2003-9-9,21.084999084472656,21.104999542236328,20.5,20.90999984741211,12.931975364685059,18610800,,
2003-9-10,20.575000762939453,20.8700008392334,20.30500030517578,20.309999465942383,12.560903549194336,13975400,,
2003-9-11,20.405000686645508,20.700000762939453,20.25,20.5,12.678414344787598,17530600,,
2003-9-12,21.100000381469727,21.475000381469727,21,21.40999984741211,13.241209030151367,30094800,,
2003-9-15,21.325000762939453,21.850000381469727,21.184999465942383,21.725000381469727,13.436022758483887,31354400,,
2003-9-16,21.299999237060547,22.489999771118164,21.190000534057617,22.44499969482422,13.88131332397461,42185000,,
2003-9-17,22.3799991607666,22.514999389648438,21.94499969482422,22.1200008392334,13.680313110351562,22348200,,
2003-9-18,22.079999923706055,23.024999618530273,22.079999923706055,22.864999771118164,14.141061782836914,28065800,,
2003-9-19,22.81999969482422,22.8799991607666,22.364999771118164,22.524999618530273,13.930790901184082,23142200,,
2003-9-22,22.155000686645508,22.639999389648438,22.1299991607666,22.309999465942383,13.79781436920166,19401000,,
2003-9-23,22.540000915527344,22.625,22.165000915527344,22.389999389648438,13.847296714782715,21975000,,
2003-9-24,22.43000030517578,22.440000534057617,21.610000610351562,21.760000228881836,13.457662582397461,18484600,,
2003-9-25,21.594999313354492,22.174999237060547,21.3700008392334,21.44499969482422,13.262852668762207,16701800,,
2003-9-26,21.34000015258789,21.674999237060547,20.80500030517578,20.825000762939453,12.879408836364746,20629800,,
2003-9-29,21.045000076293945,21.690000534057617,20.924999237060547,21.670000076293945,13.402002334594727,20221000,,
2003-9-30,21.309999465942383,21.459999084472656,20.80500030517578,20.834999084472656,12.88559627532959,19978000,,
2003-10-1,20.979999542236328,21.229999542236328,20.5,21.174999237060547,13.095867156982422,23894000,,
2003-10-2,21.44499969482422,21.604999542236328,21.165000915527344,21.4950008392334,13.293778419494629,16059200,,
2003-10-3,21.93000030517578,22.1299991607666,21.725000381469727,21.9950008392334,13.603007316589355,16026000,,
2003-10-6,21.875,22.075000762939453,21.80500030517578,21.96500015258789,13.584457397460938,8445200,,
2003-10-7,21.969999313354492,21.969999313354492,21.274999618530273,21.8799991607666,13.531877517700195,19484400,,
2003-10-8,21.93000030517578,22.06999969482422,21.40999984741211,21.625,13.374176025390625,16377600,,
2003-10-9,21.979999542236328,22.264999389648438,21.575000762939453,21.829999923706055,13.500956535339355,22381200,,
2003-10-10,21.809999465942383,22.184999465942383,21.799999237060547,22.155000686645508,13.701960563659668,16021000,,
2003-10-13,22.395000457763672,22.665000915527344,22.344999313354492,22.459999084472656,13.890595436096191,15128400,,
2003-10-14,22.2549991607666,22.434999465942383,22.139999389648438,22.299999237060547,13.791638374328613,13211800,,
2003-10-15,22.5,22.5049991607666,21.975000381469727,22.059999465942383,13.643209457397461,13045400,,
2003-10-16,21.704999923706055,22.565000534057617,21.670000076293945,22.434999465942383,13.87513256072998,19148600,,
2003-10-17,22.489999771118164,22.5,21.610000610351562,21.6299991607666,13.377272605895996,18781400,,
2003-10-20,21.71500015258789,22.28499984741211,21.700000762939453,22.25,13.760711669921875,13829200,,
2003-10-21,22.479999542236328,22.825000762939453,22.309999465942383,22.665000915527344,14.017374992370605,17986000,,
2003-10-22,22.360000610351562,22.56999969482422,21.985000610351562,22.0049991607666,13.60919189453125,13539600,,
2003-10-23,21.690000534057617,22.170000076293945,21.575000762939453,21.934999465942383,13.565900802612305,14845200,,
2003-10-24,21.825000762939453,22.1200008392334,21.350000381469727,22.100000381469727,13.667949676513672,12851000,,
2003-10-27,22.200000762939453,22.5,22.084999084472656,22.1200008392334,13.680313110351562,12346800,,
2003-10-28,22.385000228881836,23.594999313354492,22.2450008392334,23.5,14.53377914428711,28818200,,
2003-10-29,23.549999237060547,23.815000534057617,23.19499969482422,23.760000228881836,14.694588661193848,18797000,,
2003-10-30,24.274999618530273,24.299999237060547,23.75,24.010000228881836,14.849203109741211,18911800,,
2003-10-31,23.975000381469727,24.06999969482422,23.6299991607666,23.7450008392334,14.685315132141113,17035800,,
2003-11-3,23.7450008392334,24.315000534057617,23.719999313354492,24.125,14.920321464538574,16750200,,
2003-11-4,23.8700008392334,23.924999237060547,23.5,23.65999984741211,14.632732391357422,16077600,,
2003-11-5,23.524999618530273,23.7549991607666,22.96500015258789,23.295000076293945,14.407004356384277,26999800,,
2003-11-6,23.645000457763672,23.69499969482422,22.979999542236328,23.329999923706055,14.42864990234375,25851000,,
2003-11-7,23.459999084472656,24.34000015258789,23.420000076293945,24.020000457763672,14.855381965637207,27723600,,
2003-11-10,23.905000686645508,23.940000534057617,23.260000228881836,23.354999542236328,14.444113731384277,14031400,,
2003-11-11,23.25,23.55500030517578,23.075000762939453,23.209999084472656,14.354437828063965,9719200,,
2003-11-12,23.489999771118164,24,23.354999542236328,23.905000686645508,14.784265518188477,13607400,,
2003-11-13,23.684999465942383,23.989999771118164,23.600000381469727,23.850000381469727,14.750246047973633,9329200,,
2003-11-14,23.93000030517578,24.315000534057617,23.530000686645508,23.700000762939453,14.657474517822266,14582400,,
2003-11-17,23.3799991607666,23.584999084472656,23.19499969482422,23.360000610351562,14.447203636169434,15086000,,
2003-11-18,23.549999237060547,23.649999618530273,22.665000915527344,22.71500015258789,14.048294067382812,17367600,,
2003-11-19,22.655000686645508,23.229999542236328,22.625,23.014999389648438,14.233833312988281,12906600,,
2003-11-20,22.780000686645508,22.920000076293945,22.299999237060547,22.385000228881836,13.844202041625977,16397800,,
2003-11-21,22.549999237060547,22.56999969482422,21.80500030517578,21.959999084472656,13.581356048583984,22907600,,
2003-11-24,22.225000381469727,22.71500015258789,22.014999389648438,22.594999313354492,13.974079132080078,20955000,,
2003-11-25,22.575000762939453,23.114999771118164,22.09000015258789,22.790000915527344,14.116545677185059,16170200,0.035,
2003-11-26,22.915000915527344,22.975000381469727,22.030000686645508,22.229999542236328,13.769670486450195,17172000,,
2003-11-28,22.354999542236328,22.399999618530273,22.065000534057617,22.274999618530273,13.797544479370117,5505600,,
2003-12-1,22.454999923706055,22.875,22.389999389648438,22.799999237060547,14.12274169921875,15588000,,
2003-12-2,22.799999237060547,22.989999771118164,22.3700008392334,22.450000762939453,13.905943870544434,15372400,,
2003-12-3,22.635000228881836,22.84000015258789,22.135000228881836,22.235000610351562,13.7727632522583,19160800,,
2003-12-4,23.825000762939453,24.690000534057617,23.764999389648438,24.549999237060547,15.206722259521484,59609400,,
2003-12-5,24.25,24.9950008392334,24.100000381469727,24.739999771118164,15.324409484863281,32994400,,
2003-12-8,24.545000076293945,24.725000381469727,24.415000915527344,24.610000610351562,15.24388599395752,17801600,,
2003-12-9,24.584999084472656,24.670000076293945,24.204999923706055,24.219999313354492,15.002309799194336,21161800,,
2003-12-10,24.184999465942383,24.55500030517578,24.094999313354492,24.375,15.098326683044434,16016600,,
2003-12-11,24.469999313354492,25.225000381469727,24.18000030517578,25.06999969482422,15.52881908416748,22331200,,
2003-12-12,25.09000015258789,25.579999923706055,24.850000381469727,25.5,15.795169830322266,21204200,,
2003-12-15,25.969999313354492,26,24.940000534057617,25.03499984741211,15.50714111328125,24853600,,
2003-12-16,24.899999618530273,25.110000610351562,24.375,24.895000457763672,15.420425415039062,20533200,,
2003-12-17,24.75,25.170000076293945,24.4950008392334,24.65999984741211,15.274860382080078,15313000,,
2003-12-18,24.625,25.920000076293945,24.625,25.739999771118164,15.943830490112305,31133400,,
2003-12-19,25.860000610351562,25.860000610351562,25.25,25.514999389648438,15.804463386535645,22200600,,
2003-12-22,25.450000762939453,26.15999984741211,25.395000457763672,26.125,16.182310104370117,15205600,,
2003-12-23,26.200000762939453,26.81999969482422,26.059999465942383,26.760000228881836,16.575626373291016,20276800,,
2003-12-24,26.690000534057617,26.690000534057617,26.270000457763672,26.420000076293945,16.365041732788086,5490400,,
2003-12-26,26.46500015258789,26.69499969482422,26.34000015258789,26.514999389648438,16.423879623413086,3908000,,
2003-12-29,26.399999618530273,27.424999237060547,26.399999618530273,27.40999984741211,16.978261947631836,14254200,,
2003-12-30,27.235000610351562,27.389999389648438,27.014999389648438,27.190000534057617,16.841995239257812,12150200,,
2003-12-31,27.30500030517578,27.399999618530273,26.799999237060547,26.96500015258789,16.702613830566406,9920200,,
2004-1-2,27.010000228881836,27.4950008392334,26.665000915527344,26.809999465942383,16.606609344482422,13705000,,
2004-1-5,26.75,27.44499969482422,26.709999084472656,27.375,16.956579208374023,15907200,,
2004-1-6,27.235000610351562,27.415000915527344,26.875,27.114999771118164,16.79552459716797,16162600,,
2004-1-7,27,28.114999771118164,26.96500015258789,27.8799991607666,17.26938819885254,20298600,,
2004-1-8,28.6299991607666,29.71500015258789,28.479999542236328,29.475000381469727,18.257347106933594,38061600,,
2004-1-9,29.110000610351562,29.9950008392334,29.110000610351562,29.485000610351562,18.263551712036133,23863200,,
2004-1-12,29.43000030517578,30.165000915527344,29.270000457763672,30.045000076293945,18.61042022705078,18206800,,
2004-1-13,30.104999542236328,30.325000762939453,29.399999618530273,29.719999313354492,18.40911102294922,19772600,,
2004-1-14,29.915000915527344,30.174999237060547,29.704999923706055,30.05500030517578,18.616619110107422,14890800,,
2004-1-15,29.399999618530273,30.364999771118164,29.295000076293945,29.959999084472656,18.557783126831055,20111600,,
2004-1-16,29.815000534057617,29.989999771118164,29.454999923706055,29.834999084472656,18.4803524017334,21836000,,
2004-1-20,29.825000762939453,29.8700008392334,29.145000457763672,29.440000534057617,18.23568344116211,18349200,,
2004-1-21,29.05500030517578,29.610000610351562,28.5049991607666,29.385000228881836,18.20161247253418,22475000,,
2004-1-22,28.924999237060547,29.15999984741211,28.415000915527344,28.55500030517578,17.6874942779541,22253400,,
2004-1-23,28.735000610351562,29.049999237060547,28.100000381469727,28.46500015258789,17.631746292114258,14957000,,
2004-1-26,28.34000015258789,29.264999389648438,28.200000762939453,29.225000381469727,18.10250473022461,13561000,,
2004-1-27,29.2450008392334,29.489999771118164,28.454999923706055,28.549999237060547,17.684398651123047,13952600,,
2004-1-28,28.729999542236328,29.145000457763672,28.184999465942383,28.280000686645508,17.517160415649414,18035000,,
2004-1-29,28.43000030517578,28.850000381469727,28.024999618530273,28.770000457763672,17.820674896240234,22013600,,
2004-1-30,28.709999084472656,29.440000534057617,28.649999618530273,29.30500030517578,18.152057647705078,17081800,,
2004-2-2,29.184999465942383,29.415000915527344,28.579999923706055,28.780000686645508,17.826862335205078,16514400,,
2004-2-3,28.774999618530273,29.049999237060547,28.454999923706055,28.719999313354492,17.789703369140625,11508400,,
2004-2-4,28.594999313354492,28.690000534057617,28.049999237060547,28.19499969482422,17.464509963989258,14085600,,
2004-2-5,28.260000228881836,28.575000762939453,27.80500030517578,28.43000030517578,17.61007308959961,13417400,,
2004-2-6,28.719999313354492,28.915000915527344,28.385000228881836,28.844999313354492,17.86711883544922,14741800,,
2004-2-9,28.7450008392334,28.899999618530273,28.5,28.579999923706055,17.702972412109375,10017000,,
2004-2-10,28.524999618530273,29.125,28.5049991607666,29.045000076293945,17.99101448059082,10483800,,
2004-2-11,28.9950008392334,29.760000228881836,28.864999771118164,29.690000534057617,18.390533447265625,15296600,,
2004-2-12,29.520000457763672,29.834999084472656,29.280000686645508,29.309999465942383,18.155155181884766,10319200,,
2004-2-13,29.264999389648438,29.6299991607666,28.635000228881836,28.844999313354492,17.86711883544922,13211200,,
2004-2-17,29.045000076293945,29.9950008392334,28.989999771118164,29.774999618530273,18.44318199157715,15785600,,
2004-2-18,29.53499984741211,29.739999771118164,29.100000381469727,29.530000686645508,18.29142951965332,13750600,,
2004-2-19,29.770000457763672,29.96500015258789,29.375,29.395000457763672,18.20780372619629,16155600,,
2004-2-20,29.3799991607666,29.899999618530273,29.045000076293945,29.700000762939453,18.396730422973633,17300800,,
2004-2-23,31.459999084472656,31.825000762939453,30.665000915527344,31.21500015258789,19.33514976501465,55641200,,
2004-2-24,31.0049991607666,31.084999084472656,30.309999465942383,30.540000915527344,18.91704559326172,25064800,,
2004-2-25,30.510000228881836,31.149999618530273,30.440000534057617,31.040000915527344,19.248811721801758,17576000,0.035,
2004-2-26,31.030000686645508,31.8799991607666,30.959999084472656,31.850000381469727,19.751108169555664,19921800,,
2004-2-27,31.950000762939453,32,31.2450008392334,31.545000076293945,19.561975479125977,18732400,,
2004-3-1,31.719999313354492,31.989999771118164,31.25,31.375,19.4565486907959,19226800,,
2004-3-2,31.450000762939453,31.559999465942383,31.0049991607666,31.0049991607666,19.227102279663086,15000200,,
2004-3-3,31.024999618530273,31.264999389648438,30.719999313354492,30.8799991607666,19.149585723876953,17830400,,
2004-3-4,30.795000076293945,31.399999618530273,30.78499984741211,31.28499984741211,19.400739669799805,11773400,,
2004-3-5,31.344999313354492,32.224998474121094,31.280000686645508,31.940000534057617,19.806922912597656,29140400,,
2004-3-8,31.93000030517578,32.2599983215332,31.700000762939453,31.809999465942383,19.72630500793457,22297800,,
2004-3-9,31.649999618530273,31.975000381469727,31.459999084472656,31.875,19.766616821289062,17469600,,
2004-3-10,31.8799991607666,32.025001525878906,31.635000228881836,31.75,19.68910026550293,20351800,,
2004-3-11,31.2549991607666,31.71500015258789,30.825000762939453,30.889999389648438,19.155792236328125,22462000,,
2004-3-12,31.125,31.645000457763672,31.014999389648438,31.510000228881836,19.54027557373047,16903800,,
2004-3-15,31.274999618530273,31.93000030517578,31.149999618530273,31.40999984741211,19.47825050354004,23031000,,
2004-3-16,31.59000015258789,32.17499923706055,31.434999465942383,32.064998626708984,19.884437561035156,20537000,,
2004-3-17,32.31999969482422,32.52000045776367,32.11000061035156,32.36000061035156,20.067380905151367,16101400,,
2004-3-18,32.154998779296875,32.59000015258789,31.764999389648438,32.415000915527344,20.101490020751953,21056400,,
2004-3-19,32.334999084472656,32.63999938964844,32.16999816894531,32.18000030517578,19.955760955810547,16299200,,
2004-3-22,31.645000457763672,31.969999313354492,30.7450008392334,31.155000686645508,19.320125579833984,27512600,,
2004-3-23,31.360000610351562,31.479999542236328,30.600000381469727,30.795000076293945,19.096879959106445,22542000,,
2004-3-24,30.889999389648438,31.290000915527344,30.649999618530273,31.104999542236328,19.28911018371582,17346600,,
2004-3-25,31.43000030517578,31.545000076293945,30.924999237060547,31.459999084472656,19.509254455566406,20896000,,
2004-3-26,31.204999923706055,31.280000686645508,30.875,30.8799991607666,19.149585723876953,14507000,,
2004-3-29,31.575000762939453,32.94499969482422,31.424999237060547,32.80500030517578,20.343334197998047,31768800,,
2004-3-30,32.58000183105469,32.900001525878906,32.47999954223633,32.790000915527344,20.33402442932129,14684000,,
2004-3-31,32.540000915527344,33.48500061035156,32.53499984741211,33.14500045776367,20.554176330566406,21283000,,
2004-4-1,32.75,33.150001525878906,32.61000061035156,33.14500045776367,20.554176330566406,17986400,,
2004-4-2,33.900001525878906,34.15999984741211,33.15999984741211,34.1150016784668,21.15571403503418,19342000,,
2004-4-5,33.845001220703125,34.599998474121094,33.814998626708984,34.595001220703125,21.453372955322266,15784400,,
2004-4-6,33.73500061035156,34.375,33.73500061035156,34.154998779296875,21.180505752563477,17436200,,
2004-4-7,34.2400016784668,34.52000045776367,33.959999084472656,34.224998474121094,21.22391700744629,13598000,,
2004-4-8,34.525001525878906,34.689998626708984,33.36000061035156,33.689998626708984,20.892147064208984,18968800,,
2004-4-12,33.720001220703125,34.18000030517578,33.63999938964844,34.08000183105469,21.134000778198242,10298200,,
2004-4-13,34.150001525878906,34.17499923706055,33.380001068115234,33.57500076293945,20.820842742919922,12363600,,
2004-4-14,33.220001220703125,33.875,33.14500045776367,33.66999816894531,20.879743576049805,11757800,,
2004-4-15,33.85499954223633,33.85499954223633,32.775001525878906,33.02000045776367,20.476667404174805,14834200,,
2004-4-16,33.17499923706055,33.209999084472656,32.380001068115234,32.43000030517578,20.110790252685547,18142400,,
2004-4-19,32.349998474121094,33.32500076293945,32.310001373291016,33.29499816894531,20.647188186645508,13915200,,
2004-4-20,33.334999084472656,33.39500045776367,32.165000915527344,32.21500015258789,19.977468490600586,15555000,,
2004-4-21,32.95000076293945,33.310001373291016,32.54999923706055,32.91999816894531,20.41465950012207,24948400,,
2004-4-22,33.689998626708984,34.5,33.18000030517578,33.939998626708984,21.04718589782715,27620200,,
2004-4-23,33.994998931884766,34.04499816894531,33.2599983215332,33.4900016784668,20.76812171936035,19059200,,
2004-4-26,33.244998931884766,33.53499984741211,32.92499923706055,33.07500076293945,20.510770797729492,11911200,,
2004-4-27,33.21500015258789,33.41999816894531,32.78499984741211,32.904998779296875,20.40534782409668,15677200,,
2004-4-28,32.96500015258789,33.025001525878906,32.150001525878906,32.55500030517578,20.18830680847168,18032000,,
2004-4-29,32.41999816894531,33.1150016784668,31.635000228881836,32.20500183105469,19.97126007080078,18842600,,
2004-4-30,32,32.290000915527344,31.03499984741211,31.229999542236328,19.366626739501953,23144000,,
2004-5-3,31.274999618530273,32.08000183105469,31.170000076293945,31.989999771118164,19.837921142578125,16179000,,
2004-5-4,31.844999313354492,32.935001373291016,31.75,32.32500076293945,20.04567527770996,18688400,,
2004-5-5,32.189998626708984,32.724998474121094,31.940000534057617,32.505001068115234,20.157304763793945,14232800,,
2004-5-6,32.165000915527344,32.314998626708984,31.614999771118164,31.954999923706055,19.81622314453125,14648200,,
2004-5-7,31.795000076293945,32.22999954223633,31.600000381469727,31.625,19.61158561706543,16511800,,
2004-5-10,31.219999313354492,31.975000381469727,31.1299991607666,31.815000534057617,19.729398727416992,22989800,,
2004-5-11,32,32.595001220703125,31.93000030517578,32.36000061035156,20.067380905151367,19378200,,
2004-5-12,32.279998779296875,32.380001068115234,31.165000915527344,31.950000762939453,19.813129425048828,34909800,,
2004-5-13,31.739999771118164,32.275001525878906,31.655000686645508,32.23500061035156,19.989864349365234,19302000,,
2004-5-14,32.31999969482422,32.595001220703125,31.774999618530273,31.825000762939453,19.735610961914062,16332600,,
2004-5-17,31.09000015258789,31.579999923706055,30.899999618530273,31.280000686645508,19.397640228271484,17518200,,
2004-5-18,31.59000015258789,32.10499954223633,31.524999618530273,32.0099983215332,19.850332260131836,13609600,,
2004-5-19,32.35499954223633,32.67499923706055,31.725000381469727,31.780000686645508,19.707704544067383,22675600,,
2004-5-20,31.885000228881836,32.39500045776367,31.860000610351562,32.099998474121094,19.906147003173828,14425400,,
2004-5-21,32.375,32.70000076293945,32.2400016784668,32.70000076293945,20.27822494506836,15289000,,
2004-5-24,32.790000915527344,33.125,32.68000030517578,32.775001525878906,20.324737548828125,16478400,,
2004-5-25,32.77000045776367,33.54999923706055,32.56999969482422,33.45000076293945,20.743322372436523,23334800,,
2004-5-26,33.36000061035156,33.474998474121094,33.084999084472656,33.28499984741211,20.671899795532227,14734400,0.05,
2004-5-27,33.5,33.619998931884766,33.13999938964844,33.400001525878906,20.743322372436523,16638200,,
2004-5-28,33.415000915527344,33.625,33.16999816894531,33.53499984741211,20.827150344848633,9817200,,
2004-6-1,33.2400016784668,34.05500030517578,33.224998474121094,34.025001525878906,21.131486892700195,16232400,,
2004-6-2,34.08000183105469,34.154998779296875,33.59000015258789,33.9900016784668,21.109739303588867,15521200,,
2004-6-3,33.7599983215332,34.255001068115234,33.654998779296875,33.81999969482422,21.00416374206543,13403200,,
2004-6-4,34.19499969482422,34.459999084472656,33.625,33.63999938964844,20.89237403869629,18909000,,
2004-6-7,33.7599983215332,34.375,33.525001525878906,34.34000015258789,21.327119827270508,16008000,,
2004-6-8,34.16999816894531,34.77000045776367,34.029998779296875,34.67499923706055,21.535160064697266,15837800,,
2004-6-9,34.439998626708984,34.720001220703125,34.14500045776367,34.22999954223633,21.258800506591797,10728600,,
2004-6-10,34.5,34.93000030517578,34.310001373291016,34.93000030517578,21.693538665771484,13420600,,
2004-6-14,34.529998779296875,34.845001220703125,34.25,34.36000061035156,21.33953857421875,20986800,,
2004-6-15,34.595001220703125,34.915000915527344,34.38999938964844,34.70000076293945,21.55069923400879,16933000,,
2004-6-16,34.57500076293945,34.709999084472656,34.375,34.375,21.348844528198242,12266000,,
2004-6-17,34.345001220703125,34.349998474121094,33.92499923706055,34.125,21.193586349487305,11721400,,
2004-6-18,34,34.084999084472656,33.05500030517578,33.244998931884766,20.647062301635742,27809800,,
2004-6-21,33.255001068115234,33.540000915527344,32.3650016784668,32.744998931884766,20.336532592773438,22149200,,
2004-6-22,32.90999984741211,34.13999938964844,32.88999938964844,33.974998474121094,21.100427627563477,26161400,,
2004-6-23,33.98500061035156,34.0099983215332,33.470001220703125,33.95000076293945,21.08489418029785,17106800,,
2004-6-24,33.845001220703125,34.834999084472656,32.505001068115234,34.34000015258789,21.327119827270508,24476000,,
2004-6-25,34.34000015258789,35.029998779296875,34.07500076293945,34.540000915527344,21.451324462890625,16388000,,
2004-6-28,34.70500183105469,34.849998474121094,34.20500183105469,34.334999084472656,21.32400131225586,16823800,,
2004-6-29,34.33000183105469,35.95000076293945,34.209999084472656,35.775001525878906,22.218334197998047,34730600,,
2004-6-30,35.93000030517578,36.665000915527344,35.86000061035156,36.4900016784668,22.662389755249023,26640000,,
2004-7-1,36.70500183105469,36.75,35.8849983215332,36.025001525878906,22.37360191345215,24813200,,
2004-7-2,36,36.290000915527344,35.68000030517578,36.1349983215332,22.441909790039062,12986400,,
2004-7-6,35.900001525878906,36.290000915527344,35.025001525878906,35.290000915527344,21.917118072509766,23696800,,
2004-7-7,35.4900016784668,35.939998626708984,35.45500183105469,35.7400016784668,22.196613311767578,14224600,,
2004-7-8,35.6150016784668,36,35.09000015258789,35.32500076293945,21.93885612487793,15319400,,
2004-7-9,35.53499984741211,35.97999954223633,35.189998626708984,35.279998779296875,21.910903930664062,13768200,,
2004-7-12,35.06999969482422,35.13999938964844,34.45000076293945,34.724998474121094,21.56621742248535,18248400,,
2004-7-13,35.28499984741211,35.29999923706055,34.82500076293945,35.1349983215332,21.82085418701172,16039400,,
2004-7-14,34.974998474121094,35.45000076293945,34.775001525878906,34.814998626708984,21.62211036682129,14245800,,
2004-7-15,34.83000183105469,35.095001220703125,34.040000915527344,34.439998626708984,21.38921546936035,18235600,,
2004-7-16,34.75,34.7599983215332,34.095001220703125,34.13999938964844,21.202905654907227,16298600,,
2004-7-19,34.125,34.54499816894531,33.70000076293945,34.084999084472656,21.168739318847656,17909600,,
2004-7-20,34.224998474121094,34.779998779296875,33.8650016784668,34.76499938964844,21.59107208251953,17025400,,
2004-7-21,35.125,35.19499969482422,33.75,33.84000015258789,21.016590118408203,22986600,,
2004-7-22,34.25,36.45500183105469,34.099998474121094,36.25,22.513324737548828,35647400,,
2004-7-23,36.15999984741211,36.48500061035156,35.18000030517578,35.45000076293945,22.0164794921875,22247600,,
2004-7-26,35.20500183105469,35.665000915527344,34.63999938964844,35.25,21.89228057861328,17890600,,
2004-7-27,35.40999984741211,35.82500076293945,34.83000183105469,35.21500015258789,21.870534896850586,19611600,,
2004-7-28,35.14500045776367,35.39500045776367,34.23500061035156,35.029998779296875,21.755643844604492,19204000,,
2004-7-29,35.375,35.3849983215332,34.625,35,21.73701286315918,15472400,,
2004-7-30,35.10499954223633,35.189998626708984,34.53499984741211,34.60499954223633,21.49169158935547,13811600,,
2004-8-2,34.939998626708984,36.275001525878906,34.78499984741211,36.029998779296875,22.376693725585938,23704800,,
2004-8-3,35.915000915527344,36.369998931884766,35.46500015258789,35.48500061035156,22.038223266601562,15193200,,
2004-8-4,35.564998626708984,36.05500030517578,35.099998474121094,35.64500045776367,22.137592315673828,18304200,,
2004-8-5,35.84000015258789,35.875,34.810001373291016,34.875,21.659385681152344,16437200,,
2004-8-6,34.59000015258789,34.94499969482422,33.775001525878906,33.775001525878906,20.976221084594727,21413400,,
2004-8-9,33.84000015258789,34.59000015258789,33.65999984741211,34.32500076293945,21.317790985107422,15100600,,
2004-8-10,34.595001220703125,34.845001220703125,34.125,34.84000015258789,21.637653350830078,14219800,,
2004-8-11,34.34000015258789,34.685001373291016,34,34.2599983215332,21.277423858642578,21493000,,
2004-8-12,34.040000915527344,34.94499969482422,34.025001525878906,34.59000015258789,21.482376098632812,19615400,,
2004-8-13,34.79499816894531,34.994998931884766,34.22999954223633,34.584999084472656,21.479276657104492,12265400,,
2004-8-16,34.279998779296875,35.04999923706055,34.209999084472656,34.91999816894531,21.687328338623047,9093500,,'2:1'
2004-8-17,35.09000015258789,35.25,34.619998931884766,34.959999084472656,21.712175369262695,11280500,,
2004-8-18,34.970001220703125,36.099998474121094,34.7599983215332,36.02000045776367,22.370487213134766,13559300,,
2004-8-19,35.95000076293945,36.13999938964844,35.29999923706055,35.5099983215332,22.053754806518555,10363300,,
2004-8-20,35.630001068115234,37.5,35.400001525878906,37.20000076293945,23.10334014892578,21609800,,
2004-8-23,37.34000015258789,38.709999084472656,37.16999816894531,37.970001220703125,23.581558227539062,18880400,,
2004-8-24,38.040000915527344,38.59000015258789,37.56999969482422,38.0099983215332,23.606388092041016,13381900,,
2004-8-25,37.900001525878906,38.5,37.68000030517578,38.31999969482422,23.842836380004883,10358400,0.07,
2004-8-26,37.97999954223633,38.4900016784668,37.779998779296875,37.93000030517578,23.600177764892578,8319000,,
2004-8-27,38,38.849998474121094,37.93000030517578,38.43000030517578,23.91128158569336,10733000,,
2004-8-30,37.95000076293945,38.13999938964844,37.369998931884766,37.709999084472656,23.463275909423828,8032200,,
2004-8-31,37.77000045776367,38.099998474121094,37.4900016784668,38.04999923706055,23.674837112426758,9349100,,
2004-9-1,37.40999984741211,38.5,37.36000061035156,37.9900016784668,23.63750648498535,12677400,,
2004-9-2,37.77000045776367,39,37.7599983215332,38.81999969482422,24.1539306640625,9165100,,
2004-9-3,38.41999816894531,38.95000076293945,38.040000915527344,38.4900016784668,23.9486141204834,9067200,,
2004-9-7,38.599998474121094,39.869998931884766,38.58000183105469,39.33000183105469,24.471256256103516,15382900,,
2004-9-8,38.75,39.95000076293945,38.70000076293945,39.5099983215332,24.58324432373047,15800000,,
2004-9-9,39.9900016784668,40,39.119998931884766,39.650001525878906,24.67037010192871,15331000,,
2004-9-10,39.38999938964844,39.540000915527344,38.90999984741211,39.4900016784668,24.57080841064453,12550100,,
2004-9-13,39.81999969482422,41.16999816894531,39.58000183105469,40.400001525878906,25.137022018432617,15148200,,
2004-9-14,40.040000915527344,41,39.97999954223633,40.900001525878906,25.44811248779297,12026200,,
2004-9-15,40.58000183105469,40.81999969482422,40.099998474121094,40.56999969482422,25.242786407470703,10598300,,
2004-9-16,40.040000915527344,40.95000076293945,39.88999938964844,40.400001525878906,25.137022018432617,13151600,,
2004-9-17,37.560001373291016,39.470001220703125,37.5,38.83000183105469,24.160144805908203,51237500,,
2004-9-20,38,38.630001068115234,37.90999984741211,38.41999816894531,23.905059814453125,17974400,,
2004-9-21,38.290000915527344,39.7599983215332,38.290000915527344,39.45000076293945,24.54591941833496,12832300,,
2004-9-22,38.72999954223633,38.95000076293945,38.29999923706055,38.68000030517578,24.06682777404785,14366300,,
2004-9-23,38.79999923706055,39.08000183105469,38.52000045776367,38.720001220703125,24.09170913696289,10338700,,
2004-9-24,38.709999084472656,38.81999969482422,38.04999923706055,38.25,23.799266815185547,10386900,,
2004-9-27,37.95000076293945,38.63999938964844,37.81999969482422,38.0099983215332,23.649948120117188,11908400,,
2004-9-28,38.22999954223633,38.400001525878906,37.79999923706055,38.09000015258789,23.699722290039062,9850600,,
2004-9-29,37.97999954223633,39.029998779296875,37.709999084472656,38.95000076293945,24.234811782836914,12337000,,
2004-9-30,38.689998626708984,39.08000183105469,38.349998474121094,39.040000915527344,24.290809631347656,14978900,,
2004-10-1,39.400001525878906,40.61000061035156,39.16999816894531,40.45000076293945,25.16812515258789,15423500,,
2004-10-4,40.77000045776367,41.4900016784668,40.709999084472656,40.970001220703125,25.491674423217773,13721100,,
2004-10-5,40.68000030517578,41.41999816894531,40.45000076293945,41.189998626708984,25.62856101989746,8888800,,
2004-10-6,40.95000076293945,41.81999969482422,40.4900016784668,41.81999969482422,26.020536422729492,12025300,,
2004-10-7,41.709999084472656,41.9900016784668,41.349998474121094,41.380001068115234,25.746776580810547,8485200,,
2004-10-8,41.25,41.560001373291016,40.7599983215332,40.91999816894531,25.46056365966797,9056900,,
2004-10-11,41.06999969482422,41.349998474121094,40.91999816894531,41.209999084472656,25.6409969329834,5750300,,
2004-10-12,40.779998779296875,41.63999938964844,40.779998779296875,41.540000915527344,25.846330642700195,9001100,,
2004-10-13,42.150001525878906,42.15999984741211,40.90999984741211,41.54999923706055,25.852540969848633,10549600,,
2004-10-14,41.650001525878906,42.290000915527344,41.5,42.15999984741211,26.232084274291992,10539800,,
2004-10-15,42.380001068115234,42.790000915527344,41.88999938964844,42.470001220703125,26.424976348876953,13447600,,
2004-10-18,42.130001068115234,43.61000061035156,42.04999923706055,43.599998474121094,27.128061294555664,11199200,,
2004-10-19,44.16999816894531,44.400001525878906,42.7400016784668,42.79999923706055,26.63031005859375,15647300,,
2004-10-20,42.56999969482422,43.689998626708984,42.54999923706055,43.40999984741211,27.00984001159668,12360200,,
2004-10-21,43.54999923706055,44.20000076293945,42.810001373291016,44.08000183105469,27.426734924316406,11257900,,
2004-10-22,44.369998931884766,44.40999984741211,41.93000030517578,42,26.132530212402344,14411500,,
2004-10-25,41.79999923706055,42.220001220703125,40.880001068115234,41.13999938964844,25.597450256347656,15751800,,
2004-10-26,39.7599983215332,39.90999984741211,38.68000030517578,39.5,24.577028274536133,23278100,,
2004-10-27,40.029998779296875,41.540000915527344,38.7400016784668,41.02000045776367,25.522790908813477,17911600,,
2004-10-28,40.790000915527344,42.20000076293945,40.439998626708984,41.4900016784668,25.81522560119629,12109100,,
2004-10-29,41.33000183105469,42.150001525878906,40.959999084472656,41.599998474121094,25.883663177490234,12974200,,
2004-11-1,41,41.150001525878906,40.189998626708984,40.560001373291016,25.236570358276367,16685800,,
2004-11-2,40.599998474121094,41.060001373291016,40.2599983215332,40.880001068115234,25.435667037963867,16123600,,
2004-11-3,41.099998474121094,41.290000915527344,39.2599983215332,39.869998931884766,24.80724334716797,26121500,,
2004-11-4,38.27000045776367,38.75,37.86000061035156,38.06999969482422,23.687284469604492,40480400,,
2004-11-5,38.540000915527344,38.79999923706055,37.95000076293945,38.27000045776367,23.81171989440918,22191000,,
2004-11-8,37.95000076293945,38.75,37.77000045776367,38.65999984741211,24.054380416870117,11989500,,
2004-11-9,38.869998931884766,39.18000030517578,38.599998474121094,39,24.265926361083984,14958300,,
2004-11-10,38.869998931884766,39.40999984741211,38.63999938964844,38.84000015258789,24.166385650634766,13989100,,
2004-11-11,39.369998931884766,40.099998474121094,39.13999938964844,40.09000015258789,24.944135665893555,12600300,,
2004-11-12,40.16999816894531,40.290000915527344,39.52000045776367,40.20000076293945,25.012571334838867,13637000,,
2004-11-15,40.2599983215332,40.66999816894531,39.810001373291016,40.189998626708984,25.00634002685547,12540800,,
2004-11-16,39.84000015258789,40.04999923706055,39.41999816894531,39.63999938964844,24.66414451599121,10941000,,
2004-11-17,40.189998626708984,41.13999938964844,40,40.810001373291016,25.392120361328125,14885000,,
2004-11-18,40.79999923706055,41.5,40.400001525878906,41.2400016784668,25.65966796875,11022200,,
2004-11-19,41.540000915527344,41.59000015258789,40.119998931884766,40.119998931884766,24.962797164916992,9795100,,
2004-11-22,39.880001068115234,41.099998474121094,39.5099983215332,40.9900016784668,25.504117965698242,10582100,,
2004-11-23,41.04999923706055,41.209999084472656,40.209999084472656,40.72999954223633,25.342334747314453,9998900,,
2004-11-24,41.04999923706055,41.77000045776367,40.900001525878906,41.65999984741211,25.92099380493164,9370100,,
2004-11-26,41.56999969482422,41.900001525878906,41.400001525878906,41.400001525878906,25.759212493896484,2645800,,
2004-11-29,41.349998474121094,42.279998779296875,41.15999984741211,41.59000015258789,25.877439498901367,10461700,,
2004-11-30,41.400001525878906,41.939998626708984,41.369998931884766,41.619998931884766,25.896099090576172,10608700,,
2004-12-1,41.68000030517578,43.189998626708984,41.650001525878906,43.060001373291016,26.792081832885742,17134100,,
2004-12-2,42.779998779296875,43.70000076293945,42.599998474121094,43.619998931884766,27.140501022338867,14356800,,
2004-12-3,43.880001068115234,44.58000183105469,43.459999084472656,43.5,27.065841674804688,16151700,,
2004-12-6,43.29999923706055,44,43.099998474121094,43.34000015258789,27.00975227355957,10367100,0.07,
2004-12-7,43.540000915527344,43.959999084472656,42.75,42.86000061035156,26.710615158081055,12680400,,
2004-12-8,43.04999923706055,43.7400016784668,43.029998779296875,43.599998474121094,27.171789169311523,11731400,,
2004-12-9,42.900001525878906,43.7599983215332,42.220001220703125,43.43000030517578,27.06584930419922,16693900,,
2004-12-10,43.54999923706055,43.59000015258789,42.939998626708984,43.29999923706055,26.984821319580078,9417600,,
2004-12-13,43.63999938964844,44,43.38999938964844,43.900001525878906,27.358747482299805,9367800,,
2004-12-14,43.619998931884766,44.150001525878906,43.279998779296875,44.040000915527344,27.446002960205078,13174300,,
2004-12-15,43.84000015258789,44.5,43.54999923706055,44.34000015258789,27.63295555114746,12139800,,
2004-12-16,44.380001068115234,44.75,43.220001220703125,43.45000076293945,27.078310012817383,13545000,,
2004-12-17,43.88999938964844,43.97999954223633,43.0099983215332,43.36000061035156,27.022216796875,17094100,,
2004-12-20,43.439998626708984,43.70000076293945,42.849998474121094,42.939998626708984,26.760452270507812,10797900,,
2004-12-21,43.189998626708984,44.25,43.08000183105469,43.97999954223633,27.408601760864258,12968200,,
2004-12-22,43.56999969482422,44.630001068115234,43.540000915527344,44.439998626708984,27.69528579711914,19654200,,
2004-12-23,44.5099983215332,44.9900016784668,44.41999816894531,44.54999923706055,27.763843536376953,9369000,,
2004-12-27,44.65999984741211,44.90999984741211,43.25,43.439998626708984,27.072080612182617,12580200,,
2004-12-28,43.88999938964844,43.939998626708984,43.2599983215332,43.5099983215332,27.11570930480957,10974800,,
2004-12-29,43.33000183105469,43.369998931884766,42.5,42.84000015258789,26.69814109802246,11980500,,
2004-12-30,42.619998931884766,42.97999954223633,42.22999954223633,42.689998626708984,26.604673385620117,6364000,,
2004-12-31,42.83000183105469,42.95000076293945,42.29999923706055,42.400001525878906,26.423940658569336,6024900,,
2005-1-3,42.70000076293945,43.27000045776367,41.709999084472656,42.31999969482422,26.37408447265625,13651100,,
2005-1-4,42.970001220703125,43.20000076293945,42.08000183105469,42.130001068115234,26.255674362182617,18800300,,
2005-1-5,42.13999938964844,42.83000183105469,42.02000045776367,42.310001373291016,26.36785316467285,13725000,,
2005-1-6,42.5,43.439998626708984,42.45000076293945,43,26.7978572845459,14199100,,
2005-1-7,43.40999984741211,43.709999084472656,42.72999954223633,43.220001220703125,26.934968948364258,12014000,,
2005-1-10,43.099998474121094,43.650001525878906,42.790000915527344,43.150001525878906,26.891353607177734,10470700,,
2005-1-11,42.880001068115234,43.5,42.779998779296875,43.2400016784668,26.947446823120117,10721700,,
2005-1-12,43.34000015258789,43.36000061035156,42.33000183105469,43.119998931884766,26.872652053833008,10684800,,
2005-1-13,42.869998931884766,42.90999984741211,42.04999923706055,42.099998474121094,26.236974716186523,12812000,,
2005-1-14,42.310001373291016,42.70000076293945,42.099998474121094,42.209999084472656,26.305524826049805,9216600,,
2005-1-18,41.880001068115234,42.970001220703125,41.52000045776367,42.619998931884766,26.561050415039062,16339800,,
2005-1-19,42.4900016784668,42.58000183105469,41.029998779296875,41.06999969482422,25.59507179260254,23923600,,
2005-1-20,38.369998931884766,38.63999938964844,37.540000915527344,37.779998779296875,23.544715881347656,51373600,,
2005-1-21,37.810001373291016,38.2599983215332,35.779998779296875,37.79999923706055,23.55719566345215,33592900,,
2005-1-24,37.79999923706055,37.91999816894531,36.349998474121094,36.540000915527344,22.77195930480957,23281400,,
2005-1-25,36.84000015258789,37.25,36.59000015258789,36.65999984741211,22.84673309326172,16445600,,
2005-1-26,36.65999984741211,37.16999816894531,36.63999938964844,36.900001525878906,22.996309280395508,13524000,,
2005-1-27,36.900001525878906,37.060001373291016,35.77000045776367,36.13999938964844,22.52267074584961,16776200,,
2005-1-28,36.15999984741211,36.5099983215332,35.63999938964844,36.349998474121094,22.653541564941406,15142000,,
2005-1-31,36.939998626708984,37.40999984741211,36.90999984741211,37.2400016784668,23.208213806152344,15400900,,
2005-2-1,37.13999938964844,37.31999969482422,36.630001068115234,36.83000183105469,22.952678680419922,12610000,,
2005-2-2,36.7599983215332,36.880001068115234,36.0099983215332,36.38999938964844,22.678466796875,10757200,,
2005-2-3,36.220001220703125,36.599998474121094,35.810001373291016,36.11000061035156,22.50398063659668,9473100,,
2005-2-4,36.13999938964844,37.09000015258789,35.900001525878906,36.95000076293945,23.027462005615234,10481500,,
2005-2-7,36.63999938964844,37.4900016784668,35.869998931884766,35.97999954223633,22.422956466674805,15333500,,
2005-2-8,35.83000183105469,36.43000030517578,35.36000061035156,36.2400016784668,22.584993362426758,13963000,,
2005-2-9,36.31999969482422,36.369998931884766,35.41999816894531,35.689998626708984,22.242225646972656,11344200,,
2005-2-10,35.900001525878906,35.9900016784668,35.29999923706055,35.310001373291016,22.00541114807129,9819500,,
2005-2-11,35.349998474121094,36.2400016784668,34.36000061035156,36.15999984741211,22.535139083862305,17975000,,
2005-2-14,36.15999984741211,37.31999969482422,36.099998474121094,37.16999816894531,23.164573669433594,14373900,,
2005-2-15,36.970001220703125,37.720001220703125,36.540000915527344,36.880001068115234,22.983848571777344,18342100,,
2005-2-16,36.630001068115234,36.720001220703125,35.75,35.9900016784668,22.429183959960938,16187300,,
2005-2-17,35.9900016784668,36,35.040000915527344,35.349998474121094,22.030338287353516,14957200,,
2005-2-18,35.349998474121094,35.599998474121094,34.59000015258789,34.63999938964844,21.587865829467773,16165800,,
2005-2-22,34.040000915527344,35.029998779296875,34,34.540000915527344,21.525537490844727,20611400,,
2005-2-23,34.7400016784668,34.81999969482422,34.130001068115234,34.130001068115234,21.313217163085938,16148900,0.07,
2005-2-24,34.040000915527344,35.619998931884766,33.9900016784668,35.5099983215332,22.17499351501465,21900300,,
2005-2-25,35.369998931884766,37.119998931884766,35.279998779296875,37,23.105457305908203,22554000,,
2005-2-28,37,37.220001220703125,35.459999084472656,36.04999923706055,22.51220703125,20195700,,
2005-3-1,36.209999084472656,36.880001068115234,36.060001373291016,36.36000061035156,22.705791473388672,13193100,,
2005-3-2,35.93000030517578,36.869998931884766,35.709999084472656,36.279998779296875,22.65583038330078,12935000,,
2005-3-3,36.5099983215332,36.59000015258789,35.220001220703125,35.40999984741211,22.112545013427734,15917500,,
2005-3-4,35.79999923706055,36.08000183105469,35.5,35.5,22.168746948242188,12809600,,
2005-3-7,35.45000076293945,37.599998474121094,35.400001525878906,37.38999938964844,23.348989486694336,24949000,,
2005-3-8,37.06999969482422,37.880001068115234,36.209999084472656,36.290000915527344,22.662078857421875,21097500,,
2005-3-9,36.029998779296875,37.060001373291016,35.849998474121094,36.7400016784668,22.943090438842773,18515500,,
2005-3-10,36.79999923706055,37.36000061035156,36.34000015258789,37.08000183105469,23.15540313720703,14765700,,
2005-3-11,37.650001525878906,37.93000030517578,37.29999923706055,37.349998474121094,23.32401466369629,22351800,,
2005-3-14,37.59000015258789,37.79999923706055,37,37.459999084472656,23.39271354675293,13265400,,
2005-3-15,37.91999816894531,38.369998931884766,37.70000076293945,38.11000061035156,23.79861831665039,21539300,,
2005-3-16,37.88999938964844,38.540000915527344,37.599998474121094,37.7599983215332,23.580053329467773,21371400,,
2005-3-17,37.709999084472656,37.79999923706055,36.83000183105469,36.880001068115234,23.030521392822266,16148600,,
2005-3-18,36.599998474121094,36.7400016784668,36.029998779296875,36.470001220703125,22.774484634399414,22650200,,
2005-3-21,36.33000183105469,36.970001220703125,36.209999084472656,36.529998779296875,22.811954498291016,12594000,,
2005-3-22,36.77000045776367,37.15999984741211,35.970001220703125,36,22.480987548828125,15078900,,
2005-3-23,35.97999954223633,36.68000030517578,35.880001068115234,36.310001373291016,22.67457389831543,12659500,,
2005-3-24,36.36000061035156,36.650001525878906,35.7599983215332,35.7599983215332,22.331106185913086,12781700,,
2005-3-28,35.86000061035156,36.560001373291016,35.77000045776367,36.189998626708984,22.599634170532227,12621400,,
2005-3-29,36.150001525878906,36.45000076293945,35.369998931884766,35.75,22.324874877929688,15597700,,
2005-3-30,36.04999923706055,37,36.0099983215332,36.90999984741211,23.049251556396484,17994800,,
2005-3-31,36.810001373291016,37.209999084472656,36.36000061035156,36.630001068115234,22.874399185180664,14235900,,
2005-4-1,36.630001068115234,36.7400016784668,35.38999938964844,35.54999923706055,22.19996452331543,19724500,,
2005-4-4,35.650001525878906,36.349998474121094,35.25,36.08000183105469,22.530946731567383,13061300,,
2005-4-5,36.09000015258789,36.439998626708984,35.52000045776367,35.650001525878906,22.26241683959961,13062500,,
2005-4-6,35.369998931884766,35.97999954223633,34.91999816894531,35.119998931884766,21.931453704833984,14206500,,
2005-4-7,34.959999084472656,35.650001525878906,34.88999938964844,35.16999816894531,21.96267318725586,14157500,,
2005-4-8,35.2599983215332,35.33000183105469,34.779998779296875,34.900001525878906,21.7940616607666,14574400,,
2005-4-11,34.93000030517578,35.08000183105469,34.36000061035156,34.4900016784668,21.53803062438965,14597100,,
2005-4-12,34.349998474121094,34.70000076293945,33.900001525878906,34.599998474121094,21.606725692749023,17125600,,
2005-4-13,34.38999938964844,34.560001373291016,32.88999938964844,32.900001525878906,20.545124053955078,27062400,,
2005-4-14,33.290000915527344,33.970001220703125,32.70000076293945,33.56999969482422,20.96351432800293,27519300,,
2005-4-15,33.310001373291016,33.84000015258789,32.66999816894531,32.689998626708984,20.413982391357422,21681200,,
2005-4-18,32.150001525878906,33.15999984741211,32.08000183105469,32.52000045776367,20.30782699584961,18060200,,
2005-4-19,32.72999954223633,33.2599983215332,32.70000076293945,32.79999923706055,20.4826717376709,15603300,,
2005-4-20,33,33.43000030517578,32.709999084472656,33.209999084472656,20.738706588745117,21404100,,
2005-4-21,33.04999923706055,35.060001373291016,33,34.709999084472656,21.67540740966797,36225700,,
2005-4-22,34.470001220703125,34.88999938964844,33.59000015258789,33.91999816894531,21.182069778442383,15097400,,
2005-4-25,34,34.7599983215332,33.91999816894531,34.66999816894531,21.65043830871582,13101100,,
2005-4-26,34.400001525878906,35.04999923706055,34.150001525878906,34.5,21.54427719116211,19114300,,
2005-4-27,34.130001068115234,35.5,34.119998931884766,35.349998474121094,22.075077056884766,17604500,,
2005-4-28,35,35.400001525878906,34.68000030517578,34.84000015258789,21.756601333618164,13057400,,
2005-4-29,34.900001525878906,35.18000030517578,34.209999084472656,34.88999938964844,21.78781509399414,14668300,,
2005-5-2,34.84000015258789,35.31999969482422,34.7599983215332,35.04999923706055,21.88773536682129,8969900,,
2005-5-3,35.09000015258789,35.2400016784668,34.52000045776367,34.66999816894531,21.65043830871582,12396200,,
2005-5-4,34.869998931884766,35.7599983215332,34.709999084472656,35.650001525878906,22.26241683959961,11216100,,
2005-5-5,35.52000045776367,35.86000061035156,34.95000076293945,35.15999984741211,21.95642852783203,11445700,,
2005-5-6,35.41999816894531,35.810001373291016,35.36000061035156,35.58000183105469,22.21870994567871,10565600,,
2005-5-9,35.5,36.33000183105469,35.2400016784668,36.040000915527344,22.50596809387207,13549700,,
2005-5-10,35.63999938964844,35.970001220703125,35.2599983215332,35.59000015258789,22.22494888305664,9185200,,
2005-5-11,35.59000015258789,36.29999923706055,35.189998626708984,36.150001525878906,22.574649810791016,10849000,,
2005-5-12,35.959999084472656,36.38999938964844,35.459999084472656,35.689998626708984,22.28739356994629,10177000,,
2005-5-13,35.31999969482422,35.79999923706055,34.9900016784668,35.29999923706055,22.043853759765625,16743600,,
2005-5-16,35.040000915527344,35.47999954223633,34.810001373291016,35.34000015258789,22.068832397460938,7935100,,
2005-5-17,34.939998626708984,36.11000061035156,34.939998626708984,36.09000015258789,22.537181854248047,10160600,,
2005-5-18,36.2400016784668,37.20000076293945,36.09000015258789,36.54999923706055,22.824438095092773,17016700,,
2005-5-19,36.220001220703125,36.880001068115234,35.95000076293945,36.61000061035156,22.86191177368164,14241500,,
2005-5-20,36.630001068115234,37.5,36.34000015258789,37.33000183105469,23.311532974243164,13746800,,
2005-5-23,37.220001220703125,37.75,36.90999984741211,37.189998626708984,23.224092483520508,13447000,,
2005-5-24,36.97999954223633,37.310001373291016,36.790000915527344,37.099998474121094,23.16790199279785,8759200,,
2005-5-25,36.72999954223633,37.099998474121094,36.43000030517578,36.77000045776367,23.01766014099121,7602600,0.09,
2005-5-26,37.150001525878906,37.68000030517578,36.91999816894531,37.43000030517578,23.43082046508789,10605000,,
2005-5-27,37.29999923706055,37.5099983215332,37.060001373291016,37.15999984741211,23.26180648803711,4976700,,
2005-5-31,37.060001373291016,37.560001373291016,36.88999938964844,37.27000045776367,23.330656051635742,9607400,,
2005-6-1,37.0099983215332,38.36000061035156,36.97999954223633,38.099998474121094,23.8502254486084,15292300,,
2005-6-2,37.880001068115234,38.400001525878906,37.79999923706055,38.25,23.944122314453125,9325900,,
2005-6-3,38.369998931884766,38.52000045776367,37.54999923706055,37.599998474121094,23.537233352661133,10080000,,
2005-6-6,37.61000061035156,38,37.560001373291016,37.790000915527344,23.65618896484375,7936900,,
2005-6-7,37.97999954223633,38.06999969482422,37.150001525878906,37.2599983215332,23.32439422607422,10885800,,
2005-6-8,37.470001220703125,37.5099983215332,36.86000061035156,36.93000030517578,23.117822647094727,8717200,,
2005-6-9,36.709999084472656,36.810001373291016,36.150001525878906,36.540000915527344,22.873689651489258,13919200,,
2005-6-10,36.5099983215332,36.619998931884766,35.72999954223633,36,22.535648345947266,16079000,,
2005-6-13,35.66999816894531,36.869998931884766,35.65999984741211,36.130001068115234,22.617036819458008,11838200,,
2005-6-14,36,36.15999984741211,34.97999954223633,35.08000183105469,21.959735870361328,18840000,,
2005-6-15,35.150001525878906,35.279998779296875,34.630001068115234,34.86000061035156,21.822031021118164,20447100,,
2005-6-16,34.7400016784668,35.11000061035156,34.720001220703125,34.970001220703125,21.890880584716797,11126900,,
2005-6-17,35.459999084472656,35.79999923706055,34.70000076293945,34.900001525878906,21.847057342529297,20838100,,
2005-6-20,34.63999938964844,35.61000061035156,34.599998474121094,35.209999084472656,22.041109085083008,10211600,,
2005-6-21,35.15999984741211,35.40999984741211,34.97999954223633,35.119998931884766,21.984786987304688,11871500,,
2005-6-22,35.150001525878906,35.2599983215332,34.45000076293945,34.90999984741211,21.85331916809082,12611300,,
2005-6-23,34.90999984741211,35.13999938964844,33.9900016784668,34,21.28367042541504,16695500,,
2005-6-24,34,34.38999938964844,33.58000183105469,33.58000183105469,21.020753860473633,11017100,,
2005-6-27,33.45000076293945,34.130001068115234,33.43000030517578,33.59000015258789,21.027008056640625,8907600,,
2005-6-28,33.900001525878906,33.93000030517578,33.45000076293945,33.5,20.97067642211914,12671200,,
2005-6-29,33.540000915527344,33.880001068115234,33.400001525878906,33.540000915527344,20.99571990966797,9445500,,
2005-6-30,33.63999938964844,33.709999084472656,33,33.0099983215332,20.66393280029297,13607700,,
2005-7-1,33.2400016784668,34.099998474121094,33.18000030517578,33.599998474121094,21.033267974853516,12764600,,
2005-7-5,33.2400016784668,33.79999923706055,33.099998474121094,33.59000015258789,21.027008056640625,10230700,,
2005-7-6,33.349998474121094,33.95000076293945,33.150001525878906,33.400001525878906,20.908077239990234,13323600,,
2005-7-7,33.099998474121094,33.650001525878906,32.97999954223633,33.470001220703125,20.951887130737305,12956300,,
2005-7-8,33.45000076293945,34.84000015258789,33.34000015258789,34.75,21.753164291381836,15089500,,
2005-7-11,34.66999816894531,35.400001525878906,34.65999984741211,35.20000076293945,22.034860610961914,13992100,,
2005-7-12,35.20000076293945,35.33000183105469,34.529998779296875,35.099998474121094,21.97225570678711,13653800,,
2005-7-13,35,35.150001525878906,34.79999923706055,34.91999816894531,21.859577178955078,11671800,,
2005-7-14,35,35.459999084472656,34.97999954223633,35.349998474121094,22.128755569458008,12202100,,
2005-7-15,35.45000076293945,35.689998626708984,35.040000915527344,35.58000183105469,22.272735595703125,13313800,,
2005-7-18,35.349998474121094,35.5,35.119998931884766,35.119998931884766,21.984786987304688,9952400,,
2005-7-19,35.2599983215332,35.83000183105469,34.779998779296875,35.79999923706055,22.410451889038086,9394000,,
2005-7-20,35.45000076293945,36.16999816894531,35.25,36.09000015258789,22.59198760986328,18627000,,
2005-7-21,37.4900016784668,39.29999923706055,37.380001068115234,39.0099983215332,24.419878005981445,48583900,,
2005-7-22,38.7400016784668,39.4900016784668,38.61000061035156,39.29999923706055,24.60141944885254,17202600,,
2005-7-25,38.9900016784668,39.63999938964844,38.939998626708984,39.290000915527344,24.59515380859375,13584000,,
2005-7-26,39.2400016784668,39.75,39.15999984741211,39.540000915527344,24.75165367126465,12280600,,
2005-7-27,39.380001068115234,40.27000045776367,39.310001373291016,40.150001525878906,25.133508682250977,15721500,,
2005-7-28,39.970001220703125,40.18000030517578,39.540000915527344,39.779998779296875,24.901897430419922,13470800,,
2005-7-29,39.81999969482422,40.150001525878906,39.41999816894531,39.47999954223633,24.71409797668457,11922100,,
2005-8-1,39.2400016784668,39.52000045776367,38.81999969482422,39,24.413616180419922,9241500,,
2005-8-2,39.029998779296875,39.83000183105469,38.91999816894531,39.650001525878906,24.820526123046875,9555400,,
2005-8-3,39.349998474121094,40,39.220001220703125,39.93000030517578,24.995792388916016,9491000,,
2005-8-4,39.5099983215332,39.91999816894531,39.29999923706055,39.560001373291016,24.764183044433594,8057700,,
2005-8-5,39.33000183105469,39.709999084472656,38.97999954223633,39.15999984741211,24.513776779174805,7360500,,
2005-8-8,39.08000183105469,39.68000030517578,39.08000183105469,39.20000076293945,24.538818359375,7070800,,
2005-8-9,39.20000076293945,39.5099983215332,38.61000061035156,38.77000045776367,24.269643783569336,9320800,,
2005-8-10,39.560001373291016,40.209999084472656,39.13999938964844,39.209999084472656,24.54507827758789,17915900,,
2005-8-11,39.47999954223633,40.63999938964844,39.45000076293945,40.47999954223633,25.34008026123047,20087100,,
2005-8-12,40.06999969482422,40.79999923706055,40.02000045776367,40.790000915527344,25.534147262573242,11620900,,
2005-8-15,40.4900016784668,41.72999954223633,40.439998626708984,41.459999084472656,25.95356559753418,13779500,,
2005-8-16,41.400001525878906,41.470001220703125,39.970001220703125,40.25,25.196115493774414,15978500,,
2005-8-17,40.2599983215332,40.54999923706055,39.79999923706055,40.119998931884766,25.114728927612305,10297200,,
2005-8-18,39.75,40.45000076293945,39.75,39.93000030517578,24.995792388916016,10096700,,
2005-8-19,39.880001068115234,40.52000045776367,39.79999923706055,40.209999084472656,25.171062469482422,9713800,,
2005-8-22,40.25,41.150001525878906,40.25,40.54999923706055,25.383914947509766,10935200,,
2005-8-23,40.43000030517578,40.869998931884766,40.27000045776367,40.290000915527344,25.221147537231445,7432700,,
2005-8-24,40.029998779296875,40.869998931884766,39.5099983215332,39.619998931884766,24.85725975036621,10081900,0.09,
2005-8-25,39.970001220703125,40.119998931884766,39.59000015258789,40.060001373291016,25.133323669433594,8373100,,
2005-8-26,39.91999816894531,40.13999938964844,39.5099983215332,39.849998474121094,25.00156021118164,7651100,,
2005-8-29,39.560001373291016,40.25,39.54999923706055,39.970001220703125,25.076860427856445,7119400,,
2005-8-30,39.84000015258789,39.900001525878906,39.27000045776367,39.86000061035156,25.00783920288086,9717600,,
2005-8-31,39.81999969482422,39.88999938964844,39.040000915527344,39.709999084472656,24.913724899291992,12051200,,
2005-9-1,39.470001220703125,40.2599983215332,39.43000030517578,40,25.095661163330078,9814400,,
2005-9-2,39.9900016784668,40.349998474121094,39.869998931884766,39.959999084472656,25.07056999206543,6774200,,
2005-9-6,40.189998626708984,40.77000045776367,40.0099983215332,40.54999923706055,25.44074058532715,9414300,,
2005-9-7,40.439998626708984,40.849998474121094,40.380001068115234,40.599998474121094,25.472097396850586,9515100,,
2005-9-8,41.029998779296875,41.970001220703125,40.70000076293945,41.7400016784668,26.187332153320312,16919400,,
2005-9-9,41.81999969482422,42.959999084472656,41.36000061035156,42.810001373291016,26.8586368560791,19022600,,
2005-9-12,42.47999954223633,42.70000076293945,42.2400016784668,42.54999923706055,26.69552230834961,9531000,,
2005-9-13,42.54999923706055,43.5099983215332,42.43000030517578,42.849998474121094,26.883729934692383,13376900,,
2005-9-14,42.720001220703125,42.959999084472656,41.810001373291016,42.06999969482422,26.39437484741211,12493200,,
2005-9-15,42.27000045776367,42.5,41.9900016784668,42.25,26.507301330566406,8679900,,
2005-9-16,42.45000076293945,43.36000061035156,42.20000076293945,43.31999969482422,27.178611755371094,19866600,,
2005-9-19,43.16999816894531,43.29999923706055,42.34000015258789,42.709999084472656,26.795894622802734,10286800,,
2005-9-20,43.33000183105469,44.470001220703125,43.29999923706055,43.41999816894531,27.24134063720703,24303100,,
2005-9-21,43.70000076293945,44.43000030517578,43.25,43.72999954223633,27.435832977294922,23322900,,
2005-9-22,43.720001220703125,44.52000045776367,43.68000030517578,44,27.605241775512695,14952400,,
2005-9-23,43.88999938964844,44.91999816894531,43.83000183105469,44.7599983215332,28.082061767578125,14108400,,
2005-9-26,44.880001068115234,44.9900016784668,44.150001525878906,44.400001525878906,27.8561954498291,13015700,,
2005-9-27,44.540000915527344,44.84000015258789,44.08000183105469,44.349998474121094,27.8248291015625,9933100,,
2005-9-28,44.470001220703125,44.849998474121094,44.13999938964844,44.5099983215332,27.925209045410156,13407200,,
2005-9-29,44.400001525878906,45.04999923706055,44.209999084472656,44.9900016784668,28.22636604309082,18963100,,
2005-9-30,44.90999984741211,45.02000045776367,44.349998474121094,44.75,28.07577896118164,12115900,,
2005-10-3,44.97999954223633,45.27000045776367,44.720001220703125,45.04999923706055,28.26400375366211,15035800,,
2005-10-4,44.900001525878906,46.279998779296875,44.79999923706055,45.61000061035156,28.615346908569336,19054400,,
2005-10-5,45.459999084472656,46.150001525878906,45.150001525878906,45.150001525878906,28.326749801635742,15570400,,
2005-10-6,45.06999969482422,45.470001220703125,43.650001525878906,44.150001525878906,27.69934844970703,18393000,,
2005-10-7,44.70000076293945,44.900001525878906,43.66999816894531,43.91999816894531,27.555049896240234,10768100,,
2005-10-10,43.83000183105469,44.540000915527344,43.52000045776367,43.68000030517578,27.404483795166016,9254700,,
2005-10-11,43.65999984741211,43.88999938964844,43.11000061035156,43.459999084472656,27.26645278930664,10189500,,
2005-10-12,43.20000076293945,43.880001068115234,42.25,42.349998474121094,26.570043563842773,17922700,,
2005-10-13,42.15999984741211,42.43000030517578,41.43000030517578,41.70000076293945,26.1622314453125,20228600,,
2005-10-14,42.099998474121094,42.439998626708984,41.36000061035156,41.93000030517578,26.30653953552246,15003300,,
2005-10-17,41.900001525878906,42.38999938964844,41.560001373291016,42.189998626708984,26.46965980529785,9849000,,
2005-10-18,42.349998474121094,42.79999923706055,41.849998474121094,42.45000076293945,26.632776260375977,11950500,,
2005-10-19,42.5,44.150001525878906,42.18000030517578,44.02000045776367,27.61778450012207,19092400,,
2005-10-20,43.900001525878906,44.709999084472656,43.08000183105469,43.349998474121094,27.197423934936523,17803000,,
2005-10-21,44.290000915527344,45.15999984741211,43.86000061035156,45,28.232624053955078,23218300,,
2005-10-24,44.9900016784668,45.70000076293945,44.599998474121094,45.70000076293945,28.67180633544922,14469200,,
2005-10-25,45.150001525878906,45.599998474121094,44.540000915527344,45.15999984741211,28.333017349243164,12242800,,
2005-10-26,45,45.9900016784668,44.52000045776367,44.849998474121094,28.138519287109375,15901800,,
2005-10-27,44.54999923706055,44.63999938964844,42.90999984741211,43.04999923706055,27.00921058654785,18246700,,
2005-10-28,40.20000076293945,41.33000183105469,39.68000030517578,41.06999969482422,25.7669734954834,40710000,,
2005-10-31,40.61000061035156,40.90999984741211,39.02000045776367,39.7599983215332,24.94508934020996,39013200,,
2005-11-1,39.86000061035156,39.86000061035156,39.08000183105469,39.4900016784668,24.775707244873047,25237200,,
2005-11-2,39.41999816894531,40.63999938964844,39.119998931884766,40.380001068115234,25.334075927734375,27301900,,
2005-11-3,42.70000076293945,44.459999084472656,42.52000045776367,44.02000045776367,27.61778450012207,44420000,,
2005-11-4,44.40999984741211,44.880001068115234,43.439998626708984,44.79999923706055,28.107154846191406,19154600,,
2005-11-7,44.83000183105469,45.2599983215332,44.36000061035156,44.63999938964844,28.006772994995117,14144000,,
2005-11-8,44.31999969482422,45.470001220703125,44.279998779296875,45.290000915527344,28.414569854736328,15616000,,
2005-11-9,45.209999084472656,45.68000030517578,44.47999954223633,44.66999816894531,28.02559471130371,12935600,,
2005-11-10,44.970001220703125,45.66999816894531,44.310001373291016,45.65999984741211,28.646703720092773,13049500,,
2005-11-11,45.599998474121094,46.150001525878906,45.22999954223633,45.41999816894531,28.49613380432129,12494600,,
2005-11-14,45.2400016784668,46,45.150001525878906,45.529998779296875,28.56514549255371,8470800,,
2005-11-15,45.61000061035156,45.779998779296875,44.529998779296875,44.939998626708984,28.194976806640625,13667300,,
2005-11-16,45.150001525878906,45.2400016784668,44.65999984741211,44.95000076293945,28.201255798339844,10402900,,
2005-11-17,45.2400016784668,45.65999984741211,44.959999084472656,45.529998779296875,28.56514549255371,13469700,,
2005-11-18,45.7599983215332,46.31999969482422,45.310001373291016,45.93000030517578,28.81609535217285,19329200,,
2005-11-21,45.650001525878906,46.290000915527344,45.54999923706055,46.08000183105469,28.910207748413086,11127100,,
2005-11-22,45.95000076293945,46.22999954223633,45.470001220703125,45.93000030517578,28.81609535217285,12539900,,
2005-11-23,46.06999969482422,46.290000915527344,45.7599983215332,46.0099983215332,28.86629295349121,11393200,,
2005-11-25,46.15999984741211,46.22999954223633,45.93000030517578,46.18000030517578,28.972951889038086,3648700,,
2005-11-28,46.25,46.290000915527344,45.560001373291016,46.040000915527344,28.885116577148438,12526000,,
2005-11-29,46.189998626708984,46.5099983215332,45.47999954223633,45.540000915527344,28.57142448425293,12345800,,
2005-11-30,45.470001220703125,46.13999938964844,45.40999984741211,45.470001220703125,28.527511596679688,11542000,,
2005-12-1,45.16999816894531,45.95000076293945,45.099998474121094,45.599998474121094,28.609066009521484,14437300,,
2005-12-2,45.29999923706055,45.599998474121094,44.720001220703125,45.20000076293945,28.35810661315918,11473400,,
2005-12-5,45.0099983215332,45.31999969482422,44.34000015258789,44.4900016784668,27.96833610534668,11896000,0.09,
2005-12-6,44.709999084472656,45.31999969482422,44.459999084472656,44.7400016784668,28.125505447387695,11078400,,
2005-12-7,44.63999938964844,45.150001525878906,44.54999923706055,45,28.288963317871094,8919400,,
2005-12-8,45.61000061035156,45.86000061035156,43.95000076293945,44.209999084472656,27.792333602905273,21431200,,
2005-12-9,44.52000045776367,44.79999923706055,44.06999969482422,44.45000076293945,27.943193435668945,10016000,,
2005-12-12,44.43000030517578,45.29999923706055,44.43000030517578,45.20000076293945,28.414688110351562,9310300,,
2005-12-13,45.279998779296875,46.2400016784668,45.18000030517578,45.84000015258789,28.817012786865234,14896100,,
2005-12-14,45.75,46.599998474121094,45.63999938964844,46.22999954223633,29.062183380126953,15212300,,
2005-12-15,46.540000915527344,46.58000183105469,45.45000076293945,45.7400016784668,28.754152297973633,11015000,,
2005-12-16,45.599998474121094,46.150001525878906,44.88999938964844,44.95000076293945,28.257535934448242,26690500,,
2005-12-19,45.41999816894531,45.5099983215332,43.650001525878906,43.689998626708984,27.465436935424805,14546000,,
2005-12-20,43.75,44.79999923706055,43.689998626708984,44.09000015258789,27.71687889099121,15948000,,
2005-12-21,44.209999084472656,44.849998474121094,43.75,43.9900016784668,27.65402603149414,11117000,,
2005-12-22,44.2400016784668,44.54999923706055,43.59000015258789,44.38999938964844,27.90549087524414,9768100,,
2005-12-23,44.77000045776367,44.849998474121094,44.25,44.38999938964844,27.90549087524414,5372400,,
2005-12-27,44.27000045776367,44.68000030517578,43.40999984741211,43.63999938964844,27.434005737304688,8683300,,
2005-12-28,43.720001220703125,44.099998474121094,43.529998779296875,43.650001525878906,27.44028663635254,7204400,,
2005-12-29,43.790000915527344,44.119998931884766,43.41999816894531,43.540000915527344,27.371143341064453,7923800,,
2005-12-30,43.22999954223633,43.5,42.97999954223633,43.08000183105469,27.08196449279785,8619800,,
2006-1-3,43.25,44.349998474121094,42.90999984741211,44,27.660314559936523,15828200,,
2006-1-4,44,45.4900016784668,43.93000030517578,45.43000030517578,28.559280395507812,16828300,,
2006-1-5,45.22999954223633,45.68000030517578,45,45.209999084472656,28.42096710205078,10866100,,
2006-1-6,45.54999923706055,47.38999938964844,45.36000061035156,47.36000061035156,29.772552490234375,26689700,,
2006-1-9,46.939998626708984,47.70000076293945,46.90999984741211,47.56999969482422,29.90458106994629,14562900,,
2006-1-10,47.15999984741211,48,47.09000015258789,47.380001068115234,29.785127639770508,12886200,,
2006-1-11,47.54999923706055,49.45000076293945,47.29999923706055,48.79999923706055,30.677804946899414,20006000,,
2006-1-12,48.599998474121094,49.29999923706055,48.27000045776367,49,30.80353546142578,16641700,,
2006-1-13,48.91999816894531,49,48.060001373291016,48.63999938964844,30.57723045349121,11708600,,
2006-1-17,47.41999816894531,48.33000183105469,47.310001373291016,48.119998931884766,30.250333786010742,13164900,,
2006-1-18,47.41999816894531,48.47999954223633,47.400001525878906,47.75,30.017738342285156,13203900,,
2006-1-19,48.220001220703125,48.720001220703125,47.61000061035156,48.66999816894531,30.59609031677246,14107500,,
2006-1-20,48.52000045776367,48.68000030517578,46.529998779296875,46.959999084472656,29.521100997924805,20935700,,
2006-1-23,47.15999984741211,47.189998626708984,46.5,46.91999816894531,29.495948791503906,10815900,,
2006-1-24,47.25,48.29999923706055,46.959999084472656,48.06999969482422,30.218904495239258,13906600,,
2006-1-25,48.220001220703125,48.599998474121094,47.11000061035156,47.58000183105469,29.910871505737305,17278000,,
2006-1-26,46.7400016784668,48.09000015258789,46.5,47.5,29.86056900024414,19732900,,
2006-1-27,47.560001373291016,48.16999816894531,47.099998474121094,48.02000045776367,30.187471389770508,14465000,,
2006-1-30,48.09000015258789,48.79999923706055,47.90999984741211,48.56999969482422,30.53321647644043,12418700,,
2006-1-31,48.369998931884766,48.86000061035156,47.540000915527344,47.959999084472656,30.149744033813477,12809400,,
2006-2-1,47.33000183105469,48.29999923706055,47.130001068115234,47.93000030517578,30.130887985229492,12480900,,
2006-2-2,47.59000015258789,47.90999984741211,46.869998931884766,46.880001068115234,29.470809936523438,9859400,,
2006-2-3,46.54999923706055,46.79999923706055,45.75,46.08000183105469,28.967884063720703,11569600,,
2006-2-6,45.81999969482422,46.34000015258789,45.5099983215332,45.93000030517578,28.873592376708984,8961700,,
2006-2-7,45.849998474121094,46.119998931884766,45.08000183105469,45.72999954223633,28.747859954833984,11864700,,
2006-2-8,45.849998474121094,47.130001068115234,45.810001373291016,46.970001220703125,29.527393341064453,11592300,,
2006-2-9,47.04999923706055,47.31999969482422,46.060001373291016,46.15999984741211,29.0181827545166,9714900,,
2006-2-10,46.400001525878906,46.79999923706055,45.7400016784668,46.65999984741211,29.33250617980957,8898900,,
2006-2-13,46.29999923706055,46.52000045776367,45.47999954223633,45.95000076293945,28.88616371154785,9316200,,
2006-2-14,46.36000061035156,47.959999084472656,46.09000015258789,47.599998474121094,29.923433303833008,16978800,,
2006-2-15,47.27000045776367,47.959999084472656,46.75,47.34000015258789,29.759981155395508,12619900,,
2006-2-16,47.4900016784668,48.11000061035156,47,48.099998474121094,30.237749099731445,13906100,,
2006-2-17,47.75,48.880001068115234,47.68000030517578,48.310001373291016,30.369773864746094,14806500,,
2006-2-21,48.08000183105469,48.189998626708984,46.709999084472656,46.939998626708984,29.50851821899414,11795200,,
2006-2-22,47,48.47999954223633,46.849998474121094,47.779998779296875,30.094268798828125,11531300,0.09,
2006-2-23,47.470001220703125,47.66999816894531,46.849998474121094,46.93000030517578,29.558914184570312,8423400,,
2006-2-24,47.09000015258789,47.279998779296875,46.58000183105469,47.189998626708984,29.722679138183594,7123000,,
2006-2-27,47.130001068115234,48.4900016784668,46.970001220703125,48.349998474121094,30.453306198120117,11439200,,
2006-2-28,48.16999816894531,48.400001525878906,46.9900016784668,47.15999984741211,29.703784942626953,14225100,,
2006-3-1,47.22999954223633,48.290000915527344,46.790000915527344,48.029998779296875,30.251758575439453,10745900,,
2006-3-2,47.349998474121094,48.7599983215332,47.2400016784668,47.83000183105469,30.125778198242188,12840000,,
2006-3-3,47.459999084472656,48.7400016784668,47.27000045776367,47.630001068115234,29.99981117248535,11380300,,
2006-3-6,47.54999923706055,48.36000061035156,47.099998474121094,47.2400016784668,29.754173278808594,12531500,,
2006-3-7,47.88999938964844,48.41999816894531,47.439998626708984,47.86000061035156,30.14466667175293,23360400,,
2006-3-8,47.959999084472656,49.880001068115234,47.70000076293945,49.529998779296875,31.196521759033203,27269000,,
2006-3-9,49.560001373291016,49.939998626708984,48.029998779296875,48.099998474121094,30.29583740234375,17084100,,
2006-3-10,47.970001220703125,48.650001525878906,47.5,48,30.232872009277344,11782900,,
2006-3-13,48.650001525878906,48.83000183105469,47.95000076293945,48.209999084472656,30.36511993408203,10254100,,
2006-3-14,48.099998474121094,49.369998931884766,48,49.25,31.02017593383789,12899100,,
2006-3-15,49.40999984741211,49.84000015258789,49.099998474121094,49.810001373291016,31.372882843017578,12722800,,
2006-3-16,50.310001373291016,51.18000030517578,49.869998931884766,49.869998931884766,31.410673141479492,23760100,,
2006-3-17,49.959999084472656,50.97999954223633,49.91999816894531,50.77000045776367,31.97754669189453,20416200,,
2006-3-20,50.630001068115234,50.959999084472656,50.20000076293945,50.310001373291016,31.687807083129883,9716700,,
2006-3-21,49.59000015258789,51,49.5099983215332,49.59000015258789,31.234315872192383,17392000,,
2006-3-22,49.459999084472656,50.189998626708984,49.31999969482422,49.75,31.3350887298584,11553200,,
2006-3-23,49.68000030517578,49.900001525878906,49.150001525878906,49.58000183105469,31.228023529052734,10005000,,
2006-3-24,49.689998626708984,50.20000076293945,48.88999938964844,49.349998474121094,31.083168029785156,10102900,,
2006-3-27,49.47999954223633,50.13999938964844,49.439998626708984,49.709999084472656,31.309885025024414,8258300,,
2006-3-28,49.58000183105469,50.529998779296875,49.16999816894531,49.36000061035156,31.089460372924805,12904700,,
2006-3-29,49.619998931884766,51.099998474121094,49.52000045776367,50.720001220703125,31.946060180664062,15647800,,
2006-3-30,50.939998626708984,51.75,50.75,50.849998474121094,32.02793884277344,13533200,,
2006-3-31,51.15999984741211,51.40999984741211,50.43000030517578,50.61000061035156,31.876779556274414,12090000,,
2006-4-3,51.13999938964844,51.720001220703125,51.029998779296875,51.18000030517578,32.23577117919922,13950400,,
2006-4-4,51.040000915527344,51.959999084472656,51.029998779296875,51.810001373291016,32.63260269165039,13997500,,
2006-4-5,51.689998626708984,51.79999923706055,51.18000030517578,51.66999816894531,32.544410705566406,9794500,,
2006-4-6,51.75,51.9900016784668,51.15999984741211,51.7599983215332,32.6010856628418,9981800,,
2006-4-7,51.90999984741211,52.47999954223633,51.72999954223633,51.959999084472656,32.72705841064453,14131900,,
2006-4-10,51.779998779296875,52.06999969482422,51,51.58000183105469,32.487709045410156,7279000,,
2006-4-11,51.630001068115234,52.029998779296875,50.90999984741211,51.38999938964844,32.368045806884766,11033000,,
2006-4-12,51.63999938964844,51.70000076293945,50.970001220703125,50.970001220703125,32.10350799560547,7223400,,
2006-4-13,50.93000030517578,51.84000015258789,50.93000030517578,51.47999954223633,32.42473602294922,7865000,,
2006-4-17,51.41999816894531,51.93000030517578,50.630001068115234,51.02000045776367,32.13500213623047,9425600,,
2006-4-18,51.380001068115234,52.4900016784668,51.31999969482422,52.029998779296875,32.77115249633789,12104600,,
2006-4-19,52.4900016784668,52.58000183105469,51.849998474121094,52.5,33.067195892333984,13482800,,
2006-4-20,52.310001373291016,52.400001525878906,51.20000076293945,51.84000015258789,32.6514778137207,13473900,,
2006-4-21,51.720001220703125,52.099998474121094,50.90999984741211,51.38999938964844,32.368045806884766,14823200,,
2006-4-24,51.06999969482422,52.4900016784668,51.060001373291016,52.29999923706055,32.941226959228516,14477400,,
2006-4-25,52.45000076293945,52.45000076293945,51.25,51.5,32.43731689453125,10246400,,
2006-4-26,51.599998474121094,51.869998931884766,50.84000015258789,51.08000183105469,32.17280960083008,8972500,,
2006-4-27,50.77000045776367,52.459999084472656,50.77000045776367,52.029998779296875,32.77115249633789,12374500,,
2006-4-28,52.209999084472656,52.2400016784668,51.31999969482422,51.34000015258789,32.33656692504883,8186100,,
2006-5-1,51.459999084472656,51.709999084472656,50.279998779296875,50.650001525878906,31.901962280273438,11135400,,
2006-5-2,50.70000076293945,51.36000061035156,50.38999938964844,51.060001373291016,32.160213470458984,8765700,,
2006-5-3,52.2400016784668,52.2400016784668,51.04999923706055,51.75,32.59479904174805,17971900,,
2006-5-4,52.02000045776367,53.0099983215332,51.95000076293945,52.34000015258789,32.96641159057617,15770100,,
2006-5-5,52.709999084472656,53,52.310001373291016,52.560001373291016,33.10497283935547,9867200,,
2006-5-8,52.36000061035156,52.75,52.119998931884766,52.65999984741211,33.16796112060547,8924900,,
2006-5-9,52.779998779296875,52.9900016784668,52.599998474121094,52.7400016784668,33.21834182739258,7634900,,
2006-5-10,52.470001220703125,52.68000030517578,51.41999816894531,51.65999984741211,32.53810501098633,10550300,,
2006-5-11,51.529998779296875,51.7400016784668,48.81999969482422,49.400001525878906,31.114643096923828,20572400,,
2006-5-12,49.34000015258789,49.630001068115234,48.54999923706055,48.9900016784668,30.856412887573242,15023700,,
2006-5-15,48.560001373291016,48.810001373291016,47.36000061035156,48.630001068115234,30.629661560058594,18531500,,
2006-5-16,48.75,49.5,47.9900016784668,48.189998626708984,30.35251808166504,14159100,,
2006-5-17,46.33000183105469,47.810001373291016,46.2400016784668,46.900001525878906,29.540023803710938,22356000,,
2006-5-18,47.25,47.70000076293945,46.279998779296875,46.349998474121094,29.193601608276367,15346900,,
2006-5-19,46.29999923706055,47.70000076293945,46,47.06999969482422,29.647092819213867,22835700,,
2006-5-22,46.45000076293945,47.18000030517578,46.099998474121094,46.630001068115234,29.369956970214844,14452700,,
2006-5-23,46.88999938964844,47.16999816894531,45.380001068115234,45.380001068115234,28.582645416259766,16391300,,
2006-5-24,45.119998931884766,45.880001068115234,44.099998474121094,45.59000015258789,28.791038513183594,23278700,0.12,
2006-5-25,46,46.400001525878906,45.400001525878906,46.060001373291016,29.087867736816406,13203300,,
2006-5-26,46.22999954223633,46.43000030517578,45.599998474121094,46.029998779296875,29.068920135498047,9158300,,
2006-5-30,45.61000061035156,45.900001525878906,44.720001220703125,44.720001220703125,28.24162483215332,14906500,,
2006-5-31,44.72999954223633,45.459999084472656,44.459999084472656,45.209999084472656,28.55106544494629,13529800,,
2006-6-1,45.20000076293945,47.04999923706055,44.790000915527344,47.04999923706055,29.71306610107422,15979600,,
2006-6-2,47.599998474121094,47.77000045776367,46.459999084472656,47,29.681493759155273,11744300,,
2006-6-5,46.66999816894531,46.970001220703125,45.65999984741211,45.68000030517578,28.84788703918457,11276000,,
2006-6-6,45.68000030517578,46.470001220703125,45.5099983215332,46.16999816894531,29.157325744628906,13510800,,
2006-6-7,46.36000061035156,46.72999954223633,45.34000015258789,45.47999954223633,28.72158432006836,12261300,,
2006-6-8,44.810001373291016,45.11000061035156,42.2400016784668,44.45000076293945,28.071115493774414,27982300,,
2006-6-9,45,45.41999816894531,43.040000915527344,43.439998626708984,27.433286666870117,17768100,,
2006-6-12,43.27000045776367,43.5,41.04999923706055,41.189998626708984,26.01235008239746,23465800,,
2006-6-13,42.709999084472656,42.91999816894531,41.56999969482422,41.84000015258789,26.422836303710938,37462700,,
2006-6-14,42.209999084472656,43.29999923706055,41.91999816894531,43.25,27.313291549682617,20368000,,
2006-6-15,43.650001525878906,45,43.45000076293945,44.88999938964844,28.3489933013916,19466200,,
2006-6-16,44.7400016784668,45,43.02000045776367,43.95000076293945,27.755352020263672,27558500,,
2006-6-19,44.310001373291016,44.38999938964844,43.040000915527344,43.38999938964844,27.401716232299805,14534400,,
2006-6-20,43.630001068115234,44.400001525878906,43.099998474121094,43.90999984741211,27.73009490966797,13471500,,
2006-6-21,44.040000915527344,45,43.810001373291016,44.20000076293945,27.913236618041992,15806700,,
2006-6-22,43.869998931884766,43.900001525878906,41.220001220703125,41.380001068115234,26.132354736328125,34940400,,
2006-6-23,40.209999084472656,40.31999969482422,38.77000045776367,39.5,24.9450740814209,52917600,,
2006-6-26,40,40.65999984741211,39.70000076293945,40.09000015258789,25.317686080932617,16723400,,
2006-6-27,39.900001525878906,40.380001068115234,38.540000915527344,38.689998626708984,24.43355369567871,16616900,,
2006-6-28,38.970001220703125,39.529998779296875,38.56999969482422,39.470001220703125,24.926136016845703,13703600,,
2006-6-29,39.97999954223633,40.779998779296875,38.939998626708984,40.540000915527344,25.601869583129883,20038800,,
2006-6-30,40.7400016784668,40.91999816894531,39.90999984741211,40.06999969482422,25.305049896240234,12742100,,
2006-7-3,39.470001220703125,39.720001220703125,39.150001525878906,39.459999084472656,24.919816970825195,7048400,,
2006-7-5,39.380001068115234,39.40999984741211,37.91999816894531,38.16999816894531,24.10515785217285,18874200,,
2006-7-6,38.18000030517578,38.63999938964844,37.90999984741211,38.470001220703125,24.29463005065918,13692200,,
2006-7-7,38.150001525878906,38.5099983215332,37.63999938964844,38,23.997791290283203,12650800,,
2006-7-10,38.150001525878906,38.22999954223633,37.099998474121094,37.79999923706055,23.871498107910156,14609000,,
2006-7-11,37.560001373291016,39,37.38999938964844,38.869998931884766,24.547216415405273,20633300,,
2006-7-12,38.779998779296875,39.029998779296875,37.189998626708984,37.54999923706055,23.713611602783203,14079400,,
2006-7-13,37.16999816894531,37.849998474121094,36.54999923706055,36.560001373291016,23.08841896057129,15504500,,
2006-7-14,36.4900016784668,37.09000015258789,35.72999954223633,36.369998931884766,22.968425750732422,16502400,,
2006-7-17,36.9900016784668,37.38999938964844,36.290000915527344,36.560001373291016,23.08841896057129,14544900,,
2006-7-18,36.75,37.5,36.22999954223633,37.400001525878906,23.618892669677734,14295400,,
2006-7-19,37.400001525878906,37.790000915527344,36.41999816894531,36.72999954223633,23.195770263671875,33124500,,
2006-7-20,36.2599983215332,37.27000045776367,35.59000015258789,35.849998474121094,22.640037536621094,36654300,,
2006-7-21,35,35.150001525878906,34.11000061035156,34.439998626708984,21.74958610534668,25940800,,
2006-7-24,34.560001373291016,35.59000015258789,34.34000015258789,35.380001068115234,22.34321403503418,16133000,,
2006-7-25,35.29999923706055,35.68000030517578,34.25,34.279998779296875,21.648542404174805,16285900,,
2006-7-26,34.36000061035156,35.2599983215332,33.939998626708984,34.97999954223633,22.090604782104492,21221000,,
2006-7-27,35.15999984741211,35.58000183105469,34.5,34.52000045776367,21.800113677978516,16460600,,
2006-7-28,34.95000076293945,35.97999954223633,34.779998779296875,35.790000915527344,22.602136611938477,15672800,,
2006-7-31,35.59000015258789,35.709999084472656,35.189998626708984,35.2599983215332,22.26743507385254,10633400,,
2006-8-1,34.91999816894531,34.959999084472656,34,34.47999954223633,21.774852752685547,16525700,,
2006-8-2,34.5,34.75,33.79999923706055,34.369998931884766,21.705381393432617,12716400,,
2006-8-3,34.130001068115234,35.2599983215332,34.09000015258789,34.86000061035156,22.014827728271484,13833300,,
2006-8-4,35.439998626708984,35.970001220703125,34.849998474121094,35.310001373291016,22.299007415771484,16099700,,
2006-8-7,35.29999923706055,35.52000045776367,34.45000076293945,34.599998474121094,21.85062599182129,13443800,,
2006-8-8,34,34.599998474121094,33.369998931884766,33.86000061035156,21.383304595947266,19591000,,
2006-8-9,34.15999984741211,35.15999984741211,33.41999816894531,33.529998779296875,21.17489242553711,17762100,,
2006-8-10,33.400001525878906,34,32.7599983215332,33.900001525878906,21.4085636138916,14521600,,
2006-8-11,33.61000061035156,33.869998931884766,33.150001525878906,33.310001373291016,21.03597640991211,8743700,,
2006-8-14,34.08000183105469,34.45000076293945,33.5099983215332,33.59000015258789,21.212804794311523,12297100,,
2006-8-15,34.43000030517578,35.599998474121094,34.099998474121094,35.45000076293945,22.38742446899414,22562600,,
2006-8-16,36.279998779296875,37.83000183105469,36.209999084472656,37.83000183105469,23.890445709228516,27239100,,
2006-8-17,37.689998626708984,38,37,37.20000076293945,23.49258804321289,16916800,,
2006-8-18,37.2400016784668,37.86000061035156,36.5,37.31999969482422,23.568370819091797,14042900,,
2006-8-21,37,37.369998931884766,36.619998931884766,37.099998474121094,23.4294376373291,13028400,,
2006-8-22,37.150001525878906,38.150001525878906,37.040000915527344,37.5099983215332,23.688356399536133,14493800,,
2006-8-23,37.630001068115234,37.9900016784668,36.459999084472656,36.650001525878906,23.219526290893555,11923000,0.12,
2006-8-24,37,37.41999816894531,36.709999084472656,37.27000045776367,23.612329483032227,8763900,,
2006-8-25,36.939998626708984,37.84000015258789,36.79999923706055,37.380001068115234,23.682024002075195,10448000,,
2006-8-28,37.45000076293945,37.650001525878906,37.0099983215332,37.18000030517578,23.55531883239746,10442800,,
2006-8-29,37.2400016784668,37.68000030517578,36.650001525878906,37.59000015258789,23.81507110595703,10962700,,
2006-8-30,37.650001525878906,38.5,37.599998474121094,37.90999984741211,24.01780128479004,11706200,,
2006-8-31,38.20000076293945,38.25,37.52000045776367,37.66999816894531,23.865753173828125,8546800,,
2006-9-1,38.33000183105469,38.79999923706055,38.09000015258789,38.349998474121094,24.296560287475586,13679200,,
2006-9-5,38.36000061035156,39.33000183105469,37.529998779296875,39.189998626708984,24.82874870300293,16198800,,
2006-9-6,39.099998474121094,39.4900016784668,37.79999923706055,38.040000915527344,24.100168228149414,19418000,,
2006-9-7,37.84000015258789,38,36.900001525878906,36.970001220703125,23.422264099121094,18274400,,
2006-9-8,37.099998474121094,37.22999954223633,36.290000915527344,36.540000915527344,23.149852752685547,16883400,,
2006-9-11,36.13999938964844,37.119998931884766,35.9900016784668,36.810001373291016,23.320898056030273,13755300,,
2006-9-12,37.400001525878906,38.09000015258789,37.33000183105469,37.650001525878906,23.85307502746582,21906100,,
2006-9-13,37.83000183105469,37.939998626708984,37.27000045776367,37.29999923706055,23.631338119506836,16226000,,
2006-9-14,37.119998931884766,37.61000061035156,37.0099983215332,37.20000076293945,23.567983627319336,15214000,,
2006-9-15,37.5099983215332,37.810001373291016,36.79999923706055,36.810001373291016,23.320898056030273,27469800,,
2006-9-18,36.90999984741211,37.63999938964844,36.5,36.599998474121094,23.187862396240234,19695600,,
2006-9-19,36.900001525878906,37.29999923706055,36.70000076293945,37.099998474121094,23.50463104248047,13963000,,
2006-9-20,37,38.20000076293945,36.83000183105469,38.11000061035156,24.144515991210938,20166400,,
2006-9-21,38.2400016784668,39.220001220703125,38.209999084472656,38.47999954223633,24.37891960144043,23147500,,
2006-9-22,38.5,38.5099983215332,37.59000015258789,37.86000061035156,23.986133575439453,12617400,,
2006-9-25,38.20000076293945,38.97999954223633,37.5099983215332,38.66999816894531,24.499298095703125,15413000,,
2006-9-26,38.689998626708984,39.29999923706055,38.220001220703125,38.43000030517578,24.347248077392578,15802800,,
2006-9-27,38.4900016784668,38.790000915527344,37.79999923706055,38.130001068115234,24.157180786132812,18369200,,
2006-9-28,38.15999984741211,38.22999954223633,36.75,37.02000045776367,23.45394515991211,23546700,,
2006-9-29,37.209999084472656,37.279998779296875,36.16999816894531,36.349998474121094,23.029470443725586,16856000,,
2006-10-2,36.11000061035156,36.4900016784668,34.099998474121094,34.65999984741211,21.958768844604492,33287100,,
2006-10-3,34.72999954223633,35.79999923706055,34.619998931884766,35.400001525878906,22.427595138549805,19379500,,
2006-10-4,35.400001525878906,35.81999969482422,34.880001068115234,35.81999969482422,22.693696975708008,18615600,,
2006-10-5,35.86000061035156,36.310001373291016,35.439998626708984,36.2599983215332,22.972448348999023,14728300,,
2006-10-6,35.97999954223633,36.66999816894531,35.779998779296875,36.369998931884766,23.042139053344727,12749000,,
2006-10-9,36.27000045776367,36.52000045776367,36,36.2400016784668,22.959774017333984,7990500,,
2006-10-10,36.41999816894531,37.88999938964844,35,37.06999969482422,23.485628128051758,33428900,,
2006-10-11,36.95000076293945,37.9900016784668,36.869998931884766,37.7599983215332,23.92275619506836,16964200,,
2006-10-12,37.939998626708984,39.0099983215332,37.90999984741211,38.939998626708984,24.67035675048828,16636600,,
2006-10-13,39.13999938964844,39.84000015258789,38.75,39.84000015258789,25.240549087524414,22416800,,
2006-10-16,39.70000076293945,40,39.560001373291016,39.81999969482422,25.227874755859375,14313500,,
2006-10-17,39.470001220703125,39.599998474121094,38.58000183105469,38.939998626708984,24.67035675048828,15012100,,
2006-10-18,39.16999816894531,39.220001220703125,37.900001525878906,38.119998931884766,24.150856018066406,17854000,,
2006-10-19,37.310001373291016,38.2599983215332,37.040000915527344,38.18000030517578,24.188859939575195,21946300,,
2006-10-20,38.34000015258789,38.41999816894531,37.20000076293945,37.91999816894531,24.024137496948242,16516000,,
2006-10-23,37.880001068115234,38.63999938964844,37.5099983215332,38.08000183105469,24.125507354736328,13494800,,
2006-10-24,37.650001525878906,37.95000076293945,36.56999969482422,36.709999084472656,23.25754737854004,20196800,,
2006-10-25,36.68000030517578,37.7400016784668,36.650001525878906,37.5099983215332,23.764381408691406,15486300,,
2006-10-26,37.77000045776367,38.04999923706055,37.040000915527344,37.9900016784668,24.06849479675293,15014100,,
2006-10-27,37.91999816894531,38,36.91999816894531,37.13999938964844,23.52997589111328,13137900,,
2006-10-30,36.689998626708984,36.93000030517578,36.400001525878906,36.7400016784668,23.276554107666016,15543100,,
2006-10-31,36.970001220703125,37.20000076293945,36.060001373291016,36.38999938964844,23.054813385009766,14697600,,
2006-11-1,36.79999923706055,36.900001525878906,35.61000061035156,35.72999954223633,22.636674880981445,18774600,,
2006-11-2,35.75,36.400001525878906,35.40999984741211,36.36000061035156,23.035802841186523,21291000,,
2006-11-3,36.290000915527344,37.619998931884766,35.90999984741211,36.470001220703125,23.105499267578125,33224500,,
2006-11-6,36.45000076293945,36.689998626708984,35.959999084472656,36.13999938964844,22.896425247192383,18815000,,
2006-11-7,36.099998474121094,37.04999923706055,36.0099983215332,36.38999938964844,23.054813385009766,17794000,,
2006-11-8,36.310001373291016,36.599998474121094,35.95000076293945,36.279998779296875,22.98512077331543,15973000,,
2006-11-9,36.06999969482422,36.20000076293945,34.68000030517578,34.83000183105469,22.06647491455078,31773800,,
2006-11-10,34.88999938964844,35.25,34.349998474121094,35.2400016784668,22.32622718811035,20316800,,
2006-11-13,35.900001525878906,36.63999938964844,35.5099983215332,36.20000076293945,22.934436798095703,21433100,,
2006-11-14,36.310001373291016,37.7400016784668,36.04999923706055,37.560001373291016,23.796064376831055,24482400,,
2006-11-15,37.529998779296875,38.029998779296875,37.2599983215332,37.70000076293945,23.884756088256836,19185500,,
2006-11-16,38.04999923706055,38.400001525878906,37.560001373291016,37.79999923706055,23.948110580444336,17215100,,
2006-11-17,37.599998474121094,37.790000915527344,37.40999984741211,37.630001068115234,23.840408325195312,13663300,,
2006-11-20,37.310001373291016,37.45000076293945,36.81999969482422,37.150001525878906,23.536317825317383,13358000,,
2006-11-21,37.209999084472656,37.720001220703125,36.959999084472656,37.61000061035156,23.82773780822754,11977800,,
2006-11-22,37.529998779296875,37.650001525878906,36.81999969482422,37.349998474121094,23.663015365600586,10503700,,
2006-11-24,37.08000183105469,37.869998931884766,37,37.58000183105469,23.808732986450195,7461700,,
2006-11-27,37.33000183105469,37.5,36.349998474121094,36.45000076293945,23.092823028564453,15634200,,
2006-11-28,36.380001068115234,36.70000076293945,35.70000076293945,35.849998474121094,22.712696075439453,21740800,,
2006-11-29,36.04999923706055,36.779998779296875,35.970001220703125,36.650001525878906,23.219526290893555,14628600,,
2006-11-30,36.529998779296875,36.81999969482422,35.81999969482422,36.59000015258789,23.181516647338867,18364300,,
2006-12-1,36.5,36.7599983215332,35.79999923706055,36.349998474121094,23.029470443725586,14102800,,
2006-12-4,36.689998626708984,37.58000183105469,36.540000915527344,37.5,23.758047103881836,20931800,,
2006-12-5,37.75,39.43000030517578,37.61000061035156,38.7400016784668,24.622438430786133,33695000,0.12,
2006-12-6,38.7599983215332,39.380001068115234,38.45000076293945,39.18000030517578,24.902090072631836,19753700,,
2006-12-7,39.52000045776367,40.9900016784668,39.11000061035156,39.13999938964844,24.87667465209961,26866400,,
2006-12-8,39,40.27000045776367,38.779998779296875,39.540000915527344,25.130903244018555,18041500,,
2006-12-11,39.25,39.95000076293945,38.880001068115234,38.93000030517578,24.743200302124023,19600900,,
2006-12-12,38.81999969482422,39.06999969482422,38.130001068115234,38.869998931884766,24.70505714416504,15862200,,
2006-12-13,39.25,39.29999923706055,38.11000061035156,38.43000030517578,24.425416946411133,21437800,,
2006-12-14,38.58000183105469,39.599998474121094,38.380001068115234,39.40999984741211,25.048282623291016,16745600,,
2006-12-15,39.599998474121094,40,39.290000915527344,39.5,25.10547637939453,21097000,,
2006-12-18,39.689998626708984,40.099998474121094,38.84000015258789,39.06999969482422,24.832178115844727,13646200,,
2006-12-19,38.720001220703125,38.90999984741211,38.369998931884766,38.4900016784668,24.46355628967285,14448100,,
2006-12-20,38.5,39.099998474121094,38.25,38.310001373291016,24.349138259887695,9897200,,
2006-12-21,38.310001373291016,38.61000061035156,38,38.540000915527344,24.495332717895508,11799200,,
2006-12-22,37.540000915527344,38.290000915527344,37.5,37.810001373291016,24.03135108947754,23678700,,
2006-12-26,37.540000915527344,38.16999816894531,37.41999816894531,37.619998931884766,23.910585403442383,11148300,,
2006-12-27,37.81999969482422,38.150001525878906,37.560001373291016,37.56999969482422,23.87881088256836,9025100,,
2006-12-28,37.52000045776367,38.0099983215332,37.45000076293945,37.689998626708984,23.955080032348633,11384300,,
2006-12-29,37.79999923706055,38.369998931884766,37.56999969482422,37.790000915527344,24.018644332885742,10856200,,
2007-1-3,37.7599983215332,38.77000045776367,36.790000915527344,37.459999084472656,23.808895111083984,24184800,,
2007-1-4,37.790000915527344,39.400001525878906,37.400001525878906,39.150001525878906,24.88302993774414,26164600,,
2007-1-5,38.900001525878906,38.939998626708984,37.869998931884766,38.689998626708984,24.59065818786621,18403600,,
2007-1-8,38.75,38.75,38,38.2599983215332,24.317352294921875,13545200,,
2007-1-9,38.5,38.650001525878906,37.84000015258789,37.84000015258789,24.050416946411133,15948700,,
2007-1-10,37.650001525878906,38.560001373291016,37.59000015258789,38.54999923706055,24.50166893005371,14333700,,
2007-1-11,38.65999984741211,39.63999938964844,38.099998474121094,39.47999954223633,25.092769622802734,20549100,,
2007-1-12,39.25,39.939998626708984,39.119998931884766,39.619998931884766,25.1817569732666,14336000,,
2007-1-16,39.79999923706055,39.95000076293945,39.040000915527344,39.470001220703125,25.086416244506836,13712200,,
2007-1-17,39.16999816894531,39.959999084472656,39,39.189998626708984,24.908458709716797,17002100,,
2007-1-18,39.099998474121094,39.349998474121094,38.33000183105469,38.4900016784668,24.46355628967285,16412400,,
2007-1-19,38.27000045776367,39.18000030517578,38.130001068115234,38.869998931884766,24.70505714416504,17489500,,
2007-1-22,39.040000915527344,39.08000183105469,38.119998931884766,38.5099983215332,24.476261138916016,19125900,,
2007-1-23,38.4900016784668,39.06999969482422,38.04999923706055,38.130001068115234,24.23473358154297,17228000,,
2007-1-24,38.459999084472656,39.29999923706055,38.310001373291016,38.619998931884766,24.546171188354492,25559900,,
2007-1-25,39.880001068115234,39.90999984741211,38.150001525878906,38.15999984741211,24.253803253173828,28175800,,
2007-1-26,38.27000045776367,38.38999938964844,37.349998474121094,37.5099983215332,23.840673446655273,20681700,,
2007-1-29,37,37.560001373291016,36.79999923706055,37.150001525878906,23.611873626708984,18989500,,
2007-1-30,37.16999816894531,37.40999984741211,36.939998626708984,37.16999816894531,23.624588012695312,13357700,,
2007-1-31,37.130001068115234,37.900001525878906,36.810001373291016,37.65999984741211,23.93602180480957,15702600,,
2007-2-1,37.79999923706055,37.81999969482422,37.04999923706055,37.40999984741211,23.777122497558594,16678300,,
2007-2-2,37.43000030517578,37.52000045776367,37,37.189998626708984,23.63728904724121,15597800,,
2007-2-5,37.20000076293945,38.119998931884766,37,37.90999984741211,24.09490203857422,18370500,,
2007-2-6,37.869998931884766,37.970001220703125,37.22999954223633,37.68000030517578,23.948720932006836,18493800,,
2007-2-7,37.790000915527344,37.88999938964844,37.34000015258789,37.58000183105469,23.88516616821289,16080400,,
2007-2-8,37.560001373291016,38.689998626708984,37.119998931884766,38.2599983215332,24.317352294921875,20890600,,
2007-2-9,38.84000015258789,38.9900016784668,37.88999938964844,38.310001373291016,24.349138259887695,21304300,,
2007-2-12,38.72999954223633,38.79999923706055,37.90999984741211,38.04999923706055,24.183879852294922,16559600,,
2007-2-13,38.2599983215332,38.68000030517578,38,38.06999969482422,24.19659423828125,16057400,,
2007-2-14,38.25,39.95000076293945,38.25,39.65999984741211,25.207178115844727,31705600,,
2007-2-15,40.2599983215332,41.439998626708984,40.150001525878906,41.310001373291016,26.255884170532227,37990000,,
2007-2-16,41.119998931884766,43.380001068115234,40.849998474121094,42.5099983215332,27.018573760986328,53781900,,
2007-2-20,41.97999954223633,42.779998779296875,41.86000061035156,42.70000076293945,27.139333724975586,22376400,,
2007-2-21,42.25,42.58000183105469,41.84000015258789,42.04999923706055,26.726211547851562,21788600,,
2007-2-22,42.220001220703125,42.79999923706055,42.029998779296875,42.790000915527344,27.196542739868164,18040600,,
2007-2-23,43.20000076293945,43.61000061035156,42.56999969482422,43.36000061035156,27.558839797973633,24741700,,
2007-2-26,43.2599983215332,43.29999923706055,42.25,42.650001525878906,27.107572555541992,24297600,,
2007-2-27,41.060001373291016,41.66999816894531,40,40.25,25.582172393798828,38780800,,
2007-2-28,40.29999923706055,41.08000183105469,40,40.29999923706055,25.69053840637207,27334400,0.12,
2007-3-1,39.560001373291016,40.779998779296875,39.349998474121094,40.099998474121094,25.563045501708984,26715500,,
2007-3-2,40.04999923706055,40.31999969482422,39.40999984741211,39.47999954223633,25.167800903320312,22620900,,
2007-3-5,39.209999084472656,40.060001373291016,39.040000915527344,39.13999938964844,24.95105743408203,17759000,,
2007-3-6,39.59000015258789,39.779998779296875,39.22999954223633,39.54999923706055,25.212430953979492,20707700,,
2007-3-7,39.61000061035156,40.209999084472656,39.560001373291016,39.689998626708984,25.301664352416992,18427200,,
2007-3-8,40.2400016784668,40.63999938964844,39.95000076293945,40.2400016784668,25.652299880981445,15779900,,
2007-3-9,40.63999938964844,40.900001525878906,39.959999084472656,40.150001525878906,25.594913482666016,14031600,,
2007-3-12,39.970001220703125,40.29999923706055,39.810001373291016,40.119998931884766,25.575790405273438,15150200,,
2007-3-13,41.599998474121094,42.279998779296875,41.20000076293945,41.83000183105469,26.66590118408203,49881400,,
2007-3-14,42.470001220703125,43.540000915527344,42.41999816894531,43.209999084472656,27.545623779296875,40343800,,
2007-3-15,43.15999984741211,43.93000030517578,43,43.70000076293945,27.857973098754883,29402200,,
2007-3-16,43.47999954223633,43.7400016784668,43.029998779296875,43.68000030517578,27.845233917236328,26267500,,
2007-3-19,44.0099983215332,44.119998931884766,42.630001068115234,42.90999984741211,27.354360580444336,24305600,,
2007-3-20,42.41999816894531,43.22999954223633,42.380001068115234,43.040000915527344,27.437240600585938,18589600,,
2007-3-21,43.099998474121094,43.75,42.36000061035156,43.72999954223633,27.877111434936523,24185400,,
2007-3-22,43.41999816894531,43.790000915527344,43.27000045776367,43.349998474121094,27.634862899780273,16597000,,
2007-3-23,43.130001068115234,43.38999938964844,42.5099983215332,42.56999969482422,27.137617111206055,17486400,,
2007-3-26,42.33000183105469,42.560001373291016,41.56999969482422,42.41999816894531,27.042003631591797,16101700,,
2007-3-27,42.22999954223633,42.849998474121094,42.029998779296875,42.630001068115234,27.175880432128906,12307600,,
2007-3-28,42.5099983215332,43,42.290000915527344,42.5,27.093000411987305,16064600,,
2007-3-29,42.79999923706055,42.880001068115234,41.630001068115234,42.25,26.933631896972656,14227200,,
2007-3-30,42.2599983215332,42.90999984741211,42.150001525878906,42.65999984741211,27.194995880126953,17590000,,
2007-4-2,42.68000030517578,43.130001068115234,42.29999923706055,43.08000183105469,27.462749481201172,15746500,,
2007-4-3,43.400001525878906,43.75,43.16999816894531,43.709999084472656,27.86435890197754,18455900,,
2007-4-4,43.93000030517578,43.959999084472656,43.31999969482422,43.650001525878906,27.826107025146484,15169400,,
2007-4-5,43.060001373291016,43.439998626708984,42.290000915527344,43.29999923706055,27.60297966003418,21872600,,
2007-4-9,43.34000015258789,43.459999084472656,42.47999954223633,42.68000030517578,27.207754135131836,14131200,,
2007-4-10,42.540000915527344,43.040000915527344,42.529998779296875,43,27.411754608154297,11875000,,
2007-4-11,42.90999984741211,42.9900016784668,42.04999923706055,42.099998474121094,26.838010787963867,13662000,,
2007-4-12,41.689998626708984,42.81999969482422,41.599998474121094,42.599998474121094,27.156747817993164,14082900,,
2007-4-13,42.5099983215332,42.709999084472656,41.83000183105469,42.54999923706055,27.124874114990234,13379800,,
2007-4-16,42.77000045776367,43.400001525878906,42.720001220703125,43.38999938964844,27.660356521606445,14774300,,
2007-4-17,43.209999084472656,43.5,43.0099983215332,43.369998931884766,27.647600173950195,12714000,,
2007-4-18,43.0099983215332,43.41999816894531,42.79999923706055,42.970001220703125,27.392623901367188,10603800,,
2007-4-19,42.689998626708984,43.43000030517578,42.619998931884766,43.36000061035156,27.641239166259766,10986400,,
2007-4-20,43.900001525878906,44.20000076293945,43.06999969482422,43.439998626708984,27.692235946655273,20041500,,
2007-4-23,43.31999969482422,43.689998626708984,42.689998626708984,42.88999938964844,27.341623306274414,12977300,,
2007-4-24,43.11000061035156,44.91999816894531,43.029998779296875,44.36000061035156,28.278724670410156,27232200,,
2007-4-25,44.599998474121094,45.36000061035156,44.29999923706055,45.34000015258789,28.9034423828125,24648400,,
2007-4-26,46.20000076293945,46.33000183105469,45.11000061035156,45.29999923706055,28.877939224243164,22980500,,
2007-4-27,44.90999984741211,45.18000030517578,44.29999923706055,44.630001068115234,28.450834274291992,13446600,,
2007-4-30,44.650001525878906,44.81999969482422,43.77000045776367,43.79999923706055,27.921720504760742,15982100,,
2007-5-1,44.0099983215332,44.119998931884766,43.209999084472656,43.77000045776367,27.902589797973633,18144900,,
2007-5-2,43.95000076293945,44.529998779296875,43.72999954223633,44.27000045776367,28.221336364746094,12108800,,
2007-5-3,44.349998474121094,44.5,43.93000030517578,44.279998779296875,28.227733612060547,10549900,,
2007-5-4,44.52000045776367,44.720001220703125,43.58000183105469,44.099998474121094,28.112966537475586,12679500,,
2007-5-7,44.119998931884766,44.540000915527344,43.83000183105469,43.95000076293945,28.017345428466797,7631700,,
2007-5-8,43.72999954223633,44.5,43.650001525878906,44.16999816894531,28.157596588134766,9794800,,
2007-5-9,43.95000076293945,44.5099983215332,43.779998779296875,44.27000045776367,28.221336364746094,9649000,,
2007-5-10,44,44.189998626708984,43.52000045776367,43.90999984741211,27.99184799194336,17208400,,
2007-5-11,44.18000030517578,44.9900016784668,43.91999816894531,44.86000061035156,28.59746551513672,14464600,,
2007-5-14,44.970001220703125,45.2599983215332,43.849998474121094,44.25,28.208606719970703,14864100,,
2007-5-15,44.529998779296875,45.189998626708984,44.060001373291016,44.16999816894531,28.157596588134766,19095400,,
2007-5-16,44.38999938964844,45.54999923706055,44.38999938964844,45.04999923706055,28.71858787536621,28226800,,
2007-5-17,44.810001373291016,45.16999816894531,44.63999938964844,44.81999969482422,28.571962356567383,14988800,,
2007-5-18,44.93000030517578,45.369998931884766,44.61000061035156,45.209999084472656,28.82057762145996,22204100,,
2007-5-21,45.220001220703125,46.15999984741211,44.869998931884766,46.130001068115234,29.407066345214844,24026000,,
2007-5-22,46.47999954223633,47.720001220703125,45.7599983215332,46.380001068115234,29.566421508789062,35405300,,
2007-5-23,46.5099983215332,46.689998626708984,44.810001373291016,44.84000015258789,28.584716796875,21582400,,
2007-5-24,44.75,45,43.47999954223633,43.59000015258789,27.787841796875,29119200,,
2007-5-25,43.689998626708984,43.88999938964844,42.84000015258789,43.349998474121094,27.634862899780273,21643700,,
2007-5-29,43.400001525878906,44.970001220703125,42.83000183105469,44.279998779296875,28.227733612060547,26603700,,
2007-5-30,43.349998474121094,43.709999084472656,42.310001373291016,42.81999969482422,27.383569717407227,31485200,0.14,
2007-5-31,42.93000030517578,43.150001525878906,42.13999938964844,42.95000076293945,27.46670913696289,22806500,,
2007-6-1,43.529998779296875,43.79999923706055,42.68000030517578,42.77000045776367,27.351591110229492,14388800,,
2007-6-4,42.470001220703125,43.06999969482422,42.150001525878906,42.18000030517578,26.974285125732422,14159600,,
2007-6-5,42.279998779296875,42.56999969482422,41.70000076293945,42.4900016784668,27.172529220581055,20356000,,
2007-6-6,42.369998931884766,42.529998779296875,42.02000045776367,42.22999954223633,27.006258010864258,15910900,,
2007-6-7,41.90999984741211,42.38999938964844,40.97999954223633,41.02000045776367,26.232463836669922,31490500,,
2007-6-8,42.130001068115234,42.5,41.220001220703125,41.869998931884766,26.776044845581055,37440800,,
2007-6-11,41.599998474121094,41.720001220703125,41.0099983215332,41.38999938964844,26.46907615661621,18631300,,
2007-6-12,41.02000045776367,42.41999816894531,41,41.810001373291016,26.7376708984375,23645600,,
2007-6-13,42.060001373291016,42.779998779296875,41.810001373291016,42.599998474121094,27.242877960205078,17187000,,
2007-6-14,42.709999084472656,42.939998626708984,42.400001525878906,42.619998931884766,27.25567054748535,17110500,,
2007-6-15,43.040000915527344,43.27000045776367,42.5,42.630001068115234,27.262069702148438,30129600,,
2007-6-18,42.45000076293945,42.84000015258789,42.2599983215332,42.33000183105469,27.070215225219727,12358500,,
2007-6-19,42.25,42.91999816894531,42.20000076293945,42.689998626708984,27.300430297851562,17364100,,
2007-6-20,42.86000061035156,43.9900016784668,42.400001525878906,43.06999969482422,27.543447494506836,22746200,,
2007-6-21,43.029998779296875,43.70000076293945,42.709999084472656,43.560001373291016,27.8568115234375,16279300,,
2007-6-22,43.2599983215332,43.68000030517578,42.79999923706055,42.9900016784668,27.49229621887207,17437900,,
2007-6-25,42.7599983215332,43.150001525878906,42.29999923706055,42.529998779296875,27.1981143951416,16443400,,
2007-6-26,43.040000915527344,43.459999084472656,42.5,42.84000015258789,27.396366119384766,19392000,,
2007-6-27,42.59000015258789,43.45000076293945,42.560001373291016,43.41999816894531,27.767276763916016,15884100,,
2007-6-28,43.349998474121094,43.77000045776367,43.0099983215332,43.459999084472656,27.792856216430664,13805100,,
2007-6-29,43.599998474121094,43.75,43.09000015258789,43.38999938964844,27.74808692932129,17654400,,
2007-7-2,43.599998474121094,43.9900016784668,43.38999938964844,43.93000030517578,28.093414306640625,13155800,,
2007-7-3,43.86000061035156,44,43.70000076293945,43.86000061035156,28.048662185668945,5945200,,
2007-7-5,43.619998931884766,43.790000915527344,43.349998474121094,43.540000915527344,27.844022750854492,13283300,,
2007-7-6,43.5,43.619998931884766,43.11000061035156,43.58000183105469,27.869606018066406,6935700,,
2007-7-9,43.52000045776367,43.900001525878906,43.29999923706055,43.59000015258789,27.875978469848633,12946300,,
2007-7-10,43.439998626708984,43.709999084472656,43.150001525878906,43.209999084472656,27.632986068725586,13915300,,
2007-7-11,43.150001525878906,44.09000015258789,42.779998779296875,43.84000015258789,28.035858154296875,16223400,,
2007-7-12,44,45.33000183105469,43.84000015258789,45.25,28.93756103515625,20896200,,
2007-7-13,44.9900016784668,45.470001220703125,44.75,45.349998474121094,29.001516342163086,12374000,,
2007-7-16,45.20000076293945,45.43000030517578,44.86000061035156,45.029998779296875,28.796876907348633,9798800,,
2007-7-17,45.029998779296875,45.400001525878906,44.779998779296875,45.029998779296875,28.796876907348633,11120500,,
2007-7-18,44.75,45.189998626708984,44.65999984741211,45.099998474121094,28.841630935668945,14220300,,
2007-7-19,44.9900016784668,45.58000183105469,43,43.349998474121094,27.72251319885254,37717800,,
2007-7-20,43.869998931884766,44,42.63999938964844,43,27.498693466186523,36446100,,
2007-7-23,43.029998779296875,43.25,42.15999984741211,42.75,27.338808059692383,23490000,,
2007-7-24,42.52000045776367,44.18000030517578,42.5099983215332,43.08000183105469,27.549850463867188,26145400,,
2007-7-25,43.29999923706055,43.779998779296875,42.33000183105469,42.45000076293945,27.14695167541504,24581400,,
2007-7-26,42.20000076293945,43.2400016784668,41.29999923706055,42.08000183105469,26.910335540771484,42782700,,
2007-7-27,42.43000030517578,42.68000030517578,41.650001525878906,41.66999816894531,26.64813995361328,24072100,,
2007-7-30,41.900001525878906,43.25,41.27000045776367,42.529998779296875,27.1981143951416,18343800,,
2007-7-31,42.97999954223633,42.97999954223633,41.56999969482422,41.650001525878906,26.635360717773438,21111500,,
2007-8-1,41.52000045776367,42.0099983215332,40.560001373291016,41.38999938964844,26.46907615661621,30336800,,
2007-8-2,41.54999923706055,42.279998779296875,41,42.040000915527344,26.884746551513672,16433500,,
2007-8-3,42.029998779296875,42.349998474121094,40.65999984741211,40.77000045776367,26.072586059570312,20152900,,
2007-8-6,41.150001525878906,41.83000183105469,40.369998931884766,41.779998779296875,26.718490600585938,20773300,,
2007-8-7,41.029998779296875,41.5,39.709999084472656,40.5,25.89992332458496,34372300,,
2007-8-8,40.220001220703125,40.650001525878906,39.04999923706055,40.150001525878906,25.67609214782715,40264100,,
2007-8-9,39.209999084472656,40.25,38.220001220703125,38.220001220703125,24.441852569580078,28741900,,
2007-8-10,38,38.279998779296875,37.369998931884766,37.88999938964844,24.230819702148438,28385500,,
2007-8-13,38.150001525878906,39.650001525878906,38.150001525878906,38.91999816894531,24.889511108398438,29142600,,
2007-8-14,38.72999954223633,39.18000030517578,37.689998626708984,37.779998779296875,24.16046714782715,25852300,,
2007-8-15,37.70000076293945,37.97999954223633,35.7599983215332,36.09000015258789,23.079708099365234,35628700,,
2007-8-16,35.7400016784668,37.08000183105469,35.22999954223633,36.93000030517578,23.61689567565918,48200400,,
2007-8-17,37.369998931884766,37.880001068115234,36.4900016784668,37.540000915527344,24.006996154785156,36892900,,
2007-8-20,37.400001525878906,37.77000045776367,37.2599983215332,37.41999816894531,23.930248260498047,17886700,,
2007-8-21,37.18000030517578,37.43000030517578,36.650001525878906,36.900001525878906,23.59770965576172,24645600,,
2007-8-22,37.09000015258789,37.90999984741211,36.849998474121094,37.27000045776367,23.834320068359375,23147000,,
2007-8-23,37.470001220703125,38,37.150001525878906,37.86000061035156,24.211637496948242,18628700,,
2007-8-24,37.90999984741211,38.4900016784668,37.65999984741211,38.22999954223633,24.4482479095459,13293300,,
2007-8-27,38.54999923706055,38.95000076293945,38,38.58000183105469,24.672077178955078,17590200,,
2007-8-28,38.2599983215332,38.630001068115234,37.86000061035156,37.869998931884766,24.218027114868164,14665200,,
2007-8-29,38.09000015258789,38.959999084472656,37.869998931884766,38.91999816894531,24.98185157775879,14499000,0.14,
2007-8-30,38.61000061035156,39.65999984741211,38.380001068115234,39.08000183105469,25.08456802368164,12222300,,
2007-8-31,39.380001068115234,39.9900016784668,39.25,39.88999938964844,25.604480743408203,11942100,,
2007-9-4,39.900001525878906,40.22999954223633,39.439998626708984,40.0099983215332,25.681503295898438,19183100,,
2007-9-5,39.65999984741211,39.75,38.66999816894531,38.93000030517578,24.988283157348633,15631800,,
2007-9-6,39.099998474121094,39.349998474121094,38.540000915527344,38.81999969482422,24.917665481567383,13181600,,
2007-9-7,38.220001220703125,38.779998779296875,37.63999938964844,37.88999938964844,24.32072639465332,18903300,,
2007-9-10,37.779998779296875,37.779998779296875,36.68000030517578,36.77000045776367,23.601823806762695,21082000,,
2007-9-11,37.0099983215332,38.060001373291016,36.83000183105469,38.0099983215332,24.397754669189453,17966600,,
2007-9-12,37.849998474121094,38,37.40999984741211,37.869998931884766,24.30788803100586,14879600,,
2007-9-13,39.209999084472656,39.599998474121094,37.939998626708984,39.16999816894531,25.1423282623291,38801000,,
2007-9-14,38.779998779296875,39.7400016784668,38.279998779296875,39.43000030517578,25.309213638305664,20088400,,
2007-9-17,39.119998931884766,39.25,38.83000183105469,39,25.033212661743164,12286300,,
2007-9-18,39.2400016784668,39.79999923706055,38.720001220703125,39.79999923706055,25.54671287536621,20534300,,
2007-9-19,39.91999816894531,40.2400016784668,39.25,40.040000915527344,25.700763702392578,16994800,,
2007-9-20,40.0099983215332,40.77000045776367,39.900001525878906,40.540000915527344,26.021709442138672,18892000,,
2007-9-21,40.540000915527344,40.95000076293945,39.959999084472656,40.83000183105469,26.20784568786621,29099500,,
2007-9-24,41,41.68000030517578,41,41.63999938964844,26.727766036987305,16600700,,
2007-9-25,41.290000915527344,41.619998931884766,40.77000045776367,41.54999923706055,26.670000076293945,22633900,,
2007-9-26,41.83000183105469,42.5,41.47999954223633,42.2400016784668,27.112903594970703,17939000,,
2007-9-27,42.540000915527344,43.060001373291016,42.0099983215332,42.22999954223633,27.106477737426758,14006200,,
2007-9-28,42.38999938964844,42.599998474121094,41.939998626708984,42.2599983215332,27.125732421875,16260200,,
2007-10-1,42.04999923706055,42.4900016784668,41.459999084472656,42.09000015258789,27.01661491394043,19091800,,
2007-10-2,42.09000015258789,42.09000015258789,41.08000183105469,41.97999954223633,26.946002960205078,18093900,,
2007-10-3,41.72999954223633,42.52000045776367,41.61000061035156,42.27000045776367,27.132150650024414,12932300,,
2007-10-4,42.310001373291016,42.959999084472656,41.97999954223633,42.779998779296875,27.45951271057129,12359100,,
2007-10-5,43.13999938964844,43.400001525878906,42.29999923706055,43.36000061035156,27.83179473876953,14555900,,
2007-10-8,42.959999084472656,43.150001525878906,42.439998626708984,42.77000045776367,27.453079223632812,14400100,,
2007-10-9,42.779998779296875,42.79999923706055,42.0099983215332,42.650001525878906,27.37606430053711,13592900,,
2007-10-10,42.619998931884766,42.7599983215332,42.060001373291016,42.29999923706055,27.151399612426758,13143900,,
2007-10-11,42.34000015258789,42.38999938964844,41.31999969482422,41.470001220703125,26.61865234375,21030800,,
2007-10-12,41.689998626708984,42.15999984741211,41.47999954223633,42.15999984741211,27.061538696289062,11322300,,
2007-10-15,41.880001068115234,42,41.060001373291016,41.290000915527344,26.503103256225586,14736800,,
2007-10-16,41.189998626708984,41.970001220703125,40.84000015258789,40.84000015258789,26.214275360107422,17943400,,
2007-10-17,41.380001068115234,41.470001220703125,40.400001525878906,41.40999984741211,26.58012580871582,21994300,,
2007-10-18,41.380001068115234,41.88999938964844,40.97999954223633,41.380001068115234,26.560882568359375,17009400,,
2007-10-19,41.2400016784668,41.7400016784668,40.130001068115234,40.310001373291016,25.874074935913086,31004600,,
2007-10-22,40.27000045776367,41,40.20000076293945,40.869998931884766,26.23352813720703,13097800,,
2007-10-23,40.400001525878906,41.150001525878906,40.099998474121094,41.130001068115234,26.400405883789062,12114300,,
2007-10-24,40.56999969482422,41.20000076293945,40.04999923706055,41.18000030517578,26.43250274658203,15826200,,
2007-10-25,41.65999984741211,42,40.439998626708984,40.790000915527344,26.182172775268555,15620000,,
2007-10-26,41.06999969482422,41.540000915527344,40.27000045776367,41.33000183105469,26.528778076171875,18399700,,
2007-10-29,41.56999969482422,41.9900016784668,41.060001373291016,41.630001068115234,26.721357345581055,13257700,,
2007-10-30,41.27000045776367,41.90999984741211,41.15999984741211,41.779998779296875,26.8176326751709,9486700,,
2007-10-31,41.959999084472656,42.75,41.68000030517578,42.72999954223633,27.427417755126953,15850100,,
2007-11-1,42.2599983215332,42.70000076293945,41.20000076293945,41.290000915527344,26.503103256225586,17843400,,
2007-11-2,41.689998626708984,41.79999923706055,40.9900016784668,41.34000015258789,26.535205841064453,14702900,,
2007-11-5,41.11000061035156,41.70000076293945,40.22999954223633,40.849998474121094,26.22067642211914,14237700,,
2007-11-6,40.88999938964844,41.59000015258789,40.540000915527344,41.560001373291016,26.676420211791992,14703300,,
2007-11-7,41.29999923706055,42.349998474121094,41.099998474121094,41.189998626708984,26.43891716003418,17902000,,
2007-11-8,41.43000030517578,41.95000076293945,39.59000015258789,39.7599983215332,25.52105140686035,29596000,,
2007-11-9,36.83000183105469,38.900001525878906,36.599998474121094,38.099998474121094,24.455522537231445,48796000,,
2007-11-12,38.5099983215332,39,37.290000915527344,37.290000915527344,23.93560218811035,32753700,,
2007-11-13,37.599998474121094,39.2400016784668,37.290000915527344,39.15999984741211,25.13591766357422,24835500,,
2007-11-14,40.45000076293945,41.599998474121094,39.97999954223633,40.040000915527344,25.700763702392578,33688200,,
2007-11-15,40.209999084472656,41.400001525878906,40,40.810001373291016,26.19501304626465,25080500,,
2007-11-16,41.29999923706055,41.470001220703125,40.40999984741211,41.36000061035156,26.548036575317383,21203100,,
2007-11-19,41.720001220703125,42.33000183105469,41.56999969482422,41.75,26.798370361328125,25074700,,
2007-11-20,41.7599983215332,42.18000030517578,40.25,41.34000015258789,26.535205841064453,21201500,,
2007-11-21,40.970001220703125,41.63999938964844,40.34000015258789,40.459999084472656,25.970354080200195,16237200,,
2007-11-23,40.25,40.720001220703125,40.130001068115234,40.529998779296875,26.01528549194336,6664600,,
2007-11-26,40.5099983215332,40.5099983215332,39.099998474121094,39.18000030517578,25.148754119873047,17468600,,
2007-11-27,39.4900016784668,40,39.09000015258789,39.81999969482422,25.559558868408203,19538800,,
2007-11-28,40.56999969482422,42,40.470001220703125,41.4900016784668,26.631488800048828,23109600,,
2007-11-29,40.84000015258789,41.47999954223633,40.75,41.41999816894531,26.586557388305664,14781900,,
2007-11-30,41.97999954223633,42.029998779296875,40.33000183105469,40.779998779296875,26.17574119567871,25477500,,
2007-12-3,40.619998931884766,41.150001525878906,39.75,39.959999084472656,25.6494140625,25831800,,
2007-12-4,39.540000915527344,39.849998474121094,39.25,39.36000061035156,25.264286041259766,15306700,,
2007-12-5,39.7599983215332,40.81999969482422,39.5,40.369998931884766,26.005084991455078,20792000,0.14,
2007-12-6,40.400001525878906,40.56999969482422,39.88999938964844,40.40999984741211,26.030847549438477,10826600,,
2007-12-7,40.27000045776367,40.400001525878906,39.779998779296875,40.119998931884766,25.844045639038086,9470300,,
2007-12-10,40.34000015258789,40.75,40.2400016784668,40.56999969482422,26.13390350341797,12095100,,
2007-12-11,40.540000915527344,41.15999984741211,40.08000183105469,40.18000030517578,25.8826904296875,16536400,,
2007-12-12,40.810001373291016,41.56999969482422,40.27000045776367,41.0099983215332,26.41734504699707,21662700,,
2007-12-13,39.5,40.27000045776367,39.36000061035156,39.86000061035156,25.67654800415039,22227900,,
2007-12-14,39.52000045776367,39.75,39.349998474121094,39.380001068115234,25.367359161376953,14552600,,
2007-12-17,39.25,39.63999938964844,39.04999923706055,39.119998931884766,25.199872970581055,13652100,,
2007-12-18,39.16999816894531,39.5,38.130001068115234,38.720001220703125,24.94221305847168,18637500,,
2007-12-19,38.59000015258789,38.59000015258789,37.75,38.279998779296875,24.658771514892578,19576700,,
2007-12-20,39.119998931884766,39.25,38.11000061035156,39.119998931884766,25.199872970581055,17332700,,
2007-12-21,39.439998626708984,39.959999084472656,39.209999084472656,39.959999084472656,25.7409725189209,24921900,,
2007-12-24,39.959999084472656,40.47999954223633,39.70000076293945,40.310001373291016,25.966428756713867,4579700,,
2007-12-26,39.97999954223633,40.439998626708984,39.79999923706055,40.279998779296875,25.947101593017578,5270300,,
2007-12-27,40.130001068115234,40.400001525878906,39.65999984741211,39.68000030517578,25.560609817504883,7925700,,
2007-12-28,39.849998474121094,40,39.099998474121094,39.56999969482422,25.4897518157959,8925100,,
2007-12-31,39.2400016784668,39.75,39.04999923706055,39.349998474121094,25.348037719726562,6393000,,
2008-1-2,38.22999954223633,39.79999923706055,38.119998931884766,38.38999938964844,24.729625701904297,28963200,,
2008-1-3,38.27000045776367,38.38999938964844,37.72999954223633,37.900001525878906,24.413991928100586,15127300,,
2008-1-4,37.38999938964844,38.220001220703125,36.900001525878906,37.029998779296875,23.85355567932129,29638500,,
2008-1-7,37.04999923706055,37.310001373291016,35.779998779296875,36.45000076293945,23.479942321777344,27665700,,
2008-1-8,36.459999084472656,37.45000076293945,35.970001220703125,35.9900016784668,23.183609008789062,27124200,,
2008-1-9,36.060001373291016,37.869998931884766,36,37.790000915527344,24.343130111694336,27370900,,
2008-1-10,37.540000915527344,38.790000915527344,37,37.9900016784668,24.471960067749023,22563300,,
2008-1-11,37.84000015258789,39.06999969482422,37.33000183105469,38.630001068115234,24.884227752685547,32469400,,
2008-1-14,39.099998474121094,40.58000183105469,39.04999923706055,40,25.766721725463867,29197700,,
2008-1-15,39.61000061035156,40,39,39.349998474121094,25.348037719726562,19677400,,
2008-1-16,39.95000076293945,40.27000045776367,39.58000183105469,39.959999084472656,25.7409725189209,29029200,,
2008-1-17,40.060001373291016,40.20000076293945,38.900001525878906,39.060001373291016,25.161212921142578,23282800,,
2008-1-18,38.279998779296875,39.7400016784668,38,38.349998474121094,24.7038516998291,29243100,,
2008-1-22,37.33000183105469,38.349998474121094,35.16999816894531,36.93000030517578,23.789138793945312,29688500,,
2008-1-23,35.88999938964844,37.59000015258789,35.65999984741211,36.630001068115234,23.595890045166016,40732800,,
2008-1-24,39.380001068115234,40.95000076293945,38.880001068115234,40.40999984741211,26.030847549438477,46049200,,
2008-1-25,40.150001525878906,41,39.7400016784668,40,25.766721725463867,24946200,,
2008-1-28,39.75,40.68000030517578,39.599998474121094,40.5,26.08881950378418,13363300,,
2008-1-29,40.61000061035156,40.619998931884766,39.84000015258789,40.29999923706055,25.959997177124023,14903800,,
2008-1-30,40.29999923706055,41.060001373291016,39.88999938964844,40.279998779296875,25.947101593017578,16149000,,
2008-1-31,40.439998626708984,42.65999984741211,40.27000045776367,42.41999816894531,27.325620651245117,31506500,,
2008-2-1,42.27000045776367,42.54999923706055,41.52000045776367,42.20000076293945,27.183902740478516,21233700,,
2008-2-4,42.040000915527344,42.5,41.380001068115234,41.849998474121094,26.95845603942871,12059100,,
2008-2-5,41.04999923706055,41.72999954223633,40.56999969482422,40.720001220703125,26.23053550720215,20432600,,
2008-2-6,40.939998626708984,41,39.5,39.650001525878906,25.541290283203125,19952800,,
2008-2-7,39.119998931884766,41.470001220703125,38.95000076293945,40.939998626708984,26.372255325317383,29025900,,
2008-2-8,40.56999969482422,41.95000076293945,40.560001373291016,41.91999816894531,27.00354766845703,20466300,,
2008-2-11,41.93000030517578,42.400001525878906,41.65999984741211,41.86000061035156,26.964881896972656,18786600,,
2008-2-12,42.25,42.310001373291016,40.75,40.939998626708984,26.372255325317383,22978800,,
2008-2-13,41.439998626708984,42.349998474121094,41.31999969482422,42.0099983215332,27.061513900756836,17547200,,
2008-2-14,41.939998626708984,41.97999954223633,40.7400016784668,40.869998931884766,26.327167510986328,15620700,,
2008-2-15,40.310001373291016,42.27000045776367,40.209999084472656,42.20000076293945,27.183902740478516,21906900,,
2008-2-19,42.54999923706055,43.189998626708984,41.720001220703125,41.95000076293945,27.022869110107422,18927600,,
2008-2-20,42,43.4900016784668,41.75,43.369998931884766,27.93758201599121,18768800,,
2008-2-21,43.36000061035156,43.59000015258789,42.13999938964844,42.41999816894531,27.325620651245117,17283500,,
2008-2-22,42.7599983215332,44.849998474121094,42.349998474121094,43.470001220703125,28.00201416015625,25326600,,
2008-2-25,43.369998931884766,44.2599983215332,43.02000045776367,43.720001220703125,28.163057327270508,18324800,,
2008-2-26,43.68000030517578,44.38999938964844,43.119998931884766,43.63999938964844,28.11151885986328,17222600,,
2008-2-27,43.45000076293945,44.220001220703125,43.02000045776367,43.790000915527344,28.298931121826172,14583900,0.14,
2008-2-28,43.400001525878906,43.93000030517578,43,43.31999969482422,27.99518394470215,11547800,,
2008-2-29,42.619998931884766,42.900001525878906,42.11000061035156,42.38999938964844,27.394184112548828,19701800,,
2008-3-3,42.0099983215332,42.119998931884766,40.599998474121094,41.119998931884766,26.57345199584961,22835700,,
2008-3-4,40.88999938964844,41.31999969482422,40.34000015258789,41.209999084472656,26.63161277770996,20366500,,
2008-3-5,41.27000045776367,42.11000061035156,40.970001220703125,41.5,26.819026947021484,15091200,,
2008-3-6,41.310001373291016,41.5099983215332,40.290000915527344,40.43000030517578,26.127548217773438,13658400,,
2008-3-7,40.209999084472656,40.689998626708984,39.5,40.2400016784668,26.004762649536133,17413000,,
2008-3-10,40.09000015258789,40.25,39.02000045776367,39.16999816894531,25.31328582763672,16535900,,
2008-3-11,39.540000915527344,39.91999816894531,37.86000061035156,39.41999816894531,25.474843978881836,29063000,,
2008-3-12,40.52000045776367,40.75,39.560001373291016,39.75,25.688100814819336,23217300,,
2008-3-13,39.5,40.52000045776367,38.97999954223633,40.25,26.011226654052734,17828200,,
2008-3-14,40.36000061035156,40.5099983215332,38.72999954223633,39.22999954223633,25.352054595947266,27294200,,
2008-3-17,38.599998474121094,39.58000183105469,38.459999084472656,38.5,24.880290985107422,20573300,,
2008-3-18,39.25,40.189998626708984,38.86000061035156,40.130001068115234,25.933670043945312,17890800,,
2008-3-19,39.5099983215332,39.709999084472656,37.849998474121094,37.849998474121094,24.46024513244629,27989800,,
2008-3-20,38.11000061035156,38.290000915527344,36.90999984741211,38.27000045776367,24.731664657592773,37463300,,
2008-3-24,38.349998474121094,40.06999969482422,38.349998474121094,39.88999938964844,25.778575897216797,19831400,,
2008-3-25,40.54999923706055,41,39.79999923706055,40.79999923706055,26.366655349731445,22108900,,
2008-3-26,40.279998779296875,40.630001068115234,39.93000030517578,40.4900016784668,26.166324615478516,14585800,,
2008-3-27,40.29999923706055,40.470001220703125,39.689998626708984,39.720001220703125,25.668731689453125,12823400,,
2008-3-28,40.09000015258789,41.34000015258789,39.869998931884766,40.13999938964844,25.940126419067383,15347400,,
2008-3-31,40.279998779296875,41.189998626708984,39.75,41,26.495912551879883,19161800,,
2008-4-1,41.25,42.36000061035156,40.84000015258789,42.220001220703125,27.284330368041992,27579300,,
2008-4-2,42.369998931884766,42.459999084472656,41.439998626708984,41.95000076293945,27.109830856323242,20230500,,
2008-4-3,41.709999084472656,42.34000015258789,41.70000076293945,41.88999938964844,27.071067810058594,15363600,,
2008-4-4,42.09000015258789,42.65999984741211,41.720001220703125,42.04999923706055,27.174461364746094,15688900,,
2008-4-7,42.11000061035156,42.349998474121094,41.5099983215332,41.66999816894531,26.928892135620117,12146600,,
2008-4-8,41.29999923706055,42.27000045776367,41.27000045776367,42.08000183105469,27.193836212158203,14403100,,
2008-4-9,42.08000183105469,42.189998626708984,41.18000030517578,41.5099983215332,26.825483322143555,12227900,,
2008-4-10,41.61000061035156,42.7599983215332,41.5099983215332,42.58000183105469,27.51697540283203,16733400,,
2008-4-11,42.04999923706055,42.369998931884766,41.38999938964844,41.400001525878906,26.754390716552734,15012200,,
2008-4-14,41.22999954223633,41.84000015258789,41,41.36000061035156,26.728561401367188,8259300,,
2008-4-15,41.439998626708984,42,40.650001525878906,41.189998626708984,26.618688583374023,10834500,,
2008-4-16,41.59000015258789,42.45000076293945,41.56999969482422,42.2599983215332,27.310171127319336,16010200,,
2008-4-17,41.90999984741211,42.220001220703125,41.43000030517578,42.06999969482422,27.1873836517334,13976900,,
2008-4-18,42.59000015258789,43,42.20000076293945,42.54999923706055,27.497591018676758,29488700,,
2008-4-21,42.279998779296875,42.70000076293945,42.15999984741211,42.619998931884766,27.542814254760742,16523700,,
2008-4-22,42.439998626708984,42.439998626708984,41.25,41.54999923706055,26.851343154907227,16060500,,
2008-4-23,42.06999969482422,42.310001373291016,41.709999084472656,41.88999938964844,27.071067810058594,18246000,,
2008-4-24,41.869998931884766,43.91999816894531,41.84000015258789,43.15999984741211,27.891794204711914,20446800,,
2008-4-25,43.06999969482422,43.47999954223633,42.459999084472656,43.2400016784668,27.943492889404297,14281500,,
2008-4-28,43.18000030517578,44.0099983215332,43.11000061035156,43.290000915527344,27.975791931152344,14297100,,
2008-4-29,43.220001220703125,43.900001525878906,43.18000030517578,43.7599983215332,28.27953338623047,11307500,,
2008-4-30,43.650001525878906,44,43.099998474121094,43.189998626708984,27.911174774169922,15928400,,
2008-5-1,43.20000076293945,44.36000061035156,42.83000183105469,44.36000061035156,28.66727638244629,14911000,,
2008-5-2,44.66999816894531,44.900001525878906,44.0099983215332,44.33000183105469,28.647886276245117,15634700,,
2008-5-5,44.08000183105469,44.369998931884766,43.619998931884766,43.93000030517578,28.389400482177734,9921600,,
2008-5-6,43.77000045776367,44.709999084472656,43.380001068115234,44.54999923706055,28.790054321289062,13544600,,
2008-5-7,44.5099983215332,44.68000030517578,43.470001220703125,43.540000915527344,28.137367248535156,14031000,,
2008-5-8,43.86000061035156,44.61000061035156,43.560001373291016,44.099998474121094,28.499242782592773,12364000,,
2008-5-9,43.400001525878906,44.27000045776367,43.400001525878906,43.720001220703125,28.253684997558594,8393500,,
2008-5-12,43.709999084472656,44.650001525878906,43.470001220703125,44.630001068115234,28.841772079467773,13162700,,
2008-5-13,44.630001068115234,44.779998779296875,43.88999938964844,44.56999969482422,28.802993774414062,13056700,,
2008-5-14,44.790000915527344,45,44.040000915527344,44.130001068115234,28.51865005493164,15918300,,
2008-5-15,44.04999923706055,45.040000915527344,44.0099983215332,45,29.080873489379883,15732400,,
2008-5-16,45.310001373291016,46.95000076293945,44.95000076293945,46.900001525878906,30.308748245239258,31348300,,
2008-5-19,46.619998931884766,48.36000061035156,46.540000915527344,47.349998474121094,30.599531173706055,29011100,,
2008-5-20,46.93000030517578,47.0099983215332,45.66999816894531,46.060001373291016,29.76589584350586,20302900,,
2008-5-21,46.27000045776367,47.349998474121094,45.9900016784668,46.18000030517578,29.843454360961914,21791300,,
2008-5-22,46.380001068115234,46.45000076293945,45.75,45.869998931884766,29.643112182617188,16485600,,
2008-5-23,45.779998779296875,48.099998474121094,45.75,47.7599983215332,30.86448860168457,28220100,,
2008-5-27,48.029998779296875,48.959999084472656,47.400001525878906,48.849998474121094,31.568899154663086,23223200,,
2008-5-28,48.91999816894531,48.939998626708984,48.0099983215332,48.31999969482422,31.329002380371094,16655700,0.16,
2008-5-29,48.369998931884766,49.29999923706055,48.2599983215332,49.220001220703125,31.912548065185547,21431200,,
2008-5-30,49.45000076293945,49.5,48.5,48.540000915527344,31.47165298461914,20200200,,
2008-6-2,48.61000061035156,48.689998626708984,46.97999954223633,47.70000076293945,30.92701530456543,18561100,,
2008-6-3,48.54999923706055,48.54999923706055,46.599998474121094,46.9900016784668,30.466678619384766,22860800,,
2008-6-4,46.65999984741211,48.560001373291016,46.599998474121094,48.45000076293945,31.413301467895508,25562200,,
2008-6-5,48.25,49.38999938964844,47.93000030517578,49.38999938964844,32.02276611328125,23046500,,
2008-6-6,49.029998779296875,49.11000061035156,46.869998931884766,47.13999938964844,30.563928604125977,25267200,,
2008-6-9,47.400001525878906,47.47999954223633,46.29999923706055,47.11000061035156,30.54448890686035,18893500,,
2008-6-10,46.59000015258789,48.099998474121094,46.45000076293945,47.41999816894531,30.74547004699707,19610400,,
2008-6-11,47.279998779296875,47.400001525878906,46.29999923706055,46.310001373291016,30.025800704956055,18079500,,
2008-6-12,47.79999923706055,49.36000061035156,47.220001220703125,48.97999954223633,31.756935119628906,42783200,,
2008-6-13,49.380001068115234,50,48.75,49.9900016784668,32.41178894042969,25822200,,
2008-6-16,49.38999938964844,50.18000030517578,49.189998626708984,49.540000915527344,32.120018005371094,21733000,,
2008-6-17,49.779998779296875,49.810001373291016,48.439998626708984,48.630001068115234,31.53000831604004,17363500,,
2008-6-18,48.349998474121094,49.529998779296875,48.04999923706055,49.099998474121094,31.83473014831543,24226000,,
2008-6-19,48.869998931884766,50.81999969482422,48.790000915527344,50.36000061035156,32.65167999267578,25733000,,
2008-6-20,49.849998474121094,49.86000061035156,47.88999938964844,48.529998779296875,31.465166091918945,37479400,,
2008-6-23,48.869998931884766,49,47.72999954223633,47.810001373291016,30.998336791992188,15831500,,
2008-6-24,47.52000045776367,47.75,45.790000915527344,46.27000045776367,29.999862670898438,30509900,,
2008-6-25,46.779998779296875,47.779998779296875,46.5099983215332,47.15999984741211,30.576913833618164,24585700,,
2008-6-26,46.66999816894531,46.849998474121094,45.09000015258789,45.11000061035156,29.247758865356445,23792400,,
2008-6-27,45.11000061035156,46.08000183105469,44.810001373291016,45.650001525878906,29.597875595092773,26744900,,
2008-6-30,45.709999084472656,45.939998626708984,44.34000015258789,44.369998931884766,28.767961502075195,21945600,,
2008-7-1,44.150001525878906,45.849998474121094,44.150001525878906,45.81999969482422,29.70809555053711,30055100,,
2008-7-2,46.189998626708984,46.63999938964844,45.0099983215332,45.04999923706055,29.208852767944336,23219000,,
2008-7-3,45.54999923706055,45.93000030517578,44.93000030517578,45.04999923706055,29.208852767944336,8972900,,
2008-7-7,45.970001220703125,46.59000015258789,44.75,45.36000061035156,29.409847259521484,20156000,,
2008-7-8,45.439998626708984,47.599998474121094,45.400001525878906,47.54999923706055,30.82977294921875,28476300,,
2008-7-9,47.70000076293945,48.119998931884766,46.529998779296875,46.58000183105469,30.20085906982422,24826300,,
2008-7-10,46.869998931884766,48.380001068115234,46.47999954223633,48.16999816894531,31.23175048828125,26129600,,
2008-7-11,47.61000061035156,49,47.220001220703125,48.33000183105469,31.33550262451172,23071100,,
2008-7-14,48.79999923706055,49.2599983215332,47.599998474121094,47.84000015258789,31.017789840698242,25793800,,
2008-7-15,47.63999938964844,48.34000015258789,45.939998626708984,46.900001525878906,30.408342361450195,28348500,,
2008-7-16,46.880001068115234,47.099998474121094,45.90999984741211,46.97999954223633,30.460201263427734,25861900,,
2008-7-17,47.560001373291016,47.959999084472656,45.06999969482422,45.560001373291016,29.53952407836914,31480500,,
2008-7-18,45.400001525878906,45.7400016784668,45.0099983215332,45.189998626708984,29.299625396728516,22396700,,
2008-7-21,45.4900016784668,46,44.54999923706055,45.279998779296875,29.357988357543945,14501800,,
2008-7-22,44.849998474121094,45.97999954223633,42.689998626708984,44.099998474121094,28.592891693115234,29561900,,
2008-7-23,43.41999816894531,45.08000183105469,42.75,44.81999969482422,29.059736251831055,44275500,,
2008-7-24,53.5,54.5099983215332,51.599998474121094,52.43000030517578,33.99379348754883,106860800,,
2008-7-25,52.83000183105469,55.04999923706055,52.70000076293945,54.45000076293945,35.30348205566406,34570700,,
2008-7-28,54.40999984741211,55.220001220703125,53.25,53.41999816894531,34.635677337646484,23127200,,
2008-7-29,53.470001220703125,54.970001220703125,53.20000076293945,54.91999816894531,35.608219146728516,21181100,,
2008-7-30,55.060001373291016,55.650001525878906,53.970001220703125,55.63999938964844,36.07505798339844,24541600,,
2008-7-31,55.11000061035156,56,54.77000045776367,55.34000015258789,35.88053512573242,21966100,,
2008-8-1,55.4900016784668,55.900001525878906,53.97999954223633,55.470001220703125,35.964805603027344,21655200,,
2008-8-4,54.439998626708984,54.4900016784668,52.45000076293945,52.869998931884766,34.27906799316406,26330900,,
2008-8-5,53.52000045776367,55.75,53.34000015258789,55.72999954223633,36.133392333984375,23779000,,
2008-8-6,55.29999923706055,55.900001525878906,54.790000915527344,55.560001373291016,36.02316665649414,14692600,,
2008-8-7,55.290000915527344,55.88999938964844,54.70000076293945,55.380001068115234,35.906471252441406,14672300,,
2008-8-8,54.38999938964844,56,54.209999084472656,55.86000061035156,36.217681884765625,26045000,,
2008-8-11,55.88999938964844,56,53.869998931884766,54.41999816894531,35.284034729003906,20973500,,
2008-8-12,54.47999954223633,54.810001373291016,53.810001373291016,54.209999084472656,35.14788055419922,14602200,,
2008-8-13,54.04999923706055,56.02000045776367,53.900001525878906,55.38999938964844,35.9129524230957,17479700,,
2008-8-14,55.04999923706055,56.5,55.0099983215332,56.349998474121094,36.5353889465332,16256500,,
2008-8-15,56.52000045776367,56.880001068115234,55.369998931884766,56.369998931884766,36.5483512878418,18915800,,
2008-8-18,56.439998626708984,56.72999954223633,55.0099983215332,55.34000015258789,35.88053512573242,12256900,,
2008-8-19,55.09000015258789,55.84000015258789,54.40999984741211,54.790000915527344,35.52393341064453,10957000,,
2008-8-20,55.04999923706055,55.59000015258789,54.529998779296875,54.95000076293945,35.627681732177734,16899800,,
2008-8-21,54.95000076293945,55.099998474121094,54.119998931884766,54.709999084472656,35.4720458984375,13137600,,
2008-8-22,55.130001068115234,55.7599983215332,54.38999938964844,55.40999984741211,35.925933837890625,8053500,,
2008-8-25,54.86000061035156,55.060001373291016,53.709999084472656,53.880001068115234,34.933929443359375,11772800,,
2008-8-26,53.970001220703125,54.5,52.88999938964844,53.5,34.68755340576172,11598100,,
2008-8-27,53.529998779296875,54.7400016784668,53.0099983215332,54.08000183105469,35.168766021728516,11245200,0.16,
2008-8-28,54.369998931884766,54.4900016784668,53.86000061035156,53.970001220703125,35.09723663330078,9641600,,
2008-8-29,53.16999816894531,53.59000015258789,52.220001220703125,52.650001525878906,34.238826751708984,14512200,,
2008-9-2,53.310001373291016,53.540000915527344,50.88999938964844,51.16999816894531,33.276371002197266,20056700,,
2008-9-3,50.810001373291016,50.810001373291016,48.599998474121094,49.2599983215332,32.03427505493164,29896600,,
2008-9-4,49.040000915527344,50.09000015258789,48.5099983215332,48.540000915527344,31.566055297851562,30974100,,
2008-9-5,47.58000183105469,48.45000076293945,46.7400016784668,47.66999816894531,31.00029754638672,26351600,,
2008-9-8,48.29999923706055,48.56999969482422,46.08000183105469,46.279998779296875,30.096343994140625,32833200,,
2008-9-9,46.41999816894531,46.849998474121094,45.47999954223633,45.61000061035156,29.66065788269043,27672200,,
2008-9-10,46.54999923706055,47.459999084472656,46.25,46.72999954223633,30.38899040222168,26323500,,
2008-9-11,46.4900016784668,49.25,46.40999984741211,49.09000015258789,31.92372703552246,26527600,,
2008-9-12,48.40999984741211,49,47.5,47.91999816894531,31.162864685058594,19513000,,
2008-9-15,46.529998779296875,48.290000915527344,46.380001068115234,46.81999969482422,30.447526931762695,20254700,,
2008-9-16,46.54999923706055,48.70000076293945,45.5099983215332,47.91999816894531,31.162864685058594,31298300,,
2008-9-17,46.83000183105469,47.27000045776367,44.939998626708984,44.939998626708984,29.224943161010742,30118500,,
2008-9-18,45.9900016784668,47.5,44.18000030517578,46.70000076293945,30.369495391845703,39321300,,
2008-9-19,48.75,49.25,37.81999969482422,48.7400016784668,31.696121215820312,37686800,,
2008-9-22,48.40999984741211,48.7400016784668,45.7400016784668,45.959999084472656,29.88826560974121,18505500,,
2008-9-23,46.29999923706055,47.56999969482422,45.43000030517578,45.90999984741211,29.855737686157227,20851900,,
2008-9-24,46.11000061035156,46.459999084472656,44.52000045776367,45.290000915527344,29.45255470275879,19089900,,
2008-9-25,45.91999816894531,47.22999954223633,45.33000183105469,46.540000915527344,30.265426635742188,16771700,,
2008-9-26,45.4900016784668,46.2400016784668,44.83000183105469,45.84000015258789,29.810213088989258,21144100,,
2008-9-29,45,45.56999969482422,38,39.880001068115234,25.93436050415039,50886600,,
2008-9-30,41.04999923706055,43.16999816894531,40.720001220703125,42.970001220703125,27.943828582763672,29727700,,
2008-10-1,42.790000915527344,42.790000915527344,40.5,41.52000045776367,27.00087547302246,21609000,,
2008-10-2,41.209999084472656,41.540000915527344,39.560001373291016,40.56999969482422,26.383081436157227,27523500,,
2008-10-3,40.56999969482422,43.2400016784668,40.5,40.869998931884766,26.57817840576172,29484800,,
2008-10-6,39.79999923706055,40.7599983215332,37.7400016784668,40.22999954223633,26.161972045898438,34690200,,
2008-10-7,40.560001373291016,42.04999923706055,38.939998626708984,39.18000030517578,25.479148864746094,32704800,,
2008-10-8,38.54999923706055,43.13999938964844,38.31999969482422,41.06999969482422,26.708227157592773,40195400,,
2008-10-9,41.900001525878906,43.08000183105469,39.029998779296875,39.68000030517578,25.804306030273438,34036700,,
2008-10-10,38.959999084472656,42.45000076293945,36.02000045776367,38.97999954223633,25.349082946777344,47317600,,
2008-10-13,40.529998779296875,42.4900016784668,38.52000045776367,42.29999923706055,27.508106231689453,29271300,,
2008-10-14,42.880001068115234,43.099998474121094,39.369998931884766,40.31999969482422,26.220504760742188,28862700,,
2008-10-15,39.61000061035156,40.04999923706055,36.130001068115234,36.310001373291016,23.612756729125977,30817000,,
2008-10-16,37.380001068115234,39.130001068115234,35.709999084472656,38.88999938964844,25.290555953979492,37436900,,
2008-10-17,37.66999816894531,40.81999969482422,37.650001525878906,39.75,25.849822998046875,33885400,,
2008-10-20,40.060001373291016,40.5,37.5,40.290000915527344,26.200992584228516,27327100,,
2008-10-21,39.34000015258789,39.5,36.36000061035156,36.630001068115234,23.82086181640625,32346400,,
2008-10-22,36.869998931884766,37.959999084472656,34.79999923706055,35.63999938964844,23.17705726623535,30380700,,
2008-10-23,35.290000915527344,36.77000045776367,33.36000061035156,35.27000045776367,22.93644142150879,30951900,,
2008-10-24,32.25,35.849998474121094,32.209999084472656,34.9900016784668,22.75433921813965,26030700,,
2008-10-27,34.2400016784668,36.16999816894531,33.849998474121094,33.97999954223633,22.0975399017334,19371600,,
2008-10-28,35.29999923706055,39.060001373291016,34.119998931884766,38.90999984741211,25.30356788635254,28061900,,
2008-10-29,38.52000045776367,40.08000183105469,37.2400016784668,37.91999816894531,24.65975570678711,25847300,,
2008-10-30,39.400001525878906,39.95000076293945,38.08000183105469,39.720001220703125,25.830322265625,21726500,,
2008-10-31,39.470001220703125,39.54999923706055,37.70000076293945,38.2599983215332,24.88087272644043,26963100,,
2008-11-3,38.209999084472656,38.2599983215332,36.310001373291016,37.20000076293945,24.19153594970703,18155000,,
2008-11-4,37.83000183105469,38.880001068115234,36.58000183105469,37.959999084472656,24.685768127441406,24621100,,
2008-11-5,37.61000061035156,37.630001068115234,34.720001220703125,35.16999816894531,22.87140464782715,29314300,,
2008-11-6,33.9900016784668,35.06999969482422,32.970001220703125,33.04999923706055,21.492753982543945,42323500,,
2008-11-7,34.310001373291016,36.439998626708984,34.06999969482422,35.65999984741211,23.1900577545166,38821700,,
2008-11-10,36.11000061035156,36.56999969482422,34.77000045776367,35.310001373291016,22.96245002746582,20949900,,
2008-11-11,34.95000076293945,36.130001068115234,34.790000915527344,35.06999969482422,22.80637550354004,24321900,,
2008-11-12,34.4900016784668,34.540000915527344,32.45000076293945,32.56999969482422,21.180601119995117,27448500,,
2008-11-13,32.630001068115234,34.97999954223633,30.81999969482422,34.81999969482422,22.6438045501709,29353600,,
2008-11-14,33.220001220703125,34.599998474121094,32.29999923706055,32.939998626708984,21.421213150024414,24136000,,
2008-11-17,32.22999954223633,32.75,31.549999237060547,31.649999618530273,20.582321166992188,21562400,,
2008-11-18,31.8700008392334,32,29.979999542236328,31.809999465942383,20.68636703491211,26651400,,
2008-11-19,31.469999313354492,32.66999816894531,30,30.010000228881836,19.515804290771484,22186800,,
2008-11-20,29.760000228881836,31.610000610351562,29.079999923706055,29.209999084472656,18.995559692382812,35930600,,
2008-11-21,29.770000457763672,30.200000762939453,28.15999984741211,30.170000076293945,19.619850158691406,36280100,,
2008-11-24,31,33.16999816894531,30.649999618530273,32.81999969482422,21.34317398071289,26755500,,
2008-11-25,33.439998626708984,33.5,31.040000915527344,32.689998626708984,21.258636474609375,21889000,,
2008-11-26,32.13999938964844,33.45000076293945,32,33.45000076293945,21.75287437438965,16502600,,
2008-11-28,33.220001220703125,33.599998474121094,32.83000183105469,33.56999969482422,21.83091926574707,6553700,,
2008-12-1,32.66999816894531,32.720001220703125,29.90999984741211,29.959999084472656,19.48329734802246,20584000,,
2008-12-2,30.790000915527344,31.239999771118164,29.889999389648438,30.540000915527344,19.8604736328125,20637300,,
2008-12-3,29.600000381469727,30.56999969482422,29.510000228881836,30.299999237060547,19.704397201538086,25503400,,
2008-12-4,29.979999542236328,31.170000076293945,29.600000381469727,30.079999923706055,19.561330795288086,21984900,,
2008-12-5,29.989999771118164,32,29.34000015258789,31.899999618530273,20.744888305664062,27007500,,
2008-12-8,32.310001373291016,34.11000061035156,32.16999816894531,33.529998779296875,21.80489730834961,29331600,,
2008-12-9,32.91999816894531,34.36000061035156,32.41999816894531,33.47999954223633,21.87677764892578,20545700,0.16,
2008-12-10,34.11000061035156,34.95000076293945,33.599998474121094,34.470001220703125,22.523672103881836,20765400,,
2008-12-11,33.959999084472656,34.4900016784668,32.38999938964844,32.59000015258789,21.29522132873535,19825700,,
2008-12-12,31.780000686645508,34.290000915527344,31.690000534057617,33.91999816894531,22.164283752441406,19727500,,
2008-12-15,33.900001525878906,34.400001525878906,32.869998931884766,33.810001373291016,22.0924072265625,18018200,,
2008-12-16,34.06999969482422,36.380001068115234,34.040000915527344,36.060001373291016,23.562620162963867,27979900,,
2008-12-17,35.65999984741211,36.25,34.75,35.099998474121094,22.935327529907227,19988900,,
2008-12-18,34.869998931884766,34.959999084472656,33.84000015258789,34.119998931884766,22.294967651367188,17718600,,
2008-12-19,34.45000076293945,35.099998474121094,34.279998779296875,35.029998779296875,22.889591217041016,23157000,,
2008-12-22,34.90999984741211,34.9900016784668,33.81999969482422,34.810001373291016,22.745832443237305,16026400,,
2008-12-23,34.5,34.95000076293945,34,34.18000030517578,22.334171295166016,14039100,,
2008-12-24,34.060001373291016,34.59000015258789,33.77000045776367,34.15999984741211,22.32110023498535,5426800,,
2008-12-26,33.880001068115234,34.56999969482422,33.880001068115234,34.43000030517578,22.497526168823242,8277700,,
2008-12-29,34.43000030517578,34.86000061035156,33.63999938964844,34.099998474121094,22.281896591186523,13043300,,
2008-12-30,34.20000076293945,35.099998474121094,34,34.939998626708984,22.830778121948242,12049900,,
2008-12-31,34.9900016784668,36.29999923706055,34.90999984741211,35.83000183105469,23.412328720092773,15051800,,
2009-1-2,35.650001525878906,37.130001068115234,35.349998474121094,37.04999923706055,24.209510803222656,14756600,,
2009-1-5,36.599998474121094,36.900001525878906,36.04999923706055,36.45000076293945,23.817459106445312,16601600,,
2009-1-6,36.900001525878906,37.709999084472656,36.349998474121094,37.150001525878906,24.274860382080078,16507800,,
2009-1-7,36.5,36.68000030517578,35.119998931884766,35.54999923706055,23.229368209838867,16718900,,
2009-1-8,35.369998931884766,35.59000015258789,34.4900016784668,35.279998779296875,23.052942276000977,16352300,,
2009-1-9,35.54999923706055,35.90999984741211,33.5099983215332,35,22.86998748779297,15970000,,
2009-1-12,34.9900016784668,35.52000045776367,34.33000183105469,34.86000061035156,22.778505325317383,13900700,,
2009-1-13,34.959999084472656,35.79999923706055,34.5099983215332,35.13999938964844,22.961462020874023,16203600,,
2009-1-14,34.279998779296875,34.869998931884766,33.59000015258789,33.7599983215332,22.059730529785156,15782900,,
2009-1-15,33.529998779296875,35.18000030517578,33.290000915527344,34.79999923706055,22.739303588867188,22940100,,
2009-1-16,35.349998474121094,36.380001068115234,34.90999984741211,36.02000045776367,23.536476135253906,29298500,,
2009-1-20,35.709999084472656,36.099998474121094,34.09000015258789,34.13999938964844,22.30803871154785,21074100,,
2009-1-21,34.84000015258789,35.869998931884766,34.66999816894531,35.869998931884766,23.438461303710938,20421800,,
2009-1-22,34.599998474121094,36.779998779296875,34.599998474121094,36.060001373291016,23.562620162963867,27819500,,
2009-1-23,35.5,37.209999084472656,35.439998626708984,36.56999969482422,23.895862579345703,24189900,,
2009-1-26,36.2599983215332,37.02000045776367,35.86000061035156,36.58000183105469,23.902402877807617,22296100,,
2009-1-27,36.68000030517578,36.81999969482422,35.22999954223633,35.630001068115234,23.281641006469727,24662800,,
2009-1-28,36.08000183105469,37.06999969482422,36,36.81999969482422,24.059219360351562,30818500,,
2009-1-29,34.400001525878906,35.18000030517578,33.77000045776367,35.130001068115234,22.954936981201172,40280000,,
2009-1-30,34.84000015258789,35.060001373291016,34.33000183105469,34.54999923706055,22.575942993164062,20790900,,
2009-2-2,34.15999984741211,35.59000015258789,33.81999969482422,35.290000915527344,23.059480667114258,18521700,,
2009-2-3,34.66999816894531,35.060001373291016,33.369998931884766,34.220001220703125,22.360315322875977,32477900,,
2009-2-4,34.29999923706055,34.95000076293945,33.68000030517578,33.83000183105469,22.105470657348633,20389700,,
2009-2-5,33.56999969482422,35.43000030517578,33.060001373291016,35.040000915527344,22.896116256713867,30422000,,
2009-2-6,35.2599983215332,36.630001068115234,34.619998931884766,36.31999969482422,23.73251724243164,27404600,,
2009-2-9,36.2400016784668,36.900001525878906,36,36.650001525878906,23.948135375976562,16853600,,
2009-2-10,36.2599983215332,36.650001525878906,34.689998626708984,35.02000045776367,22.883056640625,24623000,,
2009-2-11,34.790000915527344,35.560001373291016,33.91999816894531,34.61000061035156,22.61514663696289,21463000,,
2009-2-12,34.25,35.79999923706055,34.130001068115234,35.540000915527344,23.222835540771484,26075000,,
2009-2-13,35.349998474121094,36.369998931884766,35.349998474121094,35.68000030517578,23.31431770324707,18238700,,
2009-2-17,35.20000076293945,35.540000915527344,34.099998474121094,34.720001220703125,22.687021255493164,22286800,,
2009-2-18,35,35.18000030517578,34,34.31999969482422,22.425657272338867,23205400,,
2009-2-19,34.70000076293945,35.09000015258789,33.779998779296875,33.84000015258789,22.11200714111328,20371600,,
2009-2-20,33.5099983215332,34.560001373291016,33.43000030517578,34.06999969482422,22.262300491333008,22740400,,
2009-2-23,33.83000183105469,34.25,32.66999816894531,32.779998779296875,21.419370651245117,20273700,,
2009-2-24,33.16999816894531,34.709999084472656,33.060001373291016,34.4900016784668,22.53673553466797,25690400,,
2009-2-25,34.09000015258789,34.72999954223633,33.11000061035156,33.93000030517578,22.274145126342773,21050600,0.16,
2009-2-26,34.2599983215332,35.369998931884766,33.56999969482422,33.65999984741211,22.096895217895508,24745800,,
2009-2-27,33.38999938964844,34.209999084472656,33.31999969482422,33.43000030517578,21.945907592773438,25019800,,
2009-3-2,32.93000030517578,33.779998779296875,32.63999938964844,32.790000915527344,21.525766372680664,22922500,,
2009-3-3,33.45000076293945,34.130001068115234,32.91999816894531,33.45000076293945,21.95904541015625,24766800,,
2009-3-4,34.130001068115234,35.2599983215332,33.880001068115234,34.7400016784668,22.805898666381836,25827000,,
2009-3-5,34.54999923706055,35.45000076293945,34.5,34.630001068115234,22.733680725097656,27301300,,
2009-3-6,34.7400016784668,35.06999969482422,32.66999816894531,33.630001068115234,22.077199935913086,33408800,,
2009-3-9,33.29999923706055,34.58000183105469,32.83000183105469,33,21.66362762451172,22845300,,
2009-3-10,33.5,35.38999938964844,33.369998931884766,35.36000061035156,23.212905883789062,33440400,,
2009-3-11,35.40999984741211,35.7400016784668,34.54999923706055,35.349998474121094,23.20634651184082,23658500,,
2009-3-12,35.45000076293945,36.970001220703125,35.33000183105469,36.790000915527344,24.15166473388672,27304400,,
2009-3-13,36.630001068115234,36.83000183105469,35.91999816894531,36.75,24.125402450561523,17724000,,
2009-3-16,36.880001068115234,36.959999084472656,35.7400016784668,35.84000015258789,23.52801513671875,15483800,,
2009-3-17,36.29999923706055,37.36000061035156,35.9900016784668,37.310001373291016,24.49302101135254,20393000,,
2009-3-18,36.75,38.599998474121094,36.72999954223633,37.95000076293945,24.913171768188477,26388400,,
2009-3-19,38.060001373291016,38.279998779296875,37.40999984741211,37.63999938964844,24.709665298461914,25166300,,
2009-3-20,37.650001525878906,38.04999923706055,36.650001525878906,37.060001373291016,24.32891273498535,27983000,,
2009-3-23,37.84000015258789,39.029998779296875,37.5,38.81999969482422,25.484302520751953,22472300,,
2009-3-24,38.439998626708984,38.58000183105469,37.7599983215332,38.029998779296875,24.96569061279297,18068600,,
2009-3-25,38.130001068115234,38.97999954223633,37.369998931884766,38.5,25.27423858642578,24416600,,
2009-3-26,38.779998779296875,39.70000076293945,38.709999084472656,39.540000915527344,25.95697593688965,23676300,,
2009-3-27,39.08000183105469,39.41999816894531,38.61000061035156,38.939998626708984,25.56308364868164,15805000,,
2009-3-30,38.130001068115234,38.56999969482422,37.31999969482422,37.869998931884766,24.860647201538086,18252500,,
2009-3-31,38.4900016784668,39.619998931884766,38.2400016784668,38.90999984741211,25.54338836669922,27691200,,
2009-4-1,38.27000045776367,39.7599983215332,38.060001373291016,39.68000030517578,26.048873901367188,20333000,,
2009-4-2,39.95000076293945,41.529998779296875,39.720001220703125,41.310001373291016,27.11891746520996,34497000,,
2009-4-3,41.47999954223633,41.47999954223633,40.630001068115234,41.189998626708984,27.04014778137207,18373700,,
2009-4-6,40.45000076293945,40.68000030517578,39.66999816894531,40.65999984741211,26.692214965820312,16877900,,
2009-4-7,40.13999938964844,40.27000045776367,39.0099983215332,39.36000061035156,25.838796615600586,16011600,,
2009-4-8,39.88999938964844,40.5099983215332,39.529998779296875,40.220001220703125,26.403371810913086,16422300,,
2009-4-9,40.77000045776367,42,40.689998626708984,41.650001525878906,27.342130661010742,21033400,,
2009-4-13,40.939998626708984,41.13999938964844,40.52000045776367,40.880001068115234,26.83662986755371,13082000,,
2009-4-14,40.790000915527344,41.15999984741211,40.38999938964844,40.79999923706055,26.78411865234375,15840400,,
2009-4-15,40.31999969482422,40.95000076293945,40.119998931884766,40.900001525878906,26.849769592285156,15440100,,
2009-4-16,41.209999084472656,41.709999084472656,40.75,41.63999938964844,27.33555793762207,19057100,,
2009-4-17,41.61000061035156,41.7599983215332,40.7400016784668,40.97999954223633,26.902284622192383,20677000,,
2009-4-20,40.11000061035156,40.459999084472656,39.27000045776367,39.630001068115234,26.01604461669922,18013500,,
2009-4-21,39.619998931884766,40.34000015258789,39.279998779296875,40.27000045776367,26.436199188232422,18350600,,
2009-4-22,39.90999984741211,41.099998474121094,39.849998474121094,40.119998931884766,26.337711334228516,24932500,,
2009-4-23,41.11000061035156,41.2599983215332,39.709999084472656,40.72999954223633,26.738157272338867,22301000,,
2009-4-24,40.84000015258789,41.619998931884766,40.0099983215332,41.36000061035156,27.151744842529297,18937200,,
2009-4-27,42.349998474121094,44.59000015258789,42.29999923706055,43.16999816894531,28.339963912963867,38182100,,
2009-4-28,42.630001068115234,43.529998779296875,42.06999969482422,42.2400016784668,27.729442596435547,17556000,,
2009-4-29,42.58000183105469,43.560001373291016,42,43.08000183105469,28.2808837890625,17932600,,
2009-4-30,43.34000015258789,43.560001373291016,41.720001220703125,42.31999969482422,27.78196144104004,22733500,,
2009-5-1,42.310001373291016,42.7599983215332,41.4900016784668,42.65999984741211,28.005168914794922,14351600,,
2009-5-4,42.959999084472656,43.95000076293945,42.83000183105469,43.349998474121094,28.458126068115234,16111500,,
2009-5-5,43.47999954223633,43.59000015258789,42.66999816894531,43.4900016784668,28.550039291381836,15643800,,
2009-5-6,43.88999938964844,44.209999084472656,42.81999969482422,43.72999954223633,28.70758056640625,16793600,,
2009-5-7,43.75,44.18000030517578,41.709999084472656,42.34000015258789,27.795089721679688,19988700,,
2009-5-8,42.83000183105469,43.11000061035156,41.31999969482422,41.790000915527344,27.43402862548828,19262800,,
2009-5-11,41.599998474121094,42.52000045776367,40.810001373291016,41.91999816894531,27.51936149597168,12694800,,
2009-5-12,41.95000076293945,42.2400016784668,40.41999816894531,40.93000030517578,26.86946678161621,16794600,,
2009-5-13,40.54999923706055,40.68000030517578,39.849998474121094,39.91999816894531,26.206430435180664,19149500,,
2009-5-14,40.209999084472656,40.86000061035156,40.029998779296875,40.529998779296875,26.60686492919922,13919400,,
2009-5-15,40.349998474121094,41.15999984741211,40.20000076293945,40.720001220703125,26.731597900390625,14971800,,
2009-5-18,41.08000183105469,42.18000030517578,40.93000030517578,41.9900016784668,27.56533432006836,16000800,,
2009-5-19,41.75,42.7599983215332,41.25,42.34000015258789,27.795089721679688,14572400,,
2009-5-20,42.56999969482422,43.20000076293945,41.79999923706055,42.56999969482422,27.94607925415039,14100000,,
2009-5-21,41.9900016784668,42.56999969482422,40.9900016784668,41.689998626708984,27.36836814880371,16613600,,
2009-5-22,41.650001525878906,42.09000015258789,41.20000076293945,41.310001373291016,27.11891746520996,11479000,,
2009-5-26,40.72999954223633,43.560001373291016,40.709999084472656,43.290000915527344,28.41873550415039,20202000,,
2009-5-27,43.20000076293945,43.68000030517578,42.20000076293945,42.43000030517578,27.963991165161133,21180500,0.17,
2009-5-28,42.900001525878906,43.20000076293945,41.77000045776367,42.95000076293945,28.306699752807617,13887800,,
2009-5-29,43.310001373291016,43.650001525878906,42.43000030517578,43.59000015258789,28.728506088256836,15805100,,
2009-6-1,44.099998474121094,44.75,43.40999984741211,44.400001525878906,29.2623348236084,17425400,,
2009-6-2,43.90999984741211,44.5,43.58000183105469,43.90999984741211,28.93940544128418,13659700,,
2009-6-3,43.90999984741211,43.90999984741211,42.849998474121094,43.58000183105469,28.721900939941406,22991000,,
2009-6-4,43.75,45.439998626708984,43.650001525878906,45.290000915527344,29.84890365600586,20563200,,
2009-6-5,45.52000045776367,45.689998626708984,44.880001068115234,45.400001525878906,29.921401977539062,16203400,,
2009-6-8,44.900001525878906,45.709999084472656,44.400001525878906,45.369998931884766,29.9016170501709,12900300,,
2009-6-9,45.869998931884766,46.31999969482422,45.130001068115234,46.029998779296875,30.336606979370117,14891200,,
2009-6-10,46.20000076293945,46.470001220703125,45.400001525878906,46.06999969482422,30.362966537475586,13687600,,
2009-6-11,45.13999938964844,46.459999084472656,44.93000030517578,45.97999954223633,30.30365753173828,25319500,,
2009-6-12,46.13999938964844,46.38999938964844,45.08000183105469,46.04999923706055,30.34979248046875,13901200,,
2009-6-15,45.310001373291016,45.349998474121094,43.72999954223633,44.310001373291016,29.203022003173828,19721800,,
2009-6-16,44.040000915527344,44.5099983215332,43.45000076293945,43.45000076293945,28.63623046875,17871200,,
2009-6-17,44.439998626708984,45.349998474121094,43.9900016784668,45.09000015258789,29.717090606689453,27049800,,
2009-6-18,45.02000045776367,45.65999984741211,44.34000015258789,45.279998779296875,29.842304229736328,18875000,,
2009-6-19,45.40999984741211,46,45.150001525878906,46,30.31684112548828,22336800,,
2009-6-22,45.459999084472656,45.75,44.2599983215332,44.400001525878906,29.2623348236084,19886300,,
2009-6-23,44.41999816894531,44.779998779296875,43.31999969482422,44.4900016784668,29.3216495513916,21305900,,
2009-6-24,44.650001525878906,45.41999816894531,44.2599983215332,45.27000045776367,29.83572769165039,19722300,,
2009-6-25,45.130001068115234,46.70000076293945,44.959999084472656,46.34000015258789,30.540910720825195,18790400,,
2009-6-26,46.099998474121094,46.72999954223633,45.790000915527344,46.189998626708984,30.44207763671875,18394600,,
2009-6-29,45.90999984741211,46.439998626708984,45.400001525878906,46.09000015258789,30.37615394592285,12572300,,
2009-6-30,45.900001525878906,46,45.0099983215332,45.20000076293945,29.78959083557129,16604900,,
2009-7-1,45.369998931884766,45.59000015258789,44.91999816894531,45.15999984741211,29.76323890686035,12686700,,
2009-7-2,44.86000061035156,45.13999938964844,44.220001220703125,44.68000030517578,29.446874618530273,12659400,,
2009-7-6,44.22999954223633,45.34000015258789,43.880001068115234,45.20000076293945,29.78959083557129,16580700,,
2009-7-7,45.20000076293945,45.33000183105469,43.52000045776367,43.68000030517578,28.78782081604004,19433000,,
2009-7-8,43.470001220703125,43.90999984741211,43.060001373291016,43.54999923706055,28.70214080810547,16496200,,
2009-7-9,43.650001525878906,43.7599983215332,43,43.060001373291016,28.379196166992188,15676200,,
2009-7-10,43.130001068115234,43.599998474121094,42.79999923706055,43.439998626708984,28.629638671875,10338700,,
2009-7-13,43.720001220703125,44.31999969482422,42.66999816894531,44.310001373291016,29.203022003173828,15653400,,
2009-7-14,44.2599983215332,44.84000015258789,43.95000076293945,44.650001525878906,29.427114486694336,11370300,,
2009-7-15,45.09000015258789,46.150001525878906,44.75,46.060001373291016,30.356374740600586,19696300,,
2009-7-16,45.93000030517578,46.84000015258789,45.7599983215332,46.720001220703125,30.7913761138916,17450900,,
2009-7-17,46.88999938964844,47.61000061035156,46.25,47.400001525878906,31.23950958251953,23154400,,
2009-7-20,47.470001220703125,47.4900016784668,46.38999938964844,47.029998779296875,30.995668411254883,18371700,,
2009-7-21,47.02000045776367,48,46.36000061035156,47.97999954223633,31.621774673461914,21631600,,
2009-7-22,47.790000915527344,48.720001220703125,47.45000076293945,48.45000076293945,31.931543350219727,25564800,,
2009-7-23,46.34000015258789,47.45000076293945,46,47.400001525878906,31.23950958251953,40704900,,
2009-7-24,47.099998474121094,47.599998474121094,46.65999984741211,47.349998474121094,31.206573486328125,13586600,,
2009-7-27,46.970001220703125,47.349998474121094,46.15999984741211,46.47999954223633,30.633190155029297,15153300,,
2009-7-28,46.34000015258789,46.52000045776367,45.95000076293945,46.36000061035156,30.554092407226562,15059600,,
2009-7-29,46.0099983215332,46.5,45.79999923706055,46.25,30.481603622436523,11081000,,
2009-7-30,46.70000076293945,47.45000076293945,46.380001068115234,46.52000045776367,30.659568786621094,15013700,,
2009-7-31,46.2599983215332,46.849998474121094,46.040000915527344,46.209999084472656,30.455242156982422,13433700,,
2009-8-3,46.66999816894531,47.15999984741211,46.310001373291016,46.970001220703125,30.956127166748047,11902600,,
2009-8-4,46.810001373291016,46.849998474121094,45.959999084472656,46.310001373291016,30.521146774291992,13239600,,
2009-8-5,46.220001220703125,46.38999938964844,45.310001373291016,45.810001373291016,30.191619873046875,12777800,,
2009-8-6,45.900001525878906,45.970001220703125,45.290000915527344,45.599998474121094,30.053224563598633,11257800,,
2009-8-7,46.06999969482422,46.43000030517578,45.849998474121094,45.970001220703125,30.297069549560547,11958300,,
2009-8-10,45.56999969482422,46.06999969482422,45.470001220703125,45.7400016784668,30.145483016967773,9914700,,
2009-8-11,45.61000061035156,46.13999938964844,45.380001068115234,45.400001525878906,29.921401977539062,14612400,,
2009-8-12,45.41999816894531,46.970001220703125,45.40999984741211,46.369998931884766,30.56068992614746,15555500,,
2009-8-13,46.5099983215332,46.88999938964844,46.099998474121094,46.58000183105469,30.6990966796875,11200300,,
2009-8-14,46.52000045776367,46.52000045776367,45.4900016784668,46.130001068115234,30.402515411376953,11838100,,
2009-8-17,45.470001220703125,45.689998626708984,44.86000061035156,44.95000076293945,29.624820709228516,13715200,,
2009-8-18,45.040000915527344,45.29999923706055,44.63999938964844,45.150001525878906,29.75664710998535,14128300,,
2009-8-19,44.849998474121094,45.88999938964844,44.65999984741211,45.720001220703125,30.132301330566406,11224100,,
2009-8-20,45.79999923706055,47.29999923706055,45.75,47.09000015258789,31.035213470458984,18917400,,
2009-8-21,47.470001220703125,47.4900016784668,46.630001068115234,47.290000915527344,31.167030334472656,20702400,,
2009-8-24,46.86000061035156,47.5,46.86000061035156,47.40999984741211,31.24612045288086,11622100,,
2009-8-25,47.27000045776367,47.849998474121094,46.880001068115234,46.9900016784668,30.969308853149414,21489900,,
2009-8-26,46.9900016784668,47.779998779296875,46.7599983215332,47.529998779296875,31.438940048217773,14478300,0.17,
2009-8-27,47.380001068115234,47.56999969482422,46.79999923706055,47.25,31.253740310668945,10719700,,
2009-8-28,47.72999954223633,48.20000076293945,46.939998626708984,47.220001220703125,31.2338924407959,11981100,,
2009-8-31,47,47,45.9900016784668,46.41999816894531,30.70473861694336,15871600,,
2009-9-1,46.040000915527344,46.720001220703125,45.04999923706055,45.349998474121094,29.99696159362793,19279500,,
2009-9-2,45,45.810001373291016,44.68000030517578,45.41999816894531,30.043285369873047,14383600,,
2009-9-3,45.20000076293945,45.29999923706055,44.130001068115234,45.02000045776367,29.778682708740234,31352700,,
2009-9-4,45.029998779296875,45.970001220703125,44.75,45.720001220703125,30.24170684814453,14684900,,
2009-9-8,45.900001525878906,46.040000915527344,45.5099983215332,46.02000045776367,30.440141677856445,15377600,,
2009-9-9,45.77000045776367,46.540000915527344,45.209999084472656,46.220001220703125,30.572431564331055,22253000,,
2009-9-10,46.13999938964844,46.75,45.88999938964844,46.650001525878906,30.85685157775879,14269700,,
2009-9-11,46.650001525878906,46.709999084472656,45.91999816894531,46.61000061035156,30.830402374267578,10466300,,
2009-9-14,46.15999984741211,46.47999954223633,45.79999923706055,46.22999954223633,30.579055786132812,11977800,,
2009-9-15,46,46.130001068115234,45.63999938964844,45.75,30.261547088623047,15419600,,
2009-9-16,45.84000015258789,45.93000030517578,44.939998626708984,45.709999084472656,30.235090255737305,20764900,,
2009-9-17,45.5,45.650001525878906,44.869998931884766,45.02000045776367,29.778682708740234,17542300,,
2009-9-18,45.349998474121094,45.38999938964844,44,44.459999084472656,29.408275604248047,30873500,,
2009-9-21,44.040000915527344,44.9900016784668,44.0099983215332,44.869998931884766,29.67947769165039,14616500,,
2009-9-22,44.9900016784668,44.9900016784668,44.33000183105469,44.59000015258789,29.494260787963867,14733400,,
2009-9-23,44.599998474121094,44.90999984741211,44.18000030517578,44.22999954223633,29.256141662597656,17875800,,
2009-9-24,44.41999816894531,44.86000061035156,44.18000030517578,44.65999984741211,29.540573120117188,19006700,,
2009-9-25,44.470001220703125,45.130001068115234,44.29999923706055,44.70000076293945,29.567026138305664,19489800,,
2009-9-28,45.13999938964844,46.349998474121094,45.02000045776367,45.970001220703125,30.407079696655273,18495300,,
2009-9-29,45.93000030517578,46.029998779296875,45.25,45.5,30.0961971282959,15807800,,
2009-9-30,45.720001220703125,45.83000183105469,44.5099983215332,44.97999954223633,29.752241134643555,20262600,,
2009-10-1,44.61000061035156,44.63999938964844,42.5,42.70000076293945,28.244112014770508,31958800,,
2009-10-2,42.380001068115234,42.619998931884766,41.220001220703125,41.439998626708984,27.410675048828125,34710100,,
2009-10-5,41.599998474121094,42.290000915527344,41.34000015258789,41.939998626708984,27.741413116455078,17797200,,
2009-10-6,42.279998779296875,43.400001525878906,42.209999084472656,42.619998931884766,28.19119644165039,24579800,,
2009-10-7,42.41999816894531,42.65999984741211,42.02000045776367,42.18000030517578,27.900165557861328,15330100,,
2009-10-8,42.68000030517578,42.68000030517578,41.369998931884766,41.45000076293945,27.41730308532715,24421700,,
2009-10-9,41.459999084472656,41.77000045776367,40.5,41.70000076293945,27.582656860351562,34598100,,
2009-10-12,41.72999954223633,42.0099983215332,41.189998626708984,41.540000915527344,27.476825714111328,13729700,,
2009-10-13,41.630001068115234,41.84000015258789,41.08000183105469,41.290000915527344,27.311464309692383,15438400,,
2009-10-14,41.84000015258789,42.36000061035156,41.61000061035156,42.22999954223633,27.933225631713867,23035100,,
2009-10-15,42.11000061035156,42.47999954223633,41.880001068115234,42.45000076293945,28.078744888305664,15883200,,
2009-10-16,42.47999954223633,42.560001373291016,41.31999969482422,41.959999084472656,27.754640579223633,22745600,,
2009-10-19,41.9900016784668,42.34000015258789,41.560001373291016,42.060001373291016,27.820789337158203,13123100,,
2009-10-20,41.83000183105469,41.95000076293945,41.099998474121094,41.310001373291016,27.32469367980957,17423000,,
2009-10-21,41.2599983215332,41.95000076293945,41.2599983215332,41.40999984741211,27.390850067138672,17578200,,
2009-10-22,40.72999954223633,41.2400016784668,40.150001525878906,41.08000183105469,27.172561645507812,25352700,,
2009-10-23,40.79999923706055,41.11000061035156,40.529998779296875,40.70000076293945,26.921213150024414,16368300,,
2009-10-26,40.560001373291016,41.459999084472656,40.369998931884766,40.68000030517578,26.90796661376953,17075000,,
2009-10-27,40.810001373291016,41.31999969482422,40.689998626708984,41,27.119646072387695,15087200,,
2009-10-28,41.08000183105469,41.97999954223633,41,41.630001068115234,27.536359786987305,22598900,,
2009-10-29,42,42.54999923706055,41.869998931884766,42.27000045776367,27.959688186645508,20375900,,
2009-10-30,42.630001068115234,43.08000183105469,41.31999969482422,41.33000183105469,27.33791732788086,21347500,,
2009-11-2,41.349998474121094,42,41.08000183105469,41.810001373291016,27.65541648864746,14658200,,
2009-11-3,41.72999954223633,42.290000915527344,41.4900016784668,42.220001220703125,27.926620483398438,18756500,,
2009-11-4,42.40999984741211,42.72999954223633,41.5099983215332,41.599998474121094,27.516523361206055,24228800,,
2009-11-5,43.04999923706055,43.880001068115234,42.91999816894531,43.849998474121094,29.00478744506836,36536700,,
2009-11-6,43.52000045776367,43.970001220703125,43.400001525878906,43.900001525878906,29.037858963012695,15993400,,
2009-11-9,44.2400016784668,45,44.150001525878906,44.75,29.600088119506836,17822100,,
2009-11-10,44.65999984741211,44.75,44.290000915527344,44.349998474121094,29.33551025390625,12513100,,
2009-11-11,44.369998931884766,44.75,44.349998474121094,44.65999984741211,29.540573120117188,15688700,,
2009-11-12,44.70000076293945,45.189998626708984,44.52000045776367,44.849998474121094,29.666231155395508,14235300,,
2009-11-13,45.290000915527344,46,45.2400016784668,45.77000045776367,30.274776458740234,16408000,,
2009-11-16,45.900001525878906,46.25,45.290000915527344,45.5099983215332,30.102802276611328,13389700,,
2009-11-17,45.58000183105469,45.9900016784668,45.459999084472656,45.9900016784668,30.420307159423828,10331600,,
2009-11-18,45.83000183105469,45.93000030517578,45.20000076293945,45.4900016784668,30.089570999145508,13170700,,
2009-11-19,45.04999923706055,45.36000061035156,44.54999923706055,45.09000015258789,29.824993133544922,14917900,,
2009-11-20,44.7599983215332,45.25,44.7599983215332,45.099998474121094,29.831602096557617,12558200,,
2009-11-23,45.25,45.900001525878906,45.25,45.54999923706055,30.24325180053711,9401500,0.17,
2009-11-24,45.900001525878906,46,45.380001068115234,45.560001373291016,30.249906539916992,11106300,,
2009-11-25,45.70000076293945,45.84000015258789,45.34000015258789,45.439998626708984,30.170225143432617,8328900,,
2009-11-27,44.75,45.38999938964844,44.689998626708984,44.9900016784668,29.87144660949707,6171900,,
2009-11-30,44.81999969482422,45.06999969482422,44.31999969482422,45,29.878063201904297,11359600,,
2009-12-1,45,45.470001220703125,44.880001068115234,45.060001373291016,29.917922973632812,14140300,,
2009-12-2,45.220001220703125,45.54999923706055,44.900001525878906,45.060001373291016,29.917922973632812,12581400,,
2009-12-3,45.04999923706055,45.279998779296875,44.599998474121094,44.630001068115234,29.63241958618164,10750100,,
2009-12-4,45.029998779296875,45.68000030517578,44.68000030517578,45.15999984741211,29.984331130981445,14667900,,
2009-12-7,45.11000061035156,45.41999816894531,44.79999923706055,44.88999938964844,29.80504035949707,8485800,,
2009-12-8,44.709999084472656,45.20000076293945,44.130001068115234,44.59000015258789,29.60585594177246,13153600,,
2009-12-9,44.349998474121094,44.869998931884766,44.18000030517578,44.77000045776367,29.725370407104492,11420800,,
2009-12-10,45.02000045776367,45.790000915527344,44.95000076293945,45.560001373291016,30.249906539916992,14892100,,
2009-12-11,45.619998931884766,45.880001068115234,44.72999954223633,44.900001525878906,29.81167221069336,16493100,,
2009-12-14,45.099998474121094,45.220001220703125,44.58000183105469,44.66999816894531,29.658977508544922,11754500,,
2009-12-15,44.58000183105469,45.2599983215332,44.45000076293945,44.880001068115234,29.798402786254883,11314100,,
2009-12-16,44.900001525878906,45.040000915527344,44.650001525878906,44.689998626708984,29.672266006469727,9732900,,
2009-12-17,44.66999816894531,44.83000183105469,44.2400016784668,44.310001373291016,29.41994857788086,9368300,,
2009-12-18,44.33000183105469,44.599998474121094,44.04999923706055,44.56999969482422,29.592571258544922,18465600,,
2009-12-21,44.880001068115234,45.7400016784668,44.810001373291016,45.40999984741211,30.15030288696289,11653500,,
2009-12-22,45.650001525878906,45.900001525878906,45.38999938964844,45.84000015258789,30.435808181762695,9687400,,
2009-12-23,45.97999954223633,46,45.720001220703125,45.95000076293945,30.508846282958984,8751300,,
2009-12-24,45.939998626708984,46.11000061035156,45.790000915527344,46.099998474121094,30.608417510986328,3760100,,
2009-12-28,46.04999923706055,46.290000915527344,45.75,46.2599983215332,30.714675903320312,7410700,,
2009-12-29,46.2599983215332,46.880001068115234,46.119998931884766,46.650001525878906,30.973602294921875,8834400,,
2009-12-30,46.310001373291016,46.9900016784668,46.2400016784668,46.86000061035156,31.11305046081543,7559300,,
2009-12-31,46.880001068115234,46.91999816894531,46.2599983215332,46.2599983215332,30.714675903320312,7696900,,
2010-1-4,46.790000915527344,47.310001373291016,46.56999969482422,46.939998626708984,31.16615104675293,14570200,,
2010-1-5,47.52000045776367,48.31999969482422,47.5,48.06999969482422,31.91642189025879,24241000,,
2010-1-6,48.2599983215332,48.43000030517578,47.380001068115234,47.599998474121094,31.6043701171875,22743800,,
2010-1-7,47.75,49.02000045776367,47.54999923706055,48.97999954223633,32.52063751220703,25266300,,
2010-1-8,49.11000061035156,49.79999923706055,48.88999938964844,49.470001220703125,32.84599304199219,25938200,,
2010-1-11,49.58000183105469,49.689998626708984,48.63999938964844,49.290000915527344,32.726478576660156,14672400,,
2010-1-12,48.86000061035156,49.209999084472656,48.06999969482422,48.4900016784668,32.19529342651367,18009100,,
2010-1-13,48.849998474121094,48.95000076293945,48.22999954223633,48.70000076293945,32.334716796875,12426700,,
2010-1-14,48.2599983215332,48.720001220703125,48.220001220703125,48.369998931884766,32.11562728881836,13751800,,
2010-1-15,48.61000061035156,49.040000915527344,48.11000061035156,48.529998779296875,32.221866607666016,21540300,,
2010-1-19,48.619998931884766,49.70000076293945,48.54999923706055,49.31999969482422,32.74638748168945,16564800,,
2010-1-20,48.90999984741211,48.939998626708984,47.790000915527344,48.349998474121094,32.102352142333984,18151500,,
2010-1-21,48.31999969482422,49,47.91999816894531,48.09000015258789,31.929706573486328,18703200,,
2010-1-22,48.11000061035156,48.56999969482422,46.66999816894531,46.779998779296875,31.059926986694336,22205300,,
2010-1-25,46.970001220703125,47.689998626708984,46.70000076293945,46.90999984741211,31.1462459564209,15304700,,
2010-1-26,46.900001525878906,47.470001220703125,46.560001373291016,46.88999938964844,31.132949829101562,18325500,,
2010-1-27,46.52000045776367,47.310001373291016,46.27000045776367,47.20000076293945,31.338788986206055,27302900,,
2010-1-28,42.11000061035156,42.11000061035156,40.0099983215332,40.47999954223633,26.87698745727539,130892200,,
2010-1-29,40.83000183105469,40.880001068115234,38.4900016784668,39.189998626708984,26.02048110961914,112830300,,
2010-2-1,39.25,39.970001220703125,38.68000030517578,39.77000045776367,26.40558624267578,54762600,,
2010-2-2,39.81999969482422,39.88999938964844,38.97999954223633,39.2599983215332,26.06696891784668,45670300,,
2010-2-3,38.959999084472656,39.720001220703125,38.599998474121094,39.630001068115234,26.31263542175293,36836200,,
2010-2-4,39.27000045776367,39.279998779296875,38.150001525878906,38.16999816894531,25.3432559967041,39883900,,
2010-2-5,38.40999984741211,38.599998474121094,37.43000030517578,38.040000915527344,25.256940841674805,39365100,,
2010-2-8,38.11000061035156,38.189998626708984,37.470001220703125,37.5099983215332,24.905040740966797,27373800,,
2010-2-9,37.91999816894531,38.290000915527344,37.63999938964844,37.90999984741211,25.170616149902344,28585600,,
2010-2-10,37.709999084472656,38.15999984741211,37.31999969482422,37.43000030517578,24.8519229888916,23742400,,
2010-2-11,37.27000045776367,38.119998931884766,37,38.0099983215332,25.237018585205078,34201400,,
2010-2-12,38.18000030517578,39,37.97999954223633,38.84000015258789,25.788108825683594,37313700,,
2010-2-16,39.09000015258789,39.29999923706055,38.70000076293945,39.02000045776367,25.907615661621094,34301800,,
2010-2-17,39.099998474121094,39.70000076293945,39.02000045776367,39.43000030517578,26.17983627319336,24733000,,
2010-2-18,39.470001220703125,39.939998626708984,39.38999938964844,39.810001373291016,26.43213653564453,19503800,,
2010-2-19,39.810001373291016,39.849998474121094,39.470001220703125,39.59000015258789,26.28606414794922,26638700,,
2010-2-22,39.810001373291016,39.88999938964844,38.689998626708984,39.0099983215332,25.900983810424805,27657900,,
2010-2-23,39,39.150001525878906,38.400001525878906,38.540000915527344,25.588912963867188,17926000,,
2010-2-24,38.61000061035156,38.66999816894531,37.66999816894531,37.869998931884766,25.255464553833008,27111500,0.17,
2010-2-25,37.22999954223633,38,36.470001220703125,37.18000030517578,24.795303344726562,34843000,,
2010-2-26,37.119998931884766,37.130001068115234,36.5099983215332,36.68000030517578,24.46185874938965,30557500,,
2010-3-1,36.81999969482422,36.81999969482422,35.459999084472656,35.560001373291016,23.71492576599121,59161000,,
2010-3-2,36.75,38.459999084472656,36.56999969482422,37.93000030517578,25.295490264892578,77896200,,
2010-3-3,38.47999954223633,39.15999984741211,38.369998931884766,38.689998626708984,25.802330017089844,42163800,,
2010-3-4,38.939998626708984,39.279998779296875,38.58000183105469,39.25,26.175796508789062,29404500,,
2010-3-5,39.4900016784668,39.52000045776367,38.619998931884766,38.7599983215332,25.8490047454834,26466900,,
2010-3-8,38.83000183105469,39.0099983215332,38.61000061035156,38.790000915527344,25.869014739990234,13854600,,
2010-3-9,38.72999954223633,38.90999984741211,38.5,38.68000030517578,25.79566192626953,20134400,,
2010-3-10,38.56999969482422,39.099998474121094,38.5,38.880001068115234,25.92904281616211,15250000,,
2010-3-11,38.86000061035156,39.25,38.709999084472656,39.099998474121094,26.075754165649414,16325300,,
2010-3-12,39.119998931884766,39.38999938964844,38.79999923706055,38.95000076293945,25.975730895996094,20712100,,
2010-3-15,39,39.060001373291016,38.65999984741211,38.869998931884766,25.92235565185547,17334500,,
2010-3-16,38.900001525878906,39.11000061035156,38.59000015258789,39.0099983215332,26.01573371887207,27699200,,
2010-3-17,39.04999923706055,39.20000076293945,38.709999084472656,38.900001525878906,25.94237518310547,23287400,,
2010-3-18,39.22999954223633,40.529998779296875,39.15999984741211,40.43000030517578,26.962718963623047,45529100,,
2010-3-19,40.52000045776367,40.61000061035156,39.779998779296875,40.04999923706055,26.70930290222168,33417800,,
2010-3-22,40.08000183105469,40.540000915527344,39.869998931884766,40.279998779296875,26.862695693969727,16394500,,
2010-3-23,40.43000030517578,40.58000183105469,40.029998779296875,40.52000045776367,27.02275848388672,13840700,,
2010-3-24,40.2400016784668,40.43000030517578,40.02000045776367,40.189998626708984,26.802669525146484,12980800,,
2010-3-25,42.540000915527344,43.84000015258789,42,42.189998626708984,28.136465072631836,67289200,,
2010-3-26,42,42.540000915527344,41.61000061035156,41.83000183105469,27.89639663696289,29773800,,
2010-3-29,41.970001220703125,42.09000015258789,41.599998474121094,41.7599983215332,27.849706649780273,11592700,,
2010-3-30,42.45000076293945,42.5,41.939998626708984,42.130001068115234,28.096460342407227,20721000,,
2010-3-31,41.9900016784668,42.220001220703125,41.84000015258789,41.959999084472656,27.983083724975586,14932000,,
2010-4-1,42.16999816894531,42.459999084472656,42.13999938964844,42.27000045776367,28.18982696533203,16319600,,
2010-4-5,42.599998474121094,43.0099983215332,42.38999938964844,42.529998779296875,28.36321258544922,14692200,,
2010-4-6,42.220001220703125,42.560001373291016,42.189998626708984,42.43000030517578,28.29652976989746,10067800,,
2010-4-7,42.369998931884766,42.869998931884766,42.369998931884766,42.77000045776367,28.523269653320312,16091300,,
2010-4-8,42.689998626708984,42.720001220703125,42.09000015258789,42.400001525878906,28.27652359008789,12994300,,
2010-4-9,42.20000076293945,42.369998931884766,41.849998474121094,42.16999816894531,28.123119354248047,16152000,,
2010-4-12,42.029998779296875,42.459999084472656,42,42.22999954223633,28.163150787353516,8808700,,
2010-4-13,42.029998779296875,42.38999938964844,41.79999923706055,42.29999923706055,28.2098331451416,10762400,,
2010-4-14,42.22999954223633,42.79999923706055,42.099998474121094,42.599998474121094,28.409900665283203,19717700,,
2010-4-15,42.65999984741211,43.18000030517578,42.47999954223633,42.70000076293945,28.47658920288086,16214200,,
2010-4-16,42.68000030517578,42.97999954223633,42.25,42.7400016784668,28.50326919555664,23840800,,
2010-4-19,42.630001068115234,42.9900016784668,42.25,42.75,28.50994300842285,14960500,,
2010-4-20,42.7400016784668,43.349998474121094,42.4900016784668,43.290000915527344,28.870058059692383,14784600,,
2010-4-21,43.33000183105469,43.38999938964844,42.27000045776367,42.630001068115234,28.429908752441406,34304500,,
2010-4-22,39.75,40.349998474121094,38.880001068115234,39.33000183105469,26.229145050048828,96916600,,
2010-4-23,38.97999954223633,39.029998779296875,37.79999923706055,38.25,25.508880615234375,64242900,,
2010-4-26,38.27000045776367,38.709999084472656,37.779998779296875,38.11000061035156,25.415531158447266,25646700,,
2010-4-27,38.22999954223633,38.84000015258789,37.84000015258789,37.91999816894531,25.288808822631836,35398400,,
2010-4-28,38.220001220703125,38.849998474121094,38,38.81999969482422,25.889022827148438,27704200,,
2010-4-29,38.970001220703125,39.220001220703125,38.77000045776367,38.97999954223633,25.995712280273438,17668400,,
2010-4-30,39.150001525878906,39.290000915527344,38.61000061035156,38.68000030517578,25.79566192626953,18461000,,
2010-5-3,38.90999984741211,39.04999923706055,38.310001373291016,38.63999938964844,25.768980026245117,19361900,,
2010-5-4,38.27000045776367,38.29999923706055,37.0099983215332,37.599998474121094,25.075401306152344,25189600,,
2010-5-5,37.20000076293945,37.88999938964844,37,37.630001068115234,25.09541893005371,18405100,,
2010-5-6,37.36000061035156,37.630001068115234,35.560001373291016,36.66999816894531,24.455184936523438,28231500,,
2010-5-7,36.439998626708984,36.86000061035156,35.22999954223633,36.5,24.34181785583496,36415300,,
2010-5-10,37.40999984741211,37.810001373291016,37.099998474121094,37.369998931884766,24.92201805114746,22752400,,
2010-5-11,37.06999969482422,37.90999984741211,37.04999923706055,37.47999954223633,24.99536895751953,17506700,,
2010-5-12,38,38.38999938964844,37.720001220703125,38.15999984741211,25.448867797851562,17607400,,
2010-5-13,37.970001220703125,38.68000030517578,37.77000045776367,37.959999084472656,25.315488815307617,18366800,,
2010-5-14,37.7599983215332,38.040000915527344,36.900001525878906,37.29999923706055,24.875333786010742,19744400,,
2010-5-17,37.459999084472656,37.70000076293945,36.77000045776367,37.369998931884766,24.92201805114746,22359900,,
2010-5-18,37.02000045776367,37.459999084472656,36.5,36.709999084472656,24.48186683654785,22975400,,
2010-5-19,36.68000030517578,36.88999938964844,36.16999816894531,36.45000076293945,24.3084774017334,18550600,,
2010-5-20,35.75,36.2400016784668,35.25,35.59000015258789,23.73493766784668,27571300,,
2010-5-21,35.099998474121094,36.279998779296875,34.83000183105469,35.88999938964844,23.93500328063965,28635800,,
2010-5-24,35.599998474121094,36.150001525878906,35.43000030517578,35.66999816894531,23.788284301757812,16315100,,
2010-5-25,34.88999938964844,35.65999984741211,34.52000045776367,35.61000061035156,23.74827003479004,24935000,,
2010-5-26,35.75,36.099998474121094,34.7599983215332,34.880001068115234,23.38622283935547,26677500,0.19,
2010-5-27,35.349998474121094,35.599998474121094,35.099998474121094,35.560001373291016,23.842138290405273,23507900,,
2010-5-28,35.40999984741211,35.93000030517578,35.15999984741211,35.560001373291016,23.842138290405273,21246900,,
2010-6-1,35.45000076293945,36.08000183105469,34.959999084472656,35.06999969482422,23.513612747192383,19262600,,
2010-6-2,35.130001068115234,36.040000915527344,34.70000076293945,36.02000045776367,24.15056610107422,21472100,,
2010-6-3,36.25,36.810001373291016,35.779998779296875,36.470001220703125,24.45227813720703,20295100,,
2010-6-4,35.75,36.220001220703125,35.150001525878906,35.29999923706055,23.667818069458008,23085900,,
2010-6-7,35.349998474121094,35.77000045776367,34.970001220703125,35.0099983215332,23.473384857177734,18554400,,
2010-6-8,34.849998474121094,35.310001373291016,34.56999969482422,35.27000045776367,23.647705078125,22531100,,
2010-6-9,35.29999923706055,35.380001068115234,34.630001068115234,34.720001220703125,23.278942108154297,24109300,,
2010-6-10,35.15999984741211,35.16999816894531,34.33000183105469,35.029998779296875,23.486787796020508,30719400,,
2010-6-11,34.540000915527344,35.470001220703125,34.52000045776367,35.36000061035156,23.708049774169922,14716800,,
2010-6-14,35.70000076293945,35.880001068115234,34.720001220703125,34.790000915527344,23.32588005065918,15705300,,
2010-6-15,35,35.599998474121094,34.9900016784668,35.58000183105469,23.85555076599121,13798100,,
2010-6-16,35.400001525878906,35.439998626708984,34.79999923706055,35.08000183105469,23.52030372619629,22472000,,
2010-6-17,35.2400016784668,35.77000045776367,35.0099983215332,35.709999084472656,23.94271469116211,15326600,,
2010-6-18,35.75,36.06999969482422,35.56999969482422,35.689998626708984,23.929306030273438,25396000,,
2010-6-21,35.849998474121094,36.16999816894531,35.36000061035156,35.63999938964844,23.895776748657227,12371800,,
2010-6-22,35.7599983215332,36.36000061035156,35.54999923706055,35.56999969482422,23.848852157592773,16287900,,
2010-6-23,35.61000061035156,35.810001373291016,35.27000045776367,35.41999816894531,23.74827766418457,15067500,,
2010-6-24,35.220001220703125,35.29999923706055,34.630001068115234,34.790000915527344,23.32588005065918,21380600,,
2010-6-25,34.70000076293945,34.900001525878906,34.279998779296875,34.56999969482422,23.178373336791992,22399500,,
2010-6-28,34.630001068115234,34.880001068115234,34.0099983215332,34.040000915527344,22.823013305664062,13573600,,
2010-6-29,33.779998779296875,33.790000915527344,32.869998931884766,33.13999938964844,22.21957778930664,27848100,,
2010-6-30,33,33.650001525878906,32.72999954223633,32.84000015258789,22.01845359802246,19652800,,
2010-7-1,32.790000915527344,32.880001068115234,31.6299991607666,31.959999084472656,21.428428649902344,31598700,,
2010-7-2,31.8700008392334,32.68000030517578,31.649999618530273,32.369998931884766,21.70331573486328,16296400,,
2010-7-6,32.65999984741211,33.31999969482422,32.45000076293945,32.650001525878906,21.891054153442383,19301000,,
2010-7-7,32.81999969482422,33.470001220703125,32.439998626708984,33.380001068115234,22.380508422851562,16002300,,
2010-7-8,33.790000915527344,33.9900016784668,33.25,33.93000030517578,22.749267578125,19367000,,
2010-7-9,34.04999923706055,34.13999938964844,33.560001373291016,33.90999984741211,22.735857009887695,12516300,,
2010-7-12,34.7400016784668,35.33000183105469,34.5099983215332,35.099998474121094,23.533727645874023,23745400,,
2010-7-13,35.5099983215332,35.97999954223633,35.34000015258789,35.95000076293945,24.10363006591797,21447600,,
2010-7-14,36.2400016784668,37.09000015258789,35.97999954223633,36.900001525878906,24.740581512451172,31169000,,
2010-7-15,36.9900016784668,37.119998931884766,36.380001068115234,36.880001068115234,24.7271671295166,18840400,,
2010-7-16,36.970001220703125,37.220001220703125,35.7400016784668,35.959999084472656,24.110334396362305,24808900,,
2010-7-19,36.2599983215332,37.08000183105469,36.20000076293945,36.77000045776367,24.653413772583008,19903100,,
2010-7-20,36.08000183105469,36.779998779296875,35.7400016784668,36.75,24.640012741088867,17065100,,
2010-7-21,36.86000061035156,37,35.810001373291016,36.15999984741211,24.244430541992188,22929300,,
2010-7-22,38.34000015258789,39.52000045776367,38.29999923706055,39.11000061035156,26.22233009338379,56097800,,
2010-7-23,39.029998779296875,39.65999984741211,38.779998779296875,39.08000183105469,26.20221710205078,31483800,,
2010-7-26,38.720001220703125,39.279998779296875,38.720001220703125,39.2400016784668,26.30948829650879,13197900,,
2010-7-27,39.45000076293945,39.5,39.130001068115234,39.220001220703125,26.29608917236328,12596900,,
2010-7-28,39.349998474121094,39.43000030517578,38.61000061035156,38.7599983215332,25.987661361694336,12468500,,
2010-7-29,39.349998474121094,39.41999816894531,38.2599983215332,38.779998779296875,26.00107192993164,21457700,,
2010-7-30,38.2599983215332,38.38999938964844,37.7599983215332,38.08000183105469,25.531736373901367,22121300,,
2010-8-2,38.33000183105469,39,38.02000045776367,38.7599983215332,25.987661361694336,14618500,,
2010-8-3,38.59000015258789,38.79999923706055,38.29999923706055,38.459999084472656,25.786518096923828,10250000,,
2010-8-4,38.38999938964844,38.619998931884766,38.0099983215332,38.43000030517578,25.76641273498535,9949000,,
2010-8-5,38.209999084472656,38.70000076293945,38.119998931884766,38.5,25.813344955444336,8991900,,
2010-8-6,38.20000076293945,38.97999954223633,37.95000076293945,38.650001525878906,25.91391944885254,15794700,,
2010-8-9,38.869998931884766,39.939998626708984,38.83000183105469,39.75,26.651443481445312,18715600,,
2010-8-10,39.5,40,39.08000183105469,39.779998779296875,26.67156410217285,17159200,,
2010-8-11,39.20000076293945,39.439998626708984,38.439998626708984,39.36000061035156,26.38995361328125,21455400,,
2010-8-12,37.83000183105469,38.88999938964844,37.79999923706055,38.2400016784668,25.63902473449707,19582900,,
2010-8-13,38,38.34000015258789,37.83000183105469,37.95000076293945,25.444576263427734,16372000,,
2010-8-16,37.880001068115234,38.88999938964844,37.45000076293945,38.63999938964844,25.907211303710938,14222100,,
2010-8-17,38.959999084472656,39.790000915527344,38.93000030517578,39.13999938964844,26.242446899414062,22319800,,
2010-8-18,39.099998474121094,39.40999984741211,38.61000061035156,39.040000915527344,26.175399780273438,13506000,,
2010-8-19,38.75,38.84000015258789,37.720001220703125,38.11000061035156,25.551864624023438,21575900,,
2010-8-20,38.11000061035156,39.09000015258789,38,38.90999984741211,26.08823585510254,19152600,,
2010-8-23,39.189998626708984,39.45000076293945,38.40999984741211,38.540000915527344,25.84015464782715,12942000,,
2010-8-24,38.400001525878906,38.47999954223633,37.7599983215332,38.040000915527344,25.50493049621582,15738700,,
2010-8-25,37.66999816894531,38.72999954223633,37.650001525878906,38.459999084472656,25.915958404541016,18753000,0.19,
2010-8-26,38.66999816894531,38.81999969482422,37.97999954223633,38.279998779296875,25.794677734375,14506600,,
2010-8-27,38.5,38.849998474121094,37.7400016784668,38.63999938964844,26.037256240844727,16263700,,
2010-8-30,38.38999938964844,38.77000045776367,38.290000915527344,38.290000915527344,25.80141830444336,11909900,,
2010-8-31,38.18000030517578,38.7599983215332,37.810001373291016,38.29999923706055,25.80816078186035,18049100,,
2010-9-1,38.959999084472656,40.150001525878906,38.91999816894531,39.599998474121094,26.684144973754883,27619100,,
2010-9-2,39.689998626708984,40.029998779296875,39.45000076293945,40.02000045776367,26.9671688079834,12671500,,
2010-9-3,40.279998779296875,40.470001220703125,39.7599983215332,40.380001068115234,27.209762573242188,14187700,,
2010-9-7,40.11000061035156,40.81999969482422,39.91999816894531,40.56999969482422,27.3377685546875,18520500,,
2010-9-8,40.63999938964844,41.13999938964844,40.630001068115234,40.91999816894531,27.573619842529297,14073500,,
2010-9-9,41.15999984741211,41.220001220703125,40.52000045776367,40.900001525878906,27.560138702392578,12190400,,
2010-9-10,41.02000045776367,41.040000915527344,40.06999969482422,40.41999816894531,27.236698150634766,15098000,,
2010-9-13,40.939998626708984,41.36000061035156,40.7400016784668,41,27.627517700195312,16787200,,
2010-9-14,40.849998474121094,41.380001068115234,40.58000183105469,41.11000061035156,27.701656341552734,12885900,,
2010-9-15,41.099998474121094,42.209999084472656,41.0099983215332,41.97999954223633,28.28789710998535,18992800,,
2010-9-16,41.79999923706055,42.29999923706055,41.650001525878906,41.970001220703125,28.281160354614258,16596100,,
2010-9-17,42.119998931884766,42.75,41.939998626708984,42.529998779296875,28.65850067138672,31733900,,
2010-9-20,42.58000183105469,43.099998474121094,42.56999969482422,43.0099983215332,28.98195457458496,15241800,,
2010-9-21,43.209999084472656,43.869998931884766,43.11000061035156,43.5099983215332,29.318864822387695,16763100,,
2010-9-22,43.54999923706055,43.7599983215332,42.70000076293945,43.29999923706055,29.1773624420166,16158500,,
2010-9-23,42.95000076293945,43.7400016784668,42.7599983215332,43.650001525878906,29.413204193115234,20206800,,
2010-9-24,43.95000076293945,44.970001220703125,43.86000061035156,44.54999923706055,30.019662857055664,22619300,,
2010-9-27,44.31999969482422,45,44.13999938964844,44.59000015258789,30.04662322998047,14009400,,
2010-9-28,44.689998626708984,44.849998474121094,43.70000076293945,44.06999969482422,29.696216583251953,23000500,,
2010-9-29,43.7599983215332,44.5099983215332,43.70000076293945,44.310001373291016,29.857938766479492,14499000,,
2010-9-30,45.06999969482422,45.75,44.77000045776367,45.130001068115234,30.41049575805664,35751700,,
2010-10-1,45.5099983215332,45.599998474121094,43.91999816894531,44.2599983215332,29.824237823486328,22457600,,
2010-10-4,44.43000030517578,44.43000030517578,43.349998474121094,43.88999938964844,29.574934005737305,13941400,,
2010-10-5,44.41999816894531,44.900001525878906,44.08000183105469,44.2599983215332,29.824237823486328,18459700,,
2010-10-6,44.209999084472656,44.68000030517578,43.869998931884766,44.650001525878906,30.0870418548584,21696900,,
2010-10-7,44.90999984741211,44.959999084472656,44.13999938964844,44.54999923706055,30.019662857055664,11965000,,
2010-10-8,44.47999954223633,44.90999984741211,44.04999923706055,44.7599983215332,30.161170959472656,12349900,,
2010-10-11,44.66999816894531,44.70000076293945,43.939998626708984,44.18000030517578,29.770355224609375,10971300,,
2010-10-12,44.18000030517578,45,43.77000045776367,44.790000915527344,30.181386947631836,13712800,,
2010-10-13,44.970001220703125,45.5099983215332,44.7400016784668,45.31999969482422,30.538536071777344,13543300,,
2010-10-14,45.02000045776367,45.349998474121094,44.810001373291016,45.040000915527344,30.349843978881836,11317500,,
2010-10-15,45.40999984741211,45.5099983215332,44.4900016784668,44.790000915527344,30.181386947631836,18075400,,
2010-10-18,44.779998779296875,44.79999923706055,44.130001068115234,44.4900016784668,29.979236602783203,12225400,,
2010-10-19,44.25,44.56999969482422,43.5,44.220001220703125,29.797300338745117,15934400,,
2010-10-20,44.2599983215332,44.900001525878906,44.2599983215332,44.380001068115234,29.905113220214844,11523700,,
2010-10-21,44.439998626708984,44.5099983215332,42.45000076293945,43.97999954223633,29.635576248168945,24931600,,
2010-10-22,43.849998474121094,44.27000045776367,43.61000061035156,44.18000030517578,29.770355224609375,12473200,,
2010-10-25,44.349998474121094,44.5,44.20000076293945,44.33000183105469,29.871429443359375,10215900,,
2010-10-26,43.97999954223633,43.9900016784668,43.209999084472656,43.939998626708984,29.608627319335938,15805500,,
2010-10-27,43.47999954223633,44.5099983215332,43.439998626708984,44.47999954223633,29.972496032714844,11449300,,
2010-10-28,44.849998474121094,44.90999984741211,44.40999984741211,44.41999816894531,29.93206214904785,11982900,,
2010-10-29,44.54999923706055,45.630001068115234,44.54999923706055,45.15999984741211,30.430706024169922,16651700,,
2010-11-1,45.52000045776367,46,45.13999938964844,45.33000183105469,30.54526138305664,11199500,,
2010-11-2,45.75,45.939998626708984,45.22999954223633,45.380001068115234,30.578947067260742,12590900,,
2010-11-3,45.209999084472656,45.7599983215332,44.619998931884766,45.689998626708984,30.787851333618164,27224200,,
2010-11-4,48.61000061035156,49.45000076293945,48.060001373291016,48.34000015258789,32.573524475097656,58099900,,
2010-11-5,47.869998931884766,48.36000061035156,47.400001525878906,48.33000183105469,32.56678771972656,20629500,,
2010-11-8,48.02000045776367,48.33000183105469,47.58000183105469,47.79999923706055,32.209651947021484,18567300,,
2010-11-9,47.86000061035156,48.2400016784668,47.38999938964844,47.91999816894531,32.2905158996582,17430300,,
2010-11-10,48,48,47.25,47.68000030517578,32.1287956237793,12413500,,
2010-11-11,46.97999954223633,48.0099983215332,46.88999938964844,47.91999816894531,32.2905158996582,13923000,,
2010-11-12,47.61000061035156,47.72999954223633,46.689998626708984,47.470001220703125,31.987281799316406,20070400,,
2010-11-15,47.61000061035156,47.81999969482422,46.86000061035156,46.869998931884766,31.582983016967773,11573600,,
2010-11-16,46.43000030517578,46.689998626708984,46.08000183105469,46.380001068115234,31.252809524536133,18386800,,
2010-11-17,46.560001373291016,48.369998931884766,46.5,47.97999954223633,32.330955505371094,25860200,,
2010-11-18,48.43000030517578,48.86000061035156,47.70000076293945,47.720001220703125,32.15574645996094,20716700,,
2010-11-19,47.619998931884766,48.04999923706055,47.40999984741211,47.959999084472656,32.31747055053711,15850900,,
2010-11-22,47.810001373291016,48.119998931884766,46.9900016784668,47.619998931884766,32.21598434448242,13112100,0.19,
2010-11-23,47.22999954223633,47.369998931884766,46.72999954223633,47.099998474121094,31.864200592041016,17892100,,
2010-11-24,47.40999984741211,48.20000076293945,47.13999938964844,48.06999969482422,32.52042770385742,11961200,,
2010-11-26,47.779998779296875,47.939998626708984,47.54999923706055,47.70000076293945,32.27010726928711,4296600,,
2010-11-29,47.470001220703125,47.650001525878906,46.7599983215332,47.279998779296875,31.985977172851562,12906500,,
2010-11-30,46.5099983215332,47.150001525878906,46.459999084472656,46.81999969482422,31.67477035522461,18176000,,
2010-12-1,47.31999969482422,48.25,47.29999923706055,47.88999938964844,32.398651123046875,14431100,,
2010-12-2,48.040000915527344,48.650001525878906,47.88999938964844,48.4900016784668,32.8045654296875,11108300,,
2010-12-3,48.400001525878906,48.939998626708984,48.2400016784668,48.81999969482422,33.02781295776367,12608700,,
2010-12-6,48.54999923706055,48.689998626708984,48.09000015258789,48.31999969482422,32.689544677734375,10488700,,
2010-12-7,48.7400016784668,49.0099983215332,48.45000076293945,48.470001220703125,32.79103469848633,14015800,,
2010-12-8,48.56999969482422,48.88999938964844,48.27000045776367,48.880001068115234,33.06840515136719,8634400,,
2010-12-9,49.150001525878906,49.290000915527344,48.709999084472656,49.08000183105469,33.203704833984375,8862300,,
2010-12-10,49,49.5,48.900001525878906,49.47999954223633,33.47431945800781,11851800,,
2010-12-13,49.52000045776367,49.7599983215332,49.099998474121094,49.119998931884766,33.23076629638672,11988400,,
2010-12-14,49.29999923706055,49.5,48.83000183105469,49.18000030517578,33.271358489990234,10036300,,
2010-12-15,49.36000061035156,49.56999969482422,48.81999969482422,49.09000015258789,33.210472106933594,10329900,,
2010-12-16,49.13999938964844,49.7599983215332,48.86000061035156,49.650001525878906,33.58932113647461,12338900,,
2010-12-17,49.650001525878906,49.720001220703125,49.2599983215332,49.459999084472656,33.46079635620117,21421200,,
2010-12-20,49.720001220703125,49.83000183105469,49.150001525878906,49.439998626708984,33.44725799560547,11902200,,
2010-12-21,49.70000076293945,50,49.58000183105469,49.9900016784668,33.81935501098633,9271500,,
2010-12-22,49.79999923706055,50,49.619998931884766,49.9900016784668,33.81935501098633,6859600,,
2010-12-23,49.869998931884766,49.970001220703125,49.279998779296875,49.439998626708984,33.44725799560547,8194300,,
2010-12-27,49.400001525878906,49.79999923706055,48.97999954223633,49.61000061035156,33.5622673034668,5871100,,
2010-12-28,49.77000045776367,49.959999084472656,49.56999969482422,49.86000061035156,33.73140335083008,7138200,,
2010-12-29,49.970001220703125,50.310001373291016,49.86000061035156,49.9900016784668,33.81935501098633,7771700,,
2010-12-30,50,50.209999084472656,49.630001068115234,49.72999954223633,33.6434440612793,5090200,,
2010-12-31,49.63999938964844,49.83000183105469,49,49.4900016784668,33.481082916259766,6304700,,
2011-1-3,49.88999938964844,50.79999923706055,49.849998474121094,50.18000030517578,33.94789123535156,15167700,,
2011-1-4,50.400001525878906,51.060001373291016,49.59000015258789,50.970001220703125,34.48234176635742,24330000,,
2011-1-5,51.54999923706055,52.400001525878906,51.25,52.029998779296875,35.199440002441406,25904400,,
2011-1-6,52.11000061035156,53.029998779296875,52.040000915527344,52.66999816894531,35.63243103027344,17894300,,
2011-1-7,52.810001373291016,52.900001525878906,51.400001525878906,51.72999954223633,34.99650192260742,12865500,,
2011-1-10,51.439998626708984,52.20000076293945,51.439998626708984,51.689998626708984,34.96943664550781,17421100,,
2011-1-11,51.56999969482422,52.439998626708984,51.56999969482422,52.06999969482422,35.22652053833008,10288000,,
2011-1-12,52.25,52.34000015258789,51.59000015258789,52.34000015258789,35.409175872802734,10673200,,
2011-1-13,52.279998779296875,52.45000076293945,51.5099983215332,51.869998931884766,35.09121322631836,12550700,,
2011-1-14,51.93000030517578,52.130001068115234,51.43000030517578,52.040000915527344,35.20622253417969,11536900,,
2011-1-18,52.369998931884766,53.060001373291016,52.290000915527344,53.029998779296875,35.87596893310547,14715100,,
2011-1-19,52.709999084472656,53.099998474121094,51.88999938964844,52.13999938964844,35.27387237548828,11567000,,
2011-1-20,52.15999984741211,52.2400016784668,51.2599983215332,51.33000183105469,34.72590255737305,14213700,,
2011-1-21,51.54999923706055,52,51.09000015258789,51.2400016784668,34.66499710083008,18452800,,
2011-1-24,51.119998931884766,51.5,50.84000015258789,51.4900016784668,34.83414077758789,11508500,,
2011-1-25,51.43000030517578,51.56999969482422,50.619998931884766,51.52000045776367,34.854427337646484,15922200,,
2011-1-26,51.439998626708984,52.06999969482422,51,51.86000061035156,35.084442138671875,23536600,,
2011-1-27,54.20000076293945,55,53.77000045776367,54.900001525878906,37.14107131958008,50785700,,
2011-1-28,54.099998474121094,54.689998626708984,53.38999938964844,53.7400016784668,36.356300354003906,22935600,,
2011-1-31,53.849998474121094,54.470001220703125,53.06999969482422,54.130001068115234,36.620147705078125,16182100,,
2011-2-1,54.29999923706055,55.27000045776367,54.11000061035156,55.08000183105469,37.2628288269043,17000000,,
2011-2-2,54.77000045776367,54.900001525878906,53.880001068115234,53.9900016784668,36.52543640136719,17626200,,
2011-2-3,54,55.2400016784668,53.810001373291016,54.97999954223633,37.1952018737793,17150900,,
2011-2-4,55.040000915527344,55.380001068115234,54.5,55.22999954223633,37.36431884765625,12603100,,
2011-2-7,55.11000061035156,55.619998931884766,54.83000183105469,55.06999969482422,37.25608444213867,11605200,,
2011-2-8,55.4900016784668,56.099998474121094,55.349998474121094,56.099998474121094,37.9528923034668,13862700,,
2011-2-9,55.95000076293945,56.369998931884766,55.75,56.209999084472656,38.027313232421875,12581500,,
2011-2-10,56.16999816894531,57.189998626708984,55.880001068115234,57,38.561763763427734,16392900,,
2011-2-11,56.7599983215332,57.650001525878906,56.68000030517578,57.599998474121094,38.967681884765625,12165500,,
2011-2-14,57.7400016784668,58.79999923706055,57.61000061035156,58.16999816894531,39.35330581665039,17488200,,
2011-2-15,58.0099983215332,58.959999084472656,57.91999816894531,58.63999938964844,39.6712760925293,16375300,,
2011-2-16,58.88999938964844,58.97999954223633,58.25,58.540000915527344,39.60360336303711,11659200,,
2011-2-17,58.310001373291016,59.0099983215332,58.20000076293945,59,39.9148063659668,11068600,,
2011-2-18,59.040000915527344,59.43000030517578,58.65999984741211,59.189998626708984,40.04334259033203,17282600,,
2011-2-22,58.560001373291016,58.9900016784668,57.88999938964844,58.2400016784668,39.40065002441406,19936700,,
2011-2-23,57.900001525878906,58.400001525878906,56.52000045776367,57.0099983215332,38.694759368896484,16344700,0.19,
2011-2-24,57.29999923706055,58.11000061035156,57,57.79999923706055,39.230960845947266,15159100,,
2011-2-25,58.119998931884766,59.20000076293945,57.900001525878906,59.02000045776367,40.05903625488281,11344000,,
2011-2-28,58.9900016784668,59.79999923706055,58.90999984741211,59.58000183105469,40.439125061035156,13613700,,
2011-3-1,59.84000015258789,59.84000015258789,57.79999923706055,58.040000915527344,39.39387512207031,16764200,,
2011-3-2,57.880001068115234,58.18000030517578,56.970001220703125,57.099998474121094,38.755855560302734,16651100,,
2011-3-3,57.70000076293945,58.97999954223633,57.66999816894531,58.84000015258789,39.936851501464844,13214700,,
2011-3-4,58.790000915527344,58.880001068115234,57.599998474121094,58.150001525878906,39.46853256225586,11720000,,
2011-3-7,58.4900016784668,58.59000015258789,56.81999969482422,57.58000183105469,39.08164978027344,13540500,,
2011-3-8,56.720001220703125,57.4900016784668,55.54999923706055,57.150001525878906,38.7898063659668,22049900,,
2011-3-9,56.849998474121094,56.849998474121094,54.90999984741211,55,37.330501556396484,24466200,,
2011-3-10,54.40999984741211,54.970001220703125,53.84000015258789,54.040000915527344,36.678924560546875,22114400,,
2011-3-11,53.70000076293945,54.08000183105469,53.38999938964844,53.61000061035156,36.38705825805664,18941000,,
2011-3-14,52.970001220703125,53.599998474121094,52.75,53.47999954223633,36.2988395690918,18606600,,
2011-3-15,51.13999938964844,53.279998779296875,50.099998474121094,53,35.973026275634766,35441300,,
2011-3-16,52.5,52.81999969482422,50.400001525878906,50.5,34.27619171142578,31062900,,
2011-3-17,52.619998931884766,53.470001220703125,51.9900016784668,52.31999969482422,35.511497497558594,24685600,,
2011-3-18,52.83000183105469,53.15999984741211,50.7599983215332,51.709999084472656,35.09746170043945,33360000,,
2011-3-21,53.2400016784668,54.11000061035156,53.029998779296875,53.630001068115234,36.400638580322266,17208200,,
2011-3-22,53.58000183105469,53.7599983215332,52.349998474121094,52.4900016784668,35.626869201660156,13843400,,
2011-3-23,52.470001220703125,52.58000183105469,51.70000076293945,52.45000076293945,35.599735260009766,12067700,,
2011-3-24,52.61000061035156,53.77000045776367,52.06999969482422,53.720001220703125,36.46173095703125,14733200,,
2011-3-25,53.83000183105469,53.9900016784668,52.720001220703125,52.75,35.80335998535156,13574400,,
2011-3-28,52.95000076293945,53.279998779296875,52.099998474121094,52.18000030517578,35.41647720336914,10237600,,
2011-3-29,52.439998626708984,54.09000015258789,52.36000061035156,53.90999984741211,36.59068298339844,14946800,,
2011-3-30,54.369998931884766,54.61000061035156,53.79999923706055,54.5099983215332,36.997928619384766,11044700,,
2011-3-31,54.560001373291016,54.95000076293945,54.34000015258789,54.83000183105469,37.215126037597656,13222200,,
2011-4-1,55.06999969482422,55.189998626708984,54.25,54.470001220703125,36.97077941894531,12306100,,
2011-4-4,54.540000915527344,54.709999084472656,52.47999954223633,53.11000061035156,36.047691345214844,18238600,,
2011-4-5,53.02000045776367,53.63999938964844,52.400001525878906,52.58000183105469,35.68796920776367,13467000,,
2011-4-6,53.11000061035156,53.88999938964844,52.9900016784668,53.540000915527344,36.33955383300781,13380900,,
2011-4-7,53.36000061035156,54.31999969482422,53.04999923706055,53.22999954223633,36.12914276123047,12491700,,
2011-4-8,54,54.349998474121094,53.31999969482422,53.630001068115234,36.400638580322266,10353400,,
2011-4-11,53.869998931884766,54.470001220703125,53.34000015258789,53.400001525878906,36.244537353515625,11699300,,
2011-4-12,52.79999923706055,52.970001220703125,51.72999954223633,52.25,35.46397018432617,11995000,,
2011-4-13,52.86000061035156,52.93000030517578,52.0099983215332,52.68000030517578,35.75584030151367,9503100,,
2011-4-14,51.9900016784668,52.849998474121094,51.45000076293945,52.599998474121094,35.7015380859375,11655600,,
2011-4-15,52.84000015258789,53.459999084472656,52.11000061035156,53.13999938964844,36.06806564331055,17165100,,
2011-4-18,52.20000076293945,53.33000183105469,52.040000915527344,53.290000915527344,36.169864654541016,14744200,,
2011-4-19,53.290000915527344,53.689998626708984,52.880001068115234,53.41999816894531,36.25811004638672,12006400,,
2011-4-20,54.70000076293945,55.400001525878906,54.5,55.27000045776367,37.513763427734375,19894600,,
2011-4-21,57.25,57.619998931884766,56.560001373291016,56.939998626708984,38.647247314453125,23134900,,
2011-4-25,56.369998931884766,57.18000030517578,56.209999084472656,56.81999969482422,38.56580352783203,9934800,,
2011-4-26,57.119998931884766,57.5099983215332,56.93000030517578,57.220001220703125,38.837303161621094,12100000,,
2011-4-27,57.83000183105469,58.459999084472656,57.099998474121094,58.18000030517578,39.488887786865234,15949400,,
2011-4-28,57.7599983215332,58,57.150001525878906,57.58000183105469,39.08164978027344,12300000,,
2011-4-29,57.58000183105469,57.9900016784668,56.84000015258789,57.09000015258789,38.74906921386719,32037700,,
2011-5-2,57.439998626708984,57.900001525878906,56.97999954223633,57.2400016784668,38.85087585449219,12022000,,
2011-5-3,57.310001373291016,57.540000915527344,55.959999084472656,56.4900016784668,38.341827392578125,11700000,,
2011-5-4,56.31999969482422,57.0099983215332,55.41999816894531,56.08000183105469,38.06354904174805,12761100,,
2011-5-5,55.63999938964844,56.81999969482422,55.59000015258789,56.130001068115234,38.09748458862305,11000000,,
2011-5-6,56.75,57.540000915527344,56.33000183105469,56.56999969482422,38.3961181640625,10727500,,
2011-5-9,56.75,56.91999816894531,55.9900016784668,56.65999984741211,38.45720291137695,8056600,,
2011-5-10,56.939998626708984,57.099998474121094,56.34000015258789,56.90999984741211,38.62689971923828,9149700,,
2011-5-11,56.81999969482422,57.720001220703125,56.189998626708984,56.59000015258789,38.40970230102539,11009200,,
2011-5-12,56.2599983215332,57.650001525878906,56.13999938964844,57.34000015258789,38.91875457763672,10900000,,
2011-5-13,57.34000015258789,57.83000183105469,56.77000045776367,57.119998931884766,38.769439697265625,11209100,,
2011-5-16,57.18000030517578,57.7599983215332,56.47999954223633,56.70000076293945,38.48435974121094,13330200,,
2011-5-17,56.380001068115234,56.4900016784668,55.65999984741211,56.349998474121094,38.24679946899414,13989800,,
2011-5-18,56.22999954223633,56.779998779296875,55.77000045776367,56.45000076293945,38.31467819213867,12429000,,
2011-5-19,56.619998931884766,57.66999816894531,56.619998931884766,57.29999923706055,38.891597747802734,11938100,,
2011-5-20,57.220001220703125,57.75,57.029998779296875,57.380001068115234,38.945899963378906,15272900,,
2011-5-23,56.4900016784668,56.70000076293945,55.91999816894531,56.380001068115234,38.26716613769531,12499600,,
2011-5-24,56.5099983215332,57.0099983215332,55.95000076293945,56.310001373291016,38.21965408325195,10251800,,
2011-5-25,56.34000015258789,57.41999816894531,56.33000183105469,56.9900016784668,38.82944869995117,10928000,0.215,
2011-5-26,56.7400016784668,57.54999923706055,56.540000915527344,57.16999816894531,38.95208740234375,12897000,,
2011-5-27,57.34000015258789,57.79999923706055,57.060001373291016,57.349998474121094,39.074729919433594,7678400,,
2011-5-31,57.95000076293945,58.59000015258789,57.65999984741211,58.59000015258789,39.919593811035156,15104300,,
2011-6-1,58.43000030517578,58.95000076293945,56.97999954223633,57.150001525878906,38.93846893310547,14968700,,
2011-6-2,57.34000015258789,58.310001373291016,57.34000015258789,57.79999923706055,39.38133239746094,12697400,,
2011-6-3,57.119998931884766,58.15999984741211,56.95000076293945,57.040000915527344,38.86351776123047,12474800,,
2011-6-6,56.900001525878906,57.4900016784668,56.41999816894531,56.47999954223633,38.48196792602539,10121500,,
2011-6-7,56.619998931884766,57.08000183105469,56.470001220703125,56.5099983215332,38.502410888671875,10225200,,
2011-6-8,56.2400016784668,56.52000045776367,55.52000045776367,56.29999923706055,38.35932922363281,12158000,,
2011-6-9,56.130001068115234,56.470001220703125,55.68000030517578,55.869998931884766,38.06635665893555,9161600,,
2011-6-10,55.70000076293945,55.7400016784668,54.36000061035156,54.599998474121094,37.2010612487793,14544000,,
2011-6-13,54.790000915527344,54.88999938964844,54.2400016784668,54.400001525878906,37.064788818359375,10670800,,
2011-6-14,54.869998931884766,55.869998931884766,54.75,55.58000183105469,37.86875534057617,12006100,,
2011-6-15,55.22999954223633,55.560001373291016,53.79999923706055,54.099998474121094,36.860382080078125,16790500,,
2011-6-16,54.119998931884766,54.209999084472656,52.41999816894531,52.9900016784668,36.104087829589844,19464800,,
2011-6-17,53.91999816894531,54.29999923706055,52.599998474121094,52.689998626708984,35.89970016479492,25241200,,
2011-6-20,52.529998779296875,53.529998779296875,52.130001068115234,53.47999954223633,36.43795394897461,14746000,,
2011-6-21,53.65999984741211,54.9900016784668,53.150001525878906,54.43000030517578,37.08522415161133,12010100,,
2011-6-22,54.13999938964844,54.40999984741211,53.66999816894531,53.9900016784668,36.78544235229492,9110300,,
2011-6-23,53.119998931884766,54.97999954223633,53.060001373291016,54.959999084472656,37.446346282958984,15571600,,
2011-6-24,54.77000045776367,54.959999084472656,54.09000015258789,54.189998626708984,36.92170715332031,9494400,,
2011-6-27,54.08000183105469,55.11000061035156,53.63999938964844,54.75,37.303253173828125,9797900,,
2011-6-28,54.83000183105469,55.66999816894531,54.709999084472656,55.45000076293945,37.78018569946289,9556000,,
2011-6-29,55.599998474121094,55.93000030517578,55.25,55.43000030517578,37.76655578613281,11919400,,
2011-6-30,55.65999984741211,56.849998474121094,55.5099983215332,56.790000915527344,38.693172454833984,12463000,,
2011-7-1,56.790000915527344,57.97999954223633,56.439998626708984,57.880001068115234,39.43584060668945,12142000,,
2011-7-5,57.75,58.25,57.5099983215332,58.13999938964844,39.612998962402344,10848700,,
2011-7-6,57.880001068115234,58.75,57.880001068115234,58.70000076293945,39.994529724121094,11176800,,
2011-7-7,58.900001525878906,59.47999954223633,58.86000061035156,59.2599983215332,40.3760871887207,12644800,,
2011-7-8,58.790000915527344,59.369998931884766,58.08000183105469,59.36000061035156,40.4442253112793,12385600,,
2011-7-11,58.72999954223633,58.93000030517578,57.7599983215332,58.2400016784668,39.681129455566406,12988300,,
2011-7-12,58.2599983215332,58.59000015258789,56.209999084472656,56.52000045776367,38.50922775268555,23141300,,
2011-7-13,57.04999923706055,57.09000015258789,56.0099983215332,56.09000015258789,38.216251373291016,18093300,,
2011-7-14,56.099998474121094,56.439998626708984,54.290000915527344,54.91999816894531,37.41908645629883,19155100,,
2011-7-15,55.04999923706055,55.5,54.63999938964844,54.959999084472656,37.446346282958984,17684400,,
2011-7-18,54.869998931884766,55.310001373291016,54.529998779296875,55.279998779296875,37.66436004638672,16182500,,
2011-7-19,55.9900016784668,57.2400016784668,55.869998931884766,56.97999954223633,38.8226203918457,15014500,,
2011-7-20,58.689998626708984,59.400001525878906,57.099998474121094,57.29999923706055,39.040672302246094,27542500,,
2011-7-21,56,57.25,55.869998931884766,56.939998626708984,38.79539489746094,24125900,,
2011-7-22,57.15999984741211,57.709999084472656,56.7599983215332,57.459999084472656,39.14968490600586,13586300,,
2011-7-25,56.91999816894531,57.5099983215332,56.65999984741211,56.810001373291016,38.706809997558594,11346900,,
2011-7-26,56.849998474121094,56.9900016784668,56.29999923706055,56.540000915527344,38.5228385925293,10082700,,
2011-7-27,56,56.150001525878906,54.38999938964844,54.59000015258789,37.194244384765625,15638100,,
2011-7-28,54.709999084472656,55.61000061035156,54.459999084472656,54.9900016784668,37.46678161621094,11737400,,
2011-7-29,54.38999938964844,55.369998931884766,54.060001373291016,54.779998779296875,37.32368087768555,15256200,,
2011-8-1,55.34000015258789,55.439998626708984,53.40999984741211,54.119998931884766,36.87400436401367,16892000,,
2011-8-2,53.630001068115234,54.02000045776367,52.95000076293945,53.0099983215332,36.11771774291992,16681900,,
2011-8-3,53.220001220703125,53.810001373291016,52.70000076293945,53.72999954223633,36.60828399658203,15274300,,
2011-8-4,52.849998474121094,53.09000015258789,51.20000076293945,51.25,34.91857147216797,19556100,,
2011-8-5,51.810001373291016,51.97999954223633,48.970001220703125,51.02000045776367,34.761863708496094,28090800,,
2011-8-8,49.2599983215332,50,46.880001068115234,47.290000915527344,32.220458984375,33418800,,
2011-8-9,47.88999938964844,49.88999938964844,46.70000076293945,49.88999938964844,33.9919548034668,32115100,,
2011-8-10,48.400001525878906,49.02000045776367,47.130001068115234,47.2599983215332,32.20002746582031,32161800,,
2011-8-11,47.72999954223633,50.040000915527344,47.54999923706055,49.54999923706055,33.76028823852539,25079800,,
2011-8-12,49.900001525878906,51.2400016784668,49.18000030517578,50.5,34.4075813293457,19422000,,
2011-8-15,50.75,51.40999984741211,50.209999084472656,51.2599983215332,34.92538833618164,13058700,,
2011-8-16,50.47999954223633,51.459999084472656,49.959999084472656,51.06999969482422,34.79591751098633,17782900,,
2011-8-17,50.97999954223633,51.45000076293945,49.970001220703125,51.0099983215332,34.755043029785156,14115400,,
2011-8-18,49.040000915527344,49.150001525878906,47.36000061035156,47.95000076293945,32.67015075683594,23793700,,
2011-8-19,47.22999954223633,48.16999816894531,46.439998626708984,46.52000045776367,31.69584846496582,24555800,,
2011-8-22,47.70000076293945,47.810001373291016,45.97999954223633,46.400001525878906,31.614084243774414,15673200,,
2011-8-23,46.72999954223633,48.060001373291016,46.56999969482422,48.060001373291016,32.745086669921875,15315600,,
2011-8-24,48.220001220703125,48.33000183105469,46.880001068115234,47.93000030517578,32.80328369140625,15209800,0.215,
2011-8-25,48.15999984741211,48.540000915527344,46.779998779296875,46.95000076293945,32.132564544677734,13935000,,
2011-8-26,46.9900016784668,49.61000061035156,46.290000915527344,48.939998626708984,33.4945182800293,20783600,,
2011-8-29,49.650001525878906,51.06999969482422,49.439998626708984,50.91999816894531,34.84962463378906,14572200,,
2011-8-30,50.54999923706055,51.70000076293945,50.16999816894531,51.2400016784668,35.068634033203125,15801300,,
2011-8-31,51.84000015258789,52.15999984741211,50.900001525878906,51.459999084472656,35.219207763671875,15897300,,
2011-9-1,51.91999816894531,52.869998931884766,51.02000045776367,51.060001373291016,34.94544982910156,13690400,,
2011-9-2,49.97999954223633,50.45000076293945,49.25,49.68000030517578,34.0009880065918,14692800,,
2011-9-6,48.400001525878906,49.560001373291016,47.599998474121094,49.45000076293945,33.843570709228516,14432600,,
2011-9-7,50.34000015258789,51.689998626708984,50.27000045776367,51.689998626708984,35.376617431640625,18934900,,
2011-9-8,51.56999969482422,53.279998779296875,51.290000915527344,51.54999923706055,35.28081130981445,18431400,,
2011-9-9,51.06999969482422,51.27000045776367,49.79999923706055,50.400001525878906,34.49374008178711,19825100,,
2011-9-12,49.61000061035156,51.43000030517578,49.61000061035156,51.38999938964844,35.17130661010742,16409200,,
2011-9-13,51.47999954223633,52.52000045776367,51.400001525878906,52.31999969482422,35.80779266357422,18400800,,
2011-9-14,52.599998474121094,53.75,51.880001068115234,53.06999969482422,36.321075439453125,15498700,,
2011-9-15,53.7400016784668,53.91999816894531,52.45000076293945,53.630001068115234,36.7043571472168,16107300,,
2011-9-16,53.79999923706055,53.939998626708984,53.119998931884766,53.869998931884766,36.86860656738281,19353600,,
2011-9-19,53.060001373291016,53.90999984741211,52.40999984741211,53.66999816894531,36.73175048828125,12067400,,
2011-9-20,53.91999816894531,54.29999923706055,53.040000915527344,53.11000061035156,36.34847640991211,14759300,,
2011-9-21,52.880001068115234,53.689998626708984,51.650001525878906,51.65999984741211,35.3560791015625,15156800,,
2011-9-22,49.9900016784668,51.2599983215332,48.959999084472656,50.029998779296875,34.240501403808594,24362400,,
2011-9-23,49.77000045776367,50.70000076293945,49.25,50.290000915527344,34.418460845947266,18270000,,
2011-9-26,50.38999938964844,50.88999938964844,49.2400016784668,50.58000183105469,34.616939544677734,20218700,,
2011-9-27,51.54999923706055,52.779998779296875,50.75,51.779998779296875,35.43822479248047,16746200,,
2011-9-28,52.099998474121094,52.52000045776367,50.970001220703125,51.060001373291016,34.94544982910156,11527300,,
2011-9-29,51.900001525878906,52.220001220703125,48.810001373291016,50.130001068115234,34.30895233154297,17633700,,
2011-9-30,49.459999084472656,50.29999923706055,48.630001068115234,48.630001068115234,33.2823600769043,18776200,,
2011-10-3,48.209999084472656,49.349998474121094,47.380001068115234,47.650001525878906,32.61165237426758,27986500,,
2011-10-4,47.060001373291016,49.560001373291016,46.400001525878906,49.43000030517578,33.82987976074219,26093400,,
2011-10-5,49.630001068115234,50.900001525878906,49.33000183105469,50.77000045776367,34.74696350097656,18589300,,
2011-10-6,50.58000183105469,50.959999084472656,50,50.869998931884766,34.81539535522461,14772800,,
2011-10-7,50.939998626708984,51,49.63999938964844,50.22999954223633,34.37739562988281,14967900,,
2011-10-10,51.0099983215332,52.13999938964844,50.59000015258789,52.09000015258789,35.65037536621094,11462600,,
2011-10-11,52.02000045776367,52.11000061035156,51.5099983215332,51.650001525878906,35.349246978759766,10261400,,
2011-10-12,52.29999923706055,52.939998626708984,52.02000045776367,52.040000915527344,35.61616134643555,11140800,,
2011-10-13,51.939998626708984,53.40999984741211,51.900001525878906,53.310001373291016,36.48533630371094,12541000,,
2011-10-14,54.04999923706055,55.029998779296875,53.84000015258789,54.97999954223633,37.628299713134766,16257800,,
2011-10-17,54.70000076293945,54.900001525878906,53.34000015258789,53.63999938964844,36.7111930847168,10745800,,
2011-10-18,53.599998474121094,54.95000076293945,53.08000183105469,54.560001373291016,37.34083557128906,13141700,,
2011-10-19,53.79999923706055,54.43000030517578,52.36000061035156,52.599998474121094,35.999420166015625,15090300,,
2011-10-20,52.810001373291016,53.2599983215332,51.720001220703125,52.0099983215332,35.59563064575195,17086100,,
2011-10-21,52.7599983215332,52.84000015258789,51.47999954223633,52.02000045776367,35.60247039794922,18194900,,
2011-10-24,52.400001525878906,53.79999923706055,52.36000061035156,53.61000061035156,36.690673828125,11234700,,
2011-10-25,53.40999984741211,53.70000076293945,52.20000076293945,52.31999969482422,35.80779266357422,12847600,,
2011-10-26,52.81999969482422,52.83000183105469,50.790000915527344,51.599998474121094,35.31501388549805,20141700,,
2011-10-27,53.09000015258789,54,52.5,53.52000045776367,36.629066467285156,17147900,,
2011-10-28,53.40999984741211,53.5,52.709999084472656,53.22999954223633,36.43058776855469,11445300,,
2011-10-31,52.68000030517578,53.11000061035156,51.599998474121094,51.599998474121094,35.31501388549805,21419300,,
2011-11-1,49.91999816894531,50.81999969482422,49.779998779296875,50.13999938964844,34.315792083740234,22660500,,
2011-11-2,51.099998474121094,52.31999969482422,51.06999969482422,52.18000030517578,35.711978912353516,26757000,,
2011-11-3,56.279998779296875,56.959999084472656,54.7599983215332,56.11000061035156,38.40167236328125,44713900,,
2011-11-4,55.13999938964844,56.66999816894531,55.11000061035156,56.5,38.668582916259766,21851700,,
2011-11-7,55.79999923706055,56.9900016784668,55.79999923706055,56.91999816894531,38.95603942871094,14850000,,
2011-11-8,57.13999938964844,57.290000915527344,56.2599983215332,57.029998779296875,39.03131103515625,12956900,,
2011-11-9,55.68000030517578,56.5,54.95000076293945,55.40999984741211,37.9225959777832,15984600,,
2011-11-10,56.13999938964844,56.220001220703125,54.650001525878906,55.209999084472656,37.785701751708984,11669600,,
2011-11-11,55.91999816894531,56.9900016784668,55.65999984741211,56.619998931884766,38.750709533691406,12743100,,
2011-11-14,56.56999969482422,57.5,56.439998626708984,57.099998474121094,39.079219818115234,16660300,,
2011-11-15,56.779998779296875,57.75,56.47999954223633,57.400001525878906,39.284549713134766,13231100,,
2011-11-16,56.720001220703125,57.970001220703125,56.310001373291016,56.880001068115234,38.92865753173828,15504500,,
2011-11-17,56.63999938964844,57.16999816894531,55.40999984741211,56.380001068115234,38.586448669433594,19433700,,
2011-11-18,56.54999923706055,56.560001373291016,55.439998626708984,55.66999816894531,38.10053253173828,14375500,,
2011-11-21,54.38999938964844,54.77000045776367,53.79999923706055,54.27000045776367,37.286376953125,15544300,0.215,
2011-11-22,53.939998626708984,55.02000045776367,53.93000030517578,54.47999954223633,37.43063735961914,13234300,,
2011-11-23,53.41999816894531,53.47999954223633,51.599998474121094,52.029998779296875,35.74736404418945,24129500,,
2011-11-25,51.68000030517578,53,51.68000030517578,51.86000061035156,35.63057327270508,8318700,,
2011-11-28,53.41999816894531,54.040000915527344,53.189998626708984,53.939998626708984,37.05963897705078,12526700,,
2011-11-29,53.9900016784668,54.58000183105469,52.849998474121094,53.11000061035156,36.48939514160156,13534500,,
2011-11-30,54.79999923706055,55.119998931884766,54.08000183105469,54.79999923706055,37.650516510009766,18229000,,
2011-12-1,54.70000076293945,55.09000015258789,54.36000061035156,54.72999954223633,37.60240936279297,9834300,,
2011-12-2,55.400001525878906,55.70000076293945,54.290000915527344,54.34000015258789,37.33445358276367,12762900,,
2011-12-5,55.16999816894531,55.18000030517578,53.689998626708984,54.4900016784668,37.43751525878906,14662200,,
2011-12-6,54.61000061035156,55.15999984741211,54.04999923706055,54.83000183105469,37.6711311340332,10991200,,
2011-12-7,54.529998779296875,54.7400016784668,53.54999923706055,54.45000076293945,37.41004180908203,13303600,,
2011-12-8,54.04999923706055,54.9900016784668,53.880001068115234,54.06999969482422,37.14896011352539,15566800,,
2011-12-9,53.9900016784668,55.400001525878906,53.75,55.18000030517578,37.91158676147461,11624600,,
2011-12-12,54.40999984741211,54.86000061035156,54,54.779998779296875,37.63675308227539,9916800,,
2011-12-13,55.38999938964844,55.72999954223633,53.790000915527344,54.189998626708984,37.23140335083008,13936000,,
2011-12-14,54.18000030517578,54.310001373291016,52.689998626708984,53.099998474121094,36.482505798339844,12866900,,
2011-12-15,53.75,53.77000045776367,52.189998626708984,52.54999923706055,36.10463333129883,11703900,,
2011-12-16,52.900001525878906,53.83000183105469,52.41999816894531,52.61000061035156,36.145870208740234,19842900,,
2011-12-19,53,53.06999969482422,51.7599983215332,51.91999816894531,35.67179489135742,11687300,,
2011-12-20,52.869998931884766,54.34000015258789,52.790000915527344,54.11000061035156,37.176448822021484,14330300,,
2011-12-21,54.189998626708984,54.400001525878906,52.79999923706055,53.4900016784668,36.750457763671875,9900600,,
2011-12-22,53.4900016784668,54.52000045776367,53.459999084472656,54.380001068115234,37.3619499206543,8842100,,
2011-12-23,54.599998474121094,54.7400016784668,53.95000076293945,54.630001068115234,37.53369903564453,5670400,,
2011-12-27,54.29999923706055,54.9900016784668,54.0099983215332,54.869998931884766,37.69860076904297,6505300,,
2011-12-28,54.79999923706055,54.95000076293945,54.08000183105469,54.34000015258789,37.33445358276367,7060400,,
2011-12-29,54.459999084472656,54.939998626708984,54.43000030517578,54.849998474121094,37.68484878540039,5869300,,
2011-12-30,54.68000030517578,54.9900016784668,54.65999984741211,54.70000076293945,37.58180236816406,4839700,,
2012-1-3,55.880001068115234,55.97999954223633,54.66999816894531,55.27000045776367,37.973419189453125,11238300,,
2012-1-4,55.220001220703125,56.20000076293945,54.560001373291016,55.83000183105469,38.35817337036133,17589100,,
2012-1-5,55.869998931884766,56.20000076293945,55.290000915527344,56.060001373291016,38.51619338989258,11518500,,
2012-1-6,55.90999984741211,56.400001525878906,55.86000061035156,56.15999984741211,38.584903717041016,8040100,,
2012-1-9,56.13999938964844,56.36000061035156,55.43000030517578,55.90999984741211,38.41313552856445,12663500,,
2012-1-10,56.560001373291016,56.599998474121094,55.720001220703125,55.75,38.3032112121582,11673300,,
2012-1-11,55.75,56.029998779296875,55.54999923706055,55.619998931884766,38.21388244628906,7140200,,
2012-1-12,55.61000061035156,56.5099983215332,55.47999954223633,56.33000183105469,38.70170211791992,11387500,,
2012-1-13,55.939998626708984,56.72999954223633,55.91999816894531,56.540000915527344,38.84598159790039,10517600,,
2012-1-17,56.93000030517578,57.7400016784668,56.720001220703125,57.13999938964844,39.25822448730469,12411500,,
2012-1-18,57.119998931884766,57.90999984741211,56.959999084472656,57.59000015258789,39.5673828125,13313700,,
2012-1-19,57.709999084472656,58.2400016784668,57.470001220703125,58,39.84907913208008,13298900,,
2012-1-20,58.02000045776367,58.099998474121094,57.470001220703125,57.72999954223633,39.6635627746582,16538600,,
2012-1-23,57.939998626708984,58.720001220703125,57.86000061035156,58.150001525878906,39.95212936401367,13223800,,
2012-1-24,57.7599983215332,58.68000030517578,57.56999969482422,58.68000030517578,40.316280364990234,11490300,,
2012-1-25,59.119998931884766,59.5,58.529998779296875,58.9900016784668,40.529266357421875,21441100,,
2012-1-26,59.130001068115234,59.349998474121094,57.540000915527344,57.810001373291016,39.71852493286133,20419500,,
2012-1-27,57.54999923706055,58.150001525878906,57.540000915527344,57.790000915527344,39.70479965209961,10295900,,
2012-1-30,57.2400016784668,58.63999938964844,57.029998779296875,58.630001068115234,40.281917572021484,13061700,,
2012-1-31,58.95000076293945,59.349998474121094,58.599998474121094,58.81999969482422,40.41246032714844,13551300,,
2012-2-1,59.47999954223633,59.75,58.790000915527344,59.560001373291016,40.920894622802734,27741800,,
2012-2-2,61.029998779296875,61.95000076293945,60.599998474121094,60.72999954223633,41.724727630615234,34830000,,
2012-2-3,60.9900016784668,61.33000183105469,60.61000061035156,61.060001373291016,41.95145797729492,17428700,,
2012-2-6,60.81999969482422,61.119998931884766,60.540000915527344,61.06999969482422,41.95833206176758,11060800,,
2012-2-7,60.810001373291016,61.619998931884766,60.540000915527344,61.54999923706055,42.28811264038086,12395300,,
2012-2-8,61.41999816894531,61.66999816894531,60.939998626708984,61.470001220703125,42.233150482177734,11454900,,
2012-2-9,61.59000015258789,61.9900016784668,61.38999938964844,61.939998626708984,42.55606460571289,13895400,,
2012-2-10,61.43000030517578,61.79999923706055,61.2400016784668,61.72999954223633,42.41178512573242,10376500,,
2012-2-13,61.9900016784668,61.9900016784668,61.20000076293945,61.7400016784668,42.41865539550781,9318000,,
2012-2-14,61.52000045776367,61.709999084472656,61.099998474121094,61.709999084472656,42.398040771484375,8913400,,
2012-2-15,61.810001373291016,61.9900016784668,61.36000061035156,61.58000183105469,42.30872344970703,10839600,,
2012-2-16,61.790000915527344,62.400001525878906,61.560001373291016,62.27000045776367,42.78279495239258,12328800,,
2012-2-17,62.2599983215332,62.709999084472656,62,62.52000045776367,42.954559326171875,14729200,,
2012-2-21,62.65999984741211,62.93000030517578,62.349998474121094,62.779998779296875,43.13319778442383,8631500,,
2012-2-22,62.650001525878906,62.939998626708984,62.439998626708984,62.54999923706055,42.97517013549805,7782600,,
2012-2-23,62.54999923706055,63.65999984741211,62.31999969482422,63.5099983215332,43.63474655151367,12639300,,
2012-2-24,63.79999923706055,63.810001373291016,63.369998931884766,63.439998626708984,43.586647033691406,7904800,,
2012-2-27,62.900001525878906,63.61000061035156,62.75,63.310001373291016,43.49732208251953,9785200,,
2012-2-28,63.400001525878906,63.45000076293945,62.4900016784668,62.68000030517578,43.064491271972656,12045600,,
2012-2-29,62.65999984741211,62.970001220703125,62,62.18000030517578,42.868003845214844,13508600,0.215,
2012-3-1,62.209999084472656,62.88999938964844,62.150001525878906,62.61000061035156,43.16443634033203,9941100,,
2012-3-2,62.68000030517578,62.7400016784668,62.15999984741211,62.43000030517578,43.04035949707031,6715500,,
2012-3-5,62.22999954223633,62.31999969482422,61.5099983215332,62.11000061035156,42.81973648071289,9243000,,
2012-3-6,61.77000045776367,62.45000076293945,60.93000030517578,61.560001373291016,42.44057083129883,14198800,,
2012-3-7,61.810001373291016,62.95000076293945,61.4900016784668,62.720001220703125,43.24028015136719,12337300,,
2012-3-8,62.9900016784668,63.63999938964844,62.869998931884766,63.31999969482422,43.6539421081543,10566200,,
2012-3-9,63.59000015258789,64.27999877929688,63.43000030517578,63.93000030517578,44.074493408203125,12233300,,
2012-3-12,63.95000076293945,64.19000244140625,63.459999084472656,63.849998474121094,44.01932907104492,7606300,,
2012-3-13,64.16000366210938,64.88999938964844,64.1500015258789,64.8499984741211,44.7087516784668,11908300,,
2012-3-14,64.80999755859375,65.55999755859375,64.69999694824219,65.11000061035156,44.88799285888672,15126300,,
2012-3-15,65.27999877929688,65.48999786376953,64.87999725341797,65.20999908447266,44.956939697265625,10019900,,
2012-3-16,65.16999816894531,65.62000274658203,65.08000183105469,65.41000366210938,45.094825744628906,17787900,,
2012-3-19,65.83999633789062,67,65.54000091552734,66.75,46.018653869628906,14613100,,
2012-3-20,66.43000030517578,66.81999969482422,66.33000183105469,66.75,46.018653869628906,11400500,,
2012-3-21,66.8499984741211,66.9000015258789,65.9000015258789,66.43000030517578,45.79802703857422,13452600,,
2012-3-22,66.2300033569336,66.41000366210938,65.94999694824219,66.29000091552734,45.70150375366211,7652100,,
2012-3-23,66.5,66.73999786376953,65.69000244140625,66.68000030517578,45.97038650512695,9777200,,
2012-3-26,67.33999633789062,68.70999908447266,67.30000305175781,68.58999633789062,47.28716278076172,17106600,,
2012-3-27,68.58999633789062,68.87000274658203,68.33999633789062,68.48999786376953,47.218238830566406,10089300,,
2012-3-28,68.18000030517578,68.68000030517578,67.33999633789062,68.12000274658203,46.96315002441406,10022800,,
2012-3-29,67.87999725341797,67.98999786376953,67.30000305175781,67.93000030517578,46.83216094970703,8426900,,
2012-3-30,68.25,68.27999877929688,67.76000213623047,68.05999755859375,46.92176818847656,8117900,,
2012-4-2,68.25,68.83000183105469,67.5,68.31999969482422,47.10103225708008,10440400,,
2012-4-3,68.41000366210938,68.7699966430664,67.7300033569336,68.12999725341797,46.970035552978516,10812400,,
2012-4-4,67.33999633789062,67.70999908447266,66.83999633789062,67.38999938964844,46.459869384765625,10898900,,
2012-4-5,67.30999755859375,67.5999984741211,67.06999969482422,67.19000244140625,46.321990966796875,15585300,,
2012-4-9,66.12000274658203,67.7699966430664,65.58000183105469,66.5,45.84628677368164,9976300,,
2012-4-10,66.68000030517578,67.0999984741211,66.06999969482422,66.22000122070312,45.653236389160156,17300900,,
2012-4-11,66.91999816894531,67.5,66.0999984741211,66.22000122070312,45.653236389160156,11825700,,
2012-4-12,66.5199966430664,68.56999969482422,66.31999969482422,68.33000183105469,47.10792541503906,15714300,,
2012-4-13,68,68.12999725341797,66.58999633789062,66.66999816894531,45.963478088378906,15743500,,
2012-4-16,67.33999633789062,67.5,65.52999877929688,66.25,45.6739387512207,16189600,,
2012-4-17,66.7699966430664,67.87999725341797,66.43000030517578,67.2300033569336,46.34956741333008,14001700,,
2012-4-18,67.44999694824219,67.5,66.54000091552734,66.98999786376953,46.18409729003906,21913700,,
2012-4-19,63.470001220703125,64.8499984741211,62.2599983215332,62.560001373291016,43.12998580932617,41688100,,
2012-4-20,62.84000015258789,63.310001373291016,62.220001220703125,62.25,42.91625213623047,23033000,,
2012-4-23,61.81999969482422,62.040000915527344,61.36000061035156,61.560001373291016,42.44057083129883,14149300,,
2012-4-24,61.5,62.459999084472656,61.2599983215332,61.86000061035156,42.64738082885742,15974500,,
2012-4-25,63.029998779296875,63.5099983215332,62.65999984741211,63.2599983215332,43.612579345703125,16700900,,
2012-4-26,63.31999969482422,63.9900016784668,63.099998474121094,63.90999984741211,44.060691833496094,11419800,,
2012-4-27,64.37000274658203,64.48999786376953,63.91999816894531,64.18000030517578,44.2468376159668,7323100,,
2012-4-30,63.97999954223633,64.12999725341797,63.400001525878906,63.83000183105469,44.005558013916016,8570800,,
2012-5-1,63.81999969482422,64.62999725341797,63.38999938964844,63.63999938964844,43.874549865722656,10756200,,
2012-5-2,63.209999084472656,64.30000305175781,62.7599983215332,64.23999786376953,44.28818893432617,10374400,,
2012-5-3,64.4800033569336,64.72000122070312,63.459999084472656,63.54999923706055,43.81250762939453,8055800,,
2012-5-4,63.040000915527344,63.06999969482422,61.380001068115234,61.90999984741211,42.681880950927734,14060800,,
2012-5-7,61.279998779296875,62.310001373291016,61.25,61.91999816894531,42.688758850097656,8798200,,
2012-5-8,61.72999954223633,62.810001373291016,60.86000061035156,62.66999816894531,43.2058219909668,14090600,,
2012-5-9,61.95000076293945,62.900001525878906,61.810001373291016,62.0099983215332,42.750797271728516,12259900,,
2012-5-10,62.59000015258789,62.79999923706055,62.220001220703125,62.47999954223633,43.074832916259766,8300000,,
2012-5-11,62.04999923706055,63.060001373291016,61.56999969482422,61.86000061035156,42.64738082885742,9305500,,
2012-5-14,61.16999816894531,62.130001068115234,60.970001220703125,61.459999084472656,42.37161636352539,7552900,,
2012-5-15,61.54999923706055,62.5,61.27000045776367,61.439998626708984,42.35782241821289,10579300,,
2012-5-16,61.65999984741211,61.93000030517578,59.06999969482422,59.11000061035156,40.75149154663086,21045600,,
2012-5-17,59.2599983215332,59.36000061035156,56.54999923706055,57.15999984741211,39.40713119506836,24028100,,
2012-5-18,57.459999084472656,58.29999923706055,55.720001220703125,55.97999954223633,38.59360885620117,20135200,,
2012-5-21,55.849998474121094,57.58000183105469,55.849998474121094,57.220001220703125,39.44850158691406,20321700,,
2012-5-22,57.40999984741211,58.29999923706055,57.349998474121094,57.93000030517578,39.93798828125,16014200,,
2012-5-23,57.5,58.41999816894531,57.09000015258789,58.13999938964844,40.082759857177734,15300000,,
2012-5-24,58.40999984741211,58.68000030517578,56.650001525878906,57.150001525878906,39.40023422241211,13447300,,
2012-5-25,57.20000076293945,57.72999954223633,57,57.31999969482422,39.517417907714844,8024300,,
2012-5-29,57.900001525878906,58.75,57.61000061035156,58.38999938964844,40.255104064941406,10972600,,
2012-5-30,57.4900016784668,58.0099983215332,56.869998931884766,57.45000076293945,39.77737045288086,11060800,0.25,
2012-5-31,57.290000915527344,57.709999084472656,56.29999923706055,57.310001373291016,39.68044662475586,13411000,,
2012-6-1,55.970001220703125,56.40999984741211,54.849998474121094,55.119998931884766,38.16411209106445,17494600,,
2012-6-4,55.119998931884766,55.91999816894531,54.91999816894531,55.849998474121094,38.669551849365234,12294600,,
2012-6-5,55.540000915527344,57.29999923706055,55.45000076293945,57.18000030517578,39.590415954589844,11730700,,
2012-6-6,57.400001525878906,58.560001373291016,57.25,58.400001525878906,40.43512725830078,12956000,,
2012-6-7,59.13999938964844,59.5,57.83000183105469,58,40.15818405151367,9156700,,
2012-6-8,57.93000030517578,58.91999816894531,57.540000915527344,58.7599983215332,40.68437957763672,8861500,,
2012-6-11,58.970001220703125,59.290000915527344,57.66999816894531,57.790000915527344,40.012786865234375,12484000,,
2012-6-12,57.95000076293945,59.45000076293945,57.599998474121094,59.400001525878906,41.12751007080078,14961900,,
2012-6-13,59.349998474121094,59.689998626708984,58.66999816894531,58.939998626708984,40.80902099609375,7527900,,
2012-6-14,58.88999938964844,58.88999938964844,56.0099983215332,56.790000915527344,39.320396423339844,27236900,,
2012-6-15,56.38999938964844,57.15999984741211,55.619998931884766,56.5,39.11960220336914,30969900,,
2012-6-18,56.119998931884766,57.29999923706055,55.79999923706055,56.77000045776367,39.30654525756836,12788200,,
2012-6-19,56.77000045776367,57.31999969482422,56.66999816894531,57.02000045776367,39.47964859008789,10031500,,
2012-6-20,57.18000030517578,57.68000030517578,56.65999984741211,57,39.46580123901367,13417100,,
2012-6-21,57.16999816894531,57.349998474121094,55.040000915527344,55.130001068115234,38.171043395996094,15252300,,
2012-6-22,55.27000045776367,55.939998626708984,55.13999938964844,55.63999938964844,38.524166107177734,13144700,,
2012-6-25,55.130001068115234,55.369998931884766,53.45000076293945,53.560001373291016,37.0839958190918,18901100,,
2012-6-26,53.77000045776367,54.4900016784668,53.40999984741211,53.91999816894531,37.33325958251953,14081800,,
2012-6-27,53.900001525878906,55.439998626708984,53.84000015258789,54.90999984741211,38.01872253417969,11946400,,
2012-6-28,54.58000183105469,55.20000076293945,53.77000045776367,54.29999923706055,37.59635925292969,13326100,,
2012-6-29,55.709999084472656,55.95000076293945,54.470001220703125,55.68000030517578,38.551841735839844,13548300,,
2012-7-2,55.650001525878906,55.86000061035156,54.869998931884766,55.66999816894531,38.54491424560547,9894500,,
2012-7-3,55.91999816894531,56.540000915527344,55.75,56.2599983215332,38.95343017578125,7578700,,
2012-7-5,56.27000045776367,56.68000030517578,55.77000045776367,56.25,38.94650650024414,10344500,,
2012-7-6,55.869998931884766,56.22999954223633,54.83000183105469,55.310001373291016,38.29566955566406,8514400,,
2012-7-9,55.38999938964844,56,54.93000030517578,55.31999969482422,38.302589416503906,7805700,,
2012-7-10,55.4900016784668,55.86000061035156,54.79999923706055,55.16999816894531,38.198734283447266,10072300,,
2012-7-11,54.970001220703125,55.150001525878906,53.619998931884766,54.369998931884766,37.644832611083984,14663200,,
2012-7-12,53.84000015258789,54.38999938964844,53.11000061035156,53.72999954223633,37.20171356201172,11685300,,
2012-7-13,53.63999938964844,55.189998626708984,53.619998931884766,54.97999954223633,38.06718444824219,10125400,,
2012-7-16,55.2599983215332,55.33000183105469,53.959999084472656,54.36000061035156,37.637908935546875,11611400,,
2012-7-17,54.599998474121094,55.33000183105469,53.09000015258789,54.459999084472656,37.70714569091797,15934200,,
2012-7-18,54.560001373291016,56.63999938964844,54.54999923706055,56.04999923706055,38.80802917480469,21808000,,
2012-7-19,58.849998474121094,58.88999938964844,57.4900016784668,58.439998626708984,40.46282196044922,26039100,,
2012-7-20,58.189998626708984,58.59000015258789,57.630001068115234,57.68000030517578,39.936614990234375,12627500,,
2012-7-23,56.529998779296875,57.65999984741211,56.06999969482422,57.31999969482422,39.687347412109375,11996000,,
2012-7-24,57.43000030517578,57.4900016784668,56.29999923706055,56.790000915527344,39.320396423339844,8767200,,
2012-7-25,56.689998626708984,57.709999084472656,56.400001525878906,57.279998779296875,39.65965270996094,10990200,,
2012-7-26,58.040000915527344,58.77000045776367,57.7400016784668,58.209999084472656,40.3035774230957,10885800,,
2012-7-27,58.81999969482422,59.529998779296875,58.310001373291016,59.34000015258789,41.085960388183594,12054200,,
2012-7-30,59.22999954223633,59.86000061035156,58.959999084472656,59.150001525878906,40.95441436767578,7936700,,
2012-7-31,59.189998626708984,60.189998626708984,59.150001525878906,59.68000030517578,41.321380615234375,12198300,,
2012-8-1,60.09000015258789,60.16999816894531,59.060001373291016,59.52000045776367,41.21059799194336,8362600,,
2012-8-2,58.7400016784668,59.70000076293945,58.15999984741211,58.880001068115234,40.76747512817383,9858200,,
2012-8-3,59.91999816894531,60.349998474121094,59.310001373291016,60.2400016784668,41.70912170410156,9843000,,
2012-8-6,60.40999984741211,60.5,60.0099983215332,60.130001068115234,41.632957458496094,7178400,,
2012-8-7,60.33000183105469,61.400001525878906,60.2400016784668,61.34000015258789,42.47074890136719,10143300,,
2012-8-8,61.2400016784668,61.54999923706055,60.97999954223633,61.45000076293945,42.546905517578125,6544000,,
2012-8-9,61.529998779296875,62,61.27000045776367,62,42.927703857421875,7022400,,
2012-8-10,61.709999084472656,62.04999923706055,61.36000061035156,61.97999954223633,42.91385269165039,5528500,,
2012-8-13,61.630001068115234,62.189998626708984,61.439998626708984,62.099998474121094,42.996944427490234,10550300,,
2012-8-14,62.40999984741211,63.09000015258789,62.15999984741211,62.38999938964844,43.19773864746094,10231100,,
2012-8-15,62.209999084472656,62.790000915527344,61.90999984741211,62.52000045776367,43.287750244140625,7968200,,
2012-8-16,62.70000076293945,63,62.5099983215332,62.56999969482422,43.32235336303711,9448300,,
2012-8-17,62.900001525878906,63.34000015258789,62.54999923706055,63.290000915527344,43.82088088989258,13204000,,
2012-8-20,63.099998474121094,63.290000915527344,62.349998474121094,62.79999923706055,43.48162078857422,7624000,,
2012-8-21,62.79999923706055,63.290000915527344,61.59000015258789,62.08000183105469,42.98309326171875,12461300,,
2012-8-22,62.150001525878906,62.470001220703125,61.650001525878906,62.16999816894531,43.04541015625,7209900,,
2012-8-23,62.040000915527344,62.33000183105469,61.75,62.040000915527344,42.95540237426758,5463600,,
2012-8-24,61.97999954223633,62.619998931884766,61.75,62.43000030517578,43.225433349609375,6402100,,
2012-8-27,62.540000915527344,62.61000061035156,62.029998779296875,62.369998931884766,43.18387985229492,5579600,,
2012-8-28,62.220001220703125,62.54999923706055,61.869998931884766,62.0099983215332,42.93463134765625,7113600,,
2012-8-29,61.97999954223633,62.459999084472656,61.779998779296875,62.11000061035156,43.00386047363281,7550600,,
2012-8-30,61.63999938964844,61.970001220703125,61.06999969482422,61.20000076293945,42.37378692626953,7724400,,
2012-8-31,61.59000015258789,61.70000076293945,60.779998779296875,61.459999084472656,42.55382537841797,9017800,,
2012-9-4,61.20000076293945,61.400001525878906,60.41999816894531,60.810001373291016,42.1037712097168,9460200,,
2012-9-5,60.70000076293945,60.880001068115234,60.279998779296875,60.68000030517578,42.18720245361328,7637100,0.25,
2012-9-6,61.29999923706055,62.66999816894531,61.20000076293945,62.619998931884766,43.535953521728516,11152700,,
2012-9-7,62.5,62.959999084472656,61.880001068115234,61.93000030517578,43.0562629699707,11786200,,
2012-9-10,61.9900016784668,62.66999816894531,61.13999938964844,61.290000915527344,42.611297607421875,12110300,,
2012-9-11,61.310001373291016,62.15999984741211,61.29999923706055,61.849998474121094,43.0006217956543,9352200,,
2012-9-12,62.29999923706055,62.630001068115234,61.970001220703125,62.439998626708984,43.41082000732422,8675400,,
2012-9-13,62.58000183105469,64.25,62.5,63.849998474121094,44.3911018371582,13965900,,
2012-9-14,64.16999816894531,65.27999877929688,64.06999969482422,64.87999725341797,45.10721206665039,15970700,,
2012-9-17,65.04000091552734,65.05000305175781,64.43000030517578,64.80999755859375,45.058555603027344,10085900,,
2012-9-18,64.61000061035156,65.3499984741211,64.5,65.08000183105469,45.246273040771484,8571000,,
2012-9-19,65.04000091552734,65.44999694824219,64.51000213623047,65.08000183105469,45.246273040771484,10002100,,
2012-9-20,64.6500015258789,64.76000213623047,63.189998626708984,64.3499984741211,44.738731384277344,13921400,,
2012-9-21,64.79000091552734,64.95999908447266,64.2300033569336,64.2699966430664,44.6831169128418,18609400,,
2012-9-24,63.5,63.900001525878906,63.040000915527344,63.66999816894531,44.265968322753906,11306100,,
2012-9-25,64.01000213623047,64.36000061035156,62.68000030517578,62.72999954223633,43.6124382019043,13227400,,
2012-9-26,62.650001525878906,63.34000015258789,62.06999969482422,62.31999969482422,43.327392578125,10807500,,
2012-9-27,62.52000045776367,63.70000076293945,62.38999938964844,63.4900016784668,44.14082717895508,8481900,,
2012-9-28,63.060001373291016,63.220001220703125,62.27000045776367,62.470001220703125,43.43167495727539,9603100,,
2012-10-1,62.72999954223633,62.790000915527344,61.529998779296875,61.90999984741211,43.0423583984375,10629900,,
2012-10-2,62.130001068115234,62.310001373291016,61.52000045776367,61.790000915527344,42.95891571044922,8103700,,
2012-10-3,62.150001525878906,62.369998931884766,61.630001068115234,62.06999969482422,43.15359115600586,7533700,,
2012-10-4,62.150001525878906,62.779998779296875,61.66999816894531,62.650001525878906,43.556827545166016,7068600,,
2012-10-5,63.040000915527344,63.75,62.41999816894531,62.63999938964844,43.54987335205078,10025500,,
2012-10-8,62.04999923706055,62.31999969482422,61.380001068115234,61.400001525878906,42.68777847290039,9243200,,
2012-10-9,61.279998779296875,61.650001525878906,60.290000915527344,60.38999938964844,41.985572814941406,12914100,,
2012-10-10,60.20000076293945,60.27000045776367,59.650001525878906,59.779998779296875,41.56148910522461,11534500,,
2012-10-11,60.45000076293945,60.5099983215332,59.15999984741211,59.209999084472656,41.165199279785156,8893100,,
2012-10-12,59.20000076293945,59.22999954223633,58.099998474121094,58.88999938964844,40.94272232055664,14967800,,
2012-10-15,59.22999954223633,59.470001220703125,58.2400016784668,59.290000915527344,41.2208251953125,13527900,,
2012-10-16,59.4900016784668,60.45000076293945,59.20000076293945,60.36000061035156,41.964717864990234,10443200,,
2012-10-17,59.880001068115234,61.2599983215332,59.880001068115234,60.97999954223633,42.3957633972168,11048200,,
2012-10-18,61.029998779296875,61.040000915527344,59.61000061035156,59.959999084472656,41.68662643432617,15806600,,
2012-10-19,59.9900016784668,59.9900016784668,58.5,58.75,40.84538650512695,14977800,,
2012-10-22,58.5,58.779998779296875,58.029998779296875,58.68000030517578,40.796714782714844,10730700,,
2012-10-23,58.09000015258789,58.689998626708984,57.66999816894531,58.310001373291016,40.53947067260742,9623200,,
2012-10-24,58.81999969482422,58.939998626708984,57.470001220703125,57.630001068115234,40.066715240478516,11584500,,
2012-10-25,57.9900016784668,58.209999084472656,57.290000915527344,57.43000030517578,39.92765426635742,8927700,,
2012-10-26,57.79999923706055,59.209999084472656,57.70000076293945,59.040000915527344,41.0469970703125,13502400,,
2012-10-31,59.150001525878906,59.47999954223633,58.31999969482422,58.61000061035156,40.748050689697266,10695100,,
2012-11-1,58.709999084472656,59.869998931884766,58.52000045776367,59.72999954223633,41.5267219543457,9562000,,
2012-11-2,60,60.099998474121094,59.220001220703125,59.29999923706055,41.2277717590332,7999300,,
2012-11-5,60.13999938964844,60.54999923706055,59.79999923706055,60.43000030517578,42.01337814331055,10384000,,
2012-11-6,60.54999923706055,60.720001220703125,60.0099983215332,60.369998931884766,41.971675872802734,9513000,,
2012-11-7,59.400001525878906,59.709999084472656,58.11000061035156,58.119998931884766,40.40739822387695,22730600,,
2012-11-8,62.7599983215332,62.79999923706055,60.380001068115234,60.66999816894531,42.18023681640625,32220300,,
2012-11-9,61.119998931884766,62.2400016784668,61.040000915527344,61.619998931884766,42.84072494506836,17209200,,
2012-11-12,61.84000015258789,62.119998931884766,61.150001525878906,61.619998931884766,42.84072494506836,8222800,,
2012-11-13,61.34000015258789,62.7599983215332,61.20000076293945,62.130001068115234,43.19529342651367,13091200,,
2012-11-14,62.33000183105469,62.56999969482422,61.52000045776367,61.72999954223633,42.917213439941406,15412500,,
2012-11-15,61.63999938964844,62.290000915527344,60.84000015258789,61.279998779296875,42.604347229003906,14634500,,
2012-11-16,61.380001068115234,62.029998779296875,60.75,61.93000030517578,43.0562629699707,15580300,,
2012-11-19,62.5,62.54999923706055,62.04999923706055,62.09000015258789,43.16748046875,12168800,,
2012-11-20,61.95000076293945,62.33000183105469,61.380001068115234,62.13999938964844,43.20225524902344,9751700,,
2012-11-21,62.16999816894531,62.54999923706055,61.880001068115234,62.13999938964844,43.20225524902344,7841800,,
2012-11-23,62.349998474121094,63.15999984741211,62.20000076293945,63.130001068115234,43.890560150146484,4803200,,
2012-11-26,62.75,63.040000915527344,62.040000915527344,62.4900016784668,43.44558334350586,11120000,,
2012-11-27,62.61000061035156,62.720001220703125,61.93000030517578,62.2599983215332,43.28568649291992,9150100,,
2012-11-28,61.86000061035156,62.68000030517578,61.66999816894531,62.650001525878906,43.556827545166016,9932500,,
2012-11-29,63.04999923706055,63.68000030517578,62.880001068115234,63.349998474121094,44.043495178222656,11977500,,
2012-11-30,63.619998931884766,63.810001373291016,63.15999984741211,63.619998931884766,44.23121643066406,13017300,,
2012-12-3,63.90999984741211,63.95000076293945,63.2400016784668,63.369998931884766,44.057403564453125,8558400,,
2012-12-4,63.439998626708984,63.58000183105469,63,63.470001220703125,44.12691116333008,10194200,,
2012-12-5,63.09000015258789,63.97999954223633,62.970001220703125,63.630001068115234,44.4130973815918,11632000,0.25,
2012-12-6,63.599998474121094,64.19999694824219,63.400001525878906,64.19999694824219,44.81093978881836,8947000,,
2012-12-7,64.31999969482422,64.4000015258789,63.47999954223633,63.86000061035156,44.573631286621094,9271900,,
2012-12-10,63.79999923706055,64.23999786376953,63.66999816894531,63.93000030517578,44.622493743896484,7277600,,
2012-12-11,64.16999816894531,64.66999816894531,64.08999633789062,64.3499984741211,44.9156494140625,9745700,,
2012-12-12,64.51000213623047,64.72000122070312,63.33000183105469,63.4900016784668,44.31538009643555,11690000,,
2012-12-13,63.06999969482422,64.01000213623047,62.5,62.7599983215332,43.80585479736328,12997200,,
2012-12-14,61.58000183105469,61.970001220703125,59.439998626708984,59.83000183105469,41.760738372802734,37041800,,
2012-12-17,60.209999084472656,62.060001373291016,59.900001525878906,62.040000915527344,43.30329513549805,20747200,,
2012-12-18,62.400001525878906,63.45000076293945,62.150001525878906,63.36000061035156,44.224639892578125,12934000,,
2012-12-19,63.310001373291016,63.540000915527344,62.529998779296875,62.54999923706055,43.65926742553711,14141800,,
2012-12-20,62.93000030517578,63.15999984741211,62.529998779296875,62.86000061035156,43.87563705444336,10469400,,
2012-12-21,61.5099983215332,62.5099983215332,61.36000061035156,61.61000061035156,43.00314712524414,20090400,,
2012-12-24,61.5,61.95000076293945,61.400001525878906,61.900001525878906,43.20558547973633,5774900,,
2012-12-26,61.880001068115234,62.2599983215332,61.29999923706055,61.59000015258789,42.98918914794922,7072600,,
2012-12-27,61.56999969482422,61.75,60.720001220703125,61.5099983215332,42.93335723876953,8218400,,
2012-12-28,61.150001525878906,61.599998474121094,60.54999923706055,60.63999938964844,42.32610321044922,7946400,,
2012-12-31,60.52000045776367,62.25,60.220001220703125,61.86000061035156,43.17765426635742,15214600,,
2013-1-2,63.58000183105469,64.75,63.540000915527344,64.75,45.194854736328125,17582200,,
2013-1-3,64.81999969482422,65.19000244140625,64.08999633789062,64.44999694824219,44.985450744628906,14118200,,
2013-1-4,64.0999984741211,64.3499984741211,63.220001220703125,63.5,44.32237243652344,13918300,,
2013-1-7,63.349998474121094,64.23999786376953,63.15999984741211,64.01000213623047,44.67832946777344,10310100,,
2013-1-8,64.55999755859375,64.63999938964844,63.599998474121094,63.90999984741211,44.608524322509766,12856700,,
2013-1-9,64.3499984741211,64.95999908447266,64.2699966430664,64.87999725341797,45.28558349609375,12374300,,
2013-1-10,65.47000122070312,65.52999877929688,64.38999938964844,64.77999877929688,45.21577453613281,13114000,,
2013-1-11,64.77999877929688,65,64.33000183105469,64.9000015258789,45.299537658691406,6759000,,
2013-1-14,64.29000091552734,64.66999816894531,63.7599983215332,64.23999786376953,44.838871002197266,12726100,,
2013-1-15,63.75,64.47000122070312,63.52000045776367,64.44000244140625,44.97847366333008,6391800,,
2013-1-16,64.54000091552734,65.04000091552734,64.2699966430664,64.79000091552734,45.22277069091797,10131800,,
2013-1-17,64.91999816894531,65.31999969482422,64.80000305175781,65.13999938964844,45.46705627441406,7733500,,
2013-1-18,64.7300033569336,65.06999969482422,64.45999908447266,64.68000030517578,45.145992279052734,12459700,,
2013-1-22,64.7300033569336,64.87999725341797,64.05999755859375,64.68000030517578,45.145992279052734,8341000,,
2013-1-23,64.9000015258789,65.30000305175781,64.66000366210938,64.88999938964844,45.29255294799805,9241500,,
2013-1-24,63.95000076293945,64.94999694824219,63.849998474121094,64.4000015258789,44.9505615234375,12751400,,
2013-1-25,64.18000030517578,64.5199966430664,63.369998931884766,63.65999984741211,44.43402862548828,15995900,,
2013-1-28,63.470001220703125,64.04000091552734,63.459999084472656,63.66999816894531,44.44101333618164,12237400,,
2013-1-29,63.619998931884766,63.959999084472656,62.33000183105469,63.45000076293945,44.28746032714844,12087400,,
2013-1-30,63.650001525878906,64.12000274658203,63.25,63.529998779296875,44.34329605102539,19181200,,
2013-1-31,67.08999633789062,67.44000244140625,65.95999908447266,66.0199966430664,46.081295013427734,27660800,,
2013-2-1,66.4000015258789,66.80000305175781,65.62999725341797,66.7300033569336,46.57685089111328,14841200,,
2013-2-4,66.25,67.0999984741211,65.36000061035156,65.63999938964844,45.81605529785156,14311500,,
2013-2-5,66.18000030517578,67.1500015258789,65.87999725341797,66.94999694824219,46.73041915893555,12356800,,
2013-2-6,66.5199966430664,67.19999694824219,66.47000122070312,67.18000030517578,46.890968322753906,11195700,,
2013-2-7,67.12000274658203,67.33000183105469,66.0199966430664,66.54000091552734,46.44425964355469,11521200,,
2013-2-8,66.9000015258789,67.44999694824219,66.31999969482422,66.94999694824219,46.73041915893555,7396300,,
2013-2-11,67,67.30999755859375,66.75,67.18000030517578,46.890968322753906,6653800,,
2013-2-12,66.36000061035156,66.41999816894531,65.52999877929688,65.88999938964844,45.990562438964844,16455700,,
2013-2-13,66.19999694824219,66.23999786376953,65.19999694824219,65.44999694824219,45.68342208862305,8951700,,
2013-2-14,65.12000274658203,65.69999694824219,65.02999877929688,65.52999877929688,45.73927688598633,13771100,,
2013-2-15,65.70999908447266,66.25,65.11000061035156,65.43000030517578,45.66948699951172,11356700,,
2013-2-19,65.75,65.87999725341797,65.30999755859375,65.66999816894531,45.837013244628906,7488500,,
2013-2-20,66.01000213623047,66.05999755859375,64.48999786376953,65.2699966430664,45.557804107666016,12388400,,
2013-2-21,65.19999694824219,65.43000030517578,64.31999969482422,64.81999969482422,45.24370574951172,11749500,,
2013-2-22,65.20999908447266,65.7699966430664,64.66999816894531,64.94000244140625,45.32745361328125,7070300,,
2013-2-25,65.38999938964844,67.44999694824219,64.80000305175781,64.80000305175781,45.22975158691406,13078300,,
2013-2-26,64.97000122070312,65.54000091552734,64.97000122070312,65.2699966430664,45.557804107666016,10027200,,
2013-2-27,65.23999786376953,66.1500015258789,65,65.63999938964844,45.81605529785156,8976900,,
2013-2-28,65.81999969482422,66.22000122070312,65.61000061035156,65.63999938964844,45.81605529785156,9596300,,
2013-3-1,65.33999633789062,66.6500015258789,65.16000366210938,66.30000305175781,46.27674102783203,11186800,,
2013-3-4,66.05000305175781,66.6500015258789,65.86000061035156,66.62999725341797,46.50707244873047,7969900,,
2013-3-5,67.5199966430664,68.5,67.51000213623047,67.97000122070312,47.44237518310547,16205100,,
2013-3-6,67.4800033569336,67.5199966430664,66.22000122070312,66.66999816894531,46.7067756652832,16966700,0.25,
2013-3-7,66.97000122070312,67.0999984741211,66.4000015258789,66.79000091552734,46.79085159301758,9305400,,
2013-3-8,67.33000183105469,67.91999816894531,66.5,66.6500015258789,46.69276809692383,8590100,,
2013-3-11,66.7300033569336,66.93000030517578,66.30999755859375,66.69999694824219,46.72781753540039,6559800,,
2013-3-12,66.70999908447266,67.08999633789062,66.37000274658203,67.04000091552734,46.96599197387695,9115600,,
2013-3-13,67.01000213623047,67.5,66.66000366210938,66.75,46.762821197509766,9621500,,
2013-3-14,67,67.05999755859375,66.36000061035156,66.56999969482422,46.636722564697266,9262200,,
2013-3-15,66.41999816894531,66.58000183105469,64.73999786376953,64.97000122070312,45.515811920166016,26182100,,
2013-3-18,64.41000366210938,64.80000305175781,63.400001525878906,64.55999755859375,45.228580474853516,14183900,,
2013-3-19,64.69000244140625,65,63.90999984741211,64.72000122070312,45.340675354003906,10231800,,
2013-3-20,65.41000366210938,66.0999984741211,64.73999786376953,65.73999786376953,46.05524444580078,12407900,,
2013-3-21,65.69999694824219,66.12000274658203,65.05999755859375,65.3499984741211,45.78203201293945,9215100,,
2013-3-22,65.69000244140625,66.05000305175781,65.5999984741211,65.91999816894531,46.18136215209961,8231600,,
2013-3-25,66.19000244140625,66.19000244140625,65.27999877929688,65.66999816894531,46.0062255859375,9045800,,
2013-3-26,65.98999786376953,66.69000244140625,65.87000274658203,66.62000274658203,46.671749114990234,9802400,,
2013-3-27,66.16999816894531,66.73999786376953,65.76000213623047,66.68000030517578,46.713775634765625,6659800,,
2013-3-28,66.63999938964844,67,66.52999877929688,66.94000244140625,46.895931243896484,7899200,,
2013-4-1,66.69999694824219,66.83999633789062,65.61000061035156,66,46.23740768432617,8706400,,
2013-4-2,66.5,66.70999908447266,65.9000015258789,66.25,46.41253662109375,9208000,,
2013-4-3,66.5,66.6500015258789,65.94000244140625,65.97000122070312,46.216365814208984,10656000,,
2013-4-4,65.9800033569336,66.30000305175781,65.33999633789062,65.80999755859375,46.10429000854492,7932700,,
2013-4-5,64.66999816894531,65.25,64.55000305175781,65.16000366210938,45.64892578125,10245000,,
2013-4-8,65.13999938964844,65.86000061035156,65.08999633789062,65.86000061035156,46.13932418823242,5605800,,
2013-4-9,66,66.19999694824219,65.31999969482422,65.95999908447266,46.2093620300293,12057800,,
2013-4-10,66.27999877929688,67.6500015258789,66.19000244140625,67.29000091552734,47.14112854003906,11095100,,
2013-4-11,67.23999786376953,67.5999984741211,66.62000274658203,67.02999877929688,46.958980560302734,11181700,,
2013-4-12,67.0199966430664,67.06999969482422,66.08999633789062,66.68000030517578,46.713775634765625,10766100,,
2013-4-15,66.2300033569336,66.66999816894531,65.43000030517578,65.48999786376953,45.88009262084961,9738200,,
2013-4-16,65.77999877929688,66.18000030517578,65.37999725341797,65.80999755859375,46.10429000854492,10073000,,
2013-4-17,65.08000183105469,65.18000030517578,64.01000213623047,64.2300033569336,44.99740219116211,14208300,,
2013-4-18,64.98999786376953,65.58999633789062,63.25,63.63999938964844,44.58405685424805,15041400,,
2013-4-19,63.619998931884766,64.12000274658203,63.029998779296875,63.93000030517578,44.787227630615234,12205100,,
2013-4-22,64.08999633789062,64.58999633789062,63.58000183105469,64.58000183105469,45.242591857910156,11160200,,
2013-4-23,64.94999694824219,65.48999786376953,64.61000061035156,65.3499984741211,45.78203201293945,9919900,,
2013-4-24,66,66.55999755859375,65.80999755859375,66,46.23740768432617,17846000,,
2013-4-25,62.810001373291016,63.04999923706055,61.790000915527344,62.439998626708984,43.74337387084961,56907000,,
2013-4-26,62.5099983215332,62.68000030517578,61.470001220703125,61.52000045776367,43.0988655090332,28621800,,
2013-4-29,61.79999923706055,62.11000061035156,61.52000045776367,61.61000061035156,43.161903381347656,22797600,,
2013-4-30,61.599998474121094,62.119998931884766,61.25,61.599998474121094,43.15489959716797,21041900,,
2013-5-1,61.43000030517578,62.06999969482422,61.43000030517578,61.91999816894531,43.37908172607422,14881300,,
2013-5-2,62.13999938964844,63.0099983215332,61.93000030517578,62.88999938964844,44.058650970458984,15142600,,
2013-5-3,63.52000045776367,63.849998474121094,63.310001373291016,63.77000045776367,44.675132751464844,10548800,,
2013-5-6,63.81999969482422,64.31999969482422,63.7400016784668,63.86000061035156,44.738182067871094,10558100,,
2013-5-7,63.810001373291016,64.22000122070312,63.529998779296875,63.970001220703125,44.81523895263672,9762800,,
2013-5-8,63.900001525878906,64.5,63.900001525878906,64.12000274658203,44.92033767700195,11134400,,
2013-5-9,64.20999908447266,64.5,63.93000030517578,64.11000061035156,44.91333770751953,9502100,,
2013-5-10,64.01000213623047,64.63999938964844,64.01000213623047,64.63999938964844,45.28463363647461,9430400,,
2013-5-13,64.33999633789062,65.06999969482422,64.18000030517578,64.81999969482422,45.410728454589844,9940700,,
2013-5-14,65.01000213623047,65.31999969482422,64.73999786376953,65.31999969482422,45.761016845703125,8986200,,
2013-5-15,65.33000183105469,65.5999984741211,65.04000091552734,65.54000091552734,45.91514587402344,10591200,,
2013-5-16,65.43000030517578,66.19999694824219,65.36000061035156,65.63999938964844,45.98519515991211,11532100,,
2013-5-17,66.22000122070312,66.66999816894531,65.56999969482422,66.61000061035156,46.66474533081055,11528400,,
2013-5-20,66.30000305175781,66.5999984741211,66.01000213623047,66.0999984741211,46.30745315551758,10222500,,
2013-5-21,65.68000030517578,66.20999908447266,65.5999984741211,65.76000213623047,46.06925964355469,11231000,,
2013-5-22,65.62999725341797,66.1500015258789,64.87999725341797,65.2300033569336,45.69796371459961,13391500,,
2013-5-23,64.58999633789062,64.93000030517578,63.630001068115234,63.90999984741211,44.7732048034668,19154200,,
2013-5-24,63.70000076293945,64.3499984741211,63.5099983215332,64.26000213623047,45.01841735839844,10522400,,
2013-5-28,64.63999938964844,64.87999725341797,64.0199966430664,64.06999969482422,44.88528823852539,10913300,,
2013-5-29,63.779998779296875,64.30000305175781,63.5,64.11000061035156,44.91333770751953,13122300,,
2013-5-30,64.12999725341797,64.76000213623047,64.02999877929688,64.18000030517578,44.96236038208008,10866800,,
2013-5-31,63.900001525878906,64.58000183105469,63.47999954223633,63.47999954223633,44.471961975097656,12413500,,
2013-6-3,63.369998931884766,63.66999816894531,62.689998626708984,63.22999954223633,44.542423248291016,13371100,0.35,
2013-6-4,63.43000030517578,64.04000091552734,63.20000076293945,63.709999084472656,44.88055419921875,14394800,,
2013-6-5,63.650001525878906,63.650001525878906,62.68000030517578,63.150001525878906,44.48604965209961,10345000,,
2013-6-6,63.34000015258789,63.81999969482422,62.529998779296875,62.970001220703125,44.3592643737793,10775900,,
2013-6-7,62.900001525878906,63.11000061035156,61.41999816894531,62.099998474121094,43.74638748168945,29483700,,
2013-6-10,62.11000061035156,62.20000076293945,61.66999816894531,62.029998779296875,43.69708251953125,11084000,,
2013-6-11,61.470001220703125,62.04999923706055,61.150001525878906,61.65999984741211,43.43642807006836,11794100,,
2013-6-12,61.970001220703125,61.970001220703125,61.0099983215332,61.11000061035156,43.048980712890625,14631700,,
2013-6-13,61.220001220703125,62.119998931884766,60.75,61.959999084472656,43.64775466918945,11578600,,
2013-6-14,61.790000915527344,61.93000030517578,61.34000015258789,61.380001068115234,43.23918533325195,9871600,,
2013-6-17,61.61000061035156,62.349998474121094,61.4900016784668,62.06999969482422,43.72526168823242,13528500,,
2013-6-18,62.290000915527344,62.72999954223633,62.0099983215332,62.380001068115234,43.94363784790039,11624400,,
2013-6-19,62.630001068115234,62.79999923706055,61.83000183105469,61.90999984741211,43.612552642822266,11231900,,
2013-6-20,61.400001525878906,61.86000061035156,60.66999816894531,60.91999816894531,42.91514205932617,14425500,,
2013-6-21,60.93000030517578,61.04999923706055,60.220001220703125,60.66999816894531,42.739009857177734,25052800,,
2013-6-24,60,60.209999084472656,59.459999084472656,59.880001068115234,42.18251037597656,17769700,,
2013-6-25,60.41999816894531,62.380001068115234,60.369998931884766,61.810001373291016,43.542091369628906,21204900,,
2013-6-26,62.560001373291016,62.91999816894531,61.16999816894531,61.27000045776367,43.16169738769531,22000700,,
2013-6-27,61.630001068115234,61.77000045776367,60.65999984741211,61.08000183105469,43.02783966064453,14249000,,
2013-6-28,60.63999938964844,61.630001068115234,60.54999923706055,61.09000015258789,43.034881591796875,13533100,,
2013-7-1,61.4900016784668,61.61000061035156,60.900001525878906,60.959999084472656,42.94331741333008,7457400,,
2013-7-2,60.7400016784668,61.2400016784668,60.630001068115234,60.91999816894531,42.91514205932617,7922200,,
2013-7-3,60.7400016784668,61.34000015258789,60.65999984741211,60.90999984741211,42.9080810546875,4380100,,
2013-7-5,60.75,60.959999084472656,60.27000045776367,60.95000076293945,42.93626403808594,11158000,,
2013-7-8,60.75,60.939998626708984,59.83000183105469,59.9900016784668,42.2599983215332,17681600,,
2013-7-9,60.150001525878906,60.34000015258789,59.02000045776367,59.38999938964844,41.83732604980469,24848100,,
2013-7-10,59.22999954223633,60.650001525878906,59.20000076293945,60.439998626708984,42.57700729370117,19127100,,
2013-7-11,61.150001525878906,61.369998931884766,60.810001373291016,61.29999923706055,43.18282699584961,13293700,,
2013-7-12,61.349998474121094,62.02000045776367,61.290000915527344,62.02000045776367,43.69002151489258,11053300,,
2013-7-15,61.38999938964844,61.65999984741211,60.849998474121094,61.279998779296875,43.16873550415039,14772100,,
2013-7-16,61.4900016784668,61.880001068115234,61.20000076293945,61.849998474121094,43.57027816772461,13334400,,
2013-7-17,62.04999923706055,62.65999984741211,61.560001373291016,62.650001525878906,44.13382339477539,12761700,,
2013-7-18,61.939998626708984,62.02000045776367,60.81999969482422,61.119998931884766,43.056026458740234,23681900,,
2013-7-19,61.220001220703125,61.56999969482422,61.09000015258789,61.459999084472656,43.2955322265625,14614700,,
2013-7-22,61.68000030517578,62.209999084472656,61.4900016784668,62.209999084472656,43.82387161254883,12712900,,
2013-7-23,62.27000045776367,62.75,62.209999084472656,62.29999923706055,43.88728713989258,9017900,,
2013-7-24,62.88999938964844,62.959999084472656,61.189998626708984,61.38999938964844,43.246219635009766,20129500,,
2013-7-25,63.4900016784668,64.44999694824219,62.88999938964844,63.41999816894531,44.676273345947266,24796700,,
2013-7-26,62.91999816894531,64.80000305175781,62.83000183105469,64.61000061035156,45.51456069946289,18064400,,
2013-7-29,64.47000122070312,64.9000015258789,64.16999816894531,64.23999786376953,45.253910064697266,9304700,,
2013-7-30,64.72000122070312,65.19000244140625,64.38999938964844,64.51000213623047,45.44411849975586,11528900,,
2013-7-31,64.5999984741211,64.94999694824219,64.4000015258789,64.55999755859375,45.47932815551758,12417500,,
2013-8-1,64.77999877929688,65.4800033569336,64.30999755859375,65.2699966430664,45.979488372802734,11595600,,
2013-8-2,64.88999938964844,66.76000213623047,64.88999938964844,66.75,47.02208709716797,19320500,,
2013-8-5,65.41000366210938,66.38999938964844,65.33000183105469,66.25,46.66984939575195,13249800,,
2013-8-6,66.18000030517578,66.30000305175781,65.52999877929688,65.58999633789062,46.20491027832031,7952400,,
2013-8-7,65.2699966430664,65.83999633789062,65,65.20999908447266,45.93722915649414,9489900,,
2013-8-8,65.58999633789062,66.63999938964844,65.36000061035156,66.3499984741211,46.740299224853516,12876400,,
2013-8-9,66.33999633789062,66.55000305175781,66.04000091552734,66.2699966430664,46.68394088745117,7891400,,
2013-8-12,65.88999938964844,66.62000274658203,65.80000305175781,66.45999908447266,46.81778335571289,7244700,,
2013-8-13,66.7300033569336,67.44999694824219,66.52999877929688,67.25,47.374305725097656,12605200,,
2013-8-14,67.08000183105469,67.22000122070312,66.62999725341797,66.95999908447266,47.17002487182617,9322600,,
2013-8-15,66.3499984741211,66.94999694824219,66.19999694824219,66.94999694824219,47.16295623779297,11462800,,
2013-8-16,66.69000244140625,67.41999816894531,66.69000244140625,66.9000015258789,47.12775421142578,13888900,,
2013-8-19,66.87999725341797,67.4000015258789,66.29000091552734,66.33000183105469,46.726219177246094,9063600,,
2013-8-20,66.52999877929688,67.13999938964844,66.30999755859375,66.70999908447266,46.99390411376953,9064900,,
2013-8-21,66.30999755859375,67,66.19000244140625,66.56999969482422,46.89527130126953,8471500,,
2013-8-22,66.69000244140625,67.16999816894531,66.63999938964844,67.12999725341797,47.28978729248047,6694200,,
2013-8-23,67.01000213623047,67.33999633789062,66.5999984741211,67.1500015258789,47.303871154785156,8374900,,
2013-8-26,67.02999877929688,67.23999786376953,66.80000305175781,66.94999694824219,47.16295623779297,10388700,,
2013-8-27,66.30999755859375,66.6500015258789,65.91000366210938,66.0199966430664,46.50782775878906,9058400,,
2013-8-28,66.06999969482422,66.83999633789062,65.98999786376953,66.55999755859375,46.88822555541992,8511300,,
2013-8-29,66.56999969482422,67.13999938964844,66.4000015258789,66.70999908447266,46.99390411376953,6551500,,
2013-8-30,66.62999725341797,66.66000366210938,65.73999786376953,66.27999877929688,46.93723678588867,8441300,0.35,
2013-9-3,66.91999816894531,67.73999786376953,66.5199966430664,66.75,47.27008819580078,11906500,,
2013-9-4,66.81999969482422,67.51000213623047,66.80000305175781,67.27999877929688,47.64541244506836,7900100,,
2013-9-5,67.33000183105469,67.95999908447266,67.23999786376953,67.83000183105469,48.034908294677734,8074600,,
2013-9-6,67.9800033569336,68.44999694824219,67.37000274658203,68.0199966430664,48.16947555541992,10267200,,
2013-9-9,68,69.37000274658203,68,69.30000305175781,49.0759162902832,13633400,,
2013-9-10,69.38999938964844,70.37000274658203,69.38999938964844,70.08999633789062,49.63535690307617,14610700,,
2013-9-11,68.29000091552734,68.5999984741211,67.48999786376953,68.08999633789062,48.21903610229492,21086500,,
2013-9-12,68.7300033569336,69.72000122070312,68.5,68.80999755859375,48.72889709472656,17294200,,
2013-9-13,69.20999908447266,69.23999786376953,68.36000061035156,68.58000183105469,48.566043853759766,11713800,,
2013-9-16,69.0199966430664,69.05000305175781,67.97000122070312,68.08999633789062,48.21903610229492,12018800,,
2013-9-17,68.36000061035156,69.45999908447266,68.1500015258789,69.41999816894531,49.160892486572266,14140700,,
2013-9-18,69.47000122070312,69.87000274658203,68.91000366210938,69.63999938964844,49.316673278808594,11062900,,
2013-9-19,69.70999908447266,70.04000091552734,69.41999816894531,69.45999908447266,49.18921661376953,12310200,,
2013-9-20,69.5199966430664,69.88999938964844,69,69.05999755859375,48.90592956542969,18278300,,
2013-9-23,70,70.2300033569336,68.87999725341797,68.9800033569336,48.84930419921875,13520800,,
2013-9-24,68.72000122070312,68.91000366210938,68.13999938964844,68.51000213623047,48.516456604003906,8067600,,
2013-9-25,68.44000244140625,69.06999969482422,68.26000213623047,68.75,48.68640899658203,7053700,,
2013-9-26,69.08000183105469,69.3499984741211,68.69999694824219,68.87000274658203,48.77140426635742,4987100,,
2013-9-27,68.19000244140625,68.27999877929688,67.08000183105469,67.37999725341797,47.71622085571289,10850300,,
2013-9-30,66.94000244140625,67.58999633789062,66.55000305175781,67.31999969482422,47.67374038696289,8551800,,
2013-10-1,67.4000015258789,67.87999725341797,67.16999816894531,67.48999786376953,47.79413986206055,6876700,,
2013-10-2,67.02999877929688,67.73999786376953,66.94999694824219,67.68000030517578,47.92867660522461,6106600,,
2013-10-3,67.72000122070312,67.72000122070312,66.69999694824219,67.11000061035156,47.525028228759766,6164200,,
2013-10-4,67.25,68.19000244140625,67.12999725341797,68.0199966430664,48.16947555541992,7852400,,
2013-10-7,66.38999938964844,67.6500015258789,66.30000305175781,67.19000244140625,47.58168029785156,12189800,,
2013-10-8,67.18000030517578,67.2300033569336,66.26000213623047,66.3499984741211,46.98682403564453,8077900,,
2013-10-9,66.55000305175781,66.58000183105469,65.47000122070312,65.70999908447266,46.533607482910156,11099600,,
2013-10-10,66.22000122070312,66.97000122070312,66,66.83999633789062,47.33381271362305,7416700,,
2013-10-11,66.95999908447266,67.5999984741211,66.58999633789062,67.55000305175781,47.83661651611328,7119400,,
2013-10-14,67.11000061035156,67.94000244140625,66.91999816894531,67.75,47.97825241088867,5548100,,
2013-10-15,68,68.69999694824219,67.80000305175781,68.16999816894531,48.27568054199219,7727500,,
2013-10-16,68.5,69.0999984741211,68.38999938964844,68.87000274658203,48.77140426635742,8290300,,
2013-10-17,68.29000091552734,68.76000213623047,67.8499984741211,68.69999694824219,48.651004791259766,7436700,,
2013-10-18,68.47000122070312,68.97000122070312,68.22000122070312,68.4000015258789,48.43855667114258,8244700,,
2013-10-21,68.51000213623047,68.94999694824219,68.36000061035156,68.7699966430664,48.70057678222656,5636100,,
2013-10-22,68.8499984741211,69.25,68.79000091552734,68.91999816894531,48.80679702758789,8090900,,
2013-10-23,68.26000213623047,68.5,66.91999816894531,67.04000091552734,47.4754638671875,13641800,,
2013-10-24,67.45999908447266,67.51000213623047,66.81999969482422,66.94000244140625,47.40463638305664,7021700,,
2013-10-25,67.19999694824219,68.2699966430664,67,68.2699966430664,48.34650421142578,10251700,,
2013-10-28,68.38999938964844,68.62000274658203,67.95999908447266,68.54000091552734,48.5377082824707,7655100,,
2013-10-29,68.7300033569336,69.38999938964844,68.5999984741211,68.93000030517578,48.81387710571289,8219900,,
2013-10-30,68.98999786376953,69.3499984741211,68.83000183105469,69.04000091552734,48.89178466796875,7184700,,
2013-10-31,69.19000244140625,69.9800033569336,68.76000213623047,69.48999786376953,49.2104606628418,11205000,,
2013-11-1,69.52999877929688,70,69.31999969482422,69.9000015258789,49.500816345214844,10847200,,
2013-11-4,70.13999938964844,70.19000244140625,69.25,69.56999969482422,49.26713562011719,9294400,,
2013-11-5,69.25,69.55000305175781,68.86000061035156,69.01000213623047,48.870548248291016,8602600,,
2013-11-6,69.43000030517578,69.80999755859375,68.66999816894531,69.73999786376953,49.38751220703125,13386400,,
2013-11-7,66.83000183105469,67.75,66.25,67.08999633789062,47.510860443115234,33825700,,
2013-11-8,67.41999816894531,68.04000091552734,67.05999755859375,67.44999694824219,47.76581573486328,14752500,,
2013-11-11,67.30000305175781,67.91999816894531,67.18000030517578,67.62000274658203,47.886192321777344,10570000,,
2013-11-12,67.54000091552734,68.56999969482422,67.54000091552734,68.51000213623047,48.516456604003906,9940700,,
2013-11-13,68.98999786376953,70.02999877929688,68.55000305175781,70.02999877929688,49.59288024902344,13677400,,
2013-11-14,69.9800033569336,71.4800033569336,69.8499984741211,71.22000122070312,50.43560028076172,14855400,,
2013-11-15,71.33999633789062,72.18000030517578,71.0999984741211,72.16999816894531,51.108341217041016,14220700,,
2013-11-18,72.27999877929688,72.30000305175781,71.72000122070312,71.94000244140625,50.94547653198242,10955800,,
2013-11-19,72.18000030517578,72.43000030517578,71.7300033569336,71.83999633789062,50.87464141845703,10544800,,
2013-11-20,71.94999694824219,72.4000015258789,70.91000366210938,71.02999877929688,50.30103302001953,15105700,,
2013-11-21,70.4000015258789,71.80999755859375,70.4000015258789,71.70999908447266,50.78258514404297,13592000,,
2013-11-22,71.91000366210938,73.08999633789062,71.87000274658203,72.95999908447266,51.66779708862305,12561200,,
2013-11-25,71.08999633789062,72.52999877929688,70.95999908447266,72.48999786376953,51.334964752197266,16549300,,
2013-11-26,72.69000244140625,73.6500015258789,72.58999633789062,73.6500015258789,52.156436920166016,16426800,,
2013-11-27,73.23999786376953,73.58000183105469,72.80999755859375,73.55999755859375,52.341426849365234,7915200,0.35,
2013-11-29,73.5199966430664,73.88999938964844,73.26000213623047,73.58000183105469,52.35565948486328,6060000,,
2013-12-2,73.52999877929688,73.87000274658203,73.23999786376953,73.44000244140625,52.25604248046875,8851600,,
2013-12-3,73.19000244140625,73.45999908447266,72.93000030517578,73.30999755859375,52.16353988647461,7944900,,
2013-12-4,73.0199966430664,73.5,72.8499984741211,73.18000030517578,52.071044921875,6507100,,
2013-12-5,73.01000213623047,73.43000030517578,72.9000015258789,73.2300033569336,52.106624603271484,7728800,,
2013-12-6,73.5999984741211,73.97000122070312,73.0999984741211,73.76000213623047,52.4837532043457,6883800,,
2013-12-9,73.87999725341797,74.19000244140625,72.94000244140625,73.37000274658203,52.20622253417969,8881800,,
2013-12-10,73.30000305175781,73.83999633789062,73.08999633789062,73.37999725341797,52.21336364746094,10720800,,
2013-12-11,74,74.11000061035156,72.95999908447266,73.01000213623047,51.95009231567383,10018000,,
2013-12-12,73,73.41999816894531,72.48999786376953,72.7300033569336,51.7508544921875,7509600,,
2013-12-13,73.44999694824219,73.45999908447266,72.52999877929688,72.58000183105469,51.64411544799805,8723400,,
2013-12-16,73.22000122070312,73.26000213623047,72.5,72.79000091552734,51.793548583984375,9029400,,
2013-12-17,72.66000366210938,72.9800033569336,72.26000213623047,72.91999816894531,51.886043548583984,8615500,,
2013-12-18,72.69999694824219,73.20999908447266,71.68000030517578,73.18000030517578,52.071044921875,9383500,,
2013-12-19,73.1500015258789,73.30000305175781,72.12999725341797,72.43000030517578,51.53740692138672,8790300,,
2013-12-20,72.41000366210938,73.04000091552734,72.23999786376953,72.91000366210938,51.87893295288086,21662500,,
2013-12-23,73.5199966430664,73.55999755859375,72.5199966430664,72.83999633789062,51.82910919189453,9168100,,
2013-12-24,72.66999816894531,73.25,72.63999938964844,73.04000091552734,51.9714241027832,2597500,,
2013-12-26,73.05000305175781,73.68000030517578,73.05000305175781,73.4800033569336,52.28451156616211,4609200,,
2013-12-27,73.75,74.0199966430664,73.66000366210938,73.80000305175781,52.512210845947266,5042300,,
2013-12-30,73.66000366210938,73.9000015258789,73.5,73.56999969482422,52.348548889160156,5389900,,
2013-12-31,73.76000213623047,74.31999969482422,73.63999938964844,74.25,52.83240509033203,5725100,,
2014-1-2,73.61000061035156,73.7699966430664,73.26000213623047,73.31999969482422,52.170658111572266,10110200,,
2014-1-3,73.33000183105469,73.4800033569336,72.44000244140625,72.88999938964844,51.86470413208008,7970400,,
2014-1-6,73.08000183105469,73.19999694824219,72.55000305175781,72.69999694824219,51.7294921875,7696200,,
2014-1-7,72.80000305175781,73.30999755859375,72.5999984741211,73.23999786376953,52.11375427246094,5902700,,
2014-1-8,73.1500015258789,73.68000030517578,72.68000030517578,73.68000030517578,52.426822662353516,8976900,,
2014-1-9,74.04000091552734,74.0999984741211,73.68000030517578,73.91000366210938,52.59048843383789,9067900,,
2014-1-10,74.11000061035156,74.5,73.16999816894531,73.87000274658203,52.562015533447266,8877600,,
2014-1-13,73.77999877929688,74.2699966430664,72.83000183105469,73.22000122070312,52.099525451660156,8576300,,
2014-1-14,72.37000274658203,73.69999694824219,72.37000274658203,73.38999938964844,52.220458984375,9924300,,
2014-1-15,73.47000122070312,74.69000244140625,73.4000015258789,74.51000213623047,53.01740264892578,10000700,,
2014-1-16,74.47000122070312,74.87999725341797,74.01000213623047,74.72000122070312,53.16682052612305,10263200,,
2014-1-17,74.69999694824219,74.9800033569336,74.43000030517578,74.7300033569336,53.1739387512207,12272700,,
2014-1-21,75,75.56999969482422,74.86000061035156,75.45999908447266,53.69338607788086,8806800,,
2014-1-22,75.5,75.86000061035156,75.12000274658203,75.77999877929688,53.92108154296875,7242400,,
2014-1-23,75.48999786376953,75.9000015258789,75.16000366210938,75.87000274658203,53.98511505126953,8078300,,
2014-1-24,75.29000091552734,75.44000244140625,74.05999755859375,74.08000183105469,52.711456298828125,11916500,,
2014-1-27,74.01000213623047,74.36000061035156,72.73999786376953,73.19999694824219,52.08527374267578,12580700,,
2014-1-28,72,73.13999938964844,71.75,71.98999786376953,51.22429275512695,18188900,,
2014-1-29,71.4000015258789,72.08000183105469,70.9800033569336,71.12000274658203,50.605281829833984,16625000,,
2014-1-30,72.6500015258789,73.4000015258789,71.97000122070312,73.26000213623047,52.12797164916992,17741800,,
2014-1-31,72.68000030517578,74.48999786376953,72.62000274658203,74.22000122070312,52.811073303222656,15420700,,
2014-2-3,73.66999816894531,73.94999694824219,72.93000030517578,73.31999969482422,52.170658111572266,15929600,,
2014-2-4,73.4000015258789,73.44999694824219,72.27999877929688,72.51000213623047,51.59433364868164,11704500,,
2014-2-5,72.0999984741211,72.66000366210938,72.02999877929688,72.37000274658203,51.49471664428711,10481600,,
2014-2-6,72.73999786376953,73.33000183105469,72.31999969482422,73.23999786376953,52.11375427246094,8178700,,
2014-2-7,73.4000015258789,74.47000122070312,73.19999694824219,74.41000366210938,52.94623947143555,8891200,,
2014-2-10,74.19999694824219,74.7300033569336,73.88999938964844,74.69000244140625,53.145511627197266,7598300,,
2014-2-11,74.80999755859375,75.7300033569336,74.52999877929688,75.62000274658203,53.80723190307617,8934900,,
2014-2-12,75.66000366210938,76.6500015258789,75.66000366210938,76.41999816894531,54.376468658447266,11498600,,
2014-2-13,76,76.75,76,76.44000244140625,54.390716552734375,9047200,,
2014-2-14,76.01000213623047,76.41999816894531,75.81999969482422,76.27999877929688,54.27684020996094,8325500,,
2014-2-18,76.25,76.25,75.52999877929688,75.5999984741211,53.79299545288086,8850100,,
2014-2-19,75.37000274658203,75.98999786376953,75.11000061035156,75.7699966430664,53.91394805908203,8527600,,
2014-2-20,75.95999908447266,76.19999694824219,75.68000030517578,75.94999694824219,54.042015075683594,7194200,,
2014-2-21,76.18000030517578,76.55000305175781,75.56999969482422,75.61000061035156,53.800106048583984,8725000,,
2014-2-24,75.97000122070312,75.98999786376953,75.38999938964844,75.43000030517578,53.672035217285156,9191900,,
2014-2-25,75.62000274658203,75.87999725341797,74.73999786376953,74.91000366210938,53.30203628540039,6974800,,
2014-2-26,75.1500015258789,75.5,74.9000015258789,75.05000305175781,53.401649475097656,5545900,,
2014-2-27,74.88999938964844,75.26000213623047,74.5,75.19000244140625,53.501251220703125,9465100,,
2014-2-28,75.41000366210938,75.43000030517578,74.8499984741211,75.29000091552734,53.572425842285156,9451900,,
2014-3-3,74.62000274658203,74.63999938964844,73.04000091552734,73.62999725341797,52.63593292236328,11401400,0.35,
2014-3-4,75.5,76.79000091552734,75.3499984741211,76.11000061035156,54.40882110595703,13513600,,
2014-3-5,76.44000244140625,76.95999908447266,75.79000091552734,76.66999816894531,54.809146881103516,6774600,,
2014-3-6,77,77.18000030517578,76.54000091552734,77,55.0450439453125,7747100,,
2014-3-7,77.0999984741211,77.19999694824219,76.44000244140625,76.79000091552734,54.89492416381836,7276900,,
2014-3-10,76.79000091552734,77.06999969482422,76.55000305175781,77.06999969482422,55.09507369995117,7704100,,
2014-3-11,77.08999633789062,77.19999694824219,76.58000183105469,76.70999908447266,54.837745666503906,8272900,,
2014-3-12,76.58999633789062,77.13999938964844,76.30999755859375,76.97000122070312,55.02360534667969,6897300,,
2014-3-13,77,77.12000274658203,75.38999938964844,75.62999725341797,54.065677642822266,8956100,,
2014-3-14,75.2300033569336,75.91000366210938,74.5,74.73999786376953,53.4294319152832,10508000,,
2014-3-17,75.72000122070312,77.30999755859375,75.52999877929688,77.0199966430664,55.059329986572266,13851500,,
2014-3-18,77.19000244140625,77.75,76.9000015258789,77.44999694824219,55.36674499511719,7932100,,
2014-3-19,77.22000122070312,77.56999969482422,76.41999816894531,76.80999755859375,54.909217834472656,7808200,,
2014-3-20,76.77999877929688,78.37000274658203,76.69999694824219,78.0999984741211,55.831390380859375,10264100,,
2014-3-21,79.02999877929688,79.02999877929688,77.51000213623047,78.19000244140625,55.895755767822266,27473300,,
2014-3-24,78.44000244140625,78.69999694824219,77.30999755859375,77.73999786376953,55.574039459228516,11314000,,
2014-3-25,78.12999725341797,78.76000213623047,77.98999786376953,78.55999755859375,56.16022491455078,8131800,,
2014-3-26,78.81999969482422,79.62000274658203,78.30999755859375,78.30999755859375,55.981529235839844,14202600,,
2014-3-27,78.41999816894531,79.72000122070312,78.30999755859375,79.05000305175781,56.510528564453125,10373200,,
2014-3-28,79.5,79.5,78.0999984741211,79.27999877929688,56.674930572509766,8550900,,
2014-3-31,79.48999786376953,79.61000061035156,78.80999755859375,78.86000061035156,56.37470626831055,7769900,,
2014-4-1,79.41999816894531,80.16000366210938,78.98999786376953,80.0999984741211,57.261146545410156,10588800,,
2014-4-2,79.9800033569336,80.26000213623047,79.75,80.13999938964844,57.28972244262695,7410400,,
2014-4-3,80.20999908447266,81.30000305175781,80.20999908447266,80.55000305175781,57.58283996582031,8723900,,
2014-4-4,81.08999633789062,81.36000061035156,78.45999908447266,78.52999877929688,56.13880157470703,11250700,,
2014-4-7,78,79.26000213623047,77.5999984741211,78.08000183105469,55.81711959838867,10082600,,
2014-4-8,77.70999908447266,78.94000244140625,77.4800033569336,78.88999938964844,56.39616012573242,9079100,,
2014-4-9,79.26000213623047,79.94000244140625,78.8499984741211,79.93000030517578,57.13962936401367,8468500,,
2014-4-10,80.0999984741211,80.30000305175781,77.8499984741211,78.06999969482422,55.80996322631836,10322000,,
2014-4-11,77.52999877929688,78.91999816894531,77.52999877929688,78.01000213623047,55.767051696777344,9288900,,
2014-4-14,78.69999694824219,79.19999694824219,78.02999877929688,79.13999938964844,56.574867248535156,8170500,,
2014-4-15,78.98999786376953,79.94000244140625,78.5,79.48999786376953,56.825077056884766,8785700,,
2014-4-16,79.98999786376953,80.27999877929688,79.41999816894531,80.18000030517578,57.3183479309082,7286100,,
2014-4-17,80.13999938964844,81.33999633789062,80.04000091552734,81.31999969482422,58.13331604003906,10566100,,
2014-4-21,81.19000244140625,81.66000366210938,80.55999755859375,80.93000030517578,57.85449981689453,5963900,,
2014-4-22,81.16999816894531,81.33999633789062,80.58000183105469,80.61000061035156,57.62574768066406,8098800,,
2014-4-23,81,81,80.16000366210938,80.70999908447266,57.69723129272461,13593900,,
2014-4-24,77.5,78.62000274658203,76.7699966430664,77.87000274658203,55.6669807434082,22779700,,
2014-4-25,77.58999633789062,77.87999725341797,77.33000183105469,77.61000061035156,55.48109436035156,10507700,,
2014-4-28,78,78.5999984741211,77.37000274658203,78.05000305175781,55.79567337036133,12603300,,
2014-4-29,78.63999938964844,79.01000213623047,78.2300033569336,78.5199966430664,56.131649017333984,8034000,,
2014-4-30,78.55999755859375,78.86000061035156,78.13999938964844,78.70999908447266,56.267478942871094,9443100,,
2014-5-1,78.52999877929688,79.48999786376953,78.52999877929688,78.98999786376953,56.46763229370117,7017800,,
2014-5-2,79.30000305175781,79.30000305175781,78.5,78.98999786376953,56.46763229370117,6063000,,
2014-5-5,78.76000213623047,79.91999816894531,78.51000213623047,79.55999755859375,56.87512969970703,7525600,,
2014-5-6,79.2300033569336,79.62999725341797,78.75,79.30999755859375,56.696388244628906,8169500,,
2014-5-7,79.72000122070312,79.93000030517578,78.43000030517578,79.33000183105469,56.7107048034668,8794700,,
2014-5-8,79.33999633789062,80.08999633789062,78.95999908447266,79.5,56.83224105834961,7434600,,
2014-5-9,79.94000244140625,79.94000244140625,78.58000183105469,79.5,56.83224105834961,5965900,,
2014-5-12,79.72000122070312,80.12000274658203,79.62000274658203,79.97000122070312,57.168190002441406,6632100,,
2014-5-13,79.91999816894531,80.38999938964844,79.77999877929688,80.37000274658203,57.454158782958984,5854300,,
2014-5-14,79.83000183105469,80.98999786376953,79.83000183105469,80.41000366210938,57.48276901245117,8228200,,
2014-5-15,80.33999633789062,80.80999755859375,79.18000030517578,79.77999877929688,57.032371520996094,10423100,,
2014-5-16,79.69999694824219,79.7699966430664,78.76000213623047,79.41999816894531,56.7750358581543,8376800,,
2014-5-19,79.22000122070312,79.98999786376953,79.19999694824219,79.80999755859375,57.05384063720703,5427200,,
2014-5-20,79.94999694824219,80.3499984741211,79.5199966430664,79.86000061035156,57.0895881652832,8434000,,
2014-5-21,79.16999816894531,79.9800033569336,79.12000274658203,79.66999816894531,56.95376205444336,7671500,,
2014-5-22,79.4800033569336,79.91999816894531,79.43000030517578,79.55999755859375,56.87512969970703,6303800,,
2014-5-23,79.9800033569336,79.98999786376953,79.48999786376953,79.87999725341797,57.10386657714844,4580600,,
2014-5-27,79.93000030517578,80.5,79.9000015258789,80.45999908447266,57.51850891113281,8079500,,
2014-5-28,80.19999694824219,80.73999786376953,80.16000366210938,80.22000122070312,57.34693145751953,7659100,,
2014-5-29,80.58000183105469,80.58000183105469,79.87999725341797,80.19000244140625,57.32548904418945,9704000,,
2014-5-30,80.33000183105469,80.52999877929688,79.91999816894531,80.44999694824219,57.511356353759766,7337000,,
2014-6-2,80.66000366210938,80.79000091552734,80.04000091552734,80.4800033569336,57.83473587036133,7238400,0.42,
2014-6-3,80.18000030517578,80.68000030517578,79.95999908447266,80.4000015258789,57.77723693847656,7554500,,
2014-6-4,80.31999969482422,80.38999938964844,79.69999694824219,79.91999816894531,57.43231201171875,6658500,,
2014-6-5,79.83000183105469,79.93000030517578,79.1500015258789,79.66000366210938,57.245479583740234,9176200,,
2014-6-6,80.19999694824219,80.5,79.80000305175781,80.37999725341797,57.76287078857422,6387900,,
2014-6-9,80.27999877929688,80.47000122070312,79.69999694824219,79.94999694824219,57.45384979248047,5181500,,
2014-6-10,79.95999908447266,79.95999908447266,79.13999938964844,79.18000030517578,56.90052032470703,8582900,,
2014-6-11,79,79.5,78.44000244140625,79.20999908447266,56.92209243774414,7404600,,
2014-6-12,79.12999725341797,79.76000213623047,78.80999755859375,79.33999633789062,57.01551055908203,7524900,,
2014-6-13,79.45999908447266,79.81999969482422,78.93000030517578,79.11000061035156,56.8502311706543,7440200,,
2014-6-16,78.83000183105469,79.38999938964844,78.44999694824219,78.6500015258789,56.5196533203125,10423700,,
2014-6-17,78.43000030517578,79.41999816894531,78.4000015258789,79.16000366210938,56.88615417480469,6840400,,
2014-6-18,79.68000030517578,79.68000030517578,78.62999725341797,79.19000244140625,56.90769958496094,7340100,,
2014-6-19,79.30000305175781,79.80000305175781,79.19000244140625,79.75,57.31015396118164,6781300,,
2014-6-20,79.9800033569336,79.98999786376953,79.44000244140625,79.86000061035156,57.38920593261719,11878200,,
2014-6-23,79.62999725341797,79.98999786376953,79.31999969482422,79.43000030517578,57.0801887512207,6145700,,
2014-6-24,79.30999755859375,79.87000274658203,78.68000030517578,78.77999877929688,56.613059997558594,10652000,,
2014-6-25,78.5,78.55000305175781,77.91000366210938,78.05000305175781,56.0885009765625,10701100,,
2014-6-26,78.4000015258789,79.12999725341797,78.08000183105469,78.7699966430664,56.60590362548828,7556200,,
2014-6-27,78.56999969482422,79.04000091552734,78.18000030517578,78.98999786376953,56.76397705078125,7732900,,
2014-6-30,79.1500015258789,79.38999938964844,78.6500015258789,79.19999694824219,56.914886474609375,6562000,,
2014-7-1,79.3499984741211,79.81999969482422,78.93000030517578,79.7300033569336,57.295780181884766,5872300,,
2014-7-2,79.80999755859375,80.43000030517578,79.69999694824219,80.16999816894531,57.6119499206543,5440100,,
2014-7-3,80.5,81.27999877929688,80.08999633789062,80.98999786376953,58.20123291015625,5735700,,
2014-7-7,80.66999816894531,80.94999694824219,80.20999908447266,80.81999969482422,58.079078674316406,5873900,,
2014-7-8,80.62999725341797,80.86000061035156,80.41999816894531,80.6500015258789,57.95689010620117,7787900,,
2014-7-9,81.11000061035156,81.11000061035156,80.37999725341797,80.7699966430664,58.04314041137695,5071200,,
2014-7-10,79.93000030517578,80.68000030517578,79.80000305175781,80.43000030517578,57.798797607421875,5090200,,
2014-7-11,79.9000015258789,80.19999694824219,79.1500015258789,79.5999984741211,57.202327728271484,8623300,,
2014-7-14,79.44000244140625,79.77999877929688,79.37999725341797,79.5199966430664,57.14485168457031,7609800,,
2014-7-15,79.38999938964844,79.91000366210938,79.1500015258789,79.44000244140625,57.087364196777344,5984000,,
2014-7-16,79.72000122070312,79.94000244140625,79.58000183105469,79.62000274658203,57.216732025146484,6266900,,
2014-7-17,79.11000061035156,79.20999908447266,77.87999725341797,78.11000061035156,56.131568908691406,12569900,,
2014-7-18,78.55000305175781,79.43000030517578,78.25,79.38999938964844,57.051422119140625,8373000,,
2014-7-21,79.41000366210938,79.97000122070312,79.11000061035156,79.66999816894531,57.252647399902344,7654300,,
2014-7-22,80.08999633789062,81.87000274658203,79.98999786376953,81.52999877929688,58.58930587768555,10753200,,
2014-7-23,81.88999938964844,81.97000122070312,81.41999816894531,81.5999984741211,58.63958740234375,10326300,,
2014-7-24,77.5999984741211,77.62999725341797,75.66000366210938,76.16999816894531,54.73747253417969,37728500,,
2014-7-25,76,76.58000183105469,75.81999969482422,76.0999984741211,54.68717575073242,13574800,,
2014-7-28,76.0999984741211,76.25,75.52999877929688,75.83000183105469,54.493125915527344,10938900,,
2014-7-29,75.6500015258789,75.94999694824219,75.26000213623047,75.30999755859375,54.11943054199219,11324900,,
2014-7-30,75.68000030517578,76.2300033569336,75.1500015258789,76.04000091552734,54.64405059814453,10726100,,
2014-7-31,75.38999938964844,75.5999984741211,73.6500015258789,73.72000122070312,52.97684097290039,15257100,,
2014-8-1,73.66999816894531,73.8499984741211,71.81999969482422,72.55000305175781,52.136077880859375,15202500,,
2014-8-4,72.87000274658203,73.47000122070312,72.83000183105469,73.26000213623047,52.64628219604492,13114200,,
2014-8-5,73.19999694824219,73.3499984741211,72.55999755859375,72.75,52.27977752685547,10306400,,
2014-8-6,72.41999816894531,73.1500015258789,72.16000366210938,72.88999938964844,52.38038635253906,7324400,,
2014-8-7,73.27999877929688,73.3499984741211,72.33999633789062,72.48999786376953,52.09295654296875,9402400,,
2014-8-8,72.72000122070312,73.95999908447266,72.5,73.87999725341797,53.09182357788086,9140700,,
2014-8-11,74.19999694824219,74.9800033569336,73.91999816894531,74.7300033569336,53.702659606933594,8818500,,
2014-8-12,74.86000061035156,74.93000030517578,73.9000015258789,74.13999938964844,53.27866744995117,7790000,,
2014-8-13,74.58000183105469,74.6500015258789,74.04000091552734,74.5,53.537384033203125,7047800,,
2014-8-14,74.76000213623047,74.98999786376953,74.5999984741211,74.76000213623047,53.724220275878906,6482100,,
2014-8-15,75.12999725341797,75.12999725341797,73.98999786376953,74.41000366210938,53.47268295288086,9794400,,
2014-8-18,74.83000183105469,75.0999984741211,74.61000061035156,75.02999877929688,53.91824722290039,5180200,,
2014-8-19,75.05000305175781,75.22000122070312,74.91000366210938,75.12999725341797,53.9901123046875,7903300,,
2014-8-20,74.55000305175781,76.63999938964844,74.55000305175781,76.44000244140625,54.93151092529297,12123300,,
2014-8-21,76.61000061035156,77.30999755859375,76.44999694824219,76.7699966430664,55.16863250732422,8646500,,
2014-8-22,76.70999908447266,77.22000122070312,76.70999908447266,76.81999969482422,55.20457458496094,5082400,,
2014-8-25,77.16999816894531,77.30000305175781,76.33999633789062,76.58999633789062,55.03927230834961,4752000,,
2014-8-26,76.81999969482422,77.0999984741211,76.26000213623047,77.01000213623047,55.34111785888672,6754000,,
2014-8-27,77.1500015258789,77.19000244140625,76.48999786376953,76.97000122070312,55.312374114990234,7846200,,
2014-8-28,76.69000244140625,76.9000015258789,76.30999755859375,76.33999633789062,54.859622955322266,5243100,,
2014-8-29,76.5999984741211,76.5999984741211,75.76000213623047,76.0999984741211,54.98970413208008,6483700,0.42,
2014-9-2,75.91999816894531,76.08000183105469,74.75,75.05999755859375,54.238189697265625,9821500,,
2014-9-3,75.47000122070312,75.72000122070312,74.81999969482422,74.88999938964844,54.115360260009766,9791200,,
2014-9-4,75.22000122070312,75.55000305175781,74.62000274658203,75.11000061035156,54.274322509765625,8412100,,
2014-9-5,75,75.8499984741211,74.88999938964844,75.80999755859375,54.7801513671875,8471600,,
2014-9-8,75.48999786376953,76.23999786376953,75.48999786376953,75.9000015258789,54.84519958496094,6281400,,
2014-9-9,75.9000015258789,76.11000061035156,75.51000213623047,75.83999633789062,54.80183410644531,6266100,,
2014-9-10,75.80000305175781,76.25,75.76000213623047,75.93000030517578,54.86686325073242,6523400,,
2014-9-11,75.58000183105469,76.12000274658203,75.19999694824219,76.11000061035156,54.9969367980957,6898700,,
2014-9-12,75.80000305175781,75.86000061035156,75.20999908447266,75.33000183105469,54.43330001831055,8309300,,
2014-9-15,75.5,75.58000183105469,74.98999786376953,75.08000183105469,54.25263977050781,6637300,,
2014-9-16,75.08000183105469,75.97000122070312,74.9000015258789,75.70999908447266,54.707889556884766,7519800,,
2014-9-17,75.66000366210938,76.16999816894531,75.27999877929688,75.83000183105469,54.79459762573242,7212700,,
2014-9-18,75.91000366210938,76.44999694824219,75.83000183105469,76.44000244140625,55.23539733886719,7274000,,
2014-9-19,77,77,75.38999938964844,75.52999877929688,54.57780838012695,15396000,,
2014-9-22,75.48999786376953,76.33999633789062,75.27999877929688,76.29000091552734,55.12699508666992,10447100,,
2014-9-23,76.2300033569336,76.56999969482422,75.80999755859375,75.83000183105469,54.79459762573242,8788800,,
2014-9-24,75.6500015258789,76.23999786376953,75.41999816894531,76.23999786376953,55.09088134765625,6097800,,
2014-9-25,76.02999877929688,76.16999816894531,74.72000122070312,74.80999755859375,54.05754852294922,7452200,,
2014-9-26,74.58999633789062,75.12999725341797,74.16999816894531,75.05999755859375,54.238189697265625,6816400,,
2014-9-29,74.62999725341797,75.08000183105469,74.16000366210938,74.81999969482422,54.064788818359375,6630800,,
2014-9-30,74.72000122070312,75.08999633789062,74.11000061035156,74.7699966430664,54.028648376464844,8894400,,
2014-10-1,74.63999938964844,74.80999755859375,73.83999633789062,73.87999725341797,53.38553237915039,9098800,,
2014-10-2,74.13999938964844,74.13999938964844,73.16000366210938,73.66000366210938,53.2265739440918,7489200,,
2014-10-3,73.87999725341797,75.19999694824219,73.87000274658203,74.86000061035156,54.09367752075195,7978400,,
2014-10-6,75,75.33999633789062,74.30999755859375,74.72000122070312,53.992523193359375,6217300,,
2014-10-7,74.2300033569336,74.43000030517578,73.4800033569336,73.51000213623047,53.11818313598633,8242000,,
2014-10-8,73.44000244140625,75.44000244140625,73.22000122070312,75.19000244140625,54.3321418762207,9851600,,
2014-10-9,75.22000122070312,75.30000305175781,73.94999694824219,74.08000183105469,53.530059814453125,9914600,,
2014-10-10,73.5199966430664,73.94000244140625,71.19999694824219,71.22000122070312,51.46342468261719,17357100,,
2014-10-13,71.18000030517578,72.5,70.25,70.70999908447266,51.094905853271484,10742600,,
2014-10-14,71.75,72.69999694824219,71.33000183105469,71.86000061035156,51.92588806152344,10488400,,
2014-10-15,71.0999984741211,72.62999725341797,70.2699966430664,71.19999694824219,51.44896697998047,14883500,,
2014-10-16,69.83999633789062,71.88999938964844,69.36000061035156,71.13999938964844,51.4056282043457,11997100,,
2014-10-17,72.05000305175781,72.87999725341797,71.54000091552734,72.43000030517578,52.337772369384766,8467100,,
2014-10-20,72.05000305175781,73.30000305175781,72,73.2699966430664,52.944732666015625,6492300,,
2014-10-21,73.93000030517578,75.11000061035156,73.83000183105469,75,54.19483947753906,8733300,,
2014-10-22,75.01000213623047,75.0999984741211,74.25,74.30000305175781,53.68904113769531,7127900,,
2014-10-23,75,75.4000015258789,74.73999786376953,75.13999938964844,54.296016693115234,9750000,,
2014-10-24,75.41999816894531,76.01000213623047,74.91000366210938,76,54.917423248291016,6238500,,
2014-10-27,75.86000061035156,76.02999877929688,75.2699966430664,75.83999633789062,54.80183410644531,4761500,,
2014-10-28,76.19000244140625,76.62000274658203,75.98999786376953,76.56999969482422,55.32933044433594,6314800,,
2014-10-29,76.5,77.37999725341797,76.30999755859375,76.88999938964844,55.560550689697266,5389600,,
2014-10-30,76.6500015258789,77.58999633789062,76.52999877929688,77.37000274658203,55.907405853271484,5314200,,
2014-10-31,78.52999877929688,78.52999877929688,77.69000244140625,78.51000213623047,56.731170654296875,10144500,,
2014-11-3,78.30999755859375,78.52999877929688,77.95999908447266,78.23999786376953,56.53604507446289,8732700,,
2014-11-4,77.48999786376953,77.72000122070312,76.4000015258789,77.11000061035156,55.71953201293945,15347400,,
2014-11-5,77.45999908447266,77.47000122070312,76.41999816894531,77.19999694824219,55.784568786621094,13811400,,
2014-11-6,71.02999877929688,71.06999969482422,67.66999816894531,70.58000183105469,51.00096130371094,70919700,,
2014-11-7,70.69999694824219,70.69999694824219,69.12999725341797,69.26000213623047,50.047122955322266,24945900,,
2014-11-10,68.91000366210938,70.02999877929688,68.48999786376953,69.36000061035156,50.1193962097168,14453300,,
2014-11-11,69.70999908447266,69.8499984741211,69.02999877929688,69.63999938964844,50.321720123291016,10042000,,
2014-11-12,69.62000274658203,70.44999694824219,69.29000091552734,70.29000091552734,50.791412353515625,9460500,,
2014-11-13,70.20999908447266,70.83000183105469,70.19000244140625,70.6500015258789,51.05154800415039,9833100,,
2014-11-14,71.01000213623047,71.20999908447266,70.55000305175781,70.8499984741211,51.19606399536133,7454800,,
2014-11-17,70.62000274658203,70.83999633789062,70.19000244140625,70.4000015258789,50.87090301513672,7350700,,
2014-11-18,70.23999786376953,72.05999755859375,70.23999786376953,72.01000213623047,52.034278869628906,10986100,,
2014-11-19,71.58999633789062,71.83999633789062,70.36000061035156,70.47000122070312,50.92145919799805,11115500,,
2014-11-20,70.11000061035156,70.83999633789062,69.5999984741211,70.70999908447266,51.094905853271484,12030300,,
2014-11-21,71.0999984741211,71.81999969482422,70.69000244140625,71.47000122070312,51.64406967163086,15146200,,
2014-11-24,71.69999694824219,71.94000244140625,71.18000030517578,71.69000244140625,51.80304718017578,9413800,,
2014-11-25,71.7300033569336,72.27999877929688,71.61000061035156,72.2699966430664,52.222145080566406,12488600,,
2014-11-26,71.66000366210938,72.3499984741211,71.62000274658203,72.26000213623047,52.520145416259766,6997000,0.42,
2014-11-28,72.51000213623047,73,72.06999969482422,72.9000015258789,52.98530578613281,5817900,,
2014-12-1,72.45999908447266,72.66000366210938,71.29000091552734,71.79000091552734,52.17853927612305,9474300,,
2014-12-2,71.80999755859375,73.48999786376953,71.3499984741211,73.31999969482422,53.290584564208984,17181800,,
2014-12-3,73.62999725341797,74.83999633789062,73.44000244140625,74.37000274658203,54.05371856689453,13143700,,
2014-12-4,74.23999786376953,74.33999633789062,72.93000030517578,73.33999633789062,53.30510711669922,9374000,,
2014-12-5,73.01000213623047,73.91000366210938,73.01000213623047,73.37000274658203,53.326927185058594,6588600,,
2014-12-8,73.22000122070312,73.51000213623047,72.20999908447266,72.61000061035156,52.774532318115234,7201700,,
2014-12-9,71.95999908447266,73.20999908447266,71.86000061035156,73.01000213623047,53.06526184082031,7548400,,
2014-12-10,72.81999969482422,73,71.20999908447266,71.5,51.9677619934082,9059300,,
2014-12-11,71.7300033569336,72.7699966430664,71.56999969482422,71.98999786376953,52.32390213012695,9487300,,
2014-12-12,71.62999725341797,71.80999755859375,70.58000183105469,70.58000183105469,51.29909133911133,8351600,,
2014-12-15,70.8499984741211,71.41999816894531,69.58999633789062,70.37000274658203,51.14646911621094,11016100,,
2014-12-16,70.20999908447266,71.77999877929688,70.08000183105469,70.30999755859375,51.102840423583984,11499400,,
2014-12-17,70.41999816894531,72.37000274658203,70.13999938964844,72.20999908447266,52.483802795410156,11423400,,
2014-12-18,73.27999877929688,73.36000061035156,72.61000061035156,73.36000061035156,53.319664001464844,8864600,,
2014-12-19,73.29000091552734,73.7300033569336,73.16999816894531,73.43000030517578,53.370540618896484,16332000,,
2014-12-22,73.58000183105469,74.66000366210938,73.44999694824219,74.55999755859375,54.19183349609375,9074200,,
2014-12-23,74.61000061035156,75.12000274658203,74.4800033569336,74.5999984741211,54.220916748046875,6405800,,
2014-12-24,74.69000244140625,75.1500015258789,74.63999938964844,74.66000366210938,54.2645263671875,3791900,,
2014-12-26,75.08999633789062,75.72000122070312,75,75.62000274658203,54.9622688293457,4986700,,
2014-12-29,75,75.5999984741211,74.83000183105469,74.98999786376953,54.504356384277344,5959800,,
2014-12-30,74.75,75.37000274658203,74.69999694824219,75.0199966430664,54.52617645263672,6131700,,
2014-12-31,75.20999908447266,75.41000366210938,74.30999755859375,74.33000183105469,54.02467727661133,7763500,,
2015-1-2,74.51000213623047,74.87000274658203,73.75,74.27999877929688,53.988311767578125,6662700,,
2015-1-5,73.70999908447266,74.5,73.62999725341797,73.93000030517578,53.73394012451172,12042800,,
2015-1-6,73.86000061035156,74.61000061035156,72.73999786376953,72.87999725341797,52.97076416015625,11094000,,
2015-1-7,73.37000274658203,74.47000122070312,72.95999908447266,73.7300033569336,53.58856964111328,10030700,,
2015-1-8,74.30000305175781,75.30000305175781,74.13999938964844,74.51000213623047,54.15550231933594,10937200,,
2015-1-9,74.56999969482422,74.87000274658203,73.63999938964844,74.41999816894531,54.09006118774414,9038900,,
2015-1-12,74.13999938964844,74.37999725341797,72.87999725341797,73.56999969482422,53.47227478027344,8749300,,
2015-1-13,73.95999908447266,75.05000305175781,72.55000305175781,72.97000122070312,53.036190032958984,12584500,,
2015-1-14,72.45999908447266,73,71.44000244140625,72.22000122070312,52.49106979370117,13203500,,
2015-1-15,72.26000213623047,72.58999633789062,71.05000305175781,71.37999725341797,51.88054656982422,10858400,,
2015-1-16,70.8499984741211,71.43000030517578,70.12000274658203,71.29000091552734,51.81513595581055,12372300,,
2015-1-20,71.75,73.20999908447266,71.18000030517578,72.4800033569336,52.68004608154297,12036700,,
2015-1-21,70.27999877929688,72.61000061035156,69.94999694824219,71.58999633789062,52.033172607421875,17008900,,
2015-1-22,71.86000061035156,72.08999633789062,70.83999633789062,71.91000366210938,52.265769958496094,10450100,,
2015-1-23,72.01000213623047,72.3499984741211,71.43000030517578,72.18000030517578,52.46199417114258,8142100,,
2015-1-26,72.16999816894531,72.9000015258789,71.72000122070312,72.61000061035156,52.774532318115234,9203700,,
2015-1-27,71.9000015258789,72.5,70.94000244140625,71.7699966430664,52.164024353027344,11398800,,
2015-1-28,72.5,72.5,70.8499984741211,70.98999786376953,51.597084045410156,15722100,,
2015-1-29,65.51000213623047,65.69000244140625,62.470001220703125,63.689998626708984,46.29129409790039,47115300,,
2015-1-30,63.040000915527344,64.01000213623047,62.38999938964844,62.459999084472656,45.39728927612305,26407800,,
2015-2-2,62.4900016784668,65.93000030517578,62.2599983215332,65.52999877929688,47.62863540649414,21130600,,
2015-2-3,65.77999877929688,67.04000091552734,65.4800033569336,66.95999908447266,48.667999267578125,16354200,,
2015-2-4,66.58999633789062,67.70999908447266,66.12000274658203,66.95999908447266,48.667999267578125,13089600,,
2015-2-5,67.16999816894531,67.98999786376953,66.79000091552734,67.94999694824219,49.38753890991211,10650500,,
2015-2-6,67.80999755859375,67.94999694824219,66.06999969482422,66.3499984741211,48.224647521972656,11779500,,
2015-2-9,68.16000366210938,68.95999908447266,66.95999908447266,67.11000061035156,48.77703094482422,15651100,,
2015-2-10,69.08999633789062,70.45999908447266,68.83000183105469,70.26000213623047,51.06650924682617,36081200,,
2015-2-11,70.56999969482422,70.94999694824219,70,70.20999908447266,51.0301628112793,13439300,,
2015-2-12,69.58000183105469,70.38999938964844,69.55999755859375,70.38999938964844,51.16099548339844,12798300,,
2015-2-13,70.48999786376953,70.93000030517578,70.2699966430664,70.87999725341797,51.51713562011719,8050200,,
2015-2-17,70.76000213623047,70.91000366210938,70.45999908447266,70.80000305175781,51.4589958190918,8764300,,
2015-2-18,70.33999633789062,70.87999725341797,70.11000061035156,70.54000091552734,51.27001953125,8097400,,
2015-2-19,70.2300033569336,71.2699966430664,70.20999908447266,70.9800033569336,51.58982467651367,9785300,,
2015-2-20,70.83000183105469,71.72000122070312,70.58999633789062,71.5199966430664,51.98229217529297,8657300,,
2015-2-23,71.26000213623047,71.55000305175781,70.36000061035156,70.94000244140625,51.56074523925781,8617700,,
2015-2-24,70.73999786376953,71.47000122070312,70.37000274658203,71.37000274658203,51.873260498046875,10131900,,
2015-2-25,71.01000213623047,72.2300033569336,71.01000213623047,71.68000030517578,52.098602294921875,10578100,,
2015-2-26,71.87000274658203,72.2699966430664,71.61000061035156,72.01000213623047,52.338436126708984,9838700,,
2015-2-27,71.80999755859375,72.56999969482422,71.19999694824219,72.51000213623047,52.70185089111328,10297400,,
2015-3-2,71.80000305175781,72.9000015258789,71.61000061035156,72.66000366210938,53.118568420410156,8979300,0.42,
2015-3-3,72.01000213623047,72.48999786376953,71.3499984741211,71.41000366210938,52.20473861694336,9236400,,
2015-3-4,71.0999984741211,71.5,70.55999755859375,70.8499984741211,51.79533004760742,8476200,,
2015-3-5,71.19999694824219,71.2699966430664,70.69000244140625,70.93000030517578,51.85382080078125,6955800,,
2015-3-6,70.55999755859375,71.69000244140625,70.51000213623047,71.51000213623047,52.27784729003906,12022100,,
2015-3-9,71.63999938964844,72.87000274658203,71.63999938964844,72.70999908447266,53.15510559082031,12754700,,
2015-3-10,73.87000274658203,74.08999633789062,71.86000061035156,71.88999938964844,52.55564880371094,29111600,,
2015-3-11,71.5199966430664,71.72000122070312,70.23999786376953,70.2699966430664,51.37132263183594,21690200,,
2015-3-12,70,70.55000305175781,69.19999694824219,69.37000274658203,50.71338653564453,16004300,,
2015-3-13,69.01000213623047,69.63999938964844,68.31999969482422,68.63999938964844,50.17970275878906,13946800,,
2015-3-16,69.13999938964844,70.02999877929688,68.91000366210938,70,51.1739616394043,11643400,,
2015-3-17,69.44000244140625,70.16999816894531,69.20999908447266,69.81999969482422,51.04236602783203,11540300,,
2015-3-18,69.5999984741211,70.48999786376953,69.05999755859375,70.2300033569336,51.34210205078125,10245700,,
2015-3-19,70.2300033569336,70.58999633789062,69.77999877929688,69.83000183105469,51.0496711730957,6959800,,
2015-3-20,70.19999694824219,70.61000061035156,69.79000091552734,70.04000091552734,51.20318603515625,22646600,,
2015-3-23,69.91999816894531,70.58000183105469,69.80999755859375,70.06999969482422,51.22511672973633,7700600,,
2015-3-24,69.98999786376953,70.2300033569336,68.97000122070312,68.97000122070312,50.420963287353516,9964700,,
2015-3-25,68.86000061035156,68.87000274658203,67.19999694824219,67.20999908447266,49.13430404663086,11980500,,
2015-3-26,66.54000091552734,67.44999694824219,65.68000030517578,67.16000366210938,49.09774398803711,13835900,,
2015-3-27,67.22000122070312,67.93000030517578,66.75,67.02999877929688,49.0026969909668,8560400,,
2015-3-30,67.73999786376953,69,67.45999908447266,68.87999725341797,50.355159759521484,11404500,,
2015-3-31,68.16000366210938,69.54000091552734,68.16000366210938,69.33999633789062,50.69144821166992,13035300,,
2015-4-1,68.47000122070312,69.47000122070312,68.44999694824219,69.43000030517578,50.75723648071289,10455800,,
2015-4-2,69.5199966430664,69.61000061035156,67.76000213623047,67.97000122070312,49.68989944458008,14206200,,
2015-4-6,66.19000244140625,67.95999908447266,66.18000030517578,67.76000213623047,49.536376953125,11906300,,
2015-4-7,67.72000122070312,68.12000274658203,67.26000213623047,67.31999969482422,49.21471405029297,13948000,,
2015-4-8,66.94000244140625,67.58999633789062,66.93000030517578,67.26000213623047,49.17084503173828,15783100,,
2015-4-9,67.41999816894531,69.08999633789062,67.30999755859375,68.80999755859375,50.303985595703125,14169200,,
2015-4-10,68.66999816894531,69.19999694824219,68.47000122070312,69.16000366210938,50.55986404418945,10437900,,
2015-4-13,71.2300033569336,71.9000015258789,68.63999938964844,68.7300033569336,50.24550247192383,28612900,,
2015-4-14,69.16000366210938,69.19999694824219,68.5999984741211,68.97000122070312,50.420963287353516,12305100,,
2015-4-15,69.29000091552734,69.5,68.19000244140625,68.45999908447266,50.048126220703125,11923400,,
2015-4-16,68.16000366210938,68.25,67.7300033569336,67.91000366210938,49.646034240722656,10649900,,
2015-4-17,67.48999786376953,67.94999694824219,66.95999908447266,67.11000061035156,49.06121063232422,14011100,,
2015-4-20,67.25,68.80000305175781,67.19000244140625,68.63999938964844,50.17970275878906,12893800,,
2015-4-21,68.83999633789062,68.94000244140625,68.37999725341797,68.56999969482422,50.1285400390625,7839300,,
2015-4-22,68.76000213623047,69.20999908447266,68.25,68.94000244140625,50.39903259277344,13289500,,
2015-4-23,67.3499984741211,68.43000030517578,66.95999908447266,68.33999633789062,49.960411071777344,18341100,,
2015-4-24,68.02999877929688,68.31999969482422,67.66999816894531,68.23999786376953,49.887290954589844,8757800,,
2015-4-27,68.7699966430664,69.68000030517578,68.61000061035156,69.2300033569336,50.61103820800781,11818400,,
2015-4-28,69.04000091552734,69.81999969482422,69.01000213623047,69.6500015258789,50.91807556152344,8272600,,
2015-4-29,69.19000244140625,69.33999633789062,68,68.66999816894531,50.201637268066406,7660400,,
2015-4-30,68.33000183105469,68.58999633789062,67.61000061035156,68,49.71182632446289,8319800,,
2015-5-1,68.30999755859375,68.54000091552734,67.95999908447266,68.41999816894531,50.01888656616211,7166200,,
2015-5-4,68.44999694824219,69.36000061035156,68.22000122070312,69.05999755859375,50.486751556396484,7013800,,
2015-5-5,68.8499984741211,69,68.12999725341797,68.37000274658203,49.982330322265625,8660600,,
2015-5-6,68.19999694824219,68.8499984741211,67.5,67.80999755859375,49.57293701171875,7858200,,
2015-5-7,67.80000305175781,68.44999694824219,67.79000091552734,68.43000030517578,50.02617645263672,6514000,,
2015-5-8,68.8499984741211,69.41000366210938,68.55000305175781,69.41000366210938,50.742618560791016,7393300,,
2015-5-11,69.16999816894531,69.3499984741211,68.81999969482422,69.05000305175781,50.47942352294922,6379200,,
2015-5-12,68.69999694824219,69.0199966430664,68.0999984741211,68.79000091552734,50.289371490478516,8070400,,
2015-5-13,69.2300033569336,70.5,69,69.7300033569336,50.97657012939453,12031200,,
2015-5-14,69.98999786376953,70.66000366210938,69.80999755859375,70.5199966430664,51.55409622192383,10945700,,
2015-5-15,70.61000061035156,71.08999633789062,70.43000030517578,71.05999755859375,51.9488639831543,9858600,,
2015-5-18,70.98999786376953,71.12999725341797,70.25,70.41999816894531,51.48099899291992,5352500,,
2015-5-19,70.33000183105469,70.41999816894531,69.47000122070312,69.62000274658203,50.89615249633789,7609100,,
2015-5-20,69.80000305175781,69.83999633789062,69.22000122070312,69.27999877929688,50.647579193115234,8420200,,
2015-5-21,69.62999725341797,70.94999694824219,69.02999877929688,70.08999633789062,51.23973083496094,27529700,,
2015-5-22,69.56999969482422,69.94000244140625,69.44000244140625,69.51000213623047,50.81572723388672,13177300,,
2015-5-26,69.52999877929688,69.62000274658203,68.75,69.36000061035156,50.706077575683594,14768600,,
2015-5-27,69.4000015258789,71.13999938964844,69.0999984741211,71.0199966430664,51.91963195800781,17559100,,
2015-5-28,70.94999694824219,71.31999969482422,70.51000213623047,70.5999984741211,51.61258316040039,11939000,,
2015-5-29,70.69000244140625,70.9000015258789,69.5999984741211,69.68000030517578,50.94001007080078,18256900,,
2015-6-1,69.51000213623047,69.9000015258789,69.11000061035156,69.41999816894531,51.10195541381836,8600500,0.48,
2015-6-2,69.36000061035156,69.66000366210938,69.05999755859375,69.3499984741211,51.05042266845703,12071300,,
2015-6-3,69.80000305175781,70.05000305175781,69.44999694824219,69.86000061035156,51.42586135864258,6533300,,
2015-6-4,69.36000061035156,69.51000213623047,68.76000213623047,68.9000015258789,50.719173431396484,9909300,,
2015-6-5,68.95999908447266,68.95999908447266,68.22000122070312,68.26000213623047,50.2480583190918,8067900,,
2015-6-8,68.02999877929688,68.19999694824219,67.25,67.27999877929688,49.526641845703125,9158400,,
2015-6-9,67.37999725341797,67.47000122070312,66.7699966430664,66.83999633789062,49.202735900878906,7611700,,
2015-6-10,66.91000366210938,67.69000244140625,66.91000366210938,67.30999755859375,49.548728942871094,12825900,,
2015-6-11,67.58999633789062,67.80999755859375,67.38999938964844,67.5999984741211,49.762210845947266,10609800,,
2015-6-12,67.05999755859375,67.55000305175781,66.79000091552734,67.02999877929688,49.34260559082031,6855600,,
2015-6-15,66.54000091552734,66.8499984741211,66.05999755859375,66.62999725341797,49.04815673828125,6817500,,
2015-6-16,66.44999694824219,66.62999725341797,65.93000030517578,66.45999908447266,48.92301940917969,6746800,,
2015-6-17,66.69000244140625,67.08000183105469,66.08000183105469,66.55000305175781,48.98928451538086,9563600,,
2015-6-18,66.72000122070312,67.66999816894531,66.66999816894531,67.36000061035156,49.58552551269531,10443500,,
2015-6-19,67.41000366210938,67.51000213623047,66.63999938964844,66.87999725341797,49.23219299316406,13233700,,
2015-6-22,67.04000091552734,67.62999725341797,67,67.36000061035156,49.58552551269531,11762800,,
2015-6-23,67.54000091552734,67.62000274658203,66.76000213623047,66.9800033569336,49.305809020996094,11791100,,
2015-6-24,67.08000183105469,67.12999725341797,65.29000091552734,65.3499984741211,48.10592269897461,15282700,,
2015-6-25,65.51000213623047,65.87000274658203,65.0199966430664,65.26000213623047,48.03966522216797,9838800,,
2015-6-26,65.37999725341797,65.55999755859375,64.5999984741211,64.66999816894531,47.6053581237793,34801400,,
2015-6-29,63.400001525878906,64.02999877929688,62.58000183105469,62.619998931884766,46.0963020324707,16549700,,
2015-6-30,62.75,63.150001525878906,62.45000076293945,62.630001068115234,46.103660583496094,12697400,,
2015-7-1,63.099998474121094,63.279998779296875,62.0099983215332,62.900001525878906,46.302406311035156,12669900,,
2015-7-2,63.0099983215332,63.650001525878906,62.9900016784668,63.11000061035156,46.456993103027344,11302800,,
2015-7-6,62.65999984741211,63.54999923706055,62.650001525878906,63.11000061035156,46.456993103027344,10068400,,
2015-7-7,63.27000045776367,63.380001068115234,61.47999954223633,62.79999923706055,46.228790283203125,13582600,,
2015-7-8,62.45000076293945,62.599998474121094,61.70000076293945,61.90999984741211,45.57364273071289,13827900,,
2015-7-9,62.849998474121094,63.43000030517578,61.849998474121094,61.86000061035156,45.53681564331055,12238900,,
2015-7-10,62.40999984741211,63.06999969482422,62.33000183105469,62.72999954223633,46.1772575378418,12906100,,
2015-7-13,63,63.70000076293945,63,63.43000030517578,46.692562103271484,11426600,,
2015-7-14,63.619998931884766,64.27999877929688,63.45000076293945,63.939998626708984,47.06797790527344,10282300,,
2015-7-15,63.310001373291016,64.19999694824219,63.29999923706055,63.880001068115234,47.023807525634766,8492000,,
2015-7-16,63.45000076293945,64.68000030517578,63.380001068115234,64.55000305175781,47.51702880859375,10385900,,
2015-7-17,64.11000061035156,64.6500015258789,64.01000213623047,64.33999633789062,47.3624153137207,8953500,,
2015-7-20,64.62999725341797,64.62999725341797,63.7400016784668,63.790000915527344,46.95757293701172,11381000,,
2015-7-21,64.61000061035156,66.05000305175781,64.44999694824219,65.13999938964844,47.951324462890625,17818900,,
2015-7-22,64.5,64.97000122070312,64.05000305175781,64.19000244140625,47.252010345458984,22660300,,
2015-7-23,62.56999969482422,62.779998779296875,60.83000183105469,61.779998779296875,45.477935791015625,37879800,,
2015-7-24,61.86000061035156,62.20000076293945,61.310001373291016,61.63999938964844,45.37488555908203,18525500,,
2015-7-27,61.97999954223633,62.5,61.5099983215332,61.97999954223633,45.62517547607422,14749700,,
2015-7-28,62.34000015258789,63.40999984741211,62.220001220703125,63.099998474121094,46.449623107910156,14090200,,
2015-7-29,63.08000183105469,63.560001373291016,62.75,63.16999816894531,46.50115966796875,9779100,,
2015-7-30,62.9900016784668,64.77999877929688,62.79999923706055,64.41000366210938,47.41395568847656,12697200,,
2015-7-31,64.66000366210938,64.94999694824219,64.2300033569336,64.38999938964844,47.399227142333984,9611600,,
2015-8-3,64.3499984741211,64.70999908447266,64.08000183105469,64.43000030517578,47.42867660522461,9847900,,
2015-8-4,64.41000366210938,64.81999969482422,63.220001220703125,63.45000076293945,46.70728302001953,12106800,,
2015-8-5,63.65999984741211,64.48999786376953,63.5,63.880001068115234,47.023807525634766,9451300,,
2015-8-6,63.75,64.11000061035156,62.650001525878906,62.84000015258789,46.25823974609375,12280300,,
2015-8-7,62.7599983215332,63.43000030517578,62.599998474121094,63.02000045776367,46.390743255615234,17441700,,
2015-8-10,62.5,63.33000183105469,62.5,63.150001525878906,46.486446380615234,17649600,,
2015-8-11,62.56999969482422,63.060001373291016,62.34000015258789,62.54999923706055,46.04476547241211,13667000,,
2015-8-12,62.400001525878906,62.66999816894531,61.599998474121094,62.58000183105469,46.06684494018555,12672100,,
2015-8-13,62.5,62.599998474121094,61.95000076293945,62.029998779296875,45.6619758605957,9402600,,
2015-8-14,61.790000915527344,62.54999923706055,61.790000915527344,61.90999984741211,45.57364273071289,9202800,,
2015-8-17,61.5,62.11000061035156,61.47999954223633,62.06999969482422,45.69142532348633,11549700,,
2015-8-18,61.56999969482422,61.849998474121094,61.29999923706055,61.31999969482422,45.13933181762695,10632100,,
2015-8-19,60.88999938964844,61.619998931884766,60.709999084472656,61.18000030517578,45.03627395629883,11577000,,
2015-8-20,60.849998474121094,61.34000015258789,60.150001525878906,60.150001525878906,44.27804183959961,13173500,,
2015-8-21,59.689998626708984,60.099998474121094,57.560001373291016,57.61000061035156,42.408287048339844,19647300,,
2015-8-24,54.18000030517578,57.810001373291016,52.59000015258789,55.279998779296875,40.69312286376953,29486900,,
2015-8-25,56.619998931884766,56.91999816894531,53.7400016784668,53.880001068115234,39.66252899169922,21855400,,
2015-8-26,55.5,56.7400016784668,54.849998474121094,56.65999984741211,41.7089729309082,22001500,,
2015-8-27,57.06999969482422,57.45000076293945,56.16999816894531,57.36000061035156,42.22426986694336,18261600,,
2015-8-28,57.150001525878906,57.7599983215332,57.029998779296875,57.45000076293945,42.29051208496094,12673300,,
2015-8-31,56.56999969482422,57.2599983215332,56.349998474121094,56.58000183105469,42.001007080078125,9898800,0.48,
2015-9-1,55.25,55.90999984741211,54.689998626708984,55.02000045776367,40.84296798706055,13136600,,
2015-9-2,55.630001068115234,55.880001068115234,55.0099983215332,55.86000061035156,41.46651077270508,11629100,,
2015-9-3,56.220001220703125,56.7599983215332,55.470001220703125,55.54999923706055,41.236412048339844,10717900,,
2015-9-4,54.939998626708984,55.099998474121094,54.13999938964844,54.290000915527344,40.30107116699219,11424700,,
2015-9-8,55.11000061035156,55.349998474121094,54.77000045776367,55.20000076293945,40.97658157348633,10938500,,
2015-9-9,55.849998474121094,55.88999938964844,54.15999984741211,54.31999969482422,40.323333740234375,12577200,,
2015-9-10,54.5,55.810001373291016,54.279998779296875,55.33000183105469,41.07309341430664,13997100,,
2015-9-11,55.04999923706055,55.15999984741211,54.349998474121094,54.65999984741211,40.57571792602539,10793300,,
2015-9-14,54.75,54.97999954223633,54.06999969482422,54.310001373291016,40.3159065246582,9720700,,
2015-9-15,54.81999969482422,55.16999816894531,54.36000061035156,54.869998931884766,40.73162078857422,9265000,,
2015-9-16,54.810001373291016,55.529998779296875,54.68000030517578,55.20000076293945,40.97658157348633,8091900,,
2015-9-17,55.189998626708984,55.90999984741211,54.849998474121094,54.97999954223633,40.813270568847656,9698100,,
2015-9-18,54.25,54.959999084472656,54.02000045776367,54.45000076293945,40.419830322265625,26572500,,
2015-9-21,54.630001068115234,54.72999954223633,54,54.38999938964844,40.375301361083984,9289600,,
2015-9-22,53.779998779296875,54.22999954223633,53.58000183105469,53.939998626708984,40.041263580322266,9946800,,
2015-9-23,54.150001525878906,54.150001525878906,53.369998931884766,53.560001373291016,39.75917434692383,7243900,,
2015-9-24,53.18000030517578,53.529998779296875,52.38999938964844,53.27000045776367,39.54389190673828,13502000,,
2015-9-25,53.95000076293945,54,52.959999084472656,53.220001220703125,39.506778717041016,11661900,,
2015-9-28,53.04999923706055,53.27000045776367,52.52000045776367,52.540000915527344,39.001991271972656,11773100,,
2015-9-29,52.5,52.90999984741211,52.16999816894531,52.43000030517578,38.92033004760742,9789900,,
2015-9-30,52.9900016784668,53.810001373291016,52.900001525878906,53.72999954223633,39.88536834716797,12849700,,
2015-10-1,53.599998474121094,53.81999969482422,53,53.18000030517578,39.477081298828125,9554900,,
2015-10-2,53.06999969482422,55.150001525878906,53,55.06999969482422,40.88007736206055,13192200,,
2015-10-5,55.58000183105469,56.4900016784668,55.56999969482422,56.22999954223633,41.74119186401367,9933200,,
2015-10-6,56,56.52000045776367,55.41999816894531,56.31999969482422,41.80799102783203,10336500,,
2015-10-7,56.560001373291016,57.349998474121094,56.040000915527344,56.61000061035156,42.02327346801758,8952300,,
2015-10-8,56.4900016784668,57.68000030517578,56.31999969482422,57.65999984741211,42.8027229309082,8635200,,
2015-10-9,57.869998931884766,58.119998931884766,57.369998931884766,57.779998779296875,42.89179229736328,8883000,,
2015-10-12,57.630001068115234,58.08000183105469,57.470001220703125,57.790000915527344,42.89921951293945,6913400,,
2015-10-13,57.189998626708984,58.08000183105469,57.02000045776367,57.5099983215332,42.69137191772461,7377300,,
2015-10-14,57.52000045776367,59.13999938964844,57.5099983215332,58.630001068115234,43.52278137207031,12471600,,
2015-10-15,59,59.90999984741211,58.65999984741211,59.2599983215332,43.990447998046875,9055600,,
2015-10-16,59.47999954223633,60,58.90999984741211,59.90999984741211,44.47296142578125,8924900,,
2015-10-19,59.459999084472656,59.630001068115234,58.61000061035156,59.099998474121094,43.87166213989258,10975200,,
2015-10-20,58.68000030517578,59.209999084472656,58.68000030517578,59,43.79745101928711,9102200,,
2015-10-21,59.279998779296875,59.77000045776367,58.88999938964844,58.970001220703125,43.77516555786133,6915400,,
2015-10-22,59.4900016784668,60.63999938964844,59.4900016784668,60.43000030517578,44.85896682739258,10913600,,
2015-10-23,60.630001068115234,61.189998626708984,60.4900016784668,60.72999954223633,45.0816650390625,9175600,,
2015-10-26,60.90999984741211,60.90999984741211,58.70000076293945,59.209999084472656,43.95332717895508,13381000,,
2015-10-27,58.90999984741211,59.349998474121094,58.77000045776367,59.279998779296875,44.00530242919922,9485900,,
2015-10-28,59.33000183105469,60.29999923706055,59.22999954223633,60.27000045776367,44.74020767211914,7738300,,
2015-10-29,59.66999816894531,60.22999954223633,59.58000183105469,60,44.53978729248047,5567700,,
2015-10-30,60.119998931884766,60.20000076293945,59.41999816894531,59.41999816894531,44.10919952392578,8630300,,
2015-11-2,59.70000076293945,60.7599983215332,59.5099983215332,60.63999938964844,45.01485824584961,8577200,,
2015-11-3,60.400001525878906,61.18000030517578,60.2599983215332,60.869998931884766,45.185604095458984,7704300,,
2015-11-4,60.88999938964844,61.0099983215332,60.06999969482422,60.2599983215332,44.7327766418457,10795900,,
2015-11-5,56.72999954223633,56.810001373291016,49.91999816894531,51.06999969482422,37.9107666015625,65856400,,
2015-11-6,51.630001068115234,53.70000076293945,51.630001068115234,53.41999816894531,39.655242919921875,31252900,,
2015-11-9,52.880001068115234,53.349998474121094,52.619998931884766,52.939998626708984,39.298919677734375,15092000,,
2015-11-10,52.529998779296875,52.9900016784668,51.95000076293945,52.27000045776367,38.80156707763672,13489500,,
2015-11-11,52.599998474121094,53.2400016784668,52.369998931884766,52.849998474121094,39.23211669921875,11026300,,
2015-11-12,52.75,53.189998626708984,52.52000045776367,52.58000183105469,39.031673431396484,10807000,,
2015-11-13,52.29999923706055,52.75,51.81999969482422,51.939998626708984,38.55658721923828,10439900,,
2015-11-16,51.959999084472656,52.86000061035156,51.959999084472656,52.77000045776367,39.1727294921875,9214000,,
2015-11-17,52.70000076293945,53.54999923706055,52.56999969482422,52.97999954223633,39.328609466552734,10686200,,
2015-11-18,51.939998626708984,51.939998626708984,47.52000045776367,48,35.63181686401367,45214500,,
2015-11-19,48.5099983215332,49.279998779296875,48.22999954223633,48.38999938964844,35.92131423950195,20547900,,
2015-11-20,48.79999923706055,49.77000045776367,48.5,49.619998931884766,36.83438491821289,17229800,,
2015-11-23,49.09000015258789,49.58000183105469,48.7599983215332,48.970001220703125,36.35188674926758,11632800,,
2015-11-24,49.029998779296875,49.72999954223633,48.86000061035156,49.40999984741211,36.67849349975586,12090100,,
2015-11-25,49.40999984741211,49.650001525878906,48.849998474121094,49.099998474121094,36.44837951660156,9967100,,
2015-11-27,48.66999816894531,48.849998474121094,48.470001220703125,48.540000915527344,36.388404846191406,3441600,0.48,
2015-11-30,48.599998474121094,48.86000061035156,48.29999923706055,48.790000915527344,36.57582473754883,13716000,,
2015-12-1,48.75,49.31999969482422,48.599998474121094,49.29999923706055,36.95814895629883,9915800,,
2015-12-2,51.90999984741211,53.439998626708984,51.79999923706055,51.849998474121094,38.869781494140625,36745100,,
2015-12-3,52.15999984741211,52.2400016784668,50.369998931884766,51.400001525878906,38.53242874145508,25438100,,
2015-12-4,52.09000015258789,52.56999969482422,51.40999984741211,52.34000015258789,39.23711395263672,16177700,,
2015-12-7,52.310001373291016,52.540000915527344,51.88999938964844,52.43000030517578,39.30457305908203,10160700,,
2015-12-8,50.630001068115234,50.959999084472656,49.310001373291016,49.47999954223633,37.093082427978516,18917100,,
2015-12-9,49.63999938964844,49.97999954223633,48.41999816894531,48.59000015258789,36.4258918762207,16131000,,
2015-12-10,48.650001525878906,49.56999969482422,48.470001220703125,48.56999969482422,36.410888671875,11619500,,
2015-12-11,48.20000076293945,48.36000061035156,47.34000015258789,47.459999084472656,35.578773498535156,12977600,,
2015-12-14,47.40999984741211,47.959999084472656,45.93000030517578,46.83000183105469,35.10650634765625,17157400,,
2015-12-15,47.709999084472656,48.810001373291016,46.79999923706055,48.02000045776367,35.99858474731445,20086900,,
2015-12-16,48.25,48.599998474121094,47.150001525878906,48.06999969482422,36.03605270385742,13308300,,
2015-12-17,49.31999969482422,49.599998474121094,47.540000915527344,47.540000915527344,35.63874816894531,15328000,,
2015-12-18,47.369998931884766,48.040000915527344,47.02000045776367,47.43000030517578,35.55628967285156,46440200,,
2015-12-21,47.61000061035156,48.93000030517578,47.540000915527344,48.7599983215332,36.5533332824707,16779000,,
2015-12-22,48.529998779296875,49.189998626708984,48.43000030517578,49.06999969482422,36.78573226928711,10139800,,
2015-12-23,49.2400016784668,49.52000045776367,48.900001525878906,49.040000915527344,36.76323318481445,9397900,,
2015-12-24,49,49.880001068115234,49,49.54999923706055,37.145565032958984,5338500,,
2015-12-28,49.45000076293945,49.810001373291016,49.22999954223633,49.58000183105469,37.168052673339844,8395600,,
2015-12-29,50.279998779296875,51.25,50.06999969482422,50.880001068115234,38.14260482788086,14371300,,
2015-12-30,50.880001068115234,51.25,50.36000061035156,50.40999984741211,37.79026412963867,8529300,,
2015-12-31,50.060001373291016,50.439998626708984,49.88999938964844,49.9900016784668,37.47541427612305,7613400,,
2016-1-4,49.43000030517578,50.18000030517578,48.90999984741211,50.119998931884766,37.5728645324707,12571300,,
2016-1-5,50.459999084472656,50.599998474121094,49.06999969482422,49.13999938964844,36.83819580078125,13482300,,
2016-1-6,48.36000061035156,48.65999984741211,47.7599983215332,48.63999938964844,36.4633674621582,15783500,,
2016-1-7,47.779998779296875,48,45.97999954223633,46.13999938964844,34.58922576904297,20495600,,
2016-1-8,46.810001373291016,46.849998474121094,45.84000015258789,45.880001068115234,34.394325256347656,15285500,,
2016-1-11,46.36000061035156,46.529998779296875,45.33000183105469,46.06999969482422,34.53675842285156,13624900,,
2016-1-12,46.45000076293945,46.68000030517578,45.619998931884766,46.52000045776367,34.874088287353516,9290700,,
2016-1-13,47.220001220703125,47.970001220703125,46.06999969482422,46.099998474121094,34.55923843383789,17285100,,
2016-1-14,46.209999084472656,48.0099983215332,45.84000015258789,47.72999954223633,35.78120040893555,21649400,,
2016-1-15,46.040000915527344,46.5099983215332,45.130001068115234,45.81999969482422,34.349334716796875,17273300,,
2016-1-19,46.5,46.58000183105469,45.470001220703125,46.09000015258789,34.5517463684082,12680000,,
2016-1-20,45.5,46.18000030517578,44.38999938964844,45.93000030517578,34.43179702758789,14761500,,
2016-1-21,46.36000061035156,47.439998626708984,45.709999084472656,47.04999923706055,35.271419525146484,12913700,,
2016-1-22,47.810001373291016,48.279998779296875,47.439998626708984,48.06999969482422,36.03605270385742,12154900,,
2016-1-25,47.970001220703125,48.38999938964844,47.52000045776367,47.58000183105469,35.668724060058594,9365800,,
2016-1-26,47.599998474121094,48.849998474121094,47.52000045776367,48.52000045776367,36.3734016418457,9273400,,
2016-1-27,48,48.58000183105469,47.15999984741211,47.529998779296875,35.63124465942383,12305000,,
2016-1-28,45.79999923706055,45.81999969482422,43.470001220703125,43.59000015258789,32.6776008605957,27935200,,
2016-1-29,44.04999923706055,45.349998474121094,43.66999816894531,45.34000015258789,33.989501953125,24039200,,
2016-2-1,44.709999084472656,46.40999984741211,44.38999938964844,46.11000061035156,34.56673812866211,13120400,,
2016-2-2,45.18000030517578,45.400001525878906,42.880001068115234,43.150001525878906,32.34775161743164,21079700,,
2016-2-3,43.599998474121094,45,43.310001373291016,44.72999954223633,33.53221130371094,16733600,,
2016-2-4,44.619998931884766,45.7599983215332,44.380001068115234,45.65999984741211,34.22939682006836,10798900,,
2016-2-5,45.45000076293945,45.599998474121094,43.77000045776367,44.02000045776367,32.99995040893555,10709800,,
2016-2-8,43.5099983215332,44.15999984741211,42.83000183105469,43.88999938964844,32.902496337890625,12799000,,
2016-2-9,43.650001525878906,44.060001373291016,43.16999816894531,43.61000061035156,32.692588806152344,10339800,,
2016-2-10,44,44.52000045776367,42.900001525878906,42.959999084472656,32.205318450927734,10044600,,
2016-2-11,42.5099983215332,43.290000915527344,42.2400016784668,43,32.23529815673828,12537700,,
2016-2-12,43.349998474121094,44.7599983215332,43.08000183105469,44.560001373291016,33.40476989746094,11696500,,
2016-2-16,45.599998474121094,46.83000183105469,45.400001525878906,46.72999954223633,35.03152847290039,13832500,,
2016-2-17,47.04999923706055,48.529998779296875,47.0099983215332,48.40999984741211,36.290950775146484,14868200,,
2016-2-18,48.40999984741211,49.310001373291016,48.02000045776367,49.08000183105469,36.793212890625,13173100,,
2016-2-19,49.040000915527344,50.040000915527344,48.7599983215332,49.41999816894531,37.048099517822266,16196800,,
2016-2-22,50.08000183105469,51.290000915527344,50.06999969482422,51.279998779296875,38.44247055053711,16793600,,
2016-2-23,51,51,50.11000061035156,50.41999816894531,37.797752380371094,9358700,,
2016-2-24,50,51.65999984741211,49.72999954223633,51.52000045776367,38.62238693237305,10966600,,
2016-2-25,51.5,51.790000915527344,50.900001525878906,51.63999938964844,38.71235275268555,8352400,,
2016-2-26,52,52,51.220001220703125,51.619998931884766,38.697357177734375,9528400,,
2016-2-29,51.16999816894531,51.529998779296875,50.709999084472656,50.790000915527344,38.43251419067383,12127300,0.48,
2016-3-1,51.08000183105469,52.11000061035156,51.060001373291016,52.11000061035156,39.431358337402344,11977400,,
2016-3-2,52.38999938964844,52.97999954223633,52.2400016784668,52.849998474121094,39.991310119628906,15664800,,
2016-3-3,52.45000076293945,52.810001373291016,51.86000061035156,52.380001068115234,39.63565444946289,12365200,,
2016-3-4,52.33000183105469,52.900001525878906,51.900001525878906,52.65999984741211,39.84752655029297,12770300,,
2016-3-7,52.439998626708984,53.52000045776367,52.36000061035156,53.29999923706055,40.33180618286133,10171500,,
2016-3-8,52.88999938964844,53.209999084472656,51.97999954223633,52.459999084472656,39.696197509765625,11684300,,
2016-3-9,52.40999984741211,52.52000045776367,51.7400016784668,51.95000076293945,39.310279846191406,13964500,,
2016-3-10,51.90999984741211,52.369998931884766,51.16999816894531,52.02000045776367,39.36323547363281,9539100,,
2016-3-11,52.59000015258789,52.63999938964844,51.88999938964844,52.220001220703125,39.51458740234375,11404300,,
2016-3-14,52.2400016784668,52.40999984741211,51.7400016784668,52.09000015258789,39.416202545166016,7407200,,
2016-3-15,51.75,51.83000183105469,50.97999954223633,51.630001068115234,39.068138122558594,12887600,,
2016-3-16,51.630001068115234,51.630001068115234,50.90999984741211,51.29999923706055,38.81842041015625,21052300,,
2016-3-17,51.150001525878906,51.689998626708984,51.119998931884766,51.380001068115234,38.87897491455078,10190400,,
2016-3-18,51.689998626708984,51.869998931884766,51.22999954223633,51.59000015258789,39.037872314453125,28991500,,
2016-3-21,51.599998474121094,52.349998474121094,51.5099983215332,52.209999084472656,39.50701904296875,11796500,,
2016-3-22,51.84000015258789,52.31999969482422,51.790000915527344,52.02000045776367,39.36323547363281,6623200,,
2016-3-23,52.119998931884766,52.15999984741211,50.810001373291016,50.9900016784668,38.58384704589844,9194600,,
2016-3-24,50.630001068115234,50.900001525878906,50.130001068115234,50.86000061035156,38.4854736328125,7527300,,
2016-3-28,50.43000030517578,50.61000061035156,49.95000076293945,50.189998626708984,37.97850036621094,9065200,,
2016-3-29,50,50.939998626708984,49.66999816894531,50.689998626708984,38.35684585571289,10462600,,
2016-3-30,51.16999816894531,51.650001525878906,50.72999954223633,50.9900016784668,38.58384704589844,7142800,,
2016-3-31,50.869998931884766,51.43000030517578,50.83000183105469,51.13999938964844,38.697364807128906,7315800,,
2016-4-1,51.08000183105469,51.11000061035156,50.0099983215332,50.880001068115234,38.5006103515625,9379800,,
2016-4-4,50.810001373291016,51.11000061035156,50.5099983215332,50.650001525878906,38.32657241821289,6289600,,
2016-4-5,50.439998626708984,50.529998779296875,50,50.06999969482422,37.8876838684082,6863300,,
2016-4-6,50.13999938964844,50.72999954223633,49.72999954223633,50.619998931884766,38.30387496948242,7631600,,
2016-4-7,50.400001525878906,50.45000076293945,49.77000045776367,50.029998779296875,37.8574333190918,7532200,,
2016-4-8,50.369998931884766,51.150001525878906,50.25,50.560001373291016,38.25847244262695,5584800,,
2016-4-11,50.86000061035156,51.58000183105469,50.86000061035156,51,38.59141159057617,8637200,,
2016-4-12,51.04999923706055,51.099998474121094,50.20000076293945,50.81999969482422,38.45521926879883,6116900,,
2016-4-13,51.29999923706055,52.439998626708984,51.150001525878906,51.91999816894531,39.28757095336914,13813500,,
2016-4-14,51.849998474121094,51.88999938964844,51.2400016784668,51.81999969482422,39.211910247802734,7921400,,
2016-4-15,51.93000030517578,51.9900016784668,51.029998779296875,51.060001373291016,38.636817932128906,10143300,,
2016-4-18,51.09000015258789,51.72999954223633,50.939998626708984,51.54999923706055,39.007606506347656,7673100,,
2016-4-19,51.72999954223633,51.93000030517578,51.29999923706055,51.83000183105469,39.219482421875,9306400,,
2016-4-20,51.93000030517578,52.540000915527344,51.810001373291016,52.09000015258789,39.416202545166016,11216900,,
2016-4-21,51.29999923706055,51.79999923706055,50.7400016784668,51.66999816894531,39.09840774536133,16728600,,
2016-4-22,51.709999084472656,53.09000015258789,51.68000030517578,52.63999938964844,39.83240509033203,14029800,,
2016-4-25,52.599998474121094,52.720001220703125,52.029998779296875,52.43000030517578,39.673484802246094,6941200,,
2016-4-26,52.540000915527344,52.959999084472656,52.45000076293945,52.90999984741211,40.03670883178711,7600100,,
2016-4-27,52.029998779296875,53.130001068115234,52.0099983215332,52.900001525878906,40.029136657714844,8256600,,
2016-4-28,52.47999954223633,53.279998779296875,52.040000915527344,52.130001068115234,39.44648361206055,7795000,,
2016-4-29,51.83000183105469,52,50.11000061035156,50.52000045776367,38.22820281982422,11437400,,
2016-5-2,50.689998626708984,51.16999816894531,50.130001068115234,51.11000061035156,38.67464065551758,7123500,,
2016-5-3,50.66999816894531,50.91999816894531,50.189998626708984,50.72999954223633,38.387115478515625,7848600,,
2016-5-4,50.189998626708984,50.880001068115234,50.150001525878906,50.4900016784668,38.205509185791016,11981800,,
2016-5-5,50.7400016784668,51.27000045776367,50.43000030517578,51.130001068115234,38.68978500366211,10189100,,
2016-5-6,50.650001525878906,51.119998931884766,50.380001068115234,50.91999816894531,38.530887603759766,9434500,,
2016-5-9,51,51.599998474121094,50.790000915527344,51.20000076293945,38.742759704589844,7173600,,
2016-5-10,51.2599983215332,52.22999954223633,50.970001220703125,52.150001525878906,39.46162414550781,8199000,,
2016-5-11,51.83000183105469,52.529998779296875,51.689998626708984,52.150001525878906,39.46162414550781,8324100,,
2016-5-12,52.33000183105469,52.529998779296875,51.36000061035156,51.5099983215332,38.977333068847656,9516000,,
2016-5-13,51.459999084472656,52.08000183105469,51.11000061035156,51.31999969482422,38.83356475830078,6975100,,
2016-5-16,51.31999969482422,52.16999816894531,51.119998931884766,51.90999984741211,39.280006408691406,6823600,,
2016-5-17,51.7400016784668,52.279998779296875,51.5,51.9900016784668,39.340545654296875,9386200,,
2016-5-18,52.06999969482422,53.34000015258789,52,52.790000915527344,39.94590759277344,10507200,,
2016-5-19,52.709999084472656,53.08000183105469,52.2599983215332,52.7599983215332,39.923194885253906,8614000,,
2016-5-20,52.970001220703125,54.58000183105469,52.869998931884766,54.52000045776367,41.25498580932617,14003600,,
2016-5-23,54.20000076293945,54.86000061035156,54.150001525878906,54.18000030517578,40.997703552246094,9685300,,
2016-5-24,54.41999816894531,55.619998931884766,54.400001525878906,55.59000015258789,42.064632415771484,13097700,,
2016-5-25,55.70000076293945,56.27000045776367,55.689998626708984,55.97999954223633,42.359771728515625,9266500,,
2016-5-26,55.970001220703125,56.13999938964844,55.5099983215332,55.7400016784668,42.17815017700195,7020900,,
2016-5-27,55.33000183105469,55.38999938964844,55.02000045776367,55.27000045776367,42.22397994995117,5918200,0.53,
2016-5-31,55.38999938964844,55.43000030517578,54.81999969482422,54.91999816894531,41.95659637451172,15093400,,
2016-6-1,54.5,54.970001220703125,54.45000076293945,54.790000915527344,41.8572883605957,12156800,,
2016-6-2,54.650001525878906,54.91999816894531,54.290000915527344,54.880001068115234,41.92604064941406,9036200,,
2016-6-3,54.9900016784668,55.0099983215332,54.470001220703125,54.939998626708984,41.97187042236328,10008100,,
2016-6-6,54.97999954223633,55.369998931884766,54.65999984741211,54.88999938964844,41.93368148803711,7905100,,
2016-6-7,54.939998626708984,55.18000030517578,54.66999816894531,54.84000015258789,41.895484924316406,5400200,,
2016-6-8,54.72999954223633,55.04999923706055,54.66999816894531,54.939998626708984,41.97187042236328,6314800,,
2016-6-9,54.400001525878906,55.040000915527344,54.189998626708984,54.97999954223633,42.0024528503418,8726200,,
2016-6-10,54.459999084472656,54.75,53.400001525878906,53.83000183105469,41.123878479003906,15791600,,
2016-6-13,53.599998474121094,53.900001525878906,52.7400016784668,52.83000183105469,40.359920501708984,12128900,,
2016-6-14,52.65999984741211,53.25,52.470001220703125,52.70000076293945,40.2606086730957,8887300,,
2016-6-15,53.04999923706055,53.560001373291016,52.66999816894531,53.279998779296875,40.70370101928711,8832400,,
2016-6-16,52.970001220703125,53.470001220703125,52.47999954223633,53.41999816894531,40.81066131591797,5907500,,
2016-6-17,53.72999954223633,53.81999969482422,53.099998474121094,53.54999923706055,40.909976959228516,14548800,,
2016-6-20,54.16999816894531,54.65999984741211,53.86000061035156,53.88999938964844,41.16972732543945,8680800,,
2016-6-21,54.25,54.25,53.599998474121094,53.880001068115234,41.16207504272461,6431700,,
2016-6-22,53.900001525878906,54.970001220703125,53.900001525878906,54.040000915527344,41.28432083129883,8481600,,
2016-6-23,54.849998474121094,55.56999969482422,54.56999969482422,55.54999923706055,42.437904357910156,8952200,,
2016-6-24,53.0099983215332,53.81999969482422,52.119998931884766,52.119998931884766,39.81752014160156,17018500,,
2016-6-27,52.290000915527344,52.290000915527344,50.84000015258789,51.13999938964844,39.068851470947266,11642700,,
2016-6-28,51.70000076293945,52.560001373291016,51.529998779296875,52.5099983215332,40.11546325683594,7470400,,
2016-6-29,53.060001373291016,53.84000015258789,52.75,53.54999923706055,40.909976959228516,7126900,,
2016-6-30,52.900001525878906,53.56999969482422,52.459999084472656,53.56999969482422,40.92524719238281,9254400,,
2016-7-1,52.9900016784668,53.38999938964844,52.84000015258789,53,40.489803314208984,6385000,,
2016-7-5,52.95000076293945,52.970001220703125,51.88999938964844,51.939998626708984,39.68000411987305,10626200,,
2016-7-6,51.56999969482422,52.529998779296875,51.15999984741211,52.369998931884766,40.00851821899414,7740700,,
2016-7-7,52.58000183105469,53.380001068115234,52.40999984741211,52.93000030517578,40.43631362915039,5763300,,
2016-7-8,53.4900016784668,54.33000183105469,53.31999969482422,54.189998626708984,41.39891815185547,6853900,,
2016-7-11,53.959999084472656,54.709999084472656,53.939998626708984,54.119998931884766,41.34543991088867,6941600,,
2016-7-12,54.45000076293945,54.7400016784668,54.209999084472656,54.619998931884766,41.72742462158203,7413700,,
2016-7-13,54.90999984741211,55,54.630001068115234,54.83000183105469,41.88784408569336,5676400,,
2016-7-14,55.189998626708984,55.369998931884766,54.560001373291016,54.880001068115234,41.92604064941406,6601500,,
2016-7-15,54.86000061035156,54.86000061035156,54.16999816894531,54.75,41.82673645019531,10236900,,
2016-7-18,55.13999938964844,55.650001525878906,54.97999954223633,55.349998474121094,42.28510284423828,9225900,,
2016-7-19,55.72999954223633,55.900001525878906,54.95000076293945,55.13999938964844,42.12466812133789,8164200,,
2016-7-20,55.36000061035156,55.95000076293945,55.040000915527344,55.81999969482422,42.6441650390625,17204300,,
2016-7-21,59.79999923706055,60.470001220703125,59.130001068115234,59.93000030517578,45.784027099609375,33912300,,
2016-7-22,60.209999084472656,61.18000030517578,59.83000183105469,61.150001525878906,46.71605682373047,12505700,,
2016-7-25,60.959999084472656,60.970001220703125,60.150001525878906,60.72999954223633,46.39519500732422,9166200,,
2016-7-26,61,61.5,60.77000045776367,61.349998474121094,46.868858337402344,11272600,,
2016-7-27,61.81999969482422,62.65999984741211,61.650001525878906,62.5099983215332,47.755035400390625,13395100,,
2016-7-28,62.439998626708984,62.790000915527344,62.16999816894531,62.43000030517578,47.693931579589844,8514200,,
2016-7-29,62.599998474121094,62.81999969482422,62.2400016784668,62.58000183105469,47.808528900146484,8291000,,
2016-8-1,62.369998931884766,62.400001525878906,61.58000183105469,61.849998474121094,47.25083541870117,14606200,,
2016-8-2,61.7400016784668,61.95000076293945,60.02000045776367,60.599998474121094,46.2958869934082,14732800,,
2016-8-3,60.59000015258789,61.11000061035156,60.5,61.0099983215332,46.60911178588867,6448200,,
2016-8-4,61.11000061035156,61.22999954223633,60.72999954223633,60.97999954223633,46.5861930847168,5169600,,
2016-8-5,61.52000045776367,62.11000061035156,61.27000045776367,62,47.365421295166016,8320700,,
2016-8-8,62.04999923706055,62.189998626708984,61.369998931884766,61.58000183105469,47.04457092285156,8410600,,
2016-8-9,61.90999984741211,62.439998626708984,61.83000183105469,61.9900016784668,47.35779571533203,5350300,,
2016-8-10,62,62.15999984741211,61.439998626708984,61.709999084472656,47.14387130737305,3836200,,
2016-8-11,61.88999938964844,62.15999984741211,61.66999816894531,61.7400016784668,47.16680145263672,4988300,,
2016-8-12,61.540000915527344,61.9900016784668,61.279998779296875,61.709999084472656,47.14387130737305,4947700,,
2016-8-15,61.79999923706055,62.4900016784668,61.79999923706055,62.43000030517578,47.693931579589844,6499000,,
2016-8-16,62.08000183105469,62.5,61.7599983215332,62.06999969482422,47.418907165527344,7650600,,
2016-8-17,62.220001220703125,62.400001525878906,61.790000915527344,62.279998779296875,47.5793342590332,6812400,,
2016-8-18,62.349998474121094,63.040000915527344,62.18000030517578,63.040000915527344,48.159950256347656,7935900,,
2016-8-19,62.61000061035156,62.84000015258789,62.0099983215332,62.7599983215332,47.9460334777832,7093000,,
2016-8-22,62.70000076293945,62.869998931884766,62.349998474121094,62.83000183105469,47.99951171875,5720900,,
2016-8-23,63,63.689998626708984,62.83000183105469,63.09000015258789,48.19814682006836,5970600,,
2016-8-24,62.91999816894531,63.2400016784668,62.470001220703125,62.61000061035156,47.831443786621094,6902400,,
2016-8-25,62.66999816894531,62.959999084472656,62.58000183105469,62.63999938964844,47.8543586730957,4916700,,
2016-8-26,62.88999938964844,63.5099983215332,62.650001525878906,62.970001220703125,48.10647201538086,7255600,,
2016-8-29,62.41999816894531,63.09000015258789,62.369998931884766,62.97999954223633,48.52250289916992,5354700,0.53,
2016-8-30,63,63.5099983215332,62.709999084472656,62.939998626708984,48.491695404052734,5047600,,
2016-8-31,62.97999954223633,63.119998931884766,62.529998779296875,63.06999969482422,48.591854095458984,6516600,,
2016-9-1,62.869998931884766,63.5,62.5099983215332,63.470001220703125,48.90001678466797,6906300,,
2016-9-2,63.529998779296875,63.70000076293945,63.09000015258789,63.349998474121094,48.80756378173828,6325900,,
2016-9-6,63.119998931884766,63.38999938964844,62.880001068115234,63.09000015258789,48.60725784301758,5603000,,
2016-9-7,63.189998626708984,63.25,62.31999969482422,62.43000030517578,48.09876251220703,6281600,,
2016-9-8,62.029998779296875,62.810001373291016,62.0099983215332,62.689998626708984,48.29907989501953,7698100,,
2016-9-9,62.0099983215332,62.290000915527344,60.5,60.52000045776367,46.62722396850586,10625600,,
2016-9-12,60.22999954223633,62.27000045776367,59.93000030517578,62.25,47.9600830078125,10158600,,
2016-9-13,61.81999969482422,62.20000076293945,60.939998626708984,61.290000915527344,47.220462799072266,8397100,,
2016-9-14,61.290000915527344,61.95000076293945,61.040000915527344,61.59000015258789,47.451595306396484,5982400,,
2016-9-15,61.95000076293945,62.66999816894531,61.54999923706055,62.540000915527344,48.183502197265625,8871200,,
2016-9-16,62.880001068115234,63.439998626708984,62.369998931884766,62.9900016784668,48.530216217041016,14677700,,
2016-9-19,63.130001068115234,63.38999938964844,62.7599983215332,62.86000061035156,48.43006134033203,6759900,,
2016-9-20,63.27000045776367,63.29999923706055,62.529998779296875,62.70000076293945,48.306785583496094,5471400,,
2016-9-21,63.099998474121094,63.63999938964844,62.90999984741211,63.56999969482422,48.977046966552734,7488600,,
2016-9-22,63.709999084472656,64,63.36000061035156,63.52000045776367,48.93854904174805,7895700,,
2016-9-23,63,63.56999969482422,62.66999816894531,62.75,48.345306396484375,7794700,,
2016-9-26,62.4900016784668,62.560001373291016,61.86000061035156,62.310001373291016,48.00630569458008,6207400,,
2016-9-27,62.529998779296875,63.36000061035156,62.439998626708984,63.310001373291016,48.776756286621094,5228300,,
2016-9-28,63.22999954223633,63.689998626708984,63,63.45000076293945,48.88462448120117,5251900,,
2016-9-29,63.279998779296875,68.83000183105469,62.709999084472656,67.44999694824219,51.96639633178711,43098800,,
2016-9-30,68.4000015258789,70.4000015258789,68.1500015258789,68.5,52.77536392211914,34879500,,
2016-10-3,68.08000183105469,69.27999877929688,66.87000274658203,67.11000061035156,51.70444107055664,10153600,,
2016-10-4,67.69999694824219,67.69999694824219,66.55999755859375,66.68000030517578,51.37314224243164,9746400,,
2016-10-5,66.83999633789062,67.41999816894531,66.55000305175781,66.83999633789062,51.49641418457031,6362000,,
2016-10-6,66.80000305175781,69.31999969482422,66.2300033569336,67.54000091552734,52.03573226928711,12957200,,
2016-10-7,67.52999877929688,68.33000183105469,67.48999786376953,68.19000244140625,52.53651428222656,8398100,,
2016-10-10,68.33999633789062,68.58000183105469,67.05999755859375,67.25,51.812294006347656,7029800,,
2016-10-11,67,67.08999633789062,65.44999694824219,66.08999633789062,50.91857147216797,8910600,,
2016-10-12,66.48999786376953,66.48999786376953,65.05999755859375,66.05999755859375,50.895484924316406,6615700,,
2016-10-13,65.55000305175781,66.05999755859375,64.30000305175781,65.69999694824219,50.61811065673828,7236600,,
2016-10-14,65.94000244140625,66.58999633789062,65.44999694824219,65.69999694824219,50.61811065673828,6743100,,
2016-10-17,65.52999877929688,65.70999908447266,65.08999633789062,65.19000244140625,50.22517776489258,6348200,,
2016-10-18,66.18000030517578,66.22000122070312,65.56999969482422,66.0999984741211,50.92630386352539,5966900,,
2016-10-19,65.87999725341797,66.06999969482422,65.30999755859375,65.79000091552734,50.68746566772461,5414700,,
2016-10-20,65.4800033569336,68.16999816894531,65.4800033569336,67.33999633789062,51.88164520263672,13579000,,
2016-10-21,67.11000061035156,69.44000244140625,66.69999694824219,67.93000030517578,52.336212158203125,19676600,,
2016-10-24,68.4000015258789,68.44999694824219,67.4800033569336,68.05999755859375,52.43635940551758,6669600,,
2016-10-25,67.9000015258789,68.25,67.4800033569336,67.70999908447266,52.16671371459961,5370000,,
2016-10-26,67.30999755859375,68.62000274658203,67.25,68.19999694824219,52.544212341308594,9241200,,
2016-10-27,70.80000305175781,71.62000274658203,70,70.08999633789062,54.0003547668457,33941700,,
2016-10-28,70.5199966430664,70.52999877929688,67.66000366210938,68.4000015258789,52.69830322265625,17952700,,
2016-10-31,69,69.51000213623047,68.68000030517578,68.72000122070312,52.944862365722656,10108300,,
2016-11-1,69,69.3499984741211,67.54000091552734,68.33999633789062,52.65209197998047,8910100,,
2016-11-2,68.45999908447266,68.5999984741211,67.02999877929688,67.08999633789062,51.68902587890625,15183000,,
2016-11-3,67.69000244140625,68.56999969482422,65.93000030517578,66.94999694824219,51.5811653137207,15642500,,
2016-11-4,65.73999786376953,67.41000366210938,65.73999786376953,66.7300033569336,51.411659240722656,8584300,,
2016-11-7,67.72000122070312,68.58000183105469,67.38999938964844,68.45999908447266,52.74454116821289,9205300,,
2016-11-8,68.22000122070312,68.70999908447266,67.62999725341797,68.2699966430664,52.59815979003906,6696600,,
2016-11-9,66.62999725341797,68.08999633789062,66.25,67.87999725341797,52.297672271728516,11604400,,
2016-11-10,67.80999755859375,68.20999908447266,64.31999969482422,66.30999755859375,51.088077545166016,17774400,,
2016-11-11,65.87000274658203,67,65.83999633789062,66.87999725341797,51.5272331237793,10239800,,
2016-11-14,67.41999816894531,67.41999816894531,65.93000030517578,65.93000030517578,50.795310974121094,8256800,,
2016-11-15,66.26000213623047,67.16000366210938,65.94999694824219,66.7699966430664,51.44247817993164,9615200,,
2016-11-16,66.70999908447266,66.70999908447266,65.6500015258789,66.30000305175781,51.080387115478516,9552200,,
2016-11-17,66.44000244140625,66.7699966430664,66.16000366210938,66.66999816894531,51.365447998046875,6982500,,
2016-11-18,66.68000030517578,67.45999908447266,65.94000244140625,67.30999755859375,51.8585205078125,9889300,,
2016-11-21,66.86000061035156,67.19999694824219,66.1500015258789,67.0999984741211,51.69673538208008,7868900,,
2016-11-22,67.56999969482422,68.5999984741211,67.04000091552734,68.30999755859375,52.628963470458984,9803600,,
2016-11-23,68.33000183105469,68.5,67.75,68.12999725341797,52.49030303955078,4820300,,
2016-11-25,68.16000366210938,68.41999816894531,67.70999908447266,68.29000091552734,52.613555908203125,4200100,,
2016-11-28,67.41999816894531,67.69999694824219,66.80000305175781,67.0999984741211,52.10108947753906,8225200,0.53,
2016-11-29,67.2300033569336,67.54000091552734,66.62999725341797,66.7699966430664,51.8448371887207,6544900,,
2016-11-30,66.80000305175781,68.30999755859375,66.5,68.12999725341797,52.90084457397461,12470000,,
2016-12-1,67.72000122070312,67.91999816894531,63.779998779296875,64.16000366210938,49.81828308105469,16563900,,
2016-12-2,63.95000076293945,66.33000183105469,63.95000076293945,65.83999633789062,51.122745513916016,9687000,,
2016-12-5,66.37999725341797,66.94000244140625,65.69000244140625,66.36000061035156,51.526512145996094,8708200,,
2016-12-6,66.6500015258789,67.4800033569336,66.5,67.44999694824219,52.37284851074219,6701800,,
2016-12-7,67.3499984741211,68.33999633789062,66.95999908447266,68.33999633789062,53.06391906738281,7202700,,
2016-12-8,68.41999816894531,69.18000030517578,68.37000274658203,68.55000305175781,53.22697830200195,5552600,,
2016-12-9,68.61000061035156,68.88999938964844,67.80000305175781,68.5199966430664,53.20367431640625,5551800,,
2016-12-12,68.37000274658203,68.6500015258789,67.91999816894531,68.47000122070312,53.16484451293945,5615200,,
2016-12-13,68.72000122070312,70.23999786376953,68.48999786376953,69.33999633789062,53.84038543701172,8494200,,
2016-12-14,68.63999938964844,69.18000030517578,67.3499984741211,67.55999755859375,52.45826721191406,9957700,,
2016-12-15,68.0999984741211,68.7699966430664,67.30999755859375,68.02999877929688,52.823211669921875,7162400,,
2016-12-16,68.48999786376953,68.48999786376953,66.30000305175781,66.45999908447266,51.604156494140625,18155600,,
2016-12-19,66.79000091552734,67.43000030517578,66.63999938964844,67.0199966430664,52.03896713256836,7884700,,
2016-12-20,67.37999725341797,67.55999755859375,66.7699966430664,66.91000366210938,51.953556060791016,6685400,,
2016-12-21,67.06999969482422,67.3499984741211,66.81999969482422,67.16000366210938,52.14767837524414,5211400,,
2016-12-22,67.63999938964844,67.75,66.45999908447266,66.76000213623047,51.83709716796875,5900200,,
2016-12-23,66.88999938964844,66.94000244140625,66.5199966430664,66.86000061035156,51.91472625732422,3088100,,
2016-12-27,67.13999938964844,67.58000183105469,67.05999755859375,67.25,52.21755599975586,3028200,,
2016-12-28,66.6500015258789,67.06999969482422,65.69999694824219,65.75,51.05284118652344,6547200,,
2016-12-29,65.5,66.08000183105469,65.41999816894531,66.04000091552734,51.27804183959961,3700800,,
2016-12-30,66.25,66.3499984741211,65.04000091552734,65.19999694824219,50.62579345703125,5941900,,
2017-1-3,65.86000061035156,66.13999938964844,64.5999984741211,65.4000015258789,50.78109359741211,9519800,,
2017-1-4,65.66999816894531,65.94999694824219,65.26000213623047,65.47000122070312,50.835426330566406,6221700,,
2017-1-5,65.22000122070312,65.9800033569336,65.05000305175781,65.55000305175781,50.8975715637207,5998900,,
2017-1-6,65.4800033569336,65.87000274658203,64.86000061035156,65.52999877929688,50.88203430175781,6749400,,
2017-1-9,65.52999877929688,66.2699966430664,65.48999786376953,65.6500015258789,50.97521209716797,4769200,,
2017-1-10,65.94999694824219,66.16000366210938,65.56999969482422,65.62999725341797,50.959686279296875,6076000,,
2017-1-11,65.75,66.11000061035156,65.41999816894531,66.0999984741211,51.32462692260742,8349800,,
2017-1-12,65.3499984741211,66.18000030517578,65.05000305175781,66.12000274658203,51.340152740478516,6113600,,
2017-1-13,66.25,67.08000183105469,66.16000366210938,66.87999725341797,51.93027114868164,6177400,,
2017-1-17,66.70999908447266,66.97000122070312,63.150001525878906,64.19000244140625,49.84157180786133,22426300,,
2017-1-18,64.66999816894531,66.08999633789062,63.810001373291016,65.12999725341797,50.57144546508789,15883200,,
2017-1-19,64.97000122070312,65.4000015258789,64.36000061035156,64.44000244140625,50.03567886352539,9429200,,
2017-1-20,65.19000244140625,65.73999786376953,62.619998931884766,62.880001068115234,48.82439041137695,20936900,,
2017-1-23,58.66999816894531,58.66999816894531,53.77000045776367,54.880001068115234,42.61262893676758,94436000,,
2017-1-24,55.02000045776367,55.77000045776367,54.70000076293945,55,42.705810546875,41751800,,
2017-1-25,56.099998474121094,56.97999954223633,55.5,56.900001525878906,44.18111038208008,27307900,,
2017-1-26,55.349998474121094,55.4900016784668,53.5,54.04999923706055,41.9681510925293,37888200,,
2017-1-27,54.650001525878906,54.7599983215332,54,54.2400016784668,42.115692138671875,23474400,,
2017-1-30,54.38999938964844,54.400001525878906,53.54999923706055,53.61000061035156,41.626522064208984,14853900,,
2017-1-31,53.61000061035156,53.63999938964844,52.83000183105469,53.43000030517578,41.48676300048828,13995400,,
2017-2-1,53.63999938964844,53.81999969482422,52.86000061035156,53.150001525878906,41.269351959228516,16102100,,
2017-2-2,52.95000076293945,53.099998474121094,52.369998931884766,52.65999984741211,40.88887023925781,14481200,,
2017-2-3,52.95000076293945,53.220001220703125,52.75,52.97999954223633,41.1373405456543,10965300,,
2017-2-6,53.310001373291016,53.40999984741211,52.81999969482422,52.880001068115234,41.05970001220703,8215100,,
2017-2-7,53.220001220703125,53.279998779296875,52.7599983215332,53.27000045776367,41.36252975463867,10374100,,
2017-2-8,53.38999938964844,53.38999938964844,52.720001220703125,52.88999938964844,41.06745910644531,9229000,,
2017-2-9,52.90999984741211,53.099998474121094,52.7599983215332,52.880001068115234,41.05970001220703,7615100,,
2017-2-10,53.099998474121094,54.279998779296875,52.93000030517578,54,41.929344177246094,14042200,,
2017-2-13,54.58000183105469,55.130001068115234,54.2599983215332,54.93000030517578,42.651466369628906,14516200,,
2017-2-14,55.43000030517578,55.52000045776367,54.81999969482422,55.47999954223633,43.0785026550293,13072000,,
2017-2-15,55.630001068115234,56.5,55.4900016784668,56.4900016784668,43.86274337768555,14149200,,
2017-2-16,56.58000183105469,56.900001525878906,56.45000076293945,56.880001068115234,44.16557693481445,11622900,,
2017-2-17,56.849998474121094,56.939998626708984,56.04999923706055,56.459999084472656,43.83945846557617,12456600,,
2017-2-21,56.83000183105469,57.189998626708984,56.58000183105469,56.75,44.06462478637695,9878200,,
2017-2-22,56.779998779296875,57.099998474121094,56.47999954223633,57.099998474121094,44.33639907836914,8711500,,
2017-2-23,57.0099983215332,57.310001373291016,56.77000045776367,57.13999938964844,44.36745834350586,10152800,,
2017-2-24,57.02000045776367,57.22999954223633,56.5,57.220001220703125,44.429569244384766,10644800,,
2017-2-27,56.560001373291016,56.97999954223633,56.310001373291016,56.72999954223633,44.46091842651367,7127600,0.53,
2017-2-28,56.4900016784668,56.52000045776367,55.88999938964844,56.47999954223633,44.264991760253906,10388200,,
2017-3-1,56.93000030517578,57.08000183105469,56.27000045776367,57.0099983215332,44.680362701416016,11082400,,
2017-3-2,56.95000076293945,57.150001525878906,56.2400016784668,56.369998931884766,44.17878341674805,8451700,,
2017-3-3,56.52000045776367,56.56999969482422,56,56.439998626708984,44.23363494873047,6971400,,
2017-3-6,56.27000045776367,56.560001373291016,56.06999969482422,56.45000076293945,44.241477966308594,7241600,,
2017-3-7,56.599998474121094,56.81999969482422,56.189998626708984,56.72999954223633,44.46091842651367,7131700,,
2017-3-8,56.91999816894531,58.08000183105469,56.79999923706055,57.77000045776367,45.2760124206543,13201700,,
2017-3-9,57.650001525878906,58.099998474121094,57.400001525878906,57.970001220703125,45.43275451660156,9875600,,
2017-3-10,58.36000061035156,58.790000915527344,58.29999923706055,58.63999938964844,45.95783615112305,9752000,,
2017-3-13,59.029998779296875,59.040000915527344,58.20000076293945,58.459999084472656,45.816768646240234,7737900,,
2017-3-14,58.380001068115234,58.380001068115234,57.720001220703125,58.220001220703125,45.62868118286133,6276900,,
2017-3-15,58.41999816894531,58.75,58.18000030517578,58.52000045776367,45.86380386352539,9029500,,
2017-3-16,58.29999923706055,58.72999954223633,58.15999984741211,58.349998474121094,45.73054885864258,7206200,,
2017-3-17,58.56999969482422,58.61000061035156,57.5099983215332,57.54999923706055,45.10359191894531,20057800,,
2017-3-20,57.790000915527344,58.06999969482422,57.59000015258789,57.810001373291016,45.30733871459961,7498200,,
2017-3-21,57.93000030517578,58.099998474121094,56.7400016784668,56.79999923706055,44.51577377319336,10092600,,
2017-3-22,56.72999954223633,57.130001068115234,56.099998474121094,57.040000915527344,44.703880310058594,9129700,,
2017-3-23,57.15999984741211,57.27000045776367,56.59000015258789,56.810001373291016,44.523624420166016,7718700,,
2017-3-24,57.470001220703125,57.470001220703125,56.63999938964844,56.91999816894531,44.60982894897461,5621400,,
2017-3-27,56.720001220703125,56.939998626708984,56.47999954223633,56.65999984741211,44.406063079833984,4726300,,
2017-3-28,56.66999816894531,57.61000061035156,56.66999816894531,57.380001068115234,44.97034454345703,5953500,,
2017-3-29,57.09000015258789,57.369998931884766,56.86000061035156,57.36000061035156,44.95467758178711,4042600,,
2017-3-30,57.36000061035156,57.650001525878906,57.189998626708984,57.20000076293945,44.82927322387695,6359000,,
2017-3-31,57.459999084472656,57.689998626708984,56.970001220703125,57.34000015258789,44.93899917602539,10065000,,
2017-4-3,57.2599983215332,57.34000015258789,56.040000915527344,56.5,44.28066635131836,11343500,,
2017-4-4,56.29999923706055,56.90999984741211,56.25,56.68000030517578,44.42173385620117,7123900,,
2017-4-5,56.79999923706055,57.529998779296875,56.41999816894531,56.470001220703125,44.25715637207031,7857700,,
2017-4-6,56.439998626708984,56.72999954223633,56.13999938964844,56.529998779296875,44.304176330566406,5757800,,
2017-4-7,56.58000183105469,56.599998474121094,56.189998626708984,56.31999969482422,44.139591217041016,5229800,,
2017-4-10,56.43000030517578,56.810001373291016,56.27000045776367,56.52000045776367,44.29634475708008,6039800,,
2017-4-11,56.31999969482422,56.36000061035156,54.720001220703125,55.349998474121094,43.379371643066406,17301800,,
2017-4-12,54.63999938964844,54.650001525878906,53.119998931884766,53.38999938964844,41.84326934814453,24822200,,
2017-4-13,53.130001068115234,53.68000030517578,52.779998779296875,52.790000915527344,41.37302780151367,17014400,,
2017-4-17,52.9900016784668,53.130001068115234,52.75,52.88999938964844,41.45140075683594,10471700,,
2017-4-18,52.599998474121094,52.97999954223633,52.38999938964844,52.66999816894531,41.278968811035156,11262800,,
2017-4-19,53,53.099998474121094,52.29999923706055,52.61000061035156,41.23195266723633,15441500,,
2017-4-20,53.220001220703125,53.400001525878906,51.400001525878906,52.65999984741211,41.271141052246094,24664600,,
2017-4-21,52.77000045776367,52.79999923706055,52.209999084472656,52.5,41.14575958251953,10951500,,
2017-4-24,53.0099983215332,53.25,52.75,52.810001373291016,41.388702392578125,10784400,,
2017-4-25,53.16999816894531,53.4900016784668,52.959999084472656,53,41.53761291503906,11688700,,
2017-4-26,53.20000076293945,53.29999923706055,52.90999984741211,53.040000915527344,41.5689582824707,7373800,,
2017-4-27,53.2400016784668,53.34000015258789,52.90999984741211,53.209999084472656,41.702205657958984,6956200,,
2017-4-28,51.79999923706055,53.95000076293945,51.04999923706055,53.7400016784668,42.11756896972656,34374100,,
2017-5-1,53.650001525878906,53.70000076293945,53.099998474121094,53.599998474121094,42.007850646972656,12987700,,
2017-5-2,53.650001525878906,53.72999954223633,52.900001525878906,53.290000915527344,41.764896392822266,10445400,,
2017-5-3,53.40999984741211,54.77000045776367,53.25,54.4900016784668,42.70537567138672,18428300,,
2017-5-4,54.72999954223633,55,54.5,54.90999984741211,43.0345458984375,11993400,,
2017-5-5,54.93000030517578,55,54.70000076293945,54.93000030517578,43.05021667480469,9108800,,
2017-5-8,54.9900016784668,55,54.560001373291016,54.619998931884766,42.80725860595703,7033400,,
2017-5-9,54.689998626708984,55.189998626708984,54.630001068115234,55.150001525878906,43.22262191772461,8332900,,
2017-5-10,55.220001220703125,55.43000030517578,54.86000061035156,55.33000183105469,43.363712310791016,8517700,,
2017-5-11,55.25,55.29999923706055,54.40999984741211,54.68000030517578,42.85426712036133,13514700,,
2017-5-12,54.5,55.349998474121094,54.400001525878906,55.31999969482422,43.35586166381836,9107600,,
2017-5-15,55.08000183105469,55.4900016784668,55.08000183105469,55.400001525878906,43.41857147216797,10686100,,
2017-5-16,55.38999938964844,55.97999954223633,55.099998474121094,55.95000076293945,43.849613189697266,9599300,,
2017-5-17,55.63999938964844,56.08000183105469,55.29999923706055,55.36000061035156,43.3872184753418,14811300,,
2017-5-18,55.58000183105469,56.310001373291016,55.02000045776367,56.119998931884766,43.98283767700195,13125300,,
2017-5-19,56.4900016784668,57.790000915527344,56.20000076293945,57.66999816894531,45.19762420654297,16643800,,
2017-5-22,58.38999938964844,59.540000915527344,58.380001068115234,59.279998779296875,46.45943069458008,20771500,,
2017-5-23,59.380001068115234,59.88999938964844,59.130001068115234,59.220001220703125,46.41241455078125,14223400,,
2017-5-24,59.279998779296875,59.619998931884766,58.56999969482422,58.63999938964844,45.95783615112305,8592600,,
2017-5-25,58.650001525878906,58.95000076293945,58.2599983215332,58.45000076293945,45.808937072753906,9556500,,
2017-5-26,57.65999984741211,57.97999954223633,57.369998931884766,57.52000045776367,45.524009704589844,8261900,0.57,
2017-5-30,57.279998779296875,57.7400016784668,57.16999816894531,57.34000015258789,45.381561279296875,11553700,,
2017-5-31,57.2599983215332,57.72999954223633,57,57.27000045776367,45.32614517211914,14082600,,
2017-6-1,57.45000076293945,58.650001525878906,57.349998474121094,58.619998931884766,46.39460372924805,11560100,,
2017-6-2,58.88999938964844,58.959999084472656,58.349998474121094,58.58000183105469,46.36294174194336,9538000,,
2017-6-5,58.5,59.04999923706055,58.47999954223633,58.86000061035156,46.58454895019531,7960800,,
2017-6-6,58.599998474121094,58.90999984741211,58.18000030517578,58.20000076293945,46.062191009521484,7871500,,
2017-6-7,58.29999923706055,58.4900016784668,57.130001068115234,57.529998779296875,45.531925201416016,10126500,,
2017-6-8,57.77000045776367,58.150001525878906,57.61000061035156,58.119998931884766,45.99889373779297,10322200,,
2017-6-9,58.369998931884766,58.4900016784668,56.7400016784668,57.04999923706055,45.152034759521484,13624800,,
2017-6-12,56.52000045776367,57.68000030517578,56.47999954223633,57.4900016784668,45.50027084350586,9985100,,
2017-6-13,57.95000076293945,58.06999969482422,57.5,57.540000915527344,45.539852142333984,7111500,,
2017-6-14,57.70000076293945,57.970001220703125,56.66999816894531,57.0099983215332,45.120384216308594,6740000,,
2017-6-15,56.41999816894531,57.16999816894531,56.400001525878906,56.93000030517578,45.05705642700195,5416600,,
2017-6-16,56.97999954223633,57.0099983215332,56.349998474121094,56.81999969482422,44.97000503540039,14555600,,
2017-6-19,56.959999084472656,57.65999984741211,56.90999984741211,57.61000061035156,45.595245361328125,7166200,,
2017-6-20,57.459999084472656,57.61000061035156,56.5099983215332,56.790000915527344,44.946250915527344,8181600,,
2017-6-21,56.790000915527344,56.84000015258789,56.119998931884766,56.33000183105469,44.58219909667969,8324900,,
2017-6-22,56.2400016784668,56.75,56.060001373291016,56.470001220703125,44.6929931640625,5560100,,
2017-6-23,56.63999938964844,57.439998626708984,56.56999969482422,56.90999984741211,45.04122543334961,11847900,,
2017-6-26,57.09000015258789,57.689998626708984,56.209999084472656,56.560001373291016,44.76422882080078,7339100,,
2017-6-27,56.290000915527344,56.33000183105469,55.40999984741211,55.43000030517578,43.86989974975586,6814400,,
2017-6-28,55.400001525878906,56.31999969482422,55.18000030517578,56.15999984741211,44.447635650634766,7542400,,
2017-6-29,55.93000030517578,55.93000030517578,54.54999923706055,55.08000183105469,43.5928840637207,8456900,,
2017-6-30,55.599998474121094,55.630001068115234,55.029998779296875,55.220001220703125,43.70369338989258,8781900,,
2017-7-3,55.529998779296875,56.02000045776367,54.91999816894531,54.95000076293945,43.489990234375,4379600,,
2017-7-5,55.0099983215332,55.560001373291016,54.779998779296875,55.45000076293945,43.885711669921875,6823800,,
2017-7-6,55.02000045776367,55.22999954223633,54.7400016784668,54.790000915527344,43.36336135864258,5663000,,
2017-7-7,55.040000915527344,55.72999954223633,54.869998931884766,55.349998474121094,43.80657196044922,5356000,,
2017-7-10,55.369998931884766,55.88999938964844,55.189998626708984,55.63999938964844,44.03608703613281,5098100,,
2017-7-11,55.630001068115234,55.630001068115234,55.02000045776367,55.33000183105469,43.790748596191406,6124900,,
2017-7-12,55.790000915527344,56.310001373291016,55.720001220703125,56.20000076293945,44.47930908203125,6126800,,
2017-7-13,56.380001068115234,56.52000045776367,56.16999816894531,56.22999954223633,44.50305938720703,6219200,,
2017-7-14,56.5,56.93000030517578,56.150001525878906,56.810001373291016,44.96208190917969,4440100,,
2017-7-17,56.72999954223633,56.91999816894531,56.38999938964844,56.459999084472656,44.68508529663086,5123600,,
2017-7-18,56.34000015258789,56.380001068115234,56,56.290000915527344,44.55052947998047,7441000,,
2017-7-19,56.459999084472656,56.939998626708984,56.0099983215332,56.779998779296875,44.93833923339844,8783700,,
2017-7-20,55.11000061035156,55.43000030517578,53.459999084472656,53.970001220703125,42.71438980102539,35943900,,
2017-7-21,53.65999984741211,54,53.369998931884766,53.84000015258789,42.61148452758789,12113100,,
2017-7-24,53.75,53.880001068115234,53.09000015258789,53.220001220703125,42.12078857421875,8832200,,
2017-7-25,53.20000076293945,53.650001525878906,53.06999969482422,53.27000045776367,42.16037368774414,7112100,,
2017-7-26,53.290000915527344,53.349998474121094,52.7400016784668,53.13999938964844,42.057472229003906,7581500,,
2017-7-27,53.08000183105469,53.369998931884766,52.22999954223633,52.4900016784668,41.54303741455078,14069200,,
2017-7-28,52.27000045776367,52.9900016784668,52.27000045776367,52.880001068115234,41.85170364379883,6644300,,
2017-7-31,53.099998474121094,53.29999923706055,52.75,53.189998626708984,42.097049713134766,11302700,,
2017-8-1,53.29999923706055,53.43000030517578,52.90999984741211,53.40999984741211,42.271175384521484,9372100,,
2017-8-2,53.29999923706055,53.38999938964844,52.779998779296875,53.16999816894531,42.08122253417969,23084000,,
2017-8-3,53.15999984741211,53.34000015258789,52.75,52.95000076293945,41.907108306884766,8643500,,
2017-8-4,53,53,52.5099983215332,52.619998931884766,41.64592742919922,8677900,,
2017-8-7,52.5,52.849998474121094,52.4900016784668,52.70000076293945,41.70923614501953,6561800,,
2017-8-8,52.54999923706055,53.33000183105469,52.209999084472656,52.290000915527344,41.38475036621094,10462200,,
2017-8-9,52.04999923706055,52.79999923706055,52,52.77000045776367,41.76464080810547,8085300,,
2017-8-10,52.540000915527344,52.75,52.11000061035156,52.34000015258789,41.424312591552734,10768000,,
2017-8-11,52.38999938964844,53.130001068115234,52.290000915527344,52.720001220703125,41.72506332397461,5894200,,
2017-8-14,53.040000915527344,53.63999938964844,52.90999984741211,53.54999923706055,42.381980895996094,8118200,,
2017-8-15,53.65999984741211,54.08000183105469,53.349998474121094,53.869998931884766,42.635231018066406,7876300,,
2017-8-16,54.060001373291016,54.099998474121094,53.2599983215332,53.310001373291016,42.192012786865234,7414900,,
2017-8-17,53.189998626708984,53.40999984741211,52.27000045776367,52.27000045776367,41.36892318725586,6589400,,
2017-8-18,52.2599983215332,52.41999816894531,51.900001525878906,51.91999816894531,41.09189987182617,6696400,,
2017-8-21,52,52.08000183105469,51.5,51.97999954223633,41.139400482177734,5205700,,
2017-8-22,52.209999084472656,52.619998931884766,52.209999084472656,52.349998474121094,41.432228088378906,4443300,,
2017-8-23,52.29999923706055,52.40999984741211,51.779998779296875,52.22999954223633,41.337249755859375,5259300,,
2017-8-24,52.369998931884766,52.709999084472656,52.2599983215332,52.4900016784668,41.54303741455078,6198600,,
2017-8-25,52.779998779296875,52.849998474121094,52.02000045776367,52.029998779296875,41.17896270751953,8684700,,
2017-8-28,51.77000045776367,51.810001373291016,51.459999084472656,51.810001373291016,41.45904541015625,4519000,0.57,
2017-8-29,51.310001373291016,51.86000061035156,51.279998779296875,51.810001373291016,41.45904541015625,4980900,,
2017-8-30,52.22999954223633,52.290000915527344,51.560001373291016,52.119998931884766,41.707115173339844,4876200,,
2017-8-31,52.2599983215332,52.59000015258789,52.119998931884766,52.27000045776367,41.82714080810547,8215800,,
2017-9-1,52.529998779296875,52.77000045776367,51.93000030517578,52.04999923706055,41.651100158691406,5301300,,
2017-9-5,51.86000061035156,51.900001525878906,49.83000183105469,50.029998779296875,40.03466033935547,17811100,,
2017-9-6,50.189998626708984,50.77000045776367,49.83000183105469,50.45000076293945,40.37076187133789,16206900,,
2017-9-7,50.560001373291016,50.689998626708984,50.25,50.380001068115234,40.31474304199219,10035500,,
2017-9-8,50.349998474121094,50.45000076293945,48.91999816894531,49.63999938964844,39.72259521484375,12809400,,
2017-9-11,49.939998626708984,50.66999816894531,49.90999984741211,50.56999969482422,40.46678161621094,7473500,,
2017-9-12,50.599998474121094,51.06999969482422,50.52000045776367,50.900001525878906,40.73085021972656,4526800,,
2017-9-13,50.79999923706055,51.11000061035156,50.720001220703125,51.0099983215332,40.81887435913086,6191400,,
2017-9-14,50.970001220703125,51.59000015258789,50.66999816894531,51.47999954223633,41.194976806640625,7741300,,
2017-9-15,51.95000076293945,52.290000915527344,51.439998626708984,52.189998626708984,41.76313781738281,13177900,,
2017-9-18,52.2400016784668,52.369998931884766,51.959999084472656,52.25,41.811134338378906,6002700,,
2017-9-19,52.400001525878906,52.5,52.060001373291016,52.29999923706055,41.85114669799805,5825200,,
2017-9-20,52.43000030517578,52.52000045776367,51.47999954223633,51.97999954223633,41.59508514404297,8400300,,
2017-9-21,51.86000061035156,52.20000076293945,51.709999084472656,52.029998779296875,41.63508987426758,5750600,,
2017-9-22,51.81999969482422,52.22999954223633,51.779998779296875,52.09000015258789,41.683101654052734,4105100,,
2017-9-25,51.900001525878906,52.290000915527344,51.61000061035156,51.619998931884766,41.307010650634766,8178400,,
2017-9-26,51.75,51.869998931884766,50.849998474121094,51.130001068115234,40.91489791870117,9378800,,
2017-9-27,51.43000030517578,51.61000061035156,51.150001525878906,51.54999923706055,41.250999450683594,8200600,,
2017-9-28,51.380001068115234,52.040000915527344,51.310001373291016,51.75,41.411041259765625,5732900,,
2017-9-29,51.90999984741211,52.040000915527344,51.619998931884766,51.84000015258789,41.48305892944336,5371200,,
2017-10-2,52.09000015258789,52.15999984741211,51.70000076293945,51.880001068115234,41.51505661010742,4439200,,
2017-10-3,51.9900016784668,52.220001220703125,51.650001525878906,52.02000045776367,41.627098083496094,4378000,,
2017-10-4,51.93000030517578,52.119998931884766,51.66999816894531,51.959999084472656,41.57908630371094,4587700,,
2017-10-5,52.16999816894531,52.43000030517578,51.959999084472656,52.349998474121094,41.89115905761719,5179100,,
2017-10-6,52.15999984741211,52.630001068115234,52.15999984741211,52.4900016784668,42.00320053100586,4795300,,
2017-10-9,52.68000030517578,52.97999954223633,52.380001068115234,52.880001068115234,42.315269470214844,5817500,,
2017-10-10,52.95000076293945,53.900001525878906,52.900001525878906,53.869998931884766,43.107486724853516,8761700,,
2017-10-11,53.790000915527344,54.380001068115234,53.65999984741211,54.119998931884766,43.307533264160156,9427300,,
2017-10-12,53.880001068115234,54.18000030517578,52.959999084472656,53,42.41130828857422,7062300,,
2017-10-13,53.380001068115234,53.380001068115234,52.7400016784668,52.81999969482422,42.26726531982422,7005600,,
2017-10-16,52.97999954223633,53,52.310001373291016,52.380001068115234,41.9151725769043,5930900,,
2017-10-17,52.31999969482422,52.439998626708984,51.849998474121094,52.40999984741211,41.93917465209961,7662900,,
2017-10-18,52.540000915527344,52.66999816894531,52.02000045776367,52.209999084472656,41.779136657714844,6032600,,
2017-10-19,52.029998779296875,52.400001525878906,52.0099983215332,52.290000915527344,41.84316635131836,6825200,,
2017-10-20,52.5099983215332,52.59000015258789,51.939998626708984,52.02000045776367,41.627098083496094,8845000,,
2017-10-23,52.29999923706055,53.779998779296875,52.130001068115234,53.38999938964844,42.72338104248047,9775400,,
2017-10-24,53.439998626708984,54.439998626708984,53.400001525878906,54.25,43.41157150268555,11415700,,
2017-10-25,53.97999954223633,54.43000030517578,53.47999954223633,53.84000015258789,43.08347702026367,7581500,,
2017-10-26,54.099998474121094,54.38999938964844,53.66999816894531,53.79999923706055,43.05146789550781,5270800,,
2017-10-27,53.70000076293945,54.70000076293945,53.36000061035156,54.56999969482422,43.667640686035156,8962400,,
2017-10-30,54.15999984741211,54.77000045776367,54.08000183105469,54.65999984741211,43.73965835571289,7081500,,
2017-10-31,52.2599983215332,52.4900016784668,50.02000045776367,51.0099983215332,40.81887435913086,29914100,,
2017-11-1,51.470001220703125,53.4900016784668,50.5099983215332,53.459999084472656,42.77939987182617,15624400,,
2017-11-2,53.599998474121094,55.68000030517578,53.599998474121094,54.84000015258789,43.883689880371094,17337800,,
2017-11-3,54.7599983215332,64.98999786376953,54.209999084472656,61.810001373291016,49.461181640625,80964500,,
2017-11-6,64.54000091552734,65.33000183105469,62.150001525878906,62.52000045776367,50.02933883666992,58900800,,
2017-11-7,62.52000045776367,64.16000366210938,62.45000076293945,64.0999984741211,51.293663024902344,23424600,,
2017-11-8,64.20999908447266,65.79000091552734,64.20999908447266,65.48999786376953,52.40596389770508,26515400,,
2017-11-9,64.91000366210938,65.33000183105469,63.93000030517578,64.5999984741211,51.69377136230469,15954900,,
2017-11-10,64.36000061035156,65.0999984741211,63.91999816894531,64.56999969482422,51.669761657714844,9626200,,
2017-11-13,64.95999908447266,66.81999969482422,64.75,66.48999786376953,53.206172943115234,24411600,,
2017-11-14,66.16000366210938,66.80000305175781,65.55000305175781,66,52.814083099365234,14036700,,
2017-11-15,65.55000305175781,66.4800033569336,65.23999786376953,65.61000061035156,52.50199890136719,10565400,,
2017-11-16,65.7699966430664,66.54000091552734,65.43000030517578,66.11000061035156,52.902099609375,12339800,,
2017-11-17,66.37000274658203,66.94999694824219,66,66.72000122070312,53.39020538330078,13334000,,
2017-11-20,66.18000030517578,66.8499984741211,65.94999694824219,66.47000122070312,53.19017028808594,9749400,,
2017-11-21,65.3499984741211,66.93000030517578,65.2699966430664,66.66999816894531,53.3502197265625,11215800,,
2017-11-22,66.37000274658203,68.26000213623047,66.23999786376953,68.12999725341797,54.51852035522461,15489400,,
2017-11-24,68.51000213623047,69.27999877929688,68.44999694824219,68.91000366210938,55.1427001953125,9233500,,
2017-11-27,68.5999984741211,68.91999816894531,68.04000091552734,68.13999938964844,54.52653884887695,20404600,,
2017-11-28,67.58999633789062,68.41000366210938,67.22000122070312,68.37999725341797,55.18016052246094,12861300,0.57,
2017-11-29,68.0999984741211,68.19999694824219,66.02999877929688,66.5199966430664,53.67921829223633,17022200,,
2017-11-30,66.51000213623047,67.0999984741211,65.72000122070312,66.33999633789062,53.533958435058594,15555600,,
2017-12-1,65.19999694824219,66.12000274658203,64.5999984741211,65.48999786376953,52.848045349121094,15851100,,
2017-12-4,65.5999984741211,65.69999694824219,63.79999923706055,64.55999755859375,52.09757614135742,17325100,,
2017-12-5,64.8499984741211,65.02999877929688,64.4000015258789,64.69000244140625,52.202476501464844,9661200,,
2017-12-6,64.63999938964844,65.68000030517578,64.36000061035156,64.9800033569336,52.43649673461914,6952300,,
2017-12-7,65.20999908447266,65.55000305175781,64.7699966430664,65.2300033569336,52.63822937011719,8755000,,
2017-12-8,65.5999984741211,65.5999984741211,63.880001068115234,64.23999786376953,51.83934020996094,9371900,,
2017-12-11,64.05999755859375,65.26000213623047,64,65.18000030517578,52.59788513183594,12185000,,
2017-12-12,64.87999725341797,65.11000061035156,64.55000305175781,64.86000061035156,52.33966827392578,7021200,,
2017-12-13,64.9800033569336,65.43000030517578,64.83000183105469,64.9000015258789,52.3719482421875,6490400,,
2017-12-14,64.86000061035156,65.16999816894531,64.55000305175781,64.69999694824219,52.21054458618164,7122000,,
2017-12-15,65.33000183105469,65.41999816894531,64.5,64.76000213623047,52.25896453857422,18833000,,
2017-12-18,64.93000030517578,65.45999908447266,64.80000305175781,65.37999725341797,52.759273529052734,7440900,,
2017-12-19,65.11000061035156,65.4800033569336,64.43000030517578,64.5,52.04916000366211,7130000,,
2017-12-20,64.55999755859375,65.16999816894531,64.33000183105469,64.5999984741211,52.129844665527344,6933600,,
2017-12-21,64.75,64.95999908447266,64.33999633789062,64.38999938964844,51.96038055419922,5451100,,
2017-12-22,64.30999755859375,64.9800033569336,64.30000305175781,64.7300033569336,52.23476028442383,4444300,,
2017-12-26,64.48999786376953,64.94000244140625,64.19999694824219,64.30000305175781,51.887752532958984,4236500,,
2017-12-27,64.31999969482422,64.63999938964844,64.18000030517578,64.54000091552734,52.081424713134766,4899600,,
2017-12-28,64.69000244140625,64.7300033569336,64.3499984741211,64.37999725341797,51.95231246948242,2451300,,
2017-12-29,64.36000061035156,64.6500015258789,64,64.0199966430664,51.661808013916016,6631800,,
2018-1-2,64.37999725341797,65.33000183105469,64.16999816894531,65.19999694824219,52.614017486572266,6329600,,
2018-1-3,65.22000122070312,66.05999755859375,64.69000244140625,65.94000244140625,53.211177825927734,6844200,,
2018-1-4,66.18000030517578,66.52999877929688,65.91000366210938,66.02999877929688,53.2838134765625,5060100,,
2018-1-5,66.04000091552734,66.5999984741211,65.5,66.47000122070312,53.63887023925781,5421800,,
2018-1-8,66.25,66.52999877929688,65.94000244140625,66.2699966430664,53.47746658325195,4266900,,
2018-1-9,65.63999938964844,65.86000061035156,64.94000244140625,65.2699966430664,52.670501708984375,7632300,,
2018-1-10,65.4800033569336,65.73999786376953,64.87999725341797,65.26000213623047,52.66244125366211,6569300,,
2018-1-11,65.19999694824219,65.5,65.13999938964844,65.43000030517578,52.799625396728516,4233100,,
2018-1-12,65.61000061035156,65.9000015258789,65.08000183105469,65.37999725341797,52.759273529052734,5007200,,
2018-1-16,66.2300033569336,68.6500015258789,66.02999877929688,68.25,55.07526779174805,24478800,,
2018-1-17,68.5199966430664,68.9000015258789,67.23999786376953,68.0199966430664,54.8896598815918,12559100,,
2018-1-18,67.75,68.18000030517578,67.48999786376953,68.05000305175781,54.913883209228516,6797900,,
2018-1-19,68.04000091552734,68.25,67.75,68.04000091552734,54.905799865722656,8864300,,
2018-1-22,67.80999755859375,68.75,67.70999908447266,68.66999816894531,55.414188385009766,8566200,,
2018-1-23,68.5999984741211,68.9000015258789,68.23999786376953,68.33999633789062,55.14788818359375,7825600,,
2018-1-24,68.19999694824219,68.29000091552734,67.37999725341797,67.9800033569336,54.857391357421875,12383100,,
2018-1-25,68.13999938964844,68.37000274658203,67.29000091552734,67.41999816894531,54.40548324584961,9122200,,
2018-1-26,67.94000244140625,68.52999877929688,67.5999984741211,68.52999877929688,55.301212310791016,7919000,,
2018-1-29,68.16000366210938,68.30000305175781,67.23999786376953,67.31999969482422,54.324790954589844,9745300,,
2018-1-30,67.43000030517578,67.91000366210938,66.7300033569336,66.98999786376953,54.05849075317383,8059500,,
2018-1-31,67.55000305175781,68.37999725341797,67.45999908447266,68.25,55.07526779174805,13915600,,
2018-2-1,67,68.3499984741211,66.31999969482422,66.80000305175781,53.90517044067383,16838500,,
2018-2-2,66.18000030517578,67.04000091552734,65.86000061035156,66.06999969482422,53.31608581542969,10971700,,
2018-2-5,66.30000305175781,66.55000305175781,60.5,61.72999954223633,49.813865661621094,35996000,,
2018-2-6,62.310001373291016,64.52999877929688,62.20000076293945,64.4000015258789,51.96846008300781,24458700,,
2018-2-7,64.22000122070312,66.12000274658203,64.0199966430664,65.04000091552734,52.48491668701172,15021200,,
2018-2-8,64.62999725341797,65.06999969482422,62.400001525878906,62.41999816894531,50.37065887451172,13451600,,
2018-2-9,62.95000076293945,64.31999969482422,61.459999084472656,63.9900016784668,51.637603759765625,23095000,,
2018-2-12,64.88999938964844,65.69999694824219,64.38999938964844,65.66000366210938,52.985225677490234,13692100,,
2018-2-13,65.2300033569336,65.76000213623047,64.9800033569336,65.69999694824219,53.01750946044922,7695900,,
2018-2-14,65.1500015258789,66.80000305175781,65.0999984741211,66.58999633789062,53.7357063293457,10370900,,
2018-2-15,66.37999725341797,66.37999725341797,63.86000061035156,65.27999877929688,52.67856979370117,15548400,,
2018-2-16,64.7699966430664,65.83000183105469,64.5999984741211,64.8499984741211,52.33158493041992,11760300,,
2018-2-20,63.0099983215332,64.13999938964844,61.86000061035156,63.9900016784668,51.637603759765625,27494600,,
2018-2-21,63.119998931884766,63.86000061035156,62.650001525878906,63.400001525878906,51.16147994995117,14895600,,
2018-2-22,63.150001525878906,63.58000183105469,62.029998779296875,62.18000030517578,50.176998138427734,11722300,,
2018-2-23,62.810001373291016,63.31999969482422,62.029998779296875,63.31999969482422,51.09693145751953,6762200,,
2018-2-26,64.55000305175781,67.36000061035156,64.19000244140625,66.9800033569336,54.05042266845703,27374300,,
2018-2-27,67,67.62999725341797,66.01000213623047,66.33999633789062,53.993438720703125,14326000,0.57,
2018-2-28,66.69999694824219,66.72000122070312,64.91000366210938,65,52.902835845947266,9582100,,
2018-3-1,65.02999877929688,66.23999786376953,64.33000183105469,64.95999908447266,52.87028121948242,10799200,,
2018-3-2,64.30999755859375,64.8499984741211,64.02999877929688,64.73999786376953,52.69122314453125,10612700,,
2018-3-5,64.33999633789062,65.5999984741211,63.540000915527344,64.01000213623047,52.097084045410156,15445500,,
2018-3-6,63.5,63.54999923706055,61.060001373291016,62.13999938964844,50.57511520385742,23450400,,
2018-3-7,61.4900016784668,62.61000061035156,61.43000030517578,62.4900016784668,50.85997009277344,12602400,,
2018-3-8,62.650001525878906,62.7400016784668,61.56999969482422,61.81999969482422,50.314666748046875,8902100,,
2018-3-9,62.36000061035156,63.060001373291016,62.119998931884766,63.029998779296875,51.29946517944336,7655300,,
2018-3-12,63.04999923706055,63.47999954223633,62.29999923706055,62.810001373291016,51.120418548583984,15801300,,
2018-3-13,59.77000045776367,61.400001525878906,59.130001068115234,59.70000076293945,48.58920669555664,38572700,,
2018-3-14,59.900001525878906,60.380001068115234,57.900001525878906,60.119998931884766,48.93105697631836,29759100,,
2018-3-15,60.029998779296875,60.279998779296875,59.560001373291016,59.88999938964844,48.74385070800781,10494300,,
2018-3-16,60.599998474121094,61.4900016784668,60.47999954223633,60.619998931884766,49.33800506591797,25574500,,
2018-3-19,60.189998626708984,60.349998474121094,57.900001525878906,58.369998931884766,47.506744384765625,14131400,,
2018-3-20,58.9900016784668,59.09000015258789,57.95000076293945,58.2599983215332,47.4172248840332,10615400,,
2018-3-21,57.5,58.279998779296875,56.77000045776367,56.810001373291016,46.23706817626953,12231900,,
2018-3-22,56.2400016784668,56.83000183105469,55.52000045776367,55.58000183105469,45.235992431640625,13554600,,
2018-3-23,55.630001068115234,55.79999923706055,53.650001525878906,53.65999984741211,43.67333221435547,14713300,,
2018-3-26,54.58000183105469,56.13999938964844,54.25,56.130001068115234,45.68363571166992,12093900,,
2018-3-27,56.59000015258789,57.2400016784668,54.540000915527344,54.84000015258789,44.63372039794922,12243200,,
2018-3-28,54.810001373291016,55.970001220703125,54.459999084472656,54.70000076293945,44.519771575927734,12925500,,
2018-3-29,55.040000915527344,55.93000030517578,54.619998931884766,55.40999984741211,45.09764099121094,8482500,,
2018-4-2,55.099998474121094,55.2400016784668,53.06999969482422,53.810001373291016,43.7954216003418,16469600,,
2018-4-3,54.290000915527344,55.04999923706055,53.619998931884766,54.779998779296875,44.584877014160156,7930700,,
2018-4-4,53.79999923706055,55.119998931884766,53.41999816894531,54.9900016784668,44.75579833984375,7496700,,
2018-4-5,55.4900016784668,55.5,54.439998626708984,55.040000915527344,44.79649353027344,5823300,,
2018-4-6,54.41999816894531,54.77000045776367,53.11000061035156,53.119998931884766,43.23383331298828,8322200,,
2018-4-9,53.52000045776367,54.88999938964844,53.34000015258789,53.43000030517578,43.48614501953125,7608500,,
2018-4-10,54.58000183105469,55.0099983215332,54.220001220703125,54.77000045776367,44.576751708984375,12009000,,
2018-4-11,54.189998626708984,55.06999969482422,54.150001525878906,55.0099983215332,44.77207946777344,6205300,,
2018-4-12,55.470001220703125,55.650001525878906,55.02000045776367,55.20000076293945,44.92672348022461,7412700,,
2018-4-13,56.61000061035156,56.790000915527344,55.41999816894531,55.72999954223633,45.35808181762695,12588200,,
2018-4-16,55.939998626708984,55.9900016784668,54.56999969482422,54.77000045776367,44.576751708984375,7850500,,
2018-4-17,54.9900016784668,55.68000030517578,54.779998779296875,55.349998474121094,45.048797607421875,7089700,,
2018-4-18,55.13999938964844,55.619998931884766,54.880001068115234,55.22999954223633,44.95112991333008,4796800,,
2018-4-19,54,54.13999938964844,52.5,52.56999969482422,42.786190032958984,19179500,,
2018-4-20,52.810001373291016,52.88999938964844,51.31999969482422,51.439998626708984,41.866493225097656,11838200,,
2018-4-23,51.5,51.810001373291016,50.27000045776367,50.529998779296875,41.12584686279297,10961500,,
2018-4-24,50.880001068115234,51.290000915527344,49.380001068115234,49.939998626708984,40.645652770996094,11670000,,
2018-4-25,50,50.439998626708984,48.869998931884766,49.75,40.491024017333984,9619200,,
2018-4-26,49.52000045776367,50.59000015258789,48.560001373291016,50.470001220703125,41.0770149230957,13684000,,
2018-4-27,50.75,51.36000061035156,50.4900016784668,51.11000061035156,41.597904205322266,9443100,,
2018-4-30,51.25,51.81999969482422,51,51.0099983215332,41.51651382446289,9469600,,
2018-5-1,50.7599983215332,51.04999923706055,50.040000915527344,50.81999969482422,41.361873626708984,6780500,,
2018-5-2,51.2400016784668,51.25,49.91999816894531,50.2599983215332,40.90609359741211,8143000,,
2018-5-3,49.9900016784668,50.540000915527344,49.310001373291016,50.310001373291016,40.946800231933594,8609200,,
2018-5-4,50.18000030517578,52.599998474121094,49.91999816894531,52.4900016784668,42.7210807800293,9880600,,
2018-5-7,52.58000183105469,53.27000045776367,52.52000045776367,53.0099983215332,43.14429473876953,9571700,,
2018-5-8,53.040000915527344,53.27000045776367,52.11000061035156,52.86000061035156,43.022212982177734,9930000,,
2018-5-9,52.86000061035156,53.33000183105469,52.20000076293945,53.16999816894531,43.27450942993164,7016100,,
2018-5-10,54.45000076293945,55.06999969482422,53.95000076293945,54.970001220703125,44.73952102661133,12267200,,
2018-5-11,54.7599983215332,55.790000915527344,54.619998931884766,55.22999954223633,44.95112991333008,9639100,,
2018-5-14,57.33000183105469,57.79999923706055,56.34000015258789,56.7400016784668,46.18010711669922,15400300,,
2018-5-15,56.5,56.61000061035156,55.220001220703125,55.63999938964844,45.284820556640625,12050500,,
2018-5-16,55.7599983215332,56.810001373291016,55.66999816894531,56.70000076293945,46.147544860839844,8675600,,
2018-5-17,56.4900016784668,57.380001068115234,56.38999938964844,56.95000076293945,46.35101318359375,11450700,,
2018-5-18,56.93000030517578,57.9900016784668,56.400001525878906,57.5099983215332,46.80680847167969,11999700,,
2018-5-21,57.68000030517578,58.27000045776367,56.77000045776367,57.709999084472656,46.96957778930664,14286400,,
2018-5-22,57.90999984741211,58.36000061035156,57.06999969482422,57.38999938964844,46.70913314819336,9432500,,
2018-5-23,56.90999984741211,58.86000061035156,56.83000183105469,58.81999969482422,47.87299728393555,11322500,,
2018-5-24,58.58000183105469,59.25,58.04999923706055,59.08000183105469,48.08460235595703,12487200,,
2018-5-25,58.849998474121094,60,58.810001373291016,59.959999084472656,48.80084228515625,11501500,,
2018-5-29,59.5,59.599998474121094,57.70000076293945,58.22999954223633,47.887977600097656,14696300,0.62,
2018-5-30,58.40999984741211,58.650001525878906,57.65999984741211,58.38999938964844,48.01955032348633,9146000,,
2018-5-31,58,58.56999969482422,57.7599983215332,58.119998931884766,47.79751205444336,12813200,,
2018-6-1,58.34000015258789,58.72999954223633,58.0099983215332,58.61000061035156,48.20048522949219,8869700,,
2018-6-4,58.619998931884766,58.869998931884766,57.95000076293945,58.709999084472656,48.28271484375,9696700,,
2018-6-5,58.86000061035156,59.599998474121094,58.7599983215332,58.97999954223633,48.5047721862793,6562700,,
2018-6-6,59.2599983215332,59.849998474121094,59.11000061035156,59.84000015258789,49.212032318115234,6236700,,
2018-6-7,62,62.650001525878906,60.220001220703125,60.63999938964844,49.86994934082031,14786100,,
2018-6-8,60.25,60.619998931884766,59.810001373291016,60.2599983215332,49.55743408203125,7035300,,
2018-6-11,60.16999816894531,60.41999816894531,59.81999969482422,59.93000030517578,49.286048889160156,7369500,,
2018-6-12,60.11000061035156,60.380001068115234,59.54999923706055,59.790000915527344,49.170902252197266,7153500,,
2018-6-13,59.66999816894531,60.22999954223633,59.119998931884766,59.220001220703125,48.702144622802734,9676300,,
2018-6-14,59.290000915527344,59.70000076293945,58.95000076293945,59.459999084472656,48.89950942993164,8372900,,
2018-6-15,59.869998931884766,59.95000076293945,58.91999816894531,59.86000061035156,49.22846984863281,13804900,,
2018-6-18,59.310001373291016,59.369998931884766,58.91999816894531,59.20000076293945,48.68571090698242,6946600,,
2018-6-19,58.279998779296875,58.7400016784668,57.849998474121094,58.70000076293945,48.274497985839844,7958300,,
2018-6-20,59.18000030517578,59.20000076293945,58.310001373291016,58.790000915527344,48.34851837158203,6526400,,
2018-6-21,59.209999084472656,59.209999084472656,58.38999938964844,58.75,48.31562423706055,6605400,,
2018-6-22,58.779998779296875,59.099998474121094,58.43000030517578,58.5,48.110015869140625,8074100,,
2018-6-25,58.09000015258789,58.13999938964844,56.61000061035156,57.04999923706055,46.91754913330078,8635900,,
2018-6-26,57.08000183105469,57.150001525878906,56.310001373291016,56.45000076293945,46.42411804199219,8934700,,
2018-6-27,56.54999923706055,57.529998779296875,55.13999938964844,55.16999816894531,45.3714485168457,11832400,,
2018-6-28,55.119998931884766,56.459999084472656,55.09000015258789,55.900001525878906,45.9718017578125,11723600,,
2018-6-29,56.130001068115234,56.86000061035156,56.08000183105469,56.119998931884766,46.1527214050293,11274000,,
2018-7-2,55.400001525878906,56.220001220703125,55.119998931884766,56.18000030517578,46.202064514160156,7299900,,
2018-7-3,56.40999984741211,56.529998779296875,55.25,55.33000183105469,45.5030403137207,3618900,,
2018-7-5,55.70000076293945,57.43000030517578,55.650001525878906,57.380001068115234,47.18893814086914,11728300,,
2018-7-6,57.459999084472656,58.06999969482422,57.029998779296875,57.84000015258789,47.56724166870117,8806200,,
2018-7-9,58.060001373291016,58.310001373291016,57.22999954223633,58.040000915527344,47.73172378540039,4577100,,
2018-7-10,58.060001373291016,58.470001220703125,57.95000076293945,58.369998931884766,48.00310516357422,6848900,,
2018-7-11,57.43000030517578,58.0099983215332,56.7400016784668,57.29999923706055,47.123138427734375,8702000,,
2018-7-12,57.849998474121094,58.4900016784668,57.310001373291016,58.31999969482422,47.96199035644531,8426400,,
2018-7-13,58.25,58.779998779296875,58.18000030517578,58.38999938964844,48.01955032348633,5266100,,
2018-7-16,58.41999816894531,58.84000015258789,58.060001373291016,58.349998474121094,47.986663818359375,5907100,,
2018-7-17,57.91999816894531,58.90999984741211,57.619998931884766,58.90999984741211,48.44719696044922,7560300,,
2018-7-18,59,59,58.369998931884766,58.7599983215332,48.32384490966797,6795100,,
2018-7-19,58.709999084472656,59.59000015258789,58.650001525878906,59.310001373291016,48.77616500854492,8150200,,
2018-7-20,58.97999954223633,59.18000030517578,58.400001525878906,58.61000061035156,48.20048522949219,10859700,,
2018-7-23,58.400001525878906,59.209999084472656,57.81999969482422,59.08000183105469,48.58700180053711,8011800,,
2018-7-24,59.349998474121094,59.619998931884766,58.45000076293945,58.849998474121094,48.397850036621094,6637600,,
2018-7-25,58.54999923706055,59.5,57.7599983215332,59.41999816894531,48.86661911010742,13143100,,
2018-7-26,63.04999923706055,63.7599983215332,61.2599983215332,63.58000183105469,52.287784576416016,31025100,,
2018-7-27,63.220001220703125,63.5099983215332,62.220001220703125,62.689998626708984,51.555850982666016,13488800,,
2018-7-30,62.650001525878906,62.97999954223633,61.93000030517578,62.040000915527344,51.02130126953125,9547700,,
2018-7-31,63.83000183105469,64.66000366210938,63.5,64.08999633789062,52.707191467285156,22350800,,
2018-8-1,63.54999923706055,64.87000274658203,63.54999923706055,64.3499984741211,52.9210205078125,10706200,,
2018-8-2,63.959999084472656,65.04000091552734,63.63999938964844,64.7699966430664,53.266422271728516,10618500,,
2018-8-3,64.73999786376953,65.61000061035156,64.66999816894531,65.4000015258789,53.7845344543457,7809400,,
2018-8-6,65.86000061035156,66.0199966430664,65.33000183105469,65.7300033569336,54.055931091308594,10878400,,
2018-8-7,65.93000030517578,65.93000030517578,65.25,65.44000244140625,53.81743240356445,7810900,,
2018-8-8,65.20999908447266,65.55000305175781,65.12000274658203,65.16000366210938,53.587158203125,7912200,,
2018-8-9,65.0999984741211,65.30000305175781,64.91999816894531,65.08000183105469,53.52137756347656,6629700,,
2018-8-10,64.6500015258789,64.94000244140625,64.48999786376953,64.81999969482422,53.30754470825195,8736000,,
2018-8-13,65.1500015258789,65.2300033569336,64.6500015258789,64.83999633789062,53.32398986816406,7092400,,
2018-8-14,65.08999633789062,65.62000274658203,64.7699966430664,65.43000030517578,53.809207916259766,7844200,,
2018-8-15,65.13999938964844,65.81999969482422,64.55000305175781,65.68000030517578,54.01481246948242,13524800,,
2018-8-16,65.86000061035156,66.0999984741211,65.52999877929688,65.76000213623047,54.080596923828125,9958800,,
2018-8-17,65.5,66.19000244140625,65.12000274658203,66.05999755859375,54.32731246948242,15170500,,
2018-8-20,66.33000183105469,66.58999633789062,65.73999786376953,66.16000366210938,54.4095573425293,13966900,,
2018-8-21,66.08999633789062,66.77999877929688,66.02999877929688,66.55000305175781,54.73029327392578,12181400,,
2018-8-22,66.22000122070312,67.08000183105469,66.20999908447266,66.83999633789062,54.96878433227539,13860300,,
2018-8-23,66.9800033569336,67.29000091552734,66.80000305175781,66.86000061035156,54.98523712158203,12038100,,
2018-8-24,67,67.36000061035156,66.94000244140625,67.1500015258789,55.22370910644531,16001400,,
2018-8-27,67.37000274658203,67.4800033569336,67.22000122070312,67.33999633789062,55.379974365234375,12578000,,
2018-8-28,68.55999755859375,70.48999786376953,67.91999816894531,69.77999877929688,57.38663101196289,24952700,,
2018-8-29,69.66999816894531,70.06999969482422,69.13999938964844,69.19999694824219,56.909629821777344,11874300,,
2018-8-30,68.97000122070312,69.16000366210938,68,68.13999938964844,56.03789520263672,12027500,,
2018-8-31,67.98999786376953,69,67.94000244140625,68.70999908447266,56.506649017333984,11166900,,
2018-9-4,68.73999786376953,70.11000061035156,68.70999908447266,69.9800033569336,58.07512664794922,13024100,0.62,
2018-9-5,69.80000305175781,71.06999969482422,69.30999755859375,70.88999938964844,58.83033752441406,15310700,,
2018-9-6,70.8499984741211,71.3499984741211,70.19000244140625,70.36000061035156,58.3905029296875,11997700,,
2018-9-7,69.83999633789062,70.62000274658203,69.61000061035156,70.37999725341797,58.40707778930664,24421900,,
2018-9-10,70.66999816894531,72.75,70.5,72.31999969482422,60.017051696777344,14636000,,
2018-9-11,71.83999633789062,72.66000366210938,71.80999755859375,72.51000213623047,60.17474365234375,9501100,,
2018-9-12,72.08999633789062,72.5,70.0199966430664,71.75,59.544029235839844,12638300,,
2018-9-13,73.68000030517578,75.36000061035156,73.4800033569336,74.61000061035156,61.91748046875,24617700,,
2018-9-14,74.52999877929688,76.04000091552734,74.41000366210938,75.08999633789062,62.31584167480469,13450700,,
2018-9-17,74.83999633789062,75.27999877929688,73.11000061035156,73.23999786376953,60.780540466308594,11558300,,
2018-9-18,73.80000305175781,76.5,73.51000213623047,74.72000122070312,62.00878143310547,11692000,,
2018-9-19,75.37000274658203,75.37000274658203,73.7699966430664,74.05999755859375,61.4610481262207,12383200,,
2018-9-20,74.4800033569336,75.11000061035156,74.20999908447266,74.5999984741211,61.9091796875,12013900,,
2018-9-21,74.83000183105469,74.87000274658203,73.12999725341797,73.69999694824219,61.16230773925781,23465400,,
2018-9-24,73.08000183105469,73.8499984741211,72.80000305175781,73.58000183105469,61.06271743774414,15446100,,
2018-9-25,72.63999938964844,73.56999969482422,72.58000183105469,72.73999786376953,60.365604400634766,20741900,,
2018-9-26,72.68000030517578,73.26000213623047,71.58000183105469,71.76000213623047,59.552310943603516,11306000,,
2018-9-27,72.18000030517578,72.68000030517578,71.47000122070312,71.70999908447266,59.51082229614258,12498300,,
2018-9-28,71.51000213623047,73.26000213623047,71.25,72.02999877929688,59.77639389038086,20080800,,
2018-10-1,72.45999908447266,73.43000030517578,72.0999984741211,72.5999984741211,60.249420166015625,9340200,,
2018-10-2,72.4000015258789,73.91000366210938,72.2699966430664,73.3499984741211,60.871826171875,9221200,,
2018-10-3,73.58999633789062,73.88999938964844,72.58999633789062,72.63999938964844,60.28262710571289,7079800,,
2018-10-4,72,72.69999694824219,71.86000061035156,72.37999725341797,60.066856384277344,8599500,,
2018-10-5,72.38999938964844,72.66000366210938,70.55000305175781,71.20999908447266,59.09587097167969,23411300,,
2018-10-8,70.77999877929688,71.5999984741211,70.55999755859375,70.93000030517578,58.863521575927734,10104600,,
2018-10-9,70.76000213623047,70.95999908447266,70.08999633789062,70.12999725341797,58.199607849121094,10329200,,
2018-10-10,68.7699966430664,69.55999755859375,66.62000274658203,66.7300033569336,55.378028869628906,22296800,,
2018-10-11,66.3499984741211,66.98999786376953,63.61000061035156,64.29000091552734,53.35310745239258,25852600,,
2018-10-12,65.55000305175781,65.6500015258789,63.27000045776367,64.29000091552734,53.35310745239258,15760900,,
2018-10-15,64.2300033569336,65.19999694824219,64.01000213623047,64.16999816894531,53.25352096557617,12314700,,
2018-10-16,64.77999877929688,66.38999938964844,64.62000274658203,66.12000274658203,54.871795654296875,15931400,,
2018-10-17,66.37999725341797,66.61000061035156,65.29000091552734,66.0999984741211,54.855186462402344,14779100,,
2018-10-18,65.68000030517578,66.31999969482422,64.87000274658203,65.1500015258789,54.06680679321289,12218600,,
2018-10-19,65.44999694824219,66.20999908447266,65,65.36000061035156,54.241085052490234,10673000,,
2018-10-22,65.69000244140625,66.5999984741211,65.22000122070312,66.12000274658203,54.871795654296875,12890400,,
2018-10-23,63.65999984741211,66.91999816894531,63.56999969482422,66.37999725341797,55.08755874633789,13441000,,
2018-10-24,65.87000274658203,66.38999938964844,62.5,62.619998931884766,51.96721267700195,23384300,,
2018-10-25,63.810001373291016,63.83000183105469,62.349998474121094,63.20000076293945,52.44853973388672,20385700,,
2018-10-26,61.5,63.63999938964844,61.18000030517578,62.47999954223633,51.85102844238281,17049300,,
2018-10-29,63.5,63.689998626708984,61.27000045776367,62.16999816894531,51.59375762939453,14778300,,
2018-10-30,62.36000061035156,63.720001220703125,62.16999816894531,63.18000030517578,52.43193054199219,18865300,,
2018-10-31,62.90999984741211,63.52000045776367,62.06999969482422,62.88999938964844,52.191280364990234,12917500,,
2018-11-1,63.20000076293945,64.30999755859375,62.880001068115234,63.709999084472656,52.87178421020508,11003900,,
2018-11-2,63.939998626708984,63.959999084472656,62.34000015258789,63.33000183105469,52.55643081665039,13707900,,
2018-11-5,63.08000183105469,63.79999923706055,62.65999984741211,63.470001220703125,52.672607421875,13373800,,
2018-11-6,63.349998474121094,64.33999633789062,62.40999984741211,63.630001068115234,52.80537414550781,8774100,,
2018-11-7,63.5,63.75,62.279998779296875,63.209999084472656,52.45684051513672,18493500,,
2018-11-8,58,60.150001525878906,57.599998474121094,58.04999923706055,48.17463684082031,32155200,,
2018-11-9,57.779998779296875,58.2400016784668,56.189998626708984,56.720001220703125,47.07090759277344,21745200,,
2018-11-12,56.369998931884766,56.5,54.43000030517578,54.4900016784668,45.22026443481445,24447800,,
2018-11-13,54.7400016784668,55.4900016784668,54.04999923706055,54.15999984741211,44.94639587402344,20883800,,
2018-11-14,54.84000015258789,54.88999938964844,53.66999816894531,53.939998626708984,44.763824462890625,14071900,,
2018-11-15,53.83000183105469,55.540000915527344,53.529998779296875,55.38999938964844,45.967159271240234,18856300,,
2018-11-16,55.119998931884766,57.040000915527344,54.9900016784668,55.880001068115234,46.37379455566406,57303300,,
2018-11-19,55.849998474121094,56.619998931884766,54.869998931884766,54.900001525878906,45.56052017211914,20321400,,
2018-11-20,54.20000076293945,55.43000030517578,54.06999969482422,54.91999816894531,45.577110290527344,20658300,,
2018-11-21,55.209999084472656,56.5,55.18000030517578,55.27000045776367,45.867576599121094,13015500,,
2018-11-23,54.77000045776367,55.75,54.75,55.25,45.850975036621094,4671900,,
2018-11-26,55.790000915527344,56.380001068115234,55.18000030517578,55.72999954223633,46.24932098388672,10373700,,
2018-11-27,55.59000015258789,56.22999954223633,55.349998474121094,55.56999969482422,46.11654281616211,9719000,,
2018-11-28,55.88999938964844,56.720001220703125,54.689998626708984,56.650001525878906,47.01280975341797,17483500,,
2018-11-29,57.88999938964844,59.04999923706055,57.77000045776367,58.11000061035156,48.22443389892578,26949000,,
2018-11-30,58.220001220703125,58.470001220703125,57.02000045776367,58.2599983215332,48.34891891479492,18197800,,
2018-12-3,60.5099983215332,60.5099983215332,58.400001525878906,59.13999938964844,49.079219818115234,17114500,,
2018-12-4,58.9900016784668,59.47999954223633,57.220001220703125,57.72999954223633,47.90907669067383,15836500,,
2018-12-6,56.0099983215332,57.209999084472656,55.689998626708984,57.11000061035156,47.90907669067383,18203300,0.62,
2018-12-7,56.61000061035156,57.119998931884766,55.72999954223633,55.9900016784668,46.96952438354492,17054700,,
2018-12-10,57.77000045776367,58.25,56.63999938964844,57.2400016784668,48.01813888549805,20484900,,
2018-12-11,58.45000076293945,58.65999984741211,56.83000183105469,57.349998474121094,48.11041259765625,13116300,,
2018-12-12,58.439998626708984,58.58000183105469,57.529998779296875,57.720001220703125,48.42081069946289,13246500,,
2018-12-13,58.13999938964844,58.380001068115234,57.560001373291016,58.09000015258789,48.73119354248047,8949900,,
2018-12-14,57.560001373291016,59,57.36000061035156,57.619998931884766,48.336917877197266,13551000,,
2018-12-17,57.59000015258789,58.34000015258789,56.66999816894531,57,47.81679916381836,16648200,,
2018-12-18,57.689998626708984,58.540000915527344,57.400001525878906,57.779998779296875,48.47113800048828,12384200,,
2018-12-19,57.540000915527344,58.5,56.060001373291016,56.689998626708984,47.55674362182617,17376400,,
2018-12-20,57.220001220703125,57.939998626708984,56.060001373291016,56.369998931884766,47.288291931152344,21742300,,
2018-12-21,56.2599983215332,57.279998779296875,54.689998626708984,54.849998474121094,46.0131950378418,38202300,,
2018-12-24,53.70000076293945,54.88999938964844,53.56999969482422,53.650001525878906,45.00651550292969,8275000,,
2018-12-26,54.25,56,53.5099983215332,55.959999084472656,46.94435119628906,18451600,,
2018-12-27,55.540000915527344,56.38999938964844,54.77000045776367,56.09000015258789,47.05340576171875,15804800,,
2018-12-28,56.33000183105469,57.529998779296875,56.2400016784668,56.810001373291016,47.657413482666016,12749600,,
2018-12-31,57.119998931884766,57.40999984741211,56.279998779296875,56.90999984741211,47.741302490234375,8877000,,
2019-1-2,56.20000076293945,58,55.91999816894531,57.400001525878906,48.1523551940918,9896600,,
2019-1-3,55.95000076293945,56.84000015258789,55.52000045776367,55.70000076293945,46.72623825073242,14422200,,
2019-1-4,56.5,56.83000183105469,55.209999084472656,56.599998474121094,47.48124313354492,14177300,,
2019-1-7,56.38999938964844,57.15999984741211,55.95000076293945,56.439998626708984,47.347015380859375,12352000,,
2019-1-8,56.709999084472656,56.880001068115234,55.61000061035156,55.95000076293945,46.935970306396484,12110000,,
2019-1-9,56.2599983215332,57.11000061035156,56.13999938964844,56.61000061035156,47.4896354675293,10971000,,
2019-1-10,56.189998626708984,56.9900016784668,56.099998474121094,56.79999923706055,47.649024963378906,10958200,,
2019-1-11,56.470001220703125,58.16999816894531,56.33000183105469,57.5,48.236244201660156,12024300,,
2019-1-14,57.02000045776367,57.650001525878906,56.369998931884766,57.29999923706055,48.0684700012207,9449400,,
2019-1-15,57.31999969482422,57.400001525878906,55.560001373291016,55.72999954223633,46.75141906738281,17423400,,
2019-1-16,55.75,56.08000183105469,55.15999984741211,55.27000045776367,46.36552810668945,13856000,,
2019-1-17,54.970001220703125,55.20000076293945,54.369998931884766,54.77000045776367,45.94607162475586,18365000,,
2019-1-18,55.38999938964844,55.900001525878906,54.9900016784668,55.27000045776367,46.36552810668945,28020000,,
2019-1-22,54.970001220703125,54.9900016784668,53.939998626708984,54.290000915527344,45.543418884277344,17867500,,
2019-1-23,52.91999816894531,53.56999969482422,51.220001220703125,51.77000045776367,43.42940139770508,33788600,,
2019-1-24,51.95000076293945,51.97999954223633,50.40999984741211,50.810001373291016,42.62406921386719,32782700,,
2019-1-25,50.93000030517578,52.029998779296875,50.279998779296875,51.29999923706055,43.03511047363281,19516200,,
2019-1-28,50.31999969482422,51.290000915527344,50.2400016784668,50.63999938964844,42.48145294189453,24457600,,
2019-1-29,50.4900016784668,50.84000015258789,49.34000015258789,49.400001525878906,41.44122314453125,26266600,,
2019-1-30,49.68000030517578,50.869998931884766,49.209999084472656,50.16999816894531,42.08717346191406,18124100,,
2019-1-31,51.20000076293945,51.279998779296875,49.099998474121094,49.52000045776367,41.541893005371094,24736300,,
2019-2-1,49.58000183105469,50.279998779296875,49.400001525878906,49.61000061035156,41.617393493652344,15533200,,
2019-2-4,49.709999084472656,49.79999923706055,49.470001220703125,49.689998626708984,41.68449783325195,10880000,,
2019-2-5,49.72999954223633,51.08000183105469,49.720001220703125,50.72999954223633,42.55695343017578,15454200,,
2019-2-6,50.939998626708984,51.63999938964844,50.93000030517578,51.099998474121094,42.86734390258789,11052900,,
2019-2-7,50.83000183105469,51.119998931884766,50.27000045776367,50.54999923706055,42.40595626831055,10623300,,
2019-2-8,50.2400016784668,50.68000030517578,49.90999984741211,50.290000915527344,42.18784713745117,12461200,,
2019-2-11,50.54999923706055,51.29999923706055,50.380001068115234,50.83000183105469,42.640846252441406,9971800,,
2019-2-12,51.29999923706055,52.18000030517578,51.02000045776367,51.65999984741211,43.337127685546875,16637600,,
2019-2-13,52,52.4900016784668,51.560001373291016,51.59000015258789,43.27840042114258,11004000,,
2019-2-14,51.5,51.77000045776367,51.09000015258789,51.56999969482422,43.26161575317383,17895000,,
2019-2-15,52.08000183105469,52.36000061035156,51.599998474121094,51.97999954223633,43.60556411743164,12239500,,
2019-2-19,52,52.47999954223633,51.75,52.0099983215332,43.6307258605957,8258400,,
2019-2-20,52.25,52.91999816894531,52.13999938964844,52.45000076293945,43.99984359741211,12863700,,
2019-2-21,52.5,52.59000015258789,51.900001525878906,52.349998474121094,43.91594696044922,7826200,,
2019-2-22,52.689998626708984,53.150001525878906,52.63999938964844,53.119998931884766,44.5619010925293,13394500,,
2019-2-25,53.779998779296875,53.970001220703125,52.900001525878906,52.9900016784668,44.45285415649414,15341700,,
2019-2-26,53.08000183105469,53.220001220703125,52.279998779296875,53.029998779296875,44.48640441894531,11366700,,
2019-2-27,52.95000076293945,53.130001068115234,52.27000045776367,53.040000915527344,44.49479293823242,10426200,,
2019-2-28,53,53.7599983215332,52.709999084472656,53.38999938964844,44.78840255737305,19000200,,
2019-3-1,54,54.400001525878906,53.709999084472656,54.20000076293945,45.4679069519043,12659000,,
2019-3-4,54.58000183105469,54.70000076293945,53.2599983215332,53.779998779296875,45.115570068359375,14021700,,
2019-3-5,53.900001525878906,54.22999954223633,53.70000076293945,53.939998626708984,45.24979019165039,10092800,,
2019-3-6,53.88999938964844,55.459999084472656,53.72999954223633,54.79999923706055,46.505794525146484,20521300,0.62,
2019-3-7,54.83000183105469,55.04999923706055,53.61000061035156,54.029998779296875,45.85232925415039,13667300,,
2019-3-8,53.45000076293945,53.630001068115234,53.029998779296875,53.529998779296875,45.428009033203125,10117100,,
2019-3-11,53.720001220703125,54.75,53.650001525878906,54.349998474121094,46.1239013671875,10738800,,
2019-3-12,54.65999984741211,55.310001373291016,54.540000915527344,54.84000015258789,46.53974151611328,9575300,,
2019-3-13,55.029998779296875,55.939998626708984,55,55.38999938964844,47.006492614746094,9198900,,
2019-3-14,55.529998779296875,55.869998931884766,55.25,55.400001525878906,47.01496887207031,7306100,,
2019-3-15,55,57.34000015258789,54.91999816894531,56.599998474121094,48.033348083496094,27985600,,
2019-3-18,56.619998931884766,57.189998626708984,56.439998626708984,56.83000183105469,48.228538513183594,13089300,,
2019-3-19,57.16999816894531,57.68000030517578,56.779998779296875,56.970001220703125,48.34735107421875,9363700,,
2019-3-20,57.029998779296875,57.689998626708984,56.75,57.15999984741211,48.50859451293945,8804800,,
2019-3-21,57.22999954223633,58.279998779296875,57.20000076293945,57.77000045776367,49.026268005371094,19542700,,
2019-3-22,57.68000030517578,58.09000015258789,56.75,56.81999969482422,48.220062255859375,10243500,,
2019-3-25,56.58000183105469,56.939998626708984,56.06999969482422,56.63999938964844,48.06730270385742,6929600,,
2019-3-26,57.150001525878906,58.38999938964844,56.66999816894531,58,49.22146224975586,16051800,,
2019-3-27,57.349998474121094,57.66999816894531,56.31999969482422,56.90999984741211,48.29643630981445,11934400,,
2019-3-28,57.029998779296875,57.38999938964844,56.34000015258789,56.54999923706055,47.99091720581055,11064300,,
2019-3-29,57,57.560001373291016,56.939998626708984,57.029998779296875,48.398277282714844,8529100,,
2019-4-1,57.63999938964844,58.150001525878906,57.11000061035156,57.810001373291016,49.06021499633789,12066500,,
2019-4-2,57.97999954223633,58.529998779296875,57.65999984741211,58.09000015258789,49.29783630371094,7614500,,
2019-4-3,58.20000076293945,58.290000915527344,57.18000030517578,57.68000030517578,48.94989013671875,11563400,,
2019-4-4,57.75,58.61000061035156,57.689998626708984,57.86000061035156,49.1026496887207,9905100,,
2019-4-5,57.97999954223633,58.189998626708984,57.689998626708984,57.9900016784668,49.21297836303711,12332600,,
2019-4-8,57.790000915527344,58.4900016784668,57.5099983215332,57.7599983215332,49.01777648925781,8942400,,
2019-4-9,57.56999969482422,57.65999984741211,57.029998779296875,57.439998626708984,48.7462158203125,11713400,,
2019-4-10,57.709999084472656,57.86000061035156,56.099998474121094,56.33000183105469,47.80421829223633,15976500,,
2019-4-11,56.439998626708984,56.900001525878906,55.790000915527344,55.900001525878906,47.439300537109375,13903800,,
2019-4-12,56.279998779296875,57.16999816894531,56.06999969482422,56.95000076293945,48.330379486083984,13483500,,
2019-4-15,57.13999938964844,57.66999816894531,57.029998779296875,57.18000030517578,48.52556610107422,10712500,,
2019-4-16,57.459999084472656,71.02999877929688,57.290000915527344,70.44999694824219,59.78710174560547,86755900,,
2019-4-17,78.81999969482422,82.5199966430664,76.48999786376953,79.08000183105469,67.11092376708984,156019300,,
2019-4-18,78.72000122070312,80.19999694824219,78.0199966430664,79.88999938964844,67.79830932617188,41621200,,
2019-4-22,79.83000183105469,82.5,79.33999633789062,81.97000122070312,69.56350708007812,33292500,,
2019-4-23,83.9000015258789,87.95999908447266,83.2699966430664,86.72000122070312,73.59455871582031,56973700,,
2019-4-24,87.04000091552734,88.62999725341797,85.30000305175781,86.83000183105469,73.68790435791016,40290400,,
2019-4-25,86.16999816894531,86.31999969482422,84.5199966430664,85.06999969482422,72.19429779052734,20732200,,
2019-4-26,84.51000213623047,86.76000213623047,84.20999908447266,86.63999938964844,73.52665710449219,18860600,,
2019-4-29,86.4000015258789,87.9800033569336,85.83999633789062,87.25,74.0443344116211,17930000,,
2019-4-30,86.9800033569336,87.45999908447266,86.05000305175781,86.12999725341797,73.09387969970703,17582400,,
2019-5-1,87.16999816894531,88.22000122070312,86.1500015258789,86.37000274658203,73.29752349853516,28211500,,
2019-5-2,87.5,90.33999633789062,86.1500015258789,87.13999938964844,73.95101165771484,40342000,,
2019-5-3,87.76000213623047,89.81999969482422,87.05999755859375,89.29000091552734,75.77558898925781,21068400,,
2019-5-6,86.33000183105469,88.69999694824219,86.13999938964844,88.25,74.89299774169922,15682100,,
2019-5-7,87.19999694824219,88.1500015258789,84.77999877929688,85.19999694824219,72.30462646484375,21579500,,
2019-5-8,84.8499984741211,85.72000122070312,84.11000061035156,84.54000091552734,71.74452209472656,15500700,,
2019-5-9,83.37000274658203,84.83999633789062,82.26000213623047,83.77999877929688,71.09955596923828,14516000,,
2019-5-10,83.37999725341797,86.33000183105469,83.3499984741211,85.83999633789062,72.8477554321289,15955600,,
2019-5-13,83.23999786376953,84.8499984741211,82.98999786376953,83.88999938964844,71.19290161132812,16689000,,
2019-5-14,84.2699966430664,86.44000244140625,84,86.12999725341797,73.09387969970703,14353700,,
2019-5-15,85.55000305175781,87,84.88999938964844,86.26000213623047,73.20418548583984,11784800,,
2019-5-16,83.79000091552734,84.80000305175781,82.12999725341797,82.80999755859375,70.27637481689453,22498800,,
2019-5-17,80.48999786376953,83.12000274658203,80,81.5,69.16461181640625,19523400,,
2019-5-20,77.94999694824219,78.33000183105469,76.06999969482422,76.62000274658203,65.02323150634766,32679300,,
2019-5-21,78.91000366210938,79.04000091552734,77.22000122070312,77.75,65.98222351074219,17282200,,
2019-5-22,69.12999725341797,71.73999786376953,67.97000122070312,69.30999755859375,58.81963348388672,66150700,,
2019-5-23,67.0199966430664,68.2699966430664,65.9000015258789,68.26000213623047,57.92856979370117,31820700,,
2019-5-24,68.93000030517578,69.1500015258789,65.97000122070312,66.20999908447266,56.188838958740234,21420000,,
2019-5-28,66.63999938964844,67.70999908447266,65.23999786376953,65.37000274658203,55.475975036621094,22667300,,
2019-5-29,65.36000061035156,66.1500015258789,64.76000213623047,65.76000213623047,55.80694580078125,16312600,,
2019-5-30,65.97000122070312,67.06999969482422,65.93000030517578,66.58999633789062,56.511314392089844,11554600,,
2019-5-31,65.77999877929688,67.83999633789062,65.52999877929688,66.81999969482422,56.706520080566406,15060300,,
2019-6-3,67.08999633789062,68.12999725341797,66.27999877929688,66.66000366210938,56.57073974609375,13620700,,
2019-6-4,67.61000061035156,68.5,66.69999694824219,68.44999694824219,58.08979797363281,15866700,,
2019-6-5,68.04000091552734,68.33000183105469,65.83000183105469,67.0199966430664,57.3961296081543,11779200,0.62,
2019-6-6,66.91999816894531,67.97000122070312,66.2699966430664,67.58999633789062,57.88426971435547,10781700,,
2019-6-7,67.69000244140625,68.77999877929688,67.30000305175781,68.69000244140625,58.82632064819336,10495600,,
2019-6-10,69,71.45999908447266,69,70.54000091552734,60.41065216064453,15229200,,
2019-6-11,71.58000183105469,72.22000122070312,70.2699966430664,71.23999786376953,61.01014709472656,11839500,,
2019-6-12,69.52999877929688,70.37000274658203,69.19999694824219,69.58999633789062,59.597076416015625,9396200,,
2019-6-13,69.97000122070312,70.48999786376953,69.37999725341797,69.93000030517578,59.88825607299805,6790500,,
2019-6-14,68.3499984741211,69.12000274658203,67.9000015258789,68.72000122070312,58.85198974609375,12119500,,
2019-6-17,69.08999633789062,69.9800033569336,68.9000015258789,69.11000061035156,59.185997009277344,9411100,,
2019-6-18,69.69000244140625,72.38999938964844,69.66999816894531,71.95999908447266,61.62676239013672,14508000,,
2019-6-19,72.37000274658203,72.62000274658203,70.80000305175781,71.80000305175781,61.48973846435547,11999300,,
2019-6-20,73.19000244140625,73.66999816894531,72.2300033569336,72.73999786376953,62.294742584228516,9871800,,
2019-6-21,72.30999755859375,73.16999816894531,72.30999755859375,72.72000122070312,62.277610778808594,15244500,,
2019-6-24,72.97000122070312,73.44999694824219,72.19999694824219,73.16000366210938,62.654422760009766,8893000,,
2019-6-25,73.2300033569336,74.13999938964844,72.5199966430664,72.55000305175781,62.13203048706055,8953400,,
2019-6-26,73.76000213623047,75.69000244140625,73.6500015258789,74.94999694824219,64.18738555908203,13808000,,
2019-6-27,75.33999633789062,75.9000015258789,75.16999816894531,75.43000030517578,64.59846496582031,11151900,,
2019-6-28,75.66000366210938,76.44000244140625,74.80999755859375,76.06999969482422,65.14657592773438,29217500,,
2019-7-1,80.66999816894531,80.76000213623047,77.08000183105469,77.5199966430664,66.3883285522461,17693000,,
2019-7-2,77.27999877929688,77.4800033569336,76.62000274658203,77.01000213623047,65.95158386230469,7075600,,
2019-7-3,77.06999969482422,77.2300033569336,76.05000305175781,76.62999725341797,65.62614440917969,5290400,,
2019-7-5,74.19999694824219,76.72000122070312,74.0999984741211,76.66000366210938,65.65184020996094,9220800,,
2019-7-8,75.9800033569336,77.02999877929688,75.93000030517578,76.62999725341797,65.62614440917969,7924900,,
2019-7-9,76.44000244140625,76.83999633789062,75.83999633789062,76.55000305175781,65.5576400756836,7506500,,
2019-7-10,76.83000183105469,76.91000366210938,74.08000183105469,74.36000061035156,63.68211364746094,15075700,,
2019-7-11,74.5199966430664,75.77999877929688,73.30000305175781,73.70999908447266,63.125450134277344,14298400,,
2019-7-12,74.25,74.9800033569336,73.66000366210938,74.9000015258789,64.14456939697266,8028100,,
2019-7-15,75.1500015258789,75.9000015258789,74.79000091552734,75.43000030517578,64.59846496582031,8898200,,
2019-7-16,75.11000061035156,76.5,74.55000305175781,75.66999816894531,64.80399322509766,9909600,,
2019-7-17,78.56999969482422,79.4000015258789,75.70999908447266,75.76000213623047,64.88108825683594,20602300,,
2019-7-18,74.97000122070312,75.3499984741211,74.05000305175781,74.37000274658203,63.690677642822266,12580800,,
2019-7-19,74.41999816894531,75.70999908447266,74.41999816894531,75,64.23021697998047,14477400,,
2019-7-22,75.05999755859375,76.62000274658203,75.05999755859375,75.94999694824219,65.04379272460938,9645800,,
2019-7-23,75.33999633789062,75.58999633789062,73.30999755859375,74.12000274658203,63.476593017578125,14420400,,
2019-7-24,74.01000213623047,76.41999816894531,73.68000030517578,75.87000274658203,64.97530364990234,14012700,,
2019-7-25,75.83999633789062,76.13999938964844,75.0999984741211,75.3499984741211,64.52996063232422,7299500,,
2019-7-26,75.11000061035156,75.8499984741211,74.8499984741211,75.22000122070312,64.41863250732422,8262500,,
2019-7-29,75.16000366210938,76.31999969482422,74.66999816894531,74.97000122070312,64.20451354980469,8237500,,
2019-7-30,74.58000183105469,75.06999969482422,74.36000061035156,74.80999755859375,64.06751251220703,7397900,,
2019-7-31,74.83000183105469,75.27999877929688,72.76000213623047,73.16000366210938,62.654422760009766,14052800,,
2019-8-1,68.87999725341797,73.70999908447266,68.25,71.19999694824219,60.975887298583984,29729800,,
2019-8-2,70.44000244140625,71.52999877929688,70.01000213623047,71.1500015258789,60.93306350708008,12649400,,
2019-8-5,69.97000122070312,70.83999633789062,68.55999755859375,68.80000305175781,58.92051696777344,13071800,,
2019-8-6,69.5199966430664,69.93000030517578,67.37999725341797,68.16999816894531,58.380977630615234,13189900,,
2019-8-7,67.26000213623047,69.5999984741211,67.12000274658203,69.4000015258789,59.434349060058594,8934900,,
2019-8-8,69.55999755859375,71.3499984741211,69.3499984741211,71.26000213623047,61.02726745605469,8367900,,
2019-8-9,70.51000213623047,72.19000244140625,70.19000244140625,71.5,61.23281478881836,8702200,,
2019-8-12,71,71.4800033569336,69.7300033569336,69.80000305175781,59.77692413330078,7364300,,
2019-8-13,69.88999938964844,72.47000122070312,69.30999755859375,72.18000030517578,61.815155029296875,10134800,,
2019-8-14,70.63999938964844,71.88999938964844,70.55000305175781,70.87999725341797,60.70183181762695,10336900,,
2019-8-15,71.44000244140625,72.19000244140625,70.58999633789062,71.16000366210938,60.94162368774414,9107000,,
2019-8-16,71.8499984741211,73.41000366210938,71.7300033569336,73.27999877929688,62.7572135925293,10090600,,
2019-8-19,74.58000183105469,75.52999877929688,74.13999938964844,74.87000274658203,64.11888122558594,9688400,,
2019-8-20,74.56999969482422,76.44000244140625,74.33000183105469,76.06999969482422,65.14657592773438,9387300,,
2019-8-21,76.5,77.19000244140625,75.98999786376953,76.69999694824219,65.68608856201172,11004100,,
2019-8-22,76.91000366210938,77.94999694824219,76.5999984741211,77.1500015258789,66.07148742675781,7198800,,
2019-8-23,76.12000274658203,79.0999984741211,73.22000122070312,73.5199966430664,62.96274948120117,16479400,,
2019-8-26,74.9000015258789,75.08999633789062,72.5199966430664,72.91000366210938,62.44033432006836,11153800,,
2019-8-27,73.68000030517578,74.37999725341797,73.19999694824219,73.97000122070312,63.348121643066406,7303100,,
2019-8-28,73.79000091552734,74.87999725341797,72.91000366210938,74.3499984741211,63.673561096191406,5678500,,
2019-8-29,75.22000122070312,77.02999877929688,75.22000122070312,76.44999694824219,65.47199249267578,7348400,,
2019-8-30,77.18000030517578,78.05000305175781,77,77.7699966430664,66.60244750976562,8465300,,
2019-9-3,76.7699966430664,76.98999786376953,74.69999694824219,75.12000274658203,64.33300018310547,7580700,,
2019-9-4,75.98999786376953,77.12000274658203,75.62999725341797,77.08999633789062,66.02010345458984,4923700,,
2019-9-5,77.88999938964844,80.44000244140625,77.88999938964844,78.98999786376953,67.64726257324219,13480300,,
2019-9-6,78.95999908447266,79.08000183105469,78.44000244140625,78.83999633789062,67.51879119873047,5128000,,
2019-9-9,79.04000091552734,79.44999694824219,77.97000122070312,78.20999908447266,66.9792709350586,6885100,,
2019-9-10,78.02999877929688,78.87999725341797,77.33999633789062,78.70999908447266,67.4074935913086,9373900,,
2019-9-11,78.16999816894531,79.91000366210938,78.12000274658203,79.9000015258789,68.9698715209961,6575700,0.62,
2019-9-12,80.05000305175781,80.05000305175781,78.58000183105469,79.08000183105469,68.26205444335938,5847100,,
2019-9-13,79.18000030517578,79.54000091552734,78.37000274658203,78.41000366210938,67.68370056152344,5343700,,
2019-9-16,77.58000183105469,78.48999786376953,76.91000366210938,78.04000091552734,67.36431884765625,3756500,,
2019-9-17,77.61000061035156,78.79000091552734,77.51000213623047,78.69000244140625,67.92537689208984,4400800,,
2019-9-18,78.69000244140625,79.06999969482422,77.63999938964844,78.9000015258789,68.10665130615234,5147500,,
2019-9-19,79.23999786376953,80,78.20999908447266,78.2300033569336,67.52830505371094,5180900,,
2019-9-20,78.19999694824219,78.69999694824219,76.16999816894531,76.44000244140625,65.9831771850586,9122000,,
2019-9-23,76.66999816894531,77.91000366210938,76.05999755859375,77.23999786376953,66.67375183105469,5815700,,
2019-9-24,78.08000183105469,78.30000305175781,74.62999725341797,75.2300033569336,64.93871307373047,10177800,,
2019-9-25,75.02999877929688,77.48999786376953,74.87999725341797,77.26000213623047,66.69102478027344,5571600,,
2019-9-26,77.16000366210938,77.69000244140625,75.94000244140625,77.3499984741211,66.7686996459961,3760300,,
2019-9-27,77.01000213623047,78.19999694824219,76.20999908447266,76.62999725341797,66.14717864990234,5013200,,
2019-9-30,76.88999938964844,76.94999694824219,76.0199966430664,76.27999877929688,65.8450927734375,4775800,,
2019-10-1,77.05999755859375,78.05999755859375,74.97000122070312,75.47000122070312,65.14588165283203,7043700,,
2019-10-2,75.26000213623047,75.70999908447266,73.7699966430664,73.98999786376953,63.86833190917969,5997500,,
2019-10-3,73.93000030517578,75.83000183105469,73.16000366210938,75.7300033569336,65.37031555175781,5419400,,
2019-10-4,76.31999969482422,77.55999755859375,75.83999633789062,77.48999786376953,66.8895492553711,4893600,,
2019-10-7,77.01000213623047,77.55000305175781,76.2699966430664,76.33999633789062,65.8968734741211,4215500,,
2019-10-8,75.5199966430664,75.81999969482422,72.80999755859375,72.8499984741211,62.88429641723633,8489600,,
2019-10-9,73.91000366210938,74.80000305175781,73.55999755859375,74.3499984741211,64.1791000366211,5137500,,
2019-10-10,74.3499984741211,75.97000122070312,74.16999816894531,74.97000122070312,64.71428680419922,5580600,,
2019-10-11,76.19000244140625,77.81999969482422,76.01000213623047,76.69999694824219,66.2076187133789,7280800,,
2019-10-14,76.6500015258789,77.37000274658203,76.27999877929688,76.30000305175781,65.8623275756836,4545300,,
2019-10-15,76.87999725341797,77.9800033569336,76.27999877929688,77.81999969482422,67.17440032958984,5222500,,
2019-10-16,77.48999786376953,78.31999969482422,77.27999877929688,78.2300033569336,67.52830505371094,6218000,,
2019-10-17,78.69999694824219,79.95999908447266,78.4000015258789,78.97000122070312,68.16707611083984,5916700,,
2019-10-18,78.62000274658203,79.22000122070312,77.66999816894531,77.68000030517578,67.05357360839844,6107000,,
2019-10-21,78.37999725341797,79.08999633789062,78.01000213623047,78.9800033569336,68.17573547363281,5119800,,
2019-10-22,78.93000030517578,79.06999969482422,78.23999786376953,78.47000122070312,67.73548889160156,4944500,,
2019-10-23,77.20999908447266,78.12999725341797,76.87000274658203,77.23999786376953,66.67375183105469,5785700,,
2019-10-24,78.05999755859375,79.0199966430664,77.58999633789062,78.98999786376953,68.18434143066406,5271200,,
2019-10-25,79,80.2300033569336,78.91000366210938,80.16999816894531,69.20292663574219,6712300,,
2019-10-28,80.55000305175781,83.12999725341797,80.54000091552734,83.05000305175781,71.68895721435547,9949800,,
2019-10-29,82.75,82.8499984741211,81.44000244140625,81.66000366210938,70.48910522460938,4993600,,
2019-10-30,82.0999984741211,82.25,80.8499984741211,81.44000244140625,70.29920196533203,3971000,,
2019-10-31,81.44000244140625,81.47000122070312,79.83999633789062,80.44000244140625,69.43599700927734,5693700,,
2019-11-1,81.58999633789062,83.6500015258789,81.25,83.58000183105469,72.14643859863281,8620300,,
2019-11-4,84.54000091552734,85.87000274658203,84.30999755859375,85.08999633789062,73.44986724853516,8389200,,
2019-11-5,85.19999694824219,85.73999786376953,84.7300033569336,85.45999908447266,73.76927185058594,7280000,,
2019-11-6,85.33999633789062,85.61000061035156,84.22000122070312,84.62999725341797,73.05280303955078,9755300,,
2019-11-7,89.83000183105469,92.5,88.31999969482422,89.9800033569336,77.67094421386719,30254000,,
2019-11-8,89.9800033569336,94.11000061035156,89.5999984741211,94.02999877929688,81.16690063476562,16371300,,
2019-11-11,91.70999908447266,92.5199966430664,90.88999938964844,91.83999633789062,79.2764892578125,11297700,,
2019-11-12,92.18000030517578,92.25,90.16999816894531,90.97000122070312,78.5255126953125,9332100,,
2019-11-13,90.69999694824219,91.9000015258789,89.62000274658203,90.47000122070312,78.09391021728516,9353200,,
2019-11-14,90.30999755859375,90.58000183105469,89.43000030517578,90.4800033569336,78.10256958007812,8793600,,
2019-11-15,92.5999984741211,93.94000244140625,90.58000183105469,90.80999755859375,78.38738250732422,25490200,,
2019-11-18,90.80999755859375,91.9800033569336,89.27999877929688,90.4800033569336,78.10256958007812,10360500,,
2019-11-19,91.25,91.38999938964844,86.68000030517578,87.95999908447266,75.92728424072266,18091300,,
2019-11-20,87.81999969482422,88.36000061035156,85.30999755859375,85.62000274658203,73.9073715209961,13045100,,
2019-11-21,84.79000091552734,86.30000305175781,84.55000305175781,85.11000061035156,73.46713256835938,10180400,,
2019-11-22,85.29000091552734,85.81999969482422,84.52999877929688,84.88999938964844,73.27725982666016,6166700,,
2019-11-25,85.76000213623047,86.29000091552734,85.08000183105469,85.29000091552734,73.6225357055664,8964100,,
2019-11-26,85.25,85.55000305175781,84.13999938964844,84.62999725341797,73.05280303955078,11584500,,
2019-11-27,85.16000366210938,85.30999755859375,84.47000122070312,84.80000305175781,73.19953918457031,5215000,,
2019-11-29,84.51000213623047,85.0999984741211,83.41999816894531,83.55000305175781,72.12055206298828,3882400,,
2019-12-2,83.9800033569336,84.29000091552734,82.30999755859375,82.44999694824219,71.17103576660156,7668800,,
2019-12-3,81.37999725341797,81.38999938964844,79.80999755859375,80.58000183105469,69.55683135986328,11126100,,
2019-12-4,80.91999816894531,82.44000244140625,80.44999694824219,82.08000183105469,71.40101623535156,8477400,0.62,
2019-12-5,82.6500015258789,83.44000244140625,81.77999877929688,82.58999633789062,71.84467315673828,6358300,,
2019-12-6,83.44999694824219,84.25,83.41999816894531,83.81999969482422,72.91464233398438,6860400,,
2019-12-9,84,85.30000305175781,83.83999633789062,84.91999816894531,73.87153625488281,8382900,,
2019-12-10,85.04000091552734,85.33000183105469,83.69000244140625,84.12000274658203,73.17560577392578,8082200,,
2019-12-11,84.83999633789062,87.0999984741211,84.76000213623047,86.98999786376953,75.6722183227539,9571500,,
2019-12-12,86.83999633789062,89.2300033569336,86.37000274658203,89.05000305175781,77.46417999267578,12164600,,
2019-12-13,88.91000366210938,89.69999694824219,87.55999755859375,87.83000183105469,76.4029312133789,12269100,,
2019-12-16,89.27999877929688,90.45999908447266,88.3499984741211,88.43000030517578,76.92486572265625,8719100,,
2019-12-17,89,89.04000091552734,87.68000030517578,88.31999969482422,76.82917022705078,7485900,,
2019-12-18,88.54000091552734,88.6500015258789,87.58999633789062,87.9800033569336,76.53340911865234,5860600,,
2019-12-19,88.36000061035156,88.69999694824219,87.62000274658203,88.48999786376953,76.97706604003906,7471400,,
2019-12-20,88.81999969482422,89.8499984741211,88.18000030517578,88.8499984741211,77.29021453857422,17538000,,
2019-12-23,89.01000213623047,89.33000183105469,88.25,88.44999694824219,76.94224548339844,7274700,,
2019-12-24,88.62000274658203,88.80999755859375,87.9800033569336,88.7699966430664,77.22062683105469,2435200,,
2019-12-26,88.91999816894531,88.95999908447266,88,88.4000015258789,76.8987808227539,5070000,,
2019-12-27,88.9000015258789,88.94999694824219,88.08999633789062,88.80000305175781,77.24673461914062,5808900,,
2019-12-30,88.70999908447266,88.77999877929688,87.30999755859375,88.43000030517578,76.92486572265625,6543100,,
2019-12-31,87.98999786376953,88.7699966430664,87.87999725341797,88.2300033569336,76.75088500976562,5173400,,
2020-1-2,89.05000305175781,89.80999755859375,88.08000183105469,88.69000244140625,77.15103149414062,8413900,,
2020-1-3,87.26000213623047,87.63999938964844,86.44000244140625,87.0199966430664,75.69829559326172,8340300,,
2020-1-6,85.91000366210938,86.55000305175781,85.54000091552734,86.51000213623047,75.25466918945312,8381400,,
2020-1-7,87.04000091552734,89.48999786376953,86.91000366210938,88.97000122070312,77.39459991455078,8377400,,
2020-1-8,88.9000015258789,89.47000122070312,87.91999816894531,88.70999908447266,77.16842651367188,7619900,,
2020-1-9,89.66000366210938,90.72000122070312,88.83000183105469,89.91000366210938,78.21231842041016,9155500,,
2020-1-10,90.51000213623047,92.38999938964844,89.87000274658203,90.26000213623047,78.51676940917969,9668300,,
2020-1-13,91.05000305175781,92.7300033569336,90.55000305175781,90.97000122070312,79.13440704345703,10367800,,
2020-1-14,91.12999725341797,91.61000061035156,90.29000091552734,90.55999755859375,78.77774047851562,7800100,,
2020-1-15,90.75,91.18000030517578,89.25,89.66999816894531,78.00350952148438,7259100,,
2020-1-16,90.22000122070312,92.2300033569336,89.81999969482422,91.79000091552734,79.84772491455078,9295500,,
2020-1-17,93,96.16999816894531,92.94999694824219,95.91000366210938,83.43167877197266,23694400,,
2020-1-21,95.33000183105469,95.72000122070312,93.41999816894531,94.54000091552734,82.23991394042969,10868500,,
2020-1-22,95.26000213623047,95.38999938964844,92.70999908447266,92.97000122070312,80.87418365478516,8342300,,
2020-1-23,92.8499984741211,92.94999694824219,91.45999908447266,92,80.03038787841797,11282000,,
2020-1-24,92.68000030517578,93.25,88.83000183105469,89.6500015258789,77.98613739013672,9471700,,
2020-1-27,87.30000305175781,88.22000122070312,86.44999694824219,87.05000305175781,75.72439575195312,9240200,,
2020-1-28,88.1500015258789,89.54000091552734,87.38999938964844,89.1500015258789,77.5511703491211,9187000,,
2020-1-29,88.66000366210938,89.0199966430664,87.3499984741211,88.2300033569336,76.75088500976562,8158500,,
2020-1-30,87.30999755859375,87.86000061035156,86.19000244140625,87.77999877929688,76.35942840576172,8379400,,
2020-1-31,87.05000305175781,87.16999816894531,85.04000091552734,85.30999755859375,74.2107925415039,9503600,,
2020-2-3,85.55000305175781,86.58000183105469,85.16000366210938,86.4800033569336,75.22855377197266,7792700,,
2020-2-4,88.25,88.94999694824219,87.37000274658203,88.93000030517578,77.35980987548828,9236400,,
2020-2-5,90.98999786376953,91.13999938964844,89.2699966430664,90.91000366210938,79.08222961425781,14220900,,
2020-2-6,88.05999755859375,90.77999877929688,86.19000244140625,90.61000061035156,78.82123565673828,21059000,,
2020-2-7,89.62000274658203,90.02999877929688,87.37999725341797,87.41999816894531,76.04627227783203,10725100,,
2020-2-10,86.77999877929688,88.63999938964844,86.5,88.5999984741211,77.07273864746094,7481300,,
2020-2-11,89.37000274658203,91.47000122070312,88.9000015258789,90,78.29058837890625,9452800,,
2020-2-12,91.6500015258789,92.44000244140625,91.29000091552734,91.72000122070312,79.78682708740234,9824200,,
2020-2-13,91.02999877929688,91.37999725341797,89.77999877929688,90.02999877929688,78.31668853759766,8428300,,
2020-2-14,90.55000305175781,90.80000305175781,88.79000091552734,89.5999984741211,77.942626953125,6256500,,
2020-2-18,87.83000183105469,89,87.52999877929688,88.02999877929688,76.576904296875,7248100,,
2020-2-19,88.91999816894531,90.62000274658203,88.6500015258789,90.55999755859375,78.77774047851562,7820900,,
2020-2-20,90.80999755859375,91.87999725341797,88.68000030517578,89.47000122070312,77.82953643798828,9754900,,
2020-2-21,88.55999755859375,89.02999877929688,86.33000183105469,87.02999877929688,75.70700073242188,12257600,,
2020-2-24,83.9000015258789,84.83000183105469,82.70999908447266,83.31999969482422,72.47967529296875,12158500,,
2020-2-25,83.94000244140625,84.4000015258789,79.63999938964844,80.22000122070312,69.78303527832031,14725000,,
2020-2-26,81,82.02999877929688,79.08999633789062,79.66000366210938,69.29588317871094,13125000,,
2020-2-27,77.12999725341797,78.19000244140625,75.33000183105469,75.94000244140625,66.05986022949219,17898300,,
2020-2-28,73.76000213623047,79.80999755859375,73.33999633789062,78.30000305175781,68.11282348632812,20843300,,
2020-3-2,79.0199966430664,80.70999908447266,77.12999725341797,80.55999755859375,70.07878875732422,15043400,,
2020-3-3,80.81999969482422,82.6500015258789,77.83000183105469,78.55999755859375,68.3389892578125,16356200,,
2020-3-4,79.12000274658203,81.91000366210938,78.05000305175781,81.80000305175781,71.7234878540039,9894900,0.62,
2020-3-5,79.45999908447266,81.37000274658203,78.69999694824219,79.16999816894531,69.4174575805664,9396200,,
2020-3-6,76.33000183105469,78.08000183105469,75.83000183105469,77.47000122070312,67.92688751220703,11536500,,
2020-3-9,72.4000015258789,76.0999984741211,71.83000183105469,72.63999938964844,63.691890716552734,13898500,,
2020-3-10,74.80000305175781,79.04000091552734,74.16000366210938,78.88999938964844,69.1719741821289,13615600,,
2020-3-11,76.29000091552734,77.79000091552734,73.72000122070312,74.62000274658203,65.42797088623047,13376500,,
2020-3-12,69.5199966430664,72.52999877929688,67,67.0199966430664,58.76417922973633,19386200,,
2020-3-13,71.18000030517578,76.66999816894531,67.26000213623047,75.80999755859375,66.47137451171875,15971400,,
2020-3-16,68.27999877929688,71.16999816894531,64.45999908447266,64.4800033569336,56.53706741333008,16134700,,
2020-3-17,65.91000366210938,69.80999755859375,62.20000076293945,68.86000061035156,60.37751007080078,16864500,,
2020-3-18,63.560001373291016,65.55999755859375,58,61.189998626708984,53.65233612060547,18381200,,
2020-3-19,61.119998931884766,67.55000305175781,59.040000915527344,65,56.993003845214844,17127400,,
2020-3-20,65.02999877929688,67.9800033569336,60.790000915527344,60.90999984741211,53.40682601928711,16591500,,
2020-3-23,61.54999923706055,64.86000061035156,59.11000061035156,62.529998779296875,54.827266693115234,14920300,,
2020-3-24,66,67.62000274658203,62.189998626708984,65.45999908447266,57.396331787109375,18966800,,
2020-3-25,65.9000015258789,66.95999908447266,62.459999084472656,63.08000183105469,55.30951690673828,15969800,,
2020-3-26,64,69.66000366210938,63.25,68.9800033569336,60.482730865478516,15820300,,
2020-3-27,66.5,69.12000274658203,65.93000030517578,66.58999633789062,58.38712692260742,9739100,,
2020-3-30,67.19000244140625,69.5,66.05999755859375,69.02999877929688,60.526546478271484,9880800,,
2020-3-31,69.30000305175781,70.36000061035156,66.66000366210938,67.6500015258789,59.316551208496094,13213900,,
2020-4-1,65,68.69999694824219,65,65.9000015258789,57.78212356567383,14167900,,
2020-4-2,65.87000274658203,68.26000213623047,65.30999755859375,68.0199966430664,59.64098358154297,15432900,,
2020-4-3,67.68000030517578,68.69000244140625,64.55000305175781,65.2300033569336,57.194664001464844,8600700,,
2020-4-6,68.5,71.37000274658203,67.6500015258789,70.94999694824219,62.210060119628906,12153100,,
2020-4-7,73.66000366210938,74.9000015258789,70.86000061035156,72.7300033569336,63.77077102661133,11285600,,
2020-4-8,73.69999694824219,74.37999725341797,72.41999816894531,73.33000183105469,64.29688262939453,10695600,,
2020-4-9,74.62000274658203,74.83999633789062,70,71.58000183105469,62.76245880126953,15459400,,
2020-4-13,71.70999908447266,73.51000213623047,71.44000244140625,73.30000305175781,64.27056884765625,7896500,,
2020-4-14,75,77.66999816894531,74.97000122070312,77.55000305175781,67.99703979492188,11314100,,
2020-4-15,75.86000061035156,76.33999633789062,74.02999877929688,75.98999786376953,66.62918853759766,9951700,,
2020-4-16,76.86000061035156,77.69000244140625,75.37999725341797,76.8499984741211,67.38325500488281,8819700,,
2020-4-17,77.31999969482422,78.25,75.4800033569336,76.16999816894531,66.7870101928711,9926000,,
2020-4-20,75.0199966430664,76.2300033569336,74.0999984741211,74.30999755859375,65.15614318847656,7217700,,
2020-4-21,73.30999755859375,73.97000122070312,71.75,71.83999633789062,62.990421295166016,9273800,,
2020-4-22,73.79000091552734,75.33999633789062,72.75,74.68000030517578,65.48058319091797,7365300,,
2020-4-23,75,76.16999816894531,73.76000213623047,73.80999755859375,64.71773529052734,7673800,,
2020-4-24,73.91999816894531,76.11000061035156,73.66000366210938,76.04000091552734,66.67304992675781,6071300,,
2020-4-27,76.58999633789062,77.81999969482422,75.48999786376953,75.9800033569336,66.62041473388672,7219500,,
2020-4-28,77.11000061035156,77.77999877929688,75.16000366210938,75.29000091552734,66.01543426513672,6250500,,
2020-4-29,77.16999816894531,79.23999786376953,76.83000183105469,78.97000122070312,69.24210357666016,11950200,,
2020-4-30,80.2699966430664,80.87000274658203,77.27999877929688,78.66999816894531,68.97908020019531,17113500,,
2020-5-1,76.8499984741211,77.58999633789062,74.68000030517578,75.63999938964844,66.32231903076172,9742100,,
2020-5-4,75.16000366210938,75.94000244140625,74.08999633789062,75.68000030517578,66.35739135742188,7202400,,
2020-5-5,76.75,78.80999755859375,76.55999755859375,77.62999725341797,68.06716918945312,7540800,,
2020-5-6,78.80999755859375,80.13999938964844,78.5199966430664,78.87000274658203,69.15442657470703,8179700,,
2020-5-7,79.69999694824219,80.16999816894531,78.26000213623047,78.83000183105469,69.11934661865234,7291800,,
2020-5-8,79.69999694824219,81.08999633789062,79.36000061035156,80.55999755859375,70.63626098632812,7887200,,
2020-5-11,80.29000091552734,81.2699966430664,79.54000091552734,80.4800033569336,70.56610107421875,6604600,,
2020-5-12,81.29000091552734,81.79000091552734,78.4000015258789,78.41999816894531,68.7598648071289,7318100,,
2020-5-13,78.86000061035156,79.51000213623047,76.75,78,68.39161682128906,9584800,,
2020-5-14,77.5,80,76.47000122070312,79.87000274658203,70.03124237060547,9956800,,
2020-5-15,74.66999816894531,77.69999694824219,74.37000274658203,75.7699966430664,66.43629455566406,29597800,,
2020-5-18,77.2699966430664,80.18000030517578,77.20999908447266,79.94000244140625,70.09263610839844,13191000,,
2020-5-19,79.75,80.1500015258789,78,78.08999633789062,68.47052001953125,8118400,,
2020-5-20,79.95999908447266,81.95999908447266,79.69000244140625,80.62999725341797,70.6976318359375,11379200,,
2020-5-21,79.47000122070312,80.08999633789062,77.87000274658203,78,68.39161682128906,8141500,,
2020-5-22,78.26000213623047,78.76000213623047,77.29000091552734,78.69999694824219,69.00537872314453,5530400,,
2020-5-26,80.19000244140625,80.56999969482422,77.77999877929688,78.0199966430664,68.40911865234375,10067300,,
2020-5-27,78.2699966430664,79.31999969482422,76.16000366210938,79.29000091552734,69.52268981933594,9125900,,
2020-5-28,80.23999786376953,81.4800033569336,77.7300033569336,78.11000061035156,68.48805236816406,11161700,,
2020-5-29,78.69999694824219,81.19999694824219,77.9000015258789,80.87999725341797,70.91683959960938,10558700,,
2020-6-1,79.88999938964844,80.4800033569336,79.23999786376953,79.7300033569336,69.90850067138672,6474800,,
2020-6-2,79.93000030517578,84.87999725341797,79.91000366210938,84.62999725341797,74.20487976074219,13255300,,
2020-6-3,84.94999694824219,85.94999694824219,83.62000274658203,84.11000061035156,74.31974792480469,13029300,0.65,
2020-6-4,83.94999694824219,86.69999694824219,83.94999694824219,86.04000091552734,76.02509307861328,12109000,,
2020-6-5,88,89.4800033569336,87.81999969482422,88.55000305175781,78.24293518066406,11882100,,
2020-6-8,89,91.5,88.33999633789062,91.37000274658203,80.73470306396484,9748300,,
2020-6-9,90.2300033569336,90.38999938964844,89.05999755859375,89.75,79.30326843261719,7327700,,
2020-6-10,90.25,92.13999938964844,90.02999877929688,91.01000213623047,80.41659545898438,9079700,,
2020-6-11,88.62000274658203,89.05999755859375,83.91000366210938,84.0199966430664,74.24021911621094,15241700,,
2020-6-12,86.25,87.13999938964844,83.52999877929688,85.23999786376953,75.31822204589844,10113200,,
2020-6-15,83.66999816894531,86.56999969482422,83.0999984741211,86.38999938964844,76.33436584472656,9852600,,
2020-6-16,89.9000015258789,90.44000244140625,87.76000213623047,89.5199966430664,79.10004425048828,12639800,,
2020-6-17,90.68000030517578,91.08999633789062,89.30000305175781,89.94000244140625,79.47116088867188,7620300,,
2020-6-18,89.8499984741211,90.48999786376953,89.02999877929688,89.91999816894531,79.45348358154297,5709500,,
2020-6-19,89.87000274658203,90.25,87.54000091552734,88.80999755859375,78.47269439697266,23213800,,
2020-6-22,88.72000122070312,89.44000244140625,87.61000061035156,89.12999725341797,78.75543975830078,8028000,,
2020-6-23,90.13999938964844,90.61000061035156,89.11000061035156,89.3499984741211,78.94983673095703,7778700,,
2020-6-24,89.16999816894531,89.83000183105469,87.41999816894531,89.13999938964844,78.76427459716797,8208800,,
2020-6-25,88.69999694824219,89.45999908447266,87.31999969482422,88.95999908447266,78.60521697998047,7062600,,
2020-6-26,89.06999969482422,89.7300033569336,87.54000091552734,88.0199966430664,77.77462768554688,9126500,,
2020-6-29,88.20999908447266,89.1500015258789,86.68000030517578,89.01000213623047,78.64942169189453,5870400,,
2020-6-30,89.19999694824219,91.93000030517578,89,91.20999908447266,80.59331512451172,9378500,,
2020-7-1,91.01000213623047,91.30000305175781,89.58000183105469,89.77999877929688,79.32978057861328,6990600,,
2020-7-2,91.08999633789062,92.5,90.80000305175781,91.87000274658203,81.176513671875,8317300,,
2020-7-6,93.20999908447266,93.75,92.0999984741211,92.91999816894531,82.10428619384766,6933100,,
2020-7-7,92.97000122070312,93.55000305175781,91.91000366210938,92.13999938964844,81.41506958007812,6722400,,
2020-7-8,93.2699966430664,93.5999984741211,92.33999633789062,93.52999877929688,82.64328002929688,6692700,,
2020-7-9,93.94999694824219,93.94999694824219,91.44000244140625,93.25,82.39588928222656,6287700,,
2020-7-10,93,93.5199966430664,91.55999755859375,92.51000213623047,81.74201202392578,5687600,,
2020-7-13,93.30000305175781,94.12999725341797,91.19999694824219,91.33000183105469,80.69935607910156,7606400,,
2020-7-14,90.86000061035156,92.62000274658203,89.19999694824219,92.37999725341797,81.62713623046875,6571000,,
2020-7-15,92.93000030517578,92.93000030517578,91.01000213623047,92.55000305175781,81.77735900878906,6154100,,
2020-7-16,91.26000213623047,91.75,90.68000030517578,91.19999694824219,80.58448028564453,6178700,,
2020-7-17,91.68000030517578,92.45999908447266,91,92.2300033569336,81.4946060180664,5985700,,
2020-7-20,92.19000244140625,93.2699966430664,91.30000305175781,93.16999816894531,82.3251953125,5407500,,
2020-7-21,93.55000305175781,93.8499984741211,91.80999755859375,92.30999755859375,81.56529235839844,7098600,,
2020-7-22,92.73999786376953,93.29000091552734,91.66999816894531,92.5999984741211,81.82154083251953,4366400,,
2020-7-23,92.91000366210938,92.97000122070312,89.2300033569336,89.66999816894531,79.23257446289062,9438500,,
2020-7-24,89.20999908447266,90.29000091552734,87.51000213623047,88.88999938964844,78.54337310791016,9520000,,
2020-7-27,90.0199966430664,92.83999633789062,89.26000213623047,92.69999694824219,81.90990447998047,8021700,,
2020-7-28,92.16999816894531,92.58999633789062,90.56999969482422,91.44999694824219,80.80540466308594,5818400,,
2020-7-29,92.08000183105469,93.62000274658203,91.73999786376953,93.02999877929688,82.20146942138672,11453000,,
2020-7-30,102.41999816894531,107.69000244140625,100.69999694824219,107.19000244140625,94.71329498291016,42122500,,
2020-7-31,105.66000366210938,107.75,104.51000213623047,105.61000061035156,93.31719970703125,16765100,,
2020-8-3,107.4000015258789,113,107.02999877929688,109.58999633789062,96.83392333984375,18899400,,
2020-8-4,109.48999786376953,111.0199966430664,108.66000366210938,110.94999694824219,98.0356216430664,10205400,,
2020-8-5,111,112.45999908447266,110.08000183105469,111.38999938964844,98.4244155883789,7967400,,
2020-8-6,111.2300033569336,111.36000061035156,109.93000030517578,111.05999755859375,98.13284301757812,6392200,,
2020-8-7,110.01000213623047,111.05000305175781,106,108.25,95.64990234375,11155900,,
2020-8-10,108.5999984741211,108.98999786376953,105.72000122070312,106.36000061035156,93.97990417480469,10087100,,
2020-8-11,106.19999694824219,112.01000213623047,104.73999786376953,108.83000183105469,96.16239166259766,17803000,,
2020-8-12,110.38999938964844,116.25,109.6500015258789,115.79000091552734,102.31222534179688,18664700,,
2020-8-13,116.19999694824219,116.19999694824219,112.7699966430664,113.41000366210938,100.20928955078125,9958400,,
2020-8-14,113.30000305175781,114.5199966430664,112.56999969482422,113.73999786376953,100.50086975097656,6641000,,
2020-8-17,113.29000091552734,114.48999786376953,110.62999725341797,112.18000030517578,99.12246704101562,10283000,,
2020-8-18,112.91000366210938,113.37999725341797,111.5199966430664,112.02999877929688,98.98991394042969,6387000,,
2020-8-19,112.33000183105469,113.47000122070312,110.75,111.04000091552734,98.11515808105469,7747600,,
2020-8-20,110,110.9800033569336,109.66999816894531,110.66000366210938,97.77937316894531,7200300,,
2020-8-21,110.2300033569336,113.1500015258789,109.94999694824219,113,99.84703063964844,8546900,,
2020-8-24,114.37000274658203,116,113.2699966430664,115.91000366210938,102.41828918457031,10235000,,
2020-8-25,116.11000061035156,117.0999984741211,114.44000244140625,115.94999694824219,102.4536361694336,6208000,,
2020-8-26,116.25,116.55000305175781,115.16999816894531,116.04000091552734,102.53316497802734,7487400,,
2020-8-27,116.43000030517578,118.18000030517578,115.3499984741211,116.0199966430664,102.51547241210938,8206200,,
2020-8-28,116.70999908447266,118.26000213623047,116.16999816894531,118.19999694824219,104.4417495727539,6280300,,
2020-8-31,118.33000183105469,121.05999755859375,118.12000274658203,119.0999984741211,105.23698425292969,9694600,,
2020-9-1,121.08000183105469,122.56999969482422,119.51000213623047,122.01000213623047,107.80826568603516,9091900,,
2020-9-2,123.26000213623047,123.93000030517578,121.80999755859375,123.18000030517578,109.42503356933594,9167700,0.65,
2020-9-3,121.30000305175781,121.70999908447266,115.5999984741211,116.43000030517578,103.42877197265625,13560800,,
2020-9-4,115.69000244140625,117.81999969482422,112.37999725341797,115.97000122070312,103.0201416015625,11064300,,
2020-9-8,111.94000244140625,113.87999725341797,109.62000274658203,109.7699966430664,97.51245880126953,10245200,,
2020-9-9,113.4800033569336,115.7699966430664,112.30000305175781,114.0199966430664,101.28789520263672,9708400,,
2020-9-10,115.1500015258789,115.80999755859375,111.56999969482422,112.44000244140625,99.88433074951172,6166300,,
2020-9-11,113.37999725341797,114.8499984741211,112.4000015258789,113.41999816894531,100.75489807128906,6740200,,
2020-9-14,115.23999786376953,115.43000030517578,112.6500015258789,113.45999908447266,100.7904281616211,5397300,,
2020-9-15,114.94000244140625,117.80999755859375,114.79000091552734,116.58000183105469,103.56201934814453,8773700,,
2020-9-16,118,118,114.54000091552734,114.55999755859375,101.76759338378906,6340100,,
2020-9-17,111.91999816894531,115.69999694824219,111,114.87999725341797,102.05184936523438,7418100,,
2020-9-18,115.04000091552734,115.43000030517578,109.80000305175781,110.69000244140625,98.32974243164062,15443200,,
2020-9-21,109.16000366210938,112.13999938964844,108.30000305175781,111.91999816894531,99.4223861694336,8197600,,
2020-9-22,112.61000061035156,114.25,110.41999816894531,113.81999969482422,101.1102066040039,6911200,,
2020-9-23,113.63999938964844,113.93000030517578,110.06999969482422,110.56999969482422,98.22314453125,6553300,,
2020-9-24,109.38999938964844,113.29000091552734,109.23999786376953,112.19000244140625,99.66221618652344,6849000,,
2020-9-25,113.55000305175781,115.75,111.80000305175781,114.5,101.71429443359375,11718000,,
2020-9-28,115.95999908447266,118.73999786376953,114.91999816894531,118.47000122070312,105.24098205566406,9043600,,
2020-9-29,118.13999938964844,119.25,117.19999694824219,117.37999725341797,104.27268981933594,5655700,,
2020-9-30,117.5,119.26000213623047,116.91999816894531,117.68000030517578,104.5392074584961,5829700,,
2020-10-1,119.93000030517578,120.20999908447266,117.69999694824219,119.5199966430664,106.17373657226562,5316800,,
2020-10-2,116.77999877929688,118.66000366210938,115.43000030517578,115.47000122070312,102.57595825195312,5834300,,
2020-10-5,116.9000015258789,120.6500015258789,116.7300033569336,120.5199966430664,107.06205749511719,5835900,,
2020-10-6,120.44999694824219,122.5199966430664,119.0999984741211,119.54000091552734,106.19149780273438,7637000,,
2020-10-7,121.23999786376953,123.36000061035156,120.6500015258789,123.02999877929688,109.29179382324219,7410300,,
2020-10-8,124,124.43000030517578,121.83999633789062,122.33999633789062,108.6788101196289,4757500,,
2020-10-9,123.93000030517578,125.88999938964844,122.79000091552734,124.87000274658203,110.92632293701172,11073400,,
2020-10-12,127.69999694824219,127.69999694824219,124.94999694824219,126.69000244140625,112.5430679321289,7893800,,
2020-10-13,127.47000122070312,128.17999267578125,125.4000015258789,127.45999908447266,113.22711181640625,7605700,,
2020-10-14,129.0800018310547,132.4199981689453,128.92999267578125,129.8800048828125,115.37689208984375,13177100,,
2020-10-15,127.30000305175781,129.13999938964844,126.6500015258789,128.5800018310547,114.22203826904297,7376600,,
2020-10-16,129.6999969482422,130.19000244140625,127.73999786376953,129.02999877929688,114.62178039550781,6625400,,
2020-10-19,130.1300048828125,131.9600067138672,127.69999694824219,128.4199981689453,114.07989501953125,5765800,,
2020-10-20,129.17999267578125,129.3300018310547,127.51000213623047,128.3000030517578,113.97329711914062,4409800,,
2020-10-21,128.0399932861328,130.4199981689453,126.37000274658203,128.5500030517578,114.19540405273438,4344000,,
2020-10-22,129.50999450683594,129.58999633789062,126.86000061035156,128.3800048828125,114.04436492919922,3895100,,
2020-10-23,128.58999633789062,129.10000610351562,127.0999984741211,128.8800048828125,114.4885482788086,3943100,,
2020-10-26,127.52999877929688,128.6699981689453,124.4000015258789,126.19999694824219,112.10780334472656,6065900,,
2020-10-27,126.51000213623047,126.95999908447266,125.19000244140625,125.91000366210938,111.8501968383789,5825500,,
2020-10-28,123.5,123.81999969482422,121.05000305175781,121.58000183105469,108.00371551513672,8234800,,
2020-10-29,122.05999755859375,127.69000244140625,121.88999938964844,126.44000244140625,112.32100677490234,7053300,,
2020-10-30,123.68000030517578,125.25,121.5999984741211,123.36000061035156,109.5849380493164,7811200,,
2020-11-2,124.5,126.16999816894531,122.41000366210938,123.97000122070312,110.1268310546875,5860300,,
2020-11-3,125.44000244140625,126.91999816894531,124.69000244140625,125.44999694824219,111.44153594970703,5832800,,
2020-11-4,129.32000732421875,129.57000732421875,126.06999969482422,128.97000122070312,114.56849670410156,12608900,,
2020-11-5,145.82000732421875,148.8000030517578,141.8300018310547,145.41000366210938,129.17269897460938,27910900,,
2020-11-6,146.00999450683594,146.22999572753906,143.9600067138672,145.00999450683594,128.8173828125,7278500,,
2020-11-9,149.41000366210938,149.41000366210938,142.44000244140625,142.61000061035156,126.68536376953125,10666300,,
2020-11-10,140.14999389648438,143.1699981689453,138.52999877929688,140.11000061035156,124.46456146240234,12019900,,
2020-11-11,144.5,148.08999633789062,144,147.69000244140625,131.1981201171875,10222700,,
2020-11-12,147.57000732421875,148.50999450683594,143.07000732421875,143.91000366210938,127.84021759033203,8580700,,
2020-11-13,145.5399932861328,146.25,143.22999572753906,144.25999450683594,128.15110778808594,5899200,,
2020-11-16,145.1999969482422,149.25,144.5500030517578,149.07000732421875,132.4239959716797,7598500,,
2020-11-17,149.02000427246094,149.85000610351562,147.17999267578125,148.74000549316406,132.130859375,7438600,,
2020-11-18,149.24000549316406,153.3300018310547,146.91000366210938,147.0500030517578,130.6295623779297,12124500,,
2020-11-19,146.55999755859375,149.3000030517578,145.4600067138672,147.52999877929688,131.0559539794922,7743700,,
2020-11-20,148.27999877929688,149.10000610351562,145.94000244140625,146.02999877929688,129.7234649658203,5551900,,
2020-11-23,142.35000610351562,147,141.8800048828125,143.82000732421875,127.7602310180664,11649400,,
2020-11-24,143.38999938964844,146.3300018310547,141.11000061035156,145.92999267578125,129.6346435546875,10800800,,
2020-11-25,145.9499969482422,147.49000549316406,144.0399932861328,144.0800018310547,127.9912109375,6398900,,
2020-11-27,145.49000549316406,146.42999267578125,143.6999969482422,143.8300018310547,127.76912689208984,3878000,,
2020-11-30,144.6300048828125,147.2899932861328,144.0500030517578,147.1699981689453,130.7361602783203,8712500,,
2020-12-1,148.7899932861328,152.38999938964844,147.7899932861328,151.25999450683594,134.36947631835938,11906100,,
2020-12-2,150.50999450683594,151.49000549316406,149.6199951171875,149.97999572753906,133.80740356445312,7800300,0.65,
2020-12-3,151.0399932861328,152.77000427246094,149.63999938964844,149.91000366210938,133.74497985839844,6355300,,
2020-12-4,150.3000030517578,158.08999633789062,150,157.6199951171875,140.62351989746094,12759900,,
2020-12-7,158.5500030517578,158.97000122070312,156.7100067138672,158.02000427246094,140.98043823242188,7009300,,
2020-12-8,157.4600067138672,159.2899932861328,155.8699951171875,158.8000030517578,141.67633056640625,6088300,,
2020-12-9,158.60000610351562,161.07000732421875,155.5500030517578,156.02000427246094,139.19607543945312,7947200,,
2020-12-10,154.4199981689453,157.85000610351562,152.72999572753906,155.75,138.95518493652344,7522200,,
2020-12-11,149.24000549316406,150.27000427246094,141.88999938964844,144.27999877929688,128.72203063964844,25923100,,
2020-12-14,144.89999389648438,147.75,143.3300018310547,146.2899932861328,130.5153045654297,12258500,,
2020-12-15,149.3699951171875,149.9199981689453,147.10000610351562,148.36000061035156,132.36209106445312,6616400,,
2020-12-16,149.13999938964844,150.44000244140625,146.7100067138672,149.74000549316406,133.59329223632812,6610900,,
2020-12-17,150.8699951171875,151.22999572753906,148.3800048828125,149.52999877929688,133.4059295654297,7039000,,
2020-12-18,150.7899932861328,150.7899932861328,146.1199951171875,147.4199981689453,131.52340698242188,13288300,,
2020-12-21,145.00999450683594,147.36000061035156,144.41000366210938,146.8000030517578,130.97030639648438,7024600,,
2020-12-22,146.61000061035156,147.02999877929688,144.72000122070312,146.33999633789062,130.55992126464844,5751500,,
2020-12-23,147.6300048828125,151.5399932861328,146.8699951171875,146.9600067138672,131.11306762695312,5186700,,
2020-12-24,147.8000030517578,148.89999389648438,147.1999969482422,148.7899932861328,132.74574279785156,2120200,,
2020-12-28,150.6199951171875,151.07000732421875,147.44000244140625,147.74000549316406,131.80897521972656,4576600,,
2020-12-29,148.97000122070312,148.99000549316406,147.02999877929688,148.49000549316406,132.4780731201172,3543800,,
2020-12-30,149.1199951171875,151.61000061035156,148.9199981689453,149.9499969482422,133.7806854248047,3965600,,
2020-12-31,150.32000732421875,152.55999755859375,150.10000610351562,152.33999633789062,135.91290283203125,4941700,,
2021-1-4,153.00999450683594,155.14999389648438,147.13999938964844,148.5,132.48696899414062,9827000,,
2021-1-5,148.64999389648438,152.6999969482422,148.5,152.42999267578125,135.99317932128906,8507200,,
2021-1-6,151.52999877929688,153.8699951171875,149.47000122070312,151.19000244140625,134.8869171142578,7174600,,
2021-1-7,152.3300018310547,156.4199981689453,152.25999450683594,155.6999969482422,138.91061401367188,8482300,,
2021-1-8,157.22999572753906,157.52999877929688,154.5399932861328,156.63999938964844,139.7492218017578,6252400,,
2021-1-11,156.10000610351562,158.1300048828125,154.9199981689453,156.11000061035156,139.27639770507812,5147800,,
2021-1-12,156.63999938964844,156.8699951171875,153.9600067138672,154.4499969482422,137.79539489746094,4385700,,
2021-1-13,155.19000244140625,157.92999267578125,153.64999389648438,157.4199981689453,140.44515991210938,5479900,,
2021-1-14,159.39999389648438,163.17999267578125,158.5,160.85000610351562,143.5052490234375,10102400,,
2021-1-15,160.77000427246094,160.86000061035156,156.8800048828125,157.08999633789062,140.1507110595703,8607400,,
2021-1-19,158.94000244140625,164.10000610351562,158.4499969482422,163.77000427246094,146.1104278564453,8209000,,
2021-1-20,164.72000122070312,167.94000244140625,164.44000244140625,164.60000610351562,146.85086059570312,7943300,,
2021-1-21,165.80999755859375,166.49000549316406,163.33999633789062,164.75,146.9846954345703,6295700,,
2021-1-22,164,164.27000427246094,161.52000427246094,162.4199981689453,144.90599060058594,5062300,,
2021-1-25,164.32000732421875,167.0500030517578,161.72999572753906,164.39999389648438,146.67245483398438,5370800,,
2021-1-26,164.1999969482422,164.64999389648438,160.91000366210938,162.5500030517578,145.02195739746094,6554200,,
2021-1-27,158.49000549316406,160.72999572753906,152.69000244140625,153.6699981689453,137.09947204589844,9854000,,
2021-1-28,156.27999877929688,158.97000122070312,153.11000061035156,155.5500030517578,138.7767791748047,8087400,,
2021-1-29,160.25,160.63999938964844,154.75,156.27999877929688,139.42807006835938,9502100,,
2021-2-1,157.3699951171875,162.39999389648438,156.49000549316406,161.5800018310547,144.1565704345703,8265100,,
2021-2-2,164.50999450683594,165.3800048828125,161.3000030517578,164.77999877929688,147.011474609375,6926500,,
2021-2-3,167.5800018310547,167.5800018310547,161.8000030517578,162.3000030517578,144.7989044189453,14156700,,
2021-2-4,150.17999267578125,151.77999877929688,145.1999969482422,147.97000122070312,132.01414489746094,46141800,,
2021-2-5,148.85000610351562,148.89999389648438,144.6199951171875,145.83999633789062,130.11383056640625,24695400,,
2021-2-8,147.10000610351562,147.60000610351562,145.3000030517578,147.3800048828125,131.48779296875,12181600,,
2021-2-9,147.5500030517578,148.5,145.89999389648438,146.11000061035156,130.35470581054688,11681300,,
2021-2-10,147.6199951171875,147.75,144.3699951171875,145.5,129.8105010986328,11701300,,
2021-2-11,145.77999877929688,146.57000732421875,143.52999877929688,145.55999755859375,129.864013671875,11600200,,
2021-2-12,145.57000732421875,151.39999389648438,144.8699951171875,147.97999572753906,132.0230712890625,9155200,,
2021-2-16,149,149.74000549316406,146.05999755859375,147.16000366210938,131.29147338867188,10211900,,
2021-2-17,145.82000732421875,146.88999938964844,143.4199981689453,144.75,129.141357421875,11937200,,
2021-2-18,143.5399932861328,144.6999969482422,142.9600067138672,143.91000366210938,128.3919219970703,8404400,,
2021-2-19,144.77999877929688,145.85000610351562,143.49000549316406,144.94000244140625,129.31085205078125,10012500,,
2021-2-22,142.25,144.1199951171875,139.0800018310547,139.4600067138672,124.42176818847656,12763900,,
2021-2-23,136.3800048828125,138.47999572753906,134.44000244140625,137.1199951171875,122.33412170410156,14425300,,
2021-2-24,136.39999389648438,141.17999267578125,135.08999633789062,141.10000610351562,125.88496398925781,13146200,,
2021-2-25,139.55999755859375,140.8300018310547,135.02000427246094,135.52999877929688,120.91557312011719,12701100,,
2021-2-26,136.75999450683594,138.14999389648438,134.6999969482422,136.19000244140625,121.50438690185547,11772600,,
2021-3-1,137.5,139.6300048828125,136.4600067138672,139.49000549316406,124.44856262207031,9421400,,
2021-3-2,140,140.10000610351562,136.77000427246094,137.0399932861328,122.2627182006836,8693200,,
2021-3-3,135.60000610351562,136.17999267578125,131.5399932861328,131.66000366210938,118.0226821899414,14862700,0.65,
2021-3-4,132.35000610351562,134.1999969482422,126.58000183105469,127.80000305175781,114.56248474121094,15831100,,
2021-3-5,130.9199981689453,131.1699981689453,125.4000015258789,129.75,116.31051635742188,13292000,,
2021-3-8,129,129.77000427246094,122.98999786376953,123.19999694824219,110.4389419555664,15256100,,
2021-3-9,127.38999938964844,129.9199981689453,126.33000183105469,129.11000061035156,115.73681640625,13130200,,
2021-3-10,130.6699981689453,131.10000610351562,127.63999938964844,127.87000274658203,114.62525177001953,12492300,,
2021-3-11,131.00999450683594,133.24000549316406,130.00999450683594,131.74000549316406,118.09439086914062,11920200,,
2021-3-12,129.89999389648438,130.3300018310547,127.62000274658203,129.97999572753906,116.51668548583984,9365700,,
2021-3-15,130.05999755859375,131.75999450683594,129.1199951171875,131.63999938964844,118.0047378540039,7807200,,
2021-3-16,132.88999938964844,135.44000244140625,132.2899932861328,133.64999389648438,119.80655670166016,10434700,,
2021-3-17,131.30999755859375,135.60000610351562,129.67999267578125,133.9199981689453,120.048583984375,10781500,,
2021-3-18,132.44000244140625,133.60000610351562,129.66000366210938,129.75,116.31051635742188,9579000,,
2021-3-19,129.7899932861328,132.47999572753906,129.1699981689453,131.02000427246094,117.44894409179688,17599900,,
2021-3-22,132.9600067138672,135.5500030517578,132.60000610351562,134.08999633789062,120.20096588134766,9036900,,
2021-3-23,134,134.35000610351562,131.41000366210938,132.52000427246094,118.79358673095703,7425700,,
2021-3-24,132.99000549316406,133.05999755859375,127.11000061035156,127.18000030517578,114.0067138671875,10962300,,
2021-3-25,126.66000366210938,127.63999938964844,124.38999938964844,127.27999877929688,114.09635162353516,10460800,,
2021-3-26,127.05999755859375,133.35000610351562,127.04000091552734,132.99000549316406,119.21493530273438,11071600,,
2021-3-29,132.5399932861328,133.33999633789062,129.77000427246094,131.27000427246094,117.67306518554688,9750100,,
2021-3-30,130.1699981689453,131.24000549316406,129.07000732421875,130.11000061035156,116.63322448730469,7097300,,
2021-3-31,130.9600067138672,133.52000427246094,130.57000732421875,132.58999633789062,118.85633850097656,8361300,,
2021-4-1,134.5,138.42999267578125,133.60000610351562,137.7899932861328,123.5177230834961,14069600,,
2021-4-5,139.0399932861328,140.5,138.22999572753906,140.3300018310547,125.79464721679688,12562800,,
2021-4-6,139.85000610351562,140.22999572753906,137.63999938964844,138.05999755859375,123.7597427368164,9100000,,
2021-4-7,138.3300018310547,139.9499969482422,137.39999389648438,139.42999267578125,124.98785400390625,6958500,,
2021-4-8,140,140.3699951171875,138.80999755859375,140.33999633789062,125.80358123779297,7304900,,
2021-4-9,139.89999389648438,140.67999267578125,138.8800048828125,140.57000732421875,126.00977325439453,6033200,,
2021-4-12,138.86000061035156,139.88999938964844,136.0500030517578,137.44000244140625,123.20398712158203,10355500,,
2021-4-13,138.3800048828125,138.77000427246094,135.75,137.3000030517578,123.07850646972656,9225200,,
2021-4-14,137.0800018310547,137.83999633789062,133.91000366210938,134.75,120.79261016845703,9967800,,
2021-4-15,136,137.99000549316406,135.57000732421875,137.83999633789062,123.5625228881836,11733200,,
2021-4-16,137.6199951171875,139.00999450683594,136.64999389648438,138.2100067138672,123.89422607421875,6583900,,
2021-4-19,136.89999389648438,137.0500030517578,134.08999633789062,135.25,121.24081420898438,8728900,,
2021-4-20,134.5500030517578,134.77999877929688,132.7899932861328,133.39999389648438,119.58244323730469,7473700,,
2021-4-21,132.82000732421875,136.3699951171875,132.5,136.19000244140625,122.08344268798828,7237900,,
2021-4-22,135.3699951171875,135.9600067138672,132.47000122070312,132.97000122070312,119.1969985961914,8345100,,
2021-4-23,133.74000549316406,136.11000061035156,133.5399932861328,135.42999267578125,121.40216064453125,7666600,,
2021-4-26,135.3300018310547,139.69000244140625,135.1199951171875,138.9600067138672,124.56656646728516,9715400,,
2021-4-27,138.7100067138672,139.3800048828125,136.97999572753906,138.00999450683594,123.71495056152344,9284500,,
2021-4-28,138.1699981689453,138.27000427246094,135.75,136.57000732421875,122.42408752441406,13118100,,
2021-4-29,145.00999450683594,145.3000030517578,140.6699981689453,142.67999267578125,127.90122985839844,20502100,,
2021-4-30,141.07000732421875,142.08999633789062,138.25999450683594,138.8000030517578,124.42312622070312,11374600,,
2021-5-3,139.6999969482422,139.75999450683594,136.8699951171875,137.42999267578125,123.19502258300781,7920300,,
2021-5-4,136,136,132.4199981689453,134.1199951171875,120.22785186767578,11996300,,
2021-5-5,136.0800018310547,136.4499969482422,134.11000061035156,134.64999389648438,120.70299530029297,6285500,,
2021-5-6,134.49000549316406,136.5399932861328,133.10000610351562,136,121.91315460205078,8352500,,
2021-5-7,136.94000244140625,138.69000244140625,136.2899932861328,137.85000610351562,123.5715103149414,6893700,,
2021-5-10,136.02000427246094,136.67999267578125,128.82000732421875,128.94000244140625,115.58441925048828,19537200,,
2021-5-11,125.25,128.55999755859375,124.7699966430664,128.3699951171875,115.07345581054688,11948000,,
2021-5-12,126.02999877929688,127.12999725341797,123.68000030517578,124.62000274658203,111.71188354492188,13529600,,
2021-5-13,127.12000274658203,128.47999572753906,125.87000274658203,127.11000061035156,113.9439468383789,10633000,,
2021-5-14,128.6300048828125,131.4199981689453,127.80999755859375,130.14999389648438,116.66905975341797,9391100,,
2021-5-17,129.2899932861328,129.8300018310547,127.70999908447266,129.8000030517578,116.35533142089844,5917400,,
2021-5-18,130.63999938964844,131.24000549316406,128.7899932861328,128.91000366210938,115.55752563476562,8651100,,
2021-5-19,127.19000244140625,130.8300018310547,126.44999694824219,130.66000366210938,117.12625885009766,8112900,,
2021-5-20,131.52999877929688,133.27999877929688,131.4600067138672,132.63999938964844,118.90116882324219,9208400,,
2021-5-21,132.13999938964844,132.69000244140625,130.49000549316406,131.4600067138672,117.84341430664062,8674000,,
2021-5-24,131.3300018310547,134,131.3300018310547,132.91000366210938,119.14321899414062,8229300,,
2021-5-25,133.5399932861328,134.3000030517578,132.8000030517578,133.75,119.89619445800781,7271400,,
2021-5-26,133.8699951171875,134.52000427246094,132.22000122070312,133.08999633789062,119.3045425415039,6663300,,
2021-5-27,132.72999572753906,134.63999938964844,132.7100067138672,133.63999938964844,119.79756927490234,7379300,,
2021-5-28,134.14999389648438,135.63999938964844,133.9499969482422,134.5399932861328,120.60437774658203,7042200,,
2021-6-1,135.10000610351562,136.07000732421875,133.52999877929688,133.94000244140625,120.06651306152344,7059600,,
2021-6-2,133.17999267578125,134.72999572753906,132.47000122070312,133.82000732421875,120.5710678100586,6026000,0.68,
2021-6-3,132.64999389648438,133.38999938964844,131.4199981689453,131.77999877929688,118.73304748535156,6644000,,
2021-6-4,132.52999877929688,135.0500030517578,132.1999969482422,134.33999633789062,121.0395736694336,7416700,,
2021-6-7,133.6999969482422,133.77000427246094,132.63999938964844,133.32000732421875,120.12061309814453,5563300,,
2021-6-8,134.05999755859375,135.38999938964844,133,134.1999969482422,120.91342163085938,9657900,,
2021-6-9,135.10000610351562,135.35000610351562,132.7899932861328,132.88999938964844,119.733154296875,6717200,,
2021-6-10,133.0500030517578,135.10000610351562,132.5800018310547,134.22000122070312,120.93148803710938,5522300,,
2021-6-11,133.8000030517578,134.64999389648438,133.64999389648438,134.6199951171875,121.2918701171875,6529900,,
2021-6-14,135.1999969482422,137.30999755859375,134.7899932861328,137.30999755859375,123.71552276611328,7912600,,
2021-6-15,137.13999938964844,137.3800048828125,135.22999572753906,135.5800018310547,122.15679168701172,5723600,,
2021-6-16,136.47000122070312,137.0500030517578,133.66000366210938,134.9499969482422,121.5892105102539,7404700,,
2021-6-17,134.30999755859375,136.6199951171875,134.08999633789062,135.35000610351562,121.94959259033203,6618300,,
2021-6-18,134.5500030517578,134.5800018310547,132.24000549316406,133,119.83226013183594,12753600,,
2021-6-21,133.0500030517578,135.10000610351562,132.66000366210938,133.9600067138672,120.69721984863281,6371400,,
2021-6-22,134.22000122070312,135.30999755859375,133.2899932861328,135.0800018310547,121.70630645751953,5976400,,
2021-6-23,134.88999938964844,136.22999572753906,134.80999755859375,135.52000427246094,122.10275268554688,6613800,,
2021-6-24,136.6199951171875,138.50999450683594,136.35000610351562,137.9199981689453,124.26513671875,7941700,,
2021-6-25,138.4499969482422,139.47000122070312,136.97000122070312,137.64999389648438,124.0218734741211,7949200,,
2021-6-28,138.22999572753906,140.1699981689453,137.97999572753906,139.72000122070312,125.88693237304688,6645500,,
2021-6-29,139.6300048828125,142.9499969482422,139.25,142.6199951171875,128.49984741210938,6885400,,
2021-6-30,142.35000610351562,143.6300048828125,141.83999633789062,142.92999267578125,128.77911376953125,6449700,,
2021-7-1,142.91000366210938,143.02000427246094,140.35000610351562,140.8000030517578,126.86003112792969,6094100,,
2021-7-2,141.99000549316406,142.67999267578125,141.25,142.5800018310547,128.4637908935547,5399100,,
2021-7-6,143,143.17999267578125,139.67999267578125,141.19000244140625,127.21139526367188,7095200,,
2021-7-7,142.24000549316406,142.36000061035156,139.05999755859375,139.97000122070312,126.11219024658203,5034900,,
2021-7-8,137.72000122070312,138.8699951171875,135.60000610351562,138.2899932861328,124.59848022460938,7501100,,
2021-7-9,137.88999938964844,141.72999572753906,137.80999755859375,141.42999267578125,127.42761993408203,7356800,,
2021-7-12,141.39999389648438,143.02000427246094,141.1999969482422,142.47000122070312,128.3646697998047,6786500,,
2021-7-13,142.44000244140625,142.66000366210938,140.4199981689453,141.17999267578125,127.20236206054688,5657600,,
2021-7-14,143.5,146.33999633789062,142.5,143.75,129.51795959472656,11305700,,
2021-7-15,144.1199951171875,144.13999938964844,140.72000122070312,141.4600067138672,127.4547119140625,6667400,,
2021-7-16,141.8699951171875,142.50999450683594,139.52999877929688,139.7100067138672,125.8779296875,5914300,,
2021-7-19,138.32000732421875,138.89999389648438,136.80999755859375,138.7899932861328,125.04900360107422,9371300,,
2021-7-20,139.02000427246094,140.4199981689453,137.1999969482422,139.5500030517578,125.7337646484375,6020400,,
2021-7-21,139.64999389648438,142.22000122070312,139.64999389648438,142.1699981689453,128.09437561035156,6161900,,
2021-7-22,142,142.85000610351562,141.5,142.44000244140625,128.337646484375,3862600,,
2021-7-23,143.4499969482422,144.99000549316406,142.02999877929688,144.8800048828125,130.5360870361328,6310400,,
2021-7-26,143.9499969482422,144.3800048828125,142.24000549316406,143.5,129.2926788330078,6253900,,
2021-7-27,142.49000549316406,143,138.2100067138672,140.92999267578125,126.97712707519531,7575800,,
2021-7-28,141.27000427246094,142.91000366210938,140.13999938964844,142.44000244140625,128.337646484375,9303400,,
2021-7-29,146.5,151.52000427246094,146.41000366210938,150.99000549316406,136.0411376953125,19446900,,
2021-7-30,149.1999969482422,150.41000366210938,148.36000061035156,149.8000030517578,134.96896362304688,8404800,,
2021-8-2,150,152.27999877929688,148.2100067138672,148.86000061035156,134.12203979492188,10823800,,
2021-8-3,148.91000366210938,149.5800018310547,146.55999755859375,147.9499969482422,133.30213928222656,6223400,,
2021-8-4,148.02000427246094,149.1999969482422,147.3300018310547,148.22000122070312,133.54539489746094,5556400,,
2021-8-5,147.24000549316406,147.47000122070312,144.57000732421875,146.8300018310547,132.2930145263672,7169200,,
2021-8-6,146.1300048828125,148.22999572753906,145.9199981689453,146.27999877929688,131.79747009277344,5733300,,
2021-8-9,146.7899932861328,147.72000122070312,145.75,146.9199981689453,132.3740692138672,4966600,,
2021-8-10,147.32000732421875,147.5,142.39999389648438,145.8699951171875,131.42803955078125,4197100,,
2021-8-11,146.05999755859375,146.7899932861328,144.39999389648438,146.67999267578125,132.1578369140625,6216000,,
2021-8-12,147.75999450683594,148,146.38999938964844,147.14999389648438,132.58132934570312,5777700,,
2021-8-13,147,149.30999755859375,146.92999267578125,148.63999938964844,133.92379760742188,5764000,,
2021-8-16,148.39999389648438,149.0800018310547,146.72000122070312,148.1300048828125,133.4643096923828,4410800,,
2021-8-17,146.9499969482422,147,143.57000732421875,144.41000366210938,130.11257934570312,7256800,,
2021-8-18,143.83999633789062,144.66000366210938,141.97999572753906,142.17999267578125,128.10336303710938,6546500,,
2021-8-19,140.64999389648438,141.4499969482422,138.9600067138672,140.61000061035156,126.68878936767578,8661000,,
2021-8-20,140.61000061035156,142.25999450683594,140.3000030517578,142.08999633789062,128.0222625732422,6141000,,
2021-8-23,142.64999389648438,144.61000061035156,142.35000610351562,144.13999938964844,129.86929321289062,6936900,,
2021-8-24,144.58999633789062,145.58999633789062,143.83999633789062,144.4600067138672,130.15765380859375,7066800,,
2021-8-25,144.4600067138672,145.42999267578125,143.47000122070312,143.8699951171875,129.6260223388672,5721600,,
2021-8-26,143.19000244140625,143.75999450683594,141.6199951171875,142.3800048828125,128.2835693359375,6825100,,
2021-8-27,142.1999969482422,144.9499969482422,141.9199981689453,144.85000610351562,130.50906372070312,6274500,,
2021-8-30,145.58999633789062,147.86000061035156,145.55999755859375,145.94000244140625,131.49110412597656,5263600,,
2021-8-31,146.8000030517578,147.52999877929688,144.55999755859375,146.69000244140625,132.1668243408203,7820500,,
2021-9-1,146.83999633789062,148.10000610351562,146.22000122070312,146.4499969482422,132.5651397705078,6451400,0.68,
2021-9-2,146.6999969482422,146.88999938964844,144.50999450683594,145.1199951171875,131.36123657226562,6006700,,
2021-9-3,145.1199951171875,145.99000549316406,144.22999572753906,144.6300048828125,130.91769409179688,5505800,,
2021-9-7,144.67999267578125,144.75999450683594,143.1199951171875,143.75,130.1211395263672,6361200,,
2021-9-8,143.36000061035156,143.6199951171875,141.49000549316406,142.52000427246094,129.0077667236328,5981300,,
2021-9-9,142.47000122070312,143.5399932861328,141.4499969482422,141.5800018310547,128.15687561035156,6190800,,
2021-9-10,143.1300048828125,146,142.5399932861328,142.67999267578125,129.15261840820312,6263300,,
2021-9-13,144.02000427246094,144.72999572753906,142.02999877929688,143.41000366210938,129.8133544921875,4312800,,
2021-9-14,144.47000122070312,144.80999755859375,140.6199951171875,141.13999938964844,127.75857543945312,6442100,,
2021-9-15,140.80999755859375,141,137.52000427246094,138.24000549316406,125.13355255126953,11289100,,
2021-9-16,137.32000732421875,138.9600067138672,137.32000732421875,138.39999389648438,125.27835845947266,6719900,,
2021-9-17,137.80999755859375,138,133.13999938964844,133.60000610351562,120.9334716796875,14550500,,
2021-9-20,131.47000122070312,133.1199951171875,130.61000061035156,132.75999450683594,120.17308044433594,9647100,,
2021-9-21,133.58999633789062,133.91000366210938,131.27999877929688,131.75,119.25885009765625,6175300,,
2021-9-22,132.58999633789062,133.49000549316406,131.97999572753906,133.00999450683594,120.39939880371094,5163000,,
2021-9-23,133.75,135.16000366210938,133.22000122070312,133.91000366210938,121.21407318115234,5918900,,
2021-9-24,133.11000061035156,134.5500030517578,132.8000030517578,133.8800048828125,121.18692016601562,4554600,,
2021-9-27,132.42999267578125,134.0399932861328,132.02000427246094,133.47999572753906,120.82483673095703,4319500,,
2021-9-28,131.75,132.74000549316406,129.6999969482422,129.89999389648438,117.58424377441406,8851700,,
2021-9-29,130.58999633789062,131.4499969482422,128.88999938964844,129.27999877929688,117.02301788330078,7037200,,
2021-9-30,130.35000610351562,131.0800018310547,128.6999969482422,128.97999572753906,116.75147247314453,6976800,,
2021-10-1,129.8000030517578,130.02000427246094,126.47000122070312,128.7100067138672,116.507080078125,6863700,,
2021-10-4,128.9199981689453,129.7899932861328,125.91999816894531,126.68000030517578,114.6695327758789,8470300,,
2021-10-5,126.12999725341797,128.77000427246094,125.69000244140625,127.52999877929688,115.43893432617188,9244300,,
2021-10-6,126.55000305175781,128.27000427246094,126.06999969482422,128.05999755859375,115.91870880126953,8513700,,
2021-10-7,129.25999450683594,130.72000122070312,127.58999633789062,127.83999633789062,115.71954345703125,8010600,,
2021-10-8,128.58999633789062,128.58999633789062,126.20999908447266,126.55000305175781,114.5518569946289,6920500,,
2021-10-11,126.05999755859375,127.2300033569336,124.87999725341797,124.94000244140625,113.09449005126953,6288200,,
2021-10-12,125.37999725341797,125.47000122070312,122.16999816894531,122.94999694824219,111.29317474365234,10531500,,
2021-10-13,125.19999694824219,126.31999969482422,123.5199966430664,125.04000091552734,113.18502044677734,12373800,,
2021-10-14,126.16000366210938,129.3000030517578,125.98999786376953,128.66000366210938,116.46182250976562,10637900,,
2021-10-15,129.02000427246094,130.47999572753906,128.67999267578125,130.1999969482422,117.8558120727539,7609700,,
2021-10-18,129.32000732421875,130.27000427246094,128.24000549316406,130.1199951171875,117.78337097167969,5290000,,
2021-10-19,131.02000427246094,132.8000030517578,130.32000732421875,132.5,119.93771362304688,7330700,,
2021-10-20,132.5,133.00999450683594,131.25999450683594,132.16000366210938,119.62998962402344,4804100,,
2021-10-21,132,133.25999450683594,131.39999389648438,133.0500030517578,120.43560791015625,4579200,,
2021-10-22,132.89999389648438,133.69000244140625,131.42999267578125,131.6199951171875,119.14116668701172,5216200,,
2021-10-25,131.82000732421875,133.1699981689453,131.3000030517578,131.92999267578125,119.42179107666016,4876300,,
2021-10-26,132.89999389648438,133.7899932861328,131.07000732421875,131.94000244140625,119.43082427978516,5802200,,
2021-10-27,131.94000244140625,132.36000061035156,130.50999450683594,131.1999969482422,118.76099395751953,5090400,,
2021-10-28,131.99000549316406,133.8300018310547,131.8699951171875,133.69000244140625,121.0149154663086,5016700,,
2021-10-29,132.86000061035156,133.67999267578125,132.4499969482422,133.0399932861328,120.42655944824219,5251100,,
2021-11-1,132.44000244140625,134.8699951171875,132.44000244140625,134.80999755859375,122.02874755859375,6903000,,
2021-11-2,134.5500030517578,135.72999572753906,134.1199951171875,135.22999572753906,122.40890502929688,7321900,,
2021-11-3,135.75,138.85000610351562,135.0399932861328,138.47999572753906,125.3508071899414,13216000,,
2021-11-4,156.32000732421875,159.5800018310547,153.3000030517578,156.11000061035156,141.30929565429688,48321500,,
2021-11-5,157.07000732421875,168.5500030517578,155.91000366210938,163.02999877929688,147.5732421875,27226600,,
2021-11-8,163.2100067138672,167.7100067138672,161.27999877929688,165.85000610351562,150.12583923339844,14541400,,
2021-11-9,166.50999450683594,169.52000427246094,164.3800048828125,166.74000549316406,150.9314727783203,12353900,,
2021-11-10,165.08999633789062,166.1199951171875,159.02999877929688,159.8000030517578,144.64947509765625,11327100,,
2021-11-11,161.8000030517578,165.55999755859375,161.38999938964844,164.4199981689453,148.8314208984375,7624200,,
2021-11-12,165,166.02000427246094,164.3300018310547,164.94000244140625,149.3021240234375,7371000,,
2021-11-15,166.5,169.94000244140625,165.80999755859375,168.50999450683594,152.53363037109375,12350200,,
2021-11-16,168.11000061035156,183.72999572753906,167.05999755859375,181.80999755859375,164.57266235351562,33338200,,
2021-11-17,180.7899932861328,186.3300018310547,178.6300048828125,183.5399932861328,166.138671875,21678900,,
2021-11-18,185.24000549316406,188.72000122070312,182.75,186.32000732421875,168.6551055908203,15542600,,
2021-11-19,184.69000244140625,186.60000610351562,182.3000030517578,185,167.46026611328125,11889100,,
2021-11-22,181.11000061035156,188.77000427246094,180.97999572753906,181.39999389648438,164.20155334472656,16062800,,
2021-11-23,180.33999633789062,181.3300018310547,177.02000427246094,180.94000244140625,163.78515625,10696200,,
2021-11-24,179.52000427246094,180.77999877929688,177.3300018310547,180.7100067138672,163.57696533203125,7886200,,
2021-11-26,175.6699981689453,180.25,175.05999755859375,175.74000549316406,159.0781707763672,7835900,,
2021-11-29,179.47999572753906,184.07000732421875,179,183.74000549316406,166.3197021484375,10440500,,
2021-11-30,183.22000122070312,186.80999755859375,180.33999633789062,180.55999755859375,163.44119262695312,19309200,,
2021-12-1,180.88999938964844,183.14999389648438,175.32000732421875,175.6300048828125,159.57962036132812,10637700,0.68,
2021-12-2,172.08999633789062,177.88999938964844,171.2100067138672,177.02999877929688,160.8516845703125,13101400,,
2021-12-3,178.0399932861328,180.27000427246094,173.7100067138672,176.50999450683594,160.379150390625,12111800,,
2021-12-6,176.8800048828125,176.97999572753906,172.27000427246094,175.4499969482422,159.41604614257812,8577500,,
2021-12-7,179.07000732421875,184.77999877929688,178.5,183.72000122070312,166.93026733398438,9910100,,
2021-12-8,183.00999450683594,183.72000122070312,180.77999877929688,182.6300048828125,165.9398651123047,4799400,,
2021-12-9,181.77000427246094,187.83999633789062,181.50999450683594,182.25999450683594,165.60369873046875,9398900,,
2021-12-10,185.5500030517578,185.5500030517578,181.14999389648438,183.8800048828125,167.07565307617188,6854800,,
2021-12-13,186.85000610351562,191.3000030517578,183.11000061035156,183.32000732421875,166.56683349609375,16346800,,
2021-12-14,181.1999969482422,183.89999389648438,179.41000366210938,181.97999572753906,165.3493194580078,8542800,,
2021-12-15,183.97000122070312,189.77999877929688,179.97999572753906,189.27999877929688,171.98219299316406,11082000,,
2021-12-16,190.3000030517578,192.67999267578125,176.11000061035156,178.14999389648438,161.86929321289062,14873000,,
2021-12-17,175.72999572753906,180.1199951171875,175.02000427246094,176.8000030517578,160.64268493652344,16232300,,
2021-12-20,174.2899932861328,177.0800018310547,173.4600067138672,176.6699981689453,160.52455139160156,6306400,,
2021-12-21,179.3800048828125,180.14999389648438,174.22000122070312,179.5800018310547,163.16860961914062,7702400,,
2021-12-22,179,181.52000427246094,177.6300048828125,181.3800048828125,164.8041229248047,5227200,,
2021-12-23,181.52999877929688,183.7100067138672,181.3800048828125,182.74000549316406,166.03982543945312,4918900,,
2021-12-27,183.2100067138672,186.41000366210938,183.02000427246094,186.3300018310547,169.3017578125,4865900,,
2021-12-28,186.58999633789062,186.72999572753906,183.49000549316406,184.82000732421875,167.9297332763672,5399400,,
2021-12-29,184.67999267578125,187.38999938964844,184.55999755859375,186.1999969482422,169.18360900878906,5417200,,
2021-12-30,185.8800048828125,186.52000427246094,182.30999755859375,182.72999572753906,166.0307159423828,4108400,,
2021-12-31,183.30999755859375,185.14999389648438,182.60000610351562,182.8699951171875,166.157958984375,4113300,,
2022-1-3,182.91000366210938,186.8800048828125,182.24000549316406,186.2100067138672,169.19268798828125,5990200,,
2022-1-4,187,188.92999267578125,181.00999450683594,187.22999572753906,170.11949157714844,8484200,,
2022-1-5,186.5,193.5800018310547,184.72999572753906,186.5,169.45623779296875,17141200,,
2022-1-6,184.52000427246094,188.47000122070312,183,185.9499969482422,168.95645141601562,9117700,,
2022-1-7,186.60000610351562,188.36000061035156,180.1199951171875,180.41000366210938,163.92276000976562,7386200,,
2022-1-10,178.27000427246094,180,173.75999450683594,179.67999267578125,163.25946044921875,11159300,,
2022-1-11,179.19000244140625,185.64999389648438,177.22000122070312,185.39999389648438,168.4567413330078,9591000,,
2022-1-12,186.60000610351562,189.4600067138672,185.19000244140625,186.4199981689453,169.38352966308594,7317500,,
2022-1-13,188.6999969482422,191.5800018310547,183.2899932861328,183.88999938964844,167.084716796875,10190900,,
2022-1-14,182.8000030517578,190.08999633789062,182.00999450683594,188.69000244140625,171.4460906982422,9587300,,
2022-1-18,185.8699951171875,186,178.27000427246094,178.86000061035156,162.51443481445312,10471200,,
2022-1-19,180.57000732421875,181.2100067138672,172.27000427246094,172.47000122070312,156.70838928222656,10082700,,
2022-1-20,174.52999877929688,174.99000549316406,166.2899932861328,166.5,151.28399658203125,9468500,,
2022-1-21,166.24000549316406,172.0399932861328,164.57000732421875,164.92999267578125,149.857421875,11898700,,
2022-1-24,162.17999267578125,170.82000732421875,158.60000610351562,170.07000732421875,154.5277099609375,17489100,,
2022-1-25,166.1699981689453,170.32000732421875,161.1999969482422,165.4499969482422,150.3299102783203,10708500,,
2022-1-26,168.5800018310547,174.5500030517578,163.89999389648438,167,151.73826599121094,10492200,,
2022-1-27,169.30999755859375,171.4499969482422,160.61000061035156,161.1999969482422,146.46829223632812,10743000,,
2022-1-28,162.00999450683594,166.94000244140625,157.3800048828125,166.80999755859375,151.56564331054688,10320800,,
2022-1-31,167.05999755859375,175.9499969482422,165.8000030517578,175.75999450683594,159.69772338867188,11273500,,
2022-2-1,176.44000244140625,177.42999267578125,173.11000061035156,177.1300048828125,160.94253540039062,9724600,,
2022-2-2,180.94000244140625,188.63999938964844,180.25999450683594,188.1999969482422,171.0008544921875,25646300,,
2022-2-3,180.8000030517578,192.10000610351562,177.2899932861328,179.10000610351562,162.7324981689453,36120200,,
2022-2-4,178.99000549316406,182.41000366210938,176.80999755859375,179.47000122070312,163.06866455078125,15708400,,
2022-2-7,179.6699981689453,180.64999389648438,174.44000244140625,175.08999633789062,159.08897399902344,10376300,,
2022-2-8,174.30999755859375,179.2899932861328,173.97999572753906,178.58999633789062,162.2690887451172,10163900,,
2022-2-9,181.39999389648438,184,178.9499969482422,183.9499969482422,167.13922119140625,9666900,,
2022-2-10,179.39999389648438,181.99000549316406,173.4499969482422,174.07000732421875,158.1621856689453,14362200,,
2022-2-11,174.6999969482422,175.47999572753906,163.5500030517578,164.63999938964844,149.5939483642578,13572000,,
2022-2-14,165.35000610351562,167.85000610351562,162.47999572753906,165.1300048828125,150.0391845703125,8381700,,
2022-2-15,169,173.9600067138672,168.25,173,157.18992614746094,11100000,,
2022-2-16,170.67999267578125,173.2100067138672,168.25999450683594,172.60000610351562,156.82650756835938,8340600,,
2022-2-17,169.8800048828125,170.77000427246094,166.6999969482422,166.8000030517578,151.55653381347656,8878900,,
2022-2-18,167.47000122070312,170.4499969482422,164.24000549316406,167.63999938964844,152.31976318359375,9591700,,
2022-2-22,164.05999755859375,169.9600067138672,163.60000610351562,165.88999938964844,150.72972106933594,9835500,,
2022-2-23,166.64999389648438,169.16000366210938,161.32000732421875,161.6199951171875,146.8499298095703,9749000,,
2022-2-24,156.88999938964844,168.36000061035156,155.7899932861328,167.97999572753906,152.6287078857422,12567000,,
2022-2-25,167.61000061035156,171.08999633789062,165.60000610351562,170.92999267578125,155.3091278076172,7350200,,
2022-2-28,168.3000030517578,172.99000549316406,168.1999969482422,171.99000549316406,156.27224731445312,10638900,,
2022-3-1,170.9600067138672,171.83999633789062,161.72000122070312,163.69000244140625,148.7307586669922,10723300,,
2022-3-2,165.25,170.49000549316406,164.35000610351562,169.25,154.42416381835938,7299400,0.68,
2022-3-3,170.6699981689453,170.8300018310547,164.5,165.35000610351562,150.8657989501953,8553900,,
2022-3-4,163.85000610351562,166.07000732421875,159.88999938964844,162.25999450683594,148.0464324951172,9057300,,
2022-3-7,162.32000732421875,163.16000366210938,150,150.10000610351562,136.95164489746094,13416100,,
2022-3-8,150.66000366210938,158.33999633789062,147.8800048828125,150.75999450683594,137.5537872314453,11878400,,
2022-3-9,156.00999450683594,158.47999572753906,154.1699981689453,157.11000061035156,143.3475799560547,9276800,,
2022-3-10,154.0399932861328,155.3000030517578,150.3300018310547,154.7100067138672,141.15782165527344,8888800,,
2022-3-11,157.9499969482422,158.32000732421875,152.02000427246094,152.33999633789062,138.99542236328125,7394400,,
2022-3-14,150.8000030517578,151.2899932861328,140.47000122070312,141.2899932861328,128.9133758544922,16154200,,
2022-3-15,142.5,144.42999267578125,139.0500030517578,144.2100067138672,131.57760620117188,13893000,,
2022-3-16,146.97000122070312,151.55999755859375,143.57000732421875,150.4499969482422,137.27098083496094,11727700,,
2022-3-17,149.19000244140625,152.94000244140625,146.5800018310547,152.8300018310547,139.44252014160156,8602900,,
2022-3-18,152.52000427246094,156.02999877929688,149.00999450683594,153.99000549316406,140.50088500976562,18454200,,
2022-3-21,153.99000549316406,157.7100067138672,152.80999755859375,155.58999633789062,141.96072387695312,8986400,,
2022-3-22,155.4499969482422,159.94000244140625,154.77000427246094,157.61000061035156,143.8037872314453,7220500,,
2022-3-23,156.11000061035156,157.2100067138672,152.5800018310547,152.8699951171875,139.47898864746094,7245600,,
2022-3-24,154.3000030517578,158.55999755859375,153.58999633789062,158.4600067138672,144.57933044433594,9261000,,
2022-3-25,157.97000122070312,158.4600067138672,155.17999267578125,157.97000122070312,144.1322479248047,7198700,,
2022-3-28,156.5,158.5,154.0500030517578,158.4499969482422,144.5701904296875,9470800,,
2022-3-29,161.2100067138672,161.3000030517578,156.64999389648438,161.07000732421875,146.960693359375,10212400,,
2022-3-30,159.38999938964844,160.27000427246094,151.7899932861328,152.72999572753906,139.35125732421875,14777800,,
2022-3-31,152.88999938964844,155.13999938964844,151.02999877929688,152.82000732421875,139.43336486816406,13364200,,
2022-4-1,151.94000244140625,152.8699951171875,142.55999755859375,146.99000549316406,134.1140899658203,19762100,,
2022-4-4,147.74000549316406,154.1300048828125,146.66000366210938,153.80999755859375,140.336669921875,12116000,,
2022-4-5,151.80999755859375,152.00999450683594,145.27000427246094,145.4600067138672,132.7180938720703,15946100,,
2022-4-6,142.89999389648438,143,137.4600067138672,139.27999877929688,127.07945251464844,21054200,,
2022-4-7,139.7899932861328,141.49000549316406,136.9199981689453,139.22000122070312,127.02471160888672,10201200,,
2022-4-8,138.5399932861328,139.9600067138672,136.36000061035156,136.69000244140625,124.7163314819336,12992500,,
2022-4-11,134.2899932861328,137.61000061035156,133.69000244140625,135.36000061035156,123.50284576416016,11210400,,
2022-4-12,137.9199981689453,140.16000366210938,135.5,136.08999633789062,124.16888427734375,10591300,,
2022-4-13,137.5399932861328,142.58999633789062,136.47999572753906,140.5,128.19256591796875,10440800,,
2022-4-14,141.0500030517578,141.55999755859375,136.67999267578125,136.91000366210938,124.91706848144531,8002600,,
2022-4-18,135.6199951171875,140.35000610351562,135.55999755859375,139.32000732421875,127.1159896850586,8785700,,
2022-4-19,138.8300018310547,141.39999389648438,137.5399932861328,141.0500030517578,128.69439697265625,7213800,,
2022-4-20,143.2100067138672,144.80999755859375,140.05999755859375,140.33999633789062,128.0465850830078,7731600,,
2022-4-21,142.33999633789062,143.63999938964844,135.25999450683594,136.11000061035156,124.18714141845703,8576500,,
2022-4-22,136.1300048828125,137.3300018310547,132.64999389648438,132.80999755859375,121.17620849609375,8315100,,
2022-4-25,131.32000732421875,136.80999755859375,130.91000366210938,136.55999755859375,124.59772491455078,9673200,,
2022-4-26,135.02000427246094,136.35000610351562,132.6300048828125,133.5,121.8057861328125,9262800,,
2022-4-27,130.82000732421875,138.11000061035156,130.66000366210938,135.10000610351562,123.26559448242188,13855900,,
2022-4-28,142.8699951171875,151.1999969482422,139.1300048828125,148.19000244140625,135.20896911621094,31111100,,
2022-4-29,145.80999755859375,147.5,139.52000427246094,139.69000244140625,127.45352935791016,13693100,,
2022-5-2,140.60000610351562,145.66000366210938,139.16000366210938,145.27000427246094,132.54473876953125,13320900,,
2022-5-3,144.7100067138672,145.69000244140625,142.75999450683594,144.25999450683594,131.6232147216797,7556800,,
2022-5-4,144.5800018310547,149.5,140.35000610351562,149.0500030517578,135.99363708496094,11038100,,
2022-5-5,146.97999572753906,146.97999572753906,139.17999267578125,141.63999938964844,129.23272705078125,14561400,,
2022-5-6,141.25,144.10000610351562,137.8800048828125,140.5800018310547,128.26559448242188,10080600,,
2022-5-9,137.99000549316406,140.11000061035156,134.05999755859375,134.9199981689453,123.10136413574219,11668100,,
2022-5-10,139.5,139.8000030517578,134.6300048828125,136.80999755859375,124.82579040527344,8841200,,
2022-5-11,135.02999877929688,138.2899932861328,131.88999938964844,132.3000030517578,120.71088409423828,11530900,,
2022-5-12,131,133.05999755859375,127.81999969482422,131.77000427246094,120.22733306884766,10749800,,
2022-5-13,134.2899932861328,135.99000549316406,132.5,134.92999267578125,123.11050415039062,9280700,,
2022-5-16,133.97999572753906,135.97999572753906,132,133.91000366210938,122.17986297607422,6378800,,
2022-5-17,137.25,140,136.6999969482422,139.69000244140625,127.45352935791016,9094100,,
2022-5-18,136.8300018310547,137.27999877929688,129.8800048828125,130.4499969482422,119.02291870117188,11992700,,
2022-5-19,130.4499969482422,133.38999938964844,129.47999572753906,130.57000732421875,119.1324234008789,8419500,,
2022-5-20,132.8800048828125,133.2899932861328,125.86000061035156,131.60000610351562,120.07219696044922,11370100,,
2022-5-23,129.9499969482422,132.42999267578125,128.14999389648438,132.1199951171875,120.546630859375,10023400,,
2022-5-24,130.33999633789062,130.33999633789062,126.05000305175781,128.52999877929688,117.2711181640625,9157100,,
2022-5-25,127.80000305175781,132.07000732421875,127.25,131.22999572753906,119.73460388183594,9766000,,
2022-5-26,130.00999450683594,136,129.86000061035156,134.83999633789062,123.02837371826172,7932800,,
2022-5-27,136.10000610351562,140.13999938964844,136.10000610351562,139.75999450683594,127.51741790771484,9180800,,
2022-5-31,139.5,143.97000122070312,137.44000244140625,143.22000122070312,130.67433166503906,16007300,,
2022-6-1,142.5500030517578,143.91000366210938,138.1699981689453,140.02000427246094,128.42715454101562,8514300,0.75,
2022-6-2,140.25999450683594,146.25,139.6999969482422,146.1999969482422,134.09548950195312,9589500,,
2022-6-3,142.17999267578125,143.44000244140625,140.61000061035156,141.22000122070312,129.52781677246094,7458900,,
2022-6-6,144.9499969482422,144.97000122070312,139.9199981689453,140.44000244140625,128.81240844726562,7238700,,
2022-6-7,139.1300048828125,142.14999389648438,138.49000549316406,141.88999938964844,130.14236450195312,6062800,,
2022-6-8,140.75,141.75999450683594,137.4499969482422,138.9600067138672,127.45492553710938,6773000,,
2022-6-9,137.77000427246094,140.44000244140625,136.69000244140625,136.7100067138672,125.39118957519531,7153200,,
2022-6-10,134.75,136.05999755859375,132.4199981689453,133.1999969482422,122.17179870605469,8544700,,
2022-6-13,130.58999633789062,131.35000610351562,126.5999984741211,128.66000366210938,118.0077133178711,12320900,,
2022-6-14,130.2100067138672,131.92999267578125,128.82000732421875,130.25999450683594,119.4752426147461,6794700,,
2022-6-15,131.6699981689453,133.27999877929688,128.2100067138672,131.02999877929688,120.1814956665039,7860000,,
2022-6-16,126.26000213623047,126.6500015258789,119.02999877929688,120.81999969482422,110.81681060791016,16422800,,
2022-6-17,121.41999816894531,122.83000183105469,118.36000061035156,120.98999786376953,110.97272491455078,17273400,,
2022-6-21,123.7699966430664,126.12000274658203,123.72000122070312,124.38999938964844,114.09123229980469,9208500,,
2022-6-22,121.80000305175781,123.66000366210938,120.36000061035156,122.16000366210938,112.04586791992188,9081000,,
2022-6-23,122.75,122.93000030517578,118.2300033569336,120.08999633789062,110.14724731445312,7908900,,
2022-6-24,122.37999725341797,125.37000274658203,121.76000213623047,125.0999984741211,114.74246215820312,8128000,,
2022-6-27,126.19999694824219,130.0399932861328,125.44000244140625,127.18000030517578,116.65023803710938,9947300,,
2022-6-28,129.77999877929688,136.4499969482422,126.5999984741211,131.60000610351562,120.70429229736328,27081900,,
2022-6-29,130.0800018310547,131.57000732421875,126.9000015258789,130.22999572753906,119.44771575927734,9973300,,
2022-6-30,127.61000061035156,130.08999633789062,125.33000183105469,127.73999786376953,117.16387176513672,9277900,,
2022-7-1,125.75,126.76000213623047,122.0999984741211,123.52999877929688,113.30243682861328,7672800,,
2022-7-5,121.0999984741211,126.16999816894531,120.36000061035156,125.83000183105469,115.4120101928711,8113100,,
2022-7-6,126.05999755859375,128.22999572753906,125.05999755859375,127.05999755859375,116.5401840209961,6038400,,
2022-7-7,130.64999389648438,134.7100067138672,130.25999450683594,134.39999389648438,123.27245330810547,9408100,,
2022-7-8,132.52000427246094,136.38999938964844,131.6199951171875,136.00999450683594,124.74917602539062,8393200,,
2022-7-11,133.58999633789062,134.60000610351562,131.32000732421875,132.24000549316406,121.29130554199219,5887200,,
2022-7-12,133.74000549316406,135.35000610351562,131.9600067138672,132.9499969482422,121.9425277709961,5991300,,
2022-7-13,130.5500030517578,136.77999877929688,130.52000427246094,135.63999938964844,124.4098129272461,7200200,,
2022-7-14,134.94000244140625,142.35000610351562,133.85000610351562,141.89999389648438,130.15150451660156,10718700,,
2022-7-15,143.75999450683594,145.47999572753906,142.02999877929688,144.3699951171875,132.41697692871094,11880500,,
2022-7-18,145.97000122070312,146.42999267578125,140.82000732421875,141.69000244140625,129.9588623046875,7856600,,
2022-7-19,144.13999938964844,148.47000122070312,143.17999267578125,147.3699951171875,135.16864013671875,9686500,,
2022-7-20,147.42999267578125,152.3300018310547,146.6199951171875,151.7100067138672,139.1492919921875,8517400,,
2022-7-21,152.8800048828125,155.9199981689453,150.6300048828125,155.86000061035156,142.9556884765625,8060400,,
2022-7-22,155.66000366210938,156.66000366210938,152.35000610351562,153.6999969482422,140.97451782226562,7200100,,
2022-7-25,152.8000030517578,154.0399932861328,151.6699981689453,153.25,140.561767578125,4928900,,
2022-7-26,152.6199951171875,152.6999969482422,149.80999755859375,149.97000122070312,137.55335998535156,5941800,,
2022-7-27,151.52999877929688,154.8000030517578,150.5500030517578,153.4199981689453,140.71771240234375,12863000,,
2022-7-28,149.77999877929688,149.99000549316406,143,146.4499969482422,134.3247833251953,17051000,,
2022-7-29,144.60000610351562,145.30999755859375,140.6699981689453,145.05999755859375,133.04986572265625,11749400,,
2022-8-1,144.30999755859375,149.4600067138672,144.07000732421875,147.42999267578125,135.22364807128906,7611400,,
2022-8-2,145.69000244140625,149.39999389648438,144.83999633789062,147.02999877929688,134.85678100585938,5946400,,
2022-8-3,147.66000366210938,150.33999633789062,146.58999633789062,149.16000366210938,136.8104248046875,6890200,,
2022-8-4,148.67999267578125,151.16000366210938,147.7100067138672,151.00999450683594,138.50726318359375,6254700,,
2022-8-5,148.57000732421875,151.27999877929688,147.6699981689453,150.2100067138672,137.77346801757812,5041300,,
2022-8-8,149.80999755859375,151.19000244140625,146.5500030517578,147.80999755859375,135.5722198486328,5553300,,
2022-8-9,145.58999633789062,146.5,141.30999755859375,142.50999450683594,130.71096801757812,6770800,,
2022-8-10,145.85000610351562,147.17999267578125,143.69000244140625,146.99000549316406,134.82012939453125,6840000,,
2022-8-11,148.30999755859375,151.63999938964844,147.02000427246094,147.8300018310547,135.59056091308594,6243200,,
2022-8-12,148,151.47000122070312,147.17999267578125,151.2899932861328,138.7640380859375,4967500,,
2022-8-15,150.32000732421875,152.6999969482422,148.39999389648438,152.1300048828125,139.53453063964844,4502900,,
2022-8-16,151.4499969482422,152.49000549316406,148.85000610351562,150.02999877929688,137.6083984375,5270800,,
2022-8-17,148.22999572753906,149.6300048828125,146.36000061035156,148.52999877929688,136.23257446289062,5169600,,
2022-8-18,148.07000732421875,152.91000366210938,147.75999450683594,151.3800048828125,138.84661865234375,7808200,,
2022-8-19,149.2899932861328,150.3800048828125,146.89999389648438,147.60000610351562,135.37960815429688,5400300,,
2022-8-22,145.3000030517578,145.80999755859375,141.10000610351562,141.61000061035156,129.885498046875,6736800,,
2022-8-23,142.08999633789062,143.61000061035156,140.55999755859375,140.72000122070312,129.0692138671875,4499300,,
2022-8-24,140.25,141.7100067138672,138.61000061035156,141.30999755859375,129.6103515625,5113100,,
2022-8-25,142.33999633789062,147,142.02000427246094,146.25,134.14134216308594,5618800,,
2022-8-26,146.16000366210938,147.36000061035156,138.0500030517578,138.3800048828125,126.92295837402344,7918600,,
2022-8-29,137.80999755859375,139.1300048828125,136.11000061035156,137.0800018310547,125.73056030273438,6852300,,
2022-8-30,137.8000030517578,138.3000030517578,132.94000244140625,134.41000366210938,123.28162384033203,6147400,,
2022-8-31,133.7899932861328,134.1699981689453,131.3000030517578,132.27000427246094,121.99956512451172,8701100,0.75,
2022-9-1,129.97999572753906,130.1300048828125,126.08000183105469,129.9199981689453,119.83202362060547,8716300,,
2022-9-2,131.63999938964844,132.6699981689453,127.55999755859375,128.47999572753906,118.50384521484375,6121400,,
2022-9-6,128.83999633789062,129.52000427246094,126.20999908447266,126.66999816894531,116.83439636230469,6674200,,
2022-9-7,127.47000122070312,129.77999877929688,126.37000274658203,128.60000610351562,118.61454010009766,5340100,,
2022-9-8,127.47000122070312,129.8000030517578,125.9000015258789,128.85000610351562,118.84512329101562,6618800,,
2022-9-9,130.67999267578125,132.61000061035156,130.30999755859375,132.0500030517578,121.79666137695312,5097300,,
2022-9-12,133,134.22000122070312,132.32000732421875,133,122.67290496826172,7081300,,
2022-9-13,128.3800048828125,129.89999389648438,124.48999786376953,124.93000030517578,115.22949981689453,9610900,,
2022-9-14,126.2699966430664,127.9000015258789,125.5,127.52999877929688,117.62761688232422,7509300,,
2022-9-15,126.69999694824219,128.0800018310547,124.2300033569336,124.9800033569336,115.2756118774414,7459600,,
2022-9-16,124.12000274658203,125.73999786376953,123.05000305175781,124.94999694824219,115.24795532226562,13818500,,
2022-9-19,123.62000274658203,127.18000030517578,123.41000366210938,126.6500015258789,116.8159408569336,5922700,,
2022-9-20,125.73999786376953,126.55000305175781,123.88999938964844,124.7699966430664,115.0819320678711,5672700,,
2022-9-21,125.44000244140625,129.7899932861328,124.5,124.62000274658203,114.94356536865234,8123700,,
2022-9-22,124.75,125.16000366210938,122.47000122070312,123.68000030517578,114.0765609741211,8753000,,
2022-9-23,122.33999633789062,122.68000030517578,119.05000305175781,121.19000244140625,111.7799072265625,10681300,,
2022-9-26,121.54000091552734,123.18000030517578,119.58999633789062,119.73999786376953,110.44246673583984,6424600,,
2022-9-27,121.55999755859375,122.68000030517578,118.75,120.33999633789062,110.99588012695312,5544400,,
2022-9-28,118.58000183105469,120.44999694824219,117.77999877929688,118.93000030517578,109.69538879394531,11321200,,
2022-9-29,117.27999877929688,117.47000122070312,113.45999908447266,114.83999633789062,105.92295837402344,12125800,,
2022-9-30,113.76000213623047,116.27999877929688,112.91999816894531,112.9800033569336,104.20738983154297,7568100,,
2022-10-3,114.98999786376953,118.31999969482422,113.66999816894531,117.22000122070312,108.1181640625,7481700,,
2022-10-4,120.4000015258789,122.44999694824219,120.31999969482422,122.37000274658203,112.8682632446289,6637200,,
2022-10-5,120.87999725341797,125.55999755859375,120.52999877929688,124.88999938964844,115.1926040649414,7070300,,
2022-10-6,124.51000213623047,127.20999908447266,124.4000015258789,125.27999877929688,115.55232238769531,6238600,,
2022-10-7,122.62000274658203,124.11000061035156,120.31999969482422,120.91000366210938,111.52165985107422,8618500,,
2022-10-10,120.58999633789062,121.04000091552734,113.44999694824219,114.5999984741211,105.70158386230469,9512600,,
2022-10-11,112,112.48999786376953,108.6500015258789,110.02999877929688,101.48645782470703,10758800,,
2022-10-12,110.31999969482422,110.80000305175781,108.37999725341797,108.63999938964844,100.20437622070312,6987900,,
2022-10-13,105.37999725341797,115.19999694824219,104.66000366210938,112.86000061035156,104.09671020507812,10455000,,
2022-10-14,114.62999725341797,114.98999786376953,109.79000091552734,109.94999694824219,101.41265106201172,7989800,,
2022-10-17,113.91999816894531,114.4800033569336,110.61000061035156,111.58999633789062,102.92530822753906,7886400,,
2022-10-18,114.94999694824219,116.08999633789062,109.54000091552734,111.20999908447266,102.57481384277344,8908900,,
2022-10-19,110.86000061035156,113.66999816894531,110.75,112.8499984741211,104.08748626708984,5620200,,
2022-10-20,113.16999816894531,116.08999633789062,111.72000122070312,111.9800033569336,103.2850341796875,7736400,,
2022-10-21,111.75,115.98999786376953,111.0199966430664,115.73999786376953,106.75306701660156,7490100,,
2022-10-24,116.33999633789062,117.0199966430664,114.23999786376953,116.37999725341797,107.34339141845703,6525700,,
2022-10-25,116.56999969482422,119.94000244140625,116.2300033569336,119.16999816894531,109.91675567626953,6205100,,
2022-10-26,118.04000091552734,120.73999786376953,116.16000366210938,118.11000061035156,108.93904876708984,7342300,,
2022-10-27,119.31999969482422,120.5999984741211,114.37999725341797,114.69999694824219,105.79381561279297,8937200,,
2022-10-28,114.16999816894531,119.44999694824219,112.33000183105469,119.20999908447266,109.95364379882812,9418700,,
2022-10-31,118.12999725341797,118.37999725341797,115.4000015258789,117.66000366210938,108.52400970458984,6870800,,
2022-11-1,119.73999786376953,120.62999725341797,116.75,117.33000183105469,108.21961975097656,5749100,,
2022-11-2,118.70999908447266,118.79000091552734,112.25,112.5,103.76466369628906,13936300,,
2022-11-3,104.37999725341797,106.5,101.93000030517578,103.87999725341797,95.8139877319336,24706100,,
2022-11-4,106.61000061035156,107.5,104.33000183105469,106.69000244140625,98.4057846069336,11977900,,
2022-11-7,107.4800033569336,110.27999877929688,106.26000213623047,110.08999633789062,101.54177856445312,7570800,,
2022-11-8,111.56999969482422,114.88999938964844,109.91999816894531,112.54000091552734,103.80155944824219,9383600,,
2022-11-9,111.45999908447266,113.51000213623047,110.2699966430664,110.43000030517578,101.85538482666016,9581300,,
2022-11-10,115.91000366210938,121,114.52999877929688,120.68000030517578,111.30950164794922,11673200,,
2022-11-11,118.98999786376953,122.16000366210938,118.98999786376953,121.43000030517578,112.00125885009766,9433800,,
2022-11-14,120.73999786376953,123.20999908447266,120.26000213623047,120.80000305175781,111.42017364501953,6971000,,
2022-11-15,125.6500015258789,128.1300048828125,123.41999816894531,126.0199966430664,116.23487091064453,12470200,,
2022-11-16,123.19999694824219,123.83999633789062,119.95999908447266,120.7300033569336,111.35562133789062,9561700,,
2022-11-17,118.94999694824219,123.12000274658203,118.70999908447266,122.86000061035156,113.32022094726562,7273700,,
2022-11-18,124.04000091552734,124.48999786376953,122.12999725341797,123.8499984741211,114.23336029052734,6436600,,
2022-11-21,121.08999633789062,122.5,120.0999984741211,120.19999694824219,110.86676788330078,8204200,,
2022-11-22,120.83999633789062,123.79000091552734,120.02999877929688,123.6500015258789,114.04888916015625,7010200,,
2022-11-23,123.54000091552734,127.04000091552734,123.29000091552734,125.1500015258789,115.43241882324219,5481500,,
2022-11-25,124.86000061035156,125.36000061035156,123.4000015258789,123.44999694824219,113.86441040039062,3153800,,
2022-11-28,122.16000366210938,123.44999694824219,118.8499984741211,119.54000091552734,110.25801086425781,7087500,,
2022-11-29,120.13999938964844,121.37000274658203,118.31999969482422,118.37999725341797,109.1880874633789,6277600,,
2022-11-30,118.75,126.5999984741211,118.06999969482422,126.48999786376953,117.41223907470703,12776700,0.75,
2022-12-1,126.72000122070312,128.1999969482422,125.68000030517578,126.80999755859375,117.70927429199219,7924800,,
2022-12-2,123.70999908447266,125.81999969482422,123.12000274658203,125.66000366210938,116.64181518554688,6122200,,
2022-12-5,124.58000183105469,125.47000122070312,122.43000030517578,123.30000305175781,114.45117950439453,6091600,,
2022-12-6,122.81999969482422,123,118.56999969482422,119.77999877929688,111.18379211425781,5968000,,
2022-12-7,118.5,120.31999969482422,117.76000213623047,118.20999908447266,109.7264633178711,5427100,,
2022-12-8,118.9800033569336,122.3499984741211,118.18000030517578,121.75,113.01240539550781,7347600,,
2022-12-9,120.41000366210938,121.4000015258789,118.8499984741211,119.05000305175781,110.50618743896484,6036000,,
2022-12-12,116.05999755859375,121.25,116.05999755859375,121.20999908447266,112.51116943359375,9008400,,
2022-12-13,126.9800033569336,127.94999694824219,121.81999969482422,123.48999786376953,114.62752532958984,9712700,,
2022-12-14,124.2300033569336,126.58000183105469,120.0999984741211,121.70999908447266,112.97528076171875,9444100,,
2022-12-15,120.25,120.5199966430664,116.08000183105469,116.63999938964844,108.26913452148438,10207800,,
2022-12-16,116.08000183105469,116.66000366210938,113.3499984741211,114.52999877929688,106.3105697631836,12733900,,
2022-12-19,114.01000213623047,115.16000366210938,111.51000213623047,112.61000061035156,104.52835845947266,7720200,,
2022-12-20,111.4000015258789,112.77999877929688,111.0999984741211,112.0999984741211,104.05494689941406,6260200,,
2022-12-21,112.76000213623047,114.95999908447266,112.69000244140625,114.58999633789062,106.36625671386719,5843800,,
2022-12-22,112.56999969482422,112.58999633789062,107.37999725341797,110.68000030517578,102.73686981201172,12051400,,
2022-12-23,109.69999694824219,110.91999816894531,108.20999908447266,110.83999633789062,102.8853988647461,5356700,,
2022-12-27,109.75,110.69000244140625,108.88999938964844,109.45999908447266,101.60442352294922,6158100,,
2022-12-28,108.87000274658203,110.2699966430664,106.81999969482422,106.97000122070312,99.29312896728516,5395600,,
2022-12-29,108.3499984741211,110.66000366210938,108.11000061035156,109.83999633789062,101.95714569091797,6668600,,
2022-12-30,107.97000122070312,110.05999755859375,107.22000122070312,109.94000244140625,102.04999542236328,5642300,,
2023-1-3,111.3499984741211,111.73999786376953,107.12999725341797,107.19999694824219,99.50660705566406,8110400,,
2023-1-4,109.80000305175781,112.2300033569336,108.80999755859375,111.52999877929688,103.52587127685547,7614200,,
2023-1-5,109.93000030517578,110.91999816894531,109.12999725341797,109.4000015258789,101.54873657226562,7546000,,
2023-1-6,110.95999908447266,115.9800033569336,110.05000305175781,115.33999633789062,107.06243133544922,10259300,,
2023-1-9,116.7300033569336,118.8499984741211,113.54000091552734,114.61000061035156,106.38483428955078,10291800,,
2023-1-10,114.0199966430664,116.97000122070312,113.72000122070312,116.91000366210938,108.519775390625,6384800,,
2023-1-11,117.44000244140625,118.5,115.16999816894531,118.38999938964844,109.89354705810547,7374400,,
2023-1-12,119.23999786376953,122.37999725341797,117.6500015258789,121.58999633789062,112.86388397216797,9527600,,
2023-1-13,119.81999969482422,121.41999816894531,119.72000122070312,120.23999786376953,111.61077117919922,8040400,,
2023-1-17,119.73999786376953,121.31999969482422,119.0199966430664,120.27999877929688,111.64791870117188,6179500,,
2023-1-18,121.62000274658203,123.98999786376953,121.01000213623047,122.04000091552734,113.28160095214844,10960400,,
2023-1-19,121.05999755859375,121.0999984741211,117.41999816894531,117.58000183105469,109.14168548583984,8716200,,
2023-1-20,118.41999816894531,122.95999908447266,117.33999633789062,122.9000015258789,114.07987976074219,8895000,,
2023-1-23,126.54000091552734,132.05999755859375,125.81999969482422,131.02999877929688,121.62643432617188,13419500,,
2023-1-24,130.5500030517578,132.97000122070312,130.14999389648438,130.6999969482422,121.3200912475586,7952400,,
2023-1-25,128.4499969482422,131.5399932861328,127.69999694824219,131.1699981689453,121.75636291503906,6880300,,
2023-1-26,134.41000366210938,134.85000610351562,131.16000366210938,133.9600067138672,124.34614562988281,7413600,,
2023-1-27,131.49000549316406,134.88999938964844,131.4199981689453,133.39999389648438,123.82633209228516,6581900,,
2023-1-30,131.0500030517578,132.39999389648438,130.14999389648438,131.6300048828125,122.183349609375,9854300,,
2023-1-31,131.32000732421875,133.63999938964844,131.32000732421875,133.2100067138672,123.64996337890625,7125100,,
2023-2-1,132.67999267578125,139.94000244140625,132.67999267578125,138.4600067138672,128.523193359375,10500600,,
2023-2-2,138.4600067138672,139.16000366210938,134.8000030517578,135.85000610351562,126.10052490234375,17673200,,
2023-2-3,131.16000366210938,138.39999389648438,128.57000732421875,135.02000427246094,125.33007049560547,13187300,,
2023-2-6,132.27000427246094,134.8800048828125,131.86000061035156,132.92999267578125,123.39005279541016,6830500,,
2023-2-7,133.14999389648438,137.3800048828125,132.3300018310547,136.6300048828125,126.8244857788086,7664200,,
2023-2-8,135.30999755859375,136.27999877929688,131.75999450683594,132.1699981689453,122.68462371826172,7151700,,
2023-2-9,133.88999938964844,135.22999572753906,129.9199981689453,130.52999877929688,121.16228485107422,5717500,,
2023-2-10,129.2899932861328,129.94000244140625,127.62000274658203,128.99000549316406,119.73283386230469,5319200,,
2023-2-13,129.4600067138672,131.42999267578125,128.38999938964844,130.83999633789062,121.4500503540039,5550400,,
2023-2-14,129.1999969482422,132.8800048828125,128.36000061035156,132.33999633789062,122.84241485595703,5579900,,
2023-2-15,130.60000610351562,133.3300018310547,130.3000030517578,133.07000732421875,123.52003479003906,3501100,,
2023-2-16,130.75,132.58999633789062,129.9499969482422,130.16000366210938,120.81886291503906,5788400,,
2023-2-17,129.5,129.80999755859375,126.95999908447266,127.72000122070312,118.55397033691406,6022500,,
2023-2-21,125.45999908447266,127.62000274658203,123.55000305175781,123.69999694824219,114.82247161865234,8164400,,
2023-2-22,124.31999969482422,124.97000122070312,122.91999816894531,123.94999694824219,115.05453491210938,5517800,,
2023-2-23,126.61000061035156,127.2300033569336,123.66999816894531,126.19999694824219,117.1430435180664,6440200,,
2023-2-24,124.23999786376953,124.70999908447266,123.18000030517578,124.33999633789062,115.41654205322266,7357200,,
2023-2-27,126.5,126.5999984741211,123.04000091552734,123.41999816894531,114.56256866455078,7787200,,
2023-2-28,123.62000274658203,125.0999984741211,122.91999816894531,123.52999877929688,114.6646728515625,6491800,,
2023-3-1,123.77999877929688,125.47000122070312,122.9800033569336,123.68000030517578,115.50518798828125,5530600,0.75,
2023-3-2,122.16000366210938,124.26000213623047,120.86000061035156,123.77999877929688,115.59857177734375,5258900,,
2023-3-3,123.98999786376953,124.20999908447266,121.66999816894531,123.5999984741211,115.43047332763672,7052100,,
2023-3-6,124.27999877929688,125.16999816894531,122.02999877929688,122.41000366210938,114.31913757324219,7031300,,
2023-3-7,122.4800033569336,122.5,118.27999877929688,119.19000244140625,111.31194305419922,8879700,,
2023-3-8,119.55000305175781,121.75,119.3499984741211,121.19999694824219,113.18909454345703,7633900,,
2023-3-9,121.27999877929688,121.91999816894531,116.94000244140625,117.22000122070312,109.47216796875,8055500,,
2023-3-10,117.54000091552734,118.2300033569336,114.52999877929688,115.19000244140625,107.57633209228516,6884500,,
2023-3-13,113.76000213623047,116.23999786376953,113.27999877929688,114.43000030517578,106.86656188964844,7673700,,
2023-3-14,116.41000366210938,117.05999755859375,113.91999816894531,116.55000305175781,108.84645080566406,8312100,,
2023-3-15,115.25,116.18000030517578,113.13999938964844,115.48999786376953,107.85651397705078,8596900,,
2023-3-16,117,120.83000183105469,115.91000366210938,120.51000213623047,112.54471588134766,11207800,,
2023-3-17,120.77999877929688,122.87000274658203,119.1500015258789,120.7300033569336,112.75016784667969,12304100,,
2023-3-20,120.7699966430664,122.0199966430664,119.80999755859375,121.81999969482422,113.76811981201172,5945000,,
2023-3-21,122.98999786376953,125.06999969482422,122.1500015258789,123.80000305175781,115.61724090576172,6900600,,
2023-3-22,124,126.23999786376953,121.87000274658203,121.97000122070312,113.90821075439453,7072700,,
2023-3-23,123.94000244140625,127,122.0999984741211,124.1500015258789,115.9441146850586,7353800,,
2023-3-24,123.62999725341797,124.93000030517578,122.25,124.76000213623047,116.51377868652344,6987200,,
2023-3-27,125.73999786376953,126.05999755859375,123.31999969482422,123.5999984741211,115.43047332763672,4818000,,
2023-3-28,123.5999984741211,123.68000030517578,120.20999908447266,121.33999633789062,113.31983947753906,5272100,,
2023-3-29,123.41999816894531,125.95999908447266,123.25,125.08999633789062,116.82199096679688,6410100,,
2023-3-30,127.08000183105469,128.19000244140625,126.43000030517578,127.4000015258789,118.97929382324219,8156400,,
2023-3-31,126.6500015258789,127.97000122070312,126.29000091552734,127.58000183105469,119.14741516113281,6222400,,
2023-4-3,126.98999786376953,127.56999969482422,123.61000061035156,124.73999786376953,116.4951171875,6367800,,
2023-4-4,124.93000030517578,125.22000122070312,121.80999755859375,122.30000305175781,114.21639251708984,6962700,,
2023-4-5,121.41999816894531,123.22000122070312,121.25,123.04000091552734,114.9074935913086,6920900,,
2023-4-6,122.33999633789062,123.8499984741211,121.05000305175781,123,114.87013244628906,5260600,,
2023-4-10,122.08999633789062,124.58000183105469,121.68000030517578,124.29000091552734,116.07486724853516,5243700,,
2023-4-11,125.25,125.25,123.16999816894531,123.56999969482422,115.40245056152344,5001400,,
2023-4-12,124.41000366210938,124.5,120.1500015258789,120.2699966430664,112.3205795288086,5288300,,
2023-4-13,120.05000305175781,121.66000366210938,119.12000274658203,121.12999725341797,113.12372589111328,6077100,,
2023-4-14,120.87000274658203,121.91999816894531,118.76000213623047,120.16000366210938,112.21784973144531,4833100,,
2023-4-17,119.12999725341797,119.83999633789062,118.16999816894531,119.37999725341797,111.48939514160156,6370200,,
2023-4-18,120.33999633789062,120.80000305175781,117.41000366210938,118.36000061035156,110.53681182861328,4829900,,
2023-4-19,117.25,118.69000244140625,116.44999694824219,118.54000091552734,110.70491027832031,4241900,,
2023-4-20,117.29000091552734,119.9000015258789,117.12000274658203,118.63999938964844,110.79830169677734,5125000,,
2023-4-21,117.87000274658203,118.19000244140625,116.55000305175781,117.76000213623047,109.97647094726562,4980700,,
2023-4-24,117.81999969482422,117.83000183105469,116.56999969482422,117.3499984741211,109.59356689453125,4097900,,
2023-4-25,116.73999786376953,116.83999633789062,113.68000030517578,114.05000305175781,106.51168823242188,7045200,,
2023-4-26,114.29000091552734,115.0999984741211,113.20999908447266,114.16000366210938,106.61442565917969,4671100,,
2023-4-27,113.87999725341797,114.30999755859375,112.1500015258789,113.91999816894531,106.39028930664062,6945700,,
2023-4-28,115.0999984741211,116.9000015258789,113.7300033569336,116.80000305175781,109.07992553710938,8652500,,
2023-5-1,117.20999908447266,117.58000183105469,115.51000213623047,115.83999633789062,108.18336486816406,6208500,,
2023-5-2,116.12999725341797,117.05999755859375,114.44000244140625,116.11000061035156,108.4355239868164,7081200,,
2023-5-3,116.66000366210938,116.81999969482422,112.5999984741211,112.83000183105469,105.37232208251953,11491700,,
2023-5-4,104.02999877929688,107.12000274658203,103.5,106.58000183105469,99.53543853759766,22117500,,
2023-5-5,108.20999908447266,109.2699966430664,105.7699966430664,108.77999877929688,101.59001922607422,10745600,,
2023-5-8,108.37999725341797,108.83000183105469,106.87000274658203,108.30999755859375,101.15107727050781,6694400,,
2023-5-9,107,107.43000030517578,105.30000305175781,105.7699966430664,98.77896881103516,7804100,,
2023-5-10,107,107.4800033569336,105.13999938964844,106.45999908447266,99.42337799072266,7980100,,
2023-5-11,106.29000091552734,106.51000213623047,103.68000030517578,104.05999755859375,97.18199920654297,10630500,,
2023-5-12,104.47000122070312,104.73999786376953,102.61000061035156,103.62000274658203,96.77108764648438,7635900,,
2023-5-15,103.76000213623047,106.4000015258789,102.88999938964844,106.27999877929688,99.25525665283203,7444900,,
2023-5-16,105.66999816894531,106.4800033569336,103.72000122070312,103.79000091552734,96.92984008789062,7027000,,
2023-5-17,104.19000244140625,105.44999694824219,103.58000183105469,104.80999755859375,97.88240814208984,9504700,,
2023-5-18,104.80999755859375,107.12000274658203,104.80999755859375,106.95999908447266,99.89031982421875,9142000,,
2023-5-19,106.94999694824219,107.12000274658203,105.5199966430664,105.86000061035156,98.86302947998047,5783200,,
2023-5-22,103.66999816894531,105.87000274658203,103.25,105.27999877929688,98.32135009765625,7912400,,
2023-5-23,104.06999969482422,105.63999938964844,103.47000122070312,103.55999755859375,96.71503448486328,7452500,,
2023-5-24,102.08000183105469,103.13999938964844,101.58000183105469,103.0199966430664,96.21073150634766,8193700,,
2023-5-25,101.93000030517578,104.11000061035156,101.47000122070312,104.0199966430664,97.14463806152344,11677400,,
2023-5-26,104.94000244140625,111.27999877929688,104.81999969482422,110.3499984741211,103.05624389648438,15969900,,
2023-5-30,114.5,116.69000244140625,112.61000061035156,116,108.33280181884766,18291800,,
2023-5-31,113.55999755859375,114,111.5999984741211,113.41000366210938,106.64950561523438,14924000,0.8,
2023-6-1,114.55999755859375,116.55999755859375,112.30999755859375,115.83000183105469,108.92524719238281,8616500,,
2023-6-2,117.23999786376953,117.4000015258789,114.69000244140625,115.62000274658203,108.7277603149414,7873400,,
2023-6-5,115.43000030517578,115.91999816894531,112.63999938964844,112.7300033569336,106.01002502441406,7769300,,
2023-6-6,112.58000183105469,116.79000091552734,112.23999786376953,116.36000061035156,109.42365264892578,7594500,,
2023-6-7,116.62999725341797,117.16000366210938,114.48999786376953,115.18000030517578,108.31399536132812,7555400,,
2023-6-8,115.5999984741211,116.63999938964844,114.0999984741211,116.3499984741211,109.41423034667969,5793400,,
2023-6-9,117.48999786376953,120.8499984741211,117.37999725341797,119.11000061035156,112.00971984863281,13807000,,
2023-6-12,121.04000091552734,122.30999755859375,119.7699966430664,122.13999938964844,114.85909271240234,9675100,,
2023-6-13,124.27999877929688,125.4000015258789,122.75,124.43000030517578,117.0125961303711,8873200,,
2023-6-14,124.3499984741211,124.43000030517578,121.5,123.4000015258789,116.04398345947266,7324600,,
2023-6-15,121.58000183105469,124.69000244140625,121.04000091552734,123.61000061035156,116.2414779663086,8132600,,
2023-6-16,124.58999633789062,124.9800033569336,122.0999984741211,122.68000030517578,115.3669204711914,12905700,,
2023-6-20,121.94000244140625,122.37000274658203,118.70999908447266,119.81999969482422,112.67739868164062,8667400,,
2023-6-21,118.61000061035156,119.0199966430664,115.66999816894531,115.76000213623047,108.85940551757812,7925400,,
2023-6-22,116.01000213623047,116.68000030517578,114.91000366210938,116.4000015258789,109.46126556396484,7283000,,
2023-6-23,114.08999633789062,115.27999877929688,113.02999877929688,113.43000030517578,106.6683120727539,11958500,,
2023-6-26,114.55999755859375,117.61000061035156,114.30000305175781,116.62999725341797,109.67755126953125,9377000,,
2023-6-27,116.73999786376953,119.94000244140625,115.6500015258789,119.79000091552734,112.6491928100586,7308900,,
2023-6-28,117.0199966430664,118.0999984741211,116.58000183105469,117.54000091552734,110.5333251953125,6384800,,
2023-6-29,117.55999755859375,118.1500015258789,116.87999725341797,118.05999755859375,111.02230834960938,5138500,,
2023-6-30,119.5999984741211,119.86000061035156,118.37999725341797,119.04000091552734,111.94389343261719,6565100,,
2023-7-3,119.2699966430664,120.4800033569336,118.45999908447266,120.08999633789062,112.9312973022461,2662000,,
2023-7-5,119.0199966430664,119.05000305175781,117.0999984741211,117.12999725341797,110.14775848388672,6249200,,
2023-7-6,115.16000366210938,116.19999694824219,113.62000274658203,115.22000122070312,108.35160827636719,7544600,,
2023-7-7,115.37000274658203,117.7300033569336,114.76000213623047,115.94000244140625,109.02870178222656,6108400,,
2023-7-10,116.47000122070312,118.27999877929688,116.47000122070312,117.12000274658203,110.13835144042969,6037000,,
2023-7-11,117.80000305175781,117.87000274658203,114.88999938964844,116.87000274658203,109.90325164794922,5784000,,
2023-7-12,117.55999755859375,119.2300033569336,117.0999984741211,118.68000030517578,111.60536193847656,8371300,,
2023-7-13,120,123.41999816894531,119.87999725341797,123.12000274658203,115.78069305419922,9823000,,
2023-7-14,123,123.18000030517578,121.12999725341797,122.55999755859375,115.2540512084961,7892200,,
2023-7-17,122.33000183105469,124.45999908447266,120.76000213623047,123.4000015258789,116.04398345947266,6125000,,
2023-7-18,122.31999969482422,123.2300033569336,121.26000213623047,122.86000061035156,115.53618621826172,7481200,,
2023-7-19,125.33999633789062,127.0999984741211,124.30000305175781,124.41999816894531,117.00318145751953,8866700,,
2023-7-20,123.5199966430664,124.5999984741211,120.2300033569336,120.72000122070312,113.52375030517578,9148600,,
2023-7-21,121.93000030517578,126.66000366210938,121.37999725341797,124.72000122070312,117.2853012084961,23704100,,
2023-7-24,124.72000122070312,125.5999984741211,123.16999816894531,124.0999984741211,116.70225524902344,5859300,,
2023-7-25,124.19999694824219,125.9800033569336,124.19999694824219,125.06999969482422,117.61444854736328,5592100,,
2023-7-26,123.19999694824219,125.23999786376953,122.33999633789062,124.0199966430664,116.62702941894531,5291800,,
2023-7-27,126.55999755859375,127.7699966430664,124.91999816894531,125.8499984741211,118.34793853759766,7917900,,
2023-7-28,128.3000030517578,129.9199981689453,127.55999755859375,129.47999572753906,121.76155090332031,11762200,,
2023-7-31,129.99000549316406,132.97000122070312,129.10000610351562,132.1699981689453,124.29118347167969,11029600,,
2023-8-1,131.9199981689453,132.38999938964844,130.24000549316406,132.0800018310547,124.20657348632812,7128700,,
2023-8-2,130.1999969482422,131.5800018310547,128.8300018310547,129.27000427246094,121.56409454345703,13711100,,
2023-8-3,116.97000122070312,119.11000061035156,114.88999938964844,118.69999694824219,111.62416076660156,29239600,,
2023-8-4,117.76000213623047,122,117.76000213623047,121.5,114.25725555419922,12658700,,
2023-8-7,122.20999908447266,122.73999786376953,117.91999816894531,119.33999633789062,112.22599792480469,7706500,,
2023-8-8,117,117.87999725341797,115.95999908447266,117.66000366210938,110.64617156982422,8934600,,
2023-8-9,117.2300033569336,118.11000061035156,116.5199966430664,116.56999969482422,109.62113189697266,5642500,,
2023-8-10,117.68000030517578,118.38999938964844,115.06999969482422,115.61000061035156,108.7183609008789,6224500,,
2023-8-11,114.12999725341797,115.45999908447266,113.72000122070312,114.61000061035156,107.7779769897461,5712500,,
2023-8-14,113.87999725341797,114.5199966430664,112.80999755859375,114.0199966430664,107.22312927246094,8537500,,
2023-8-15,113.33999633789062,113.51000213623047,111.4000015258789,111.68000030517578,105.02264404296875,6843600,,
2023-8-16,111.3499984741211,111.91999816894531,110.05000305175781,110.1500015258789,103.5838394165039,6426700,,
2023-8-17,110.19000244140625,111.12999725341797,109.66000366210938,110.08000183105469,103.51800537109375,6250500,,
2023-8-18,108.81999969482422,110.5199966430664,108.5,110.0999984741211,103.53681182861328,6384700,,
2023-8-21,109.83999633789062,110.95999908447266,109,110.68000030517578,104.08224487304688,6539800,,
2023-8-22,111.47000122070312,111.83999633789062,109.13999938964844,109.47000122070312,102.94438171386719,4587000,,
2023-8-23,109.33999633789062,111.52999877929688,108.8499984741211,111.16999816894531,104.54303741455078,6873900,,
2023-8-24,112.16000366210938,112.56999969482422,108.16000366210938,108.51000213623047,102.0416030883789,8698100,,
2023-8-25,108.88999938964844,110.5199966430664,107.76000213623047,110.31999969482422,103.74370574951172,6669900,,
2023-8-28,111.30000305175781,112.19000244140625,110.62000274658203,111.68000030517578,105.02264404296875,4316400,,
2023-8-29,110.5199966430664,113.98999786376953,110.5199966430664,113.77999877929688,106.99745178222656,6971400,,
2023-8-30,112.55999755859375,113.45999908447266,111.66999816894531,113.2699966430664,107.2720947265625,6490300,0.8,
2023-8-31,112.43000030517578,115.16000366210938,112.43000030517578,114.52999877929688,108.46537017822266,7962500,,
2023-9-1,115.69999694824219,115.69999694824219,114.41000366210938,115.38999938964844,109.27983093261719,5310700,,
2023-9-5,114.91000366210938,117.05999755859375,114.91000366210938,116.55000305175781,110.37841033935547,7294800,,
2023-9-6,116,116.72000122070312,113.62999725341797,114.68000030517578,108.607421875,7411900,,
2023-9-7,110.5999984741211,110.69999694824219,106.06999969482422,106.4000015258789,100.76587677001953,17947800,,
2023-9-8,106.16999816894531,107.06999969482422,105.51000213623047,106.13999938964844,100.51963806152344,9819300,,
2023-9-11,111.2699966430664,111.83999633789062,108.81999969482422,110.27999877929688,104.44041442871094,18771700,,
2023-9-12,109.58000183105469,112.73999786376953,109.51000213623047,111.2300033569336,105.34011840820312,9250100,,
2023-9-13,111.58000183105469,113.5999984741211,111.52999877929688,112.63999938964844,106.6754379272461,8131500,,
2023-9-14,113.7699966430664,114.73999786376953,113,114.04000091552734,108.0013198852539,7138100,,
2023-9-15,113.97000122070312,115.19000244140625,112.45999908447266,113.13999938964844,107.14897918701172,12247400,,
2023-9-18,112.88999938964844,113.83000183105469,112.45999908447266,112.75,106.77963256835938,5065100,,
2023-9-19,112.19999694824219,112.33999633789062,109.91000366210938,110.72000122070312,104.85712432861328,5658800,,
2023-9-20,111.73999786376953,111.80000305175781,109.16000366210938,109.22000122070312,103.4365463256836,7073800,,
2023-9-21,107.9800033569336,109.58999633789062,107.8499984741211,107.95999908447266,102.24327087402344,7007200,,
2023-9-22,108.7699966430664,109.77999877929688,107.36000061035156,107.68000030517578,101.97809600830078,6965500,,
2023-9-25,106.83999633789062,110.4800033569336,106.70999908447266,110.43000030517578,104.58248138427734,6782500,,
2023-9-26,109.8499984741211,110.63999938964844,109.33999633789062,109.72000122070312,103.91006469726562,6559800,,
2023-9-27,110.7300033569336,110.80999755859375,107.43000030517578,109.19000244140625,103.40814208984375,7225000,,
2023-9-28,109.76000213623047,111.91000366210938,109.18000030517578,111.0999984741211,105.21700286865234,4851300,,
2023-9-29,111.87999725341797,112.2300033569336,110.63999938964844,111.05999755859375,105.17912292480469,4869300,,
2023-10-2,110.4000015258789,111.79000091552734,109.5999984741211,111.0999984741211,105.21700286865234,5751500,,
2023-10-3,110.80999755859375,112.26000213623047,109.37999725341797,110.19000244140625,104.35518646240234,7750700,,
2023-10-4,110.80000305175781,111.06999969482422,108.80000305175781,109.8499984741211,104.03319549560547,7189400,,
2023-10-5,109.69999694824219,110.45999908447266,108.94999694824219,109.80000305175781,103.98583984375,5089700,,
2023-10-6,110.87000274658203,111.33000183105469,108.05000305175781,110.87999725341797,105.00863647460938,7930600,,
2023-10-9,110.31999969482422,111.9800033569336,109.4800033569336,111.80000305175781,105.87993621826172,4714500,,
2023-10-10,111.5,112.98999786376953,110.43000030517578,112.30999755859375,106.36292266845703,6253000,,
2023-10-11,112.27999877929688,112.63999938964844,109.58000183105469,111.12000274658203,105.2359390258789,6378600,,
2023-10-12,111.9800033569336,112.20999908447266,110.31999969482422,111.45999908447266,105.55792999267578,5371700,,
2023-10-13,111.72000122070312,111.97000122070312,108.54000091552734,108.66000366210938,102.90619659423828,6035600,,
2023-10-16,109.08999633789062,111.08000183105469,108.94999694824219,110.51000213623047,104.65824127197266,6254700,,
2023-10-17,108.80999755859375,112.2699966430664,108.0199966430664,112.19999694824219,106.25875854492188,7334000,,
2023-10-18,111.05999755859375,112.11000061035156,110.02999877929688,110.9800033569336,105.10334777832031,7174500,,
2023-10-19,112.38999938964844,114.4000015258789,110.83999633789062,111.27999877929688,105.387451171875,10511500,,
2023-10-20,111.5199966430664,111.61000061035156,108.62999725341797,108.62999725341797,102.87779235839844,7756500,,
2023-10-23,107.94000244140625,110.56999969482422,107.68000030517578,108.66000366210938,102.90619659423828,6679200,,
2023-10-24,109.30000305175781,110.33000183105469,108.44000244140625,109.38999938964844,103.59754180908203,8578600,,
2023-10-25,108.80999755859375,109.29000091552734,104.43000030517578,104.77999877929688,99.23167419433594,8571600,,
2023-10-26,104.75,106.47000122070312,104.33000183105469,105.62000274658203,100.02717590332031,8705200,,
2023-10-27,106.9000015258789,107.88999938964844,105.83999633789062,106.45999908447266,100.82270050048828,7292000,,
2023-10-30,106.70999908447266,109.33000183105469,106.18000030517578,107.83000183105469,102.12015533447266,6634000,,
2023-10-31,108.30000305175781,109.20999908447266,106.69000244140625,108.98999786376953,103.21871948242188,6485500,,
2023-11-1,109.16999816894531,111.19000244140625,108.69999694824219,110.88999938964844,105.01811981201172,12809900,,
2023-11-2,117.97000122070312,119.08000183105469,114.44999694824219,117.36000061035156,111.14551544189453,22106100,,
2023-11-3,117.94999694824219,120.0999984741211,117.36000061035156,119.5199966430664,113.1911392211914,10670100,,
2023-11-6,120,120.55999755859375,118.37999725341797,119.93000030517578,113.57942962646484,7756400,,
2023-11-7,119.8499984741211,121.08000183105469,119.16999816894531,120.72000122070312,114.32759857177734,7898400,,
2023-11-8,121.4000015258789,122.05999755859375,119.1500015258789,120.05999755859375,113.7025375366211,7681900,,
2023-11-9,121.12000274658203,122.43000030517578,119.8499984741211,120.0999984741211,113.74043273925781,9002700,,
2023-11-10,121.9000015258789,124.80999755859375,120.97000122070312,124.20999908447266,117.6327896118164,12191600,,
2023-11-13,124,124.55000305175781,122.62999725341797,123.8499984741211,117.29185485839844,7959200,,
2023-11-14,127.33999633789062,128.22000122070312,126.08000183105469,127.36000061035156,120.6159896850586,11255400,,
2023-11-15,127.91999816894531,129.72999572753906,127.55999755859375,128.9199981689453,122.09339141845703,7789100,,
2023-11-16,129.08999633789062,130.3699951171875,128.30999755859375,128.6999969482422,121.88502502441406,11655700,,
2023-11-17,129.3000030517578,129.7899932861328,128.4199981689453,129.47000122070312,122.6142578125,6543300,,
2023-11-20,129.44000244140625,130.1199951171875,129.02000427246094,129.50999450683594,122.6521224975586,7148600,,
2023-11-21,126.88999938964844,127.47000122070312,125.75,127.0199966430664,120.29400634765625,14641800,,
2023-11-22,127.88999938964844,129.50999450683594,127.16000366210938,127.5,120.74857330322266,6647400,,
2023-11-24,128.22999572753906,128.22999572753906,127.55999755859375,127.75,120.98533630371094,3708200,,
2023-11-27,127.2699966430664,129.02000427246094,126.79000091552734,128.1999969482422,121.41151428222656,8586400,,
2023-11-28,127.19999694824219,127.30999755859375,125.66999816894531,126.58999633789062,119.88675689697266,8817900,,
2023-11-29,129.24000549316406,130.60000610351562,127.62000274658203,127.91000366210938,121.90727996826172,10608300,0.8,
2023-11-30,129.27000427246094,129.39999389648438,127.48999786376953,129.0500030517578,122.99378967285156,11731800,,
2023-12-1,129.05999755859375,130.27000427246094,128.50999450683594,129.6699981689453,123.58467864990234,8866500,,
2023-12-4,129.3300018310547,130.0500030517578,128.02999877929688,129.9499969482422,123.8515396118164,7485000,,
2023-12-5,129.08999633789062,130.85000610351562,128.9499969482422,130.75,124.6139907836914,6231600,,
2023-12-6,131.97999572753906,132.13999938964844,129.66000366210938,129.9600067138672,123.86107635498047,6912400,,
2023-12-7,131.3300018310547,133.3300018310547,130.38999938964844,132.94000244140625,126.70122528076172,7815700,,
2023-12-8,131.22000122070312,133.97000122070312,131.17999267578125,132.97000122070312,126.72982788085938,7678600,,
2023-12-11,134.50999450683594,136.60000610351562,134.07000732421875,136.10000610351562,129.7129669189453,11010700,,
2023-12-12,135.97999572753906,137.22999572753906,135.5,136.67999267578125,130.2657012939453,7380400,,
2023-12-13,136.3800048828125,138.99000549316406,136.0800018310547,138.8000030517578,132.28622436523438,7507700,,
2023-12-14,139.60000610351562,142.75999450683594,139.60000610351562,141.5,134.85952758789062,11468900,,
2023-12-15,142.0500030517578,143.49000549316406,141.3800048828125,143.1300048828125,136.4130096435547,25053500,,
2023-12-18,142.50999450683594,143.1199951171875,141.2899932861328,141.64999389648438,135.00245666503906,7832100,,
2023-12-19,142.02999877929688,143.42999267578125,141.44000244140625,143.22999572753906,136.50830078125,5658400,,
2023-12-20,141.97000122070312,142.97999572753906,140.36000061035156,140.44000244140625,133.84925842285156,7264800,,
2023-12-21,141.8000030517578,142.69000244140625,140.99000549316406,142.44000244140625,135.75540161132812,8361600,,
2023-12-22,143.25,144.39999389648438,142.75,143.49000549316406,136.75613403320312,4659200,,
2023-12-26,144.1699981689453,146.0500030517578,143.9600067138672,145.4600067138672,138.6336669921875,4381200,,
2023-12-27,145.85000610351562,146.22000122070312,145.0399932861328,145.72000122070312,138.88148498535156,4470300,,
2023-12-28,146.17999267578125,146.88999938964844,145.72999572753906,145.86000061035156,139.014892578125,4928800,,
2023-12-29,145.41000366210938,145.6199951171875,143.7899932861328,144.6300048828125,137.84262084960938,4839300,,
2024-1-2,142.19000244140625,142.1999969482422,138.77999877929688,140.22999572753906,133.64910888671875,8495800,,
2024-1-3,138.88999938964844,138.88999938964844,136.99000549316406,137.60000610351562,131.14254760742188,8133300,,
2024-1-4,135.44000244140625,137.3300018310547,134.94000244140625,136.1699981689453,129.77963256835938,6770300,,
2024-1-5,136.16000366210938,138.07000732421875,135.85000610351562,136.72999572753906,130.31336975097656,6827300,,
2024-1-8,136.99000549316406,139.14999389648438,136.63999938964844,139.02999877929688,132.5054168701172,7729400,,
2024-1-9,137.5399932861328,140.9499969482422,137.13999938964844,139.88999938964844,133.32508850097656,5856900,,
2024-1-10,139.88999938964844,140.02999877929688,137.7899932861328,139.30999755859375,132.77230834960938,5652500,,
2024-1-11,139,139.9499969482422,136.02999877929688,139.02999877929688,132.5054168701172,7374900,,
2024-1-12,142.1199951171875,142.66000366210938,139.16000366210938,140.1999969482422,133.6205291748047,6546600,,
2024-1-16,140,141.22999572753906,137.97999572753906,141.1199951171875,134.49732971191406,7483000,,
2024-1-17,139.6199951171875,139.6300048828125,137.35000610351562,139.32000732421875,132.7818145751953,6584700,,
2024-1-18,143.14999389648438,145.64999389648438,142.3300018310547,145.2899932861328,138.47161865234375,12893000,,
2024-1-19,147.25999450683594,152.77000427246094,146.74000549316406,151.9600067138672,144.82864379882812,16193900,,
2024-1-22,152.75,154.57000732421875,151.8699951171875,152.8699951171875,145.69590759277344,10456100,,
2024-1-23,152.8699951171875,153.74000549316406,151.41000366210938,153.5,146.29635620117188,6232300,,
2024-1-24,154.7899932861328,156.32000732421875,153.89999389648438,154.3699951171875,147.12551879882812,8331900,,
2024-1-25,157.60000610351562,157.97999572753906,153.6699981689453,154.47000122070312,147.2208251953125,7740900,,
2024-1-26,152.2100067138672,152.97999572753906,150.3800048828125,150.72000122070312,143.6468505859375,7744700,,
2024-1-29,150.39999389648438,151.24000549316406,148.4199981689453,149.63999938964844,142.61752319335938,10770700,,
2024-1-30,148,148.8000030517578,145.57000732421875,145.97999572753906,139.12925720214844,9132800,,
2024-1-31,145.33999633789062,150.16000366210938,144.33999633789062,148.50999450683594,141.54052734375,21184200,,
2024-2-1,140.8699951171875,143.91000366210938,140.08999633789062,141.11000061035156,134.48782348632812,22810600,,
2024-2-2,140.64999389648438,142.13999938964844,139.25999450683594,141.69000244140625,135.04058837890625,10442700,,
2024-2-5,141.86000061035156,144.64999389648438,141.2100067138672,144.02999877929688,137.2707977294922,8032600,,
2024-2-6,144.5,144.80999755859375,142.42999267578125,144.10000610351562,137.33749389648438,7286300,,
2024-2-7,145.16000366210938,145.9499969482422,143.6300048828125,145.88999938964844,139.04351806640625,7361900,,
2024-2-8,146.85000610351562,148.61000061035156,146.2899932861328,148.17999267578125,141.2259979248047,9448700,,
2024-2-9,149,153.39999389648438,148.35000610351562,151,143.91368103027344,11981500,,
2024-2-12,150.3800048828125,154.75999450683594,150.25,153.10000610351562,145.91514587402344,11806300,,
2024-2-13,150,151.25,148.41000366210938,150.0399932861328,142.99871826171875,8976300,,
2024-2-14,151.30999755859375,154.38999938964844,151.0500030517578,153.94000244140625,146.71571350097656,8715100,,
2024-2-15,155,157.1699981689453,154.49000549316406,155.97999572753906,148.65997314453125,9372400,,
2024-2-16,157.47000122070312,157.75999450683594,152.60000610351562,152.69000244140625,145.52439880371094,8429100,,
2024-2-20,151.88999938964844,152.89999389648438,149.8699951171875,151.9600067138672,144.82864379882812,8745500,,
2024-2-21,149.8300018310547,152.0500030517578,148.89999389648438,152.00999450683594,144.8762664794922,9760300,,
2024-2-22,154.77000427246094,155.50999450683594,152.32000732421875,154.75,147.48773193359375,11407500,,
2024-2-23,155.6999969482422,156.91000366210938,154.3300018310547,154.91000366210938,147.6401824951172,5953300,,
2024-2-26,156,157.47999572753906,155.7899932861328,157.02999877929688,149.6606903076172,6307600,,
2024-2-27,157.75,159.1999969482422,157.49000549316406,158.3000030517578,150.87109375,6021400,,
2024-2-28,156,156.5399932861328,154.9600067138672,155.85000610351562,149.29054260253906,5211000,0.8,
2024-2-29,156.8699951171875,158.1999969482422,156.17999267578125,157.7899932861328,151.14891052246094,8321400,,
2024-3-1,159.38999938964844,164,158.07000732421875,163.08999633789062,156.225830078125,10405700,,
2024-3-4,165.1199951171875,167.8300018310547,164.72000122070312,166.55999755859375,159.54977416992188,11865100,,
2024-3-5,164.72999572753906,165.58999633789062,160.22999572753906,161.4499969482422,154.65484619140625,9608800,,
2024-3-6,164.82000732421875,169.25,164.3300018310547,167.88999938964844,160.82382202148438,12230500,,
2024-3-7,169.60000610351562,177.58999633789062,169.42999267578125,175.72000122070312,168.3242645263672,14495100,,
2024-3-8,174.82000732421875,175.47000122070312,170.5399932861328,170.57000732421875,163.39102172851562,11318000,,
2024-3-11,169,171.97999572753906,168.1199951171875,171.1199951171875,163.91781616210938,7256300,,
2024-3-12,172.91000366210938,173.89999389648438,170.5800018310547,173.0800018310547,165.7953643798828,7642200,,
2024-3-13,171.22000122070312,171.5,168.60000610351562,169.25,162.12655639648438,8730500,,
2024-3-14,169.60000610351562,169.9499969482422,166.7100067138672,168.4499969482422,161.36021423339844,8151000,,
2024-3-15,167.10000610351562,168.77000427246094,165.85000610351562,167.1999969482422,160.16282653808594,16414600,,
2024-3-18,170.91000366210938,171.4600067138672,166.35000610351562,166.9199981689453,159.89462280273438,6653700,,
2024-3-19,166.08999633789062,166.4600067138672,163.6300048828125,164.10000610351562,157.19332885742188,7404400,,
2024-3-20,164.10000610351562,168.1699981689453,163.8300018310547,167.6699981689453,160.6130828857422,5995800,,
2024-3-21,170.74000549316406,172.9199981689453,169.6300048828125,170.85000610351562,163.6592254638672,8497500,,
2024-3-22,169.5500030517578,171.89999389648438,169.3000030517578,170.10000610351562,162.94078063964844,5645500,,
2024-3-25,167.8800048828125,168.77000427246094,166.97000122070312,167.52000427246094,160.46937561035156,5682500,,
2024-3-26,168.0500030517578,169.4199981689453,167,167.07000732421875,160.038330078125,5289900,,
2024-3-27,169.4499969482422,169.47999572753906,166.97000122070312,169.1300048828125,162.01161193847656,6309700,,
2024-3-28,169.10000610351562,169.88999938964844,167.97999572753906,169.3000030517578,162.17445373535156,5324000,,
2024-4-1,168.27000427246094,172.8000030517578,168.2100067138672,171.72000122070312,164.49258422851562,6679100,,
2024-4-2,170.47000122070312,171.39999389648438,169.27999877929688,171.0399932861328,163.84121704101562,7436300,,
2024-4-3,170,173.9600067138672,169.3300018310547,173.91000366210938,166.59043884277344,6943200,,
2024-4-4,175,175.9499969482422,169.41000366210938,169.75999450683594,162.61508178710938,9031200,,
2024-4-5,170.17999267578125,172.24000549316406,169.7100067138672,171.52999877929688,164.3105926513672,5863300,,
2024-4-8,172.92999267578125,174.38999938964844,172.36000061035156,173.6199951171875,166.31263732910156,4812000,,
2024-4-9,175.27000427246094,175.99000549316406,173.3699951171875,175.57000732421875,168.18057250976562,5028500,,
2024-4-10,172.4199981689453,173.7100067138672,170.07000732421875,170.86000061035156,163.66880798339844,6177400,,
2024-4-11,171.6699981689453,175.6300048828125,170.5,175.1300048828125,167.75909423828125,6262600,,
2024-4-12,172.27999877929688,173.38999938964844,170.9600067138672,171.2899932861328,164.08070373535156,8216700,,
2024-4-15,174.27000427246094,174.3800048828125,168.5800018310547,169.83999633789062,162.69171142578125,6570600,,
2024-4-16,169.5,169.57000732421875,167.4499969482422,168.5800018310547,161.48477172851562,6390100,,
2024-4-17,169.22000122070312,170.19000244140625,163.77000427246094,164.32000732421875,157.404052734375,8082000,,
2024-4-18,162.36000061035156,164.10000610351562,159.86000061035156,161.44000244140625,154.64529418945312,9209400,,
2024-4-19,161.2899932861328,161.38999938964844,156.33999633789062,157.6300048828125,150.99563598632812,10292200,,
2024-4-22,158.0399932861328,161.63999938964844,157.16000366210938,160.17999267578125,153.43829345703125,7848700,,
2024-4-23,160.9600067138672,162.25999450683594,159.67999267578125,161.35000610351562,154.55905151367188,6616700,,
2024-4-24,163.8699951171875,165.92999267578125,162,163.6300048828125,156.74310302734375,6130500,,
2024-4-25,164.0800018310547,164.6300048828125,161.72999572753906,163.3000030517578,156.42698669433594,6230700,,
2024-4-26,162.89999389648438,166.52000427246094,162.50999450683594,165.66000366210938,158.68765258789062,7141300,,
2024-4-29,165.1999969482422,169.27000427246094,165.1999969482422,169.1999969482422,162.07867431640625,6623900,,
2024-4-30,169.22999572753906,169.24000549316406,165.80999755859375,165.85000610351562,158.86968994140625,6914200,,
2024-5-1,164.50999450683594,169.63999938964844,163.7899932861328,164.11000061035156,157.20291137695312,13113600,,
2024-5-2,175.47000122070312,181.69000244140625,175.2899932861328,180.10000610351562,172.51991271972656,25894800,,
2024-5-3,182.24000549316406,183.19000244140625,177.8000030517578,179.63999938964844,172.0792694091797,10043900,,
2024-5-6,181.91000366210938,182.39999389648438,180.39999389648438,181.85000610351562,174.1962432861328,6980100,,
2024-5-7,182.4499969482422,184.30999755859375,179.22000122070312,180.14999389648438,172.5677947998047,8011100,,
2024-5-8,176.72999572753906,180.7899932861328,176.6199951171875,180.5500030517578,172.95098876953125,6242600,,
2024-5-9,181,181.7100067138672,179.44000244140625,180.5399932861328,172.94137573242188,5513500,,
2024-5-10,182,183.5500030517578,181.24000549316406,182.0800018310547,174.4165496826172,4702500,,
2024-5-13,183.17999267578125,184.72999572753906,182.89999389648438,184.2100067138672,176.45692443847656,6384800,,
2024-5-14,184.50999450683594,189.2899932861328,184.49000549316406,188.97000122070312,181.01657104492188,7713400,,
2024-5-15,190.00999450683594,196.0800018310547,190,194.61000061035156,186.419189453125,11349100,,
2024-5-16,195,195.6300048828125,192.77999877929688,193.27000427246094,185.13560485839844,8173400,,
2024-5-17,192.89999389648438,195.44000244140625,191.8699951171875,193.86000061035156,185.70079040527344,5799700,,
2024-5-20,194,199.99000549316406,193.27999877929688,197.75999450683594,189.4366455078125,8879700,,
2024-5-21,196.00999450683594,201.97999572753906,195.75999450683594,200.85000610351562,192.39659118652344,11498800,,
2024-5-22,202.92999267578125,204.83999633789062,201.6999969482422,202.92999267578125,194.3890380859375,11170100,,
2024-5-23,205.8800048828125,207.9499969482422,199.4199981689453,201.75999450683594,193.2682647705078,14475100,,
2024-5-24,203.88999938964844,211.3000030517578,203.55999755859375,210.36000061035156,201.5063018798828,13809900,,
2024-5-28,217.22999572753906,217.42999267578125,211.3000030517578,213.0800018310547,204.11183166503906,12485400,,
2024-5-29,208.64999389648438,210.66000366210938,206.6999969482422,208.25999450683594,199.4947052001953,12552500,,
2024-5-30,208,209.3699951171875,203.82000732421875,204.8000030517578,196.98431396484375,12245300,0.85,
2024-5-31,208,209.0500030517578,198.7100067138672,204.0500030517578,196.26292419433594,15064900,,
2024-6-3,209.55999755859375,210.97999572753906,202.41000366210938,205.91000366210938,198.05194091796875,12419500,,
2024-6-4,205.91000366210938,206.22999572753906,201.66000366210938,204.3699951171875,196.57070922851562,6629100,,
2024-6-5,206.92999267578125,212.5,205.3699951171875,211.89999389648438,203.81332397460938,11626300,,
2024-6-6,211.89999389648438,212.24000549316406,208.7899932861328,209.44000244140625,201.44723510742188,7597200,,
2024-6-7,209.72999572753906,209.8000030517578,204.88999938964844,206.6199951171875,198.73484802246094,5714400,,
2024-6-10,205.2899932861328,210.5800018310547,204.55999755859375,209.35000610351562,201.36065673828125,6465100,,
2024-6-11,207.14999389648438,209.4499969482422,204.77999877929688,208.52000427246094,200.56234741210938,8197500,,
2024-6-12,212.5,215.6199951171875,210.8800048828125,215.38999938964844,207.17015075683594,9502800,,
2024-6-13,216.36000061035156,218.36000061035156,213.00999450683594,217.80999755859375,209.497802734375,10102800,,
2024-6-14,217.63999938964844,218.0500030517578,213.64999389648438,215.3300018310547,207.11245727539062,6438200,,
2024-6-17,217.08999633789062,222.6699981689453,213.39999389648438,222.22000122070312,213.73951721191406,12109100,,
2024-6-18,226.82000732421875,230.6300048828125,226,227.08999633789062,218.4236602783203,22037500,,
2024-6-20,224.1999969482422,225.89999389648438,212.83999633789062,215.47000122070312,207.2471160888672,18701200,,
2024-6-21,211.75999450683594,215.47000122070312,209.41000366210938,212.52999877929688,204.41929626464844,22286500,,
2024-6-24,206.91000366210938,207.02999877929688,200.24000549316406,200.83999633789062,193.1754150390625,16087700,,
2024-6-25,203.13999938964844,203.14999389648438,199.1699981689453,202.1699981689453,194.4546661376953,11974900,,
2024-6-26,200.30999755859375,201.14999389648438,195.6999969482422,197.3300018310547,189.7993927001953,10023800,,
2024-6-27,196.8699951171875,198.57000732421875,193.83999633789062,195.14999389648438,187.70254516601562,11936600,,
2024-6-28,196,203.94000244140625,195.61000061035156,199.17999267578125,191.5787811279297,15547500,,
2024-7-1,199.47000122070312,200.6699981689453,196.0800018310547,200.02999877929688,192.39634704589844,6800600,,
2024-7-2,198.25,200.47999572753906,197.08999633789062,200.16000366210938,192.5213623046875,5632900,,
2024-7-3,202.67999267578125,204.86000061035156,200.44000244140625,203.80999755859375,196.03208923339844,4996200,,
2024-7-5,205.85000610351562,206.75,203.97999572753906,205.75,197.89804077148438,6375200,,
2024-7-8,207.24000549316406,210.44000244140625,206.14999389648438,207.88999938964844,199.95639038085938,6920400,,
2024-7-9,206.47999572753906,208.5500030517578,204.66000366210938,207.1199951171875,199.2157745361328,5272600,,
2024-7-10,208.74000549316406,209.24000549316406,206.55999755859375,208.8000030517578,200.8316650390625,5159400,,
2024-7-11,210.02000427246094,210.1300048828125,199.77000427246094,199.85000610351562,192.2231903076172,8602200,,
2024-7-12,201.66000366210938,206.0800018310547,200.25,202.42999267578125,194.70474243164062,7217200,,
2024-7-15,203,209.24000549316406,202.7899932861328,208.17999267578125,200.23532104492188,7463700,,
2024-7-16,210,211.08999633789062,206.6199951171875,209.63999938964844,201.6395721435547,5998500,,
2024-7-17,199.72999572753906,200,190.55999755859375,191.60000610351562,184.28805541992188,16156200,,
2024-7-18,193.77999877929688,193.89999389648438,186.9499969482422,191.4600067138672,184.15341186523438,9960600,,
2024-7-19,191.69000244140625,193.08999633789062,185.75999450683594,186.2100067138672,179.10374450683594,9195700,,
2024-7-22,191,195.5,189.0500030517578,194.97000122070312,187.5294647216797,7590000,,
2024-7-23,194.1999969482422,196.24000549316406,192.14999389648438,193.35000610351562,185.9712677001953,5796700,,
2024-7-24,189.33999633789062,189.61000061035156,180.69000244140625,181.07000732421875,174.159912109375,13295300,,
2024-7-25,179.6199951171875,180.24000549316406,173.27000427246094,175.38999938964844,168.69667053222656,12700100,,
2024-7-26,179.00999450683594,181.3000030517578,177.57000732421875,180.0500030517578,173.1788330078125,6567800,,
2024-7-29,181.5,182.63999938964844,177.85000610351562,178.63999938964844,171.82261657714844,6051600,,
2024-7-30,179.33999633789062,179.39999389648438,166.77000427246094,166.94000244140625,160.5691375732422,15338900,,
2024-7-31,175.5800018310547,181.0800018310547,173.41000366210938,180.9499969482422,174.04446411132812,19222200,,
2024-8-1,171.75999450683594,176.97000122070312,161.3300018310547,164,157.7413330078125,24795000,,
2024-8-2,160.52000427246094,164.25999450683594,157.52999877929688,159.30999755859375,153.2303009033203,16618900,,
2024-8-5,153.27000427246094,162.82000732421875,151.38999938964844,157.9499969482422,151.92221069335938,12733900,,
2024-8-6,158.4199981689453,163.6300048828125,156.5,158.72000122070312,152.66285705566406,9301000,,
2024-8-7,163.5800018310547,164.32000732421875,155.5,156.1199951171875,150.1620330810547,9266900,,
2024-8-8,160.74000549316406,165.58999633789062,157.8699951171875,164.9499969482422,158.6550750732422,9590900,,
2024-8-9,164.07000732421875,165.88999938964844,161.97999572753906,164.47999572753906,158.2030029296875,4824600,,
2024-8-12,160.55999755859375,163.38999938964844,157.4199981689453,162.88999938964844,156.67369079589844,8548000,,
2024-8-13,164.3000030517578,169.55999755859375,163.27999877929688,169.47000122070312,163.0025634765625,11102100,,
2024-8-14,170.63999938964844,171.25999450683594,164.72000122070312,167.14999389648438,160.77110290527344,7208200,,
2024-8-15,171.75,174.63999938964844,170.61000061035156,173.33999633789062,166.7248992919922,10752100,,
2024-8-16,172.2899932861328,173.3800048828125,170.6300048828125,172.17999267578125,165.6091766357422,5435700,,
2024-8-19,171.57000732421875,174.32000732421875,168.74000549316406,174.25999450683594,167.6097869873047,6708100,,
2024-8-20,173.86000061035156,175.42999267578125,171.14999389648438,172.11000061035156,165.54183959960938,6222400,,
2024-8-21,172.99000549316406,174.8699951171875,172.0800018310547,174.22000122070312,167.5713348388672,6309500,,
2024-8-22,174.3000030517578,174.58999633789062,168.3800048828125,169,162.55052185058594,6743500,,
2024-8-23,171.75999450683594,174.6199951171875,170.6300048828125,173.5,166.87879943847656,6823600,,
2024-8-26,171.97000122070312,172.3800048828125,168.52999877929688,169.49000549316406,163.02183532714844,7437600,,
2024-8-27,169.1699981689453,174.44000244140625,168.27000427246094,173.92999267578125,167.29237365722656,6498800,,
2024-8-28,174.3800048828125,175.72000122070312,169.6300048828125,171.85000610351562,165.29176330566406,6534600,,
2024-8-29,173.4199981689453,176.36000061035156,168.92999267578125,169.49000549316406,163.02183532714844,12514200,,
2024-8-30,172.2899932861328,175.4600067138672,170.8000030517578,175.3000030517578,168.610107421875,11110800,,
2024-9-3,171.88999938964844,172.16000366210938,162,163.24000549316406,157.01034545898438,11620300,,
2024-9-4,163,168.24000549316406,162.6300048828125,165.3300018310547,159.02056884765625,6737000,,
2024-9-5,163.0800018310547,165.8000030517578,161.85000610351562,163.6999969482422,158.26646423339844,5600000,0.85,
2024-9-6,162.74000549316406,163.19000244140625,157.1300048828125,158.19000244140625,152.93936157226562,10703000,,
2024-9-9,161.08999633789062,162.3699951171875,158.57000732421875,160.77000427246094,155.43373107910156,7494900,,
2024-9-10,160,162.05999755859375,157.67999267578125,161.67999267578125,156.31350708007812,7918100,,
2024-9-11,162.36000061035156,166.89999389648438,159.25,166.55999755859375,161.03155517578125,8275400,,
2024-9-12,165.8800048828125,166.30999755859375,162.89999389648438,164.97999572753906,159.50396728515625,6039200,,
2024-9-13,165.80999755859375,168.3000030517578,165.44000244140625,167.72999572753906,162.1627197265625,4049900,,
2024-9-16,164.92999267578125,167.33999633789062,163.7899932861328,166.61000061035156,161.07986450195312,6510000,,
2024-9-17,168.8800048828125,169.5,166.0800018310547,168.6999969482422,163.1005096435547,5828000,,
2024-9-18,169.52000427246094,172.4199981689453,167.6999969482422,168.3000030517578,162.7137908935547,5877600,,
2024-9-19,174.4199981689453,176.8000030517578,172.49000549316406,173.9199981689453,168.14724731445312,10900000,,
2024-9-20,172.69000244140625,173.07000732421875,164.3000030517578,168.9199981689453,163.31321716308594,27546400,,
2024-9-23,168.4199981689453,169.97999572753906,165.35000610351562,165.9600067138672,160.4514617919922,9810000,,
2024-9-24,167.4199981689453,169.36000061035156,165.97999572753906,166.9499969482422,161.40859985351562,9666800,,
2024-9-25,166.27999877929688,168.58999633789062,165.75999450683594,168.27000427246094,162.68479919433594,5095500,,
2024-9-26,174.91000366210938,175.75,166.77999877929688,172.66000366210938,166.92906188964844,8475000,,
2024-9-27,173,173.4499969482422,169.8300018310547,170.1300048828125,164.48304748535156,5880700,,
2024-9-30,171.3699951171875,172.22999572753906,167.75,170.0500030517578,164.40570068359375,8099700,,
2024-10-1,169.8000030517578,170.2899932861328,164.0800018310547,165.77999877929688,160.2774200439453,8277600,,
2024-10-2,166.14999389648438,169.75,165.14999389648438,168.32000732421875,162.73312377929688,4484600,,
2024-10-3,165.9499969482422,169.52999877929688,165.66000366210938,168.9199981689453,163.31321716308594,6260200,,
2024-10-4,172.5500030517578,172.8000030517578,166.47999572753906,168.89999389648438,163.29388427734375,6586500,,
2024-10-7,167.63999938964844,168.72000122070312,165.74000549316406,166.94000244140625,161.39892578125,4359300,,
2024-10-8,164.86000061035156,167.72000122070312,163.66000366210938,166.33999633789062,160.81883239746094,7843500,,
2024-10-9,165.9499969482422,170.3000030517578,164.6699981689453,170.22000122070312,164.570068359375,5486500,,
2024-10-10,167.22999572753906,168.75,165.3300018310547,168.52000427246094,162.92648315429688,5048000,,
2024-10-11,168,170.42999267578125,166.8699951171875,169.97999572753906,164.3380126953125,3801400,,
2024-10-14,171.33999633789062,178.8699951171875,170.89999389648438,178.0399932861328,172.13050842285156,9933600,,
2024-10-15,177.22000122070312,179.8300018310547,172.75,174.08999633789062,168.3115997314453,12910400,,
2024-10-16,174.6199951171875,174.6699981689453,170.22000122070312,171.47999572753906,165.78823852539062,6495700,,
2024-10-17,175.6199951171875,175.6199951171875,171.02000427246094,171.10000610351562,165.42086791992188,6093200,,
2024-10-18,172.11000061035156,172.5800018310547,169.4199981689453,170.9199981689453,165.24684143066406,6432700,,
2024-10-21,169.63999938964844,170.1699981689453,166.07000732421875,169.00999450683594,163.40020751953125,7297700,,
2024-10-22,169.00999450683594,173.47999572753906,168.22999572753906,173.17999267578125,167.4318084716797,7313000,,
2024-10-23,169.33999633789062,172.63999938964844,164.3000030517578,166.60000610351562,161.07022094726562,9788200,,
2024-10-24,166.61000061035156,168.94000244140625,165.52999877929688,168.10000610351562,162.5204315185547,4933400,,
2024-10-25,170.27999877929688,173.17999267578125,169.80999755859375,170.27000427246094,164.618408203125,5496600,,
2024-10-28,169.4199981689453,173.14999389648438,169.3699951171875,172.22000122070312,166.50367736816406,5024600,,
2024-10-29,172.1999969482422,176.57000732421875,171.25999450683594,176,170.158203125,6427700,,
2024-10-30,169.9199981689453,171.74000549316406,167.52999877929688,167.6199951171875,162.05638122558594,8819700,,
2024-10-31,167.6199951171875,167.77999877929688,162.0800018310547,162.77000427246094,157.36734008789062,10261200,,
2024-11-1,163.0800018310547,166.0800018310547,162.77000427246094,165.27000427246094,159.78436279296875,6498100,,
2024-11-4,165.05999755859375,167.5,163.63999938964844,165.17999267578125,159.69735717773438,4949800,,
2024-11-5,165,167.58999633789062,164.25,165.91000366210938,160.40313720703125,5373200,,
2024-11-6,169.25,178.4499969482422,168.6699981689453,172.99000549316406,167.2481231689453,17661900,,
2024-11-7,180.27000427246094,182.10000610351562,171.6300048828125,172.91000366210938,167.1707763671875,23586300,,
2024-11-8,172.08999633789062,173.49000549316406,168.75,170.91000366210938,165.23715209960938,10736600,,
2024-11-11,170,170.7899932861328,166.08999633789062,168.2899932861328,162.7041015625,7829500,,
2024-11-12,167.0500030517578,167.3300018310547,161.86000061035156,163.41000366210938,157.98611450195312,8483300,,
2024-11-13,162.7899932861328,162.94000244140625,159.75,160.4199981689453,155.0953369140625,7921700,,
2024-11-14,162.9499969482422,164.91000366210938,161.8699951171875,163.97000122070312,158.52749633789062,7012600,,
2024-11-15,163,164.3300018310547,159.60000610351562,160.5,155.17269897460938,9737000,,
2024-11-18,162.60000610351562,165.13999938964844,162,164.5,159.0399169921875,7814200,,
2024-11-19,164.02999877929688,166.22999572753906,162.64999389648438,164.7100067138672,159.24295043945312,6176800,,
2024-11-20,164,164.1999969482422,152.9499969482422,154.27000427246094,149.14947509765625,14483000,,
2024-11-21,155.16000366210938,156.94000244140625,153.58999633789062,155.4600067138672,150.2999725341797,10685800,,
2024-11-22,154.7899932861328,156.8800048828125,153.72999572753906,156.7899932861328,151.5858154296875,5709300,,
2024-11-25,158.94000244140625,159.64999389648438,157.22000122070312,158.82000732421875,153.54844665527344,9189800,,
2024-11-26,159.75,161.47000122070312,156.08999633789062,156.92999267578125,151.72119140625,9489900,,
2024-11-27,156.92999267578125,157.64999389648438,154.4600067138672,156.39999389648438,151.20877075195312,6337900,,
2024-11-29,158.11000061035156,161.52000427246094,157.75,158.52999877929688,153.26806640625,6112000,,
2024-12-2,158.3800048828125,163.3699951171875,158.3800048828125,163.02999877929688,157.6187286376953,9812700,,
2024-12-3,161.5,163.86000061035156,161.32000732421875,162.5800018310547,157.18365478515625,6961400,,
2024-12-4,164.47999572753906,165,162.24000549316406,163.33999633789062,157.9184112548828,6721600,,
2024-12-5,162.58999633789062,164.4499969482422,159.92999267578125,160.38999938964844,155.87750244140625,7279800,0.85,
2024-12-6,160.38999938964844,160.38999938964844,157.24000549316406,159.50999450683594,155.0222625732422,9918400,,
2024-12-9,157.47999572753906,162.92999267578125,157.47000122070312,160.74000549316406,156.21766662597656,9481200,,
2024-12-10,160.77000427246094,161.49000549316406,156.0399932861328,156.4600067138672,152.05807495117188,8683600,,
2024-12-11,157.2899932861328,160.4600067138672,156.97000122070312,159.8300018310547,155.333251953125,7081800,,
2024-12-12,158.6699981689453,159.4600067138672,156.9199981689453,158.24000549316406,153.78799438476562,5796100,,
2024-12-13,158.24000549316406,159.67999267578125,156.6199951171875,158.52999877929688,154.06982421875,8886700,,
2024-12-16,158.16000366210938,158.7100067138672,154.02000427246094,157.88999938964844,153.44784545898438,9951100,,
2024-12-17,156.49000549316406,159.97999572753906,156.49000549316406,157.9199981689453,153.4770050048828,7187400,,
2024-12-18,158.25,161.16000366210938,152.32000732421875,153.0500030517578,148.7440185546875,10295200,,
2024-12-19,154.02999877929688,155.47000122070312,150.05999755859375,150.39999389648438,146.16856384277344,8414800,,
2024-12-20,149.5800018310547,154.57000732421875,149.42999267578125,152.88999938964844,148.5885009765625,17347100,,
2024-12-23,155.66000366210938,158.69000244140625,154.5500030517578,158.24000549316406,153.78799438476562,8863200,,
2024-12-24,158.63999938964844,159.39999389648438,157.5399932861328,159.36000061035156,154.87649536132812,2839600,,
2024-12-26,157.39999389648438,159.55999755859375,157.35000610351562,158.52999877929688,154.06982421875,3846900,,
2024-12-27,157.19000244140625,157.75,155.52000427246094,157.24000549316406,152.81613159179688,7232500,,
2024-12-30,155.22999572753906,156.1300048828125,153.8000030517578,154.5800018310547,150.23097229003906,5356000,,
2024-12-31,154.72000122070312,155.83999633789062,153.2100067138672,153.6199951171875,149.29795837402344,4423300,,
2025-1-2,155.00999450683594,157.50999450683594,152.7899932861328,153.63999938964844,149.31741333007812,5009100,,
2025-1-3,155.4199981689453,158.44000244140625,154.49000549316406,157.8300018310547,153.3895263671875,5885800,,
2025-1-6,159.3300018310547,165.6699981689453,159.3300018310547,159.85000610351562,155.35269165039062,9599800,,
2025-1-7,162,163.4499969482422,159.25,160.52000427246094,156.00384521484375,7666000,,
2025-1-8,160.0500030517578,160.19000244140625,156.94000244140625,159.0800018310547,154.60435485839844,7731900,,
2025-1-10,157.6999969482422,158.27999877929688,155.5500030517578,156.97999572753906,152.5634307861328,6236800,,
2025-1-13,155.22000122070312,157.3699951171875,154.8000030517578,157.1300048828125,152.70921325683594,5714700,,
2025-1-14,160.13999938964844,161.00999450683594,156.55999755859375,159.52999877929688,155.04168701171875,6476500,,
2025-1-15,162.10000610351562,165.4499969482422,162.08999633789062,164.41000366210938,159.78439331054688,9284000,,
2025-1-16,165.35000610351562,165.83999633789062,161.27999877929688,161.42999267578125,156.8882293701172,7188900,,
2025-1-17,165.3800048828125,165.61000061035156,163.10000610351562,164.55999755859375,159.93017578125,8097500,,
2025-1-21,166,168.67999267578125,165.35000610351562,167.27000427246094,162.56393432617188,7380500,,
2025-1-22,168.32000732421875,172.08999633789062,168.19000244140625,170.24000549316406,165.45037841796875,7281700,,
2025-1-23,170.3800048828125,174.3800048828125,169.3800048828125,174.36000061035156,169.45448303222656,7172300,,
2025-1-24,175.10000610351562,175.1999969482422,171.94000244140625,172.11000061035156,167.26776123046875,5825800,,
2025-1-27,172.10000610351562,172.1999969482422,167.27999877929688,171.17999267578125,166.36392211914062,15632600,,
2025-1-28,170.22000122070312,173.49000549316406,169.80999755859375,171.5500030517578,166.7235107421875,8720200,,
2025-1-29,171.5500030517578,173.49000549316406,170.22000122070312,171.7100067138672,166.87901306152344,5118900,,
2025-1-30,172.33999633789062,173.5399932861328,170.97000122070312,171.92999267578125,167.0928192138672,6010600,,
2025-1-31,172.50999450683594,176.7899932861328,172.2899932861328,172.92999267578125,168.06466674804688,7800500,,
2025-2-3,168.8800048828125,172.5800018310547,168.05999755859375,170.24000549316406,165.45037841796875,7447100,,
2025-2-4,168.5,173.7899932861328,168.5,173.0399932861328,168.17156982421875,5457900,,
2025-2-5,173,177,169.89999389648438,175.86000061035156,170.91226196289062,15197800,,
2025-2-6,167.83999633789062,169.49000549316406,165.39999389648438,169.32000732421875,164.5562744140625,16293500,,
2025-2-7,169.8300018310547,171.3000030517578,166.05999755859375,167.9600067138672,163.23452758789062,7841700,,
2025-2-10,169.72999572753906,171.8000030517578,169,171.36000061035156,166.5388641357422,6237700,,
2025-2-11,169.64999389648438,172.6999969482422,169.11000061035156,171.99000549316406,167.15115356445312,6588100,,
2025-2-12,169.5500030517578,170.92999267578125,168.24000549316406,170.2899932861328,165.49896240234375,5505700,,
2025-2-13,170.19000244140625,172.36000061035156,169.47000122070312,172.14999389648438,167.30662536621094,6362200,,
2025-2-14,172.60000610351562,172.82000732421875,171.0399932861328,172.22999572753906,167.3843994140625,4691300,,
2025-2-18,173.25999450683594,173.72000122070312,171.24000549316406,173.63999938964844,168.75473022460938,7292600,,
2025-2-19,173.99000549316406,176.5,173.35000610351562,175.22000122070312,170.29025268554688,6849600,,
2025-2-20,176,176.38999938964844,172.89999389648438,173.6999969482422,168.8130340576172,6316400,,
2025-2-21,174.97999572753906,175.42999267578125,165.2100067138672,165.42999267578125,160.7756805419922,12531900,,
2025-2-24,165.91000366210938,166.58999633789062,160.99000549316406,161.10000610351562,156.56753540039062,9827800,,
2025-2-25,161.66000366210938,163.3300018310547,159.44000244140625,161.22000122070312,156.6841583251953,8244900,,
2025-2-26,161.8300018310547,164.13999938964844,160.92999267578125,162.10000610351562,157.53941345214844,9161900,,
2025-2-27,162.33999633789062,163.25,154.10000610351562,154.44000244140625,150.0949249267578,10807200,,
2025-2-28,155.10000610351562,157.30999755859375,153.39999389648438,157.1699981689453,152.74807739257812,10149500,,
2025-3-3,158.99000549316406,160.0800018310547,152.52000427246094,153.6199951171875,149.29795837402344,9601900,,
2025-3-4,155.27000427246094,157.1999969482422,151.35000610351562,154.4600067138672,150.1143341064453,8956800,,
2025-3-5,155.0399932861328,159.14999389648438,153.02999877929688,158.49000549316406,154.0309600830078,6786900,,
2025-3-6,154.11000061035156,157.8800048828125,154.08999633789062,156.0399932861328,152.4675750732422,7808100,0.85,
2025-3-7,155.22000122070312,161.82000732421875,155.22000122070312,161.22000122070312,157.52899169921875,8727600,,
2025-3-10,157.35000610351562,159.25999450683594,152.61000061035156,154.97999572753906,151.43185424804688,10139900,,
2025-3-11,154.85000610351562,156.22999572753906,150.86000061035156,153.10000610351562,149.5948944091797,8692900,,
2025-3-12,154.2100067138672,155.86000061035156,151.9199981689453,152.8000030517578,149.30177307128906,7117400,,
2025-3-13,152.60000610351562,155.6300048828125,150.4199981689453,151.94000244140625,148.46145629882812,5861700,,
2025-3-14,153.55999755859375,156.9499969482422,153.5399932861328,156.5800018310547,152.99520874023438,5309400,,
2025-3-17,155.60000610351562,158.72000122070312,155.44000244140625,157.9499969482422,154.33384704589844,5781000,,
2025-3-18,157.9499969482422,159.72999572753906,155.9199981689453,156.2899932861328,152.71185302734375,6898400,,
2025-3-19,156.42999267578125,160.50999450683594,155.05999755859375,158.25999450683594,154.63674926757812,5871000,,
2025-3-20,158,159.1199951171875,156.52000427246094,157.9499969482422,154.33384704589844,5089300,,
2025-3-21,154.97999572753906,157.4199981689453,153.55999755859375,156.82000732421875,153.229736328125,10949300,,
2025-3-24,160,161,158.8000030517578,160.0800018310547,156.41510009765625,6033400,,
2025-3-25,159.8800048828125,161.47000122070312,159.4199981689453,160.14999389648438,156.4834747314453,3978200,,
2025-3-26,159.4499969482422,160.80999755859375,156.85000610351562,158.38999938964844,154.76377868652344,5960300,,
2025-3-27,158.2100067138672,159.25,155.75,157.97000122070312,154.35340881347656,6102000,,
2025-3-28,156.9199981689453,157.63999938964844,151.55999755859375,152.72000122070312,149.2235870361328,8918000,,
2025-3-31,150.80999755859375,153.85000610351562,147.8800048828125,153.61000061035156,150.0932159423828,8613600,,
2025-4-1,152.38999938964844,153.32000732421875,150.25999450683594,153.0500030517578,149.54605102539062,5708900,,
2025-4-2,150.7899932861328,155.4600067138672,150.3699951171875,154.0800018310547,150.55245971679688,5377200,,
2025-4-3,147,147.39999389648438,138.55999755859375,139.4199981689453,136.22808837890625,16465000,,
2025-4-4,134.33999633789062,135.86000061035156,126.68000030517578,127.45999908447266,124.54190826416016,19018600,,
2025-4-7,124.58999633789062,137.1999969482422,120.80000305175781,129.72000122070312,126.75016021728516,17938300,,
2025-4-8,131.1300048828125,135.2899932861328,121.73999786376953,124.66000366210938,121.8060073852539,14965900,,
2025-4-9,125.16000366210938,144.86000061035156,124.19000244140625,143.58999633789062,140.30262756347656,21242600,,
2025-4-10,137.00999450683594,139.05999755859375,129.2899932861328,134.39999389648438,131.32301330566406,14898800,,
2025-4-11,134,140.64999389648438,131.11000061035156,139.25,136.06198120117188,10955300,,
2025-4-14,142.75,143.11000061035156,136.8300018310547,139.19000244140625,136.0033721923828,6930300,,
2025-4-15,139.4600067138672,140.83999633789062,138.02999877929688,138.60000610351562,135.42684936523438,6346800,,
2025-4-16,133.67999267578125,137.30999755859375,131.7899932861328,135.74000549316406,132.63235473632812,10417200,,
2025-4-17,137.3800048828125,138.14999389648438,135.7100067138672,136.66000366210938,133.5312957763672,7135900,,
2025-4-21,134.72999572753906,136.5500030517578,133.36000061035156,136.13999938964844,133.02317810058594,8128300,,
2025-4-22,136.75,139.10000610351562,136.49000549316406,138.74000549316406,135.5636749267578,8228000,,
2025-4-23,142.5800018310547,143.8800048828125,139.77999877929688,140.4600067138672,137.24429321289062,9073500,,
2025-4-24,142.77999877929688,147.82000732421875,141.99000549316406,147.2100067138672,143.83975219726562,8810600,,
2025-4-25,146.0800018310547,149.1999969482422,146.0800018310547,148.55999755859375,145.15882873535156,5145600,,
2025-4-28,148.17999267578125,149.3000030517578,145.44000244140625,147.6199951171875,144.2403564453125,5743500,,
2025-4-29,146.66000366210938,148.25999450683594,145.52000427246094,146.8800048828125,143.5172882080078,6692000,,
2025-4-30,145.1999969482422,148.85000610351562,143.8800048828125,148.4600067138672,145.06114196777344,10851900,,
2025-5-1,138.7899932861328,138.9600067138672,134.8699951171875,135.2100067138672,132.11447143554688,22836600,,
2025-5-2,137.85000610351562,141.41000366210938,137.2899932861328,139.80999755859375,136.60914611816406,13185600,,
2025-5-5,138.3000030517578,140.77000427246094,138.2899932861328,139.44000244140625,136.2476348876953,7165300,,
2025-5-6,137.82000732421875,140.8000030517578,137.4600067138672,139.89999389648438,136.6970977783203,6957900,,
2025-5-7,140.3800048828125,144.6999969482422,140.25,144.3000030517578,140.99636840820312,10196400,,
2025-5-8,145.63999938964844,147.5,143.88999938964844,145.10000610351562,141.77804565429688,8489100,,
2025-5-9,145.66000366210938,146.97999572753906,144.60000610351562,145.17999267578125,141.85621643066406,6217100,,
2025-5-12,154.0800018310547,154.36000061035156,149.8300018310547,152.1199951171875,148.63734436035156,11414600,,
2025-5-13,152.00999450683594,153.2899932861328,150.9600067138672,151.33999633789062,147.8751983642578,10160900,,
2025-5-14,151.92999267578125,153.27000427246094,150.42999267578125,152.97999572753906,149.47763061523438,6971200,,
2025-5-15,151.7100067138672,153.38999938964844,150.17999267578125,152.61000061035156,149.11610412597656,6941200,,
2025-5-16,152.8699951171875,153.05999755859375,151.3000030517578,152.5,149.00863647460938,6668000,,
2025-5-19,150.5500030517578,153.82000732421875,150.11000061035156,153.6999969482422,150.18113708496094,7241100,,
2025-5-20,153.0399932861328,153.88999938964844,151.92999267578125,153.82000732421875,150.29843139648438,5269500,,
2025-5-21,153.5800018310547,156.1300048828125,150.8300018310547,151.30999755859375,147.84588623046875,9684500,,
2025-5-22,151.38999938964844,151.5800018310547,147.22000122070312,147.3699951171875,143.99609375,9539100,,
2025-5-23,143.4199981689453,146.49000549316406,141.77000427246094,145.3800048828125,142.0516357421875,8994600,,
2025-5-27,147.5500030517578,149.35000610351562,146.42999267578125,148.6300048828125,145.22723388671875,9788800,,
2025-5-28,148.82000732421875,149.49000549316406,147.36000061035156,147.60000610351562,144.2208251953125,7032300,,
2025-5-29,149.86000061035156,150.5,147.24000549316406,148.33999633789062,144.94387817382812,5980700,,
2025-5-30,148,148.02000427246094,143.47999572753906,145.1999969482422,141.87576293945312,13755600,,
2025-6-2,144.8000030517578,147.2100067138672,144.47999572753906,146.6300048828125,143.2730255126953,6419500,,
2025-6-3,146.7100067138672,149.77999877929688,145.50999450683594,148.94000244140625,145.53013610839844,6164100,,
2025-6-4,150,150.0500030517578,147.3800048828125,149.0500030517578,145.6376190185547,7143800,,
2025-6-5,148.8000030517578,150.0800018310547,147,147.55999755859375,145.04783630371094,5605500,0.89,
2025-6-6,149.8000030517578,150.58999633789062,149.0500030517578,149.24000549316406,146.69923400878906,5794700,,
2025-6-9,151.80999755859375,156.1199951171875,151.1699981689453,155.41000366210938,152.76419067382812,10589400,,
2025-6-10,156.19000244140625,159.50999450683594,155.07000732421875,159.1300048828125,156.42086791992188,9068400,,
2025-6-11,160,162.13999938964844,157.6999969482422,159.47999572753906,156.764892578125,8859900,,
2025-6-12,159,159.61000061035156,157.9499969482422,158.6999969482422,155.9981689453125,5689400,,
2025-6-13,156.33999633789062,157.1699981689453,154.44000244140625,154.72000122070312,152.0859375,8446400,,
2025-6-16,157.02999877929688,158.4499969482422,155.63999938964844,156.8699951171875,154.19932556152344,8686300,,
2025-6-17,156.64999389648438,157.5800018310547,154.38999938964844,154.4600067138672,151.8303680419922,7146900,,
2025-6-18,155,156.10000610351562,153.14999389648438,153.6300048828125,151.01451110839844,6708700,,
2025-6-20,154.22999572753906,155.1199951171875,150.6300048828125,151.32000732421875,148.7438201904297,15501900,,
2025-6-23,151.22999572753906,153.52000427246094,149.67999267578125,153.13999938964844,150.53282165527344,6860700,,
2025-6-24,154.72999572753906,156.3000030517578,154.14999389648438,155.7100067138672,153.05908203125,7692700,,
2025-6-25,156.10000610351562,156.52999877929688,154.58999633789062,155.92999267578125,153.27532958984375,5280100,,
2025-6-26,156.5,158.4199981689453,155.91000366210938,158.19000244140625,155.4968719482422,6278200,,
2025-6-27,158.64999389648438,161.10000610351562,157.57000732421875,158.5399932861328,155.8408966064453,22100300,,
2025-6-30,158.38999938964844,159.86000061035156,157.8000030517578,159.25999450683594,156.54864501953125,7988200,,
2025-7-1,158.22000122070312,161.64999389648438,157.97999572753906,159.39999389648438,156.68624877929688,8942300,,
2025-7-2,159.67999267578125,162.7899932861328,158.8000030517578,162.32000732421875,159.55654907226562,8916400,,
2025-7-3,163.0399932861328,163.9600067138672,162.08999633789062,162.2100067138672,159.44842529296875,4280800,,
2025-7-7,161.11000061035156,161.49000549316406,157.57000732421875,158.08999633789062,155.3985595703125,7187400,,
2025-7-8,159.47000122070312,161.8300018310547,158.61000061035156,159.4499969482422,156.7353973388672,6879100,,
2025-7-9,159.39999389648438,161.47999572753906,158.25,159.35000610351562,156.63711547851562,4190100,,
2025-7-10,158.99000549316406,160.2899932861328,157.7899932861328,159.08999633789062,156.38153076171875,5674400,,
2025-7-11,159,159.1699981689453,157.14999389648438,157.4600067138672,154.77928161621094,5907700,,
2025-7-14,156.4199981689453,156.5,153.47999572753906,154.2899932861328,151.6632537841797,7382600,,
2025-7-15,156.2899932861328,156.7100067138672,154.1199951171875,154.3000030517578,151.67308044433594,6467300,,
2025-7-16,154.3000030517578,154.5,151.5399932861328,154.07000732421875,151.44700622558594,7106700,,
2025-7-17,153,153.52999877929688,151.8000030517578,152.61000061035156,150.01185607910156,7018600,,
2025-7-18,153.0399932861328,155.42999267578125,152.72999572753906,154.8000030517578,152.16458129882812,7433900,,
2025-7-21,154.9199981689453,159.92999267578125,154.91000366210938,158.97000122070312,156.26358032226562,7662300,,
2025-7-22,158.9600067138672,159.0399932861328,156.1699981689453,157.99000549316406,155.30026245117188,6951600,,
2025-7-23,158.58999633789062,160.0399932861328,156.92999267578125,159.8800048828125,157.15809631347656,7296200,,
2025-7-24,158.35000610351562,159.08999633789062,156.7899932861328,158.83999633789062,156.13580322265625,5014800,,
2025-7-25,158.89999389648438,159.1999969482422,157.41000366210938,158.39999389648438,155.70327758789062,4808200,,
2025-7-28,159.75999450683594,161.9600067138672,159.16000366210938,161.0500030517578,158.3081817626953,9627300,,
2025-7-29,162.0399932861328,163.60000610351562,161.13999938964844,162.0800018310547,159.3206329345703,9460900,,
2025-7-30,163,163.27000427246094,158,159.05999755859375,156.35205078125,14382500,,
2025-7-31,153.11000061035156,156.8000030517578,145.5800018310547,146.75999450683594,144.26144409179688,24440100,,
2025-8-1,146.4600067138672,149.1699981689453,145.7899932861328,148.19000244140625,145.6671142578125,12706700,,
2025-8-4,148.50999450683594,150.7899932861328,147.07000732421875,147.50999450683594,144.99867248535156,8150200,,
2025-8-5,148.52000427246094,148.64999389648438,145.6699981689453,146.7100067138672,144.21231079101562,7794500,,
2025-8-6,146.64999389648438,146.7100067138672,144.11000061035156,145.83999633789062,143.35711669921875,8475700,,
2025-8-7,148.32000732421875,148.32000732421875,144.80999755859375,145.89999389648438,143.41607666015625,6753500,,
2025-8-8,146.35000610351562,148.02000427246094,145.69000244140625,147.55999755859375,145.04783630371094,5028700,,
2025-8-11,148.57000732421875,151.05999755859375,147.7100067138672,147.97000122070312,145.45086669921875,6215900,,
2025-8-12,148.7899932861328,153.89999389648438,148.57000732421875,153.72999572753906,151.11279296875,9304100,,
2025-8-13,153.97000122070312,157.11000061035156,153.6300048828125,156.58999633789062,153.92408752441406,7103300,,
2025-8-14,154.89999389648438,158.64999389648438,154.89999389648438,158.08999633789062,155.3985595703125,6294800,,
2025-8-15,158.0399932861328,159.25999450683594,156.69000244140625,157.85000610351562,155.16265869140625,7583700,,
2025-8-18,157.77999877929688,159.75,157.24000549316406,158.89999389648438,156.19476318359375,4774400,,
2025-8-19,159.07000732421875,159.42999267578125,156.0500030517578,156.25,153.5898895263672,6396500,,
2025-8-20,156.38999938964844,156.63999938964844,153.4600067138672,155.44000244140625,152.79367065429688,7151700,,
2025-8-21,154.82000732421875,155.1999969482422,153.0500030517578,154.1300048828125,151.5059814453125,4997300,,
2025-8-22,154.8300018310547,159.88999938964844,154.55999755859375,158.00999450683594,155.31991577148438,7711500,,
2025-8-25,157.61000061035156,158.0500030517578,155.39999389648438,156.4199981689453,153.75698852539062,4653000,,
2025-8-26,157.66000366210938,159.9600067138672,157.41000366210938,159.1699981689453,156.4601593017578,9173000,,
2025-8-27,158.36000061035156,159.97000122070312,157.8000030517578,159.77000427246094,157.0499725341797,4549900,,
2025-8-28,159.91000366210938,161.22000122070312,159.02999877929688,160.8000030517578,158.0624237060547,8156300,,
2025-8-29,159.52999877929688,161.60000610351562,159.39999389648438,160.72999572753906,157.99362182617188,9949100,,
2025-9-2,157.82000732421875,158.94000244140625,154.60000610351562,158.77999877929688,156.0768280029297,7520300,,
2025-9-3,159.39999389648438,159.57000732421875,156.05999755859375,157.27999877929688,154.6023406982422,6336400,,
2025-9-4,156.1999969482422,159.86000061035156,154.47000122070312,159.7100067138672,157.8843994140625,7781200,0.89,
2025-9-5,160.0800018310547,163.49000549316406,159.14999389648438,159.83999633789062,158.01290893554688,7954200,,
2025-9-8,160.2899932861328,160.2899932861328,158.00999450683594,160.24000549316406,158.40834045410156,7019700,,
2025-9-9,160.3699951171875,161.60000610351562,157.57000732421875,158.66000366210938,156.84640502929688,6126000,,
2025-9-10,158.6199951171875,159.2100067138672,156.61000061035156,158.9499969482422,157.13308715820312,8256900,,
2025-9-11,159.19000244140625,162.07000732421875,157.9600067138672,161.50999450683594,159.663818359375,8360200,,
2025-9-12,161.3300018310547,162.3300018310547,159.5800018310547,161.8300018310547,159.98016357421875,5430600,,
2025-9-15,161.39999389648438,162.67999267578125,160.2100067138672,161.22000122070312,159.37713623046875,5604800,,
2025-9-16,161.82000732421875,165,161.5,164.13999938964844,162.2637481689453,7997500,,
2025-9-17,164.67999267578125,166.3699951171875,163.22999572753906,165.25999450683594,163.37094116210938,6057800,,
2025-9-18,166.8800048828125,168.86000061035156,166.22999572753906,168.1300048828125,166.20816040039062,10421200,,
2025-9-19,169.1699981689453,169.5800018310547,166.2899932861328,166.85000610351562,164.9427947998047,19444400,,
2025-9-22,166.85000610351562,170.22000122070312,165.9199981689453,169.72000122070312,167.77996826171875,6196600,,
2025-9-23,169.82000732421875,170.85000610351562,168.3000030517578,169.52999877929688,167.59214782714844,5468400,,
2025-9-24,169.0500030517578,174.44000244140625,168.6699981689453,173.5500030517578,171.56619262695312,9213700,,
2025-9-25,171.2100067138672,171.97000122070312,167.94000244140625,169.67999267578125,167.7404327392578,8093700,,
2025-9-26,169.67999267578125,170.92999267578125,168.1300048828125,169.1999969482422,167.2659149169922,4846000,,
2025-9-29,169.1999969482422,169.83999633789062,164.75999450683594,165.3000030517578,163.41050720214844,7523100,,
2025-9-30,165.63999938964844,166.83999633789062,164.8800048828125,166.36000061035156,164.45838928222656,5593300,,
2025-10-1,165.8000030517578,166.77000427246094,164.49000549316406,166.49000549316406,164.5869140625,6153000,,
2025-10-2,167.75,169.5399932861328,167.17999267578125,168.85000610351562,166.919921875,5499500,,
2025-10-3,168.85000610351562,171.75,168.74000549316406,169.17999267578125,167.2461395263672,5137900,,
2025-10-6,170.5399932861328,170.8800048828125,167.72000122070312,168.6199951171875,166.6925506591797,8265800,,
2025-10-7,169.89999389648438,171.97999572753906,165.13999938964844,165.4600067138672,163.5686798095703,7147500,,
2025-10-8,166.24000549316406,168.5500030517578,163.88999938964844,167.77000427246094,165.85226440429688,7302200,,
2025-10-9,167.3699951171875,167.61000061035156,163.22999572753906,165.66000366210938,163.76638793945312,6928400,,
2025-10-10,164.82000732421875,165.08999633789062,153.35000610351562,153.58999633789062,151.8343505859375,15818600,,
2025-10-13,155.9499969482422,162.38999938964844,155.77999877929688,161.77999877929688,159.9307403564453,10311000,,
2025-10-14,159.3000030517578,164.27000427246094,159.25999450683594,161.74000549316406,159.89120483398438,8675200,,
2025-10-15,164.24000549316406,164.24000549316406,160.30999755859375,162.97000122070312,161.1071319580078,7334100,,
2025-10-16,164.49000549316406,165.19000244140625,162.2100067138672,164.0800018310547,162.20443725585938,5686700,,
2025-10-17,162.86000061035156,163.7899932861328,161.6699981689453,163.4499969482422,161.58163452148438,4833100,,
2025-10-20,163.33999633789062,167.64999389648438,162.05999755859375,167.0399932861328,165.13059997558594,8194100,,
2025-10-21,166.8000030517578,169.24000549316406,166.1999969482422,168.8300018310547,166.900146484375,6176100,,
2025-10-22,167.49000549316406,169.77999877929688,166.02000427246094,169.27000427246094,167.33511352539062,10083800,,
2025-10-23,168.3300018310547,171.25,167.8800048828125,170.02999877929688,168.08642578125,6546400,,
2025-10-24,171.69000244140625,172.4199981689453,168.47000122070312,168.94000244140625,167.00889587402344,6256000,,
2025-10-27,168.9499969482422,205.9499969482422,168.82000732421875,187.67999267578125,185.53468322753906,81799300,,
2025-10-28,183.92999267578125,185.91000366210938,179.41000366210938,181.02999877929688,178.960693359375,20323100,,
2025-10-29,182,183.49000549316406,178.1999969482422,178.6699981689453,176.62767028808594,11614600,,
2025-10-30,178.67999267578125,179.8800048828125,177.19000244140625,177.25999450683594,175.23377990722656,7862900,,
2025-10-31,178.52000427246094,182.14999389648438,176.8300018310547,180.89999389648438,178.83218383789062,9452800,,
2025-11-3,182.9499969482422,183.4499969482422,179.08999633789062,180.72000122070312,178.6542510986328,8535100,,
2025-11-4,177.47999572753906,179.33999633789062,172.2899932861328,172.83999633789062,170.8643035888672,12323600,,
2025-11-5,174.75999450683594,183.42999267578125,174.32000732421875,179.72000122070312,177.66567993164062,18845500,,
2025-11-6,177.8000030517578,178.50999450683594,170.05999755859375,173.1999969482422,171.22019958496094,16184700,,
2025-11-7,172.72999572753906,174.25,168.25,170.88999938964844,168.93661499023438,10614700,,
2025-11-10,173.75999450683594,174.8000030517578,169.5,171.57000732421875,169.6088409423828,10129300,,
2025-11-11,171,175.97999572753906,171,173.97999572753906,171.99127197265625,8419100,,
2025-11-12,175,177.4199981689453,174.8800048828125,176.6699981689453,174.65052795410156,8785800,,
2025-11-13,176.6300048828125,178.8300018310547,173.02999877929688,174.5,172.50534057617188,9526100,,
2025-11-14,171.77999877929688,175.69000244140625,171.39999389648438,173.97999572753906,171.99127197265625,7949900,,
2025-11-17,172.8000030517578,174.83999633789062,165.1699981689453,166.75,164.84393310546875,10211100,,
2025-11-18,164.88999938964844,166.7899932861328,161.38999938964844,165.05999755859375,163.17324829101562,11073200,,
2025-11-19,164.69000244140625,167.50999450683594,164.11000061035156,166.11000061035156,164.21124267578125,8176500,,
2025-11-20,167.1300048828125,168.8800048828125,158.85000610351562,159.58999633789062,157.76576232910156,12075400,,
2025-11-21,160.75,165.27000427246094,159.10000610351562,163.3000030517578,161.43336486816406,10815000,,
2025-11-24,164.3699951171875,166.94000244140625,163.72000122070312,165.05999755859375,163.17324829101562,12070100,,
2025-11-25,163.99000549316406,164.97000122070312,161.8699951171875,163.3000030517578,161.43336486816406,7758100,,
2025-11-26,164.1199951171875,166.25,163.14999389648438,165.13999938964844,163.2523193359375,7967700,,
2025-11-28,165.02999877929688,168.19000244140625,164.1300048828125,168.08999633789062,166.16859436035156,5068800,,
2025-12-1,165.91000366210938,169.02999877929688,165.5,168.0399932861328,166.11917114257812,6818300,,
2025-12-2,168.75,171.1699981689453,167.63999938964844,170.6999969482422,168.748779296875,9159100,,
2025-12-3,170.89999389648438,175.08999633789062,170.35000610351562,175.07000732421875,173.06883239746094,7624300,,
2025-12-4,174.3300018310547,174.92999267578125,173.22999572753906,174.35000610351562,173.2377471923828,7245000,0.89,
2025-12-5,174.74000549316406,177.25,174.5,174.80999755859375,173.69479370117188,8400100,,
2025-12-8,174.74000549316406,175.5,173.72000122070312,175.30999755859375,174.1916046142578,6690200,,
2025-12-9,174.5,176.35000610351562,172.32000732421875,176,174.87721252441406,7719100,,
2025-12-10,175.80999755859375,183.44000244140625,175.25,182.2100067138672,181.047607421875,11100100,,
2025-12-11,181.3699951171875,181.63999938964844,178.08999633789062,181.27000427246094,180.1136016845703,6319200,,
2025-12-12,181.25,183.11000061035156,177.8699951171875,178.2899932861328,177.152587890625,8865800,,
2025-12-15,179.72000122070312,180.30999755859375,176.38999938964844,179.25999450683594,178.1164093017578,6954700,,
2025-12-16,179.19000244140625,179.19000244140625,174.80999755859375,176.1199951171875,174.99644470214844,7136000,,
2025-12-17,176.1199951171875,177.47999572753906,172.0500030517578,172.33999633789062,171.2405548095703,8501900,,
2025-12-18,175.7100067138672,177.0800018310547,173.52999877929688,174.19000244140625,173.07876586914062,8967500,,
2025-12-19,174.44000244140625,177.19000244140625,174.1999969482422,175.25,174.13198852539062,25223500,,
2025-12-22,177.55999755859375,178.32000732421875,173.89999389648438,174.22000122070312,173.1085662841797,6422100,,
2025-12-23,173.61000061035156,175.27000427246094,173.50999450683594,174.75,173.6351776123047,4690400,,
2025-12-24,175.0399932861328,175.49000549316406,174.4199981689453,174.77000427246094,173.65505981445312,1645300,,
2025-12-26,175,175.5,174.35000610351562,174.80999755859375,173.69479370117188,2442800,,
2025-12-29,174.00999450683594,175.19000244140625,172.7899932861328,173.42999267578125,172.32359313964844,3978400,,
2025-12-30,174.05999755859375,174.39999389648438,173.33999633789062,173.64999389648438,172.5421905517578,3429300,,
2025-12-31,173.61000061035156,173.77999877929688,171.00999450683594,171.0500030517578,169.9587860107422,4682600,,
2026-1-2,173.8000030517578,174.67999267578125,172.1999969482422,172.97999572753906,171.87646484375,6532200,,
2026-1-5,175.4600067138672,178.85000610351562,174.00999450683594,176.30999755859375,175.1852264404297,8972200,,
2026-1-6,177.2100067138672,184.4499969482422,176.6199951171875,182.4499969482422,181.2860565185547,11033900,,
2026-1-7,182.38999938964844,184.07000732421875,177.11000061035156,180.19000244140625,179.0404815673828,9853000,,
2026-1-8,178.8000030517578,184.30999755859375,176.1999969482422,181.8699951171875,180.7097625732422,8353500,,
2026-1-9,178.1199951171875,179.44000244140625,174.8000030517578,177.77999877929688,176.64585876464844,9662200,,
2026-1-12,175.8800048828125,175.8800048828125,169.24000549316406,169.27000427246094,168.19015502929688,13657600,,
2026-1-13,166.97999572753906,168.35000610351562,164.97000122070312,165.2899932861328,164.23553466796875,9993300,,
2026-1-14,163.69000244140625,164.74000549316406,162.35000610351562,164.5399932861328,163.4903106689453,7959900,,
2026-1-15,166.4499969482422,166.5,161.02999877929688,161.38999938964844,160.36041259765625,9241600,,
2026-1-16,161.38999938964844,161.6999969482422,159.2100067138672,159.4199981689453,158.40298461914062,11990800,,
2026-1-20,154.9499969482422,157.72000122070312,153.25,154.07000732421875,153.0871124267578,11971400,,
2026-1-21,156.3300018310547,157.52999877929688,154.6199951171875,156.3699951171875,155.3724365234375,9181900,,
2026-1-22,158.47000122070312,159.42999267578125,156.80999755859375,157.8000030517578,156.79331970214844,7450300,,
2026-1-23,157.0399932861328,157.97999572753906,154.85000610351562,155.82000732421875,154.82595825195312,7106700,,
2026-1-26,154.8000030517578,156.1999969482422,154.3000030517578,154.52000427246094,153.53424072265625,8004200,,
2026-1-27,156.3300018310547,156.74000549316406,152.66000366210938,153.0399932861328,152.0636749267578,8354600,,
2026-1-28,152,154,150.39999389648438,152.6999969482422,151.72584533691406,8539000,,
2026-1-29,153.08999633789062,153.22999572753906,149.72999572753906,152.22000122070312,151.24891662597656,9142900,,
2026-1-30,149.9600067138672,153.07000732421875,149.8300018310547,151.58999633789062,150.6229248046875,9577200,,
2026-2-2,150.97000122070312,153.63999938964844,150.82000732421875,152.6199951171875,151.6463623046875,9099100,,
2026-2-3,150.72000122070312,150.72000122070312,144.3000030517578,147.17999267578125,146.24105834960938,11966400,,
2026-2-4,148.7100067138672,153.47000122070312,148.1699981689453,148.88999938964844,147.94015502929688,19249300,,
2026-2-5,132.9199981689453,139.3300018310547,132.72999572753906,136.3000030517578,135.43048095703125,30229600,,
2026-2-6,136.8699951171875,139.14999389648438,135.27999877929688,137.33999633789062,136.46383666992188,15036800,,
2026-2-9,137.10000610351562,139.94000244140625,136.5,138.92999267578125,138.04368591308594,11022700,,
2026-2-10,138.14999389648438,140.41000366210938,136.7899932861328,140.08999633789062,139.1962890625,9762900,,
2026-2-11,140.02999877929688,142.38999938964844,139.11000061035156,141.0399932861328,140.14022827148438,9379300,,
2026-2-12,140.86000061035156,141.5,136.74000549316406,138.47000122070312,137.58663940429688,12416600,,
2026-2-13,137.1199951171875,141.47999572753906,136.74000549316406,140.6999969482422,139.80239868164062,13134400,,
2026-2-17,141,143.5,140.00999450683594,142.6300048828125,141.7200927734375,10670700,,
2026-2-18,143.5,144.47999572753906,140.72000122070312,143.24000549316406,142.32620239257812,9944500,,
2026-2-19,141.8800048828125,142.32000732421875,139.89999389648438,141.27000427246094,140.3687744140625,8219400,,
2026-2-20,140.30999755859375,144.07000732421875,140.10000610351562,142.8800048828125,141.968505859375,10265100,,
2026-2-23,141.97000122070312,144.05999755859375,139.63999938964844,140.41000366210938,139.51426696777344,8260100,,
2026-2-24,142.55999755859375,146.3699951171875,142.05999755859375,144.77999877929688,143.85638427734375,11085700,,
2026-2-25,145.60000610351562,146.02999877929688,144.02000427246094,145.82000732421875,144.88975524902344,7358300,,
2026-2-26,145.9199981689453,146.94000244140625,144.52000427246094,145.58999633789062,144.6612091064453,8642100,,
2026-2-27,142.86000061035156,143.91000366210938,141.35000610351562,142.36000061035156,141.45181274414062,12439900,,
2026-3-2,137.8300018310547,142.00999450683594,136.88999938964844,141.02999877929688,140.1302947998047,8963900,,
2026-3-3,138.27000427246094,139.1999969482422,136.3000030517578,138.1300048828125,137.24880981445312,10372400,,
2026-3-4,138.22000122070312,139.88999938964844,137.4199981689453,139.50999450683594,138.6199951171875,9309800,,
2026-3-5,137.58999633789062,139.66000366210938,135.8000030517578,137,137,8981000,0.89,
2026-3-6,134.1699981689453,137.17999267578125,133.4199981689453,135.69000244140625,135.69000244140625,9197000,,
2026-3-9,133.49000549316406,138.5800018310547,132.4600067138672,138.11000061035156,138.11000061035156,12304600,,
2026-3-10,134.6999969482422,136.75,132.16000366210938,135.1999969482422,135.1999969482422,10447300,,
2026-3-11,136.4499969482422,138.1999969482422,133.9600067138672,134.1199951171875,134.1199951171875,7830500,,
2026-3-12,133.47000122070312,134.8699951171875,130.61000061035156,131.14999389648438,131.14999389648438,9162800,,
2026-3-13,131.14999389648438,133.4199981689453,129.22000122070312,129.82000732421875,129.82000732421875,7786700,,
2026-3-16,131.07000732421875,131.8699951171875,128.94000244140625,129.38999938964844,129.38999938964844,10132900,,
2026-3-17,133.52000427246094,134.0500030517578,131.17999267578125,131.58999633789062,131.58999633789062,10544300,,
2026-3-18,130.72999572753906,132.74000549316406,129.92999267578125,130.47000122070312,130.47000122070312,9894300,,
2026-3-19,129.13999938964844,132.67999267578125,128.89999389648438,131.27999877929688,131.27999877929688,9846700,,
2026-3-20,131.30999755859375,132.75,129.77999877929688,129.89999389648438,129.89999389648438,78568000,,
2026-3-23,133.14999389648438,133.97000122070312,127.41000366210938,128.35000610351562,128.35000610351562,11431600,,
2026-3-24,128.33999633789062,129.17999267578125,127.30999755859375,128.6699981689453,128.6699981689453,8409200,,
2026-3-25,130.16000366210938,131.92999267578125,129.9499969482422,130.35000610351562,130.35000610351562,6669400,,
2026-3-26,128.7899932861328,132.33999633789062,128.30999755859375,130.5399932861328,130.5399932861328,11912500,,
2026-3-27,129.88999938964844,130.0399932861328,126.68000030517578,127.11000061035156,127.11000061035156,8964900,,
2026-3-30,127.44999694824219,128.60000610351562,126.33999633789062,127.06999969482422,127.06999969482422,11555900,,
2026-3-31,128.39999389648438,129.2899932861328,125.77999877929688,128.77999877929688,128.77999877929688,12219800,,
2026-4-1,128,130.22999572753906,126.9800033569336,127.27999877929688,127.27999877929688,10210700,,
2026-4-2,125.2300033569336,127,124.01000213623047,126.80000305175781,126.80000305175781,8575300,,
2026-4-6,126.55999755859375,127.43000030517578,123.70999908447266,125.7300033569336,125.7300033569336,8038600,,
2026-4-7,124.63999938964844,125.41000366210938,121.98999786376953,124.06999969482422,124.06999969482422,8364680,,