date,ew_ret_mean,ew_ret_median,ret_xs_std,n_with_ret,total_volume,ew_cum_index,ew_ret_mean_lag1
2023-01-03,,,,0,560365600.0,1.0,
2023-01-04,0.028957000302355942,0.02849510699840625,0.018408236656880274,12,607863900.0,1.028957000302356,
2023-01-05,-0.017107896789742855,-0.013389292888856149,0.016147046880085125,12,549807400.0,1.0113537101400998,0.028957000302355942
2023-01-06,0.04877593344543038,0.04822875958935755,0.014011969055801966,12,633053900.0,1.0606834313956823,-0.017107896789742855
2023-01-09,0.020717820850197115,0.0220026806289872,0.022666110452110765,12,731585100.0,1.0826584807061104,0.04877593344543038
2023-01-10,0.012306298716563975,0.0141073103793387,0.007474818597189249,12,546986100.0,1.0959819993777011,0.020717820850197115
2023-01-11,0.013989347804286968,0.013292896442615401,0.008900204637743032,12,515239400.0,1.1113140727542337,0.012306298716563975
2023-01-12,0.017038788854966885,0.0135514982326422,0.019674175447555325,12,767626100.0,1.1302495185914463,0.013989347804286968
2023-01-13,0.0041220769770664665,0.00011390026341894996,0.013370972981566934,12,615137400.0,1.1349084941103726,0.017038788854966885
2023-01-17,0.004129400461263233,-0.000536126380262,0.017279479290824094,12,672610800.0,1.1395949857694436,0.0041220769770664665
2023-01-18,-0.007056162521007692,-0.00862529058190665,0.01113585796491423,12,606365600.0,1.1315538183417289,0.004129400461263233
2023-01-19,-0.027643371487464135,-0.0317471469794534,0.01311304506039789,12,623786300.0,1.1002738557832499,-0.007056162521007692
2023-01-20,0.03407915544770788,0.03131302756182355,0.01249997347583754,12,743336500.0,1.137770259549536,-0.027643371487464135
2023-01-23,0.052533754358061624,0.0463757886632434,0.02270145587575501,12,899225100.0,1.1975416028806194,0.03407915544770788
2023-01-24,-0.00717824059756855,-0.00779405752465105,0.007683695357997738,12,649320400.0,1.1889453611295444,0.052533754358061624
2023-01-25,0.0013940516884262582,0.00291105512679485,0.009542915456500545,12,609418500.0,1.1906028124176737,-0.00717824059756855
2023-01-26,0.01719515032653749,0.01683619011960585,0.009620271524551948,12,699339000.0,1.211075406756394,0.0013940516884262582
2023-01-27,-0.015525659320871783,-0.00843016148013905,0.029240675929320004,12,841687000.0,1.192272662579208,0.01719515032653749
2023-01-30,-0.026972115230872683,-0.027431505310231252,0.018060936711019944,12,684636100.0,1.160114546937502,-0.015525659320871783
2023-01-31,0.015864475220307952,0.0142867884837167,0.018370253137132326,12,726412800.0,1.1785191554201107,-0.026972115230872683
2023-02-01,0.05198940122000961,0.0417323483295306,0.029374606816269827,12,1003837700.0,1.2397896606367136,0.015864475220307952
2023-02-02,0.024424160246380167,0.0234436170043992,0.021051633879048116,12,848095500.0,1.27007048197991,0.05198940122000961
2023-02-03,-0.020064956586066423,-0.02119058628579165,0.012979779290313593,12,643135800.0,1.2445865728977386,0.024424160246380167
2023-02-06,-0.020613724757576248,-0.021471511932187097,0.015031120256880163,12,628210200.0,1.2189310078470494,-0.020064956586066423
2023-02-07,0.028773611331014876,0.0271809340573281,0.009738502059657041,12,870569200.0,1.2540040549061626,-0.020613724757576248
2023-02-08,-0.023555661162327976,-0.028315874056885203,0.012491005901123396,12,723788800.0,1.2244651602926078,0.028773611331014876
2023-02-09,-0.0020540284856979166,-0.00156984515532195,0.011560919626926066,12,691887200.0,1.221950073973622,-0.023555661162327976
2023-02-10,-0.015048767121751759,-0.012106095089618251,0.01209250861141487,12,704628300.0,1.2035612318759856,-0.0020540284856979166
2023-02-13,0.01651691040704279,0.01653830091484305,0.006793150312640035,12,619316100.0,1.2234403449122715,-0.015048767121751759
2023-02-14,0.01932908472100479,0.0147299995976044,0.016527653977390176,12,836363400.0,1.2470883269901762,0.01651691040704279
2023-02-15,-0.003509307294122592,0.00215268627148625,0.017251969855179395,12,570944300.0,1.2427119108278546,0.01932908472100479
2023-02-16,-0.029286272468029426,-0.0288500897503602,0.011881688577157684,12,583550100.0,1.2063175112080846,-0.003509307294122592
2023-02-17,-0.015393560545080709,-0.014908999549144101,0.009646120128656257,12,622069300.0,1.1877479895627119,-0.029286272468029426
2023-02-21,-0.03194601731443805,-0.032725512143941704,0.009229361427834731,12,607138400.0,1.1498041717229526,-0.015393560545080709
2023-02-22,-0.004713245223465642,-0.00384482924446185,0.008285039953411504,12,729077800.0,1.1443848627026585,-0.03194601731443805
2023-02-23,0.03580791933200906,0.02537828366099945,0.035365942925106295,12,1341973500.0,1.1853629035510875,-0.004713245223465642
2023-02-24,-0.018641536352863277,-0.01716283486886885,0.007007470839587566,12,748926700.0,1.1632659178932043,0.03580791933200906
2023-02-27,0.003862955098926642,0.0076971562884360495,0.010171562532860558,12,603354800.0,1.1677595619021375,-0.018641536352863277
2023-02-28,0.003241844573720334,0.00082816296666195,0.015115828455641276,12,638834400.0,1.1715452569013,0.003862955098926642
2023-03-01,0.0017027281778759413,0.0017197011003896997,0.011042919804061612,12,615058200.0,1.1735400800218827,0.003241844573720334
2023-03-02,0.010972497040028234,0.00935344682901755,0.014454626454963728,12,587514600.0,1.1864167450762773,0.0017027281778759413
2023-03-03,0.008837218661827734,0.00807263869926175,0.02348376279647344,12,645603900.0,1.1969013692765702,0.010972497040028234
2023-03-06,-0.011022071555538358,-0.0072514923367584996,0.012004168824175139,12,623036000.0,1.183709036739482,0.008837218661827734
2023-03-07,-0.014479177891006216,-0.01498773875549135,0.010346461600391346,12,709782100.0,1.1665699030253396,-0.011022071555538358
2023-03-08,0.026406857270714134,0.02311153139784345,0.011476107042408888,12,699874700.0,1.1973753479508404,-0.014479177891006216
2023-03-09,-0.01997805061111248,-0.022072121619978298,0.016574943531147402,12,718987400.0,1.17345412264898,0.026406857270714134
2023-03-10,-0.016846978090964877,-0.01782864386955795,0.018991264928647413,12,711971000.0,1.1536849667539602,-0.01997805061111248
2023-03-13,-0.003772495301751319,-0.00519945288679615,0.009569416162261566,12,643407700.0,1.1493326956371797,-0.016846978090964877
2023-03-14,0.031794596151862184,0.0323923788133764,0.016434693391335086,12,689804400.0,1.1858752645390949,-0.003772495301751319
2023-03-15,-0.008686781764569516,-0.01208984938217295,0.01687427009462185,12,761083700.0,1.1755738249160426,0.031794596151862184
2023-03-16,0.049486038039016265,0.04898916440680805,0.016986013582455287,12,888905200.0,1.2337483159335096,-0.008686781764569516
2023-03-17,-0.0017442426090884917,-0.00014072725501869995,0.008219295842753185,12,1204920600.0,1.2315963595519672,0.049486038039016265
2023-03-20,0.0069918886343567,0.009267771231280749,0.012161841069036528,12,637481300.0,1.2402075441404337,-0.0017442426090884917
2023-03-21,-0.0004227963133114837,-0.0050954085777466,0.018281714610337577,12,777945500.0,1.23968318896303,0.0069918886343567
2023-03-22,-0.0053441284030895245,-0.00807822932304825,0.011116388614367615,12,1040385200.0,1.23305816282206,-0.0004227963133114837
2023-03-23,0.03075490603771575,0.029831994449654148,0.012975768961964321,12,799649000.0,1.2709807507586908,-0.0053441284030895245
2023-03-24,-0.017120282011471016,-0.021132184170049,0.016196301793063285,12,659297900.0,1.2492212018745508,0.03075490603771575
2023-03-27,-0.010100509667945167,-0.00927927257401285,0.007700596274295169,12,524052700.0,1.2366034310476148,-0.017120282011471016
2023-03-28,-0.010512874475778007,-0.00828877107375365,0.009182500301806729,12,530102300.0,1.223603174400695,-0.010100509667945167
2023-03-29,0.03804292986465691,0.030623474482396502,0.023527426732205953,12,671361700.0,1.2701526241465924,-0.010512874475778007
2023-03-30,0.01582006027037273,0.0182751974443794,0.011320248900517959,12,595712600.0,1.2902465152131635,0.03804292986465691
2023-03-31,0.0023715026730326827,0.005922120391736,0.015656196625766106,12,649101400.0,1.2933063382728625,0.01582006027037273
2023-04-03,-0.008169223093442307,-0.0070120384538007,0.01170737660402271,12,585937900.0,1.2827410302673485,0.0023715026730326827
2023-04-04,-0.017246808935785,-0.01668722868700645,0.01325025581711261,12,545076000.0,1.2606178408042357,-0.008169223093442307
2023-04-05,-0.015032404749592351,-0.014673677299134852,0.011697746451577461,12,695481900.0,1.2416677231867093,-0.017246808935785
2023-04-06,-0.004138834231037942,-0.0007907391923374001,0.014275184705530323,12,546864800.0,1.2365286663104091,-0.015032404749592351
2023-04-10,0.019179053295965358,0.018979186231895602,0.02392013958002824,12,582386300.0,1.2602441155035653,-0.004138834231037942
2023-04-11,-0.005460959177396098,-0.0055103054820089,0.006547033865155108,12,470592200.0,1.2533619738352466,0.019179053295965358
2023-04-12,-0.019168772640558482,-0.020565789890795348,0.007536834187234257,12,609853700.0,1.229336563122477,-0.005460959177396098
2023-04-13,0.007736284984720259,0.0052929440452702,0.007847337744669116,12,506887800.0,1.238847061116929,-0.019168772640558482
2023-04-14,-0.0016067222598366833,-0.0030839411210379,0.005891006517006328,12,528024300.0,1.2368565779672993,0.007736284984720259
2023-04-17,-0.0050253954072143085,-0.00396416091844845,0.015525209392557898,12,467047400.0,1.2306408846009995,-0.0016067222598366833
2023-04-18,0.004536035991273408,0.00035164291294979995,0.01574090487100809,12,751829300.0,1.236223115945882,-0.0050253954072143085
2023-04-19,-0.011610171711975108,-0.0095528680904999,0.013842123800594904,12,506652700.0,1.2218703532954376,0.004536035991273408
2023-04-20,0.010451936716347433,0.00762273106978455,0.030560876380969222,12,626387000.0,1.2346412649036624,-0.011610171711975108
2023-04-21,-0.011575086731924583,-0.00904231417058515,0.012401927957787936,12,492201100.0,1.2203501851795895,0.010451936716347433
2023-04-24,-0.007553068039873583,-0.006048114829054,0.008841448653276537,12,480634100.0,1.2111327971984558,-0.011575086731924583
2023-04-25,-0.031153126141785944,-0.0283105749084218,0.008332477800980672,12,563920800.0,1.1734022243928783,-0.007553068039873583
2023-04-26,0.010673319648165216,0.00323910555597615,0.01826641106069674,12,587373300.0,1.1859263214096916,-0.031153126141785944
2023-04-27,0.02233414440658765,0.0158538877000653,0.02104175982696984,12,587679300.0,1.2124129711276288,0.010673319648165216
2023-04-28,0.019020565545534367,0.01614568618904575,0.011589788290411332,12,505666800.0,1.235473751513218,0.02233414440658765
2023-05-01,0.0002561380817275082,-0.0005924535862152,0.018981956203894795,12,732629200.0,1.235790203389955,0.019020565545534367
2023-05-02,-0.011458924387296399,-0.00968139493179925,0.012120998784447098,12,592054200.0,1.2216293768907478,0.0002561380817275082
2023-05-03,-0.010495077590603342,-0.0019369565548866502,0.02958708153811799,12,618954700.0,1.208808281793319,-0.011458924387296399
2023-05-04,-0.0008725513548693079,-0.004756008717527,0.026706915482738073,12,575582700.0,1.207753534489263,-0.010495077590603342
2023-05-05,0.026493578953982258,0.03240804726882735,0.014250489885564968,12,564438500.0,1.2397512481122053,-0.0008725513548693079
2023-05-08,0.00469676497787095,-0.00217667090272415,0.018162158590082272,12,530177300.0,1.2455740683556105,0.026493578953982258
2023-05-09,-0.01559080425521906,-0.01906292036876675,0.008985484860706041,12,483740100.0,1.2261545668705012,0.00469676497787095
2023-05-10,0.010533468004151949,0.01177443695727405,0.012670920842276808,12,582959500.0,1.2390702267687765,-0.01559080425521906
2023-05-11,-0.007013360807425192,-0.0051175077275601,0.01609487584812875,12,500327600.0,1.230380180202709,0.010533468004151949
2023-05-12,-0.00159347725998855,-0.0003602243798133,0.008232680133553815,12,411591900.0,1.2284195973644154,-0.007013360807425192
2023-05-15,0.033093617051727774,0.0280450373599021,0.015415754593077213,12,461635700.0,1.269072445098431,-0.00159347725998855
2023-05-16,0.0005097990827694167,0.0004973541456661,0.017519462519865935,12,646481100.0,1.2697194170669102,0.033093617051727774
2023-05-17,0.026317798614089408,0.0260746690785749,0.017816467880424746,12,661071200.0,1.3031356369816762,0.0005097990827694167
2023-05-18,0.03324018350723152,0.0323228097440676,0.009290358380114008,12,990783500.0,1.3464521046897602,0.026317798614089408
2023-05-19,-0.0047903706603399,-0.0065287997416631,0.012680740873368223,12,672909700.0,1.3400021000319013,0.03324018350723152
2023-05-22,-0.0006214237761573417,-0.00431494464613585,0.013909939223163487,12,564619000.0,1.3391693908668407,-0.0047903706603399
2023-05-23,-0.0111325597711096,-0.01509836712075425,0.011701232867996937,12,555540200.0,1.3242610075793753,-0.0006214237761573417
2023-05-24,-0.009433781226822166,-0.011622818958525051,0.008803178280699696,12,907261200.0,1.3117682189466604,-0.0111325597711096
2023-05-25,0.07374150227618256,0.0679117386618435,0.07025988027219353,12,1952776300.0,1.4084999780499394,-0.009433781226822166
2023-05-26,0.07592443332504689,0.0569494707775103,0.08173298997009114,12,1167138900.0,1.515439540721722,0.07374150227618256
2023-05-30,0.0005109758505902496,-0.00787809855230555,0.025690520944307328,12,1338065100.0,1.5162138937300607,0.07592443332504689
2023-05-31,-0.02671294295572597,-0.02859286341347885,0.03325914179336872,12,1463156100.0,1.4757113584781703,0.0005109758505902496
2023-06-01,0.012889608012231124,0.011068561407667599,0.020462276237915685,12,923935300.0,1.494732699428151,-0.02671294295572597
2023-06-02,-0.0006489595753562915,-0.00164823670105055,0.012080664177726665,12,706068000.0,1.4937626783302589,0.012889608012231124
2023-06-05,-0.014567329830743181,-0.01047065422645105,0.014701121771524394,12,585754900.0,1.4720025447061678,-0.0006489595753562915
2023-06-06,0.011574767492665934,0.00866092347783425,0.02126564131148043,12,612983200.0,1.489040631909754,-0.014567329830743181
2023-06-07,-0.0062402176358102,0.00044654343229749986,0.01809078513685962,12,741036700.0,1.4797486942980729,0.011574767492665934
2023-06-08,0.010392027996996208,0.01200639809781,0.014580153655706472,12,608352200.0,1.495126284157737,-0.0062402176358102
2023-06-09,0.003864124321711708,0.001103226990187,0.016586231758400558,12,636318300.0,1.5009036379963814,0.010392027996996208
2023-06-12,0.03388714334770907,0.0324335333680967,0.013723438668154408,12,669203000.0,1.5517649747282627,0.003864124321711708
2023-06-13,0.007786328110457341,0.0095523471104412,0.018500718477039296,12,907965300.0,1.5638475259718125,0.03388714334770907
2023-06-14,0.015303498772746558,0.006444672484878049,0.020595979394369822,12,1018367000.0,1.5877798646662848,0.007786328110457341
2023-06-15,-0.00859638040792275,-0.00775474636170875,0.008940189936432308,12,825113200.0,1.5741307049455733,0.015303498772746558
2023-06-16,-0.011691866492619782,-0.01405826390232635,0.012217826253539616,12,1029661100.0,1.5557261789014163,-0.00859638040792275
2023-06-20,-0.00578348133398487,-0.0038478668501670497,0.015187982782717822,12,660638500.0,1.5467286655849484,-0.011691866492619782
2023-06-21,-0.026752715458238024,-0.01823109213631985,0.016291523338005136,12,782119500.0,1.505349473703454,-0.00578348133398487
2023-06-22,0.0070500745507404835,0.00618396632419365,0.01182052881539946,12,608280700.0,1.5159622997179814,-0.026752715458238024
2023-06-23,-0.016862074977921485,-0.0197404137018692,0.010063564764045317,12,592908300.0,1.4904000297564346,0.0070500745507404835
2023-06-26,0.0012343939958964587,0.0029857733385394002,0.019662908305228016,12,787297700.0,1.49223977060465,-0.016862074977921485
2023-06-27,0.03329329110902863,0.031598745804482145,0.010659845313014794,12,649834700.0,1.5419213436918608,0.0012343939958964587
2023-06-28,-0.008762973025172609,-0.0096673100913682,0.007782851274622082,12,775333600.0,1.528409528550151,0.03329329110902863
2023-06-29,-0.005339723171436242,-0.0019671596367384,0.016599974883904602,12,598389300.0,1.5202482447751078,-0.008762973025172609
2023-06-30,0.010215233263029791,0.00696764001145795,0.014267924279422181,12,689250800.0,1.5357779352131973,-0.005339723171436242
2023-07-03,0.011343768584512116,0.01145236889233775,0.007707333953328999,12,291490900.0,1.5531994447074557,0.010215233263029791
2023-07-05,-0.023644090233402634,-0.02473075906502075,0.009212576063951018,12,482641100.0,1.5164754568863217,0.011343768584512116
2023-07-06,-0.013709312528817734,-0.0145893072233349,0.005058986987512914,12,475256200.0,1.4956856209055855,-0.023644090233402634
2023-07-07,-0.0010680171136987666,-0.0032034527110339,0.006888782596244576,12,492562600.0,1.4940882030657452,-0.013709312528817734
2023-07-10,0.015269469383369441,0.0172999360942338,0.013901673591172867,12,532435500.0,1.5169021371385112,-0.0010680171136987666
2023-07-11,0.0008586411693739167,0.00139362397446625,0.017088813356746453,12,471755500.0,1.5182046117633694,0.015269469383369441
2023-07-12,0.017297578148557983,0.014914812102896299,0.010427963361629437,12,669988100.0,1.5444658746808475,0.0008586411693739167
2023-07-13,0.022481522826326417,0.02306815941407265,0.015834694613679163,12,647790500.0,1.5791878194969673,0.017297578148557983
2023-07-14,-0.0063213878198187,-0.0031188279615971,0.009869098565378239,12,973552400.0,1.5692051608495932,0.022481522826326417
2023-07-17,0.01899995520403715,0.019931740162943398,0.012632279825258259,12,699090900.0,1.5990199886116794,-0.0063213878198187
2023-07-18,-0.0010232490031566001,-0.0038760130161309,0.011475628777516072,12,738217400.0,1.597383793002305,0.01899995520403715
2023-07-19,-0.011677024567396341,-0.0055301579393441,0.0177299953163931,12,606860900.0,1.5787311032078561,-0.0010232490031566001
2023-07-20,-0.03710439294051542,-0.03756818350908205,0.016000234852320043,12,769091500.0,1.5201532440070185,-0.011677024567396341
2023-07-21,0.010708279882905174,0.0140080376413759,0.015647793281453836,12,1323845400.0,1.536431470408752,-0.03710439294051542
2023-07-24,0.0022632420823231417,0.0013438822457557,0.010957917936528106,12,522746100.0,1.539908786769187,0.010708279882905174
2023-07-25,0.01394150715687941,0.01324664385417565,0.006775958534549721,12,491186100.0,1.561377436140871,0.0022632420823231417
2023-07-26,-0.007199420830843042,-0.00791039803371845,0.014225487135740502,12,526042500.0,1.5501364229023102,0.01394150715687941
2023-07-27,0.0274234200301908,0.0123060739539794,0.02971621319123901,12,705551900.0,1.5926464651316579,-0.007199420830843042
2023-07-28,0.025926285835962893,0.017630042215313148,0.01988308707790963,12,563196800.0,1.633937872622297,0.0274234200301908
2023-07-31,-0.0009103272186281169,-0.0008580663583044,0.012723197553995737,12,431486600.0,1.6324504545033016,0.025926285835962893
2023-08-01,0.0031987815090929583,-1.9347273431150026e-05,0.012311313239967231,12,425193000.0,1.6376723068316772,-0.0009103272186281169
2023-08-02,-0.03937322108110853,-0.036397599005333,0.013772298682448576,12,843553100.0,1.5731918730363845,0.0031987815090929583
2023-08-03,-0.0006551274322165245,0.0046943327061158,0.028028278312710757,12,534098000.0,1.5721612318842184,-0.03937322108110853
2023-08-04,0.004347675848811433,0.0045797886071817,0.012516095335641826,12,545025700.0,1.578996479302519,-0.0006551274322165245
2023-08-07,0.01101390076050579,0.01510679609247885,0.01414438684869233,12,463420500.0,1.5963873898267453,0.004347675848811433
2023-08-08,-0.018059485293604183,-0.01616995190045055,0.006514926194043108,12,510760800.0,1.567557455237274,0.01101390076050579
2023-08-09,-0.020236291132583874,-0.01677579387166675,0.012897277105728678,12,741929900.0,1.5358359062060403,-0.018059485293604183
2023-08-10,-0.0025450163360596335,-0.0029805728373853,0.009717324462782215,12,652562200.0,1.5319271787352389,-0.020236291132583874
2023-08-11,-0.02536177103477709,-0.02688643910304555,0.015181119168750132,12,698915100.0,1.4930747923862038,-0.0025450163360596335
2023-08-14,0.029578814678713733,0.02550739401930195,0.0216918452177968,12,874484600.0,1.5372381749716542,-0.02536177103477709
2023-08-15,-0.0161417730892238,-0.0149641413293539,0.01167648305038764,12,818263100.0,1.5124244251671692,0.029578814678713733
2023-08-16,-0.017438108472095298,-0.01412325407067065,0.011452926379774995,12,682922900.0,1.486050603985258,-0.0161417730892238
2023-08-17,-0.006681367149332142,-0.0032570405457612497,0.010250603236663464,12,622927100.0,1.4761217542975458,-0.017438108472095298
2023-08-18,0.006571670023824492,0.00286949166113385,0.011472139021685666,12,745082500.0,1.4858223393817782,-0.006681367149332142
2023-08-21,0.028783367234421403,0.0256164502404564,0.02283155481234169,12,873344800.0,1.528589309421311,0.006571670023824492
2023-08-22,-0.009197218409560875,-0.0078374481304862,0.0091288353398828,12,889709500.0,1.5145305396840434,0.028783367234421403
2023-08-23,0.02266859160589869,0.02287941616541405,0.009836168135972344,12,942904900.0,1.5488628139628022,-0.009197218409560875
2023-08-24,-0.03478560778086833,-0.03446602532405765,0.019971811268051982,12,1415766100.0,1.4949846796099202,0.02266859160589869
2023-08-25,-0.0008249219523833425,0.0055420862815076,0.023496910024955176,12,1124992700.0,1.4937514339292333,-0.03478560778086833
2023-08-28,0.013340053313224158,0.01099930361316465,0.007759670516816374,12,820974900.0,1.5136781576945544,-0.0008249219523833425
2023-08-29,0.024299818688292747,0.02219479181003465,0.00908436630568249,12,863211000.0,1.5504602624789612,0.013340053313224158
2023-08-30,0.006720158527586825,0.00469832953705355,0.007620350573385571,12,894876200.0,1.5608796012335437,0.024299818688292747
2023-08-31,0.009653279418800825,0.01155733310085445,0.015459367301024774,12,761650900.0,1.5759472081633576,0.006720158527586825
2023-09-01,0.0025688729785212586,0.00472342542085475,0.02432477747095644,12,669724700.0,1.5799956163619844,0.009653279418800825
2023-09-05,0.003860541830731008,0.00118701497844925,0.00632852224150909,12,558180500.0,1.5860952555313212,0.0025688729785212586
2023-09-06,-0.008317396897868716,-0.00463181335657665,0.012413639680557595,12,625398900.0,1.5729030717732408,0.003860541830731008
2023-09-07,-0.022308163168294884,-0.02428487011755575,0.024834326814778346,12,654434600.0,1.5378144934002111,-0.008317396897868716
2023-09-08,-0.005929328725321234,-0.0046218838945455,0.00671427602080754,12,630465600.0,1.528696285750278,-0.022308163168294884
2023-09-11,0.0022743768452286504,-0.0012919717757264998,0.013747412054326386,12,636058700.0,1.5321731171859754,-0.005929328725321234
2023-09-12,-0.005812881481469304,-0.00935681345493395,0.010989300030836492,12,515313800.0,1.5232667764466798,0.0022743768452286504
2023-09-13,0.006353518335005334,0.0079292871633126,0.008279792267147186,12,545937700.0,1.5329448798399383,-0.005812881481469304
2023-09-14,0.003974931142215134,0.00321370151271755,0.009252595627546335,12,517086600.0,1.5390382301821133,0.006353518335005334
2023-09-15,-0.033327306549958836,-0.0317425050985862,0.014266362616687024,12,810560100.0,1.4877462312927279,0.003974931142215134
2023-09-18,0.00489319530710665,0.00397284451363155,0.007327694955864488,12,647176400.0,1.4950260641698552,-0.033327306549958836
2023-09-19,-0.01138630136640565,-0.008787138029613749,0.012392496415876196,12,529797900.0,1.4780032468525859,0.00489319530710665
2023-09-20,-0.016375792899839307,-0.013023280397276751,0.011234536503716457,12,545175400.0,1.4537997717768378,-0.01138630136640565
2023-09-21,-0.019201659471779823,-0.0172323258629551,0.010774147660772499,12,679351700.0,1.4258844036190277,-0.016375792899839307
2023-09-22,0.00770898039852605,0.00871411275612825,0.009964921365181975,12,647052700.0,1.4368765185370906,-0.019201659471779823
2023-09-25,0.006851399688914725,0.0060555933515495,0.00790843271740845,12,550608400.0,1.4467211338692045,0.00770898039852605
2023-09-26,-0.016640631496733536,-0.0179281882781605,0.006317100394084311,12,550628200.0,1.4226467806019505,0.006851399688914725
2023-09-27,0.009381693692228224,0.01018924726234675,0.008843987514771393,12,620287900.0,1.4359936169297924,-0.016640631496733536
2023-09-28,0.016178804082574823,0.0180446295152102,0.021453787892621947,12,633126900.0,1.4592262763219275,0.009381693692228224
2023-09-29,0.007128355417637083,0.0020357259838945,0.012478240691564458,12,557663200.0,1.4696281598543053,0.016178804082574823
2023-10-02,0.005046868445094525,0.00481896716449955,0.009566498103615297,12,569465100.0,1.4770451798402964,0.007128355417637083
2023-10-03,-0.01906743859649855,-0.0201202350500169,0.012388540294203405,12,637010400.0,1.4488817115694375,0.005046868445094525
2023-10-04,0.016463826199962017,0.01451083067102785,0.012290167394529013,12,520586800.0,1.4727358482530204,-0.01906743859649855
2023-10-05,-0.0007317683420451138,-0.0002994806111309,0.009039889389097068,12,528847500.0,1.4716581467830738,0.016463826199962017
2023-10-06,0.01924975032732951,0.019574945396710848,0.01121446009000414,12,612263400.0,1.4999871986758284,-0.0007317683420451138
2023-10-09,-0.0021126278084533166,-0.00304727278657605,0.0067227112160866956,12,519307100.0,1.4968182840075819,0.01924975032732951
2023-10-10,0.010726408510456252,0.0111272642416566,0.0073846133539455395,12,505844500.0,1.512873768387767,-0.0021126278084533166
2023-10-11,0.00927968122213616,0.01196922564669,0.010232879891617027,12,508682100.0,1.5269127546877372,0.010726408510456252
2023-10-12,0.010802439738767865,0.00449843835524995,0.015490980122040842,12,669110000.0,1.5434071377066074,0.00927968122213616
2023-10-13,-0.025203589502434093,-0.02587093538313395,0.007947933806063557,12,638331300.0,1.5045077377727234,0.010802439738767865
2023-10-16,0.011008475144072901,0.011037413905797,0.00750127275280679,12,522149800.0,1.5210700738080598,-0.025203589502434093
2023-10-17,-0.006771545333792133,-0.005771629457202601,0.016574813811501055,12,974146800.0,1.5107700788473941,0.011008475144072901
2023-10-18,-0.0174601253191332,-0.01307637323629825,0.014772123581237235,12,779291100.0,1.4843918439423218,-0.006771545333792133
2023-10-19,-0.012851125013243725,-0.0087028668397351,0.02695955047353654,12,708393800.0,1.4653157387871798,-0.0174601253191332
2023-10-20,-0.012780139583208042,-0.0146723195251128,0.008241096117806214,12,660234600.0,1.446588799112008,-0.012851125013243725
2023-10-23,-0.000241993250903967,-0.00051144221053465,0.016829537984479826,12,646592000.0,1.4462387343857896,-0.012780139583208042
2023-10-24,0.013948798183432566,0.0163037570239713,0.006642597635605924,12,570963400.0,1.4664120266168,-0.000241993250903967
2023-10-25,-0.03870904413606551,-0.0374637395461017,0.008990543377139544,12,581870700.0,1.4096486187568331,0.013948798183432566
2023-10-26,-0.00955573138057401,-0.0058052869701509,0.01660846726896754,12,740591900.0,1.3961783952149958,-0.03870904413606551
2023-10-27,0.013901409442077316,0.006133998065981401,0.027370667962581464,12,625734100.0,1.4155872427410618,-0.00955573138057401
2023-10-30,0.0025873607604233583,0.00213059176657995,0.006963627203143114,12,539078100.0,1.4192498776258862,0.013901409442077316
2023-10-31,0.010744701357312134,0.01041563682968765,0.009896908316187484,12,698498300.0,1.434499293712378,0.0025873607604233583
2023-11-01,0.02827790576321065,0.0200220913931006,0.0234339963278204,12,701982600.0,1.4750639295573686,0.010744701357312134
2023-11-02,0.025298347051252845,0.026019521203155302,0.014660656785729321,12,611364800.0,1.5123806087700957,0.02827790576321065
2023-11-03,0.023207469334397966,0.0179291978669756,0.012932009067438617,12,599975100.0,1.5474791353700659,0.025298347051252845
2023-11-06,0.002155301210450358,0.0009545940026596998,0.006781399205741576,12,532427500.0,1.5508144190236755,0.023207469334397966
2023-11-07,0.006861962259013601,0.00552313620126095,0.00832064874832159,12,487063200.0,1.56145604903775,0.002155301210450358
2023-11-08,0.0038716488478100913,0.0062493399725475,0.011863833125014342,12,483136200.0,1.567501458550913,0.006861962259013601
2023-11-09,0.0012986903646869915,-0.00030306475784115,0.009159586294159357,12,748873800.0,1.569537157591766,0.0038716488478100913
2023-11-10,0.04332663045000192,0.0437693797071171,0.01234424219569305,12,649521700.0,1.637539913996291,0.0012986903646869915
2023-11-13,-0.010342922727202958,-0.0107638388418881,0.007237781657864925,12,519249200.0,1.6206029652031169,0.04332663045000192
2023-11-14,0.03227441260543646,0.0299247005312337,0.01152621466717763,12,616266000.0,1.672906973971676,-0.010342922727202958
2023-11-15,0.0026194088435276997,0.0024814063011116497,0.012048714968011394,12,648083800.0,1.6772890012936965,0.03227441260543646
2023-11-16,0.002396147010323188,-0.000862485782661474,0.025501060731015986,12,575518400.0,1.6813080323195941,0.0026194088435276997
2023-11-17,0.003602990356096483,0.0071297340662338,0.015414042613254422,12,494252500.0,1.6873657689456694,0.002396147010323188
2023-11-20,0.015980612417962125,0.0163917117387638,0.008885832258644281,12,571622500.0,1.714330907306527,0.003602990356096483
2023-11-21,-0.018508930200217842,-0.0178032348859349,0.005921560012878652,12,749949400.0,1.6826004762031144,0.015980612417962125
2023-11-22,0.0038305460618954334,0.0037360127277696,0.0129177330607693,12,1065420700.0,1.6890457548309776,-0.018508930200217842
2023-11-24,0.0008978508319390986,0.0023067487472389504,0.008308436407610545,12,370974800.0,1.6905622659671358,0.0038305460618954334
2023-11-27,-0.00020519599515423327,0.0027548683427923003,0.010321564233052229,12,602262000.0,1.6902153693606004,0.0008978508319390986
2023-11-28,-0.009455992436808267,-0.010642732121848849,0.00893887260743505,12,555626100.0,1.6742327056113493,-0.00020519599515423327
2023-11-29,0.0083567466667396,0.00898293344297295,0.0077891000661252895,12,548324700.0,1.6882238441933133,-0.009455992436808267
2023-11-30,-0.007636232880588141,-0.00609717716967015,0.01106130015313209,12,750292200.0,1.6753321737644915,0.0083567466667396
2023-12-01,-0.0009601662697613584,0.0047084471787066,0.01875191455093875,12,549328800.0,1.6737235763205969,-0.007636232880588141
2023-12-04,-0.016396828134008126,-0.0168932419870221,0.00992092298249471,12,612528600.0,1.6462798184958307,-0.0009601662697613584
2023-12-05,-0.005115041938149258,-0.0062253397464211,0.012836227434037987,12,531323900.0,1.6378590281822958,-0.016396828134008126
2023-12-06,-0.008467767288566267,-0.008760226404636449,0.008676049742810357,12,545601600.0,1.6239900190801708,-0.005115041938149258
2023-12-07,0.026977296649797176,0.0221266024433558,0.02375581437621229,12,597777000.0,1.6678008795812065,-0.008467767288566267
2023-12-08,0.006177019713030858,0.0074801378159261,0.011812881019686213,12,613285200.0,1.6781029184917897,0.026977296649797176
2023-12-11,0.03476540109558221,0.04016904645234335,0.02649649582478216,12,836295300.0,1.736442839532824,0.006177019713030858
2023-12-12,0.00966104413778785,0.0055976582153789995,0.014522674130189797,12,657440500.0,1.753218690448296,0.03476540109558221
2023-12-13,0.014851952521702858,0.01377268571940455,0.014321699982433215,12,681828000.0,1.779257411198996,0.00966104413778785
2023-12-14,0.02141905013786041,0.019994393166219752,0.012799604293820729,12,688104600.0,1.817367414897627,0.014851952521702858
2023-12-15,0.0061377089311777,0.006629243230842401,0.00986925669420025,12,859059300.0,1.8285218871112754,0.02141905013786041
2023-12-18,-0.0015177755171108583,-0.0032124865817219003,0.01192839392155038,12,589800400.0,1.8257466013585166,0.0061377089311777
2023-12-19,0.006525927408436208,0.0082391537220126,0.008285894571685822,12,649305500.0,1.8376612911451813,-0.0015177755171108583
2023-12-20,-0.029605704318179077,-0.0317129087851575,0.007512057267610892,12,603111300.0,1.7832560343225738,0.006525927408436208
2023-12-21,0.03258884902825018,0.02898737409946315,0.01918208087577317,12,494755800.0,1.8413702960038283,-0.029605704318179077
2023-12-22,0.003549216113260125,0.0038709018841986504,0.007112749068300037,12,382551900.0,1.8479057171288837,0.03258884902825018
2023-12-26,0.01730273019624382,0.013745128471046,0.012220867154109942,12,405725900.0,1.8798795311804612,0.003549216113260125
2023-12-27,0.0019069395173196748,0.00177894920017325,0.005998493524548792,12,391184200.0,1.8834643477462696,0.01730273019624382
2023-12-28,-0.0021456244810971665,-0.00497796997909465,0.007644575280600061,12,393218000.0,1.8794231405324715,0.0019069395173196748
2023-12-29,-0.006601179232790184,-0.00656129110553185,0.004209078912397531,12,532998100.0,1.8670167315275634,-0.0021456244810971665
2024-01-02,-0.039012303800926136,-0.035727217930314595,0.011370809772799804,12,612980100.0,1.794180107595798,-0.006601179232790184
2024-01-03,-0.01682884317471019,-0.01763174413701475,0.006511066207076068,12,504718900.0,1.7639861319378836,-0.039012303800926136
2024-01-04,-0.00228897065227585,-0.0061585912347782,0.011184745656647939,12,508513000.0,1.7599484194508561,-0.01682884317471019
2024-01-05,0.007701905757575167,0.0042340194720301,0.011065109554189524,12,603339100.0,1.7735033763156598,-0.00228897065227585
2024-01-08,0.03474315302744929,0.0297820870132232,0.018352855299787446,12,864259800.0,1.835120475513693,0.007701905757575167
2024-01-09,-0.0014306388732453835,-0.0051404710296601,0.011902839944009255,12,943344800.0,1.8324950808243345,0.03474315302744929
2024-01-10,-0.002652379861997758,-0.0036221614712319,0.009292328124806768,12,687604100.0,1.827634607774746,-0.0014306388732453835
2024-01-11,0.009985533521674682,0.009782092774571951,0.011273919659259514,12,774848200.0,1.8458845144160536,-0.002652379861997758
2024-01-12,-0.00312504800819045,-0.00280320380804275,0.006460648791138585,12,503093300.0,1.8401160366909282,0.009985533521674682
2024-01-16,0.014537658006078133,0.00656705571829635,0.024555257134248512,12,690175700.0,1.8668670143238406,-0.00312504800819045
2024-01-17,-0.004943984836308225,-0.00671947099741305,0.010437522280642618,12,693082100.0,1.8576372521136195,0.014537658006078133
2024-01-18,0.03930159372657658,0.043174576506873355,0.022712021203526115,12,838290700.0,1.9306453566875432,-0.004943984836308225
2024-01-19,0.04065391124107521,0.041911079784615,0.01674718766433431,12,914643800.0,2.009133641656313,0.03930159372657658
2024-01-22,0.0015054814002507834,0.0043641106475216,0.01493730460403784,12,732899200.0,2.012158354984445,0.04065391124107521
2024-01-23,0.001954164088768416,0.0038961609982129004,0.009781516798172485,12,486547100.0,2.0160904425826707,0.0015054814002507834
2024-01-24,0.029165166849565858,0.0231350714921676,0.02430080440235567,12,871439700.0,2.074890056724409,0.001954164088768416
2024-01-25,0.0025627247798275837,0.0046152574376263,0.016126581421773627,12,829632300.0,2.080207428888195,0.029165166849565858
2024-01-26,-0.029717110885776943,-0.0223495369133472,0.033508158349626026,12,725492700.0,2.018389674058507,0.0025627247798275837
2024-01-29,0.009213289762135816,0.00876192726838015,0.010749231619398461,12,570458800.0,2.036985682978511,-0.029717110885776943
2024-01-30,-0.01579927076543634,-0.014912891318691002,0.010925535819001145,12,661893500.0,2.0048027946278166,0.009213289762135816
2024-01-31,-0.009992792942635558,-0.012188315897845501,0.01352205917933637,12,739739800.0,1.9847692154102838,-0.01579927076543634
2024-02-01,0.005140167117608859,0.00852472713450775,0.020250945343171442,12,586252100.0,1.994971260867378,-0.009992792942635558
2024-02-02,0.013618424347862224,0.0092915398138012,0.01803423340514811,12,695576100.0,2.02213962605966,0.005140167117608859
2024-02-05,0.012449676173891209,0.01518474205183515,0.016675926359124692,12,861839500.0,2.047314609582496,0.013618424347862224
2024-02-06,-0.011313583018755726,-0.01498236507028525,0.014120156396952795,12,869270000.0,2.024152145781473,0.012449676173891209
2024-02-07,0.01966616980371389,0.01745269140222035,0.012676590517981496,12,682726100.0,2.0639594655889635,-0.011313583018755726
2024-02-08,0.012537225133662374,0.0148883891698209,0.02155691881897418,12,610605300.0,2.089835790075806,0.01966616980371389
2024-02-09,0.022880397032865166,0.01904492360909045,0.027390225148250888,12,664243400.0,2.1376520626862323,0.012537225133662374
2024-02-12,-0.0008687289332672166,-0.0021536618570587,0.013815623712223099,12,820309300.0,2.1357950224901185,0.022880397032865166
2024-02-13,-0.020115683135271133,-0.019873207657606203,0.01331620966282842,12,816805400.0,2.092832046575818,-0.0008687289332672166
2024-02-14,0.021313242389129558,0.02362253712657875,0.010583973167980543,12,693704900.0,2.1374370832642264,-0.020115683135271133
2024-02-15,-0.0025032795530350806,-0.0019766533070378002,0.010054317861998247,12,602648100.0,2.132086480717792,0.021313242389129558
2024-02-16,-0.0031194247966471246,-0.0138720977515195,0.02465039180133255,12,679745000.0,2.125435597281245,-0.0025032795530350806
2024-02-20,-0.018079206752520633,-0.01702763767443715,0.02300384241962528,12,929355500.0,2.08700940767883,-0.0031194247966471246
2024-02-21,-0.002830812767546539,0.0002793614658926,0.011915306639253102,12,855839100.0,2.0811014748015833,-0.018079206752520633
2024-02-22,0.05704449105344716,0.04912176092452975,0.04400827388939829,12,1157752200.0,2.1998168492622177,-0.002830812767546539
2024-02-23,-0.010859352680207893,-0.009702108831567899,0.013139448761500555,12,1003825400.0,2.1759282622642155,0.05704449105344716
2024-02-26,0.01413108026449165,0.01236781431151475,0.01260948009608185,12,657665600.0,2.206676479188047,-0.010859352680207893
2024-02-27,-0.0008857127338494585,-0.005495731207342151,0.011939869977761109,12,532711000.0,2.2047219977309442,0.01413108026449165
2024-02-28,-0.012814890225660167,-0.00994294244420695,0.007865931625447893,12,514031200.0,2.176468727351924,-0.0008857127338494585
2024-02-29,0.02508274178723809,0.01535229312057245,0.024978363615054195,12,762501400.0,2.231060530448091,-0.012814890225660167
2024-03-01,0.04796314071485799,0.044465870209759645,0.01745364558622922,12,769159100.0,2.3380692006133383,0.02508274178723809
2024-03-04,0.014583663647197992,0.01029390277869555,0.015763024508496894,12,892727000.0,2.372166815418957,0.04796314071485799
2024-03-05,-0.01960239236048344,-0.0156927824099221,0.017461210555143335,12,747534100.0,2.325666670758596,0.014583663647197992
2024-03-06,0.026792337649674643,0.0290456140609911,0.012693202281140206,12,852979700.0,2.3879767174621547,-0.01960239236048344
2024-03-07,0.03155275281259217,0.039537807831175054,0.018646026676096883,12,909912100.0,2.463323956550463,0.026792337649674643
2024-03-08,-0.043471314796053595,-0.035689650097564,0.027560189719368626,12,1533586300.0,2.3562400253905977,0.03155275281259217
2024-03-11,-0.022819939865262578,-0.02349337168352125,0.019728346029114996,12,912665900.0,2.3024707697030595,-0.043471314796053595
2024-03-12,0.021363568554670167,0.02051206247883225,0.020379051113954313,12,895105600.0,2.351659761836735,-0.022819939865262578
2024-03-13,-0.0272094475958088,-0.02374790191025965,0.014062211562224416,12,880182600.0,2.2876723987838665,0.021363568554670167
2024-03-14,-0.0131871891324061,-0.01019672771076175,0.01504938644400284,12,841413600.0,2.2575044301881184,-0.0272094475958088
2024-03-15,-0.004829263528342383,-0.0089407084757473,0.015208040756852717,12,1013449700.0,2.2466023463783396,-0.0131871891324061
2024-03-18,0.00472990368458895,0.0032884003023906,0.005565854982044787,12,851737200.0,2.2572285590942807,-0.004829263528342383
2024-03-19,-0.00878201222793014,-0.0061656736645979,0.01812342845425153,12,893432600.0,2.2374055502870815,0.00472990368458895
2024-03-20,0.015575511872721567,0.0189207394670404,0.01138386478238303,12,764431800.0,2.2722542869996714,-0.00878201222793014
2024-03-21,0.03100156745417006,0.020104590671051602,0.03799382259959833,12,834283900.0,2.342697731551119,0.015575511872721567
2024-03-22,0.00235768438775975,0.0012630938559703001,0.010529386569874951,12,786685700.0,2.348221073418037,0.03100156745417006
2024-03-25,-0.0007652539674349503,-0.00599480675281925,0.021219633526738214,12,785767800.0,2.3464240879251896,0.00235768438775975
2024-03-26,-0.003655185024707375,-0.006074309567839,0.01514931636799337,12,729142300.0,2.337847473737393,-0.0007652539674349503
2024-03-27,0.008113528354851416,0.0051117435704283,0.023247036269187792,12,801250000.0,2.356815665504879,-0.003655185024707375
2024-03-28,-0.0014256930342984083,0.0010897860843243502,0.008330697057958782,12,629921700.0,2.3534555698274433,0.008113528354851416
2024-04-01,0.020596456425560922,0.016705993270105003,0.015087644140360483,12,662638900.0,2.401928414920888,-0.0014256930342984083
2024-04-02,-0.012864471681931734,-0.0124164006187244,0.00912157301262702,12,622095700.0,2.3710288748451114,0.020596456425560922
2024-04-03,0.003644938850969692,0.01149825299052135,0.029873379167869973,12,612741900.0,2.379671130107805,-0.012864471681931734
2024-04-04,-0.03127842117614909,-0.02842028523936575,0.01756492914994174,12,700265400.0,2.3052387742395704,0.003644938850969692
2024-04-05,0.014062337333681675,0.01722835632530045,0.015376317785508,12,612527900.0,2.33765581951761,-0.03127842117614909
2024-04-08,-0.0006590965521334498,-0.00192455470428215,0.009648974509804467,12,470548000.0,2.336115078626891,0.014062337333681675
2024-04-09,0.0056584871386568675,0.0068994495740869,0.010506123132129673,12,703974900.0,2.349333955753724,-0.0006590965521334498
2024-04-10,-0.011451017756100359,-0.01297761428070115,0.014346910521769679,12,633270000.0,2.3224316909113782,0.0056584871386568675
2024-04-11,0.02281545189931386,0.0198677846949207,0.013986007249839215,12,632082700.0,2.375419019444809,-0.011451017756100359
2024-04-12,-0.030858329992310325,-0.02803645481196665,0.009250248241963736,12,675297600.0,2.302117555472771,0.02281545189931386
2024-04-15,-0.012493767835247768,-0.010922881085098951,0.012743156119438088,12,644000700.0,2.273355433205246,-0.030858329992310325
2024-04-16,0.010791976192479435,0.01522860030677135,0.010619170991818742,12,533615000.0,2.297889430917441,-0.012493767835247768
2024-04-17,-0.0390267275734237,-0.0416702937047734,0.0185139885995673,12,727416500.0,2.2082103261031762,0.010791976192479435
2024-04-18,-0.020071828477724374,-0.0195617846448993,0.015763059258725662,12,691535000.0,2.1638875071948935,-0.0390267275734237
2024-04-19,-0.03966632738195445,-0.033860817350760755,0.022121955981412738,12,1161533900.0,2.0780540369167797,-0.020071828477724374
2024-04-22,0.01376398722909681,0.014096618075445,0.011914710688762032,12,794668500.0,2.1066563461422754,-0.03966632738195445
2024-04-23,0.021526715114570993,0.0226423696836605,0.011279713774513339,12,615653300.0,2.1520057371499832,0.01376398722909681
2024-04-24,0.0008501345955834248,0.0016284402512410999,0.014051355389587513,12,706130100.0,2.153835231677028,0.021526715114570993
2024-04-25,0.018699303949409066,0.01820906784940255,0.013861523876888585,12,637533100.0,2.1941104513311025,0.0008501345955834248
2024-04-26,0.020491920502596652,0.0278644637361329,0.03807924261957872,12,806096500.0,2.239071988273696,0.018699303949409066
2024-04-29,0.001468552175448808,0.0008483629960998499,0.011766377445297248,12,557843000.0,2.2423601823130612,0.020491920502596652
2024-04-30,-0.025858996449000995,-0.028514589006535,0.01194200452763508,12,580064900.0,2.1843749983212466,0.001468552175448808
2024-05-01,-0.031088619283241775,-0.02913784339854835,0.021586386924602127,12,814846600.0,2.1164657956266053,-0.025858996449000995
2024-05-02,0.0254962636305102,0.020328334662742698,0.02594034429793098,12,584185100.0,2.170427765516859,-0.031088619283241775
2024-05-03,0.025972680516663526,0.02924938829803555,0.011567291827560056,12,571707400.0,2.2267995924551243,0.0254962636305102
2024-05-06,0.02338634017706154,0.02124666696060605,0.012361093375419269,12,531138400.0,2.278876285230422,0.025972680516663526
2024-05-07,-0.009913357494554834,-0.00935612535464945,0.0037113232856942867,12,578855000.0,2.2562849699290695,0.02338634017706154
2024-05-08,0.0005384653767927751,0.00055773562141975,0.010559918974639714,12,475725300.0,2.2574999012655543,-0.009913357494554834
2024-05-09,-0.006747323430941717,-0.0062991715550243,0.006534304741193652,12,517160400.0,2.2422678192863965,0.0005384653767927751
2024-05-10,0.014273450817874851,0.01220821128964905,0.013914587235848609,12,492855300.0,2.2742727187254843,-0.006747323430941717
2024-05-13,-0.0008005467953755666,-0.0011010034410944,0.013462621552073294,12,436294100.0,2.2724520569886986,0.014273450817874851
2024-05-14,0.015676898557544627,0.0163536430779185,0.014246548785721177,12,449479400.0,2.308077057362994,-0.0008005467953755666
2024-05-15,0.03130244477659893,0.0335761468528957,0.010217413897551762,12,595018300.0,2.380325511991234,0.015676898557544627
2024-05-16,-0.0013687734559759749,-0.00600138320262415,0.019722366674553907,12,550049200.0,2.377067385613838,0.03130244477659893
2024-05-17,-0.008482091610363625,-0.007677476955668399,0.012521330483501689,12,538847000.0,2.356904882285054,-0.0013687734559759749
2024-05-20,0.0229022463371058,0.02249960815030525,0.010557890413681369,12,485308500.0,2.4108832984922737,-0.008482091610363625
2024-05-21,-0.0032206454256772164,-0.0099761334426417,0.012610976752811538,12,479615100.0,2.4031186982251427,0.0229022463371058
2024-05-22,0.0007710843537523667,-0.00067072797650675,0.008384017714704059,12,712714300.0,2.4049717054535535,-0.0032206454256772164
2024-05-23,0.00287029090972798,-0.0004980431618575249,0.03310568555139997,12,1110289800.0,2.41187467387787,0.0007710843537523667
2024-05-24,0.022618211590851676,0.02170202118802905,0.009472996087848387,12,604872800.0,2.466426965582256,0.00287029090972798
2024-05-28,0.01833584253161034,0.011999010018660949,0.020647560312279645,12,849181600.0,2.5116509820388897,0.022618211590851676
2024-05-29,-0.02089461199482896,-0.02058696493896015,0.013357810508061934,12,740746300.0,2.459171009302756,0.01833584253161034
2024-05-30,-0.008421865859688576,-0.005914304763034,0.017338647340742336,12,651069800.0,2.438460200936373,-0.02089461199482896
2024-05-31,-0.01565552476203024,-0.009030384790333499,0.03035787375070823,12,968452500.0,2.400284826879388,-0.008421865859688576
2024-06-03,0.004583541727221641,-0.00031186858053399986,0.02018331287713738,12,625376000.0,2.411286632540607,-0.01565552476203024
2024-06-04,-0.009699126335734424,-0.010613557259815,0.010973471053737477,12,582144100.0,2.387899258859928,0.004583541727221641
2024-06-05,0.053033373583030535,0.052047857340665804,0.017626934524356336,12,758827400.0,2.5145376123336884,-0.009699126335734424
2024-06-06,-0.009173530863345717,-0.00908594969432635,0.01028761608342163,12,826906400.0,2.491470423939902,0.053033373583030535
2024-06-07,-0.0008186810122731647,0.00023027606987346207,0.010859410020880662,12,560916100.0,2.4894307044111823,-0.009173530863345717
2024-06-10,0.016384181454580173,0.0223505697297975,0.022083250130914688,12,509120700.0,2.5302179887908585,-0.0008186810122731647
2024-06-11,-4.4703146236100014e-05,-0.0014930981467228999,0.008872958022799964,12,376728800.0,2.5301048800860966,0.016384181454580173
2024-06-12,0.030251271454592794,0.03443827132885545,0.01479692823631232,12,535446300.0,2.606643769622171,-4.4703146236100014e-05
2024-06-13,0.013192613994524626,0.0017601559943197002,0.03693612082118989,12,502435400.0,2.641032214696029,0.030251271454592794
2024-06-14,-0.0005167312205990084,-0.00225120420793485,0.014603631944904162,12,487927700.0,2.639667510896088,0.013192613994524626
2024-06-17,0.0212062077779883,0.02600744474715895,0.022184654745297027,12,538300200.0,2.695644848596955,-0.0005167312205990084
2024-06-18,0.011855171662797467,0.01768917255821475,0.019135307897241157,12,585498600.0,2.727602181019008,0.0212062077779883
2024-06-20,-0.022332518296512293,-0.028790162163749848,0.028548591292301924,12,849969000.0,2.666687955405794,0.011855171662797467
2024-06-21,-0.01625221626574294,-0.0146816738622268,0.015257160851704308,12,1042925800.0,2.6233483660412875,-0.022332518296512293
2024-06-24,-0.032288640909894466,-0.0305047300693593,0.019686921158740517,12,721516500.0,2.538644012668622,-0.01625221626574294
2024-06-25,0.018516174439064708,0.01722654703812335,0.019517427465411,12,622636800.0,2.585649988045881,-0.032288640909894466
2024-06-26,-0.0042144300992167745,-0.0044325611290029,0.009515500019908387,12,576427600.0,2.574752946910221,0.018516174439064708
2024-06-27,-0.005982184987348669,0.0008083953808638365,0.022294745425321127,12,460188300.0,2.559350298485083,-0.0042144300992167745
2024-06-28,0.009422219047756851,0.012157580987995052,0.009071151811687606,12,590195900.0,2.5834650576173517,-0.005982184987348669
2024-07-01,0.0020019685675417755,0.0041227899084824,0.012732276013285084,12,476480300.0,2.5886370734580444,0.009422219047756851
2024-07-02,0.011409651858658465,0.01082935691515205,0.012706530394700526,12,400424100.0,2.618172521254617,0.0020019685675417755
2024-07-03,0.020636955076327682,0.0175910711924762,0.015900055797484818,12,352460800.0,2.6722036299578242,0.011409651858658465
2024-07-05,0.002060885462756733,0.0025342801359395503,0.02178580784176118,12,430746600.0,2.67771073557233,0.020636955076327682
2024-07-08,0.020560035363987393,0.014800326571739849,0.018391537901165867,12,491758000.0,2.732764562990226,0.002060885462756733
2024-07-09,0.002079236428959975,-0.00013027645245999994,0.01432904092841157,12,532716700.0,2.738446626621366,0.020560035363987393
2024-07-10,0.02181482563205824,0.01701477067444665,0.013000745908760497,12,501510900.0,2.7981853622838093,0.002079236428959975
2024-07-11,-0.03977971473619642,-0.0410764362345723,0.0139186943092841,12,628497700.0,2.686874346793159,0.02181482563205824
2024-07-12,0.013210320832780334,0.0136763339040861,0.010121920839057587,12,470673000.0,2.7223688189516637,-0.03977971473619642
2024-07-15,-0.0019246607420003003,-0.0007668250827486,0.01337807401603259,12,378397800.0,2.7171291825605817,0.013210320832780334
2024-07-16,-0.0007505997560806249,0.00273412450885005,0.014196356289233143,12,369052900.0,2.715089706058912,-0.0019246607420003003
2024-07-17,-0.08377491916459832,-0.09228344445984706,0.03290571287116985,12,771899000.0,2.487633285409194,-0.0007505997560806249
2024-07-18,0.0005163783746445164,0.0015914467100021003,0.016547134752514913,12,645501500.0,2.488917845441825,-0.08377491916459832
2024-07-19,-0.03128613442239639,-0.02928104254922595,0.00872483337673611,12,443535300.0,2.411049227163031,0.0005163783746445164
2024-07-22,0.038955168786141796,0.04231604406894755,0.01991178281859854,12,466145900.0,2.5049720567588634,-0.03128613442239639
2024-07-23,-0.007086240241746099,-0.00895598373527935,0.009406849272000943,12,307412100.0,2.4872212229658093,0.038955168786141796
2024-07-24,-0.05827709433292028,-0.06028780004919575,0.011769636466104641,12,571958100.0,2.3422731971281894,-0.007086240241746099
2024-07-25,-0.017010862233724725,-0.01808519109944235,0.014758775971432986,12,715608800.0,2.3024291104580956,-0.05827709433292028
2024-07-26,0.018303008158506183,0.017059776570543,0.008842109672274168,12,468475900.0,2.3445704892511925,-0.017010862233724725
2024-07-29,-0.010826054226997959,-0.01157885134422445,0.005841691780902428,12,399732400.0,2.31918804199554,0.018303008158506183
2024-07-30,-0.03699494495198391,-0.03809372737646595,0.019211345076785197,12,730686200.0,2.2333898080486154,-0.010826054226997959
2024-07-31,0.07794805625335541,0.07811542111865065,0.02886187145714885,12,804256500.0,2.40747820244206,-0.03699494495198391
2024-08-01,-0.07289151955507422,-0.07529941184997946,0.016455829997867884,12,902081300.0,2.2319934579703395,0.07794805625335541
2024-08-02,-0.07059838093349745,-0.06711714608821864,0.06677393996202241,12,1044923600.0,2.074418333583475,-0.07289151955507422
2024-08-05,-0.013356203503030024,-0.0103176723699883,0.027572551661751554,12,950809800.0,2.046711980169718,-0.07059838093349745
2024-08-06,0.0087240840689046,0.0086720076532382,0.0235603450107648,12,698121100.0,2.064567667549553,-0.013356203503030024
2024-08-07,-0.026650506107950306,-0.02600761068294365,0.015857656928620133,12,688218000.0,2.009545894315247,0.0087240840689046
2024-08-08,0.06659771963294044,0.0643931752142615,0.011256789678817254,12,657687500.0,2.14337706837438,-0.026650506107950306
2024-08-09,-0.0029492535298051253,-0.0024725853471242497,0.016139166204134713,12,500244500.0,2.1370557059897735,0.06659771963294044
2024-08-12,0.0060446847587139335,0.0033762759878658496,0.015598400862854725,12,502997400.0,2.1499735340442925,-0.0029492535298051253
2024-08-13,0.04216725017861898,0.04016241424424935,0.013984651993425813,12,540094800.0,2.2406320059317477,0.0060446847587139335
2024-08-14,0.001430758997171512,0.0021044925908752735,0.015323724152498221,12,516072300.0,2.243837810333585,0.04216725017861898
2024-08-15,0.05051676051281845,0.051774737622327496,0.015842814871684496,12,573683900.0,2.357189227627814,0.001430758997171512
2024-08-16,-0.002955362665017392,-0.00130609046704555,0.01239308702081485,12,472052400.0,2.3502228785901016,0.05051676051281845
2024-08-19,0.018586356317515085,0.01335136296680765,0.014556688579503142,12,526657000.0,2.3939049584371532,-0.002955362665017392
2024-08-20,-0.014294030325854357,-0.01588684973213025,0.009433077809062993,12,543093100.0,2.3596864083640394,0.018586356317515085
2024-08-21,0.011837179834751467,0.012196940359336,0.00913995317766777,12,426714800.0,2.3876184407334633,-0.014294030325854357
2024-08-22,-0.03737435551875473,-0.03756837509630835,0.009629960893170997,12,603677200.0,2.2983827402863564,0.011837179834751467
2024-08-23,0.021020634729914844,0.0230426383039953,0.016901743383985583,12,534681000.0,2.3466962043394566,-0.03737435551875473
2024-08-26,-0.028863431725277226,-0.029086908631960548,0.008983168296214455,12,533615100.0,2.2789624986655372,0.021020634729914844
2024-08-27,0.007298720181482351,0.00809581052149405,0.010100246784626546,12,455293300.0,2.2955960082473887,-0.028863431725277226
2024-08-28,-0.017156511146845667,-0.018451637929161498,0.008211572367813958,12,621254400.0,2.2562115897432378,0.007298720181482351
2024-08-29,-0.0047951389902908,-0.00320857941891785,0.022301783554651018,12,655060700.0,2.245392741578914,-0.017156511146845667
2024-08-30,0.034709204602801566,0.02594524462928385,0.028714661875836715,12,661117300.0,2.323328537660022,-0.0047951389902908
2024-09-03,-0.07633325720528901,-0.0743161166727273,0.01182720138169791,12,785452900.0,2.1459813028224315,0.034709204602801566
2024-09-04,-0.0016164370758218998,0.0036654516754245003,0.019772581734147653,12,586113400.0,2.1425124590805287,-0.07633325720528901
2024-09-05,-0.006325365843536116,-0.00929304612355385,0.011591569033329897,12,484568400.0,2.12896028395251,-0.0016164370758218998
2024-09-06,-0.04312573464211766,-0.0355989921566974,0.020873391510524787,12,718433400.0,2.0371473076831665,-0.006325365843536116
2024-09-09,0.0181828919776415,0.01616625166334795,0.015785613896175575,12,477228500.0,2.0741885371213127,-0.04312573464211766
2024-09-10,0.012680385339634585,0.00534451285168555,0.018750586391097928,12,467430400.0,2.100490047039064,0.0181828919776415
2024-09-11,0.05068420563846949,0.04813024206401415,0.014296264613310872,12,696325100.0,2.2069517165247503,0.012680385339634585
2024-09-12,-0.004507649555756095,-0.008682183018091,0.02113933570881291,12,576740300.0,2.1970035516001825,0.05068420563846949
2024-09-13,0.018236599230523277,0.017844564981461503,0.013018327101922123,12,395750500.0,2.2370694248787513,-0.004507649555756095
2024-09-16,-0.010027848432394633,-0.015466035473696849,0.025605057676745525,12,525229200.0,2.214636431753323,0.018236599230523277
2024-09-17,0.003037268897653824,0.00382263081327135,0.012610601770903762,12,533531800.0,2.2213628781070986,-0.010027848432394633
2024-09-18,-0.014050971820442517,-0.0144145188879045,0.008877537247596224,12,543354600.0,2.1901505709038385,0.003037268897653824
2024-09-19,0.043091240901981444,0.045231847109200196,0.013367244899676497,12,560556700.0,2.284526876766268,-0.014050971820442517
2024-09-20,-0.008520343513939925,-0.01467652927077715,0.02196824157802163,12,911781800.0,2.2650619230093914,0.043091240901981444
2024-09-23,0.006362877687544017,0.007456700214170499,0.016846423319770425,12,508507400.0,2.279474234980213,-0.008520343513939925
2024-09-24,0.013588689179515367,0.011033974910875051,0.013891283490519364,12,601239300.0,2.310449301852073,0.006362877687544017
2024-09-25,0.011312621669075667,0.0065208999190696495,0.010635860665128973,12,549227200.0,2.3365865406895057,0.013588689179515367
2024-09-26,0.04162032668919035,0.0328260608148597,0.03720642726133562,12,634648500.0,2.433836035850568,0.011312621669075667
2024-09-27,-0.022894861123317026,-0.0220175175436115,0.011633843131889254,12,504551200.0,2.3781136978128448,0.04162032668919035
2024-09-30,-0.009385011000906059,-0.01003169344397365,0.013339215841513945,12,420569600.0,2.355795074597466,-0.022894861123317026
2024-10-01,-0.025324288531535732,-0.02574995115869865,0.007822672459501743,12,535197000.0,2.296136240407189,-0.009385011000906059
2024-10-02,0.013600193646705309,0.01743008735704535,0.013035200865126911,12,394145600.0,2.3273641379159447,-0.025324288531535732
2024-10-03,0.0072090302230302244,0.00317039614432815,0.013137185690766504,12,430466500.0,2.344142176326178,0.013600193646705309
2024-10-04,0.01440840098635725,0.01337459676685765,0.013593355135612665,12,418067200.0,2.3779175167717175,0.0072090302230302244
2024-10-07,-0.0019411136516397833,-0.008047960758477999,0.01278192353564102,12,514437200.0,2.3733017086174386,0.01440840098635725
2024-10-08,0.011539862227684565,0.0066543209615862,0.017175618643699205,12,459172400.0,2.400689283359612,-0.0019411136516397833
2024-10-09,0.011368500621771476,0.01340584253142725,0.014865931730558567,12,409158400.0,2.4279815209701656,0.011539862227684565
2024-10-10,-0.004572250583884491,-0.00776598774004705,0.018631544086797517,12,437667800.0,2.416880181043249,0.011368500621771476
2024-10-11,0.009479178672158297,0.009389032582075,0.012785666261410287,12,332420800.0,2.439790220108556,-0.004572250583884491
2024-10-14,0.022710952267073873,0.0282539378456324,0.021493226314860434,12,381453500.0,2.495200179339115,0.009479178672158297
2024-10-15,-0.06300083823578272,-0.041982803001947705,0.055613240462219465,12,662801700.0,2.3380004764746753,0.022710952267073873
2024-10-16,-0.006871652272884819,-0.009124019262549,0.03207776203880642,12,478902400.0,2.3219345501865023,-0.06300083823578272
2024-10-17,0.010668684806619666,0.0032977952051750003,0.03215148722530191,12,552723500.0,2.3467065380440424,-0.006871652272884819
2024-10-18,0.0029070076083242582,-0.000901473912337,0.014882311624238559,12,337862600.0,2.3535284318046403,0.010668684806619666
2024-10-21,0.0023425002422133834,0.0002779478641358,0.017179036921682482,12,409330700.0,2.3590415727261984,0.0029070076083242582
2024-10-22,-0.002877109933440958,-0.004314756098088,0.01487683279054424,12,387478300.0,2.3522543507839075,0.0023425002422133834
2024-10-23,-0.015488961286625899,-0.01764195991542035,0.014563389657109103,12,456316200.0,2.315820374208318,-0.002877109933440958
2024-10-24,0.007359903738540608,0.0046065923608857,0.01665685578015712,12,322631000.0,2.3328645892382425,-0.015488961286625899
2024-10-25,0.011586485506251116,0.01164093756936855,0.00803749932058667,12,382248900.0,2.3598942909894975,0.007359903738540608
2024-10-28,-0.0032797691120815165,-0.0049752715270432995,0.01953410580956043,12,325412400.0,2.3521543825861326,0.011586485506251116
2024-10-29,0.02175331237638385,0.019543334485226348,0.01400640538367764,12,403196800.0,2.4033215316280088,-0.0032797691120815165
2024-10-30,-0.031836448134458545,-0.024871332528337252,0.026640172825993104,12,399209600.0,2.326808310335906,0.02175331237638385
2024-10-31,-0.03140196705630335,-0.03148624174088155,0.009404568988930906,12,532177400.0,2.253741952428405,-0.031836448134458545
2024-11-01,0.015710103919677285,0.007982716374979701,0.026520335373821185,12,509961000.0,2.2891484727091913,-0.03140196705630335
2024-11-04,-0.004858393726679692,-0.0062476216143865,0.011268865012335738,12,367953000.0,2.2780268881299426,0.015710103919677285
2024-11-05,0.022756661616535192,0.02700075798913365,0.012113940355935982,12,312574000.0,2.329867175176484,-0.004858393726679692
2024-11-06,0.02402378843030764,0.02838678345499665,0.02952878502051741,12,514865300.0,2.3858394112636425,0.022756661616535192
2024-11-07,0.02770182665943219,0.02813672915139525,0.012704752998398546,12,441300800.0,2.45193152107171,0.02402378843030764
2024-11-08,-0.006852161339965134,-0.009504886010944,0.005935679792930096,12,353691000.0,2.4351304906947804,0.02770182665943219
2024-11-11,-0.021548076989509793,-0.0219135857224596,0.013080632877167715,12,377685800.0,2.3826581114017866,-0.006852161339965134
2024-11-12,-0.012782704125526142,-0.01104544550557905,0.017899513033671145,12,379214100.0,2.352201297731453,-0.021548076989509793
2024-11-13,-0.0175515879989847,-0.02245455589830165,0.019316249984604874,12,376319100.0,2.3109164296629934,-0.012782704125526142
2024-11-14,0.006468465254717667,0.005704368889345101,0.013086275987445634,12,367430300.0,2.3258645122948245,-0.0175515879989847
2024-11-15,-0.038965940425552806,-0.03207915953749235,0.021468279237124282,12,454023000.0,2.235235014270837,0.006468465254717667
2024-11-18,0.011480833920222533,0.0104876178020354,0.010719287631968976,12,400235600.0,2.2608973762423465,-0.038965940425552806
2024-11-19,0.0017384715567360916,-0.00032747584621514996,0.01760511451604504,12,385819100.0,2.2648278820236434,0.011480833920222533
2024-11-20,-0.008117211546782192,-0.0062698808721477,0.018790893376569105,12,466120300.0,2.2464437949882066,0.0017384715567360916
2024-11-21,0.02109676423541629,0.0193808987247965,0.015559053629053602,12,598966500.0,2.2938364900991868,-0.008117211546782192
2024-11-22,-0.0021245264652583417,-4.8267658124600014e-05,0.011016086460602136,12,361541700.0,2.288963173768996,0.02109676423541629
2024-11-25,0.0030614324688708165,0.0104764683671344,0.019183839914508213,12,579303000.0,2.2959706799492223,-0.0021245264652583417
2024-11-26,-0.012150504168328984,-0.01286907141022095,0.013097748866575368,12,372520500.0,2.268073478632138,0.0030614324688708165
2024-11-27,-0.015242243099752474,-0.012977155620043,0.01198805668540458,12,386698400.0,2.2335029513027256,-0.012150504168328984
2024-11-29,0.018254515395295767,0.019469354366926497,0.009424329800996634,12,259921100.0,2.2742744653127196,-0.015242243099752474
2024-12-02,0.030845541647413474,0.032469232195951145,0.020841737929060297,12,470088700.0,2.3444256930501717,0.018254515395295767
2024-12-03,-0.0008597759322524252,-0.00051423232434995,0.02099516206892101,12,427786600.0,2.342410012264333,0.030845541647413474
2024-12-04,0.025937363141992898,0.0068623702147674,0.06687348368074228,12,508538200.0,2.403165951379873,-0.0008597759322524252
2024-12-05,-0.022214440187579117,-0.020421336607657548,0.021932169388412123,12,470272200.0,2.349780965092118,0.025937363141992898
2024-12-06,0.0035995725630675497,0.0021044533885264498,0.0189597358973808,12,390673400.0,2.358239172183282,-0.022214440187579117
2024-12-09,-0.011207752583657268,-0.00436398371897025,0.024213489976817333,12,407782400.0,2.331808611008363,0.0035995725630675497
2024-12-10,-0.02527788060801722,-0.0267851348080543,0.01334450675806425,12,449117600.0,2.2728654313385475,-0.011207752583657268
2024-12-11,0.026675777429499767,0.020202702201215998,0.01903128218529559,12,416294900.0,2.3334958837121382,-0.02527788060801722
2024-12-12,-0.010366971397183209,-0.012495304426330001,0.018119280646033326,12,377723900.0,2.30930459863025,0.026675777429499767
2024-12-13,0.03371682204212362,0.0083408788010187,0.07631923025885969,12,585301800.0,2.3871670108233234,-0.010366971397183209
2024-12-16,0.01991947146479119,0.0057038871737575495,0.034965380442048416,12,579029500.0,2.4347181159771094,0.03371682204212362
2024-12-17,-0.013910149567641701,-0.00480972742959755,0.030718129132340146,12,535200200.0,2.4008508228288212,0.01991947146479119
2024-12-18,-0.03726569806215666,-0.0321907423640225,0.0172557751159681,12,607871300.0,2.311381440973002,-0.013910149567641701
2024-12-19,-0.024534723503101444,-0.0154664908699855,0.048326385311094316,12,527121200.0,2.2546723364085293,-0.03726569806215666
2024-12-20,0.015473183249704326,0.01326076543650975,0.011766769800924844,12,762476300.0,2.2895592946378174,-0.024534723503101444
2024-12-23,0.03114790359425305,0.032210607264910054,0.01619061541208108,12,401411000.0,2.360874266820522,0.015473183249704326
2024-12-24,0.006943589405954441,0.0046859959067662,0.010583206981010933,12,220997900.0,2.377267208368407,0.03114790359425305
2024-12-26,-0.0011935990908123414,-0.0025567746750272497,0.009690483741873968,12,252628400.0,2.3744297043898808,0.006943589405954441
2024-12-27,-0.009090836028480308,-0.007508112670502149,0.006404189799853051,12,335284500.0,2.3528441532861195,-0.0011935990908123414
2024-12-30,-0.01850586560215985,-0.01822196628606635,0.009914867070415776,12,347082300.0,2.309302735602579,-0.009090836028480308
2024-12-31,-0.00842073160014615,-0.0085235027174852,0.009024552677440139,12,300211200.0,2.2898567170825865,-0.01850586560215985
2025-01-02,0.01298291464587814,0.00939717995828295,0.013049274855102986,12,368606700.0,2.3195857313917605,-0.00842073160014615
2025-01-03,0.030131732689701467,0.03345149695720235,0.01202148563071452,12,402106300.0,2.3894788686009028,0.01298291464587814
2025-01-06,0.0364982218288411,0.0362715111299807,0.035032737298807834,12,550879200.0,2.4766905984024263,0.030131732689701467
2025-01-07,-0.013024555678832017,-0.0100606054821707,0.02392435024873804,12,588592500.0,2.444432803804294,0.0364982218288411
2025-01-08,-0.009736630055039283,-0.0063444269542412,0.015275894659193736,12,419162200.0,2.420632265899249,-0.013024555678832017
2025-01-10,-0.020750425832913044,-0.025890449546328298,0.01660352105756342,12,437976500.0,2.3704031155969503,-0.009736630055039283
2025-01-13,-0.006798982834410293,-0.00086194121253735,0.017665857359783255,12,389448500.0,2.354286785503374,-0.020750425832913044
2025-01-14,0.005650565216584809,0.0043203384718163,0.011193200992707394,12,358985700.0,2.3675898365234045,-0.006798982834410293
2025-01-15,0.023554002877005042,0.02682039553847345,0.01765305605838972,12,387400000.0,2.423356054344445,0.005650565216584809
2025-01-16,0.013485811294177343,0.0099024908479491,0.025402642682030054,12,415583100.0,2.4560369767919363,0.023554002877005042
2025-01-17,0.028757513258622913,0.027683656923748398,0.027111027885734322,12,519919500.0,2.5266664927156985,0.013485811294177343
2025-01-21,0.014369696741507574,0.01296372922380635,0.011880691964557632,12,440878700.0,2.562973923982952,0.028757513258622913
2025-01-22,0.013132001485534174,0.01178717972545335,0.012228221031659115,12,442870900.0,2.5966309013600815,0.014369696741507574
2025-01-23,-0.009433394087161132,-0.0095018237786954,0.01795165749853556,12,322899700.0,2.572135858768651,0.013132001485534174
2025-01-24,-0.014914631975190317,-0.01596046995006475,0.01351220989433878,12,423706700.0,2.533773399044927,-0.009433394087161132
2025-01-27,-0.09303697604368795,-0.0644810732614543,0.06178680557493482,12,1266846200.0,2.2980387840178502,-0.014914631975190317
2025-01-28,0.009007089007692875,-0.0035024982279575497,0.03530130699995523,12,864680700.0,2.3187374238886296,-0.09303697604368795
2025-01-29,0.0080400415962218,0.00860067249415495,0.021076165941590706,12,714013800.0,2.3373801692274103,0.009007089007692875
2025-01-30,0.030641728001491342,0.0336517068742775,0.019928948461928657,12,665294200.0,2.4090015366089563,0.0080400415962218
2025-01-31,-0.004126827362994266,-0.0012477896846592499,0.019430616974783516,12,674536300.0,2.399060003150183,0.030641728001491342
2025-02-03,-0.013204790940594083,-0.01281316782324745,0.013694690039200241,12,585739500.0,2.367380917354644,-0.004126827362994266
2025-02-04,0.008299206429459959,0.01026842481325535,0.01945749837072732,12,465750000.0,2.3870283002849346,-0.013204790940594083
2025-02-05,0.02077638462600745,0.02040693728286875,0.03084993462410433,12,539882300.0,2.436622118364819,0.008299206429459959
2025-02-06,0.00210947309489755,0.00638527284680385,0.018579964357120213,12,436328700.0,2.441762107165942,0.02077638462600745
2025-02-07,-0.019771990655406423,-0.01699930336194675,0.019262216022522757,12,427519100.0,2.3934836096003314,0.00210947309489755
2025-02-10,0.02410103247005165,0.021421252471117203,0.011778600993672561,12,412677200.0,2.4511690357918456,-0.019771990655406423
2025-02-11,0.0026352121472702915,0.001838277905546,0.022273567377862222,12,434874500.0,2.4576283862099775,0.02410103247005165
2025-02-12,-0.004104560915493975,-0.010971908060650199,0.026848944422116616,12,428547800.0,2.4475409007911315,0.0026352121472702915
2025-02-13,0.01694321300792394,0.0184893410142696,0.026394456467198575,12,579708000.0,2.489010107618842,-0.004104560915493975
2025-02-14,-0.0045421684191864166,-0.0030689410423968,0.03288351206413937,12,562583700.0,2.47770460451298,0.01694321300792394
2025-02-18,0.025132410371735928,0.00909510779356175,0.049368978160526385,12,652909500.0,2.5399752934135393,-0.0045421684191864166
2025-02-19,0.00014416985065696686,0.00223144762864875,0.02413168070223812,12,439513300.0,2.540341481272263,0.025132410371735928
2025-02-20,-0.0006045937565754833,-0.00326287158627015,0.011453334990923292,12,398647600.0,2.538805606673116,0.00014416985065696686
2025-02-21,-0.03255476740103821,-0.0346679259584538,0.013516662878029806,12,484615800.0,2.456155380671421,-0.0006045937565754833
2025-02-24,-0.029358443724475183,-0.02852247706537875,0.014131802799448737,12,483359700.0,2.384046481149412,-0.03255476740103821
2025-02-25,-0.025734543243145867,-0.02443789275429995,0.0164158735775863,12,534768600.0,2.322694133886603,-0.029358443724475183
2025-02-26,0.02437834676578086,0.0216779655533837,0.014559976509378713,12,519239000.0,2.3793175769133352,-0.025734543243145867
2025-02-27,-0.060857810475082576,-0.06450481421305759,0.01729592661404053,12,724108800.0,2.234517518757511,0.02437834676578086
2025-02-28,0.017318024884735567,0.01507802559059085,0.014761152465098485,12,697001800.0,2.2732149487527313,-0.060857810475082576
2025-03-03,-0.038016598833644236,-0.035290167706344355,0.023056744164770628,12,744927500.0,2.1867950479833556,0.017318024884735567
2025-03-04,0.008380106974758035,0.0100335858754566,0.02504763014576537,12,753035000.0,2.205120624417327,-0.038016598833644236
2025-03-05,0.020380558577446275,0.02282342795528785,0.017468142041225095,12,560897000.0,2.2500622144735996,0.008380106974758035
2025-03-06,-0.048567742759561515,-0.0333774187588233,0.050452571144011374,12,631571500.0,2.140781771648036,0.020380558577446275
2025-03-07,0.024110139108288606,0.0258163281793595,0.026239649850461177,12,640578300.0,2.1923963179629586,-0.048567742759561515
2025-03-10,-0.05022944926159179,-0.04848309592727015,0.014102359332373955,12,643009400.0,2.0822734583485376,0.024110139108288606
2025-03-11,0.0032952727499780585,0.0016103058633313,0.01731258737256189,12,605468200.0,2.089135117333836,-0.05022944926159179
2025-03-12,0.03525741866378398,0.03815856522901595,0.021291135541119235,12,606636600.0,2.1627926288108887,0.0032952727499780585
2025-03-13,0.0016971223082237156,-0.010214706544835,0.046753550307869214,12,669899900.0,2.1664631524293054,0.03525741866378398
2025-03-14,0.0319483656714341,0.02984460241615735,0.017945255889009616,12,521617700.0,2.2356781094368046,0.0016971223082237156
2025-03-17,0.014464972265656524,0.0105497637103474,0.022778492456911978,12,549437800.0,2.268017131284743,0.0319483656714341
2025-03-18,-0.014059985688995592,-0.01233730742184885,0.012498879332688121,12,545546600.0,2.2361288428764827,0.014464972265656524
2025-03-19,0.007149575371163316,0.009986523441409649,0.026204087688974642,12,539746700.0,2.25211621457826,-0.014059985688995592
2025-03-20,0.0012642551340113666,-0.000837226585185,0.011178650888476487,12,449736700.0,2.254963464064931,0.007149575371163316
2025-03-21,-0.013598031211508125,-0.00707824001853825,0.0235137210482878,12,570983300.0,2.2243004004997653,0.0012642551340113666
2025-03-24,0.024462709242366126,0.0242519855767229,0.01840586907426064,12,464854300.0,2.27871281446487,-0.013598031211508125
2025-03-25,-0.00671309436636515,-0.00501671878611675,0.00955255501774178,12,329291100.0,2.2634156003075216,0.024462709242366126
2025-03-26,-0.03418697429863362,-0.030550029491195348,0.0172547038228575,12,504997000.0,2.186036269352682,-0.00671309436636515
2025-03-27,-0.018608530095407066,-0.020195765610811302,0.013777604307768273,12,431220200.0,2.145357347644781,-0.03418697429863362
2025-03-28,-0.027966270970154566,-0.0296227735140883,0.00955501570951218,12,430495800.0,2.085359702732735,-0.018608530095407066
2025-03-31,-0.0038932686271019503,-0.002325147022171,0.008811657244931057,12,518455000.0,2.077240837225863,-0.027966270970154566
2025-04-01,0.005147439352906008,0.0052116141226546,0.013290185361383213,12,390327000.0,2.087933308456863,-0.0038932686271019503
2025-04-02,0.006864613390009891,0.0060976190994458,0.007064497097995708,12,377362500.0,2.1022661634035438,0.005147439352906008
2025-04-03,-0.08888988010641857,-0.09205596676910685,0.04256452140198426,12,827118500.0,1.915395976186822,0.006864613390009891
2025-04-04,-0.08127658905866669,-0.07964500078394424,0.028654131187070376,12,1036497200.0,1.759719124545662,-0.08888988010641857
2025-04-07,0.026380335050604817,0.033535594986740996,0.028123235008466675,12,1092243800.0,1.8061411046461338,-0.08127658905866669
2025-04-08,-0.031212128401032217,-0.0320944431525984,0.023294373379147925,12,928907900.0,1.7497675965775363,0.026380335050604817
2025-04-09,0.17914814779652152,0.18343987903062836,0.03043687255619849,12,1233185500.0,2.063235220578773,-0.031212128401032217
2025-04-10,-0.07483066031749382,-0.06779514561776581,0.022892423372498447,12,844175300.0,1.9088419666325536,0.17914814779652152
2025-04-11,0.027237475939865693,0.03044336613474405,0.02128278718088712,12,641670700.0,1.9608340037717136,-0.07483066031749382
2025-04-14,0.0015948706253317835,-0.00040187390437775,0.014668987465466164,12,524250000.0,1.9639612803254807,0.027237475939865693
2025-04-15,0.005656957357729566,0.00845335780298215,0.011061722616624926,12,408296300.0,1.9750713255405141,0.0015948706253317835
2025-04-16,-0.04362108557101175,-0.042096316034987896,0.019444712271414578,12,698926200.0,1.8889165702402597,0.005656957357729566
2025-04-17,-0.009095024989535442,-0.008296236757813949,0.0112804515270721,12,525827500.0,1.871736826830777,-0.04362108557101175
2025-04-21,-0.02376317317597815,-0.0231686523714763,0.012907592698839713,12,500998500.0,1.8272584204749414,-0.009095024989535442
2025-04-22,0.024146118516134758,0.021421146662023598,0.010786209541628898,12,454511600.0,1.8713796188553344,-0.02376317317597815
2025-04-23,0.04108146464492996,0.040539551918345546,0.012928222379138113,12,511262500.0,1.9482586345045825,0.024146118516134758
2025-04-24,0.04901853440881266,0.046977053434313,0.012335385090768406,12,500855400.0,2.043759417417312,0.04108146464492996
2025-04-25,0.010134802270203093,0.009180083758638349,0.027221025124246106,12,516538900.0,2.0644725150007015,0.04901853440881266
2025-04-28,-0.003573605351489333,-0.0036582874725126,0.01062063125253161,12,418108000.0,2.057094904973092,0.010134802270203093
2025-04-29,-0.005976269503525842,-0.0074887707017712996,0.00709006537751868,12,340394000.0,2.0448011514266433,-0.003573605351489333
2025-04-30,0.005861181631561317,0.0072783785013452,0.00917177935424623,12,431584200.0,2.0567861023755802,-0.005976269503525842
2025-05-01,-0.0009818563193719505,-0.0005992506682224501,0.035946649508157534,12,465164200.0,2.054766633943366,0.005861181631561317
2025-05-02,0.0327131914414247,0.03316429392923795,0.006275850615394641,12,392123000.0,2.1219846082070073,-0.0009818563193719505
2025-05-05,-0.006299476428063125,-0.00645717678379935,0.009140401004319877,12,288836900.0,2.1086172161868943,0.0327131914414247
2025-05-06,-0.009830650394059767,-0.01018343324129405,0.008763349202786049,12,337019800.0,2.0878881375196654,-0.006299476428063125
2025-05-07,0.014789775438101949,0.022782127534786797,0.030475486168065804,12,467088900.0,2.118767534213458,-0.009830650394059767
2025-05-08,0.012571550228816534,0.01192058590462825,0.011588533734490971,12,415294900.0,2.1454037266930084,0.014789775438101949
2025-05-09,0.006378954704153558,0.00410563359022825,0.011648190255148658,12,288010300.0,2.159089159887705,0.012571550228816534
2025-05-12,0.0655485700313486,0.06327765369264375,0.01694344430792399,12,511073800.0,2.3006143668885297,0.006378954704153558
2025-05-13,0.032641373121194146,0.0369824574509637,0.01812054886419195,12,594151000.0,2.3757095788461178,0.0655485700313486
2025-05-14,0.00556271209245776,0.0064146070034992505,0.02403164601691745,12,556159600.0,2.3889249672485326,0.032641373121194146
2025-05-15,-0.004072351931677033,-0.0022684359871725,0.007947267181948799,12,431837000.0,2.379196424043527,0.00556271209245776
2025-05-16,-0.006152529869343358,-0.00248325417152,0.020781189794284515,12,434856700.0,2.3645583469795644,-0.004072351931677033
2025-05-19,-0.0031731263161814335,-0.0008039347733249499,0.009987265454841698,12,381423600.0,2.3570553046626173,-0.006152529869343358
2025-05-20,-0.00294580491079,-0.0008796892545107499,0.007067875250524638,12,311822800.0,2.3501118795711387,-0.0031731263161814335
2025-05-21,-0.017152859671718482,-0.0170567742700267,0.0056596151052400396,12,457634900.0,2.3098007402880163,-0.00294580491079
2025-05-22,-0.0010363051086427245,-0.0047723518051659,0.01571802622386166,12,352419400.0,2.307407081980909,-0.017152859671718482
2025-05-23,-0.014831589081444059,-0.01444979274544535,0.005870463187950887,12,382143400.0,2.273184568297354,-0.0010363051086427245
2025-05-27,0.03332795493450972,0.03215181907641105,0.00793654053421126,12,404104400.0,2.3489451611473915,-0.014831589081444059
2025-05-28,-0.00386517495019195,-0.00601100367520685,0.00982266189747056,12,475126700.0,2.33986607715115,0.03332795493450972
2025-05-29,0.002255446673539567,0.0017055192847168,0.012097639381287592,12,578003300.0,2.345143520311389,-0.00386517495019195
2025-05-30,-0.024751324458323825,-0.02162426198103755,0.014070773646513133,12,646457800.0,2.287098112138826,0.002255446673539567
2025-06-02,0.017683992015678402,0.01494884704917105,0.011488902985964305,12,383610300.0,2.327543136892962,-0.024751324458323825
2025-06-03,0.02158574963277053,0.0204445287804655,0.010797611647449308,12,448583400.0,2.377784900305407,0.017683992015678402
2025-06-04,0.012066769652054542,0.0089503882645548,0.018151867797921804,12,379091600.0,2.4064770829795252,0.02158574963277053
2025-06-05,-0.0006273562256625334,-0.00119900255257375,0.015250777486479947,12,471418200.0,2.404967364599604,0.012066769652054542
2025-06-06,0.010065238971425776,0.011871523550710701,0.02241305927147702,12,366147600.0,2.429173935842779,-0.0006273562256625334
2025-06-09,0.019844330130839458,0.021476368956260553,0.015398218288799623,12,444468800.0,2.4773792653708737,0.010065238971425776
2025-06-10,0.023510686753334856,0.02368879160372965,0.020809684007114113,12,476064100.0,2.535624153248215,0.019844330130839458
2025-06-11,-0.0021615285357757755,-0.0008352568473679,0.023802833122384345,12,448821300.0,2.5301433292849667,0.023510686753334856
2025-06-12,0.0053163659787613,0.00607929577936755,0.01099443779985007,12,362644300.0,2.543594497202167,-0.0021615285357757755
2025-06-13,-0.022841470483678575,-0.024212974852245703,0.008986078652210353,12,397270500.0,2.4854950585718765,0.0053163659787613
2025-06-16,0.03305013339874036,0.0291350077645985,0.02062525207689651,12,473338600.0,2.5676410018195868,-0.022841470483678575
2025-06-17,-0.006075223577265951,-0.0070677174610873,0.008206570476624778,12,416563800.0,2.5520420086673776,0.03305013339874036
2025-06-18,0.0076935018173480176,0.0002363478574451001,0.024135644516676682,12,442062600.0,2.5716761484990087,-0.006075223577265951
2025-06-20,-0.010784282992678924,-0.0168623832169531,0.012675686305926442,12,652261800.0,2.543942465148073,0.0076935018173480176
2025-06-23,0.005386783586232201,0.00891871458824215,0.016724699091465095,12,407447900.0,2.5576461326636517,-0.010784282992678924
2025-06-24,0.04536744465886167,0.04516725024719675,0.015014227877251176,12,528477500.0,2.6736800020442213,0.005386783586232201
2025-06-25,0.009361437094008258,0.0045306693401569505,0.016340393206982412,12,517199600.0,2.6987094891928662,0.04536744465886167
2025-06-26,0.008756308337500159,0.00712073313018995,0.0179056170789476,12,474751500.0,2.722340221593577,0.009361437094008258
2025-06-27,-0.00113450003020935,-0.00039217150080405005,0.01464811483242893,12,574928600.0,2.7192517265299387,0.008756308337500159
2025-06-30,-4.961220452765012e-05,0.0014809116138756,0.010624156086971294,12,410660300.0,2.71911681845712,-0.00113450003020935
2025-07-01,-0.011921410357797117,-0.010809020733873301,0.018360748575408235,12,455281200.0,2.686701111053505,-4.961220452765012e-05
2025-07-02,0.012552552551515267,0.018904877230949947,0.02383488571385093,12,478158300.0,2.7204260679402186,-0.011921410357797117
2025-07-03,0.006709597155338466,0.00482738731368345,0.010021423824380241,12,289654600.0,2.7386790309469786,0.012552552551515267
2025-07-07,-0.01699728707392061,-0.015696321393746,0.012880107350038906,12,353305900.0,2.6921289172546463,0.006709597155338466
2025-07-08,0.01675966944352555,0.01129936128501045,0.021462997035286677,12,386858600.0,2.7372481080071904,-0.01699728707392061
2025-07-09,0.004613936782640692,0.004294445273724299,0.011024372342575145,12,379062200.0,2.7498775977359387,0.01675966944352555
2025-07-10,0.008561588130904683,0.00730366567152225,0.013462852868625438,12,361112900.0,2.7734209171381554,0.004613936782640692
2025-07-11,-0.0001502582180142916,-0.00035223791291675,0.009175025078000599,12,360138300.0,2.773004187853343,0.008561588130904683
2025-07-14,-0.008943992135951458,-0.00467365772047445,0.014585954862657083,12,326479100.0,2.7482024602042223,-0.0001502582180142916
2025-07-15,0.018073776536785404,0.0152453663268683,0.021169601894450142,12,487438200.0,2.797872857347797,-0.008943992135951458
2025-07-16,-0.012076053062869234,-0.005085914883497199,0.02715025632102586,12,408298900.0,2.764085596259304,0.018073776536785404
2025-07-17,0.002804162611386433,0.0040151031976501505,0.016520545759897153,12,382871700.0,2.771836541743006,-0.012076053062869234
2025-07-18,-0.001244571417287983,-0.00488525288464285,0.01702294024003665,12,346596600.0,2.7683867932097583,0.002804162611386433
2025-07-21,0.0013520950533947604,0.0034950317692304597,0.014734362226246854,12,314363400.0,2.7721299152987404,-0.001244571417287983
2025-07-22,-0.023721778868282053,-0.02255658038600855,0.014075816154285346,12,397947400.0,2.7063700624538742,0.0013520950533947604
2025-07-23,0.012635198965843517,0.014096480852330999,0.010006706710483189,12,353112200.0,2.7405655866681813,-0.023721778868282053
2025-07-24,0.006590512589443675,0.00920612851901245,0.015570976113652171,12,387316300.0,2.7586273186693138,0.012635198965843517
2025-07-25,-0.007129637071566099,-0.0025407800085882,0.027506061447265952,12,494550400.0,2.738959307071494,0.006590512589443675
2025-07-28,0.016214798260109856,0.0179261830889617,0.01459722028019204,12,371962400.0,2.783370979678309,-0.007129637071566099
2025-07-29,-0.00021222466820997485,-0.0013024226733299,0.010844300607152661,12,447726700.0,2.782780279695641,0.016214798260109856
2025-07-30,0.012598018393758391,0.00813116591496815,0.021656139648874678,12,425417500.0,2.8178377968450348,-0.00021222466820997485
2025-07-31,-0.03406431774203358,-0.0332700339621701,0.020906468957542643,12,547406200.0,2.7218500747877936,0.012598018393758391
2025-08-01,-0.016964123678599726,-0.0202800180575225,0.024893943287581183,12,495082000.0,2.6756762734844877,-0.03406431774203358
2025-08-04,0.021454851019030025,0.0243618318996794,0.011756251061571995,12,346960100.0,2.7330825093072506,-0.016964123678599726
2025-08-05,-0.009213111105436092,-0.01394243211662455,0.01869620482970358,12,430283600.0,2.7079023164886786,0.021454851019030025
2025-08-06,-0.004427533164507416,-0.0036495914796109497,0.022193467847568864,12,419368300.0,2.6959129891761786,-0.009213111105436092
2025-08-07,0.02040730109156561,0.0274473495990463,0.02374755859017944,12,471717800.0,2.7509292972629593,-0.004427533164507416
2025-08-08,0.013990758486738126,0.01003389633098955,0.01727631654806627,12,349517700.0,2.7894168846750573,0.02040730109156561
2025-08-11,0.00519662555615325,-0.0010869709511333,0.01549147532148377,12,476761100.0,2.803912439744725,0.013990758486738126
2025-08-12,0.025418346133620925,0.0281222038086783,0.01462168802319437,12,427892300.0,2.8751832566665216,0.00519662555615325
2025-08-13,0.008937025158167607,0.01438952437897175,0.021260949719171966,12,457780600.0,2.9008788417656923,0.025418346133620925
2025-08-14,0.006588626844356858,0.00418192869239605,0.022709671247401076,12,464070800.0,2.9199916499747767,0.008937025158167607
2025-08-15,-0.034260741373977145,-0.01814540086837955,0.045361964264946084,12,647710700.0,2.819950571240818,0.006588626844356858
2025-08-18,0.002729323642716308,0.007240666098295051,0.014907599121429143,12,456466600.0,2.8276471290061975,-0.034260741373977145
2025-08-19,-0.01565293161459649,-0.01440895625196235,0.03461163656901773,12,639591200.0,2.7833861618656535,0.002729323642716308
2025-08-20,-0.014605606261750509,-0.0099334862535333,0.02105521839262222,12,556090800.0,2.7427331195110387,-0.01565293161459649
2025-08-21,-0.0068338348225029,-0.0062213868390936,0.005052206506933272,12,346746000.0,2.7239897344100923,-0.014605606261750509
2025-08-22,0.021801417125497727,0.02097044137198375,0.013205772006319495,12,502381400.0,2.7833765708555402,-0.0068338348225029
2025-08-25,-0.0013834276431963163,-0.00062732392108825,0.01159794624740665,12,412964000.0,2.779525970765994,0.021801417125497727
2025-08-26,0.012094412803862574,0.0130664388065923,0.008585384588499553,12,389150500.0,2.8131427052554945,-0.0013834276431963163
2025-08-27,0.005304677911012141,0.0034153250305214,0.006161006448927575,12,431621100.0,2.8280655212245884,0.012094412803862574
2025-08-28,0.009129945266214601,0.0055509883277302,0.015097122347087951,12,485052800.0,2.8538856046426377,0.005304677911012141
2025-08-29,-0.04060602429938498,-0.0291770000690492,0.04681057461117951,12,526852700.0,2.738000656432854,0.009129945266214601
2025-09-02,-0.010593486103170935,-0.0114370057617623,0.016119772094773437,12,444206100.0,2.7089956845284595,-0.04060602429938498
2025-09-03,-0.0012868905715417835,-0.0010536646422345001,0.013929241204728228,12,344085700.0,2.7055095035236927,-0.010593486103170935
2025-09-04,0.020993089173116434,0.0218859097935537,0.013043878166324765,12,341803100.0,2.7623065057898795,-0.0012868905715417835
2025-09-05,0.01710509828175591,0.0268475646005986,0.04187296431526817,12,531525900.0,2.809556030055749,0.020993089173116434
2025-09-08,0.011775946497855619,0.00601072565538955,0.014346725514499493,12,382318600.0,2.842641211548413,0.01710509828175591
2025-09-09,0.008105362405410117,0.01038915021501955,0.015323555936570386,12,341551400.0,2.865681848756567,0.011775946497855619
2025-09-10,0.022519815980558692,0.01659563049683305,0.0288669200292349,12,488943500.0,2.930216476649392,0.008105362405410117
2025-09-11,0.014990660530573375,0.0065240623680006,0.03474227047188902,12,401284700.0,2.974142357131936,0.022519815980558692
2025-09-12,0.006318515272279058,0.0043049850442878,0.016355337478719697,12,330685200.0,2.9929345210374065,0.014990660530573375
2025-09-15,0.01620311229359178,0.0140299827562964,0.01873112790537659,12,359740000.0,3.041429375169143,0.006318515272279058
2025-09-16,0.0067116875653508755,0.00861245084307665,0.012210419329802302,12,320502600.0,3.061842498887358,0.01620311229359178
2025-09-17,-0.0007526512795073915,0.0010395481404017499,0.01996447520084546,12,449736500.0,3.05953799921292,0.0067116875653508755
2025-09-18,0.05134556535075743,0.04102334695260195,0.06061523133989069,12,943569200.0,3.216631707494633,-0.0007526512795073915
2025-09-19,-0.006897541751694442,-0.0014916901731376001,0.013924616579771718,12,712928300.0,3.194444855992365,0.05134556535075743
2025-09-22,0.019592963537150867,0.0212535503865227,0.02318406572820191,12,574617700.0,3.2570334975772623,-0.006897541751694442
2025-09-23,0.0033034118819862592,0.0010940361507445,0.015938939186265995,12,495252100.0,3.2677928207331868,0.019592963537150867
2025-09-24,0.006366402847906533,-0.0012429668168104,0.03223189506337609,12,514199700.0,3.288596906253471,0.0033034118819862592
2025-09-25,0.0040406211786308665,-0.0052178902066172,0.03266230749049837,12,658868800.0,3.3018848805608587,0.006366402847906533
2025-09-26,0.0034946372640251334,0.0018177973320705,0.01566225041179512,12,546609500.0,3.313423770505988,0.0040406211786308665
2025-09-29,0.0026016449208050994,0.0024502613252078,0.02071791328773162,12,491672700.0,3.322044122629,0.0034946372640251334
2025-09-30,0.009781982657591492,0.01000531999670335,0.014655268414023068,12,489137000.0,3.354540300624311,0.0026016449208050994
2025-10-01,0.03600169679656792,0.034604325230320795,0.031198707669700045,12,511399000.0,3.4753094434192553,0.009781982657591492
2025-10-02,0.019786707764483432,0.02058987606643655,0.012294396556218334,12,454275800.0,3.5440743757673414,0.03600169679656792
2025-10-03,-0.0063019835975687164,-0.00324574461825535,0.017165947564994528,12,401739300.0,3.521739677182692,0.019786707764483432
2025-10-06,0.03234920528256215,0.019785223240783897,0.06679529616584055,12,639553500.0,3.635665156951619,-0.0063019835975687164
2025-10-07,-0.020287040679879034,-0.024763575022503752,0.029460524754519917,12,480368500.0,3.561908270014123,0.03234920528256215
2025-10-08,0.02918517209571574,0.0245079147996076,0.036376833726723394,12,507235300.0,3.665863175863638,-0.020287040679879034
2025-10-09,-0.005614354708699475,-0.00969338881967205,0.012898290351739877,12,454142100.0,3.6452817196807805,0.02918517209571574
2025-10-10,-0.05822569782256048,-0.0574437456585558,0.012080641158355098,12,732276500.0,3.433032647792544,-0.005614354708699475
2025-10-13,0.04873142460960861,0.0472067788194623,0.024298364103622287,12,460065000.0,3.6003292194507717,-0.05822569782256048
2025-10-14,-0.01713326461710195,-0.014411580295208448,0.01966433777283297,12,495694600.0,3.5386438262252375,0.04873142460960861
2025-10-15,0.03562284847974088,0.03030089171937365,0.024856949216110594,12,529180400.0,3.66470039907063,-0.01713326461710195
2025-10-16,0.003069838752033175,0.0037131091104135997,0.019814759792789557,12,462545700.0,3.6759504383702883,0.03562284847974088
2025-10-17,-0.0027133828718380083,-0.00350662288121835,0.008618360464618531,12,442470900.0,3.6659761774130892,0.003069838752033175
2025-10-20,0.014404792924211476,0.01595278761026505,0.017692781472912818,12,358912800.0,3.718783805113817,-0.0027133828718380083
2025-10-21,-0.008387166830999758,-0.009926983301482749,0.01023495418490763,12,320146100.0,3.6875937449319074,0.014404792924211476
2025-10-22,-0.020138569239521658,-0.021593685476082702,0.012490961952766812,12,422064300.0,3.6133308829723694,-0.008387166830999758
2025-10-23,0.02459112932458915,0.0228886228239212,0.0143340884172536,12,354484800.0,3.7021867700080744,-0.020138569239521658
2025-10-24,0.021775005079791566,0.0184916138243087,0.024782785047488327,12,535699000.0,3.7828019057313376,0.02459112932458915
2025-10-27,0.03254395784122118,0.027002194330428102,0.027841933229716908,12,557979700.0,3.9059092514731493,0.021775005079791566
2025-10-28,0.005518476140314733,-0.0046054813972013,0.026075327795506732,12,623441900.0,3.927463918483638,0.03254395784122118
2025-10-29,0.019617889054232642,0.0227572774729767,0.015137392587475906,12,578073700.0,4.004512469900952,0.005518476140314733
2025-10-30,-0.014690394854991165,-0.0152343616662785,0.011894332618701698,12,403325700.0,3.9456846005163713,0.019617889054232642
2025-10-31,0.0008207988020398916,-0.0031022472909068496,0.021372902666447542,12,402332000.0,3.9489232137097026,-0.014690394854991165
2025-11-03,0.007521042971455391,0.0111932626042591,0.022335620129661244,12,366831400.0,3.978623234890991,0.0008207988020398916
2025-11-04,-0.039177416847619606,-0.0349207002430728,0.01415636847688483,12,458627000.0,3.822751053938042,0.007521042971455391
2025-11-05,0.033313222517061584,0.032309089282415895,0.02900623892483201,12,426027500.0,3.9500992104252117,-0.039177416847619606
2025-11-06,-0.02251512402519674,-0.01709857927153005,0.020871159402203597,12,495517500.0,3.8611622367906566,0.033313222517061584
2025-11-07,-0.009660466910312483,-0.0126148974614961,0.01271854671955229,12,533858500.0,3.8238616067667923,-0.02251512402519674
2025-11-10,0.030766939659335076,0.025524452605951348,0.018587276521941688,12,419573100.0,3.9415101260878345,-0.009660466910312483
2025-11-11,-0.023923499668806334,-0.02434348047544685,0.016676446888498217,12,379575200.0,3.8472154098917755,0.030766939659335076
2025-11-12,0.014711884757188725,0.009135530846176649,0.024535492091984464,12,394247200.0,3.903815199638184,-0.023923499668806334
2025-11-13,-0.03314686501841951,-0.03248386516719675,0.012539742016687918,12,491485800.0,3.7744159641589228,0.014711884757188725
2025-11-14,-0.0009566477770942008,-0.0038089485980396503,0.020087725453323622,12,425569300.0,3.770805177516981,-0.03314686501841951
2025-11-17,-0.012649286785487998,-0.014319277635003149,0.017482118085987108,12,388461400.0,3.7231071814143655,-0.0009566477770942008
2025-11-18,-0.024546739476644014,-0.01566211174384155,0.018078346870587774,12,450084800.0,3.631717039388565,-0.012649286785487998
2025-11-19,0.02211447953153185,0.0310026264120523,0.022991856612130976,12,477844300.0,3.7120305715204385,-0.024546739476644014
2025-11-20,-0.052603648757771904,-0.055884629500630445,0.02516114328027241,12,659849600.0,3.516764219158066,0.02211447953153185
2025-11-21,0.005022000940855109,0.00260351755106335,0.018046413474503923,12,662019400.0,3.5344254123754433,-0.052603648757771904
2025-11-24,0.04788408176376404,0.0367474714697356,0.029790084140737826,12,572183100.0,3.7036681278095545,0.005022000940855109
2025-11-25,0.002022421299138725,0.0018985251152796,0.022862113711302524,12,556838100.0,3.7111585051161775,0.04788408176376404
2025-11-26,0.02674785104586275,0.0264356711576089,0.012358309431700805,12,383290600.0,3.8104240200186115,0.002022421299138725
2025-11-28,0.0190976974806225,0.01475295545317775,0.028349991644884966,12,293054800.0,3.8831943452258244,0.02674785104586275
2025-12-01,0.0005590415211749244,0.004806689833106549,0.0196039494113751,12,384570800.0,3.885365212099597,0.0190976974806225
2025-12-02,0.018367365432195474,0.01746917817656375,0.02750349043103425,12,512638300.0,3.95672913478777,0.0005590415211749244
2025-12-03,0.01414193352660114,0.01151373857689635,0.024898822831102535,12,417056000.0,4.012684935194705,0.018367365432195474
2025-12-04,-0.013588231336957135,-0.00798720162188885,0.024063332495763232,12,394431400.0,3.9581596440129565,0.01414193352660114
2025-12-05,0.009492510826310792,0.006721767928702899,0.015511032979755401,12,382085500.0,3.995732517286016,-0.013588231336957135
2025-12-08,0.006964877814495782,0.01580981280557265,0.029573157950200716,12,461692400.0,4.023562306048321,0.009492510826310792
2025-12-09,0.0019353862759318,0.0031212302930113,0.014335528598024531,12,329358700.0,4.031349453315803,0.006964877814495782
2025-12-10,0.018422554871425807,0.01560870520320495,0.016301540359713804,12,378944000.0,4.1056172098254065,0.0019353862759318
2025-12-11,-0.011796907059142431,-0.014955523416664899,0.013121735715871571,12,393804800.0,4.057183625180681,0.018422554871425807
2025-12-12,-0.04897344683267221,-0.04252380548488775,0.023941993732008334,12,521327900.0,3.8584893586225064,-0.011796907059142431
2025-12-15,-0.0028402777095194163,0.0017135729601007,0.02172997511069873,12,396471800.0,3.847530177304793,-0.04897344683267221
2025-12-16,-0.004737651468306683,-0.0041776936882417,0.00910011230489259,12,346852700.0,3.8293019203109306,-0.0028402777095194163
2025-12-17,-0.03947427137711872,-0.0394929470976193,0.01055427398945667,12,489596400.0,3.6781430171236553,-0.004737651468306683
2025-12-18,0.031148895426819298,0.020814257076809548,0.027348370529582333,12,453201900.0,3.792713109328926,-0.03947427137711872
2025-12-19,0.02745753561316829,0.019031980600663398,0.022666192875675034,12,896376300.0,3.8968516645988553,0.031148895426819298
2025-12-22,0.009755783892344267,0.009291727847280901,0.013175628766701048,12,304712500.0,3.9348685072992042,0.02745753561316829
2025-12-23,0.009321434772385008,0.0038200651713039,0.012657059212655017,12,315349700.0,3.971547127427906,0.009755783892344267
2025-12-24,0.0041454089841819084,0.0023449570398195,0.012406755277786998,12,154999100.0,3.9880108145710476,0.009321434772385008
2025-12-26,0.0032689101162488997,0.0031084867725894,0.0054090124420455585,12,237564700.0,4.001047263466509,0.0041454089841819084
2025-12-29,-0.0016604693040622417,-0.0065287171429326,0.013826718038552432,12,257177000.0,3.99440364730142,0.0032689101162488997
2025-12-30,-0.0012662447201208166,-0.0024325344755947,0.00935687533646393,12,243972600.0,3.9893457547729936,-0.0016604693040622417
2025-12-31,-0.01081385072558015,-0.0110933298005909,0.010599065043121523,12,251359400.0,3.9462055652881514,-0.0012662447201208166
2026-01-02,0.0509752805182831,0.05030323577993685,0.031279594675325,12,411173200.0,4.147364500961524,-0.01081385072558015
2026-01-05,0.018837840659951675,0.00882860157967175,0.02939976283025834,12,456905100.0,4.225491892589377,0.0509752805182831
2026-01-06,0.02153976967618958,0.01654626663987005,0.036193952595568575,12,439177700.0,4.316508014724359,0.018837840659951675
2026-01-07,-0.00878220252615414,-0.01262907279673345,0.026453615788124607,12,464671200.0,4.278599567133282,0.02153976967618958
2026-01-08,-0.021550877978201172,-0.0256167688756494,0.014590011219077754,12,398447200.0,4.186391989944409,-0.00878220252615414
2026-01-09,0.03876024023516682,0.046411379427641994,0.0415239315360319,12,463262900.0,4.3486575491932316,-0.021550877978201172
2026-01-12,0.0034907934493155998,0.0075560138473356,0.022832420141188987,12,367572200.0,4.363837814479272,0.03876024023516682
2026-01-13,0.005750814938461466,0.00012117624671469996,0.03186078313404947,12,480724200.0,4.388933438171803,0.0034907934493155998
2026-01-14,-0.009412007511734892,-0.01107669198560595,0.018126031544028906,12,460282100.0,4.347624763683225,0.005750814938461466
2026-01-15,0.024649487460473008,0.020335029438194048,0.03017556441145544,12,540428900.0,4.454791485778476,-0.009412007511734892
2026-01-16,0.013642774433520766,0.01597582511406655,0.026239577690475628,12,512061500.0,4.515567201167321,0.024649487460473008
2026-01-20,-0.020755897819201282,-0.025385818479094997,0.027114740193212774,12,579027900.0,4.421842549744155,0.013642774433520766
2026-01-21,0.035159946541798374,0.0262710206487536,0.03568378352329833,12,639413200.0,4.577314297409409,-0.020755897819201282
2026-01-22,0.0013052644713227003,0.0052477633073081,0.017514421299053052,12,485644800.0,4.583288903135895,0.035159946541798374
2026-01-23,-0.013683674539893442,0.0004670771892293503,0.052302183249866185,12,603473100.0,4.520572669463079,0.0013052644713227003
2026-01-26,-0.004319474381123242,-0.0064221952841203005,0.0249279764295267,12,406859400.0,4.501046171629327,-0.013683674539893442
2026-01-27,0.02801571535982528,0.02681046332114585,0.022787604924542456,12,408632700.0,4.627146199995126,-0.004319474381123242
2026-01-28,0.017593179280140394,0.0075226875232957,0.0348543142143223,12,504555400.0,4.708552412647061,0.02801571535982528
2026-01-29,0.005264554167057724,-0.00052204157712445,0.018622780135508603,12,456239400.0,4.733340841871871,0.017593179280140394
2026-01-30,-0.04246445492574479,-0.03737888783772835,0.04093932535871304,12,481281800.0,4.532342103044016,0.005264554167057724
2026-02-02,0.015788327832981102,0.01511415096789645,0.025497971800265768,12,418716700.0,4.603900206018098,-0.04246445492574479
2026-02-03,-0.02781652286888465,-0.03136579765630505,0.014082074728984779,12,534528600.0,4.4758357106513325,0.015788327832981102
2026-02-04,-0.05226054706860462,-0.0369908674242592,0.048445110544175975,12,637617000.0,4.241926087823497,-0.02781652286888465
2026-02-05,-0.003323142797587433,0.0081112389324674,0.0305900655171517,12,551271100.0,4.227829561696849,-0.05226054706860462
2026-02-06,0.060998045741810725,0.0665473662372498,0.024346318962993104,12,552029700.0,4.485718902689813,-0.003323142797587433
2026-02-09,0.01187258643659875,0.0152338272823546,0.019465144490910944,12,450733100.0,4.538975988092282,0.060998045741810725
2026-02-10,-0.010657652333858016,-0.00884528638633585,0.0195192801245183,12,368586400.0,4.490601160059465,0.01187258643659875
2026-02-11,0.02425847076366779,0.02009136574889555,0.028063103827764075,12,409354400.0,4.59953627701206,-0.010657652333858016
2026-02-12,-0.023045522775340402,-0.019698868600661952,0.01360324994979697,12,443972900.0,4.493537558984174,0.02425847076366779
2026-02-13,0.007656100506933317,0.00576350056812575,0.026077566701488433,12,369047600.0,4.5279405341674375,-0.023045522775340402
2026-02-17,0.0009960440291921582,0.00526607195706795,0.015285181540440397,12,362993500.0,4.532450562301031,0.007656100506933317
2026-02-18,0.010895759951090834,0.0055767717443421,0.020360350412089234,12,358119500.0,4.58183505561805,0.0009960440291921582
2026-02-19,-0.003697437783753617,-0.00591382576385705,0.009548904995877404,12,297817200.0,4.56489400556448,0.010895759951090834
2026-02-20,0.009548844274145108,0.0108074452170433,0.01539067140889522,12,399673100.0,4.608483467551594,-0.003697437783753617
2026-02-23,-0.007772877649028058,-0.00888200108024855,0.010318954671434094,12,345935000.0,4.572662289410747,0.009548844274145108
2026-02-24,0.020978039506768367,0.0099490256229356,0.02897928362328664,12,462122600.0,4.668587779569116,-0.007772877649028058
2026-02-25,0.018384569651496274,0.020060605625241902,0.01482355389440385,12,468944000.0,4.754417756776729,0.020978039506768367
2026-02-26,-0.031500339467445876,-0.03162835897700145,0.014639870862005798,12,593028300.0,4.60465198346821,0.018384569651496274
2026-02-27,-0.008936275354374884,-0.0083606655577877,0.01721108459316929,12,545310000.0,4.563503545432869,-0.031500339467445876
2026-03-02,-0.003387135923819525,-0.00517674203522515,0.012714826403427987,12,409648600.0,4.548046338635656,-0.008936275354374884
2026-03-03,-0.04383070352000876,-0.0436340851450847,0.01993648836628001,12,428175900.0,4.348702267971655,-0.003387135923819525
2026-03-04,0.027288977520616185,0.021154217572875653,0.019159387837545335,12,435810700.0,4.467373906406186,-0.04383070352000876
2026-03-05,-0.011617990982237451,-0.0123262226508005,0.023463607532896072,12,486920400.0,4.415471996647276,0.027288977520616185
2026-03-06,-0.02599040929874355,-0.048682358610134396,0.06932136273797966,12,509587100.0,4.300712072207273,-0.011617990982237451
2026-03-09,0.043733922338903296,0.0479761357086855,0.013786603616208247,12,471396800.0,4.48879907997517,-0.02599040929874355
2026-03-10,0.010320641609562559,0.01414440164011575,0.01608899311511087,12,426063400.0,4.535126366536927,0.043733922338903296
2026-03-11,0.008464048924718458,0.008086667928553351,0.017741593557148654,12,341751700.0,4.573511897983076,0.010320641609562559
2026-03-12,-0.033644496504712074,-0.03323768250470565,0.012772633092514177,12,385980900.0,4.4196383929171255,0.008464048924718458
2026-03-13,0.0006911858975797089,0.0034595328685556497,0.02275227643242742,12,386806700.0,4.422693184646712,-0.033644496504712074
2026-03-16,0.017196268637987,0.015146576855941101,0.014386897255937321,12,489580800.0,4.498747004753291,0.0006911858975797089
2026-03-17,0.008892801518454499,0.013444850165024651,0.02286479064480554,12,425851700.0,4.538753468948303,0.017196268637987
2026-03-18,-0.00741670994273539,-0.0084465131115345,0.015952960835476912,12,406290000.0,4.505090850967529,0.008892801518454499
2026-03-19,0.0113446334773242,0.01602377452602685,0.02091964378632852,12,433209500.0,4.556199455453802,-0.00741670994273539
2026-03-20,-0.02542055767153926,-0.02612474216071245,0.015180978687660348,12,719114000.0,4.440378324433403,0.0113446334773242
2026-03-23,0.012392657329355116,0.0151354296042892,0.02329875642711092,12,438212200.0,4.495406411420802,-0.02542055767153926
2026-03-24,0.011124494689310949,0.013727215381725999,0.018174438936507102,12,353267100.0,4.545415536170948,0.012392657329355116
2026-03-25,0.014145848208779331,0.00734520705028645,0.03693039160468128,12,440977700.0,4.609714294391449,0.011124494689310949
2026-03-26,-0.05272325074471953,-0.06113400079857165,0.029143953433814342,12,471151700.0,4.366675171786731,0.014145848208779331
2026-03-27,-0.013301298406053841,-0.01453315310511295,0.012460364801712243,12,421837900.0,4.308592722284489,-0.05272325074471953
2026-03-30,-0.041068138323258965,-0.03945752740779525,0.02621928178178868,12,483557900.0,4.1316468403871225,-0.013301298406053841
2026-03-31,0.06030493855753333,0.056831113550119744,0.02658216618159576,12,571530300.0,4.380805549238095,-0.041068138323258965
2026-04-01,0.03693332492645291,0.03277046791539755,0.032421099909590495,12,520759200.0,4.542603264027713,0.06030493855753333
2026-04-02,0.001695783479875617,-0.0028725357876552,0.021799122548783988,12,419117400.0,4.55030653559848,0.03693332492645291
2026-04-06,0.008502792442035308,0.0090699055073434,0.011892413032274127,12,316727300.0,4.5889968476183105,0.001695783479875617
2026-04-07,0.011458405292627892,0.00525010869709745,0.02070309422641377,12,385343963.0,4.641579433384913,0.008502792442035308
